promo_scope,representative_segment_id,feature_name,feature_family,mean,median,q25,q75,zero_or_false_rate,segment_value,scope_overall_value,difference_vs_scope_overall,interpretation,caveat
promo0,promo0_s01,action_adventure_ratio,genre_preference,0.15639553167142708,0.0,0.0,0.07649677908298592,0.6970046082949308,0.15639553167142708,0.10401231081034347,0.052383220861083615,action_adventure_ratio segment mean compared with scope overall,"Feature family uses 16b hotfix mapping. Descriptive profile, not causal effect."
promo0,promo0_s01,active_ratio,usage_concentration,0.09142527978933507,0.0952380952380952,0.0476190476190476,0.0952380952380952,0.0,0.09142527978933507,0.16756646373371106,-0.076141183944376,active_ratio segment mean compared with scope overall,"Feature family uses 16b hotfix mapping. Descriptive profile, not causal effect."
promo0,promo0_s01,age_group,demographic_context,33.81912442396313,40.0,30.0,40.0,0.0,33.81912442396313,34.112391673367284,-0.2932672494041526,age_group segment mean compared with scope overall,"Feature family uses 16b hotfix mapping. Descriptive profile, not causal effect."
promo0,promo0_s01,avg_daily_watch_time_min,weekly_usage,54.910808920342326,42.41666666666667,6.0,86.625,0.0,54.910808920342326,74.28221302299545,-19.371404102653123,avg_daily_watch_time_min segment mean compared with scope overall,"Feature family uses 16b hotfix mapping. Descriptive profile, not causal effect."
promo0,promo0_s01,avg_gap_between_watch_days,weekly_usage,1.8205183417453004,1.0,0.0,3.0,0.49481566820276496,1.8205183417453004,3.316455514644232,-1.4959371728989317,avg_gap_between_watch_days segment mean compared with scope overall,"Feature family uses 16b hotfix mapping. Descriptive profile, not causal effect."
promo0,promo0_s01,avg_gap_w1_watch_days,weekly_usage,0.6980030721966206,0.0,0.0,1.0,0.6641705069124424,0.6980030721966206,0.6656035021888681,0.03239957000775251,avg_gap_w1_watch_days segment mean compared with scope overall,"Feature family uses 16b hotfix mapping. Descriptive profile, not causal effect."
promo0,promo0_s01,avg_gap_w2_watch_days,weekly_usage,0.22043010752688172,0.0,0.0,0.0,0.9003456221198156,0.22043010752688172,0.6370782334196968,-0.4166481258928151,avg_gap_w2_watch_days segment mean compared with scope overall,"Feature family uses 16b hotfix mapping. Descriptive profile, not causal effect."
promo0,promo0_s01,avg_gap_w3_watch_days,weekly_usage,0.0,0.0,0.0,0.0,1.0,0.0,0.6586586854879538,-0.6586586854879538,avg_gap_w3_watch_days segment mean compared with scope overall,"Feature family uses 16b hotfix mapping. Descriptive profile, not causal effect."
promo0,promo0_s01,avg_ott_release_year,content_preference,2018.1465522077037,2018.3335160554286,2017.0,2020.0,0.0,2018.1465522077037,1895.063892870746,123.0826593369577,avg_ott_release_year segment mean compared with scope overall,"Feature family uses 16b hotfix mapping. Descriptive profile, not causal effect."
promo0,promo0_s01,avg_rewatch_ratio,weekly_usage,0.12428365530974997,0.0,0.0,0.25,0.5835253456221198,0.12428365530974997,0.1493202859853718,-0.02503663067562184,avg_rewatch_ratio segment mean compared with scope overall,"Feature family uses 16b hotfix mapping. Descriptive profile, not causal effect."
promo0,promo0_s01,avg_watch_time_min,weekly_usage,32.6815502971578,26.666666666666668,4.0,50.0,0.0,32.6815502971578,42.372433867543016,-9.690883570385218,avg_watch_time_min segment mean compared with scope overall,"Feature family uses 16b hotfix mapping. Descriptive profile, not causal effect."
promo0,promo0_s01,comedy_ratio,genre_preference,0.09147296516503703,0.0,0.0,0.0,0.8150921658986175,0.09147296516503703,0.08955218491738821,0.001920780247648815,comedy_ratio segment mean compared with scope overall,"Feature family uses 16b hotfix mapping. Descriptive profile, not causal effect."
promo0,promo0_s01,day_count_over_3times,usage_concentration,0.33352534562211983,0.0,0.0,1.0,0.7304147465437788,0.33352534562211983,0.7109800768337353,-0.3774547312116155,day_count_over_3times segment mean compared with scope overall,"Feature family uses 16b hotfix mapping. Descriptive profile, not causal effect."
promo0,promo0_s01,diff_between_w2_w1,weekly_usage,-75.33986175115207,-39.0,-114.0,-1.0,0.009792626728110598,-75.33986175115207,-2.1775216653265432,-73.16234008582553,diff_between_w2_w1 segment mean compared with scope overall,"Feature family uses 16b hotfix mapping. Descriptive profile, not causal effect."
promo0,promo0_s01,diff_between_w3_w1,weekly_usage,-94.74193548387096,-66.0,-133.0,-4.0,0.13018433179723501,-94.74193548387096,-1.2539980344858395,-93.48793744938511,diff_between_w3_w1 segment mean compared with scope overall,"Feature family uses 16b hotfix mapping. Descriptive profile, not causal effect."
promo0,promo0_s01,diff_between_w3_w2,weekly_usage,-19.402073732718893,0.0,-7.0,0.0,0.5668202764976958,-19.402073732718893,0.923523630840704,-20.3255973635596,diff_between_w3_w2 segment mean compared with scope overall,"Feature family uses 16b hotfix mapping. Descriptive profile, not causal effect."
promo0,promo0_s01,documentary_ratio,genre_preference,0.016215663577150527,0.0,0.0,0.0,0.9544930875576036,0.016215663577150527,0.01873773037954234,-0.0025220668023918126,documentary_ratio segment mean compared with scope overall,"Feature family uses 16b hotfix mapping. Descriptive profile, not causal effect."
promo0,promo0_s01,drama_ratio,genre_preference,0.1327622828906967,0.0,0.0,0.0078800691908514,0.738479262672811,0.1327622828906967,0.17102508768994096,-0.038262804799244265,drama_ratio segment mean compared with scope overall,"Feature family uses 16b hotfix mapping. Descriptive profile, not causal effect."
promo0,promo0_s01,family_animation_ratio,genre_preference,0.08746136046366916,0.0,0.0,0.0,0.8594470046082949,0.08746136046366916,0.10718961867445652,-0.01972825821078736,family_animation_ratio segment mean compared with scope overall,"Feature family uses 16b hotfix mapping. Descriptive profile, not causal effect."
promo0,promo0_s01,genre_diversity_count,genre_preference,1.919930875576037,1.0,1.0,3.0,0.0,1.919930875576037,2.8954703832752613,-0.9755395076992244,genre_diversity_count segment mean compared with scope overall,"Feature family uses 16b hotfix mapping. Descriptive profile, not causal effect."
promo0,promo0_s01,historical_war_ratio,genre_preference,0.06358990450534635,0.0,0.0,0.0,0.8640552995391705,0.06358990450534635,0.06709609308945219,-0.0035061885841058404,historical_war_ratio segment mean compared with scope overall,"Feature family uses 16b hotfix mapping. Descriptive profile, not causal effect."
promo0,promo0_s01,horror_ratio,genre_preference,0.03948436248076881,0.0,0.0,0.0,0.9089861751152074,0.03948436248076881,0.025557416158567516,0.013926946322201292,horror_ratio segment mean compared with scope overall,"Feature family uses 16b hotfix mapping. Descriptive profile, not causal effect."
promo0,promo0_s01,is_basic,membership_context,0.6526497695852534,1.0,0.0,1.0,0.34735023041474655,0.6526497695852534,0.6567497543107299,-0.004099984725476458,is_basic segment mean compared with scope overall,"Feature family uses 16b hotfix mapping. Descriptive profile, not causal effect."
promo0,promo0_s01,is_churn_prevented,historical_churn_prevention_context,0.21140552995391704,0.0,0.0,0.0,0.788594470046083,0.21140552995391704,0.20477083891718037,0.006634691036736667,is_churn_prevented segment mean compared with scope overall,"Feature family uses 16b hotfix mapping. Descriptive profile, not causal effect."
promo0,promo0_s01,is_cold_start_3d_fixed,onboarding_activation,0.5103686635944701,1.0,0.0,1.0,0.48963133640552997,0.5103686635944701,0.3894398284642187,0.12092883513025138,is_cold_start_3d_fixed segment mean compared with scope overall,"Feature family uses 16b hotfix mapping. Descriptive profile, not causal effect."
promo0,promo0_s01,is_cold_start_7d_fixed,onboarding_activation,0.869815668202765,1.0,1.0,1.0,0.13018433179723501,0.869815668202765,0.6414723487894219,0.22834331941334307,is_cold_start_7d_fixed segment mean compared with scope overall,"Feature family uses 16b hotfix mapping. Descriptive profile, not causal effect."
promo0,promo0_s01,is_female,demographic_context,0.4308755760368664,0.0,0.0,1.0,0.5691244239631337,0.4308755760368664,0.4459036898061288,-0.015028113769262441,is_female segment mean compared with scope overall,"Feature family uses 16b hotfix mapping. Descriptive profile, not causal effect."
promo0,promo0_s01,is_male,demographic_context,0.2638248847926267,0.0,0.0,1.0,0.7361751152073732,0.2638248847926267,0.241400875547217,0.022424009245409715,is_male segment mean compared with scope overall,"Feature family uses 16b hotfix mapping. Descriptive profile, not causal effect."
promo0,promo0_s01,is_only_w1,week_specific_usage_pattern,0.5668202764976958,1.0,0.0,1.0,0.43317972350230416,0.5668202764976958,0.10184937014205307,0.46497090635564275,is_only_w1 segment mean compared with scope overall,"Feature family uses 16b hotfix mapping. Descriptive profile, not causal effect."
promo0,promo0_s01,is_only_w2,week_specific_usage_pattern,0.13018433179723501,0.0,0.0,0.0,0.869815668202765,0.13018433179723501,0.08317698561601,0.04700734618122501,is_only_w2 segment mean compared with scope overall,"Feature family uses 16b hotfix mapping. Descriptive profile, not causal effect."
promo0,promo0_s01,is_only_w3,week_specific_usage_pattern,0.0,0.0,0.0,0.0,1.0,0.0,0.0975609756097561,-0.0975609756097561,is_only_w3 segment mean compared with scope overall,"Feature family uses 16b hotfix mapping. Descriptive profile, not causal effect."
promo0,promo0_s01,is_premium,membership_context,0.10426267281105991,0.0,0.0,0.0,0.8957373271889401,0.10426267281105991,0.09800768337353703,0.0062549894375228815,is_premium segment mean compared with scope overall,"Feature family uses 16b hotfix mapping. Descriptive profile, not causal effect."
promo0,promo0_s01,is_standard,membership_context,0.24308755760368664,0.0,0.0,0.0,0.7569124423963134,0.24308755760368664,0.24524256231573305,-0.00215500471204641,is_standard segment mean compared with scope overall,"Feature family uses 16b hotfix mapping. Descriptive profile, not causal effect."
promo0,promo0_s01,is_user_verified,membership_context,0.5529953917050692,1.0,0.0,1.0,0.4470046082949309,0.5529953917050692,0.533458411507192,0.019536980197877196,is_user_verified segment mean compared with scope overall,"Feature family uses 16b hotfix mapping. Descriptive profile, not causal effect."
promo0,promo0_s01,is_w1_over_50pct,weekly_usage,0.809331797235023,1.0,1.0,1.0,0.19066820276497695,0.809331797235023,0.2926829268292683,0.5166488704057548,is_w1_over_50pct segment mean compared with scope overall,"Feature family uses 16b hotfix mapping. Descriptive profile, not causal effect."
promo0,promo0_s01,is_w2_over_50pct,weekly_usage,0.20046082949308755,0.0,0.0,0.0,0.7995391705069125,0.20046082949308755,0.26507638702760655,-0.064615557534519,is_w2_over_50pct segment mean compared with scope overall,"Feature family uses 16b hotfix mapping. Descriptive profile, not causal effect."
promo0,promo0_s01,is_w3_over_50pct,weekly_usage,0.0,0.0,0.0,0.0,1.0,0.0,0.28348074689538105,-0.28348074689538105,is_w3_over_50pct segment mean compared with scope overall,"Feature family uses 16b hotfix mapping. Descriptive profile, not causal effect."
promo0,promo0_s01,log_retention_w2_ratio,retention_decay,-2.212421094855835,-2.255658638590873,-4.510859506516858,-0.4865560339816792,0.009792626728110598,-2.212421094855835,-0.05274997820320715,-2.159671116652628,log_retention_w2_ratio segment mean compared with scope overall,"Feature family uses 16b hotfix mapping. Descriptive profile, not causal effect."
promo0,promo0_s01,log_retention_w3_ratio,retention_decay,-1.167569975438083,0.0,-2.079441541679836,0.0,0.5668202764976958,-1.167569975438083,0.006105672690947767,-1.173675648129031,log_retention_w3_ratio segment mean compared with scope overall,"Feature family uses 16b hotfix mapping. Descriptive profile, not causal effect."
promo0,promo0_s01,max_daily_sessions,weekly_usage,2.1192396313364057,2.0,1.0,3.0,0.0,2.1192396313364057,2.700616456714018,-0.5813768253776121,max_daily_sessions segment mean compared with scope overall,"Feature family uses 16b hotfix mapping. Descriptive profile, not causal effect."
promo0,promo0_s01,max_daily_watch_time_min,weekly_usage,76.7528801843318,64.0,7.0,114.0,0.0,76.7528801843318,129.54373269007417,-52.790852505742365,max_daily_watch_time_min segment mean compared with scope overall,"Feature family uses 16b hotfix mapping. Descriptive profile, not causal effect."
promo0,promo0_s01,max_day_share,usage_concentration,0.8285240652853286,0.9923370522607164,0.6293550490622283,1.0,0.0,0.8285240652853286,0.5793775294534448,0.24914653583188384,max_day_share segment mean compared with scope overall,"Feature family uses 16b hotfix mapping. Descriptive profile, not causal effect."
promo0,promo0_s01,max_inactive_gap_days,inactivity_recency,2.237327188940092,1.0,0.0,4.0,0.49481566820276496,2.237327188940092,5.140355579379969,-2.9030283904398773,max_inactive_gap_days segment mean compared with scope overall,"Feature family uses 16b hotfix mapping. Descriptive profile, not causal effect."
promo0,promo0_s01,max_watch_time_min,weekly_usage,59.725806451612904,55.0,6.0,101.0,0.0,59.725806451612904,89.82372911641204,-30.097922664799135,max_watch_time_min segment mean compared with scope overall,"Feature family uses 16b hotfix mapping. Descriptive profile, not causal effect."
promo0,promo0_s01,median_watch_time_min,weekly_usage,28.621543778801843,14.0,1.5,47.0,0.0,28.621543778801843,36.73648709014563,-8.114943311343787,median_watch_time_min segment mean compared with scope overall,"Feature family uses 16b hotfix mapping. Descriptive profile, not causal effect."
promo0,promo0_s01,movie_per_active_day,content_preference,1.3654014428351984,1.0,1.0,1.5,0.0,1.3654014428351984,1.2866422039890422,0.07875923884615621,movie_per_active_day segment mean compared with scope overall,"Feature family uses 16b hotfix mapping. Descriptive profile, not causal effect."
promo0,promo0_s01,new_movie_in_180d_ratio,content_preference,0.26957638702274694,0.0,0.0,0.5,0.6105990783410138,0.26957638702274694,0.20504163802996464,0.0645347489927823,new_movie_in_180d_ratio segment mean compared with scope overall,"Feature family uses 16b hotfix mapping. Descriptive profile, not causal effect."
promo0,promo0_s01,new_movie_in_365d_ratio,content_preference,0.3297035914781061,0.0,0.0,0.75,0.5460829493087558,0.3297035914781061,0.2553328495553503,0.07437074192275578,new_movie_in_365d_ratio segment mean compared with scope overall,"Feature family uses 16b hotfix mapping. Descriptive profile, not causal effect."
promo0,promo0_s01,new_movie_in_90d_ratio,content_preference,0.21318016530106884,0.0,0.0,0.3333333333333333,0.6641705069124424,0.21318016530106884,0.16807895402479045,0.04510121127627839,new_movie_in_90d_ratio segment mean compared with scope overall,"Feature family uses 16b hotfix mapping. Descriptive profile, not causal effect."
promo0,promo0_s01,old_movie_ratio_5y,content_preference,0.15377547759460203,0.0,0.0,0.2,0.7148617511520737,0.15377547759460203,0.16343806507152991,-0.009662587476927886,old_movie_ratio_5y segment mean compared with scope overall,"Feature family uses 16b hotfix mapping. Descriptive profile, not causal effect."
promo0,promo0_s01,other_ratio,genre_preference,0.014725294247833717,0.0,0.0,0.0,0.9602534562211982,0.014725294247833717,0.025678038969001088,-0.010952744721167371,other_ratio segment mean compared with scope overall,"Feature family uses 16b hotfix mapping. Descriptive profile, not causal effect."
promo0,promo0_s01,recency,inactivity_recency,13.840437788018432,14.0,11.0,17.0,0.0,13.840437788018432,6.400428839453229,7.440008948565203,recency segment mean compared with scope overall,"Feature family uses 16b hotfix mapping. Descriptive profile, not causal effect."
promo0,promo0_s01,reg_hour_afternoon,registration_timing_context,0.21658986175115208,0.0,0.0,0.0,0.783410138248848,0.21658986175115208,0.2325560618243545,-0.01596620007320243,reg_hour_afternoon segment mean compared with scope overall,"Feature family uses 16b hotfix mapping. Descriptive profile, not causal effect."
promo0,promo0_s01,reg_hour_evening,registration_timing_context,0.34965437788018433,0.0,0.0,1.0,0.6503456221198156,0.34965437788018433,0.33914053426248547,0.01051384361769886,reg_hour_evening segment mean compared with scope overall,"Feature family uses 16b hotfix mapping. Descriptive profile, not causal effect."
promo0,promo0_s01,reg_hour_morning,registration_timing_context,0.23387096774193547,0.0,0.0,0.0,0.7661290322580645,0.23387096774193547,0.24104350933619226,-0.007172541594256787,reg_hour_morning segment mean compared with scope overall,"Feature family uses 16b hotfix mapping. Descriptive profile, not causal effect."
promo0,promo0_s01,reg_hour_night,registration_timing_context,0.19988479262672812,0.0,0.0,0.0,0.8001152073732719,0.19988479262672812,0.18725989457696776,0.012624898049760358,reg_hour_night segment mean compared with scope overall,"Feature family uses 16b hotfix mapping. Descriptive profile, not causal effect."
promo0,promo0_s01,reg_is_weekend,registration_timing_context,0.3162442396313364,0.0,0.0,1.0,0.6837557603686636,0.3162442396313364,0.3411953899758778,-0.024951150344541373,reg_is_weekend segment mean compared with scope overall,"Feature family uses 16b hotfix mapping. Descriptive profile, not causal effect."
promo0,promo0_s01,romance_ratio,genre_preference,0.0716500585934073,0.0,0.0,0.0,0.8554147465437788,0.0716500585934073,0.0919209309655346,-0.020270872372127297,romance_ratio segment mean compared with scope overall,"Feature family uses 16b hotfix mapping. Descriptive profile, not causal effect."
promo0,promo0_s01,sf_fantasy_ratio,genre_preference,0.1533549059563131,0.0,0.0,0.011525,0.7390552995391705,0.1533549059563131,0.11760554303984866,0.03574936291646444,sf_fantasy_ratio segment mean compared with scope overall,"Feature family uses 16b hotfix mapping. Descriptive profile, not causal effect."
promo0,promo0_s01,std_watch_time_min,weekly_usage,22.36235879983158,11.31370849898476,0.0,42.22866548479336,0.37960829493087556,22.36235879983158,32.39827007597686,-10.035911276145281,std_watch_time_min segment mean compared with scope overall,"Feature family uses 16b hotfix mapping. Descriptive profile, not causal effect."
promo0,promo0_s01,thriller_crime_ratio,genre_preference,0.17288767044835018,0.0,0.0,0.1633896484778388,0.6877880184331797,0.17288767044835018,0.12078344787896104,0.05210422256938914,thriller_crime_ratio segment mean compared with scope overall,"Feature family uses 16b hotfix mapping. Descriptive profile, not causal effect."
promo0,promo0_s01,total_watch_count,weekly_usage,3.359447004608295,2.0,1.0,4.0,0.0,3.359447004608295,6.615920664701153,-3.256473660092858,total_watch_count segment mean compared with scope overall,"Feature family uses 16b hotfix mapping. Descriptive profile, not causal effect."
promo0,promo0_s01,total_watch_time_min,weekly_usage,114.14400921658986,81.0,8.0,157.0,0.0,114.14400921658986,295.10774591262395,-180.9637366960341,total_watch_time_min segment mean compared with scope overall,"Feature family uses 16b hotfix mapping. Descriptive profile, not causal effect."
promo0,promo0_s01,unique_movie,content_preference,2.4942396313364057,2.0,1.0,3.0,0.0,2.4942396313364057,4.622353256499598,-2.1281136251631922,unique_movie segment mean compared with scope overall,"Feature family uses 16b hotfix mapping. Descriptive profile, not causal effect."
promo0,promo0_s01,watch_days,weekly_usage,1.919930875576037,2.0,1.0,2.0,0.0,1.919930875576037,3.5188957384079336,-1.5989648628318966,watch_days segment mean compared with scope overall,"Feature family uses 16b hotfix mapping. Descriptive profile, not causal effect."
promo0,promo0_s01,watch_per_day,weekly_usage,1.7305066381391265,1.3333333333333333,1.0,2.0,0.0,1.7305066381391265,1.7503894627540397,-0.019882824614913197,watch_per_day segment mean compared with scope overall,"Feature family uses 16b hotfix mapping. Descriptive profile, not causal effect."
promo0,promo0_s01,watch_ratio_under_1m,weekly_usage,0.32528410559751064,0.2,0.0,0.5,0.4533410138248848,0.32528410559751064,0.20811833146483036,0.11716577413268028,watch_ratio_under_1m segment mean compared with scope overall,"Feature family uses 16b hotfix mapping. Descriptive profile, not causal effect."
promo0,promo0_s01,watch_ratio_under_5m,weekly_usage,0.4360059570876803,0.4,0.0,0.8333333333333334,0.3323732718894009,0.4360059570876803,0.3041763410598437,0.1318296160278366,watch_ratio_under_5m segment mean compared with scope overall,"Feature family uses 16b hotfix mapping. Descriptive profile, not causal effect."
promo0,promo0_s01,watch_session_w1,weekly_usage,2.5368663594470044,2.0,1.0,3.0,0.13018433179723501,2.5368663594470044,2.2379165549897255,0.2989498044572789,watch_session_w1 segment mean compared with scope overall,"Feature family uses 16b hotfix mapping. Descriptive profile, not causal effect."
promo0,promo0_s01,watch_session_w2,weekly_usage,0.8225806451612904,0.0,0.0,1.0,0.5668202764976958,0.8225806451612904,2.1962833914053426,-1.373702746244052,watch_session_w2 segment mean compared with scope overall,"Feature family uses 16b hotfix mapping. Descriptive profile, not causal effect."
promo0,promo0_s01,watch_session_w3,weekly_usage,0.0,0.0,0.0,0.0,1.0,0.0,2.1817207183060843,-2.1817207183060843,watch_session_w3 segment mean compared with scope overall,"Feature family uses 16b hotfix mapping. Descriptive profile, not causal effect."
promo0,promo0_s01,watch_time_min_w1,weekly_usage,94.74193548387096,66.0,4.0,133.0,0.13018433179723501,94.74193548387096,99.51308853747878,-4.771153053607819,watch_time_min_w1 segment mean compared with scope overall,"Feature family uses 16b hotfix mapping. Descriptive profile, not causal effect."
promo0,promo0_s01,watch_time_min_w2,weekly_usage,19.402073732718893,0.0,0.0,7.0,0.5668202764976958,19.402073732718893,97.33556687215224,-77.93349313943335,watch_time_min_w2 segment mean compared with scope overall,"Feature family uses 16b hotfix mapping. Descriptive profile, not causal effect."
promo0,promo0_s01,watch_time_min_w3,weekly_usage,0.0,0.0,0.0,0.0,1.0,0.0,98.25909050299295,-98.25909050299295,watch_time_min_w3 segment mean compared with scope overall,"Feature family uses 16b hotfix mapping. Descriptive profile, not causal effect."
promo0,promo0_s01,weekend_watch_ratio,weekly_usage,0.3865930029617682,0.25,0.0,1.0,0.4608294930875576,0.3865930029617682,0.36568556758041426,0.020907435381353923,weekend_watch_ratio segment mean compared with scope overall,"Feature family uses 16b hotfix mapping. Descriptive profile, not causal effect."
promo0,promo0_s02,action_adventure_ratio,genre_preference,0.2096730230401612,0.0116963064295485,0.0,0.36034267405235143,0.42857142857142855,0.2096730230401612,0.10401231081034347,0.10566071222981772,action_adventure_ratio segment mean compared with scope overall,"Feature family uses 16b hotfix mapping. Descriptive profile, not causal effect."
promo0,promo0_s02,active_ratio,usage_concentration,0.19325912183055033,0.1904761904761904,0.1428571428571428,0.238095238095238,0.0,0.19325912183055033,0.16756646373371106,0.025692658096839266,active_ratio segment mean compared with scope overall,"Feature family uses 16b hotfix mapping. Descriptive profile, not causal effect."
promo0,promo0_s02,age_group,demographic_context,33.05194805194805,40.0,20.0,40.0,0.0,33.05194805194805,34.112391673367284,-1.0604436214192319,age_group segment mean compared with scope overall,"Feature family uses 16b hotfix mapping. Descriptive profile, not causal effect."
promo0,promo0_s02,avg_daily_watch_time_min,weekly_usage,43.79761904761904,39.22222222222222,23.958333333333332,59.625,0.0,43.79761904761904,74.28221302299545,-30.484593975376413,avg_daily_watch_time_min segment mean compared with scope overall,"Feature family uses 16b hotfix mapping. Descriptive profile, not causal effect."
promo0,promo0_s02,avg_gap_between_watch_days,weekly_usage,6.494168728097299,5.0,3.5,7.5,0.0,6.494168728097299,3.316455514644232,3.177713213453067,avg_gap_between_watch_days segment mean compared with scope overall,"Feature family uses 16b hotfix mapping. Descriptive profile, not causal effect."
promo0,promo0_s02,avg_gap_w1_watch_days,weekly_usage,1.0649350649350648,1.0,0.0,1.5,0.45454545454545453,1.0649350649350648,0.6656035021888681,0.39933156274619674,avg_gap_w1_watch_days segment mean compared with scope overall,"Feature family uses 16b hotfix mapping. Descriptive profile, not causal effect."
promo0,promo0_s02,avg_gap_w2_watch_days,weekly_usage,0.6212121212121212,0.0,0.0,1.0,0.6883116883116883,0.6212121212121212,0.6370782334196968,-0.01586611220757561,avg_gap_w2_watch_days segment mean compared with scope overall,"Feature family uses 16b hotfix mapping. Descriptive profile, not causal effect."
promo0,promo0_s02,avg_gap_w3_watch_days,weekly_usage,0.20454545454545456,0.0,0.0,0.0,0.9285714285714286,0.20454545454545456,0.6586586854879538,-0.4541132309424992,avg_gap_w3_watch_days segment mean compared with scope overall,"Feature family uses 16b hotfix mapping. Descriptive profile, not causal effect."
promo0,promo0_s02,avg_ott_release_year,content_preference,2018.2664548717446,2018.4700495527386,2017.0368871965734,2020.138696255201,0.0,2018.2664548717446,1895.063892870746,123.20256200099857,avg_ott_release_year segment mean compared with scope overall,"Feature family uses 16b hotfix mapping. Descriptive profile, not causal effect."
promo0,promo0_s02,avg_rewatch_ratio,weekly_usage,0.18146067970914176,0.2,0.025,0.25,0.2532467532467532,0.18146067970914176,0.1493202859853718,0.03214039372376995,avg_rewatch_ratio segment mean compared with scope overall,"Feature family uses 16b hotfix mapping. Descriptive profile, not causal effect."
promo0,promo0_s02,avg_watch_time_min,weekly_usage,28.271585004385756,26.477272727272727,15.942307692307693,38.75,0.0,28.271585004385756,42.372433867543016,-14.10084886315726,avg_watch_time_min segment mean compared with scope overall,"Feature family uses 16b hotfix mapping. Descriptive profile, not causal effect."
promo0,promo0_s02,comedy_ratio,genre_preference,0.06646996250471286,0.0,0.0,0.0,0.7662337662337663,0.06646996250471286,0.08955218491738821,-0.02308222241267535,comedy_ratio segment mean compared with scope overall,"Feature family uses 16b hotfix mapping. Descriptive profile, not causal effect."
promo0,promo0_s02,day_count_over_3times,usage_concentration,0.5909090909090909,0.0,0.0,1.0,0.551948051948052,0.5909090909090909,0.7109800768337353,-0.12007098592464438,day_count_over_3times segment mean compared with scope overall,"Feature family uses 16b hotfix mapping. Descriptive profile, not causal effect."
promo0,promo0_s02,diff_between_w2_w1,weekly_usage,-73.95454545454545,-41.0,-124.0,0.5,0.0,-73.95454545454545,-2.1775216653265432,-71.77702378921892,diff_between_w2_w1 segment mean compared with scope overall,"Feature family uses 16b hotfix mapping. Descriptive profile, not causal effect."
promo0,promo0_s02,diff_between_w3_w1,weekly_usage,-120.17532467532467,-94.0,-147.25,-45.25,0.0,-120.17532467532467,-1.2539980344858395,-118.92132664083883,diff_between_w3_w1 segment mean compared with scope overall,"Feature family uses 16b hotfix mapping. Descriptive profile, not causal effect."
promo0,promo0_s02,diff_between_w3_w2,weekly_usage,-46.22077922077922,-12.5,-87.75,1.0,0.025974025974025976,-46.22077922077922,0.923523630840704,-47.144302851619926,diff_between_w3_w2 segment mean compared with scope overall,"Feature family uses 16b hotfix mapping. Descriptive profile, not causal effect."
promo0,promo0_s02,documentary_ratio,genre_preference,0.02558914225724932,0.0,0.0,0.0,0.8506493506493507,0.02558914225724932,0.01873773037954234,0.006851411877706982,documentary_ratio segment mean compared with scope overall,"Feature family uses 16b hotfix mapping. Descriptive profile, not causal effect."
promo0,promo0_s02,drama_ratio,genre_preference,0.09002755936652086,0.0,0.0,0.0244518226464688,0.6428571428571429,0.09002755936652086,0.17102508768994096,-0.0809975283234201,drama_ratio segment mean compared with scope overall,"Feature family uses 16b hotfix mapping. Descriptive profile, not causal effect."
promo0,promo0_s02,family_animation_ratio,genre_preference,0.029790391368103436,0.0,0.0,0.0,0.8701298701298701,0.029790391368103436,0.10718961867445652,-0.07739922730635308,family_animation_ratio segment mean compared with scope overall,"Feature family uses 16b hotfix mapping. Descriptive profile, not causal effect."
promo0,promo0_s02,genre_diversity_count,genre_preference,3.1818181818181817,3.0,2.0,4.0,0.0,3.1818181818181817,2.8954703832752613,0.28634779854292036,genre_diversity_count segment mean compared with scope overall,"Feature family uses 16b hotfix mapping. Descriptive profile, not causal effect."
promo0,promo0_s02,historical_war_ratio,genre_preference,0.05334920362966789,0.0,0.0,0.0,0.8116883116883117,0.05334920362966789,0.06709609308945219,-0.0137468894597843,historical_war_ratio segment mean compared with scope overall,"Feature family uses 16b hotfix mapping. Descriptive profile, not causal effect."
promo0,promo0_s02,horror_ratio,genre_preference,0.06540082067893785,0.0,0.0,0.0,0.7857142857142857,0.06540082067893785,0.025557416158567516,0.03984340452037033,horror_ratio segment mean compared with scope overall,"Feature family uses 16b hotfix mapping. Descriptive profile, not causal effect."
promo0,promo0_s02,is_basic,membership_context,0.6623376623376623,1.0,0.0,1.0,0.33766233766233766,0.6623376623376623,0.6567497543107299,0.005587908026932431,is_basic segment mean compared with scope overall,"Feature family uses 16b hotfix mapping. Descriptive profile, not causal effect."
promo0,promo0_s02,is_churn_prevented,historical_churn_prevention_context,0.2727272727272727,0.0,0.0,1.0,0.7272727272727273,0.2727272727272727,0.20477083891718037,0.06795643381009234,is_churn_prevented segment mean compared with scope overall,"Feature family uses 16b hotfix mapping. Descriptive profile, not causal effect."
promo0,promo0_s02,is_cold_start_3d_fixed,onboarding_activation,0.525974025974026,1.0,0.0,1.0,0.474025974025974,0.525974025974026,0.3894398284642187,0.13653419750980728,is_cold_start_3d_fixed segment mean compared with scope overall,"Feature family uses 16b hotfix mapping. Descriptive profile, not causal effect."
promo0,promo0_s02,is_cold_start_7d_fixed,onboarding_activation,0.9415584415584416,1.0,1.0,1.0,0.05844155844155844,0.9415584415584416,0.6414723487894219,0.30008609276901965,is_cold_start_7d_fixed segment mean compared with scope overall,"Feature family uses 16b hotfix mapping. Descriptive profile, not causal effect."
promo0,promo0_s02,is_female,demographic_context,0.461038961038961,0.0,0.0,1.0,0.538961038961039,0.461038961038961,0.4459036898061288,0.015135271232832204,is_female segment mean compared with scope overall,"Feature family uses 16b hotfix mapping. Descriptive profile, not causal effect."
promo0,promo0_s02,is_male,demographic_context,0.2727272727272727,0.0,0.0,1.0,0.7272727272727273,0.2727272727272727,0.241400875547217,0.0313263971800557,is_male segment mean compared with scope overall,"Feature family uses 16b hotfix mapping. Descriptive profile, not causal effect."
promo0,promo0_s02,is_only_w1,week_specific_usage_pattern,0.0,0.0,0.0,0.0,1.0,0.0,0.10184937014205307,-0.10184937014205307,is_only_w1 segment mean compared with scope overall,"Feature family uses 16b hotfix mapping. Descriptive profile, not causal effect."
promo0,promo0_s02,is_only_w2,week_specific_usage_pattern,0.0,0.0,0.0,0.0,1.0,0.0,0.08317698561601,-0.08317698561601,is_only_w2 segment mean compared with scope overall,"Feature family uses 16b hotfix mapping. Descriptive profile, not causal effect."
promo0,promo0_s02,is_only_w3,week_specific_usage_pattern,0.0,0.0,0.0,0.0,1.0,0.0,0.0975609756097561,-0.0975609756097561,is_only_w3 segment mean compared with scope overall,"Feature family uses 16b hotfix mapping. Descriptive profile, not causal effect."
promo0,promo0_s02,is_premium,membership_context,0.16233766233766234,0.0,0.0,0.0,0.8376623376623377,0.16233766233766234,0.09800768337353703,0.0643299789641253,is_premium segment mean compared with scope overall,"Feature family uses 16b hotfix mapping. Descriptive profile, not causal effect."
promo0,promo0_s02,is_standard,membership_context,0.17532467532467533,0.0,0.0,0.0,0.8246753246753247,0.17532467532467533,0.24524256231573305,-0.06991788699105772,is_standard segment mean compared with scope overall,"Feature family uses 16b hotfix mapping. Descriptive profile, not causal effect."
promo0,promo0_s02,is_user_verified,membership_context,0.5584415584415584,1.0,0.0,1.0,0.44155844155844154,0.5584415584415584,0.533458411507192,0.02498314693436643,is_user_verified segment mean compared with scope overall,"Feature family uses 16b hotfix mapping. Descriptive profile, not causal effect."
promo0,promo0_s02,is_w1_over_50pct,weekly_usage,0.7207792207792207,1.0,0.0,1.0,0.2792207792207792,0.7207792207792207,0.2926829268292683,0.42809629394995247,is_w1_over_50pct segment mean compared with scope overall,"Feature family uses 16b hotfix mapping. Descriptive profile, not causal effect."
promo0,promo0_s02,is_w2_over_50pct,weekly_usage,0.23376623376623376,0.0,0.0,0.0,0.7662337662337663,0.23376623376623376,0.26507638702760655,-0.03131015326137279,is_w2_over_50pct segment mean compared with scope overall,"Feature family uses 16b hotfix mapping. Descriptive profile, not causal effect."
promo0,promo0_s02,is_w3_over_50pct,weekly_usage,0.012987012987012988,0.0,0.0,0.0,0.987012987012987,0.012987012987012988,0.28348074689538105,-0.27049373390836806,is_w3_over_50pct segment mean compared with scope overall,"Feature family uses 16b hotfix mapping. Descriptive profile, not causal effect."
promo0,promo0_s02,log_retention_w2_ratio,retention_decay,-1.6232372252563976,-1.6094379124341005,-3.60709271510463,0.004733849220427249,0.0,-1.6232372252563976,-0.05274997820320715,-1.5704872470531903,log_retention_w2_ratio segment mean compared with scope overall,"Feature family uses 16b hotfix mapping. Descriptive profile, not causal effect."
promo0,promo0_s02,log_retention_w3_ratio,retention_decay,-1.1913111489220394,-1.574941476690625,-2.958601244357066,0.6931471805599453,0.025974025974025976,-1.1913111489220394,0.006105672690947767,-1.1974168216129872,log_retention_w3_ratio segment mean compared with scope overall,"Feature family uses 16b hotfix mapping. Descriptive profile, not causal effect."
promo0,promo0_s02,max_daily_sessions,weekly_usage,2.779220779220779,2.0,1.25,3.0,0.0,2.779220779220779,2.700616456714018,0.07860432250676119,max_daily_sessions segment mean compared with scope overall,"Feature family uses 16b hotfix mapping. Descriptive profile, not causal effect."
promo0,promo0_s02,max_daily_watch_time_min,weekly_usage,100.75974025974025,96.5,53.25,124.75,0.0,100.75974025974025,129.54373269007417,-28.78399243033391,max_daily_watch_time_min segment mean compared with scope overall,"Feature family uses 16b hotfix mapping. Descriptive profile, not causal effect."
promo0,promo0_s02,max_day_share,usage_concentration,0.6427966043175368,0.5710545998504113,0.45207000130599445,0.8590225563909775,0.0,0.6427966043175368,0.5793775294534448,0.06341907486409204,max_day_share segment mean compared with scope overall,"Feature family uses 16b hotfix mapping. Descriptive profile, not causal effect."
promo0,promo0_s02,max_inactive_gap_days,inactivity_recency,9.597402597402597,9.0,7.0,12.0,0.0,9.597402597402597,5.140355579379969,4.457047018022628,max_inactive_gap_days segment mean compared with scope overall,"Feature family uses 16b hotfix mapping. Descriptive profile, not causal effect."
promo0,promo0_s02,max_watch_time_min,weekly_usage,81.35064935064935,86.0,47.5,112.75,0.0,81.35064935064935,89.82372911641204,-8.47307976576269,max_watch_time_min segment mean compared with scope overall,"Feature family uses 16b hotfix mapping. Descriptive profile, not causal effect."
promo0,promo0_s02,median_watch_time_min,weekly_usage,17.961038961038962,9.5,2.0,26.0,0.0,17.961038961038962,36.73648709014563,-18.775448129106667,median_watch_time_min segment mean compared with scope overall,"Feature family uses 16b hotfix mapping. Descriptive profile, not causal effect."
promo0,promo0_s02,movie_per_active_day,content_preference,1.207732941661513,1.0,1.0,1.4,0.0,1.207732941661513,1.2866422039890422,-0.07890926232752915,movie_per_active_day segment mean compared with scope overall,"Feature family uses 16b hotfix mapping. Descriptive profile, not causal effect."
promo0,promo0_s02,new_movie_in_180d_ratio,content_preference,0.3642995556315789,0.3333333333333333,0.0,0.6,0.33116883116883117,0.3642995556315789,0.20504163802996464,0.15925791760161426,new_movie_in_180d_ratio segment mean compared with scope overall,"Feature family uses 16b hotfix mapping. Descriptive profile, not causal effect."
promo0,promo0_s02,new_movie_in_365d_ratio,content_preference,0.4252476007132534,0.3333333333333333,0.015625,0.75,0.2532467532467532,0.4252476007132534,0.2553328495553503,0.1699147511579031,new_movie_in_365d_ratio segment mean compared with scope overall,"Feature family uses 16b hotfix mapping. Descriptive profile, not causal effect."
promo0,promo0_s02,new_movie_in_90d_ratio,content_preference,0.30858044088136366,0.25,0.0,0.5288461538461539,0.37662337662337664,0.30858044088136366,0.16807895402479045,0.1405014868565732,new_movie_in_90d_ratio segment mean compared with scope overall,"Feature family uses 16b hotfix mapping. Descriptive profile, not causal effect."
promo0,promo0_s02,old_movie_ratio_5y,content_preference,0.15770067348160305,0.0,0.0,0.25,0.5454545454545454,0.15770067348160305,0.16343806507152991,-0.005737391589926866,old_movie_ratio_5y segment mean compared with scope overall,"Feature family uses 16b hotfix mapping. Descriptive profile, not causal effect."
promo0,promo0_s02,other_ratio,genre_preference,0.008015140486436376,0.0,0.0,0.0,0.8311688311688312,0.008015140486436376,0.025678038969001088,-0.017662898482564714,other_ratio segment mean compared with scope overall,"Feature family uses 16b hotfix mapping. Descriptive profile, not causal effect."
promo0,promo0_s02,recency,inactivity_recency,2.9155844155844157,3.0,1.0,5.0,0.18181818181818182,2.9155844155844157,6.400428839453229,-3.4848444238688137,recency segment mean compared with scope overall,"Feature family uses 16b hotfix mapping. Descriptive profile, not causal effect."
promo0,promo0_s02,reg_hour_afternoon,registration_timing_context,0.23376623376623376,0.0,0.0,0.0,0.7662337662337663,0.23376623376623376,0.2325560618243545,0.0012101719418792511,reg_hour_afternoon segment mean compared with scope overall,"Feature family uses 16b hotfix mapping. Descriptive profile, not causal effect."
promo0,promo0_s02,reg_hour_evening,registration_timing_context,0.3181818181818182,0.0,0.0,1.0,0.6818181818181818,0.3181818181818182,0.33914053426248547,-0.020958716080667295,reg_hour_evening segment mean compared with scope overall,"Feature family uses 16b hotfix mapping. Descriptive profile, not causal effect."
promo0,promo0_s02,reg_hour_morning,registration_timing_context,0.2727272727272727,0.0,0.0,1.0,0.7272727272727273,0.2727272727272727,0.24104350933619226,0.03168376339108045,reg_hour_morning segment mean compared with scope overall,"Feature family uses 16b hotfix mapping. Descriptive profile, not causal effect."
promo0,promo0_s02,reg_hour_night,registration_timing_context,0.17532467532467533,0.0,0.0,0.0,0.8246753246753247,0.17532467532467533,0.18725989457696776,-0.011935219252292434,reg_hour_night segment mean compared with scope overall,"Feature family uses 16b hotfix mapping. Descriptive profile, not causal effect."
promo0,promo0_s02,reg_is_weekend,registration_timing_context,0.36363636363636365,0.0,0.0,1.0,0.6363636363636364,0.36363636363636365,0.3411953899758778,0.022440973660485863,reg_is_weekend segment mean compared with scope overall,"Feature family uses 16b hotfix mapping. Descriptive profile, not causal effect."
promo0,promo0_s02,romance_ratio,genre_preference,0.020544671154040663,0.0,0.0,0.0,0.8701298701298701,0.020544671154040663,0.0919209309655346,-0.07137625981149393,romance_ratio segment mean compared with scope overall,"Feature family uses 16b hotfix mapping. Descriptive profile, not causal effect."
promo0,promo0_s02,sf_fantasy_ratio,genre_preference,0.13284814736336403,0.0,0.0,0.08590618567869135,0.6038961038961039,0.13284814736336403,0.11760554303984866,0.015242604323515374,sf_fantasy_ratio segment mean compared with scope overall,"Feature family uses 16b hotfix mapping. Descriptive profile, not causal effect."
promo0,promo0_s02,std_watch_time_min,weekly_usage,33.998354754951464,35.449369879752126,20.264872127119407,47.36239340251931,0.006493506493506494,33.998354754951464,32.39827007597686,1.6000846789746035,std_watch_time_min segment mean compared with scope overall,"Feature family uses 16b hotfix mapping. Descriptive profile, not causal effect."
promo0,promo0_s02,thriller_crime_ratio,genre_preference,0.2982919381508054,0.0853066407708971,0.0,0.5436637554585153,0.35714285714285715,0.2982919381508054,0.12078344787896104,0.17750849027184434,thriller_crime_ratio segment mean compared with scope overall,"Feature family uses 16b hotfix mapping. Descriptive profile, not causal effect."
promo0,promo0_s02,total_watch_count,weekly_usage,6.740259740259741,5.0,3.0,9.0,0.0,6.740259740259741,6.615920664701153,0.12433907555858781,total_watch_count segment mean compared with scope overall,"Feature family uses 16b hotfix mapping. Descriptive profile, not causal effect."
promo0,promo0_s02,total_watch_time_min,weekly_usage,189.34415584415584,152.0,81.5,247.75,0.0,189.34415584415584,295.10774591262395,-105.76359006846812,total_watch_time_min segment mean compared with scope overall,"Feature family uses 16b hotfix mapping. Descriptive profile, not causal effect."
promo0,promo0_s02,unique_movie,content_preference,4.805194805194805,4.0,3.0,6.0,0.0,4.805194805194805,4.622353256499598,0.1828415486952073,unique_movie segment mean compared with scope overall,"Feature family uses 16b hotfix mapping. Descriptive profile, not causal effect."
promo0,promo0_s02,watch_days,weekly_usage,4.058441558441558,4.0,3.0,5.0,0.0,4.058441558441558,3.5188957384079336,0.5395458200336245,watch_days segment mean compared with scope overall,"Feature family uses 16b hotfix mapping. Descriptive profile, not causal effect."
promo0,promo0_s02,watch_per_day,weekly_usage,1.6293135435992578,1.5,1.0416666666666667,1.8511904761904758,0.0,1.6293135435992578,1.7503894627540397,-0.12107591915478189,watch_per_day segment mean compared with scope overall,"Feature family uses 16b hotfix mapping. Descriptive profile, not causal effect."
promo0,promo0_s02,watch_ratio_under_1m,weekly_usage,0.33325477922624197,0.3333333333333333,0.1666666666666666,0.5,0.15584415584415584,0.33325477922624197,0.20811833146483036,0.1251364477614116,watch_ratio_under_1m segment mean compared with scope overall,"Feature family uses 16b hotfix mapping. Descriptive profile, not causal effect."
promo0,promo0_s02,watch_ratio_under_5m,weekly_usage,0.47772102916070786,0.5,0.3333333333333333,0.6666666666666666,0.05194805194805195,0.47772102916070786,0.3041763410598437,0.17354468810086415,watch_ratio_under_5m segment mean compared with scope overall,"Feature family uses 16b hotfix mapping. Descriptive profile, not causal effect."
promo0,promo0_s02,watch_session_w1,weekly_usage,3.655844155844156,3.0,2.0,5.0,0.05844155844155844,3.655844155844156,2.2379165549897255,1.4179276008544304,watch_session_w1 segment mean compared with scope overall,"Feature family uses 16b hotfix mapping. Descriptive profile, not causal effect."
promo0,promo0_s02,watch_session_w2,weekly_usage,1.7922077922077921,1.0,0.0,2.0,0.2922077922077922,1.7922077922077921,2.1962833914053426,-0.40407559919755043,watch_session_w2 segment mean compared with scope overall,"Feature family uses 16b hotfix mapping. Descriptive profile, not causal effect."
promo0,promo0_s02,watch_session_w3,weekly_usage,1.2922077922077921,1.0,1.0,1.0,0.0,1.2922077922077921,2.1817207183060843,-0.8895129260982921,watch_session_w3 segment mean compared with scope overall,"Feature family uses 16b hotfix mapping. Descriptive profile, not causal effect."
promo0,promo0_s02,watch_time_min_w1,weekly_usage,127.82467532467533,101.5,47.5,150.5,0.05844155844155844,127.82467532467533,99.51308853747878,28.311586787196546,watch_time_min_w1 segment mean compared with scope overall,"Feature family uses 16b hotfix mapping. Descriptive profile, not causal effect."
promo0,promo0_s02,watch_time_min_w2,weekly_usage,53.87012987012987,20.5,0.0,91.0,0.2922077922077922,53.87012987012987,97.33556687215224,-43.46543700202237,watch_time_min_w2 segment mean compared with scope overall,"Feature family uses 16b hotfix mapping. Descriptive profile, not causal effect."
promo0,promo0_s02,watch_time_min_w3,weekly_usage,7.64935064935065,2.0,1.0,5.0,0.0,7.64935064935065,98.25909050299295,-90.6097398536423,watch_time_min_w3 segment mean compared with scope overall,"Feature family uses 16b hotfix mapping. Descriptive profile, not causal effect."
promo0,promo0_s02,weekend_watch_ratio,weekly_usage,0.4089081406366096,0.4,0.2,0.5958333333333333,0.16883116883116883,0.4089081406366096,0.36568556758041426,0.04322257305619531,weekend_watch_ratio segment mean compared with scope overall,"Feature family uses 16b hotfix mapping. Descriptive profile, not causal effect."
promo0,promo0_s03,action_adventure_ratio,genre_preference,0.20150893424326283,0.0,0.0,0.12742718446601936,0.7434782608695653,0.20150893424326283,0.10401231081034347,0.09749662343291936,action_adventure_ratio segment mean compared with scope overall,"Feature family uses 16b hotfix mapping. Descriptive profile, not causal effect."
promo0,promo0_s03,active_ratio,usage_concentration,0.057556935817805355,0.0476190476190476,0.0476190476190476,0.0476190476190476,0.0,0.057556935817805355,0.16756646373371106,-0.11000952791590571,active_ratio segment mean compared with scope overall,"Feature family uses 16b hotfix mapping. Descriptive profile, not causal effect."
promo0,promo0_s03,age_group,demographic_context,34.08695652173913,40.0,30.0,40.0,0.0,34.08695652173913,34.112391673367284,-0.025435151628151687,age_group segment mean compared with scope overall,"Feature family uses 16b hotfix mapping. Descriptive profile, not causal effect."
promo0,promo0_s03,avg_daily_watch_time_min,weekly_usage,16.20507246376812,2.0,1.0,16.75,0.0,16.20507246376812,74.28221302299545,-58.07714055922733,avg_daily_watch_time_min segment mean compared with scope overall,"Feature family uses 16b hotfix mapping. Descriptive profile, not causal effect."
promo0,promo0_s03,avg_gap_between_watch_days,weekly_usage,0.841304347826087,0.0,0.0,0.0,0.8304347826086956,0.841304347826087,3.316455514644232,-2.475151166818145,avg_gap_between_watch_days segment mean compared with scope overall,"Feature family uses 16b hotfix mapping. Descriptive profile, not causal effect."
promo0,promo0_s03,avg_gap_w1_watch_days,weekly_usage,0.0,0.0,0.0,0.0,1.0,0.0,0.6656035021888681,-0.6656035021888681,avg_gap_w1_watch_days segment mean compared with scope overall,"Feature family uses 16b hotfix mapping. Descriptive profile, not causal effect."
promo0,promo0_s03,avg_gap_w2_watch_days,weekly_usage,0.02608695652173913,0.0,0.0,0.0,0.9826086956521739,0.02608695652173913,0.6370782334196968,-0.6109912768979577,avg_gap_w2_watch_days segment mean compared with scope overall,"Feature family uses 16b hotfix mapping. Descriptive profile, not causal effect."
promo0,promo0_s03,avg_gap_w3_watch_days,weekly_usage,0.12608695652173912,0.0,0.0,0.0,0.9521739130434783,0.12608695652173912,0.6586586854879538,-0.5325717289662146,avg_gap_w3_watch_days segment mean compared with scope overall,"Feature family uses 16b hotfix mapping. Descriptive profile, not causal effect."
promo0,promo0_s03,avg_ott_release_year,content_preference,2018.757158289455,2019.0,2017.0625,2021.0,0.0,2018.757158289455,1895.063892870746,123.69326541870896,avg_ott_release_year segment mean compared with scope overall,"Feature family uses 16b hotfix mapping. Descriptive profile, not causal effect."
promo0,promo0_s03,avg_rewatch_ratio,weekly_usage,0.06996894409937887,0.0,0.0,0.0,0.8217391304347826,0.06996894409937887,0.1493202859853718,-0.07935134188599294,avg_rewatch_ratio segment mean compared with scope overall,"Feature family uses 16b hotfix mapping. Descriptive profile, not causal effect."
promo0,promo0_s03,avg_watch_time_min,weekly_usage,11.347722567287786,1.0,1.0,15.0,0.0,11.347722567287786,42.372433867543016,-31.02471130025523,avg_watch_time_min segment mean compared with scope overall,"Feature family uses 16b hotfix mapping. Descriptive profile, not causal effect."
promo0,promo0_s03,comedy_ratio,genre_preference,0.09922360248447204,0.0,0.0,0.0,0.8782608695652174,0.09922360248447204,0.08955218491738821,0.009671417567083826,comedy_ratio segment mean compared with scope overall,"Feature family uses 16b hotfix mapping. Descriptive profile, not causal effect."
promo0,promo0_s03,day_count_over_3times,usage_concentration,0.07391304347826087,0.0,0.0,0.0,0.9260869565217391,0.07391304347826087,0.7109800768337353,-0.6370670333554744,day_count_over_3times segment mean compared with scope overall,"Feature family uses 16b hotfix mapping. Descriptive profile, not causal effect."
promo0,promo0_s03,diff_between_w2_w1,weekly_usage,2.9869565217391303,0.0,0.0,0.0,0.8608695652173913,2.9869565217391303,-2.1775216653265432,5.164478187065674,diff_between_w2_w1 segment mean compared with scope overall,"Feature family uses 16b hotfix mapping. Descriptive profile, not causal effect."
promo0,promo0_s03,diff_between_w3_w1,weekly_usage,17.53913043478261,2.0,1.0,16.75,0.0,17.53913043478261,-1.2539980344858395,18.79312846926845,diff_between_w3_w1 segment mean compared with scope overall,"Feature family uses 16b hotfix mapping. Descriptive profile, not causal effect."
promo0,promo0_s03,diff_between_w3_w2,weekly_usage,14.552173913043479,1.0,1.0,13.0,0.034782608695652174,14.552173913043479,0.923523630840704,13.628650282202775,diff_between_w3_w2 segment mean compared with scope overall,"Feature family uses 16b hotfix mapping. Descriptive profile, not causal effect."
promo0,promo0_s03,documentary_ratio,genre_preference,0.030434782608695653,0.0,0.0,0.0,0.9652173913043478,0.030434782608695653,0.01873773037954234,0.011697052229153314,documentary_ratio segment mean compared with scope overall,"Feature family uses 16b hotfix mapping. Descriptive profile, not causal effect."
promo0,promo0_s03,drama_ratio,genre_preference,0.08731884057971014,0.0,0.0,0.0,0.8956521739130435,0.08731884057971014,0.17102508768994096,-0.08370624711023082,drama_ratio segment mean compared with scope overall,"Feature family uses 16b hotfix mapping. Descriptive profile, not causal effect."
promo0,promo0_s03,family_animation_ratio,genre_preference,0.042339544513457554,0.0,0.0,0.0,0.9478260869565217,0.042339544513457554,0.10718961867445652,-0.06485007416099897,family_animation_ratio segment mean compared with scope overall,"Feature family uses 16b hotfix mapping. Descriptive profile, not causal effect."
promo0,promo0_s03,genre_diversity_count,genre_preference,1.2304347826086957,1.0,1.0,1.0,0.0,1.2304347826086957,2.8954703832752613,-1.6650356006665656,genre_diversity_count segment mean compared with scope overall,"Feature family uses 16b hotfix mapping. Descriptive profile, not causal effect."
promo0,promo0_s03,historical_war_ratio,genre_preference,0.04475556722406309,0.0,0.0,0.0,0.9347826086956522,0.04475556722406309,0.06709609308945219,-0.0223405258653891,historical_war_ratio segment mean compared with scope overall,"Feature family uses 16b hotfix mapping. Descriptive profile, not causal effect."
promo0,promo0_s03,horror_ratio,genre_preference,0.048295355703382455,0.0,0.0,0.0,0.9217391304347826,0.048295355703382455,0.025557416158567516,0.02273793954481494,horror_ratio segment mean compared with scope overall,"Feature family uses 16b hotfix mapping. Descriptive profile, not causal effect."
promo0,promo0_s03,is_basic,membership_context,0.7,1.0,0.0,1.0,0.3,0.7,0.6567497543107299,0.04325024568927005,is_basic segment mean compared with scope overall,"Feature family uses 16b hotfix mapping. Descriptive profile, not causal effect."
promo0,promo0_s03,is_churn_prevented,historical_churn_prevention_context,0.2391304347826087,0.0,0.0,0.0,0.7608695652173914,0.2391304347826087,0.20477083891718037,0.03435959586542833,is_churn_prevented segment mean compared with scope overall,"Feature family uses 16b hotfix mapping. Descriptive profile, not causal effect."
promo0,promo0_s03,is_cold_start_3d_fixed,onboarding_activation,0.0,0.0,0.0,0.0,1.0,0.0,0.3894398284642187,-0.3894398284642187,is_cold_start_3d_fixed segment mean compared with scope overall,"Feature family uses 16b hotfix mapping. Descriptive profile, not causal effect."
promo0,promo0_s03,is_cold_start_7d_fixed,onboarding_activation,0.0,0.0,0.0,0.0,1.0,0.0,0.6414723487894219,-0.6414723487894219,is_cold_start_7d_fixed segment mean compared with scope overall,"Feature family uses 16b hotfix mapping. Descriptive profile, not causal effect."
promo0,promo0_s03,is_female,demographic_context,0.47391304347826085,0.0,0.0,1.0,0.5260869565217391,0.47391304347826085,0.4459036898061288,0.02800935367213203,is_female segment mean compared with scope overall,"Feature family uses 16b hotfix mapping. Descriptive profile, not causal effect."
promo0,promo0_s03,is_male,demographic_context,0.19130434782608696,0.0,0.0,0.0,0.808695652173913,0.19130434782608696,0.241400875547217,-0.050096527721130046,is_male segment mean compared with scope overall,"Feature family uses 16b hotfix mapping. Descriptive profile, not causal effect."
promo0,promo0_s03,is_only_w1,week_specific_usage_pattern,0.0,0.0,0.0,0.0,1.0,0.0,0.10184937014205307,-0.10184937014205307,is_only_w1 segment mean compared with scope overall,"Feature family uses 16b hotfix mapping. Descriptive profile, not causal effect."
promo0,promo0_s03,is_only_w2,week_specific_usage_pattern,0.0,0.0,0.0,0.0,1.0,0.0,0.08317698561601,-0.08317698561601,is_only_w2 segment mean compared with scope overall,"Feature family uses 16b hotfix mapping. Descriptive profile, not causal effect."
promo0,promo0_s03,is_only_w3,week_specific_usage_pattern,0.8608695652173913,1.0,1.0,1.0,0.1391304347826087,0.8608695652173913,0.0975609756097561,0.7633085896076353,is_only_w3 segment mean compared with scope overall,"Feature family uses 16b hotfix mapping. Descriptive profile, not causal effect."
promo0,promo0_s03,is_premium,membership_context,0.1,0.0,0.0,0.0,0.9,0.1,0.09800768337353703,0.0019923166264629727,is_premium segment mean compared with scope overall,"Feature family uses 16b hotfix mapping. Descriptive profile, not causal effect."
promo0,promo0_s03,is_standard,membership_context,0.2,0.0,0.0,0.0,0.8,0.2,0.24524256231573305,-0.04524256231573304,is_standard segment mean compared with scope overall,"Feature family uses 16b hotfix mapping. Descriptive profile, not causal effect."
promo0,promo0_s03,is_user_verified,membership_context,0.5434782608695652,1.0,0.0,1.0,0.45652173913043476,0.5434782608695652,0.533458411507192,0.010019849362373212,is_user_verified segment mean compared with scope overall,"Feature family uses 16b hotfix mapping. Descriptive profile, not causal effect."
promo0,promo0_s03,is_w1_over_50pct,weekly_usage,0.0,0.0,0.0,0.0,1.0,0.0,0.2926829268292683,-0.2926829268292683,is_w1_over_50pct segment mean compared with scope overall,"Feature family uses 16b hotfix mapping. Descriptive profile, not causal effect."
promo0,promo0_s03,is_w2_over_50pct,weekly_usage,0.09130434782608696,0.0,0.0,0.0,0.908695652173913,0.09130434782608696,0.26507638702760655,-0.1737720392015196,is_w2_over_50pct segment mean compared with scope overall,"Feature family uses 16b hotfix mapping. Descriptive profile, not causal effect."
promo0,promo0_s03,is_w3_over_50pct,weekly_usage,0.9434782608695652,1.0,1.0,1.0,0.05652173913043478,0.9434782608695652,0.28348074689538105,0.6599975139741842,is_w3_over_50pct segment mean compared with scope overall,"Feature family uses 16b hotfix mapping. Descriptive profile, not causal effect."
promo0,promo0_s03,log_retention_w2_ratio,retention_decay,0.2842280977835449,0.0,0.0,0.0,0.8608695652173913,0.2842280977835449,-0.05274997820320715,0.33697807598675206,log_retention_w2_ratio segment mean compared with scope overall,"Feature family uses 16b hotfix mapping. Descriptive profile, not causal effect."
promo0,promo0_s03,log_retention_w3_ratio,retention_decay,1.489000890199125,0.6931471805599453,0.6931471805599453,2.302585092994046,0.034782608695652174,1.489000890199125,0.006105672690947767,1.482895217508177,log_retention_w3_ratio segment mean compared with scope overall,"Feature family uses 16b hotfix mapping. Descriptive profile, not causal effect."
promo0,promo0_s03,max_daily_sessions,weekly_usage,1.373913043478261,1.0,1.0,1.0,0.0,1.373913043478261,2.700616456714018,-1.326703413235757,max_daily_sessions segment mean compared with scope overall,"Feature family uses 16b hotfix mapping. Descriptive profile, not causal effect."
promo0,promo0_s03,max_daily_watch_time_min,weekly_usage,18.082608695652173,2.0,1.0,18.75,0.0,18.082608695652173,129.54373269007417,-111.461123994422,max_daily_watch_time_min segment mean compared with scope overall,"Feature family uses 16b hotfix mapping. Descriptive profile, not causal effect."
promo0,promo0_s03,max_day_share,usage_concentration,0.9370532536227542,1.0,1.0,1.0,0.0,0.9370532536227542,0.5793775294534448,0.3576757241693094,max_day_share segment mean compared with scope overall,"Feature family uses 16b hotfix mapping. Descriptive profile, not causal effect."
promo0,promo0_s03,max_inactive_gap_days,inactivity_recency,0.908695652173913,0.0,0.0,0.0,0.8304347826086956,0.908695652173913,5.140355579379969,-4.231659927206056,max_inactive_gap_days segment mean compared with scope overall,"Feature family uses 16b hotfix mapping. Descriptive profile, not causal effect."
promo0,promo0_s03,max_watch_time_min,weekly_usage,16.908695652173915,1.0,1.0,17.75,0.0,16.908695652173915,89.82372911641204,-72.91503346423812,max_watch_time_min segment mean compared with scope overall,"Feature family uses 16b hotfix mapping. Descriptive profile, not causal effect."
promo0,promo0_s03,median_watch_time_min,weekly_usage,10.410869565217391,1.0,1.0,9.0,0.0,10.410869565217391,36.73648709014563,-26.32561752492824,median_watch_time_min segment mean compared with scope overall,"Feature family uses 16b hotfix mapping. Descriptive profile, not causal effect."
promo0,promo0_s03,movie_per_active_day,content_preference,1.1297101449275362,1.0,1.0,1.0,0.0,1.1297101449275362,1.2866422039890422,-0.15693205906150598,movie_per_active_day segment mean compared with scope overall,"Feature family uses 16b hotfix mapping. Descriptive profile, not causal effect."
promo0,promo0_s03,new_movie_in_180d_ratio,content_preference,0.3978260869565217,0.0,0.0,1.0,0.5782608695652174,0.3978260869565217,0.20504163802996464,0.19278444892655708,new_movie_in_180d_ratio segment mean compared with scope overall,"Feature family uses 16b hotfix mapping. Descriptive profile, not causal effect."
promo0,promo0_s03,new_movie_in_365d_ratio,content_preference,0.4618012422360248,0.0,0.0,1.0,0.5043478260869565,0.4618012422360248,0.2553328495553503,0.20646839268067452,new_movie_in_365d_ratio segment mean compared with scope overall,"Feature family uses 16b hotfix mapping. Descriptive profile, not causal effect."
promo0,promo0_s03,new_movie_in_90d_ratio,content_preference,0.35289855072463766,0.0,0.0,1.0,0.6173913043478261,0.35289855072463766,0.16807895402479045,0.1848195966998472,new_movie_in_90d_ratio segment mean compared with scope overall,"Feature family uses 16b hotfix mapping. Descriptive profile, not causal effect."
promo0,promo0_s03,old_movie_ratio_5y,content_preference,0.11909937888198757,0.0,0.0,0.0,0.8521739130434782,0.11909937888198757,0.16343806507152991,-0.04433868618954234,old_movie_ratio_5y segment mean compared with scope overall,"Feature family uses 16b hotfix mapping. Descriptive profile, not causal effect."
promo0,promo0_s03,other_ratio,genre_preference,0.0736432315757015,0.0,0.0,0.0,0.9173913043478261,0.0736432315757015,0.025678038969001088,0.047965192606700416,other_ratio segment mean compared with scope overall,"Feature family uses 16b hotfix mapping. Descriptive profile, not causal effect."
promo0,promo0_s03,recency,inactivity_recency,2.9130434782608696,3.0,1.0,5.0,0.10434782608695652,2.9130434782608696,6.400428839453229,-3.4873853611923598,recency segment mean compared with scope overall,"Feature family uses 16b hotfix mapping. Descriptive profile, not causal effect."
promo0,promo0_s03,reg_hour_afternoon,registration_timing_context,0.2391304347826087,0.0,0.0,0.0,0.7608695652173914,0.2391304347826087,0.2325560618243545,0.006574372958254193,reg_hour_afternoon segment mean compared with scope overall,"Feature family uses 16b hotfix mapping. Descriptive profile, not causal effect."
promo0,promo0_s03,reg_hour_evening,registration_timing_context,0.3521739130434783,0.0,0.0,1.0,0.6478260869565218,0.3521739130434783,0.33914053426248547,0.01303337878099281,reg_hour_evening segment mean compared with scope overall,"Feature family uses 16b hotfix mapping. Descriptive profile, not causal effect."
promo0,promo0_s03,reg_hour_morning,registration_timing_context,0.21739130434782608,0.0,0.0,0.0,0.782608695652174,0.21739130434782608,0.24104350933619226,-0.023652204988366177,reg_hour_morning segment mean compared with scope overall,"Feature family uses 16b hotfix mapping. Descriptive profile, not causal effect."
promo0,promo0_s03,reg_hour_night,registration_timing_context,0.19130434782608696,0.0,0.0,0.0,0.808695652173913,0.19130434782608696,0.18725989457696776,0.004044453249119201,reg_hour_night segment mean compared with scope overall,"Feature family uses 16b hotfix mapping. Descriptive profile, not causal effect."
promo0,promo0_s03,reg_is_weekend,registration_timing_context,0.30869565217391304,0.0,0.0,1.0,0.691304347826087,0.30869565217391304,0.3411953899758778,-0.032499737801964745,reg_is_weekend segment mean compared with scope overall,"Feature family uses 16b hotfix mapping. Descriptive profile, not causal effect."
promo0,promo0_s03,romance_ratio,genre_preference,0.029884057971014493,0.0,0.0,0.0,0.9565217391304348,0.029884057971014493,0.0919209309655346,-0.0620368729945201,romance_ratio segment mean compared with scope overall,"Feature family uses 16b hotfix mapping. Descriptive profile, not causal effect."
promo0,promo0_s03,sf_fantasy_ratio,genre_preference,0.08898550724637681,0.0,0.0,0.0,0.8913043478260869,0.08898550724637681,0.11760554303984866,-0.028620035793471846,sf_fantasy_ratio segment mean compared with scope overall,"Feature family uses 16b hotfix mapping. Descriptive profile, not causal effect."
promo0,promo0_s03,std_watch_time_min,weekly_usage,6.095810859286119,0.0,0.0,0.0,0.8,6.095810859286119,32.39827007597686,-26.302459216690742,std_watch_time_min segment mean compared with scope overall,"Feature family uses 16b hotfix mapping. Descriptive profile, not causal effect."
promo0,promo0_s03,thriller_crime_ratio,genre_preference,0.25361057584986346,0.0,0.0,0.4871212121212121,0.717391304347826,0.25361057584986346,0.12078344787896104,0.1328271279709024,thriller_crime_ratio segment mean compared with scope overall,"Feature family uses 16b hotfix mapping. Descriptive profile, not causal effect."
promo0,promo0_s03,total_watch_count,weekly_usage,1.6,1.0,1.0,2.0,0.0,1.6,6.615920664701153,-5.015920664701152,total_watch_count segment mean compared with scope overall,"Feature family uses 16b hotfix mapping. Descriptive profile, not causal effect."
promo0,promo0_s03,total_watch_time_min,weekly_usage,20.526086956521738,2.0,1.0,20.75,0.0,20.526086956521738,295.10774591262395,-274.5816589561022,total_watch_time_min segment mean compared with scope overall,"Feature family uses 16b hotfix mapping. Descriptive profile, not causal effect."
promo0,promo0_s03,unique_movie,content_preference,1.3478260869565217,1.0,1.0,1.0,0.0,1.3478260869565217,4.622353256499598,-3.2745271695430764,unique_movie segment mean compared with scope overall,"Feature family uses 16b hotfix mapping. Descriptive profile, not causal effect."
promo0,promo0_s03,watch_days,weekly_usage,1.208695652173913,1.0,1.0,1.0,0.0,1.208695652173913,3.5188957384079336,-2.310200086234021,watch_days segment mean compared with scope overall,"Feature family uses 16b hotfix mapping. Descriptive profile, not causal effect."
promo0,promo0_s03,watch_per_day,weekly_usage,1.3079710144927534,1.0,1.0,1.0,0.0,1.3079710144927534,1.7503894627540397,-0.4424184482612863,watch_per_day segment mean compared with scope overall,"Feature family uses 16b hotfix mapping. Descriptive profile, not causal effect."
promo0,promo0_s03,watch_ratio_under_1m,weekly_usage,0.6211697722567286,1.0,0.0,1.0,0.32608695652173914,0.6211697722567286,0.20811833146483036,0.41305144079189826,watch_ratio_under_1m segment mean compared with scope overall,"Feature family uses 16b hotfix mapping. Descriptive profile, not causal effect."
promo0,promo0_s03,watch_ratio_under_5m,weekly_usage,0.7326604554865425,1.0,0.5,1.0,0.2,0.7326604554865425,0.3041763410598437,0.42848411442669876,watch_ratio_under_5m segment mean compared with scope overall,"Feature family uses 16b hotfix mapping. Descriptive profile, not causal effect."
promo0,promo0_s03,watch_session_w1,weekly_usage,0.0,0.0,0.0,0.0,1.0,0.0,2.2379165549897255,-2.2379165549897255,watch_session_w1 segment mean compared with scope overall,"Feature family uses 16b hotfix mapping. Descriptive profile, not causal effect."
promo0,promo0_s03,watch_session_w2,weekly_usage,0.24347826086956523,0.0,0.0,0.0,0.8608695652173913,0.24347826086956523,2.1962833914053426,-1.9528051305357774,watch_session_w2 segment mean compared with scope overall,"Feature family uses 16b hotfix mapping. Descriptive profile, not causal effect."
promo0,promo0_s03,watch_session_w3,weekly_usage,1.3565217391304347,1.0,1.0,1.0,0.0,1.3565217391304347,2.1817207183060843,-0.8251989791756495,watch_session_w3 segment mean compared with scope overall,"Feature family uses 16b hotfix mapping. Descriptive profile, not causal effect."
promo0,promo0_s03,watch_time_min_w1,weekly_usage,0.0,0.0,0.0,0.0,1.0,0.0,99.51308853747878,-99.51308853747878,watch_time_min_w1 segment mean compared with scope overall,"Feature family uses 16b hotfix mapping. Descriptive profile, not causal effect."
promo0,promo0_s03,watch_time_min_w2,weekly_usage,2.9869565217391303,0.0,0.0,0.0,0.8608695652173913,2.9869565217391303,97.33556687215224,-94.34861035041311,watch_time_min_w2 segment mean compared with scope overall,"Feature family uses 16b hotfix mapping. Descriptive profile, not causal effect."
promo0,promo0_s03,watch_time_min_w3,weekly_usage,17.53913043478261,2.0,1.0,16.75,0.0,17.53913043478261,98.25909050299295,-80.71996006821034,watch_time_min_w3 segment mean compared with scope overall,"Feature family uses 16b hotfix mapping. Descriptive profile, not causal effect."
promo0,promo0_s03,weekend_watch_ratio,weekly_usage,0.39741200828157347,0.0,0.0,1.0,0.5565217391304348,0.39741200828157347,0.36568556758041426,0.03172644070115921,weekend_watch_ratio segment mean compared with scope overall,"Feature family uses 16b hotfix mapping. Descriptive profile, not causal effect."
promo0,promo0_s04,action_adventure_ratio,genre_preference,0.22892090776317267,0.0,0.0,0.5,0.5813953488372093,0.22892090776317267,0.10401231081034347,0.1249085969528292,action_adventure_ratio segment mean compared with scope overall,"Feature family uses 16b hotfix mapping. Descriptive profile, not causal effect."
promo0,promo0_s04,active_ratio,usage_concentration,0.1251384274640088,0.0952380952380952,0.0952380952380952,0.1428571428571428,0.0,0.1251384274640088,0.16756646373371106,-0.04242803626970226,active_ratio segment mean compared with scope overall,"Feature family uses 16b hotfix mapping. Descriptive profile, not causal effect."
promo0,promo0_s04,age_group,demographic_context,36.51162790697674,40.0,35.0,40.0,0.0,36.51162790697674,34.112391673367284,2.3992362336094573,age_group segment mean compared with scope overall,"Feature family uses 16b hotfix mapping. Descriptive profile, not causal effect."
promo0,promo0_s04,avg_daily_watch_time_min,weekly_usage,1.848062015503876,1.0,1.0,1.6666666666666667,0.0,1.848062015503876,74.28221302299545,-72.43415100749158,avg_daily_watch_time_min segment mean compared with scope overall,"Feature family uses 16b hotfix mapping. Descriptive profile, not causal effect."
promo0,promo0_s04,avg_gap_between_watch_days,weekly_usage,9.905038759689923,11.0,5.833333333333334,14.0,0.023255813953488372,9.905038759689923,3.316455514644232,6.58858324504569,avg_gap_between_watch_days segment mean compared with scope overall,"Feature family uses 16b hotfix mapping. Descriptive profile, not causal effect."
promo0,promo0_s04,avg_gap_w1_watch_days,weekly_usage,0.20930232558139536,0.0,0.0,0.0,0.9069767441860465,0.20930232558139536,0.6656035021888681,-0.4563011766074727,avg_gap_w1_watch_days segment mean compared with scope overall,"Feature family uses 16b hotfix mapping. Descriptive profile, not causal effect."
promo0,promo0_s04,avg_gap_w2_watch_days,weekly_usage,0.4186046511627907,0.0,0.0,0.0,0.8837209302325582,0.4186046511627907,0.6370782334196968,-0.2184735822569061,avg_gap_w2_watch_days segment mean compared with scope overall,"Feature family uses 16b hotfix mapping. Descriptive profile, not causal effect."
promo0,promo0_s04,avg_gap_w3_watch_days,weekly_usage,0.32558139534883723,0.0,0.0,0.0,0.9302325581395349,0.32558139534883723,0.6586586854879538,-0.3330772901391166,avg_gap_w3_watch_days segment mean compared with scope overall,"Feature family uses 16b hotfix mapping. Descriptive profile, not causal effect."
promo0,promo0_s04,avg_ott_release_year,content_preference,2019.3495955510616,2019.6666666666667,2018.65,2020.55,0.0,2019.3495955510616,1895.063892870746,124.28570268031558,avg_ott_release_year segment mean compared with scope overall,"Feature family uses 16b hotfix mapping. Descriptive profile, not causal effect."
promo0,promo0_s04,avg_rewatch_ratio,weekly_usage,0.11240310077519382,0.0,0.0,0.25,0.6976744186046512,0.11240310077519382,0.1493202859853718,-0.03691718521017799,avg_rewatch_ratio segment mean compared with scope overall,"Feature family uses 16b hotfix mapping. Descriptive profile, not causal effect."
promo0,promo0_s04,avg_watch_time_min,weekly_usage,1.3982558139534884,1.0,1.0,1.0,0.0,1.3982558139534884,42.372433867543016,-40.974178053589526,avg_watch_time_min segment mean compared with scope overall,"Feature family uses 16b hotfix mapping. Descriptive profile, not causal effect."
promo0,promo0_s04,comedy_ratio,genre_preference,0.11165037636220648,0.0,0.0,0.0,0.7674418604651163,0.11165037636220648,0.08955218491738821,0.02209819144481827,comedy_ratio segment mean compared with scope overall,"Feature family uses 16b hotfix mapping. Descriptive profile, not causal effect."
promo0,promo0_s04,day_count_over_3times,usage_concentration,0.13953488372093023,0.0,0.0,0.0,0.9069767441860465,0.13953488372093023,0.7109800768337353,-0.5714451931128051,day_count_over_3times segment mean compared with scope overall,"Feature family uses 16b hotfix mapping. Descriptive profile, not causal effect."
promo0,promo0_s04,diff_between_w2_w1,weekly_usage,-1.5116279069767442,-1.0,-1.0,-1.0,0.06976744186046512,-1.5116279069767442,-2.1775216653265432,0.665893758349799,diff_between_w2_w1 segment mean compared with scope overall,"Feature family uses 16b hotfix mapping. Descriptive profile, not causal effect."
promo0,promo0_s04,diff_between_w3_w1,weekly_usage,-0.6976744186046512,0.0,-1.0,0.0,0.5581395348837209,-0.6976744186046512,-1.2539980344858395,0.5563236158811883,diff_between_w3_w1 segment mean compared with scope overall,"Feature family uses 16b hotfix mapping. Descriptive profile, not causal effect."
promo0,promo0_s04,diff_between_w3_w2,weekly_usage,0.813953488372093,1.0,0.5,1.0,0.09302325581395349,0.813953488372093,0.923523630840704,-0.10957014246861096,diff_between_w3_w2 segment mean compared with scope overall,"Feature family uses 16b hotfix mapping. Descriptive profile, not causal effect."
promo0,promo0_s04,documentary_ratio,genre_preference,0.011627906976744186,0.0,0.0,0.0,0.9767441860465116,0.011627906976744186,0.01873773037954234,-0.007109823402798154,documentary_ratio segment mean compared with scope overall,"Feature family uses 16b hotfix mapping. Descriptive profile, not causal effect."
promo0,promo0_s04,drama_ratio,genre_preference,0.10310077519379846,0.0,0.0,0.1,0.7441860465116279,0.10310077519379846,0.17102508768994096,-0.0679243124961425,drama_ratio segment mean compared with scope overall,"Feature family uses 16b hotfix mapping. Descriptive profile, not causal effect."
promo0,promo0_s04,family_animation_ratio,genre_preference,0.1375968992248062,0.0,0.0,0.0,0.7674418604651163,0.1375968992248062,0.10718961867445652,0.030407280550349677,family_animation_ratio segment mean compared with scope overall,"Feature family uses 16b hotfix mapping. Descriptive profile, not causal effect."
promo0,promo0_s04,genre_diversity_count,genre_preference,2.1627906976744184,2.0,2.0,3.0,0.0,2.1627906976744184,2.8954703832752613,-0.7326796856008428,genre_diversity_count segment mean compared with scope overall,"Feature family uses 16b hotfix mapping. Descriptive profile, not causal effect."
promo0,promo0_s04,historical_war_ratio,genre_preference,0.07093023255813953,0.0,0.0,0.0,0.7674418604651163,0.07093023255813953,0.06709609308945219,0.0038341394686873392,historical_war_ratio segment mean compared with scope overall,"Feature family uses 16b hotfix mapping. Descriptive profile, not causal effect."
promo0,promo0_s04,horror_ratio,genre_preference,0.01744186046511628,0.0,0.0,0.0,0.9534883720930233,0.01744186046511628,0.025557416158567516,-0.008115555693451237,horror_ratio segment mean compared with scope overall,"Feature family uses 16b hotfix mapping. Descriptive profile, not causal effect."
promo0,promo0_s04,is_basic,membership_context,0.7441860465116279,1.0,0.5,1.0,0.2558139534883721,0.7441860465116279,0.6567497543107299,0.08743629220089799,is_basic segment mean compared with scope overall,"Feature family uses 16b hotfix mapping. Descriptive profile, not causal effect."
promo0,promo0_s04,is_churn_prevented,historical_churn_prevention_context,0.11627906976744186,0.0,0.0,0.0,0.8837209302325582,0.11627906976744186,0.20477083891718037,-0.08849176914973851,is_churn_prevented segment mean compared with scope overall,"Feature family uses 16b hotfix mapping. Descriptive profile, not causal effect."
promo0,promo0_s04,is_cold_start_3d_fixed,onboarding_activation,0.3488372093023256,0.0,0.0,1.0,0.6511627906976745,0.3488372093023256,0.3894398284642187,-0.040602619161893116,is_cold_start_3d_fixed segment mean compared with scope overall,"Feature family uses 16b hotfix mapping. Descriptive profile, not causal effect."
promo0,promo0_s04,is_cold_start_7d_fixed,onboarding_activation,1.0,1.0,1.0,1.0,0.0,1.0,0.6414723487894219,0.35852765121057806,is_cold_start_7d_fixed segment mean compared with scope overall,"Feature family uses 16b hotfix mapping. Descriptive profile, not causal effect."
promo0,promo0_s04,is_female,demographic_context,0.4883720930232558,0.0,0.0,1.0,0.5116279069767442,0.4883720930232558,0.4459036898061288,0.04246840321712697,is_female segment mean compared with scope overall,"Feature family uses 16b hotfix mapping. Descriptive profile, not causal effect."
promo0,promo0_s04,is_male,demographic_context,0.09302325581395349,0.0,0.0,0.0,0.9069767441860465,0.09302325581395349,0.241400875547217,-0.14837761973326352,is_male segment mean compared with scope overall,"Feature family uses 16b hotfix mapping. Descriptive profile, not causal effect."
promo0,promo0_s04,is_only_w1,week_specific_usage_pattern,0.0,0.0,0.0,0.0,1.0,0.0,0.10184937014205307,-0.10184937014205307,is_only_w1 segment mean compared with scope overall,"Feature family uses 16b hotfix mapping. Descriptive profile, not causal effect."
promo0,promo0_s04,is_only_w2,week_specific_usage_pattern,0.0,0.0,0.0,0.0,1.0,0.0,0.08317698561601,-0.08317698561601,is_only_w2 segment mean compared with scope overall,"Feature family uses 16b hotfix mapping. Descriptive profile, not causal effect."
promo0,promo0_s04,is_only_w3,week_specific_usage_pattern,0.023255813953488372,0.0,0.0,0.0,0.9767441860465116,0.023255813953488372,0.0975609756097561,-0.07430516165626773,is_only_w3 segment mean compared with scope overall,"Feature family uses 16b hotfix mapping. Descriptive profile, not causal effect."
promo0,promo0_s04,is_premium,membership_context,0.023255813953488372,0.0,0.0,0.0,0.9767441860465116,0.023255813953488372,0.09800768337353703,-0.07475186942004866,is_premium segment mean compared with scope overall,"Feature family uses 16b hotfix mapping. Descriptive profile, not causal effect."
promo0,promo0_s04,is_standard,membership_context,0.23255813953488372,0.0,0.0,0.0,0.7674418604651163,0.23255813953488372,0.24524256231573305,-0.01268442278084933,is_standard segment mean compared with scope overall,"Feature family uses 16b hotfix mapping. Descriptive profile, not causal effect."
promo0,promo0_s04,is_user_verified,membership_context,0.37209302325581395,0.0,0.0,1.0,0.627906976744186,0.37209302325581395,0.533458411507192,-0.16136538825137803,is_user_verified segment mean compared with scope overall,"Feature family uses 16b hotfix mapping. Descriptive profile, not causal effect."
promo0,promo0_s04,is_w1_over_50pct,weekly_usage,0.6976744186046512,1.0,0.0,1.0,0.3023255813953488,0.6976744186046512,0.2926829268292683,0.4049914917753829,is_w1_over_50pct segment mean compared with scope overall,"Feature family uses 16b hotfix mapping. Descriptive profile, not causal effect."
promo0,promo0_s04,is_w2_over_50pct,weekly_usage,0.11627906976744186,0.0,0.0,0.0,0.8837209302325582,0.11627906976744186,0.26507638702760655,-0.1487973172601647,is_w2_over_50pct segment mean compared with scope overall,"Feature family uses 16b hotfix mapping. Descriptive profile, not causal effect."
promo0,promo0_s04,is_w3_over_50pct,weekly_usage,0.6046511627906976,1.0,0.0,1.0,0.3953488372093023,0.6046511627906976,0.28348074689538105,0.3211704158953166,is_w3_over_50pct segment mean compared with scope overall,"Feature family uses 16b hotfix mapping. Descriptive profile, not causal effect."
promo0,promo0_s04,log_retention_w2_ratio,retention_decay,-0.5407418297218073,-0.6931471805599453,-0.6931471805599453,-0.4054651081081644,0.06976744186046512,-0.5407418297218073,-0.05274997820320715,-0.48799185151860014,log_retention_w2_ratio segment mean compared with scope overall,"Feature family uses 16b hotfix mapping. Descriptive profile, not causal effect."
promo0,promo0_s04,log_retention_w3_ratio,retention_decay,0.4638091097544551,0.6931471805599453,0.2027325540540822,0.6931471805599453,0.09302325581395349,0.4638091097544551,0.006105672690947767,0.45770343706350736,log_retention_w3_ratio segment mean compared with scope overall,"Feature family uses 16b hotfix mapping. Descriptive profile, not causal effect."
promo0,promo0_s04,max_daily_sessions,weekly_usage,1.558139534883721,1.0,1.0,2.0,0.0,1.558139534883721,2.700616456714018,-1.1424769218302968,max_daily_sessions segment mean compared with scope overall,"Feature family uses 16b hotfix mapping. Descriptive profile, not causal effect."
promo0,promo0_s04,max_daily_watch_time_min,weekly_usage,2.7674418604651163,1.0,1.0,2.0,0.0,2.7674418604651163,129.54373269007417,-126.77629082960905,max_daily_watch_time_min segment mean compared with scope overall,"Feature family uses 16b hotfix mapping. Descriptive profile, not causal effect."
promo0,promo0_s04,max_day_share,usage_concentration,0.4906134142231209,0.5,0.5,0.5,0.0,0.4906134142231209,0.5793775294534448,-0.0887641152303239,max_day_share segment mean compared with scope overall,"Feature family uses 16b hotfix mapping. Descriptive profile, not causal effect."
promo0,promo0_s04,max_inactive_gap_days,inactivity_recency,11.162790697674419,12.0,8.5,14.0,0.023255813953488372,11.162790697674419,5.140355579379969,6.0224351182944496,max_inactive_gap_days segment mean compared with scope overall,"Feature family uses 16b hotfix mapping. Descriptive profile, not causal effect."
promo0,promo0_s04,max_watch_time_min,weekly_usage,2.2093023255813953,1.0,1.0,1.0,0.0,2.2093023255813953,89.82372911641204,-87.61442679083065,max_watch_time_min segment mean compared with scope overall,"Feature family uses 16b hotfix mapping. Descriptive profile, not causal effect."
promo0,promo0_s04,median_watch_time_min,weekly_usage,1.2209302325581395,1.0,1.0,1.0,0.0,1.2209302325581395,36.73648709014563,-35.51555685758749,median_watch_time_min segment mean compared with scope overall,"Feature family uses 16b hotfix mapping. Descriptive profile, not causal effect."
promo0,promo0_s04,movie_per_active_day,content_preference,1.0728682170542636,1.0,1.0,1.125,0.0,1.0728682170542636,1.2866422039890422,-0.21377398693477856,movie_per_active_day segment mean compared with scope overall,"Feature family uses 16b hotfix mapping. Descriptive profile, not causal effect."
promo0,promo0_s04,new_movie_in_180d_ratio,content_preference,0.44825581395348835,0.5,0.0,0.775,0.3953488372093023,0.44825581395348835,0.20504163802996464,0.2432141759235237,new_movie_in_180d_ratio segment mean compared with scope overall,"Feature family uses 16b hotfix mapping. Descriptive profile, not causal effect."
promo0,promo0_s04,new_movie_in_365d_ratio,content_preference,0.5602713178294574,0.5,0.125,1.0,0.2558139534883721,0.5602713178294574,0.2553328495553503,0.3049384682741071,new_movie_in_365d_ratio segment mean compared with scope overall,"Feature family uses 16b hotfix mapping. Descriptive profile, not causal effect."
promo0,promo0_s04,new_movie_in_90d_ratio,content_preference,0.39554263565891473,0.3333333333333333,0.0,0.75,0.4186046511627907,0.39554263565891473,0.16807895402479045,0.22746368163412428,new_movie_in_90d_ratio segment mean compared with scope overall,"Feature family uses 16b hotfix mapping. Descriptive profile, not causal effect."
promo0,promo0_s04,old_movie_ratio_5y,content_preference,0.06395348837209303,0.0,0.0,0.0,0.8604651162790697,0.06395348837209303,0.16343806507152991,-0.09948457669943689,old_movie_ratio_5y segment mean compared with scope overall,"Feature family uses 16b hotfix mapping. Descriptive profile, not causal effect."
promo0,promo0_s04,other_ratio,genre_preference,0.031007751937984496,0.0,0.0,0.0,0.9302325581395349,0.031007751937984496,0.025678038969001088,0.005329712968983408,other_ratio segment mean compared with scope overall,"Feature family uses 16b hotfix mapping. Descriptive profile, not causal effect."
promo0,promo0_s04,recency,inactivity_recency,3.0,3.0,1.0,5.0,0.13953488372093023,3.0,6.400428839453229,-3.4004288394532294,recency segment mean compared with scope overall,"Feature family uses 16b hotfix mapping. Descriptive profile, not causal effect."
promo0,promo0_s04,reg_hour_afternoon,registration_timing_context,0.3023255813953488,0.0,0.0,1.0,0.6976744186046512,0.3023255813953488,0.2325560618243545,0.06976951957099431,reg_hour_afternoon segment mean compared with scope overall,"Feature family uses 16b hotfix mapping. Descriptive profile, not causal effect."
promo0,promo0_s04,reg_hour_evening,registration_timing_context,0.3488372093023256,0.0,0.0,1.0,0.6511627906976745,0.3488372093023256,0.33914053426248547,0.00969667503984012,reg_hour_evening segment mean compared with scope overall,"Feature family uses 16b hotfix mapping. Descriptive profile, not causal effect."
promo0,promo0_s04,reg_hour_morning,registration_timing_context,0.20930232558139536,0.0,0.0,0.0,0.7906976744186046,0.20930232558139536,0.24104350933619226,-0.0317411837547969,reg_hour_morning segment mean compared with scope overall,"Feature family uses 16b hotfix mapping. Descriptive profile, not causal effect."
promo0,promo0_s04,reg_hour_night,registration_timing_context,0.13953488372093023,0.0,0.0,0.0,0.8604651162790697,0.13953488372093023,0.18725989457696776,-0.04772501085603753,reg_hour_night segment mean compared with scope overall,"Feature family uses 16b hotfix mapping. Descriptive profile, not causal effect."
promo0,promo0_s04,reg_is_weekend,registration_timing_context,0.3953488372093023,0.0,0.0,1.0,0.6046511627906976,0.3953488372093023,0.3411953899758778,0.05415344723342452,reg_is_weekend segment mean compared with scope overall,"Feature family uses 16b hotfix mapping. Descriptive profile, not causal effect."
promo0,promo0_s04,romance_ratio,genre_preference,0.07785642062689585,0.0,0.0,0.0,0.7906976744186046,0.07785642062689585,0.0919209309655346,-0.014064510338638744,romance_ratio segment mean compared with scope overall,"Feature family uses 16b hotfix mapping. Descriptive profile, not causal effect."
promo0,promo0_s04,sf_fantasy_ratio,genre_preference,0.11006066734074824,0.0,0.0,0.0,0.7674418604651163,0.11006066734074824,0.11760554303984866,-0.007544875699100423,sf_fantasy_ratio segment mean compared with scope overall,"Feature family uses 16b hotfix mapping. Descriptive profile, not causal effect."
promo0,promo0_s04,std_watch_time_min,weekly_usage,0.4921182094180323,0.0,0.0,0.0,0.7674418604651163,0.4921182094180323,32.39827007597686,-31.90615186655883,std_watch_time_min segment mean compared with scope overall,"Feature family uses 16b hotfix mapping. Descriptive profile, not causal effect."
promo0,promo0_s04,thriller_crime_ratio,genre_preference,0.09980620155038758,0.0,0.0,0.0,0.7906976744186046,0.09980620155038758,0.12078344787896104,-0.020977246328573465,thriller_crime_ratio segment mean compared with scope overall,"Feature family uses 16b hotfix mapping. Descriptive profile, not causal effect."
promo0,promo0_s04,total_watch_count,weekly_usage,3.441860465116279,3.0,2.0,4.0,0.0,3.441860465116279,6.615920664701153,-3.174060199584874,total_watch_count segment mean compared with scope overall,"Feature family uses 16b hotfix mapping. Descriptive profile, not causal effect."
promo0,promo0_s04,total_watch_time_min,weekly_usage,5.604651162790698,3.0,2.0,4.5,0.0,5.604651162790698,295.10774591262395,-289.5030947498333,total_watch_time_min segment mean compared with scope overall,"Feature family uses 16b hotfix mapping. Descriptive profile, not causal effect."
promo0,promo0_s04,unique_movie,content_preference,2.7906976744186047,2.0,2.0,4.0,0.0,2.7906976744186047,4.622353256499598,-1.8316555820809932,unique_movie segment mean compared with scope overall,"Feature family uses 16b hotfix mapping. Descriptive profile, not causal effect."
promo0,promo0_s04,watch_days,weekly_usage,2.627906976744186,2.0,2.0,3.0,0.0,2.627906976744186,3.5188957384079336,-0.8909887616637477,watch_days segment mean compared with scope overall,"Feature family uses 16b hotfix mapping. Descriptive profile, not causal effect."
promo0,promo0_s04,watch_per_day,weekly_usage,1.2697674418604652,1.0,1.0,1.5,0.0,1.2697674418604652,1.7503894627540397,-0.48062202089357453,watch_per_day segment mean compared with scope overall,"Feature family uses 16b hotfix mapping. Descriptive profile, not causal effect."
promo0,promo0_s04,watch_ratio_under_1m,weekly_usage,0.8963178294573643,1.0,1.0,1.0,0.0,0.8963178294573643,0.20811833146483036,0.6881994979925339,watch_ratio_under_1m segment mean compared with scope overall,"Feature family uses 16b hotfix mapping. Descriptive profile, not causal effect."
promo0,promo0_s04,watch_ratio_under_5m,weekly_usage,0.977906976744186,1.0,1.0,1.0,0.0,0.977906976744186,0.3041763410598437,0.6737306356843423,watch_ratio_under_5m segment mean compared with scope overall,"Feature family uses 16b hotfix mapping. Descriptive profile, not causal effect."
promo0,promo0_s04,watch_session_w1,weekly_usage,1.372093023255814,1.0,1.0,2.0,0.023255813953488372,1.372093023255814,2.2379165549897255,-0.8658235317339116,watch_session_w1 segment mean compared with scope overall,"Feature family uses 16b hotfix mapping. Descriptive profile, not causal effect."
promo0,promo0_s04,watch_session_w2,weekly_usage,0.6744186046511628,0.0,0.0,1.0,0.6511627906976745,0.6744186046511628,2.1962833914053426,-1.52186478675418,watch_session_w2 segment mean compared with scope overall,"Feature family uses 16b hotfix mapping. Descriptive profile, not causal effect."
promo0,promo0_s04,watch_session_w3,weekly_usage,1.3953488372093024,1.0,1.0,1.5,0.0,1.3953488372093024,2.1817207183060843,-0.7863718810967819,watch_session_w3 segment mean compared with scope overall,"Feature family uses 16b hotfix mapping. Descriptive profile, not causal effect."
promo0,promo0_s04,watch_time_min_w1,weekly_usage,2.604651162790698,1.0,1.0,2.0,0.023255813953488372,2.604651162790698,99.51308853747878,-96.90843737468808,watch_time_min_w1 segment mean compared with scope overall,"Feature family uses 16b hotfix mapping. Descriptive profile, not causal effect."
promo0,promo0_s04,watch_time_min_w2,weekly_usage,1.0930232558139534,0.0,0.0,1.0,0.6511627906976745,1.0930232558139534,97.33556687215224,-96.2425436163383,watch_time_min_w2 segment mean compared with scope overall,"Feature family uses 16b hotfix mapping. Descriptive profile, not causal effect."
promo0,promo0_s04,watch_time_min_w3,weekly_usage,1.9069767441860466,1.0,1.0,2.0,0.0,1.9069767441860466,98.25909050299295,-96.3521137588069,watch_time_min_w3 segment mean compared with scope overall,"Feature family uses 16b hotfix mapping. Descriptive profile, not causal effect."
promo0,promo0_s04,weekend_watch_ratio,weekly_usage,0.37926356589147286,0.4,0.0,0.5,0.3023255813953488,0.37926356589147286,0.36568556758041426,0.013577998311058603,weekend_watch_ratio segment mean compared with scope overall,"Feature family uses 16b hotfix mapping. Descriptive profile, not causal effect."
promo0,promo0_s05,action_adventure_ratio,genre_preference,0.10181955849205006,0.0031298904538341,0.0,0.1646632423756019,0.47168882323978334,0.10181955849205006,0.10401231081034347,-0.0021927523182934117,action_adventure_ratio segment mean compared with scope overall,"Feature family uses 16b hotfix mapping. Descriptive profile, not causal effect."
promo0,promo0_s05,active_ratio,usage_concentration,0.3321844739865419,0.2857142857142857,0.238095238095238,0.3809523809523809,0.0,0.3321844739865419,0.16756646373371106,0.16461801025283082,active_ratio segment mean compared with scope overall,"Feature family uses 16b hotfix mapping. Descriptive profile, not causal effect."
promo0,promo0_s05,age_group,demographic_context,34.032496307237814,40.0,30.0,40.0,0.0,34.032496307237814,34.112391673367284,-0.07989536612947035,age_group segment mean compared with scope overall,"Feature family uses 16b hotfix mapping. Descriptive profile, not causal effect."
promo0,promo0_s05,avg_daily_watch_time_min,weekly_usage,92.41727600129994,85.7,60.78888888888889,117.14285714285714,0.0,92.41727600129994,74.28221302299545,18.13506297830449,avg_daily_watch_time_min segment mean compared with scope overall,"Feature family uses 16b hotfix mapping. Descriptive profile, not causal effect."
promo0,promo0_s05,avg_gap_between_watch_days,weekly_usage,2.7508220051678034,2.7142857142857144,2.0,3.4,0.0,2.7508220051678034,3.316455514644232,-0.5656335094764287,avg_gap_between_watch_days segment mean compared with scope overall,"Feature family uses 16b hotfix mapping. Descriptive profile, not causal effect."
promo0,promo0_s05,avg_gap_w1_watch_days,weekly_usage,1.1687182012145083,1.0,0.0,2.0,0.4244214672575086,1.1687182012145083,0.6656035021888681,0.5031146990256402,avg_gap_w1_watch_days segment mean compared with scope overall,"Feature family uses 16b hotfix mapping. Descriptive profile, not causal effect."
promo0,promo0_s05,avg_gap_w2_watch_days,weekly_usage,1.521811915312654,1.2,1.0,2.0,0.21171836533727229,1.521811915312654,0.6370782334196968,0.8847336818929571,avg_gap_w2_watch_days segment mean compared with scope overall,"Feature family uses 16b hotfix mapping. Descriptive profile, not causal effect."
promo0,promo0_s05,avg_gap_w3_watch_days,weekly_usage,1.634777613655014,1.3333333333333333,1.0,2.0,0.17232890201870998,1.634777613655014,0.6586586854879538,0.9761189281670603,avg_gap_w3_watch_days segment mean compared with scope overall,"Feature family uses 16b hotfix mapping. Descriptive profile, not causal effect."
promo0,promo0_s05,avg_ott_release_year,content_preference,2017.6117538778499,2017.4817170111287,2016.6754357055274,2018.5257288958596,0.0,2017.6117538778499,1895.063892870746,122.54786100710385,avg_ott_release_year segment mean compared with scope overall,"Feature family uses 16b hotfix mapping. Descriptive profile, not causal effect."
promo0,promo0_s05,avg_rewatch_ratio,weekly_usage,0.18988919643950086,0.2,0.125,0.25,0.08616445100935499,0.18988919643950086,0.1493202859853718,0.040568910454129053,avg_rewatch_ratio segment mean compared with scope overall,"Feature family uses 16b hotfix mapping. Descriptive profile, not causal effect."
promo0,promo0_s05,avg_watch_time_min,weekly_usage,51.318774239877044,50.0,34.51470588235294,66.94117647058823,0.0,51.318774239877044,42.372433867543016,8.946340372334028,avg_watch_time_min segment mean compared with scope overall,"Feature family uses 16b hotfix mapping. Descriptive profile, not causal effect."
promo0,promo0_s05,comedy_ratio,genre_preference,0.08486216956367305,0.0,0.0,0.13899419563494608,0.5150172328902018,0.08486216956367305,0.08955218491738821,-0.00469001535371516,comedy_ratio segment mean compared with scope overall,"Feature family uses 16b hotfix mapping. Descriptive profile, not causal effect."
promo0,promo0_s05,day_count_over_3times,usage_concentration,1.432299359921221,1.0,0.0,2.0,0.32200886262924666,1.432299359921221,0.7109800768337353,0.7213192830874857,day_count_over_3times segment mean compared with scope overall,"Feature family uses 16b hotfix mapping. Descriptive profile, not causal effect."
promo0,promo0_s05,diff_between_w2_w1,weekly_usage,56.71294928606598,41.0,-52.0,164.5,0.015755785327424915,56.71294928606598,-2.1775216653265432,58.89047095139252,diff_between_w2_w1 segment mean compared with scope overall,"Feature family uses 16b hotfix mapping. Descriptive profile, not causal effect."
promo0,promo0_s05,diff_between_w3_w1,weekly_usage,95.78778926637125,64.0,-46.5,214.0,0.0029542097488921715,95.78778926637125,-1.2539980344858395,97.0417873008571,diff_between_w3_w1 segment mean compared with scope overall,"Feature family uses 16b hotfix mapping. Descriptive profile, not causal effect."
promo0,promo0_s05,diff_between_w3_w2,weekly_usage,39.07483998030527,7.0,-100.0,132.5,0.0019694731659281144,39.07483998030527,0.923523630840704,38.151316349464565,diff_between_w3_w2 segment mean compared with scope overall,"Feature family uses 16b hotfix mapping. Descriptive profile, not causal effect."
promo0,promo0_s05,documentary_ratio,genre_preference,0.018689295723159353,0.0,0.0,0.0,0.8133924175283112,0.018689295723159353,0.01873773037954234,-4.8434656382986135e-05,documentary_ratio segment mean compared with scope overall,"Feature family uses 16b hotfix mapping. Descriptive profile, not causal effect."
promo0,promo0_s05,drama_ratio,genre_preference,0.1845669076182639,0.1316725978647686,0.0,0.2990043571290225,0.2880354505169867,0.1845669076182639,0.17102508768994096,0.013541819928322929,drama_ratio segment mean compared with scope overall,"Feature family uses 16b hotfix mapping. Descriptive profile, not causal effect."
promo0,promo0_s05,family_animation_ratio,genre_preference,0.11112439474883203,0.0,0.0,0.103772585642284,0.637124569177745,0.11112439474883203,0.10718961867445652,0.003934776074375507,family_animation_ratio segment mean compared with scope overall,"Feature family uses 16b hotfix mapping. Descriptive profile, not causal effect."
promo0,promo0_s05,genre_diversity_count,genre_preference,4.58247168882324,4.0,3.0,6.0,0.0,4.58247168882324,2.8954703832752613,1.687001305547979,genre_diversity_count segment mean compared with scope overall,"Feature family uses 16b hotfix mapping. Descriptive profile, not causal effect."
promo0,promo0_s05,historical_war_ratio,genre_preference,0.09244872648300026,0.0,0.0,0.14335623801193004,0.6080748399803053,0.09244872648300026,0.06709609308945219,0.02535263339354807,historical_war_ratio segment mean compared with scope overall,"Feature family uses 16b hotfix mapping. Descriptive profile, not causal effect."
promo0,promo0_s05,horror_ratio,genre_preference,0.028456850480233456,0.0,0.0,0.0,0.7971442639094042,0.028456850480233456,0.025557416158567516,0.0028994343216659398,horror_ratio segment mean compared with scope overall,"Feature family uses 16b hotfix mapping. Descriptive profile, not causal effect."
promo0,promo0_s05,is_basic,membership_context,0.6587887740029542,1.0,0.0,1.0,0.3412112259970458,0.6587887740029542,0.6567497543107299,0.0020390196922243087,is_basic segment mean compared with scope overall,"Feature family uses 16b hotfix mapping. Descriptive profile, not causal effect."
promo0,promo0_s05,is_churn_prevented,historical_churn_prevention_context,0.22451994091580502,0.0,0.0,0.0,0.7754800590841949,0.22451994091580502,0.20477083891718037,0.019749101998624646,is_churn_prevented segment mean compared with scope overall,"Feature family uses 16b hotfix mapping. Descriptive profile, not causal effect."
promo0,promo0_s05,is_cold_start_3d_fixed,onboarding_activation,0.5534219596258001,1.0,0.0,1.0,0.4465780403741999,0.5534219596258001,0.3894398284642187,0.1639821311615814,is_cold_start_3d_fixed segment mean compared with scope overall,"Feature family uses 16b hotfix mapping. Descriptive profile, not causal effect."
promo0,promo0_s05,is_cold_start_7d_fixed,onboarding_activation,0.8399803052683407,1.0,1.0,1.0,0.16001969473165928,0.8399803052683407,0.6414723487894219,0.19850795647891872,is_cold_start_7d_fixed segment mean compared with scope overall,"Feature family uses 16b hotfix mapping. Descriptive profile, not causal effect."
promo0,promo0_s05,is_female,demographic_context,0.4554406696208764,0.0,0.0,1.0,0.5445593303791236,0.4554406696208764,0.4459036898061288,0.009536979814747604,is_female segment mean compared with scope overall,"Feature family uses 16b hotfix mapping. Descriptive profile, not causal effect."
promo0,promo0_s05,is_male,demographic_context,0.24322993599212211,0.0,0.0,0.0,0.7567700640078779,0.24322993599212211,0.241400875547217,0.0018290604449051062,is_male segment mean compared with scope overall,"Feature family uses 16b hotfix mapping. Descriptive profile, not causal effect."
promo0,promo0_s05,is_only_w1,week_specific_usage_pattern,0.0,0.0,0.0,0.0,1.0,0.0,0.10184937014205307,-0.10184937014205307,is_only_w1 segment mean compared with scope overall,"Feature family uses 16b hotfix mapping. Descriptive profile, not causal effect."
promo0,promo0_s05,is_only_w2,week_specific_usage_pattern,0.0,0.0,0.0,0.0,1.0,0.0,0.08317698561601,-0.08317698561601,is_only_w2 segment mean compared with scope overall,"Feature family uses 16b hotfix mapping. Descriptive profile, not causal effect."
promo0,promo0_s05,is_only_w3,week_specific_usage_pattern,0.010832102412604629,0.0,0.0,0.0,0.9891678975873953,0.010832102412604629,0.0975609756097561,-0.08672887319715147,is_only_w3 segment mean compared with scope overall,"Feature family uses 16b hotfix mapping. Descriptive profile, not causal effect."
promo0,promo0_s05,is_premium,membership_context,0.09798129000492369,0.0,0.0,0.0,0.9020187099950763,0.09798129000492369,0.09800768337353703,-2.6393368613347734e-05,is_premium segment mean compared with scope overall,"Feature family uses 16b hotfix mapping. Descriptive profile, not causal effect."
promo0,promo0_s05,is_standard,membership_context,0.24322993599212211,0.0,0.0,0.0,0.7567700640078779,0.24322993599212211,0.24524256231573305,-0.002012626323610933,is_standard segment mean compared with scope overall,"Feature family uses 16b hotfix mapping. Descriptive profile, not causal effect."
promo0,promo0_s05,is_user_verified,membership_context,0.5386509108813392,1.0,0.0,1.0,0.46134908911866074,0.5386509108813392,0.533458411507192,0.00519249937414723,is_user_verified segment mean compared with scope overall,"Feature family uses 16b hotfix mapping. Descriptive profile, not causal effect."
promo0,promo0_s05,is_w1_over_50pct,weekly_usage,0.10585918266863614,0.0,0.0,0.0,0.8941408173313639,0.10585918266863614,0.2926829268292683,-0.18682374416063213,is_w1_over_50pct segment mean compared with scope overall,"Feature family uses 16b hotfix mapping. Descriptive profile, not causal effect."
promo0,promo0_s05,is_w2_over_50pct,weekly_usage,0.20827178729689808,0.0,0.0,0.0,0.7917282127031019,0.20827178729689808,0.26507638702760655,-0.05680459973070848,is_w2_over_50pct segment mean compared with scope overall,"Feature family uses 16b hotfix mapping. Descriptive profile, not causal effect."
promo0,promo0_s05,is_w3_over_50pct,weekly_usage,0.2978828163466273,0.0,0.0,1.0,0.7021171836533727,0.2978828163466273,0.28348074689538105,0.014402069451246224,is_w3_over_50pct segment mean compared with scope overall,"Feature family uses 16b hotfix mapping. Descriptive profile, not causal effect."
promo0,promo0_s05,log_retention_w2_ratio,retention_decay,1.0877811835114757,0.3554802006663896,-0.366089332153206,1.7892278182497816,0.015755785327424915,1.0877811835114757,-0.05274997820320715,1.1405311617146827,log_retention_w2_ratio segment mean compared with scope overall,"Feature family uses 16b hotfix mapping. Descriptive profile, not causal effect."
promo0,promo0_s05,log_retention_w3_ratio,retention_decay,0.22820398007361886,0.0527505653855289,-0.6051873640523963,0.7656957490114943,0.0019694731659281144,0.22820398007361886,0.006105672690947767,0.22209830738267108,log_retention_w3_ratio segment mean compared with scope overall,"Feature family uses 16b hotfix mapping. Descriptive profile, not causal effect."
promo0,promo0_s05,max_daily_sessions,weekly_usage,3.654849827671098,3.0,2.0,4.0,0.0,3.654849827671098,2.700616456714018,0.95423337095708,max_daily_sessions segment mean compared with scope overall,"Feature family uses 16b hotfix mapping. Descriptive profile, not causal effect."
promo0,promo0_s05,max_daily_watch_time_min,weekly_usage,195.55489906450023,174.0,119.0,242.0,0.0,195.55489906450023,129.54373269007417,66.01116637442607,max_daily_watch_time_min segment mean compared with scope overall,"Feature family uses 16b hotfix mapping. Descriptive profile, not causal effect."
promo0,promo0_s05,max_day_share,usage_concentration,0.3297646889257663,0.3091286307053942,0.24718278654764714,0.38960202767614416,0.0,0.3297646889257663,0.5793775294534448,-0.24961284052767846,max_day_share segment mean compared with scope overall,"Feature family uses 16b hotfix mapping. Descriptive profile, not causal effect."
promo0,promo0_s05,max_inactive_gap_days,inactivity_recency,5.94190054160512,6.0,4.0,7.0,0.0,5.94190054160512,5.140355579379969,0.8015449622251509,max_inactive_gap_days segment mean compared with scope overall,"Feature family uses 16b hotfix mapping. Descriptive profile, not causal effect."
promo0,promo0_s05,max_watch_time_min,weekly_usage,124.22845888724765,124.0,103.0,147.0,0.0,124.22845888724765,89.82372911641204,34.404729770835615,max_watch_time_min segment mean compared with scope overall,"Feature family uses 16b hotfix mapping. Descriptive profile, not causal effect."
promo0,promo0_s05,median_watch_time_min,weekly_usage,44.93328409650419,39.0,16.0,71.0,0.0,44.93328409650419,36.73648709014563,8.196797006358558,median_watch_time_min segment mean compared with scope overall,"Feature family uses 16b hotfix mapping. Descriptive profile, not causal effect."
promo0,promo0_s05,movie_per_active_day,content_preference,1.2525345574031728,1.1666666666666667,0.8571428571428571,1.5,0.0,1.2525345574031728,1.2866422039890422,-0.0341076465858694,movie_per_active_day segment mean compared with scope overall,"Feature family uses 16b hotfix mapping. Descriptive profile, not causal effect."
promo0,promo0_s05,new_movie_in_180d_ratio,content_preference,0.17159402052979175,0.0,0.0,0.3,0.5130477597242737,0.17159402052979175,0.20504163802996464,-0.03344761750017289,new_movie_in_180d_ratio segment mean compared with scope overall,"Feature family uses 16b hotfix mapping. Descriptive profile, not causal effect."
promo0,promo0_s05,new_movie_in_365d_ratio,content_preference,0.22199841634472323,0.1,0.0,0.3902439024390244,0.40620384047267355,0.22199841634472323,0.2553328495553503,-0.03333443321062707,new_movie_in_365d_ratio segment mean compared with scope overall,"Feature family uses 16b hotfix mapping. Descriptive profile, not causal effect."
promo0,promo0_s05,new_movie_in_90d_ratio,content_preference,0.13654579806960776,0.0,0.0,0.2083333333333333,0.5647464303298868,0.13654579806960776,0.16807895402479045,-0.03153315595518269,new_movie_in_90d_ratio segment mean compared with scope overall,"Feature family uses 16b hotfix mapping. Descriptive profile, not causal effect."
promo0,promo0_s05,old_movie_ratio_5y,content_preference,0.1905416807063237,0.1538461538461538,0.0,0.2857142857142857,0.27031019202363366,0.1905416807063237,0.16343806507152991,0.0271036156347938,old_movie_ratio_5y segment mean compared with scope overall,"Feature family uses 16b hotfix mapping. Descriptive profile, not causal effect."
promo0,promo0_s05,other_ratio,genre_preference,0.024437162846740572,0.0,0.0,0.0,0.8306253077301822,0.024437162846740572,0.025678038969001088,-0.001240876122260516,other_ratio segment mean compared with scope overall,"Feature family uses 16b hotfix mapping. Descriptive profile, not causal effect."
promo0,promo0_s05,recency,inactivity_recency,1.6223535204332842,1.0,0.0,3.0,0.3687838503200394,1.6223535204332842,6.400428839453229,-4.778075319019945,recency segment mean compared with scope overall,"Feature family uses 16b hotfix mapping. Descriptive profile, not causal effect."
promo0,promo0_s05,reg_hour_afternoon,registration_timing_context,0.23929098966026588,0.0,0.0,0.0,0.7607090103397341,0.23929098966026588,0.2325560618243545,0.0067349278359113696,reg_hour_afternoon segment mean compared with scope overall,"Feature family uses 16b hotfix mapping. Descriptive profile, not causal effect."
promo0,promo0_s05,reg_hour_evening,registration_timing_context,0.31954702117183653,0.0,0.0,1.0,0.6804529788281635,0.31954702117183653,0.33914053426248547,-0.01959351309064894,reg_hour_evening segment mean compared with scope overall,"Feature family uses 16b hotfix mapping. Descriptive profile, not causal effect."
promo0,promo0_s05,reg_hour_morning,registration_timing_context,0.2516001969473166,0.0,0.0,1.0,0.7483998030526834,0.2516001969473166,0.24104350933619226,0.010556687611124355,reg_hour_morning segment mean compared with scope overall,"Feature family uses 16b hotfix mapping. Descriptive profile, not causal effect."
promo0,promo0_s05,reg_hour_night,registration_timing_context,0.189561792220581,0.0,0.0,0.0,0.810438207779419,0.189561792220581,0.18725989457696776,0.0023018976436132432,reg_hour_night segment mean compared with scope overall,"Feature family uses 16b hotfix mapping. Descriptive profile, not causal effect."
promo0,promo0_s05,reg_is_weekend,registration_timing_context,0.34465780403741997,0.0,0.0,1.0,0.65534219596258,0.34465780403741997,0.3411953899758778,0.003462414061542185,reg_is_weekend segment mean compared with scope overall,"Feature family uses 16b hotfix mapping. Descriptive profile, not causal effect."
promo0,promo0_s05,romance_ratio,genre_preference,0.10225696553138977,0.0,0.0,0.16261420571765395,0.5100935499753816,0.10225696553138977,0.0919209309655346,0.010336034565855176,romance_ratio segment mean compared with scope overall,"Feature family uses 16b hotfix mapping. Descriptive profile, not causal effect."
promo0,promo0_s05,sf_fantasy_ratio,genre_preference,0.12228019736030782,0.0,0.0,0.17842559447912826,0.5288035450516987,0.12228019736030782,0.11760554303984866,0.0046746543204591595,sf_fantasy_ratio segment mean compared with scope overall,"Feature family uses 16b hotfix mapping. Descriptive profile, not causal effect."
promo0,promo0_s05,std_watch_time_min,weekly_usage,41.90502241054882,42.89028937972934,34.33074312679832,50.58502174701133,0.0014771048744460858,41.90502241054882,32.39827007597686,9.506752334571956,std_watch_time_min segment mean compared with scope overall,"Feature family uses 16b hotfix mapping. Descriptive profile, not causal effect."
promo0,promo0_s05,thriller_crime_ratio,genre_preference,0.1290577711523496,0.0329113924050632,0.0,0.2141583149312043,0.4175283111767602,0.1290577711523496,0.12078344787896104,0.008274323273388548,thriller_crime_ratio segment mean compared with scope overall,"Feature family uses 16b hotfix mapping. Descriptive profile, not causal effect."
promo0,promo0_s05,total_watch_count,weekly_usage,13.16543574593796,11.0,9.0,16.0,0.0,13.16543574593796,6.615920664701153,6.549515081236808,total_watch_count segment mean compared with scope overall,"Feature family uses 16b hotfix mapping. Descriptive profile, not causal effect."
promo0,promo0_s05,total_watch_time_min,weekly_usage,651.930576070901,563.0,385.0,816.5,0.0,651.930576070901,295.10774591262395,356.82283015827704,total_watch_time_min segment mean compared with scope overall,"Feature family uses 16b hotfix mapping. Descriptive profile, not causal effect."
promo0,promo0_s05,unique_movie,content_preference,8.708517971442639,8.0,6.0,11.0,0.0,8.708517971442639,4.622353256499598,4.086164714943041,unique_movie segment mean compared with scope overall,"Feature family uses 16b hotfix mapping. Descriptive profile, not causal effect."
promo0,promo0_s05,watch_days,weekly_usage,6.975873953717381,6.0,5.0,8.0,0.0,6.975873953717381,3.5188957384079336,3.456978215309447,watch_days segment mean compared with scope overall,"Feature family uses 16b hotfix mapping. Descriptive profile, not causal effect."
promo0,promo0_s05,watch_per_day,weekly_usage,1.8701263159272565,1.6666666666666667,1.375,2.1666666666666665,0.0,1.8701263159272565,1.7503894627540397,0.1197368531732168,watch_per_day segment mean compared with scope overall,"Feature family uses 16b hotfix mapping. Descriptive profile, not causal effect."
promo0,promo0_s05,watch_ratio_under_1m,weekly_usage,0.15926791411665595,0.1176470588235294,0.0,0.25,0.30379123584441164,0.15926791411665595,0.20811833146483036,-0.04885041734817441,watch_ratio_under_1m segment mean compared with scope overall,"Feature family uses 16b hotfix mapping. Descriptive profile, not causal effect."
promo0,promo0_s05,watch_ratio_under_5m,weekly_usage,0.2461968303160749,0.217391304347826,0.1,0.375,0.16395864106351551,0.2461968303160749,0.3041763410598437,-0.05797951074376881,watch_ratio_under_5m segment mean compared with scope overall,"Feature family uses 16b hotfix mapping. Descriptive profile, not causal effect."
promo0,promo0_s05,watch_session_w1,weekly_usage,3.466765140324963,3.0,1.0,5.0,0.16149679960610536,3.466765140324963,2.2379165549897255,1.2288485853352373,watch_session_w1 segment mean compared with scope overall,"Feature family uses 16b hotfix mapping. Descriptive profile, not causal effect."
promo0,promo0_s05,watch_session_w2,weekly_usage,4.573116691285081,4.0,2.0,6.0,0.014278680452978828,4.573116691285081,2.1962833914053426,2.376833299879739,watch_session_w2 segment mean compared with scope overall,"Feature family uses 16b hotfix mapping. Descriptive profile, not causal effect."
promo0,promo0_s05,watch_session_w3,weekly_usage,5.125553914327917,4.0,3.0,6.0,0.0,5.125553914327917,2.1817207183060843,2.943833196021833,watch_session_w3 segment mean compared with scope overall,"Feature family uses 16b hotfix mapping. Descriptive profile, not causal effect."
promo0,promo0_s05,watch_time_min_w1,weekly_usage,166.4766125061546,115.0,13.0,240.0,0.16149679960610536,166.4766125061546,99.51308853747878,66.96352396867582,watch_time_min_w1 segment mean compared with scope overall,"Feature family uses 16b hotfix mapping. Descriptive profile, not causal effect."
promo0,promo0_s05,watch_time_min_w2,weekly_usage,223.1895617922206,180.0,101.0,296.5,0.014278680452978828,223.1895617922206,97.33556687215224,125.85399492006835,watch_time_min_w2 segment mean compared with scope overall,"Feature family uses 16b hotfix mapping. Descriptive profile, not causal effect."
promo0,promo0_s05,watch_time_min_w3,weekly_usage,262.26440177252584,200.0,114.0,326.0,0.0,262.26440177252584,98.25909050299295,164.0053112695329,watch_time_min_w3 segment mean compared with scope overall,"Feature family uses 16b hotfix mapping. Descriptive profile, not causal effect."
promo0,promo0_s05,weekend_watch_ratio,weekly_usage,0.3415467686654465,0.3,0.1428571428571428,0.5,0.0999507631708518,0.3415467686654465,0.36568556758041426,-0.024138798914967785,weekend_watch_ratio segment mean compared with scope overall,"Feature family uses 16b hotfix mapping. Descriptive profile, not causal effect."
promo0,promo0_s99,action_adventure_ratio,genre_preference,0.0853595269557468,0.0,0.0,0.0113636363636363,0.708672667523932,0.0853595269557468,0.10401231081034347,-0.018652783854596663,action_adventure_ratio segment mean compared with scope overall,"Feature family uses 16b hotfix mapping. Descriptive profile, not causal effect."
promo0,promo0_s99,active_ratio,usage_concentration,0.14199307384048057,0.1428571428571428,0.0952380952380952,0.1904761904761904,0.09729961423060438,0.14199307384048057,0.16756646373371106,-0.02557338989323049,active_ratio segment mean compared with scope overall,"Feature family uses 16b hotfix mapping. Descriptive profile, not causal effect."
promo0,promo0_s99,age_group,demographic_context,34.217745392198886,40.0,30.0,40.0,0.0,34.217745392198886,34.112391673367284,0.10535371883160138,age_group segment mean compared with scope overall,"Feature family uses 16b hotfix mapping. Descriptive profile, not causal effect."
promo0,promo0_s99,avg_daily_watch_time_min,weekly_usage,76.84879152098398,68.25,32.5,107.5,0.09729961423060438,76.84879152098398,74.28221302299545,2.56657849798853,avg_daily_watch_time_min segment mean compared with scope overall,"Feature family uses 16b hotfix mapping. Descriptive profile, not causal effect."
promo0,promo0_s99,avg_gap_between_watch_days,weekly_usage,3.8225787385131578,3.2,1.0,5.5,0.22931847406772396,3.8225787385131578,3.316455514644232,0.5061232238689257,avg_gap_between_watch_days segment mean compared with scope overall,"Feature family uses 16b hotfix mapping. Descriptive profile, not causal effect."
promo0,promo0_s99,avg_gap_w1_watch_days,weekly_usage,0.5274610658665524,0.0,0.0,1.0,0.7498214030575796,0.5274610658665524,0.6656035021888681,-0.1381424363223157,avg_gap_w1_watch_days segment mean compared with scope overall,"Feature family uses 16b hotfix mapping. Descriptive profile, not causal effect."
promo0,promo0_s99,avg_gap_w2_watch_days,weekly_usage,0.5054555412678001,0.0,0.0,1.0,0.7429632804686384,0.5054555412678001,0.6370782334196968,-0.1316226921518967,avg_gap_w2_watch_days segment mean compared with scope overall,"Feature family uses 16b hotfix mapping. Descriptive profile, not causal effect."
promo0,promo0_s99,avg_gap_w3_watch_days,weekly_usage,0.568314521122065,0.0,0.0,1.0,0.7312473210458637,0.568314521122065,0.6586586854879538,-0.09034416436588877,avg_gap_w3_watch_days segment mean compared with scope overall,"Feature family uses 16b hotfix mapping. Descriptive profile, not causal effect."
promo0,promo0_s99,avg_ott_release_year,content_preference,1821.4343553476579,2017.435855263158,2016.0400573065901,2019.0,0.09729961423060438,1821.4343553476579,1895.063892870746,-73.62953752308817,avg_ott_release_year segment mean compared with scope overall,"Feature family uses 16b hotfix mapping. Descriptive profile, not causal effect."
promo0,promo0_s99,avg_rewatch_ratio,weekly_usage,0.14588504676332567,0.1428571428571428,0.0,0.25,0.41334476353764826,0.14588504676332567,0.1493202859853718,-0.003435239222046138,avg_rewatch_ratio segment mean compared with scope overall,"Feature family uses 16b hotfix mapping. Descriptive profile, not causal effect."
promo0,promo0_s99,avg_watch_time_min,weekly_usage,43.76155525092174,39.66666666666666,18.6,63.607692307692304,0.09729961423060438,43.76155525092174,42.372433867543016,1.389121383378722,avg_watch_time_min segment mean compared with scope overall,"Feature family uses 16b hotfix mapping. Descriptive profile, not causal effect."
promo0,promo0_s99,comedy_ratio,genre_preference,0.09049102770242502,0.0,0.0,0.02130496453900705,0.701957422488927,0.09049102770242502,0.08955218491738821,0.0009388427850368086,comedy_ratio segment mean compared with scope overall,"Feature family uses 16b hotfix mapping. Descriptive profile, not causal effect."
promo0,promo0_s99,day_count_over_3times,usage_concentration,0.6223746249464209,0.0,0.0,1.0,0.578511215887984,0.6223746249464209,0.7109800768337353,-0.08860545188731439,day_count_over_3times segment mean compared with scope overall,"Feature family uses 16b hotfix mapping. Descriptive profile, not causal effect."
promo0,promo0_s99,diff_between_w2_w1,weekly_usage,0.2857551078725532,0.0,-58.0,77.0,0.22460351478782684,0.2857551078725532,-2.1775216653265432,2.4632767731990963,diff_between_w2_w1 segment mean compared with scope overall,"Feature family uses 16b hotfix mapping. Descriptive profile, not causal effect."
promo0,promo0_s99,diff_between_w3_w1,weekly_usage,-4.2300328618374055,0.0,-52.0,76.0,0.20145735105015003,-4.2300328618374055,-1.2539980344858395,-2.976034827351566,diff_between_w3_w1 segment mean compared with scope overall,"Feature family uses 16b hotfix mapping. Descriptive profile, not causal effect."
promo0,promo0_s99,diff_between_w3_w2,weekly_usage,-4.515787969709959,0.0,-93.0,96.0,0.12230318616945278,-4.515787969709959,0.923523630840704,-5.439311600550663,diff_between_w3_w2 segment mean compared with scope overall,"Feature family uses 16b hotfix mapping. Descriptive profile, not causal effect."
promo0,promo0_s99,documentary_ratio,genre_preference,0.01888588893369497,0.0,0.0,0.0,0.9102728961280183,0.01888588893369497,0.01873773037954234,0.00014815855415262896,documentary_ratio segment mean compared with scope overall,"Feature family uses 16b hotfix mapping. Descriptive profile, not causal effect."
promo0,promo0_s99,drama_ratio,genre_preference,0.18153624563987067,0.0,0.0,0.2905063760608739,0.5233604800685813,0.18153624563987067,0.17102508768994096,0.010511157949929711,drama_ratio segment mean compared with scope overall,"Feature family uses 16b hotfix mapping. Descriptive profile, not causal effect."
promo0,promo0_s99,family_animation_ratio,genre_preference,0.1145884200811451,0.0,0.0,0.0,0.7518216888126875,0.1145884200811451,0.10718961867445652,0.007398801406688582,family_animation_ratio segment mean compared with scope overall,"Feature family uses 16b hotfix mapping. Descriptive profile, not causal effect."
promo0,promo0_s99,genre_diversity_count,genre_preference,2.700814402057437,3.0,1.0,4.0,0.09729961423060438,2.700814402057437,2.8954703832752613,-0.19465598121782435,genre_diversity_count segment mean compared with scope overall,"Feature family uses 16b hotfix mapping. Descriptive profile, not causal effect."
promo0,promo0_s99,historical_war_ratio,genre_preference,0.06162188518666669,0.0,0.0,0.0,0.8089727103871982,0.06162188518666669,0.06709609308945219,-0.005474207902785501,historical_war_ratio segment mean compared with scope overall,"Feature family uses 16b hotfix mapping. Descriptive profile, not causal effect."
promo0,promo0_s99,horror_ratio,genre_preference,0.019687638844769692,0.0,0.0,0.0,0.901843120445778,0.019687638844769692,0.025557416158567516,-0.005869777313797824,horror_ratio segment mean compared with scope overall,"Feature family uses 16b hotfix mapping. Descriptive profile, not causal effect."
promo0,promo0_s99,is_basic,membership_context,0.6550935847978283,1.0,0.0,1.0,0.34490641520217175,0.6550935847978283,0.6567497543107299,-0.0016561695129015952,is_basic segment mean compared with scope overall,"Feature family uses 16b hotfix mapping. Descriptive profile, not causal effect."
promo0,promo0_s99,is_churn_prevented,historical_churn_prevention_context,0.19531361623089014,0.0,0.0,0.0,0.8046863837691098,0.19531361623089014,0.20477083891718037,-0.009457222686290234,is_churn_prevented segment mean compared with scope overall,"Feature family uses 16b hotfix mapping. Descriptive profile, not causal effect."
promo0,promo0_s99,is_cold_start_3d_fixed,onboarding_activation,0.3219031290184312,0.0,0.0,1.0,0.6780968709815688,0.3219031290184312,0.3894398284642187,-0.0675366994457875,is_cold_start_3d_fixed segment mean compared with scope overall,"Feature family uses 16b hotfix mapping. Descriptive profile, not causal effect."
promo0,promo0_s99,is_cold_start_7d_fixed,onboarding_activation,0.5395056436633805,1.0,0.0,1.0,0.4604943563366195,0.5395056436633805,0.6414723487894219,-0.10196670512604145,is_cold_start_7d_fixed segment mean compared with scope overall,"Feature family uses 16b hotfix mapping. Descriptive profile, not causal effect."
promo0,promo0_s99,is_female,demographic_context,0.4453493356193742,0.0,0.0,1.0,0.5546506643806258,0.4453493356193742,0.4459036898061288,-0.0005543541867546464,is_female segment mean compared with scope overall,"Feature family uses 16b hotfix mapping. Descriptive profile, not causal effect."
promo0,promo0_s99,is_male,demographic_context,0.23717673953421917,0.0,0.0,0.0,0.7628232604657809,0.23717673953421917,0.241400875547217,-0.004224136012997842,is_male segment mean compared with scope overall,"Feature family uses 16b hotfix mapping. Descriptive profile, not causal effect."
promo0,promo0_s99,is_only_w1,week_specific_usage_pattern,0.022288898414059153,0.0,0.0,0.0,0.9777111015859409,0.022288898414059153,0.10184937014205307,-0.07956047172799392,is_only_w1 segment mean compared with scope overall,"Feature family uses 16b hotfix mapping. Descriptive profile, not causal effect."
promo0,promo0_s99,is_only_w2,week_specific_usage_pattern,0.10072867552507501,0.0,0.0,0.0,0.899271324474925,0.10072867552507501,0.08317698561601,0.017551689909065013,is_only_w2 segment mean compared with scope overall,"Feature family uses 16b hotfix mapping. Descriptive profile, not causal effect."
promo0,promo0_s99,is_only_w3,week_specific_usage_pattern,0.12444634947849693,0.0,0.0,0.0,0.875553650521503,0.12444634947849693,0.0975609756097561,0.026885373868740833,is_only_w3 segment mean compared with scope overall,"Feature family uses 16b hotfix mapping. Descriptive profile, not causal effect."
promo0,promo0_s99,is_premium,membership_context,0.09544220602943278,0.0,0.0,0.0,0.9045577939705672,0.09544220602943278,0.09800768337353703,-0.0025654773441042555,is_premium segment mean compared with scope overall,"Feature family uses 16b hotfix mapping. Descriptive profile, not causal effect."
promo0,promo0_s99,is_standard,membership_context,0.24946420917273895,0.0,0.0,0.0,0.7505357908272611,0.24946420917273895,0.24524256231573305,0.004221646857005906,is_standard segment mean compared with scope overall,"Feature family uses 16b hotfix mapping. Descriptive profile, not causal effect."
promo0,promo0_s99,is_user_verified,membership_context,0.5272181740248607,1.0,0.0,1.0,0.4727818259751393,0.5272181740248607,0.533458411507192,-0.006240237482331268,is_user_verified segment mean compared with scope overall,"Feature family uses 16b hotfix mapping. Descriptive profile, not causal effect."
promo0,promo0_s99,is_w1_over_50pct,weekly_usage,0.21645949421345906,0.0,0.0,0.0,0.7835405057865409,0.21645949421345906,0.2926829268292683,-0.07622343261580922,is_w1_over_50pct segment mean compared with scope overall,"Feature family uses 16b hotfix mapping. Descriptive profile, not causal effect."
promo0,promo0_s99,is_w2_over_50pct,weekly_usage,0.3049007001000143,0.0,0.0,1.0,0.6950992998999858,0.3049007001000143,0.26507638702760655,0.03982431307240775,is_w2_over_50pct segment mean compared with scope overall,"Feature family uses 16b hotfix mapping. Descriptive profile, not causal effect."
promo0,promo0_s99,is_w3_over_50pct,weekly_usage,0.33190455779397054,0.0,0.0,1.0,0.6680954422060295,0.33190455779397054,0.28348074689538105,0.04842381089858949,is_w3_over_50pct segment mean compared with scope overall,"Feature family uses 16b hotfix mapping. Descriptive profile, not causal effect."
promo0,promo0_s99,log_retention_w2_ratio,retention_decay,0.17844076293852454,0.0,-1.4277618514499193,2.302585092994046,0.22460351478782684,0.17844076293852454,-0.05274997820320715,0.2311907411417317,log_retention_w2_ratio segment mean compared with scope overall,"Feature family uses 16b hotfix mapping. Descriptive profile, not causal effect."
promo0,promo0_s99,log_retention_w3_ratio,retention_decay,0.20757364033855183,0.0,-2.6821376671699175,3.574216545793796,0.12230318616945278,0.20757364033855183,0.006105672690947767,0.20146796764760405,log_retention_w3_ratio segment mean compared with scope overall,"Feature family uses 16b hotfix mapping. Descriptive profile, not causal effect."
promo0,promo0_s99,max_daily_sessions,weekly_usage,2.6168024003429062,2.0,1.0,3.0,0.09729961423060438,2.6168024003429062,2.700616456714018,-0.08381405637111161,max_daily_sessions segment mean compared with scope overall,"Feature family uses 16b hotfix mapping. Descriptive profile, not causal effect."
promo0,promo0_s99,max_daily_watch_time_min,weekly_usage,128.55736533790542,113.0,60.0,175.0,0.09729961423060438,128.55736533790542,129.54373269007417,-0.9863673521687417,max_daily_watch_time_min segment mean compared with scope overall,"Feature family uses 16b hotfix mapping. Descriptive profile, not causal effect."
promo0,promo0_s99,max_day_share,usage_concentration,0.5774101335075178,0.5535714285714286,0.389375960496813,0.8333333333333334,0.09729961423060438,0.5774101335075178,0.5793775294534448,-0.0019673959459269863,max_day_share segment mean compared with scope overall,"Feature family uses 16b hotfix mapping. Descriptive profile, not causal effect."
promo0,promo0_s99,max_inactive_gap_days,inactivity_recency,5.631804543506215,6.0,1.0,9.0,0.22931847406772396,5.631804543506215,5.140355579379969,0.4914489641262456,max_inactive_gap_days segment mean compared with scope overall,"Feature family uses 16b hotfix mapping. Descriptive profile, not causal effect."
promo0,promo0_s99,max_watch_time_min,weekly_usage,90.42620374339191,101.0,51.0,125.0,0.09729961423060438,90.42620374339191,89.82372911641204,0.6024746269798698,max_watch_time_min segment mean compared with scope overall,"Feature family uses 16b hotfix mapping. Descriptive profile, not causal effect."
promo0,promo0_s99,median_watch_time_min,weekly_usage,37.867123874839265,25.0,4.0,63.0,0.09729961423060438,37.867123874839265,36.73648709014563,1.1306367846936354,median_watch_time_min segment mean compared with scope overall,"Feature family uses 16b hotfix mapping. Descriptive profile, not causal effect."
promo0,promo0_s99,movie_per_active_day,content_preference,1.2852113242919072,1.0,1.0,1.6,0.09729961423060438,1.2852113242919072,1.2866422039890422,-0.0014308796971349569,movie_per_active_day segment mean compared with scope overall,"Feature family uses 16b hotfix mapping. Descriptive profile, not causal effect."
promo0,promo0_s99,new_movie_in_180d_ratio,content_preference,0.18740703805324127,0.0,0.0,0.3333333333333333,0.6225175025003572,0.18740703805324127,0.20504163802996464,-0.01763459997672337,new_movie_in_180d_ratio segment mean compared with scope overall,"Feature family uses 16b hotfix mapping. Descriptive profile, not causal effect."
promo0,promo0_s99,new_movie_in_365d_ratio,content_preference,0.23416234944708067,0.0,0.0,0.4285714285714285,0.5513644806400915,0.23416234944708067,0.2553328495553503,-0.021170500108269624,new_movie_in_365d_ratio segment mean compared with scope overall,"Feature family uses 16b hotfix mapping. Descriptive profile, not causal effect."
promo0,promo0_s99,new_movie_in_90d_ratio,content_preference,0.15548022026885558,0.0,0.0,0.2222222222222222,0.6679525646520932,0.15548022026885558,0.16807895402479045,-0.012598733755934871,new_movie_in_90d_ratio segment mean compared with scope overall,"Feature family uses 16b hotfix mapping. Descriptive profile, not causal effect."
promo0,promo0_s99,old_movie_ratio_5y,content_preference,0.16016418329301868,0.0,0.0,0.25,0.5606515216459494,0.16016418329301868,0.16343806507152991,-0.003273881778511234,old_movie_ratio_5y segment mean compared with scope overall,"Feature family uses 16b hotfix mapping. Descriptive profile, not causal effect."
promo0,promo0_s99,other_ratio,genre_preference,0.027534461122075138,0.0,0.0,0.0,0.901843120445778,0.027534461122075138,0.025678038969001088,0.00185642215307405,other_ratio segment mean compared with scope overall,"Feature family uses 16b hotfix mapping. Descriptive profile, not causal effect."
promo0,promo0_s99,recency,inactivity_recency,6.153736248035433,4.0,1.0,9.0,0.15345049292756108,6.153736248035433,6.400428839453229,-0.24669259141779598,recency segment mean compared with scope overall,"Feature family uses 16b hotfix mapping. Descriptive profile, not causal effect."
promo0,promo0_s99,reg_hour_afternoon,registration_timing_context,0.2338905557936848,0.0,0.0,0.0,0.7661094442063152,0.2338905557936848,0.2325560618243545,0.0013344939693303026,reg_hour_afternoon segment mean compared with scope overall,"Feature family uses 16b hotfix mapping. Descriptive profile, not causal effect."
promo0,promo0_s99,reg_hour_evening,registration_timing_context,0.3421917416773825,0.0,0.0,1.0,0.6578082583226175,0.3421917416773825,0.33914053426248547,0.003051207414897006,reg_hour_evening segment mean compared with scope overall,"Feature family uses 16b hotfix mapping. Descriptive profile, not causal effect."
promo0,promo0_s99,reg_hour_morning,registration_timing_context,0.2400342906129447,0.0,0.0,0.0,0.7599657093870553,0.2400342906129447,0.24104350933619226,-0.0010092187232475514,reg_hour_morning segment mean compared with scope overall,"Feature family uses 16b hotfix mapping. Descriptive profile, not causal effect."
promo0,promo0_s99,reg_hour_night,registration_timing_context,0.183883411915988,0.0,0.0,0.0,0.816116588084012,0.183883411915988,0.18725989457696776,-0.003376482660979757,reg_hour_night segment mean compared with scope overall,"Feature family uses 16b hotfix mapping. Descriptive profile, not causal effect."
promo0,promo0_s99,reg_is_weekend,registration_timing_context,0.34662094584940706,0.0,0.0,1.0,0.6533790541505929,0.34662094584940706,0.3411953899758778,0.005425555873529275,reg_is_weekend segment mean compared with scope overall,"Feature family uses 16b hotfix mapping. Descriptive profile, not causal effect."
promo0,promo0_s99,romance_ratio,genre_preference,0.09764502683337749,0.0,0.0,0.03130523037079805,0.6945277896842406,0.09764502683337749,0.0919209309655346,0.005724095867842893,romance_ratio segment mean compared with scope overall,"Feature family uses 16b hotfix mapping. Descriptive profile, not causal effect."
promo0,promo0_s99,sf_fantasy_ratio,genre_preference,0.10803339842974774,0.0,0.0,0.0115606936416184,0.7186740962994713,0.10803339842974774,0.11760554303984866,-0.009572144610100919,sf_fantasy_ratio segment mean compared with scope overall,"Feature family uses 16b hotfix mapping. Descriptive profile, not causal effect."
promo0,promo0_s99,std_watch_time_min,weekly_usage,33.15398447709293,36.3318042491699,9.176672633183015,49.56140960490025,0.17245320760108587,33.15398447709293,32.39827007597686,0.755714401116073,std_watch_time_min segment mean compared with scope overall,"Feature family uses 16b hotfix mapping. Descriptive profile, not causal effect."
promo0,promo0_s99,thriller_crime_ratio,genre_preference,0.09731686603987624,0.0,0.0,0.06504466523187591,0.6772396056579512,0.09731686603987624,0.12078344787896104,-0.023466581839084802,thriller_crime_ratio segment mean compared with scope overall,"Feature family uses 16b hotfix mapping. Descriptive profile, not causal effect."
promo0,promo0_s99,total_watch_count,weekly_usage,5.7046720960137165,5.0,2.0,8.0,0.09729961423060438,5.7046720960137165,6.615920664701153,-0.9112485686874363,total_watch_count segment mean compared with scope overall,"Feature family uses 16b hotfix mapping. Descriptive profile, not causal effect."
promo0,promo0_s99,total_watch_time_min,weekly_usage,249.5777968281183,194.0,83.0,345.0,0.09729961423060438,249.5777968281183,295.10774591262395,-45.52994908450566,total_watch_time_min segment mean compared with scope overall,"Feature family uses 16b hotfix mapping. Descriptive profile, not causal effect."
promo0,promo0_s99,unique_movie,content_preference,4.079297042434633,3.0,2.0,5.0,0.09729961423060438,4.079297042434633,4.622353256499598,-0.5430562140649648,unique_movie segment mean compared with scope overall,"Feature family uses 16b hotfix mapping. Descriptive profile, not causal effect."
promo0,promo0_s99,watch_days,weekly_usage,2.981854550650093,3.0,2.0,4.0,0.09729961423060438,2.981854550650093,3.5188957384079336,-0.5370411877578407,watch_days segment mean compared with scope overall,"Feature family uses 16b hotfix mapping. Descriptive profile, not causal effect."
promo0,promo0_s99,watch_per_day,weekly_usage,1.7407308995714483,1.5,1.0,2.0,0.09729961423060438,1.7407308995714483,1.7503894627540397,-0.009658563182591395,watch_per_day segment mean compared with scope overall,"Feature family uses 16b hotfix mapping. Descriptive profile, not causal effect."
promo0,promo0_s99,watch_ratio_under_1m,weekly_usage,0.17267755292342968,0.0454545454545454,0.0,0.3333333333333333,0.4993570510072868,0.17267755292342968,0.20811833146483036,-0.03544077854140068,watch_ratio_under_1m segment mean compared with scope overall,"Feature family uses 16b hotfix mapping. Descriptive profile, not causal effect."
promo0,promo0_s99,watch_ratio_under_5m,weekly_usage,0.2662641432138899,0.2,0.0,0.5,0.3769109872838977,0.2662641432138899,0.3041763410598437,-0.03791219784595379,watch_ratio_under_5m segment mean compared with scope overall,"Feature family uses 16b hotfix mapping. Descriptive profile, not causal effect."
promo0,promo0_s99,watch_session_w1,weekly_usage,1.8548364052007429,1.0,0.0,3.0,0.46206600942991854,1.8548364052007429,2.2379165549897255,-0.38308014978898264,watch_session_w1 segment mean compared with scope overall,"Feature family uses 16b hotfix mapping. Descriptive profile, not causal effect."
promo0,promo0_s99,watch_session_w2,weekly_usage,1.929704243463352,1.0,0.0,3.0,0.41077296756679527,1.929704243463352,2.1962833914053426,-0.26657914794199056,watch_session_w2 segment mean compared with scope overall,"Feature family uses 16b hotfix mapping. Descriptive profile, not causal effect."
promo0,promo0_s99,watch_session_w3,weekly_usage,1.9201314473496214,1.0,0.0,3.0,0.3429061294470639,1.9201314473496214,2.1817207183060843,-0.2615892709564629,watch_session_w3 segment mean compared with scope overall,"Feature family uses 16b hotfix mapping. Descriptive profile, not causal effect."
promo0,promo0_s99,watch_time_min_w1,weekly_usage,84.50735819402772,3.0,0.0,118.0,0.46206600942991854,84.50735819402772,99.51308853747878,-15.005730343451063,watch_time_min_w1 segment mean compared with scope overall,"Feature family uses 16b hotfix mapping. Descriptive profile, not causal effect."
promo0,promo0_s99,watch_time_min_w2,weekly_usage,84.79311330190028,12.0,0.0,120.0,0.41077296756679527,84.79311330190028,97.33556687215224,-12.542453570251965,watch_time_min_w2 segment mean compared with scope overall,"Feature family uses 16b hotfix mapping. Descriptive profile, not causal effect."
promo0,promo0_s99,watch_time_min_w3,weekly_usage,80.27732533219032,25.0,0.0,121.0,0.3429061294470639,80.27732533219032,98.25909050299295,-17.981765170802632,watch_time_min_w3 segment mean compared with scope overall,"Feature family uses 16b hotfix mapping. Descriptive profile, not causal effect."
promo0,promo0_s99,weekend_watch_ratio,weekly_usage,0.36542744231037183,0.2857142857142857,0.0,0.6666666666666666,0.3639091298756965,0.36542744231037183,0.36568556758041426,-0.0002581252700424308,weekend_watch_ratio segment mean compared with scope overall,"Feature family uses 16b hotfix mapping. Descriptive profile, not causal effect."
promo1,promo1_s01,action_adventure_ratio,genre_preference,0.16170735305062195,0.0,0.0,0.10907176788560036,0.6952941176470588,0.16170735305062195,0.10503267271109874,0.056674680339523206,action_adventure_ratio segment mean compared with scope overall,"Feature family uses 16b hotfix mapping. Descriptive profile, not causal effect."
promo1,promo1_s01,active_ratio,usage_concentration,0.09098039215686271,0.0476190476190476,0.0476190476190476,0.0952380952380952,0.0,0.09098039215686271,0.17032690092165892,-0.07934650876479621,active_ratio segment mean compared with scope overall,"Feature family uses 16b hotfix mapping. Descriptive profile, not causal effect."
promo1,promo1_s01,age_group,demographic_context,29.25294117647059,30.0,20.0,40.0,0.0,29.25294117647059,29.533770161290324,-0.28082898481973473,age_group segment mean compared with scope overall,"Feature family uses 16b hotfix mapping. Descriptive profile, not causal effect."
promo1,promo1_s01,avg_daily_watch_time_min,weekly_usage,55.412369747899156,44.0,6.0,85.54166666666667,0.0,55.412369747899156,73.38366250860248,-17.971292760703328,avg_daily_watch_time_min segment mean compared with scope overall,"Feature family uses 16b hotfix mapping. Descriptive profile, not causal effect."
promo1,promo1_s01,avg_gap_between_watch_days,weekly_usage,1.6668716153127918,0.0,0.0,2.6666666666666665,0.5129411764705882,1.6668716153127918,3.2703307247095053,-1.6034591093967134,avg_gap_between_watch_days segment mean compared with scope overall,"Feature family uses 16b hotfix mapping. Descriptive profile, not causal effect."
promo1,promo1_s01,avg_gap_w1_watch_days,weekly_usage,0.6660490196078431,0.0,0.0,1.0,0.6705882352941176,0.6660490196078431,0.6760836693548388,-0.010034649746995639,avg_gap_w1_watch_days segment mean compared with scope overall,"Feature family uses 16b hotfix mapping. Descriptive profile, not causal effect."
promo1,promo1_s01,avg_gap_w2_watch_days,weekly_usage,0.19960784313725494,0.0,0.0,0.0,0.9,0.19960784313725494,0.6610677083333334,-0.46145986519607846,avg_gap_w2_watch_days segment mean compared with scope overall,"Feature family uses 16b hotfix mapping. Descriptive profile, not causal effect."
promo1,promo1_s01,avg_gap_w3_watch_days,weekly_usage,0.0,0.0,0.0,0.0,1.0,0.0,0.6938060035842293,-0.6938060035842293,avg_gap_w3_watch_days segment mean compared with scope overall,"Feature family uses 16b hotfix mapping. Descriptive profile, not causal effect."
promo1,promo1_s01,avg_ott_release_year,content_preference,2018.0376205439209,2018.0501253132834,2016.8136363636359,2019.981509884117,0.0,2018.0376205439209,1891.3823413038297,126.6552792400912,avg_ott_release_year segment mean compared with scope overall,"Feature family uses 16b hotfix mapping. Descriptive profile, not causal effect."
promo1,promo1_s01,avg_rewatch_ratio,weekly_usage,0.12711761282233416,0.0,0.0,0.25,0.5847058823529412,0.12711761282233416,0.14934732641950532,-0.022229713597171158,avg_rewatch_ratio segment mean compared with scope overall,"Feature family uses 16b hotfix mapping. Descriptive profile, not causal effect."
promo1,promo1_s01,avg_watch_time_min,weekly_usage,32.89973870208738,28.0,4.0,49.135416666666664,0.0,32.89973870208738,42.43707840714719,-9.537339705059807,avg_watch_time_min segment mean compared with scope overall,"Feature family uses 16b hotfix mapping. Descriptive profile, not causal effect."
promo1,promo1_s01,comedy_ratio,genre_preference,0.0932571377594782,0.0,0.0,0.0,0.8,0.0932571377594782,0.08751082885013868,0.005746308909339526,comedy_ratio segment mean compared with scope overall,"Feature family uses 16b hotfix mapping. Descriptive profile, not causal effect."
promo1,promo1_s01,day_count_over_3times,usage_concentration,0.33,0.0,0.0,1.0,0.7282352941176471,0.33,0.7086693548387096,-0.3786693548387096,day_count_over_3times segment mean compared with scope overall,"Feature family uses 16b hotfix mapping. Descriptive profile, not causal effect."
promo1,promo1_s01,diff_between_w2_w1,weekly_usage,-72.83411764705882,-36.5,-114.0,-1.0,0.008823529411764706,-72.83411764705882,-2.313508064516129,-70.52060958254269,diff_between_w2_w1 segment mean compared with scope overall,"Feature family uses 16b hotfix mapping. Descriptive profile, not causal effect."
promo1,promo1_s01,diff_between_w3_w1,weekly_usage,-93.75176470588235,-61.0,-136.25,-2.0,0.15823529411764706,-93.75176470588235,-1.3274529569892473,-92.4243117488931,diff_between_w3_w1 segment mean compared with scope overall,"Feature family uses 16b hotfix mapping. Descriptive profile, not causal effect."
promo1,promo1_s01,diff_between_w3_w2,weekly_usage,-20.91764705882353,0.0,-8.0,0.0,0.5511764705882353,-20.91764705882353,0.9860551075268817,-21.90370216635041,diff_between_w3_w2 segment mean compared with scope overall,"Feature family uses 16b hotfix mapping. Descriptive profile, not causal effect."
promo1,promo1_s01,documentary_ratio,genre_preference,0.02163286676052855,0.0,0.0,0.0,0.9505882352941176,0.02163286676052855,0.018507653296977396,0.003125213463551154,documentary_ratio segment mean compared with scope overall,"Feature family uses 16b hotfix mapping. Descriptive profile, not causal effect."
promo1,promo1_s01,drama_ratio,genre_preference,0.11399397986425644,0.0,0.0,0.0,0.7617647058823529,0.11399397986425644,0.1678116706558293,-0.053817690791572864,drama_ratio segment mean compared with scope overall,"Feature family uses 16b hotfix mapping. Descriptive profile, not causal effect."
promo1,promo1_s01,family_animation_ratio,genre_preference,0.10233390757797876,0.0,0.0,0.0,0.8505882352941176,0.10233390757797876,0.10739800678992827,-0.005064099211949502,family_animation_ratio segment mean compared with scope overall,"Feature family uses 16b hotfix mapping. Descriptive profile, not causal effect."
promo1,promo1_s01,genre_diversity_count,genre_preference,1.9064705882352941,1.0,1.0,3.0,0.0,1.9064705882352941,2.922043010752688,-1.0155724225173939,genre_diversity_count segment mean compared with scope overall,"Feature family uses 16b hotfix mapping. Descriptive profile, not causal effect."
promo1,promo1_s01,historical_war_ratio,genre_preference,0.058860097616685654,0.0,0.0,0.0,0.8711764705882353,0.058860097616685654,0.0647402328755328,-0.00588013525884714,historical_war_ratio segment mean compared with scope overall,"Feature family uses 16b hotfix mapping. Descriptive profile, not causal effect."
promo1,promo1_s01,horror_ratio,genre_preference,0.0415397653433423,0.0,0.0,0.0,0.9070588235294118,0.0415397653433423,0.026671771999388128,0.01486799334395417,horror_ratio segment mean compared with scope overall,"Feature family uses 16b hotfix mapping. Descriptive profile, not causal effect."
promo1,promo1_s01,is_basic,membership_context,0.6411764705882353,1.0,0.0,1.0,0.3588235294117647,0.6411764705882353,0.6036626344086021,0.03751383617963322,is_basic segment mean compared with scope overall,"Feature family uses 16b hotfix mapping. Descriptive profile, not causal effect."
promo1,promo1_s01,is_churn_prevented,historical_churn_prevention_context,0.18411764705882352,0.0,0.0,0.0,0.8158823529411765,0.18411764705882352,0.15641801075268819,0.02769963630613534,is_churn_prevented segment mean compared with scope overall,"Feature family uses 16b hotfix mapping. Descriptive profile, not causal effect."
promo1,promo1_s01,is_cold_start_3d_fixed,onboarding_activation,0.44058823529411767,0.0,0.0,1.0,0.5594117647058824,0.44058823529411767,0.38499663978494625,0.05559159550917142,is_cold_start_3d_fixed segment mean compared with scope overall,"Feature family uses 16b hotfix mapping. Descriptive profile, not causal effect."
promo1,promo1_s01,is_cold_start_7d_fixed,onboarding_activation,0.841764705882353,1.0,1.0,1.0,0.15823529411764706,0.841764705882353,0.6348286290322581,0.20693607685009485,is_cold_start_7d_fixed segment mean compared with scope overall,"Feature family uses 16b hotfix mapping. Descriptive profile, not causal effect."
promo1,promo1_s01,is_female,demographic_context,0.6152941176470588,1.0,0.0,1.0,0.3847058823529412,0.6152941176470588,0.6185315860215054,-0.003237468374446606,is_female segment mean compared with scope overall,"Feature family uses 16b hotfix mapping. Descriptive profile, not causal effect."
promo1,promo1_s01,is_male,demographic_context,0.3847058823529412,0.0,0.0,1.0,0.6152941176470588,0.3847058823529412,0.3812163978494624,0.0034894845034788013,is_male segment mean compared with scope overall,"Feature family uses 16b hotfix mapping. Descriptive profile, not causal effect."
promo1,promo1_s01,is_only_w1,week_specific_usage_pattern,0.5511764705882353,1.0,0.0,1.0,0.44882352941176473,0.5511764705882353,0.09660618279569892,0.45457028779253633,is_only_w1 segment mean compared with scope overall,"Feature family uses 16b hotfix mapping. Descriptive profile, not causal effect."
promo1,promo1_s01,is_only_w2,week_specific_usage_pattern,0.15823529411764706,0.0,0.0,0.0,0.841764705882353,0.15823529411764706,0.07669690860215053,0.08153838551549653,is_only_w2 segment mean compared with scope overall,"Feature family uses 16b hotfix mapping. Descriptive profile, not causal effect."
promo1,promo1_s01,is_only_w3,week_specific_usage_pattern,0.0,0.0,0.0,0.0,1.0,0.0,0.10315860215053764,-0.10315860215053764,is_only_w3 segment mean compared with scope overall,"Feature family uses 16b hotfix mapping. Descriptive profile, not causal effect."
promo1,promo1_s01,is_premium,membership_context,0.20941176470588235,0.0,0.0,0.0,0.7905882352941176,0.20941176470588235,0.22521841397849462,-0.015806649272612272,is_premium segment mean compared with scope overall,"Feature family uses 16b hotfix mapping. Descriptive profile, not causal effect."
promo1,promo1_s01,is_standard,membership_context,0.14941176470588236,0.0,0.0,0.0,0.8505882352941176,0.14941176470588236,0.17111895161290322,-0.021707186907020865,is_standard segment mean compared with scope overall,"Feature family uses 16b hotfix mapping. Descriptive profile, not causal effect."
promo1,promo1_s01,is_user_verified,membership_context,1.0,1.0,1.0,1.0,0.0,1.0,1.0,0.0,is_user_verified segment mean compared with scope overall,"Feature family uses 16b hotfix mapping. Descriptive profile, not causal effect."
promo1,promo1_s01,is_w1_over_50pct,weekly_usage,0.7876470588235294,1.0,1.0,1.0,0.21235294117647058,0.7876470588235294,0.29158266129032256,0.4960643975332068,is_w1_over_50pct segment mean compared with scope overall,"Feature family uses 16b hotfix mapping. Descriptive profile, not causal effect."
promo1,promo1_s01,is_w2_over_50pct,weekly_usage,0.2211764705882353,0.0,0.0,0.0,0.7788235294117647,0.2211764705882353,0.26226478494623656,-0.041088314358001254,is_w2_over_50pct segment mean compared with scope overall,"Feature family uses 16b hotfix mapping. Descriptive profile, not causal effect."
promo1,promo1_s01,is_w3_over_50pct,weekly_usage,0.0,0.0,0.0,0.0,1.0,0.0,0.2840221774193548,-0.2840221774193548,is_w3_over_50pct segment mean compared with scope overall,"Feature family uses 16b hotfix mapping. Descriptive profile, not causal effect."
promo1,promo1_s01,log_retention_w2_ratio,retention_decay,-2.0870875681718415,-2.079441541679836,-4.499809670330266,-0.34032303264224073,0.008823529411764706,-2.0870875681718415,-0.04871103755940613,-2.0383765306124353,log_retention_w2_ratio segment mean compared with scope overall,"Feature family uses 16b hotfix mapping. Descriptive profile, not causal effect."
promo1,promo1_s01,log_retention_w3_ratio,retention_decay,-1.212552837196609,0.0,-2.19722457733622,0.0,0.5511764705882353,-1.212552837196609,0.06656954734262306,-1.279122384539232,log_retention_w3_ratio segment mean compared with scope overall,"Feature family uses 16b hotfix mapping. Descriptive profile, not causal effect."
promo1,promo1_s01,max_daily_sessions,weekly_usage,2.0923529411764705,2.0,1.0,3.0,0.0,2.0923529411764705,2.706905241935484,-0.6145523007590135,max_daily_sessions segment mean compared with scope overall,"Feature family uses 16b hotfix mapping. Descriptive profile, not causal effect."
promo1,promo1_s01,max_daily_watch_time_min,weekly_usage,76.47941176470589,63.0,7.0,113.0,0.0,76.47941176470589,128.6932123655914,-52.213800600885506,max_daily_watch_time_min segment mean compared with scope overall,"Feature family uses 16b hotfix mapping. Descriptive profile, not causal effect."
promo1,promo1_s01,max_day_share,usage_concentration,0.834185165548294,1.0,0.6422663358147229,1.0,0.0,0.834185165548294,0.5766386278341895,0.2575465377141045,max_day_share segment mean compared with scope overall,"Feature family uses 16b hotfix mapping. Descriptive profile, not causal effect."
promo1,promo1_s01,max_inactive_gap_days,inactivity_recency,2.0629411764705883,0.0,0.0,4.0,0.5129411764705882,2.0629411764705883,5.112483198924731,-3.0495420224541427,max_inactive_gap_days segment mean compared with scope overall,"Feature family uses 16b hotfix mapping. Descriptive profile, not causal effect."
promo1,promo1_s01,max_watch_time_min,weekly_usage,58.85,55.0,6.0,102.0,0.0,58.85,90.57182459677419,-31.72182459677419,max_watch_time_min segment mean compared with scope overall,"Feature family uses 16b hotfix mapping. Descriptive profile, not causal effect."
promo1,promo1_s01,median_watch_time_min,weekly_usage,28.933235294117647,15.0,2.0,46.5,0.0,28.933235294117647,36.67981350806452,-7.746578213946872,median_watch_time_min segment mean compared with scope overall,"Feature family uses 16b hotfix mapping. Descriptive profile, not causal effect."
promo1,promo1_s01,movie_per_active_day,content_preference,1.347906862745098,1.0,1.0,1.5,0.0,1.347906862745098,1.2861023777149903,0.061804485030107825,movie_per_active_day segment mean compared with scope overall,"Feature family uses 16b hotfix mapping. Descriptive profile, not causal effect."
promo1,promo1_s01,new_movie_in_180d_ratio,content_preference,0.2627790024732749,0.0,0.0,0.5,0.6217647058823529,0.2627790024732749,0.20900346932974287,0.053775533143532034,new_movie_in_180d_ratio segment mean compared with scope overall,"Feature family uses 16b hotfix mapping. Descriptive profile, not causal effect."
promo1,promo1_s01,new_movie_in_365d_ratio,content_preference,0.3094687032953287,0.0,0.0,0.6666666666666666,0.5735294117647058,0.3094687032953287,0.25737407225734305,0.05209463103798567,new_movie_in_365d_ratio segment mean compared with scope overall,"Feature family uses 16b hotfix mapping. Descriptive profile, not causal effect."
promo1,promo1_s01,new_movie_in_90d_ratio,content_preference,0.2194835033387665,0.0,0.0,0.4,0.6617647058823529,0.2194835033387665,0.17435289509631696,0.04513060824244955,new_movie_in_90d_ratio segment mean compared with scope overall,"Feature family uses 16b hotfix mapping. Descriptive profile, not causal effect."
promo1,promo1_s01,old_movie_ratio_5y,content_preference,0.1789154992754064,0.0,0.0,0.25,0.6805882352941176,0.1789154992754064,0.16567931697763125,0.013236182297775151,old_movie_ratio_5y segment mean compared with scope overall,"Feature family uses 16b hotfix mapping. Descriptive profile, not causal effect."
promo1,promo1_s01,other_ratio,genre_preference,0.012792100935030077,0.0,0.0,0.0,0.9688235294117648,0.012792100935030077,0.025510368654668075,-0.012718267719637999,other_ratio segment mean compared with scope overall,"Feature family uses 16b hotfix mapping. Descriptive profile, not causal effect."
promo1,promo1_s01,recency,inactivity_recency,13.587058823529413,14.0,10.0,17.0,0.0,13.587058823529413,6.220346102150538,7.366712721378875,recency segment mean compared with scope overall,"Feature family uses 16b hotfix mapping. Descriptive profile, not causal effect."
promo1,promo1_s01,reg_hour_afternoon,registration_timing_context,0.24941176470588236,0.0,0.0,0.0,0.7505882352941177,0.24941176470588236,0.2474798387096774,0.0019319259962049529,reg_hour_afternoon segment mean compared with scope overall,"Feature family uses 16b hotfix mapping. Descriptive profile, not causal effect."
promo1,promo1_s01,reg_hour_evening,registration_timing_context,0.4364705882352941,0.0,0.0,1.0,0.5635294117647058,0.4364705882352941,0.43119959677419356,0.005270991461100549,reg_hour_evening segment mean compared with scope overall,"Feature family uses 16b hotfix mapping. Descriptive profile, not causal effect."
promo1,promo1_s01,reg_hour_morning,registration_timing_context,0.13411764705882354,0.0,0.0,0.0,0.8658823529411764,0.13411764705882354,0.14566532258064516,-0.011547675521821621,reg_hour_morning segment mean compared with scope overall,"Feature family uses 16b hotfix mapping. Descriptive profile, not causal effect."
promo1,promo1_s01,reg_hour_night,registration_timing_context,0.18,0.0,0.0,0.0,0.82,0.18,0.17565524193548387,0.004344758064516119,reg_hour_night segment mean compared with scope overall,"Feature family uses 16b hotfix mapping. Descriptive profile, not causal effect."
promo1,promo1_s01,reg_is_weekend,registration_timing_context,0.3788235294117647,0.0,0.0,1.0,0.6211764705882353,0.3788235294117647,0.3772681451612903,0.001555384250474412,reg_is_weekend segment mean compared with scope overall,"Feature family uses 16b hotfix mapping. Descriptive profile, not causal effect."
promo1,promo1_s01,romance_ratio,genre_preference,0.056798344022128314,0.0,0.0,0.0,0.8729411764705882,0.056798344022128314,0.09645138838209105,-0.03965304435996274,romance_ratio segment mean compared with scope overall,"Feature family uses 16b hotfix mapping. Descriptive profile, not causal effect."
promo1,promo1_s01,sf_fantasy_ratio,genre_preference,0.14626793979715358,0.0,0.0,0.0,0.7511764705882353,0.14626793979715358,0.11517303095165267,0.03109490884550091,sf_fantasy_ratio segment mean compared with scope overall,"Feature family uses 16b hotfix mapping. Descriptive profile, not causal effect."
promo1,promo1_s01,std_watch_time_min,weekly_usage,21.26198467881709,10.527714349311047,0.0,39.75280290569261,0.37470588235294117,21.26198467881709,32.64908247780666,-11.387097798989569,std_watch_time_min segment mean compared with scope overall,"Feature family uses 16b hotfix mapping. Descriptive profile, not causal effect."
promo1,promo1_s01,thriller_crime_ratio,genre_preference,0.19081650727279614,0.0,0.0,0.28625541125541126,0.6641176470588235,0.19081650727279614,0.12252436408000666,0.06829214319278948,thriller_crime_ratio segment mean compared with scope overall,"Feature family uses 16b hotfix mapping. Descriptive profile, not causal effect."
promo1,promo1_s01,total_watch_count,weekly_usage,3.296470588235294,2.0,1.0,4.0,0.0,3.296470588235294,6.664398521505376,-3.367927933270082,total_watch_count segment mean compared with scope overall,"Feature family uses 16b hotfix mapping. Descriptive profile, not causal effect."
promo1,promo1_s01,total_watch_time_min,weekly_usage,114.66941176470588,76.0,8.0,166.0,0.0,114.66941176470588,297.60475470430106,-182.93534293959516,total_watch_time_min segment mean compared with scope overall,"Feature family uses 16b hotfix mapping. Descriptive profile, not causal effect."
promo1,promo1_s01,unique_movie,content_preference,2.445294117647059,2.0,1.0,3.0,0.0,2.445294117647059,4.657174059139785,-2.211879941492726,unique_movie segment mean compared with scope overall,"Feature family uses 16b hotfix mapping. Descriptive profile, not causal effect."
promo1,promo1_s01,watch_days,weekly_usage,1.9105882352941177,1.0,1.0,2.0,0.0,1.9105882352941177,3.5768649193548385,-1.6662766840607208,watch_days segment mean compared with scope overall,"Feature family uses 16b hotfix mapping. Descriptive profile, not causal effect."
promo1,promo1_s01,watch_per_day,weekly_usage,1.7145868347338935,1.3333333333333333,1.0,2.0,0.0,1.7145868347338935,1.7422966359793406,-0.027709801245447085,watch_per_day segment mean compared with scope overall,"Feature family uses 16b hotfix mapping. Descriptive profile, not causal effect."
promo1,promo1_s01,watch_ratio_under_1m,weekly_usage,0.3134339862923454,0.1666666666666666,0.0,0.5,0.4723529411764706,0.3134339862923454,0.2121905492108218,0.10124343708152361,watch_ratio_under_1m segment mean compared with scope overall,"Feature family uses 16b hotfix mapping. Descriptive profile, not causal effect."
promo1,promo1_s01,watch_ratio_under_5m,weekly_usage,0.43318564549485605,0.4,0.0,0.8571428571428571,0.33941176470588236,0.43318564549485605,0.30732044950092124,0.1258651959939348,watch_ratio_under_5m segment mean compared with scope overall,"Feature family uses 16b hotfix mapping. Descriptive profile, not causal effect."
promo1,promo1_s01,watch_session_w1,weekly_usage,2.461764705882353,2.0,1.0,4.0,0.15823529411764706,2.461764705882353,2.2377352150537635,0.22402949082858958,watch_session_w1 segment mean compared with scope overall,"Feature family uses 16b hotfix mapping. Descriptive profile, not causal effect."
promo1,promo1_s01,watch_session_w2,weekly_usage,0.8347058823529412,0.0,0.0,1.0,0.5511764705882353,0.8347058823529412,2.2053931451612905,-1.3706872628083493,watch_session_w2 segment mean compared with scope overall,"Feature family uses 16b hotfix mapping. Descriptive profile, not causal effect."
promo1,promo1_s01,watch_session_w3,weekly_usage,0.0,0.0,0.0,0.0,1.0,0.0,2.2212701612903225,-2.2212701612903225,watch_session_w3 segment mean compared with scope overall,"Feature family uses 16b hotfix mapping. Descriptive profile, not causal effect."
promo1,promo1_s01,watch_time_min_w1,weekly_usage,93.75176470588235,61.0,2.0,136.25,0.15823529411764706,93.75176470588235,100.41523857526882,-6.663473869386465,watch_time_min_w1 segment mean compared with scope overall,"Feature family uses 16b hotfix mapping. Descriptive profile, not causal effect."
promo1,promo1_s01,watch_time_min_w2,weekly_usage,20.91764705882353,0.0,0.0,8.0,0.5511764705882353,20.91764705882353,98.10173051075269,-77.18408345192915,watch_time_min_w2 segment mean compared with scope overall,"Feature family uses 16b hotfix mapping. Descriptive profile, not causal effect."
promo1,promo1_s01,watch_time_min_w3,weekly_usage,0.0,0.0,0.0,0.0,1.0,0.0,99.08778561827957,-99.08778561827957,watch_time_min_w3 segment mean compared with scope overall,"Feature family uses 16b hotfix mapping. Descriptive profile, not causal effect."
promo1,promo1_s01,weekend_watch_ratio,weekly_usage,0.38282896558206164,0.2,0.0,1.0,0.45705882352941174,0.38282896558206164,0.3631104140627053,0.019718551519356364,weekend_watch_ratio segment mean compared with scope overall,"Feature family uses 16b hotfix mapping. Descriptive profile, not causal effect."
promo1,promo1_s02,action_adventure_ratio,genre_preference,0.2878157268783659,0.1034482758620689,0.0,0.5346534653465347,0.35233160621761656,0.2878157268783659,0.10503267271109874,0.18278305416726714,action_adventure_ratio segment mean compared with scope overall,"Feature family uses 16b hotfix mapping. Descriptive profile, not causal effect."
promo1,promo1_s02,active_ratio,usage_concentration,0.19541080680977047,0.1904761904761904,0.1428571428571428,0.238095238095238,0.0,0.19541080680977047,0.17032690092165892,0.025083905888111546,active_ratio segment mean compared with scope overall,"Feature family uses 16b hotfix mapping. Descriptive profile, not causal effect."
promo1,promo1_s02,age_group,demographic_context,29.689119170984455,30.0,20.0,40.0,0.0,29.689119170984455,29.533770161290324,0.155349009694131,age_group segment mean compared with scope overall,"Feature family uses 16b hotfix mapping. Descriptive profile, not causal effect."
promo1,promo1_s02,avg_daily_watch_time_min,weekly_usage,45.72844395098281,39.375,22.2,62.5,0.0,45.72844395098281,73.38366250860248,-27.655218557619676,avg_daily_watch_time_min segment mean compared with scope overall,"Feature family uses 16b hotfix mapping. Descriptive profile, not causal effect."
promo1,promo1_s02,avg_gap_between_watch_days,weekly_usage,5.889088329632371,4.75,3.4,7.0,0.0,5.889088329632371,3.2703307247095053,2.618757604922866,avg_gap_between_watch_days segment mean compared with scope overall,"Feature family uses 16b hotfix mapping. Descriptive profile, not causal effect."
promo1,promo1_s02,avg_gap_w1_watch_days,weekly_usage,1.1459412780656304,1.0,0.0,2.0,0.41968911917098445,1.1459412780656304,0.6760836693548388,0.46985760871079163,avg_gap_w1_watch_days segment mean compared with scope overall,"Feature family uses 16b hotfix mapping. Descriptive profile, not causal effect."
promo1,promo1_s02,avg_gap_w2_watch_days,weekly_usage,0.5030224525043178,0.0,0.0,1.0,0.7409326424870466,0.5030224525043178,0.6610677083333334,-0.15804525582901563,avg_gap_w2_watch_days segment mean compared with scope overall,"Feature family uses 16b hotfix mapping. Descriptive profile, not causal effect."
promo1,promo1_s02,avg_gap_w3_watch_days,weekly_usage,0.2823834196891192,0.0,0.0,0.0,0.8756476683937824,0.2823834196891192,0.6938060035842293,-0.4114225838951101,avg_gap_w3_watch_days segment mean compared with scope overall,"Feature family uses 16b hotfix mapping. Descriptive profile, not causal effect."
promo1,promo1_s02,avg_ott_release_year,content_preference,2018.2165952197302,2018.5111111111112,2016.9411764705883,2020.0,0.0,2018.2165952197302,1891.3823413038297,126.83425391590049,avg_ott_release_year segment mean compared with scope overall,"Feature family uses 16b hotfix mapping. Descriptive profile, not causal effect."
promo1,promo1_s02,avg_rewatch_ratio,weekly_usage,0.17018634091774498,0.1818181818181818,0.0,0.25,0.2694300518134715,0.17018634091774498,0.14934732641950532,0.02083901449823966,avg_rewatch_ratio segment mean compared with scope overall,"Feature family uses 16b hotfix mapping. Descriptive profile, not causal effect."
promo1,promo1_s02,avg_watch_time_min,weekly_usage,27.84162318540597,24.5,14.6,38.6,0.0,27.84162318540597,42.43707840714719,-14.595455221741219,avg_watch_time_min segment mean compared with scope overall,"Feature family uses 16b hotfix mapping. Descriptive profile, not causal effect."
promo1,promo1_s02,comedy_ratio,genre_preference,0.0803370828233308,0.0,0.0,0.0051679586563307,0.7098445595854922,0.0803370828233308,0.08751082885013868,-0.007173746026807884,comedy_ratio segment mean compared with scope overall,"Feature family uses 16b hotfix mapping. Descriptive profile, not causal effect."
promo1,promo1_s02,day_count_over_3times,usage_concentration,0.6476683937823834,0.0,0.0,1.0,0.5440414507772021,0.6476683937823834,0.7086693548387096,-0.06100096105632624,day_count_over_3times segment mean compared with scope overall,"Feature family uses 16b hotfix mapping. Descriptive profile, not causal effect."
promo1,promo1_s02,diff_between_w2_w1,weekly_usage,-82.83937823834196,-67.0,-139.0,-8.0,0.0051813471502590676,-82.83937823834196,-2.313508064516129,-80.52587017382584,diff_between_w2_w1 segment mean compared with scope overall,"Feature family uses 16b hotfix mapping. Descriptive profile, not causal effect."
promo1,promo1_s02,diff_between_w3_w1,weekly_usage,-124.61658031088083,-99.0,-189.0,-27.0,0.0051813471502590676,-124.61658031088083,-1.3274529569892473,-123.28912735389159,diff_between_w3_w1 segment mean compared with scope overall,"Feature family uses 16b hotfix mapping. Descriptive profile, not causal effect."
promo1,promo1_s02,diff_between_w3_w2,weekly_usage,-41.77720207253886,-10.0,-84.0,1.0,0.046632124352331605,-41.77720207253886,0.9860551075268817,-42.76325718006574,diff_between_w3_w2 segment mean compared with scope overall,"Feature family uses 16b hotfix mapping. Descriptive profile, not causal effect."
promo1,promo1_s02,documentary_ratio,genre_preference,0.015519132256386271,0.0,0.0,0.0,0.9015544041450777,0.015519132256386271,0.018507653296977396,-0.002988521040591125,documentary_ratio segment mean compared with scope overall,"Feature family uses 16b hotfix mapping. Descriptive profile, not causal effect."
promo1,promo1_s02,drama_ratio,genre_preference,0.06333907420869196,0.0,0.0,0.0101010101010101,0.694300518134715,0.06333907420869196,0.1678116706558293,-0.10447259644713734,drama_ratio segment mean compared with scope overall,"Feature family uses 16b hotfix mapping. Descriptive profile, not causal effect."
promo1,promo1_s02,family_animation_ratio,genre_preference,0.035399581520568865,0.0,0.0,0.0,0.917098445595855,0.035399581520568865,0.10739800678992827,-0.0719984252693594,family_animation_ratio segment mean compared with scope overall,"Feature family uses 16b hotfix mapping. Descriptive profile, not causal effect."
promo1,promo1_s02,genre_diversity_count,genre_preference,3.150259067357513,3.0,2.0,4.0,0.0,3.150259067357513,2.922043010752688,0.22821605660482502,genre_diversity_count segment mean compared with scope overall,"Feature family uses 16b hotfix mapping. Descriptive profile, not causal effect."
promo1,promo1_s02,historical_war_ratio,genre_preference,0.07449000841330725,0.0,0.0,0.0,0.7512953367875648,0.07449000841330725,0.0647402328755328,0.009749775537774452,historical_war_ratio segment mean compared with scope overall,"Feature family uses 16b hotfix mapping. Descriptive profile, not causal effect."
promo1,promo1_s02,horror_ratio,genre_preference,0.05891301583118196,0.0,0.0,0.0,0.7979274611398963,0.05891301583118196,0.026671771999388128,0.03224124383179383,horror_ratio segment mean compared with scope overall,"Feature family uses 16b hotfix mapping. Descriptive profile, not causal effect."
promo1,promo1_s02,is_basic,membership_context,0.7564766839378239,1.0,1.0,1.0,0.24352331606217617,0.7564766839378239,0.6036626344086021,0.15281404952922173,is_basic segment mean compared with scope overall,"Feature family uses 16b hotfix mapping. Descriptive profile, not causal effect."
promo1,promo1_s02,is_churn_prevented,historical_churn_prevention_context,0.19170984455958548,0.0,0.0,0.0,0.8082901554404145,0.19170984455958548,0.15641801075268819,0.035291833806897294,is_churn_prevented segment mean compared with scope overall,"Feature family uses 16b hotfix mapping. Descriptive profile, not causal effect."
promo1,promo1_s02,is_cold_start_3d_fixed,onboarding_activation,0.46632124352331605,0.0,0.0,1.0,0.533678756476684,0.46632124352331605,0.38499663978494625,0.0813246037383698,is_cold_start_3d_fixed segment mean compared with scope overall,"Feature family uses 16b hotfix mapping. Descriptive profile, not causal effect."
promo1,promo1_s02,is_cold_start_7d_fixed,onboarding_activation,0.9222797927461139,1.0,1.0,1.0,0.07772020725388601,0.9222797927461139,0.6348286290322581,0.2874511637138558,is_cold_start_7d_fixed segment mean compared with scope overall,"Feature family uses 16b hotfix mapping. Descriptive profile, not causal effect."
promo1,promo1_s02,is_female,demographic_context,0.6062176165803109,1.0,0.0,1.0,0.39378238341968913,0.6062176165803109,0.6185315860215054,-0.01231396944119445,is_female segment mean compared with scope overall,"Feature family uses 16b hotfix mapping. Descriptive profile, not causal effect."
promo1,promo1_s02,is_male,demographic_context,0.39378238341968913,0.0,0.0,1.0,0.6062176165803109,0.39378238341968913,0.3812163978494624,0.012565985570226756,is_male segment mean compared with scope overall,"Feature family uses 16b hotfix mapping. Descriptive profile, not causal effect."
promo1,promo1_s02,is_only_w1,week_specific_usage_pattern,0.0,0.0,0.0,0.0,1.0,0.0,0.09660618279569892,-0.09660618279569892,is_only_w1 segment mean compared with scope overall,"Feature family uses 16b hotfix mapping. Descriptive profile, not causal effect."
promo1,promo1_s02,is_only_w2,week_specific_usage_pattern,0.0,0.0,0.0,0.0,1.0,0.0,0.07669690860215053,-0.07669690860215053,is_only_w2 segment mean compared with scope overall,"Feature family uses 16b hotfix mapping. Descriptive profile, not causal effect."
promo1,promo1_s02,is_only_w3,week_specific_usage_pattern,0.0,0.0,0.0,0.0,1.0,0.0,0.10315860215053764,-0.10315860215053764,is_only_w3 segment mean compared with scope overall,"Feature family uses 16b hotfix mapping. Descriptive profile, not causal effect."
promo1,promo1_s02,is_premium,membership_context,0.10880829015544041,0.0,0.0,0.0,0.8911917098445595,0.10880829015544041,0.22521841397849462,-0.11641012382305421,is_premium segment mean compared with scope overall,"Feature family uses 16b hotfix mapping. Descriptive profile, not causal effect."
promo1,promo1_s02,is_standard,membership_context,0.13471502590673576,0.0,0.0,0.0,0.8652849740932642,0.13471502590673576,0.17111895161290322,-0.03640392570616746,is_standard segment mean compared with scope overall,"Feature family uses 16b hotfix mapping. Descriptive profile, not causal effect."
promo1,promo1_s02,is_user_verified,membership_context,1.0,1.0,1.0,1.0,0.0,1.0,1.0,0.0,is_user_verified segment mean compared with scope overall,"Feature family uses 16b hotfix mapping. Descriptive profile, not causal effect."
promo1,promo1_s02,is_w1_over_50pct,weekly_usage,0.7409326424870466,1.0,0.0,1.0,0.25906735751295334,0.7409326424870466,0.29158266129032256,0.44934998119672404,is_w1_over_50pct segment mean compared with scope overall,"Feature family uses 16b hotfix mapping. Descriptive profile, not causal effect."
promo1,promo1_s02,is_w2_over_50pct,weekly_usage,0.20207253886010362,0.0,0.0,0.0,0.7979274611398963,0.20207253886010362,0.26226478494623656,-0.06019224608613294,is_w2_over_50pct segment mean compared with scope overall,"Feature family uses 16b hotfix mapping. Descriptive profile, not causal effect."
promo1,promo1_s02,is_w3_over_50pct,weekly_usage,0.046632124352331605,0.0,0.0,0.0,0.9533678756476683,0.046632124352331605,0.2840221774193548,-0.2373900530670232,is_w3_over_50pct segment mean compared with scope overall,"Feature family uses 16b hotfix mapping. Descriptive profile, not causal effect."
promo1,promo1_s02,log_retention_w2_ratio,retention_decay,-1.6957658121429948,-1.8949437054632856,-3.850147601710061,-0.2484613592984996,0.0051813471502590676,-1.6957658121429948,-0.04871103755940613,-1.6470547745835886,log_retention_w2_ratio segment mean compared with scope overall,"Feature family uses 16b hotfix mapping. Descriptive profile, not causal effect."
promo1,promo1_s02,log_retention_w3_ratio,retention_decay,-0.8907388300529362,-1.01160091167848,-2.392831970841824,0.6931471805599453,0.046632124352331605,-0.8907388300529362,0.06656954734262306,-0.9573083773955593,log_retention_w3_ratio segment mean compared with scope overall,"Feature family uses 16b hotfix mapping. Descriptive profile, not causal effect."
promo1,promo1_s02,max_daily_sessions,weekly_usage,2.7357512953367875,2.0,2.0,3.0,0.0,2.7357512953367875,2.706905241935484,0.02884605340130353,max_daily_sessions segment mean compared with scope overall,"Feature family uses 16b hotfix mapping. Descriptive profile, not causal effect."
promo1,promo1_s02,max_daily_watch_time_min,weekly_usage,105.53367875647669,95.0,59.0,127.0,0.0,105.53367875647669,128.6932123655914,-23.159533609114703,max_daily_watch_time_min segment mean compared with scope overall,"Feature family uses 16b hotfix mapping. Descriptive profile, not causal effect."
promo1,promo1_s02,max_day_share,usage_concentration,0.6388865388405823,0.5970149253731343,0.4666666666666667,0.8409090909090909,0.0,0.6388865388405823,0.5766386278341895,0.06224791100639282,max_day_share segment mean compared with scope overall,"Feature family uses 16b hotfix mapping. Descriptive profile, not causal effect."
promo1,promo1_s02,max_inactive_gap_days,inactivity_recency,9.046632124352332,8.0,7.0,11.0,0.0,9.046632124352332,5.112483198924731,3.9341489254276008,max_inactive_gap_days segment mean compared with scope overall,"Feature family uses 16b hotfix mapping. Descriptive profile, not causal effect."
promo1,promo1_s02,max_watch_time_min,weekly_usage,83.62176165803109,89.0,47.0,109.0,0.0,83.62176165803109,90.57182459677419,-6.950062938743102,max_watch_time_min segment mean compared with scope overall,"Feature family uses 16b hotfix mapping. Descriptive profile, not causal effect."
promo1,promo1_s02,median_watch_time_min,weekly_usage,16.235751295336787,9.0,2.0,23.0,0.0,16.235751295336787,36.67981350806452,-20.444062212727733,median_watch_time_min segment mean compared with scope overall,"Feature family uses 16b hotfix mapping. Descriptive profile, not causal effect."
promo1,promo1_s02,movie_per_active_day,content_preference,1.2043815280861914,1.0,1.0,1.5,0.0,1.2043815280861914,1.2861023777149903,-0.08172084962879889,movie_per_active_day segment mean compared with scope overall,"Feature family uses 16b hotfix mapping. Descriptive profile, not causal effect."
promo1,promo1_s02,new_movie_in_180d_ratio,content_preference,0.36016636544716885,0.3,0.0,0.6666666666666666,0.3160621761658031,0.36016636544716885,0.20900346932974287,0.15116289611742598,new_movie_in_180d_ratio segment mean compared with scope overall,"Feature family uses 16b hotfix mapping. Descriptive profile, not causal effect."
promo1,promo1_s02,new_movie_in_365d_ratio,content_preference,0.42405722740625446,0.3333333333333333,0.0769230769230769,0.75,0.24870466321243523,0.42405722740625446,0.25737407225734305,0.1666831551489114,new_movie_in_365d_ratio segment mean compared with scope overall,"Feature family uses 16b hotfix mapping. Descriptive profile, not causal effect."
promo1,promo1_s02,new_movie_in_90d_ratio,content_preference,0.3116629330039073,0.25,0.0,0.5,0.35751295336787564,0.3116629330039073,0.17435289509631696,0.13731003790759033,new_movie_in_90d_ratio segment mean compared with scope overall,"Feature family uses 16b hotfix mapping. Descriptive profile, not causal effect."
promo1,promo1_s02,old_movie_ratio_5y,content_preference,0.17590456272100186,0.0,0.0,0.25,0.5181347150259067,0.17590456272100186,0.16567931697763125,0.010225245743370609,old_movie_ratio_5y segment mean compared with scope overall,"Feature family uses 16b hotfix mapping. Descriptive profile, not causal effect."
promo1,promo1_s02,other_ratio,genre_preference,0.014815385151002025,0.0,0.0,0.0,0.8652849740932642,0.014815385151002025,0.025510368654668075,-0.01069498350366605,other_ratio segment mean compared with scope overall,"Feature family uses 16b hotfix mapping. Descriptive profile, not causal effect."
promo1,promo1_s02,recency,inactivity_recency,2.989637305699482,3.0,1.0,5.0,0.14507772020725387,2.989637305699482,6.220346102150538,-3.230708796451056,recency segment mean compared with scope overall,"Feature family uses 16b hotfix mapping. Descriptive profile, not causal effect."
promo1,promo1_s02,reg_hour_afternoon,registration_timing_context,0.27979274611398963,0.0,0.0,1.0,0.7202072538860104,0.27979274611398963,0.2474798387096774,0.032312907404312224,reg_hour_afternoon segment mean compared with scope overall,"Feature family uses 16b hotfix mapping. Descriptive profile, not causal effect."
promo1,promo1_s02,reg_hour_evening,registration_timing_context,0.44041450777202074,0.0,0.0,1.0,0.5595854922279793,0.44041450777202074,0.43119959677419356,0.009214910997827175,reg_hour_evening segment mean compared with scope overall,"Feature family uses 16b hotfix mapping. Descriptive profile, not causal effect."
promo1,promo1_s02,reg_hour_morning,registration_timing_context,0.14507772020725387,0.0,0.0,0.0,0.8549222797927462,0.14507772020725387,0.14566532258064516,-0.0005876023733912827,reg_hour_morning segment mean compared with scope overall,"Feature family uses 16b hotfix mapping. Descriptive profile, not causal effect."
promo1,promo1_s02,reg_hour_night,registration_timing_context,0.13471502590673576,0.0,0.0,0.0,0.8652849740932642,0.13471502590673576,0.17565524193548387,-0.040940216028748116,reg_hour_night segment mean compared with scope overall,"Feature family uses 16b hotfix mapping. Descriptive profile, not causal effect."
promo1,promo1_s02,reg_is_weekend,registration_timing_context,0.37823834196891193,0.0,0.0,1.0,0.6217616580310881,0.37823834196891193,0.3772681451612903,0.000970196807621615,reg_is_weekend segment mean compared with scope overall,"Feature family uses 16b hotfix mapping. Descriptive profile, not causal effect."
promo1,promo1_s02,romance_ratio,genre_preference,0.008044269423914827,0.0,0.0,0.0,0.8652849740932642,0.008044269423914827,0.09645138838209105,-0.08840711895817623,romance_ratio segment mean compared with scope overall,"Feature family uses 16b hotfix mapping. Descriptive profile, not causal effect."
promo1,promo1_s02,sf_fantasy_ratio,genre_preference,0.11287949834222775,0.0,0.0,0.0229885057471264,0.6424870466321243,0.11287949834222775,0.11517303095165267,-0.002293532609424914,sf_fantasy_ratio segment mean compared with scope overall,"Feature family uses 16b hotfix mapping. Descriptive profile, not causal effect."
promo1,promo1_s02,std_watch_time_min,weekly_usage,33.90050390318712,35.45925794992013,17.895995827745004,47.17803161076844,0.0051813471502590676,33.90050390318712,32.64908247780666,1.2514214253804639,std_watch_time_min segment mean compared with scope overall,"Feature family uses 16b hotfix mapping. Descriptive profile, not causal effect."
promo1,promo1_s02,thriller_crime_ratio,genre_preference,0.24844722515102238,0.0706713780918728,0.0,0.4166666666666667,0.35233160621761656,0.24844722515102238,0.12252436408000666,0.12592286107101572,thriller_crime_ratio segment mean compared with scope overall,"Feature family uses 16b hotfix mapping. Descriptive profile, not causal effect."
promo1,promo1_s02,total_watch_count,weekly_usage,6.7979274611398965,6.0,4.0,9.0,0.0,6.7979274611398965,6.664398521505376,0.1335289396345205,total_watch_count segment mean compared with scope overall,"Feature family uses 16b hotfix mapping. Descriptive profile, not causal effect."
promo1,promo1_s02,total_watch_time_min,weekly_usage,193.54922279792746,134.0,81.0,278.0,0.0,193.54922279792746,297.60475470430106,-104.0555319063736,total_watch_time_min segment mean compared with scope overall,"Feature family uses 16b hotfix mapping. Descriptive profile, not causal effect."
promo1,promo1_s02,unique_movie,content_preference,4.756476683937824,4.0,3.0,6.0,0.0,4.756476683937824,4.657174059139785,0.09930262479803886,unique_movie segment mean compared with scope overall,"Feature family uses 16b hotfix mapping. Descriptive profile, not causal effect."
promo1,promo1_s02,watch_days,weekly_usage,4.103626943005182,4.0,3.0,5.0,0.0,4.103626943005182,3.5768649193548385,0.5267620236503432,watch_days segment mean compared with scope overall,"Feature family uses 16b hotfix mapping. Descriptive profile, not causal effect."
promo1,promo1_s02,watch_per_day,weekly_usage,1.6648943169668555,1.5,1.25,2.0,0.0,1.6648943169668555,1.7422966359793406,-0.07740231901248507,watch_per_day segment mean compared with scope overall,"Feature family uses 16b hotfix mapping. Descriptive profile, not causal effect."
promo1,promo1_s02,watch_ratio_under_1m,weekly_usage,0.3225646674202153,0.3333333333333333,0.1428571428571428,0.5,0.16062176165803108,0.3225646674202153,0.2121905492108218,0.11037411820939347,watch_ratio_under_1m segment mean compared with scope overall,"Feature family uses 16b hotfix mapping. Descriptive profile, not causal effect."
promo1,promo1_s02,watch_ratio_under_5m,weekly_usage,0.4462609541208011,0.5,0.3,0.6,0.06735751295336788,0.4462609541208011,0.30732044950092124,0.13894050461987983,watch_ratio_under_5m segment mean compared with scope overall,"Feature family uses 16b hotfix mapping. Descriptive profile, not causal effect."
promo1,promo1_s02,watch_session_w1,weekly_usage,3.6632124352331608,3.0,2.0,5.0,0.07772020725388601,3.6632124352331608,2.2377352150537635,1.4254772201793973,watch_session_w1 segment mean compared with scope overall,"Feature family uses 16b hotfix mapping. Descriptive profile, not causal effect."
promo1,promo1_s02,watch_session_w2,weekly_usage,1.782383419689119,1.0,0.0,3.0,0.30569948186528495,1.782383419689119,2.2053931451612905,-0.4230097254721714,watch_session_w2 segment mean compared with scope overall,"Feature family uses 16b hotfix mapping. Descriptive profile, not causal effect."
promo1,promo1_s02,watch_session_w3,weekly_usage,1.3523316062176165,1.0,1.0,1.0,0.0,1.3523316062176165,2.2212701612903225,-0.868938555072706,watch_session_w3 segment mean compared with scope overall,"Feature family uses 16b hotfix mapping. Descriptive profile, not causal effect."
promo1,promo1_s02,watch_time_min_w1,weekly_usage,133.66839378238342,102.0,32.0,195.0,0.07772020725388601,133.66839378238342,100.41523857526882,33.2531552071146,watch_time_min_w1 segment mean compared with scope overall,"Feature family uses 16b hotfix mapping. Descriptive profile, not causal effect."
promo1,promo1_s02,watch_time_min_w2,weekly_usage,50.829015544041454,15.0,0.0,93.0,0.30569948186528495,50.829015544041454,98.10173051075269,-47.272714966711234,watch_time_min_w2 segment mean compared with scope overall,"Feature family uses 16b hotfix mapping. Descriptive profile, not causal effect."
promo1,promo1_s02,watch_time_min_w3,weekly_usage,9.05181347150259,2.0,1.0,10.0,0.0,9.05181347150259,99.08778561827957,-90.03597214677697,watch_time_min_w3 segment mean compared with scope overall,"Feature family uses 16b hotfix mapping. Descriptive profile, not causal effect."
promo1,promo1_s02,weekend_watch_ratio,weekly_usage,0.36079586769764665,0.3333333333333333,0.1052631578947368,0.6,0.21761658031088082,0.36079586769764665,0.3631104140627053,-0.002314546365058623,weekend_watch_ratio segment mean compared with scope overall,"Feature family uses 16b hotfix mapping. Descriptive profile, not causal effect."
promo1,promo1_s03,action_adventure_ratio,genre_preference,0.20966618304993864,0.0,0.0,0.3274021352313167,0.723404255319149,0.20966618304993864,0.10503267271109874,0.1046335103388399,action_adventure_ratio segment mean compared with scope overall,"Feature family uses 16b hotfix mapping. Descriptive profile, not causal effect."
promo1,promo1_s03,active_ratio,usage_concentration,0.06686930091185408,0.0476190476190476,0.0476190476190476,0.0476190476190476,0.0,0.06686930091185408,0.17032690092165892,-0.10345760000980483,active_ratio segment mean compared with scope overall,"Feature family uses 16b hotfix mapping. Descriptive profile, not causal effect."
promo1,promo1_s03,age_group,demographic_context,29.33130699088146,30.0,20.0,40.0,0.0,29.33130699088146,29.533770161290324,-0.20246317040886552,age_group segment mean compared with scope overall,"Feature family uses 16b hotfix mapping. Descriptive profile, not causal effect."
promo1,promo1_s03,avg_daily_watch_time_min,weekly_usage,21.377152988855116,3.5,1.0,32.0,0.0,21.377152988855116,73.38366250860248,-52.00650951974737,avg_daily_watch_time_min segment mean compared with scope overall,"Feature family uses 16b hotfix mapping. Descriptive profile, not causal effect."
promo1,promo1_s03,avg_gap_between_watch_days,weekly_usage,0.9888551165146909,0.0,0.0,0.0,0.7689969604863222,0.9888551165146909,3.2703307247095053,-2.2814756081948144,avg_gap_between_watch_days segment mean compared with scope overall,"Feature family uses 16b hotfix mapping. Descriptive profile, not causal effect."
promo1,promo1_s03,avg_gap_w1_watch_days,weekly_usage,0.0,0.0,0.0,0.0,1.0,0.0,0.6760836693548388,-0.6760836693548388,avg_gap_w1_watch_days segment mean compared with scope overall,"Feature family uses 16b hotfix mapping. Descriptive profile, not causal effect."
promo1,promo1_s03,avg_gap_w2_watch_days,weekly_usage,0.17933130699088146,0.0,0.0,0.0,0.9270516717325228,0.17933130699088146,0.6610677083333334,-0.48173640134245194,avg_gap_w2_watch_days segment mean compared with scope overall,"Feature family uses 16b hotfix mapping. Descriptive profile, not causal effect."
promo1,promo1_s03,avg_gap_w3_watch_days,weekly_usage,0.2649442755825735,0.0,0.0,0.0,0.8844984802431611,0.2649442755825735,0.6938060035842293,-0.4288617280016558,avg_gap_w3_watch_days segment mean compared with scope overall,"Feature family uses 16b hotfix mapping. Descriptive profile, not causal effect."
promo1,promo1_s03,avg_ott_release_year,content_preference,2018.7372813926243,2019.0,2017.321243523316,2021.0,0.0,2018.7372813926243,1891.3823413038297,127.35494008879459,avg_ott_release_year segment mean compared with scope overall,"Feature family uses 16b hotfix mapping. Descriptive profile, not causal effect."
promo1,promo1_s03,avg_rewatch_ratio,weekly_usage,0.08368465374544401,0.0,0.0,0.0,0.7629179331306991,0.08368465374544401,0.14934732641950532,-0.06566267267406131,avg_rewatch_ratio segment mean compared with scope overall,"Feature family uses 16b hotfix mapping. Descriptive profile, not causal effect."
promo1,promo1_s03,avg_watch_time_min,weekly_usage,15.048582218187082,3.0,1.0,25.5,0.0,15.048582218187082,42.43707840714719,-27.388496188960108,avg_watch_time_min segment mean compared with scope overall,"Feature family uses 16b hotfix mapping. Descriptive profile, not causal effect."
promo1,promo1_s03,comedy_ratio,genre_preference,0.1190624656041745,0.0,0.0,0.0,0.851063829787234,0.1190624656041745,0.08751082885013868,0.031551636754035814,comedy_ratio segment mean compared with scope overall,"Feature family uses 16b hotfix mapping. Descriptive profile, not causal effect."
promo1,promo1_s03,day_count_over_3times,usage_concentration,0.10030395136778116,0.0,0.0,0.0,0.9057750759878419,0.10030395136778116,0.7086693548387096,-0.6083654034709285,day_count_over_3times segment mean compared with scope overall,"Feature family uses 16b hotfix mapping. Descriptive profile, not causal effect."
promo1,promo1_s03,diff_between_w2_w1,weekly_usage,9.74164133738602,0.0,0.0,0.0,0.8237082066869301,9.74164133738602,-2.313508064516129,12.055149401902149,diff_between_w2_w1 segment mean compared with scope overall,"Feature family uses 16b hotfix mapping. Descriptive profile, not causal effect."
promo1,promo1_s03,diff_between_w3_w1,weekly_usage,25.772036474164135,4.0,1.0,36.0,0.0,25.772036474164135,-1.3274529569892473,27.099489431153383,diff_between_w3_w1 segment mean compared with scope overall,"Feature family uses 16b hotfix mapping. Descriptive profile, not causal effect."
promo1,promo1_s03,diff_between_w3_w2,weekly_usage,16.030395136778115,2.0,1.0,21.0,0.0243161094224924,16.030395136778115,0.9860551075268817,15.044340029251233,diff_between_w3_w2 segment mean compared with scope overall,"Feature family uses 16b hotfix mapping. Descriptive profile, not causal effect."
promo1,promo1_s03,documentary_ratio,genre_preference,0.051876655914604115,0.0,0.0,0.0,0.9331306990881459,0.051876655914604115,0.018507653296977396,0.03336900261762672,documentary_ratio segment mean compared with scope overall,"Feature family uses 16b hotfix mapping. Descriptive profile, not causal effect."
promo1,promo1_s03,drama_ratio,genre_preference,0.061905349176762804,0.0,0.0,0.0,0.9057750759878419,0.061905349176762804,0.1678116706558293,-0.1059063214790665,drama_ratio segment mean compared with scope overall,"Feature family uses 16b hotfix mapping. Descriptive profile, not causal effect."
promo1,promo1_s03,family_animation_ratio,genre_preference,0.010421189752496743,0.0,0.0,0.0,0.9878419452887538,0.010421189752496743,0.10739800678992827,-0.09697681703743152,family_animation_ratio segment mean compared with scope overall,"Feature family uses 16b hotfix mapping. Descriptive profile, not causal effect."
promo1,promo1_s03,genre_diversity_count,genre_preference,1.3465045592705167,1.0,1.0,2.0,0.0,1.3465045592705167,2.922043010752688,-1.5755384514821713,genre_diversity_count segment mean compared with scope overall,"Feature family uses 16b hotfix mapping. Descriptive profile, not causal effect."
promo1,promo1_s03,historical_war_ratio,genre_preference,0.03731826294543958,0.0,0.0,0.0,0.9361702127659575,0.03731826294543958,0.0647402328755328,-0.027421969930093215,historical_war_ratio segment mean compared with scope overall,"Feature family uses 16b hotfix mapping. Descriptive profile, not causal effect."
promo1,promo1_s03,horror_ratio,genre_preference,0.04468585681351787,0.0,0.0,0.0,0.9300911854103343,0.04468585681351787,0.026671771999388128,0.01801408481412974,horror_ratio segment mean compared with scope overall,"Feature family uses 16b hotfix mapping. Descriptive profile, not causal effect."
promo1,promo1_s03,is_basic,membership_context,0.7021276595744681,1.0,0.0,1.0,0.2978723404255319,0.7021276595744681,0.6036626344086021,0.09846502516586597,is_basic segment mean compared with scope overall,"Feature family uses 16b hotfix mapping. Descriptive profile, not causal effect."
promo1,promo1_s03,is_churn_prevented,historical_churn_prevention_context,0.18541033434650456,0.0,0.0,0.0,0.8145896656534954,0.18541033434650456,0.15641801075268819,0.02899232359381637,is_churn_prevented segment mean compared with scope overall,"Feature family uses 16b hotfix mapping. Descriptive profile, not causal effect."
promo1,promo1_s03,is_cold_start_3d_fixed,onboarding_activation,0.0,0.0,0.0,0.0,1.0,0.0,0.38499663978494625,-0.38499663978494625,is_cold_start_3d_fixed segment mean compared with scope overall,"Feature family uses 16b hotfix mapping. Descriptive profile, not causal effect."
promo1,promo1_s03,is_cold_start_7d_fixed,onboarding_activation,0.0,0.0,0.0,0.0,1.0,0.0,0.6348286290322581,-0.6348286290322581,is_cold_start_7d_fixed segment mean compared with scope overall,"Feature family uses 16b hotfix mapping. Descriptive profile, not causal effect."
promo1,promo1_s03,is_female,demographic_context,0.5927051671732523,1.0,0.0,1.0,0.4072948328267477,0.5927051671732523,0.6185315860215054,-0.025826418848253097,is_female segment mean compared with scope overall,"Feature family uses 16b hotfix mapping. Descriptive profile, not causal effect."
promo1,promo1_s03,is_male,demographic_context,0.4072948328267477,0.0,0.0,1.0,0.5927051671732523,0.4072948328267477,0.3812163978494624,0.026078434977285347,is_male segment mean compared with scope overall,"Feature family uses 16b hotfix mapping. Descriptive profile, not causal effect."
promo1,promo1_s03,is_only_w1,week_specific_usage_pattern,0.0,0.0,0.0,0.0,1.0,0.0,0.09660618279569892,-0.09660618279569892,is_only_w1 segment mean compared with scope overall,"Feature family uses 16b hotfix mapping. Descriptive profile, not causal effect."
promo1,promo1_s03,is_only_w2,week_specific_usage_pattern,0.0,0.0,0.0,0.0,1.0,0.0,0.07669690860215053,-0.07669690860215053,is_only_w2 segment mean compared with scope overall,"Feature family uses 16b hotfix mapping. Descriptive profile, not causal effect."
promo1,promo1_s03,is_only_w3,week_specific_usage_pattern,0.8237082066869301,1.0,1.0,1.0,0.1762917933130699,0.8237082066869301,0.10315860215053764,0.7205496045363925,is_only_w3 segment mean compared with scope overall,"Feature family uses 16b hotfix mapping. Descriptive profile, not causal effect."
promo1,promo1_s03,is_premium,membership_context,0.17933130699088146,0.0,0.0,0.0,0.8206686930091185,0.17933130699088146,0.22521841397849462,-0.04588710698761317,is_premium segment mean compared with scope overall,"Feature family uses 16b hotfix mapping. Descriptive profile, not causal effect."
promo1,promo1_s03,is_standard,membership_context,0.11854103343465046,0.0,0.0,0.0,0.8814589665653495,0.11854103343465046,0.17111895161290322,-0.05257791817825276,is_standard segment mean compared with scope overall,"Feature family uses 16b hotfix mapping. Descriptive profile, not causal effect."
promo1,promo1_s03,is_user_verified,membership_context,1.0,1.0,1.0,1.0,0.0,1.0,1.0,0.0,is_user_verified segment mean compared with scope overall,"Feature family uses 16b hotfix mapping. Descriptive profile, not causal effect."
promo1,promo1_s03,is_w1_over_50pct,weekly_usage,0.0,0.0,0.0,0.0,1.0,0.0,0.29158266129032256,-0.29158266129032256,is_w1_over_50pct segment mean compared with scope overall,"Feature family uses 16b hotfix mapping. Descriptive profile, not causal effect."
promo1,promo1_s03,is_w2_over_50pct,weekly_usage,0.12462006079027356,0.0,0.0,0.0,0.8753799392097265,0.12462006079027356,0.26226478494623656,-0.13764472415596302,is_w2_over_50pct segment mean compared with scope overall,"Feature family uses 16b hotfix mapping. Descriptive profile, not causal effect."
promo1,promo1_s03,is_w3_over_50pct,weekly_usage,0.8996960486322189,1.0,1.0,1.0,0.10030395136778116,0.8996960486322189,0.2840221774193548,0.615673871212864,is_w3_over_50pct segment mean compared with scope overall,"Feature family uses 16b hotfix mapping. Descriptive profile, not causal effect."
promo1,promo1_s03,log_retention_w2_ratio,retention_decay,0.5428286529208791,0.0,0.0,0.0,0.8237082066869301,0.5428286529208791,-0.04871103755940613,0.5915396904802852,log_retention_w2_ratio segment mean compared with scope overall,"Feature family uses 16b hotfix mapping. Descriptive profile, not causal effect."
promo1,promo1_s03,log_retention_w3_ratio,retention_decay,1.6236853242050375,1.0986122886681098,0.6931471805599453,2.833213344056216,0.0243161094224924,1.6236853242050375,0.06656954734262306,1.5571157768624144,log_retention_w3_ratio segment mean compared with scope overall,"Feature family uses 16b hotfix mapping. Descriptive profile, not causal effect."
promo1,promo1_s03,max_daily_sessions,weekly_usage,1.4741641337386018,1.0,1.0,2.0,0.0,1.4741641337386018,2.706905241935484,-1.2327411081968822,max_daily_sessions segment mean compared with scope overall,"Feature family uses 16b hotfix mapping. Descriptive profile, not causal effect."
promo1,promo1_s03,max_daily_watch_time_min,weekly_usage,25.829787234042552,4.0,1.0,37.0,0.0,25.829787234042552,128.6932123655914,-102.86342513154884,max_daily_watch_time_min segment mean compared with scope overall,"Feature family uses 16b hotfix mapping. Descriptive profile, not causal effect."
promo1,promo1_s03,max_day_share,usage_concentration,0.9061327003550613,1.0,1.0,1.0,0.0,0.9061327003550613,0.5766386278341895,0.3294940725208718,max_day_share segment mean compared with scope overall,"Feature family uses 16b hotfix mapping. Descriptive profile, not causal effect."
promo1,promo1_s03,max_inactive_gap_days,inactivity_recency,1.182370820668693,0.0,0.0,0.0,0.7689969604863222,1.182370820668693,5.112483198924731,-3.9301123782560383,max_inactive_gap_days segment mean compared with scope overall,"Feature family uses 16b hotfix mapping. Descriptive profile, not causal effect."
promo1,promo1_s03,max_watch_time_min,weekly_usage,23.252279635258358,3.0,1.0,34.0,0.0,23.252279635258358,90.57182459677419,-67.31954496151583,max_watch_time_min segment mean compared with scope overall,"Feature family uses 16b hotfix mapping. Descriptive profile, not causal effect."
promo1,promo1_s03,median_watch_time_min,weekly_usage,14.332826747720365,2.0,1.0,20.0,0.0,14.332826747720365,36.67981350806452,-22.346986760344155,median_watch_time_min segment mean compared with scope overall,"Feature family uses 16b hotfix mapping. Descriptive profile, not causal effect."
promo1,promo1_s03,movie_per_active_day,content_preference,1.1573961499493413,1.0,1.0,1.0,0.0,1.1573961499493413,1.2861023777149903,-0.128706227765649,movie_per_active_day segment mean compared with scope overall,"Feature family uses 16b hotfix mapping. Descriptive profile, not causal effect."
promo1,promo1_s03,new_movie_in_180d_ratio,content_preference,0.39283608994855196,0.0,0.0,1.0,0.547112462006079,0.39283608994855196,0.20900346932974287,0.1838326206188091,new_movie_in_180d_ratio segment mean compared with scope overall,"Feature family uses 16b hotfix mapping. Descriptive profile, not causal effect."
promo1,promo1_s03,new_movie_in_365d_ratio,content_preference,0.43701167120620005,0.0,0.0,1.0,0.5015197568389058,0.43701167120620005,0.25737407225734305,0.179637598948857,new_movie_in_365d_ratio segment mean compared with scope overall,"Feature family uses 16b hotfix mapping. Descriptive profile, not causal effect."
promo1,promo1_s03,new_movie_in_90d_ratio,content_preference,0.35844090053816496,0.0,0.0,1.0,0.5805471124620061,0.35844090053816496,0.17435289509631696,0.184088005441848,new_movie_in_90d_ratio segment mean compared with scope overall,"Feature family uses 16b hotfix mapping. Descriptive profile, not causal effect."
promo1,promo1_s03,old_movie_ratio_5y,content_preference,0.142274569402229,0.0,0.0,0.0,0.8085106382978723,0.142274569402229,0.16567931697763125,-0.023404747575402257,old_movie_ratio_5y segment mean compared with scope overall,"Feature family uses 16b hotfix mapping. Descriptive profile, not causal effect."
promo1,promo1_s03,other_ratio,genre_preference,0.0640542405893536,0.0,0.0,0.0,0.9209726443768997,0.0640542405893536,0.025510368654668075,0.03854387193468553,other_ratio segment mean compared with scope overall,"Feature family uses 16b hotfix mapping. Descriptive profile, not causal effect."
promo1,promo1_s03,recency,inactivity_recency,2.851063829787234,3.0,1.0,5.0,0.15501519756838905,2.851063829787234,6.220346102150538,-3.369282272363304,recency segment mean compared with scope overall,"Feature family uses 16b hotfix mapping. Descriptive profile, not causal effect."
promo1,promo1_s03,reg_hour_afternoon,registration_timing_context,0.24924012158054712,0.0,0.0,0.0,0.7507598784194529,0.24924012158054712,0.2474798387096774,0.0017602828708697116,reg_hour_afternoon segment mean compared with scope overall,"Feature family uses 16b hotfix mapping. Descriptive profile, not causal effect."
promo1,promo1_s03,reg_hour_evening,registration_timing_context,0.41033434650455924,0.0,0.0,1.0,0.5896656534954408,0.41033434650455924,0.43119959677419356,-0.020865250269634317,reg_hour_evening segment mean compared with scope overall,"Feature family uses 16b hotfix mapping. Descriptive profile, not causal effect."
promo1,promo1_s03,reg_hour_morning,registration_timing_context,0.16717325227963525,0.0,0.0,0.0,0.8328267477203647,0.16717325227963525,0.14566532258064516,0.021507929698990097,reg_hour_morning segment mean compared with scope overall,"Feature family uses 16b hotfix mapping. Descriptive profile, not causal effect."
promo1,promo1_s03,reg_hour_night,registration_timing_context,0.17325227963525835,0.0,0.0,0.0,0.8267477203647416,0.17325227963525835,0.17565524193548387,-0.0024029623002255196,reg_hour_night segment mean compared with scope overall,"Feature family uses 16b hotfix mapping. Descriptive profile, not causal effect."
promo1,promo1_s03,reg_is_weekend,registration_timing_context,0.3860182370820669,0.0,0.0,1.0,0.6139817629179332,0.3860182370820669,0.3772681451612903,0.008750091920776581,reg_is_weekend segment mean compared with scope overall,"Feature family uses 16b hotfix mapping. Descriptive profile, not causal effect."
promo1,promo1_s03,romance_ratio,genre_preference,0.022398321030539875,0.0,0.0,0.0,0.9635258358662614,0.022398321030539875,0.09645138838209105,-0.07405306735155118,romance_ratio segment mean compared with scope overall,"Feature family uses 16b hotfix mapping. Descriptive profile, not causal effect."
promo1,promo1_s03,sf_fantasy_ratio,genre_preference,0.14420078353808655,0.0,0.0,0.0,0.7993920972644377,0.14420078353808655,0.11517303095165267,0.029027752586433878,sf_fantasy_ratio segment mean compared with scope overall,"Feature family uses 16b hotfix mapping. Descriptive profile, not causal effect."
promo1,promo1_s03,std_watch_time_min,weekly_usage,7.797274550030785,0.0,0.0,2.7386127875258306,0.6930091185410334,7.797274550030785,32.64908247780666,-24.851807927775873,std_watch_time_min segment mean compared with scope overall,"Feature family uses 16b hotfix mapping. Descriptive profile, not causal effect."
promo1,promo1_s03,thriller_crime_ratio,genre_preference,0.23441069158508576,0.0,0.0,0.5,0.7021276595744681,0.23441069158508576,0.12252436408000666,0.1118863275050791,thriller_crime_ratio segment mean compared with scope overall,"Feature family uses 16b hotfix mapping. Descriptive profile, not causal effect."
promo1,promo1_s03,total_watch_count,weekly_usage,1.9361702127659575,1.0,1.0,2.0,0.0,1.9361702127659575,6.664398521505376,-4.728228308739419,total_watch_count segment mean compared with scope overall,"Feature family uses 16b hotfix mapping. Descriptive profile, not causal effect."
promo1,promo1_s03,total_watch_time_min,weekly_usage,35.51367781155015,4.0,1.0,40.0,0.0,35.51367781155015,297.60475470430106,-262.0910768927509,total_watch_time_min segment mean compared with scope overall,"Feature family uses 16b hotfix mapping. Descriptive profile, not causal effect."
promo1,promo1_s03,unique_movie,content_preference,1.5379939209726443,1.0,1.0,2.0,0.0,1.5379939209726443,4.657174059139785,-3.119180138167141,unique_movie segment mean compared with scope overall,"Feature family uses 16b hotfix mapping. Descriptive profile, not causal effect."
promo1,promo1_s03,watch_days,weekly_usage,1.4042553191489362,1.0,1.0,1.0,0.0,1.4042553191489362,3.5768649193548385,-2.1726096002059023,watch_days segment mean compared with scope overall,"Feature family uses 16b hotfix mapping. Descriptive profile, not causal effect."
promo1,promo1_s03,watch_per_day,weekly_usage,1.3855116514690984,1.0,1.0,1.5,0.0,1.3855116514690984,1.7422966359793406,-0.3567849845102422,watch_per_day segment mean compared with scope overall,"Feature family uses 16b hotfix mapping. Descriptive profile, not causal effect."
promo1,promo1_s03,watch_ratio_under_1m,weekly_usage,0.4946571665416651,0.5,0.0,1.0,0.40425531914893614,0.4946571665416651,0.2121905492108218,0.2824666173308433,watch_ratio_under_1m segment mean compared with scope overall,"Feature family uses 16b hotfix mapping. Descriptive profile, not causal effect."
promo1,promo1_s03,watch_ratio_under_5m,weekly_usage,0.6479479993157805,1.0,0.0,1.0,0.2613981762917933,0.6479479993157805,0.30732044950092124,0.34062754981485927,watch_ratio_under_5m segment mean compared with scope overall,"Feature family uses 16b hotfix mapping. Descriptive profile, not causal effect."
promo1,promo1_s03,watch_session_w1,weekly_usage,0.0,0.0,0.0,0.0,1.0,0.0,2.2377352150537635,-2.2377352150537635,watch_session_w1 segment mean compared with scope overall,"Feature family uses 16b hotfix mapping. Descriptive profile, not causal effect."
promo1,promo1_s03,watch_session_w2,weekly_usage,0.3495440729483283,0.0,0.0,0.0,0.8237082066869301,0.3495440729483283,2.2053931451612905,-1.8558490722129621,watch_session_w2 segment mean compared with scope overall,"Feature family uses 16b hotfix mapping. Descriptive profile, not causal effect."
promo1,promo1_s03,watch_session_w3,weekly_usage,1.5866261398176291,1.0,1.0,2.0,0.0,1.5866261398176291,2.2212701612903225,-0.6346440214726934,watch_session_w3 segment mean compared with scope overall,"Feature family uses 16b hotfix mapping. Descriptive profile, not causal effect."
promo1,promo1_s03,watch_time_min_w1,weekly_usage,0.0,0.0,0.0,0.0,1.0,0.0,100.41523857526882,-100.41523857526882,watch_time_min_w1 segment mean compared with scope overall,"Feature family uses 16b hotfix mapping. Descriptive profile, not causal effect."
promo1,promo1_s03,watch_time_min_w2,weekly_usage,9.74164133738602,0.0,0.0,0.0,0.8237082066869301,9.74164133738602,98.10173051075269,-88.36008917336667,watch_time_min_w2 segment mean compared with scope overall,"Feature family uses 16b hotfix mapping. Descriptive profile, not causal effect."
promo1,promo1_s03,watch_time_min_w3,weekly_usage,25.772036474164135,4.0,1.0,36.0,0.0,25.772036474164135,99.08778561827957,-73.31574914411543,watch_time_min_w3 segment mean compared with scope overall,"Feature family uses 16b hotfix mapping. Descriptive profile, not causal effect."
promo1,promo1_s03,weekend_watch_ratio,weekly_usage,0.41951078303661893,0.0,0.0,1.0,0.5258358662613982,0.41951078303661893,0.3631104140627053,0.05640036897391365,weekend_watch_ratio segment mean compared with scope overall,"Feature family uses 16b hotfix mapping. Descriptive profile, not causal effect."
promo1,promo1_s04,action_adventure_ratio,genre_preference,0.16968736080680583,0.037037037037037,0.0,0.3333333333333333,0.4878048780487805,0.16968736080680583,0.10503267271109874,0.06465468809570708,action_adventure_ratio segment mean compared with scope overall,"Feature family uses 16b hotfix mapping. Descriptive profile, not causal effect."
promo1,promo1_s04,active_ratio,usage_concentration,0.16027874564459926,0.1428571428571428,0.0952380952380952,0.1904761904761904,0.0,0.16027874564459926,0.17032690092165892,-0.010048155277059656,active_ratio segment mean compared with scope overall,"Feature family uses 16b hotfix mapping. Descriptive profile, not causal effect."
promo1,promo1_s04,age_group,demographic_context,30.48780487804878,30.0,20.0,40.0,0.0,30.48780487804878,29.533770161290324,0.9540347167584571,age_group segment mean compared with scope overall,"Feature family uses 16b hotfix mapping. Descriptive profile, not causal effect."
promo1,promo1_s04,avg_daily_watch_time_min,weekly_usage,3.582520325203252,1.5,1.0,3.0,0.0,3.582520325203252,73.38366250860248,-69.80114218339924,avg_daily_watch_time_min segment mean compared with scope overall,"Feature family uses 16b hotfix mapping. Descriptive profile, not causal effect."
promo1,promo1_s04,avg_gap_between_watch_days,weekly_usage,8.163414634146342,6.0,4.25,13.0,0.0,8.163414634146342,3.2703307247095053,4.893083909436837,avg_gap_between_watch_days segment mean compared with scope overall,"Feature family uses 16b hotfix mapping. Descriptive profile, not causal effect."
promo1,promo1_s04,avg_gap_w1_watch_days,weekly_usage,0.47560975609756095,0.0,0.0,1.0,0.7073170731707317,0.47560975609756095,0.6760836693548388,-0.2004739132572778,avg_gap_w1_watch_days segment mean compared with scope overall,"Feature family uses 16b hotfix mapping. Descriptive profile, not causal effect."
promo1,promo1_s04,avg_gap_w2_watch_days,weekly_usage,0.36585365853658536,0.0,0.0,0.0,0.8536585365853658,0.36585365853658536,0.6610677083333334,-0.29521404979674803,avg_gap_w2_watch_days segment mean compared with scope overall,"Feature family uses 16b hotfix mapping. Descriptive profile, not causal effect."
promo1,promo1_s04,avg_gap_w3_watch_days,weekly_usage,0.7195121951219512,0.0,0.0,0.0,0.7560975609756098,0.7195121951219512,0.6938060035842293,0.025706191537721912,avg_gap_w3_watch_days segment mean compared with scope overall,"Feature family uses 16b hotfix mapping. Descriptive profile, not causal effect."
promo1,promo1_s04,avg_ott_release_year,content_preference,2019.3626767607916,2020.3333333333333,2017.857142857143,2020.9,0.0,2019.3626767607916,1891.3823413038297,127.98033545696194,avg_ott_release_year segment mean compared with scope overall,"Feature family uses 16b hotfix mapping. Descriptive profile, not causal effect."
promo1,promo1_s04,avg_rewatch_ratio,weekly_usage,0.10317460317460315,0.0,0.0,0.2,0.5853658536585366,0.10317460317460315,0.14934732641950532,-0.04617272324490217,avg_rewatch_ratio segment mean compared with scope overall,"Feature family uses 16b hotfix mapping. Descriptive profile, not causal effect."
promo1,promo1_s04,avg_watch_time_min,weekly_usage,2.889769647696477,1.25,1.0,1.8,0.0,2.889769647696477,42.43707840714719,-39.547308759450715,avg_watch_time_min segment mean compared with scope overall,"Feature family uses 16b hotfix mapping. Descriptive profile, not causal effect."
promo1,promo1_s04,comedy_ratio,genre_preference,0.12571522020638926,0.0,0.0,0.25,0.5853658536585366,0.12571522020638926,0.08751082885013868,0.038204391356250575,comedy_ratio segment mean compared with scope overall,"Feature family uses 16b hotfix mapping. Descriptive profile, not causal effect."
promo1,promo1_s04,day_count_over_3times,usage_concentration,0.24390243902439024,0.0,0.0,0.0,0.7804878048780488,0.24390243902439024,0.7086693548387096,-0.4647669158143194,day_count_over_3times segment mean compared with scope overall,"Feature family uses 16b hotfix mapping. Descriptive profile, not causal effect."
promo1,promo1_s04,diff_between_w2_w1,weekly_usage,-1.7560975609756098,-1.0,-2.0,-1.0,0.04878048780487805,-1.7560975609756098,-2.313508064516129,0.5574105035405192,diff_between_w2_w1 segment mean compared with scope overall,"Feature family uses 16b hotfix mapping. Descriptive profile, not causal effect."
promo1,promo1_s04,diff_between_w3_w1,weekly_usage,0.7317073170731707,-1.0,-1.0,0.0,0.2926829268292683,0.7317073170731707,-1.3274529569892473,2.059160274062418,diff_between_w3_w1 segment mean compared with scope overall,"Feature family uses 16b hotfix mapping. Descriptive profile, not causal effect."
promo1,promo1_s04,diff_between_w3_w2,weekly_usage,2.4878048780487805,1.0,0.0,2.0,0.07317073170731707,2.4878048780487805,0.9860551075268817,1.5017497705218987,diff_between_w3_w2 segment mean compared with scope overall,"Feature family uses 16b hotfix mapping. Descriptive profile, not causal effect."
promo1,promo1_s04,documentary_ratio,genre_preference,0.01978319783197832,0.0,0.0,0.0,0.926829268292683,0.01978319783197832,0.018507653296977396,0.001275544535000922,documentary_ratio segment mean compared with scope overall,"Feature family uses 16b hotfix mapping. Descriptive profile, not causal effect."
promo1,promo1_s04,drama_ratio,genre_preference,0.04213200125731664,0.0,0.0,0.0,0.8048780487804879,0.04213200125731664,0.1678116706558293,-0.12567966939851266,drama_ratio segment mean compared with scope overall,"Feature family uses 16b hotfix mapping. Descriptive profile, not causal effect."
promo1,promo1_s04,family_animation_ratio,genre_preference,0.04766112878520089,0.0,0.0,0.0,0.8780487804878049,0.04766112878520089,0.10739800678992827,-0.05973687800472738,family_animation_ratio segment mean compared with scope overall,"Feature family uses 16b hotfix mapping. Descriptive profile, not causal effect."
promo1,promo1_s04,genre_diversity_count,genre_preference,2.8292682926829267,3.0,2.0,4.0,0.0,2.8292682926829267,2.922043010752688,-0.09277471806976134,genre_diversity_count segment mean compared with scope overall,"Feature family uses 16b hotfix mapping. Descriptive profile, not causal effect."
promo1,promo1_s04,historical_war_ratio,genre_preference,0.07702368328031105,0.0,0.0,0.0,0.8048780487804879,0.07702368328031105,0.0647402328755328,0.012283450404778254,historical_war_ratio segment mean compared with scope overall,"Feature family uses 16b hotfix mapping. Descriptive profile, not causal effect."
promo1,promo1_s04,horror_ratio,genre_preference,0.04367609664876452,0.0,0.0,0.0,0.8536585365853658,0.04367609664876452,0.026671771999388128,0.01700432464937639,horror_ratio segment mean compared with scope overall,"Feature family uses 16b hotfix mapping. Descriptive profile, not causal effect."
promo1,promo1_s04,is_basic,membership_context,0.6829268292682927,1.0,0.0,1.0,0.3170731707317073,0.6829268292682927,0.6036626344086021,0.0792641948596906,is_basic segment mean compared with scope overall,"Feature family uses 16b hotfix mapping. Descriptive profile, not causal effect."
promo1,promo1_s04,is_churn_prevented,historical_churn_prevention_context,0.2926829268292683,0.0,0.0,1.0,0.7073170731707317,0.2926829268292683,0.15641801075268819,0.1362649160765801,is_churn_prevented segment mean compared with scope overall,"Feature family uses 16b hotfix mapping. Descriptive profile, not causal effect."
promo1,promo1_s04,is_cold_start_3d_fixed,onboarding_activation,0.36585365853658536,0.0,0.0,1.0,0.6341463414634146,0.36585365853658536,0.38499663978494625,-0.01914298124836089,is_cold_start_3d_fixed segment mean compared with scope overall,"Feature family uses 16b hotfix mapping. Descriptive profile, not causal effect."
promo1,promo1_s04,is_cold_start_7d_fixed,onboarding_activation,1.0,1.0,1.0,1.0,0.0,1.0,0.6348286290322581,0.3651713709677419,is_cold_start_7d_fixed segment mean compared with scope overall,"Feature family uses 16b hotfix mapping. Descriptive profile, not causal effect."
promo1,promo1_s04,is_female,demographic_context,0.6829268292682927,1.0,0.0,1.0,0.3170731707317073,0.6829268292682927,0.6185315860215054,0.06439524324678736,is_female segment mean compared with scope overall,"Feature family uses 16b hotfix mapping. Descriptive profile, not causal effect."
promo1,promo1_s04,is_male,demographic_context,0.3170731707317073,0.0,0.0,1.0,0.6829268292682927,0.3170731707317073,0.3812163978494624,-0.06414322711775505,is_male segment mean compared with scope overall,"Feature family uses 16b hotfix mapping. Descriptive profile, not causal effect."
promo1,promo1_s04,is_only_w1,week_specific_usage_pattern,0.0,0.0,0.0,0.0,1.0,0.0,0.09660618279569892,-0.09660618279569892,is_only_w1 segment mean compared with scope overall,"Feature family uses 16b hotfix mapping. Descriptive profile, not causal effect."
promo1,promo1_s04,is_only_w2,week_specific_usage_pattern,0.0,0.0,0.0,0.0,1.0,0.0,0.07669690860215053,-0.07669690860215053,is_only_w2 segment mean compared with scope overall,"Feature family uses 16b hotfix mapping. Descriptive profile, not causal effect."
promo1,promo1_s04,is_only_w3,week_specific_usage_pattern,0.0,0.0,0.0,0.0,1.0,0.0,0.10315860215053764,-0.10315860215053764,is_only_w3 segment mean compared with scope overall,"Feature family uses 16b hotfix mapping. Descriptive profile, not causal effect."
promo1,promo1_s04,is_premium,membership_context,0.24390243902439024,0.0,0.0,0.0,0.7560975609756098,0.24390243902439024,0.22521841397849462,0.018684025045895614,is_premium segment mean compared with scope overall,"Feature family uses 16b hotfix mapping. Descriptive profile, not causal effect."
promo1,promo1_s04,is_standard,membership_context,0.07317073170731707,0.0,0.0,0.0,0.926829268292683,0.07317073170731707,0.17111895161290322,-0.09794821990558615,is_standard segment mean compared with scope overall,"Feature family uses 16b hotfix mapping. Descriptive profile, not causal effect."
promo1,promo1_s04,is_user_verified,membership_context,1.0,1.0,1.0,1.0,0.0,1.0,1.0,0.0,is_user_verified segment mean compared with scope overall,"Feature family uses 16b hotfix mapping. Descriptive profile, not causal effect."
promo1,promo1_s04,is_w1_over_50pct,weekly_usage,0.6097560975609756,1.0,0.0,1.0,0.3902439024390244,0.6097560975609756,0.29158266129032256,0.31817343627065303,is_w1_over_50pct segment mean compared with scope overall,"Feature family uses 16b hotfix mapping. Descriptive profile, not causal effect."
promo1,promo1_s04,is_w2_over_50pct,weekly_usage,0.07317073170731707,0.0,0.0,0.0,0.926829268292683,0.07317073170731707,0.26226478494623656,-0.18909405323891948,is_w2_over_50pct segment mean compared with scope overall,"Feature family uses 16b hotfix mapping. Descriptive profile, not causal effect."
promo1,promo1_s04,is_w3_over_50pct,weekly_usage,0.36585365853658536,0.0,0.0,1.0,0.6341463414634146,0.36585365853658536,0.2840221774193548,0.08183148111723054,is_w3_over_50pct segment mean compared with scope overall,"Feature family uses 16b hotfix mapping. Descriptive profile, not causal effect."
promo1,promo1_s04,log_retention_w2_ratio,retention_decay,-0.5908413789245974,-0.6931471805599453,-1.0986122886681098,-0.2231435513142097,0.04878048780487805,-0.5908413789245974,-0.04871103755940613,-0.5421303413651913,log_retention_w2_ratio segment mean compared with scope overall,"Feature family uses 16b hotfix mapping. Descriptive profile, not causal effect."
promo1,promo1_s04,log_retention_w3_ratio,retention_decay,0.49900890948779364,0.6931471805599453,0.0,0.6931471805599453,0.07317073170731707,0.49900890948779364,0.06656954734262306,0.4324393621451706,log_retention_w3_ratio segment mean compared with scope overall,"Feature family uses 16b hotfix mapping. Descriptive profile, not causal effect."
promo1,promo1_s04,max_daily_sessions,weekly_usage,1.7317073170731707,1.0,1.0,2.0,0.0,1.7317073170731707,2.706905241935484,-0.9751979248623133,max_daily_sessions segment mean compared with scope overall,"Feature family uses 16b hotfix mapping. Descriptive profile, not causal effect."
promo1,promo1_s04,max_daily_watch_time_min,weekly_usage,6.609756097560975,2.0,1.0,6.0,0.0,6.609756097560975,128.6932123655914,-122.08345626803042,max_daily_watch_time_min segment mean compared with scope overall,"Feature family uses 16b hotfix mapping. Descriptive profile, not causal effect."
promo1,promo1_s04,max_day_share,usage_concentration,0.4931417752629305,0.4769230769230769,0.4,0.5555555555555556,0.0,0.4931417752629305,0.5766386278341895,-0.083496852571259,max_day_share segment mean compared with scope overall,"Feature family uses 16b hotfix mapping. Descriptive profile, not causal effect."
promo1,promo1_s04,max_inactive_gap_days,inactivity_recency,10.365853658536585,10.0,7.0,14.0,0.0,10.365853658536585,5.112483198924731,5.253370459611854,max_inactive_gap_days segment mean compared with scope overall,"Feature family uses 16b hotfix mapping. Descriptive profile, not causal effect."
promo1,promo1_s04,max_watch_time_min,weekly_usage,6.0,2.0,1.0,5.0,0.0,6.0,90.57182459677419,-84.57182459677419,max_watch_time_min segment mean compared with scope overall,"Feature family uses 16b hotfix mapping. Descriptive profile, not causal effect."
promo1,promo1_s04,median_watch_time_min,weekly_usage,2.317073170731707,1.0,1.0,1.5,0.0,2.317073170731707,36.67981350806452,-34.36274033733281,median_watch_time_min segment mean compared with scope overall,"Feature family uses 16b hotfix mapping. Descriptive profile, not causal effect."
promo1,promo1_s04,movie_per_active_day,content_preference,1.1146341463414635,1.0,1.0,1.25,0.0,1.1146341463414635,1.2861023777149903,-0.17146823137352674,movie_per_active_day segment mean compared with scope overall,"Feature family uses 16b hotfix mapping. Descriptive profile, not causal effect."
promo1,promo1_s04,new_movie_in_180d_ratio,content_preference,0.5422764227642277,0.6,0.0,1.0,0.3170731707317073,0.5422764227642277,0.20900346932974287,0.3332729534344848,new_movie_in_180d_ratio segment mean compared with scope overall,"Feature family uses 16b hotfix mapping. Descriptive profile, not causal effect."
promo1,promo1_s04,new_movie_in_365d_ratio,content_preference,0.60267131242741,0.6666666666666666,0.2,1.0,0.1951219512195122,0.60267131242741,0.25737407225734305,0.34529724017006697,new_movie_in_365d_ratio segment mean compared with scope overall,"Feature family uses 16b hotfix mapping. Descriptive profile, not causal effect."
promo1,promo1_s04,new_movie_in_90d_ratio,content_preference,0.4705284552845529,0.5,0.0,0.8571428571428571,0.34146341463414637,0.4705284552845529,0.17435289509631696,0.29617556018823593,new_movie_in_90d_ratio segment mean compared with scope overall,"Feature family uses 16b hotfix mapping. Descriptive profile, not causal effect."
promo1,promo1_s04,old_movie_ratio_5y,content_preference,0.09334107626790553,0.0,0.0,0.0,0.7560975609756098,0.09334107626790553,0.16567931697763125,-0.07233824070972572,old_movie_ratio_5y segment mean compared with scope overall,"Feature family uses 16b hotfix mapping. Descriptive profile, not causal effect."
promo1,promo1_s04,other_ratio,genre_preference,0.04311230774645408,0.0,0.0,0.0,0.8536585365853658,0.04311230774645408,0.025510368654668075,0.017601939091786006,other_ratio segment mean compared with scope overall,"Feature family uses 16b hotfix mapping. Descriptive profile, not causal effect."
promo1,promo1_s04,recency,inactivity_recency,2.317073170731707,2.0,0.0,4.0,0.2682926829268293,2.317073170731707,6.220346102150538,-3.903272931418831,recency segment mean compared with scope overall,"Feature family uses 16b hotfix mapping. Descriptive profile, not causal effect."
promo1,promo1_s04,reg_hour_afternoon,registration_timing_context,0.3902439024390244,0.0,0.0,1.0,0.6097560975609756,0.3902439024390244,0.2474798387096774,0.142764063729347,reg_hour_afternoon segment mean compared with scope overall,"Feature family uses 16b hotfix mapping. Descriptive profile, not causal effect."
promo1,promo1_s04,reg_hour_evening,registration_timing_context,0.24390243902439024,0.0,0.0,0.0,0.7560975609756098,0.24390243902439024,0.43119959677419356,-0.18729715774980332,reg_hour_evening segment mean compared with scope overall,"Feature family uses 16b hotfix mapping. Descriptive profile, not causal effect."
promo1,promo1_s04,reg_hour_morning,registration_timing_context,0.17073170731707318,0.0,0.0,0.0,0.8292682926829268,0.17073170731707318,0.14566532258064516,0.025066384736428027,reg_hour_morning segment mean compared with scope overall,"Feature family uses 16b hotfix mapping. Descriptive profile, not causal effect."
promo1,promo1_s04,reg_hour_night,registration_timing_context,0.1951219512195122,0.0,0.0,0.0,0.8048780487804879,0.1951219512195122,0.17565524193548387,0.019466709284028327,reg_hour_night segment mean compared with scope overall,"Feature family uses 16b hotfix mapping. Descriptive profile, not causal effect."
promo1,promo1_s04,reg_is_weekend,registration_timing_context,0.34146341463414637,0.0,0.0,1.0,0.6585365853658537,0.34146341463414637,0.3772681451612903,-0.035804730527143946,reg_is_weekend segment mean compared with scope overall,"Feature family uses 16b hotfix mapping. Descriptive profile, not causal effect."
promo1,promo1_s04,romance_ratio,genre_preference,0.05245213742460005,0.0,0.0,0.0,0.8536585365853658,0.05245213742460005,0.09645138838209105,-0.043999250957491,romance_ratio segment mean compared with scope overall,"Feature family uses 16b hotfix mapping. Descriptive profile, not causal effect."
promo1,promo1_s04,sf_fantasy_ratio,genre_preference,0.15672906035131853,0.0,0.0,0.2,0.6341463414634146,0.15672906035131853,0.11517303095165267,0.041556029399665864,sf_fantasy_ratio segment mean compared with scope overall,"Feature family uses 16b hotfix mapping. Descriptive profile, not causal effect."
promo1,promo1_s04,std_watch_time_min,weekly_usage,2.1678566924114886,0.5,0.0,1.3333333333333337,0.43902439024390244,2.1678566924114886,32.64908247780666,-30.481225785395168,std_watch_time_min segment mean compared with scope overall,"Feature family uses 16b hotfix mapping. Descriptive profile, not causal effect."
promo1,promo1_s04,thriller_crime_ratio,genre_preference,0.22202780566086078,0.125,0.0,0.3333333333333333,0.4878048780487805,0.22202780566086078,0.12252436408000666,0.09950344158085411,thriller_crime_ratio segment mean compared with scope overall,"Feature family uses 16b hotfix mapping. Descriptive profile, not causal effect."
promo1,promo1_s04,total_watch_count,weekly_usage,4.341463414634147,4.0,3.0,5.0,0.0,4.341463414634147,6.664398521505376,-2.3229351068712294,total_watch_count segment mean compared with scope overall,"Feature family uses 16b hotfix mapping. Descriptive profile, not causal effect."
promo1,promo1_s04,total_watch_time_min,weekly_usage,12.365853658536585,6.0,3.0,11.0,0.0,12.365853658536585,297.60475470430106,-285.23890104576446,total_watch_time_min segment mean compared with scope overall,"Feature family uses 16b hotfix mapping. Descriptive profile, not causal effect."
promo1,promo1_s04,unique_movie,content_preference,3.658536585365854,3.0,2.0,5.0,0.0,3.658536585365854,4.657174059139785,-0.9986374737739312,unique_movie segment mean compared with scope overall,"Feature family uses 16b hotfix mapping. Descriptive profile, not causal effect."
promo1,promo1_s04,watch_days,weekly_usage,3.3658536585365852,3.0,2.0,4.0,0.0,3.3658536585365852,3.5768649193548385,-0.21101126081825328,watch_days segment mean compared with scope overall,"Feature family uses 16b hotfix mapping. Descriptive profile, not causal effect."
promo1,promo1_s04,watch_per_day,weekly_usage,1.2829268292682927,1.0,1.0,1.5,0.0,1.2829268292682927,1.7422966359793406,-0.4593698067110479,watch_per_day segment mean compared with scope overall,"Feature family uses 16b hotfix mapping. Descriptive profile, not causal effect."
promo1,promo1_s04,watch_ratio_under_1m,weekly_usage,0.7225609756097561,0.8,0.5,1.0,0.07317073170731707,0.7225609756097561,0.2121905492108218,0.5103704263989343,watch_ratio_under_1m segment mean compared with scope overall,"Feature family uses 16b hotfix mapping. Descriptive profile, not causal effect."
promo1,promo1_s04,watch_ratio_under_5m,weekly_usage,0.9081300813008131,1.0,1.0,1.0,0.024390243902439025,0.9081300813008131,0.30732044950092124,0.6008096317998919,watch_ratio_under_5m segment mean compared with scope overall,"Feature family uses 16b hotfix mapping. Descriptive profile, not causal effect."
promo1,promo1_s04,watch_session_w1,weekly_usage,1.951219512195122,2.0,1.0,2.0,0.0,1.951219512195122,2.2377352150537635,-0.2865157028586416,watch_session_w1 segment mean compared with scope overall,"Feature family uses 16b hotfix mapping. Descriptive profile, not causal effect."
promo1,promo1_s04,watch_session_w2,weekly_usage,0.926829268292683,1.0,0.0,1.0,0.4146341463414634,0.926829268292683,2.2053931451612905,-1.2785638768686076,watch_session_w2 segment mean compared with scope overall,"Feature family uses 16b hotfix mapping. Descriptive profile, not causal effect."
promo1,promo1_s04,watch_session_w3,weekly_usage,1.4634146341463414,1.0,1.0,2.0,0.0,1.4634146341463414,2.2212701612903225,-0.7578555271439811,watch_session_w3 segment mean compared with scope overall,"Feature family uses 16b hotfix mapping. Descriptive profile, not causal effect."
promo1,promo1_s04,watch_time_min_w1,weekly_usage,4.463414634146342,2.0,1.0,4.0,0.0,4.463414634146342,100.41523857526882,-95.95182394112247,watch_time_min_w1 segment mean compared with scope overall,"Feature family uses 16b hotfix mapping. Descriptive profile, not causal effect."
promo1,promo1_s04,watch_time_min_w2,weekly_usage,2.707317073170732,1.0,0.0,3.0,0.4146341463414634,2.707317073170732,98.10173051075269,-95.39441343758196,watch_time_min_w2 segment mean compared with scope overall,"Feature family uses 16b hotfix mapping. Descriptive profile, not causal effect."
promo1,promo1_s04,watch_time_min_w3,weekly_usage,5.195121951219512,2.0,1.0,3.0,0.0,5.195121951219512,99.08778561827957,-93.89266366706005,watch_time_min_w3 segment mean compared with scope overall,"Feature family uses 16b hotfix mapping. Descriptive profile, not causal effect."
promo1,promo1_s04,weekend_watch_ratio,weekly_usage,0.39818041037553237,0.3333333333333333,0.0,0.6666666666666666,0.2682926829268293,0.39818041037553237,0.3631104140627053,0.03506999631282709,weekend_watch_ratio segment mean compared with scope overall,"Feature family uses 16b hotfix mapping. Descriptive profile, not causal effect."
promo1,promo1_s05,action_adventure_ratio,genre_preference,0.2616379010143358,0.2,0.0,0.4648648648648649,0.3162393162393162,0.2616379010143358,0.10503267271109874,0.1566052283032371,action_adventure_ratio segment mean compared with scope overall,"Feature family uses 16b hotfix mapping. Descriptive profile, not causal effect."
promo1,promo1_s05,active_ratio,usage_concentration,0.22914122914122906,0.238095238095238,0.1904761904761904,0.2857142857142857,0.0,0.22914122914122906,0.17032690092165892,0.05881432821957014,active_ratio segment mean compared with scope overall,"Feature family uses 16b hotfix mapping. Descriptive profile, not causal effect."
promo1,promo1_s05,age_group,demographic_context,28.376068376068375,30.0,20.0,30.0,0.0,28.376068376068375,29.533770161290324,-1.157701785221949,age_group segment mean compared with scope overall,"Feature family uses 16b hotfix mapping. Descriptive profile, not causal effect."
promo1,promo1_s05,avg_daily_watch_time_min,weekly_usage,72.36745014245014,70.66666666666667,46.75,93.4,0.0,72.36745014245014,73.38366250860248,-1.0162123661523452,avg_daily_watch_time_min segment mean compared with scope overall,"Feature family uses 16b hotfix mapping. Descriptive profile, not causal effect."
promo1,promo1_s05,avg_gap_between_watch_days,weekly_usage,4.4240265906932565,4.25,3.25,5.0,0.0,4.4240265906932565,3.2703307247095053,1.1536958659837513,avg_gap_between_watch_days segment mean compared with scope overall,"Feature family uses 16b hotfix mapping. Descriptive profile, not causal effect."
promo1,promo1_s05,avg_gap_w1_watch_days,weekly_usage,1.002849002849003,0.0,0.0,1.0,0.5299145299145299,1.002849002849003,0.6760836693548388,0.32676533349416415,avg_gap_w1_watch_days segment mean compared with scope overall,"Feature family uses 16b hotfix mapping. Descriptive profile, not causal effect."
promo1,promo1_s05,avg_gap_w2_watch_days,weekly_usage,1.1467236467236466,0.0,0.0,2.0,0.5042735042735043,1.1467236467236466,0.6610677083333334,0.4856559383903132,avg_gap_w2_watch_days segment mean compared with scope overall,"Feature family uses 16b hotfix mapping. Descriptive profile, not causal effect."
promo1,promo1_s05,avg_gap_w3_watch_days,weekly_usage,0.9807692307692307,0.0,0.0,1.0,0.6068376068376068,0.9807692307692307,0.6938060035842293,0.28696322718500145,avg_gap_w3_watch_days segment mean compared with scope overall,"Feature family uses 16b hotfix mapping. Descriptive profile, not causal effect."
promo1,promo1_s05,avg_ott_release_year,content_preference,2018.165776942574,2018.2,2017.0,2019.909090909091,0.0,2018.165776942574,1891.3823413038297,126.78343563874432,avg_ott_release_year segment mean compared with scope overall,"Feature family uses 16b hotfix mapping. Descriptive profile, not causal effect."
promo1,promo1_s05,avg_rewatch_ratio,weekly_usage,0.2231785845483551,0.25,0.1428571428571428,0.3,0.11965811965811966,0.2231785845483551,0.14934732641950532,0.07383125812884977,avg_rewatch_ratio segment mean compared with scope overall,"Feature family uses 16b hotfix mapping. Descriptive profile, not causal effect."
promo1,promo1_s05,avg_watch_time_min,weekly_usage,46.124733262064574,45.09090909090909,31.83333333333333,58.4,0.0,46.124733262064574,42.43707840714719,3.6876548549173833,avg_watch_time_min segment mean compared with scope overall,"Feature family uses 16b hotfix mapping. Descriptive profile, not causal effect."
promo1,promo1_s05,comedy_ratio,genre_preference,0.04267460582404067,0.0,0.0,0.0,0.7777777777777778,0.04267460582404067,0.08751082885013868,-0.04483622302609801,comedy_ratio segment mean compared with scope overall,"Feature family uses 16b hotfix mapping. Descriptive profile, not causal effect."
promo1,promo1_s05,day_count_over_3times,usage_concentration,0.6837606837606838,0.0,0.0,1.0,0.5299145299145299,0.6837606837606838,0.7086693548387096,-0.024908671078025857,day_count_over_3times segment mean compared with scope overall,"Feature family uses 16b hotfix mapping. Descriptive profile, not causal effect."
promo1,promo1_s05,diff_between_w2_w1,weekly_usage,-21.39316239316239,-6.0,-69.0,32.0,0.017094017094017096,-21.39316239316239,-2.313508064516129,-19.079654328646264,diff_between_w2_w1 segment mean compared with scope overall,"Feature family uses 16b hotfix mapping. Descriptive profile, not causal effect."
promo1,promo1_s05,diff_between_w3_w1,weekly_usage,-35.9059829059829,-32.0,-66.0,16.0,0.0,-35.9059829059829,-1.3274529569892473,-34.578529948993655,diff_between_w3_w1 segment mean compared with scope overall,"Feature family uses 16b hotfix mapping. Descriptive profile, not causal effect."
promo1,promo1_s05,diff_between_w3_w2,weekly_usage,-14.512820512820513,-15.0,-45.0,14.0,0.008547008547008548,-14.512820512820513,0.9860551075268817,-15.498875620347395,diff_between_w3_w2 segment mean compared with scope overall,"Feature family uses 16b hotfix mapping. Descriptive profile, not causal effect."
promo1,promo1_s05,documentary_ratio,genre_preference,0.0066160246182742615,0.0,0.0,0.0,0.9230769230769231,0.0066160246182742615,0.018507653296977396,-0.011891628678703135,documentary_ratio segment mean compared with scope overall,"Feature family uses 16b hotfix mapping. Descriptive profile, not causal effect."
promo1,promo1_s05,drama_ratio,genre_preference,0.03587527703069049,0.0,0.0,0.0,0.7863247863247863,0.03587527703069049,0.1678116706558293,-0.13193639362513881,drama_ratio segment mean compared with scope overall,"Feature family uses 16b hotfix mapping. Descriptive profile, not causal effect."
promo1,promo1_s05,family_animation_ratio,genre_preference,0.0019258787374729404,0.0,0.0,0.0,0.9829059829059829,0.0019258787374729404,0.10739800678992827,-0.10547212805245533,family_animation_ratio segment mean compared with scope overall,"Feature family uses 16b hotfix mapping. Descriptive profile, not causal effect."
promo1,promo1_s05,genre_diversity_count,genre_preference,3.034188034188034,3.0,2.0,4.0,0.0,3.034188034188034,2.922043010752688,0.11214502343534605,genre_diversity_count segment mean compared with scope overall,"Feature family uses 16b hotfix mapping. Descriptive profile, not causal effect."
promo1,promo1_s05,historical_war_ratio,genre_preference,0.047115797528950926,0.0,0.0,0.0,0.7948717948717948,0.047115797528950926,0.0647402328755328,-0.017624435346581868,historical_war_ratio segment mean compared with scope overall,"Feature family uses 16b hotfix mapping. Descriptive profile, not causal effect."
promo1,promo1_s05,horror_ratio,genre_preference,0.06970530891159599,0.0,0.0,0.0039682539682539,0.7008547008547008,0.06970530891159599,0.026671771999388128,0.04303353691220786,horror_ratio segment mean compared with scope overall,"Feature family uses 16b hotfix mapping. Descriptive profile, not causal effect."
promo1,promo1_s05,is_basic,membership_context,0.6410256410256411,1.0,0.0,1.0,0.358974358974359,0.6410256410256411,0.6036626344086021,0.03736300661703895,is_basic segment mean compared with scope overall,"Feature family uses 16b hotfix mapping. Descriptive profile, not causal effect."
promo1,promo1_s05,is_churn_prevented,historical_churn_prevention_context,0.21367521367521367,0.0,0.0,0.0,0.7863247863247863,0.21367521367521367,0.15641801075268819,0.05725720292252548,is_churn_prevented segment mean compared with scope overall,"Feature family uses 16b hotfix mapping. Descriptive profile, not causal effect."
promo1,promo1_s05,is_cold_start_3d_fixed,onboarding_activation,0.46153846153846156,0.0,0.0,1.0,0.5384615384615384,0.46153846153846156,0.38499663978494625,0.07654182175351532,is_cold_start_3d_fixed segment mean compared with scope overall,"Feature family uses 16b hotfix mapping. Descriptive profile, not causal effect."
promo1,promo1_s05,is_cold_start_7d_fixed,onboarding_activation,1.0,1.0,1.0,1.0,0.0,1.0,0.6348286290322581,0.3651713709677419,is_cold_start_7d_fixed segment mean compared with scope overall,"Feature family uses 16b hotfix mapping. Descriptive profile, not causal effect."
promo1,promo1_s05,is_female,demographic_context,0.6410256410256411,1.0,0.0,1.0,0.358974358974359,0.6410256410256411,0.6185315860215054,0.022494055004135705,is_female segment mean compared with scope overall,"Feature family uses 16b hotfix mapping. Descriptive profile, not causal effect."
promo1,promo1_s05,is_male,demographic_context,0.358974358974359,0.0,0.0,1.0,0.6410256410256411,0.358974358974359,0.3812163978494624,-0.022242038875103398,is_male segment mean compared with scope overall,"Feature family uses 16b hotfix mapping. Descriptive profile, not causal effect."
promo1,promo1_s05,is_only_w1,week_specific_usage_pattern,0.0,0.0,0.0,0.0,1.0,0.0,0.09660618279569892,-0.09660618279569892,is_only_w1 segment mean compared with scope overall,"Feature family uses 16b hotfix mapping. Descriptive profile, not causal effect."
promo1,promo1_s05,is_only_w2,week_specific_usage_pattern,0.0,0.0,0.0,0.0,1.0,0.0,0.07669690860215053,-0.07669690860215053,is_only_w2 segment mean compared with scope overall,"Feature family uses 16b hotfix mapping. Descriptive profile, not causal effect."
promo1,promo1_s05,is_only_w3,week_specific_usage_pattern,0.0,0.0,0.0,0.0,1.0,0.0,0.10315860215053764,-0.10315860215053764,is_only_w3 segment mean compared with scope overall,"Feature family uses 16b hotfix mapping. Descriptive profile, not causal effect."
promo1,promo1_s05,is_premium,membership_context,0.23931623931623933,0.0,0.0,0.0,0.7606837606837606,0.23931623931623933,0.22521841397849462,0.014097825337744702,is_premium segment mean compared with scope overall,"Feature family uses 16b hotfix mapping. Descriptive profile, not causal effect."
promo1,promo1_s05,is_standard,membership_context,0.11965811965811966,0.0,0.0,0.0,0.8803418803418803,0.11965811965811966,0.17111895161290322,-0.051460831954783556,is_standard segment mean compared with scope overall,"Feature family uses 16b hotfix mapping. Descriptive profile, not causal effect."
promo1,promo1_s05,is_user_verified,membership_context,1.0,1.0,1.0,1.0,0.0,1.0,1.0,0.0,is_user_verified segment mean compared with scope overall,"Feature family uses 16b hotfix mapping. Descriptive profile, not causal effect."
promo1,promo1_s05,is_w1_over_50pct,weekly_usage,0.27350427350427353,0.0,0.0,1.0,0.7264957264957265,0.27350427350427353,0.29158266129032256,-0.018078387786049033,is_w1_over_50pct segment mean compared with scope overall,"Feature family uses 16b hotfix mapping. Descriptive profile, not causal effect."
promo1,promo1_s05,is_w2_over_50pct,weekly_usage,0.09401709401709402,0.0,0.0,0.0,0.905982905982906,0.09401709401709402,0.26226478494623656,-0.16824769092914255,is_w2_over_50pct segment mean compared with scope overall,"Feature family uses 16b hotfix mapping. Descriptive profile, not causal effect."
promo1,promo1_s05,is_w3_over_50pct,weekly_usage,0.08547008547008547,0.0,0.0,0.0,0.9145299145299145,0.08547008547008547,0.2840221774193548,-0.19855209194926934,is_w3_over_50pct segment mean compared with scope overall,"Feature family uses 16b hotfix mapping. Descriptive profile, not causal effect."
promo1,promo1_s05,log_retention_w2_ratio,retention_decay,-0.0143041701411937,-0.1310282624064041,-0.6783320947748046,0.3347495833097668,0.017094017094017096,-0.0143041701411937,-0.04871103755940613,0.03440686741821243,log_retention_w2_ratio segment mean compared with scope overall,"Feature family uses 16b hotfix mapping. Descriptive profile, not causal effect."
promo1,promo1_s05,log_retention_w3_ratio,retention_decay,-0.13612079122029158,-0.1688208695750521,-0.6286086594223742,0.1690763300439339,0.008547008547008548,-0.13612079122029158,0.06656954734262306,-0.20269033856291463,log_retention_w3_ratio segment mean compared with scope overall,"Feature family uses 16b hotfix mapping. Descriptive profile, not causal effect."
promo1,promo1_s05,max_daily_sessions,weekly_usage,2.58974358974359,2.0,2.0,3.0,0.0,2.58974358974359,2.706905241935484,-0.11716165219189412,max_daily_sessions segment mean compared with scope overall,"Feature family uses 16b hotfix mapping. Descriptive profile, not causal effect."
promo1,promo1_s05,max_daily_watch_time_min,weekly_usage,128.22222222222223,119.0,93.0,160.0,0.0,128.22222222222223,128.6932123655914,-0.4709901433691641,max_daily_watch_time_min segment mean compared with scope overall,"Feature family uses 16b hotfix mapping. Descriptive profile, not causal effect."
promo1,promo1_s05,max_day_share,usage_concentration,0.40481110418368366,0.3793103448275862,0.34,0.4584837545126354,0.0,0.40481110418368366,0.5766386278341895,-0.17182752365050585,max_day_share segment mean compared with scope overall,"Feature family uses 16b hotfix mapping. Descriptive profile, not causal effect."
promo1,promo1_s05,max_inactive_gap_days,inactivity_recency,7.282051282051282,7.0,6.0,8.0,0.0,7.282051282051282,5.112483198924731,2.169568083126551,max_inactive_gap_days segment mean compared with scope overall,"Feature family uses 16b hotfix mapping. Descriptive profile, not causal effect."
promo1,promo1_s05,max_watch_time_min,weekly_usage,104.47863247863248,106.0,85.0,121.0,0.0,104.47863247863248,90.57182459677419,13.906807881858285,max_watch_time_min segment mean compared with scope overall,"Feature family uses 16b hotfix mapping. Descriptive profile, not causal effect."
promo1,promo1_s05,median_watch_time_min,weekly_usage,41.111111111111114,34.0,18.0,62.0,0.0,41.111111111111114,36.67981350806452,4.431297603046595,median_watch_time_min segment mean compared with scope overall,"Feature family uses 16b hotfix mapping. Descriptive profile, not causal effect."
promo1,promo1_s05,movie_per_active_day,content_preference,1.0852869352869352,1.0,0.75,1.3333333333333333,0.0,1.0852869352869352,1.2861023777149903,-0.20081544242805505,movie_per_active_day segment mean compared with scope overall,"Feature family uses 16b hotfix mapping. Descriptive profile, not causal effect."
promo1,promo1_s05,new_movie_in_180d_ratio,content_preference,0.33940612044525675,0.2631578947368421,0.0,0.6,0.3504273504273504,0.33940612044525675,0.20900346932974287,0.13040265111551388,new_movie_in_180d_ratio segment mean compared with scope overall,"Feature family uses 16b hotfix mapping. Descriptive profile, not causal effect."
promo1,promo1_s05,new_movie_in_365d_ratio,content_preference,0.4162727723119086,0.3333333333333333,0.0,0.7142857142857143,0.2905982905982906,0.4162727723119086,0.25737407225734305,0.15889870005456558,new_movie_in_365d_ratio segment mean compared with scope overall,"Feature family uses 16b hotfix mapping. Descriptive profile, not causal effect."
promo1,promo1_s05,new_movie_in_90d_ratio,content_preference,0.2810837136073304,0.2,0.0,0.5454545454545454,0.4188034188034188,0.2810837136073304,0.17435289509631696,0.10673081851101346,new_movie_in_90d_ratio segment mean compared with scope overall,"Feature family uses 16b hotfix mapping. Descriptive profile, not causal effect."
promo1,promo1_s05,old_movie_ratio_5y,content_preference,0.19539072039072036,0.0909090909090909,0.0,0.3333333333333333,0.452991452991453,0.19539072039072036,0.16567931697763125,0.029711403413089116,old_movie_ratio_5y segment mean compared with scope overall,"Feature family uses 16b hotfix mapping. Descriptive profile, not causal effect."
promo1,promo1_s05,other_ratio,genre_preference,0.003655056577221942,0.0,0.0,0.0,0.9829059829059829,0.003655056577221942,0.025510368654668075,-0.021855312077446135,other_ratio segment mean compared with scope overall,"Feature family uses 16b hotfix mapping. Descriptive profile, not causal effect."
promo1,promo1_s05,recency,inactivity_recency,2.247863247863248,2.0,0.0,4.0,0.29914529914529914,2.247863247863248,6.220346102150538,-3.97248285428729,recency segment mean compared with scope overall,"Feature family uses 16b hotfix mapping. Descriptive profile, not causal effect."
promo1,promo1_s05,reg_hour_afternoon,registration_timing_context,0.1794871794871795,0.0,0.0,0.0,0.8205128205128205,0.1794871794871795,0.2474798387096774,-0.06799265922249792,reg_hour_afternoon segment mean compared with scope overall,"Feature family uses 16b hotfix mapping. Descriptive profile, not causal effect."
promo1,promo1_s05,reg_hour_evening,registration_timing_context,0.49572649572649574,0.0,0.0,1.0,0.5042735042735043,0.49572649572649574,0.43119959677419356,0.06452689895230218,reg_hour_evening segment mean compared with scope overall,"Feature family uses 16b hotfix mapping. Descriptive profile, not causal effect."
promo1,promo1_s05,reg_hour_morning,registration_timing_context,0.1794871794871795,0.0,0.0,0.0,0.8205128205128205,0.1794871794871795,0.14566532258064516,0.03382185690653433,reg_hour_morning segment mean compared with scope overall,"Feature family uses 16b hotfix mapping. Descriptive profile, not causal effect."
promo1,promo1_s05,reg_hour_night,registration_timing_context,0.1452991452991453,0.0,0.0,0.0,0.8547008547008547,0.1452991452991453,0.17565524193548387,-0.030356096636338564,reg_hour_night segment mean compared with scope overall,"Feature family uses 16b hotfix mapping. Descriptive profile, not causal effect."
promo1,promo1_s05,reg_is_weekend,registration_timing_context,0.3504273504273504,0.0,0.0,1.0,0.6495726495726496,0.3504273504273504,0.3772681451612903,-0.02684079473393991,reg_is_weekend segment mean compared with scope overall,"Feature family uses 16b hotfix mapping. Descriptive profile, not causal effect."
promo1,promo1_s05,romance_ratio,genre_preference,0.02530570781166115,0.0,0.0,0.0,0.8290598290598291,0.02530570781166115,0.09645138838209105,-0.0711456805704299,romance_ratio segment mean compared with scope overall,"Feature family uses 16b hotfix mapping. Descriptive profile, not causal effect."
promo1,promo1_s05,sf_fantasy_ratio,genre_preference,0.10014901177815444,0.0,0.0,0.0278422273781902,0.7094017094017094,0.10014901177815444,0.11517303095165267,-0.01502401917349823,sf_fantasy_ratio segment mean compared with scope overall,"Feature family uses 16b hotfix mapping. Descriptive profile, not causal effect."
promo1,promo1_s05,std_watch_time_min,weekly_usage,38.311885207431374,38.6247683135152,26.34026430789038,47.94858357310116,0.0,38.311885207431374,32.64908247780666,5.662802729624715,std_watch_time_min segment mean compared with scope overall,"Feature family uses 16b hotfix mapping. Descriptive profile, not causal effect."
promo1,promo1_s05,thriller_crime_ratio,genre_preference,0.4053394301676014,0.4179566563467492,0.2238442822384428,0.6164383561643836,0.1623931623931624,0.4053394301676014,0.12252436408000666,0.2828150660875947,thriller_crime_ratio segment mean compared with scope overall,"Feature family uses 16b hotfix mapping. Descriptive profile, not causal effect."
promo1,promo1_s05,total_watch_count,weekly_usage,7.6239316239316235,7.0,5.0,10.0,0.0,7.6239316239316235,6.664398521505376,0.9595331024262475,total_watch_count segment mean compared with scope overall,"Feature family uses 16b hotfix mapping. Descriptive profile, not causal effect."
promo1,promo1_s05,total_watch_time_min,weekly_usage,334.5726495726496,314.0,211.0,411.0,0.0,334.5726495726496,297.60475470430106,36.96789486834854,total_watch_time_min segment mean compared with scope overall,"Feature family uses 16b hotfix mapping. Descriptive profile, not causal effect."
promo1,promo1_s05,unique_movie,content_preference,5.068376068376068,5.0,3.0,6.0,0.0,5.068376068376068,4.657174059139785,0.41120200923628314,unique_movie segment mean compared with scope overall,"Feature family uses 16b hotfix mapping. Descriptive profile, not causal effect."
promo1,promo1_s05,watch_days,weekly_usage,4.811965811965812,5.0,4.0,6.0,0.0,4.811965811965812,3.5768649193548385,1.2351008926109732,watch_days segment mean compared with scope overall,"Feature family uses 16b hotfix mapping. Descriptive profile, not causal effect."
promo1,promo1_s05,watch_per_day,weekly_usage,1.6024216524216524,1.5,1.1666666666666667,2.0,0.0,1.6024216524216524,1.7422966359793406,-0.13987498355768824,watch_per_day segment mean compared with scope overall,"Feature family uses 16b hotfix mapping. Descriptive profile, not causal effect."
promo1,promo1_s05,watch_ratio_under_1m,weekly_usage,0.1677946272750591,0.125,0.0,0.3333333333333333,0.4017094017094017,0.1677946272750591,0.2121905492108218,-0.04439592193576272,watch_ratio_under_1m segment mean compared with scope overall,"Feature family uses 16b hotfix mapping. Descriptive profile, not causal effect."
promo1,promo1_s05,watch_ratio_under_5m,weekly_usage,0.23847741826824145,0.25,0.0,0.4,0.26495726495726496,0.23847741826824145,0.30732044950092124,-0.06884303123267979,watch_ratio_under_5m segment mean compared with scope overall,"Feature family uses 16b hotfix mapping. Descriptive profile, not causal effect."
promo1,promo1_s05,watch_session_w1,weekly_usage,2.8632478632478633,2.0,1.0,4.0,0.0,2.8632478632478633,2.2377352150537635,0.6255126481940998,watch_session_w1 segment mean compared with scope overall,"Feature family uses 16b hotfix mapping. Descriptive profile, not causal effect."
promo1,promo1_s05,watch_session_w2,weekly_usage,2.6837606837606836,2.0,1.0,4.0,0.008547008547008548,2.6837606837606836,2.2053931451612905,0.47836753859939307,watch_session_w2 segment mean compared with scope overall,"Feature family uses 16b hotfix mapping. Descriptive profile, not causal effect."
promo1,promo1_s05,watch_session_w3,weekly_usage,2.076923076923077,2.0,1.0,3.0,0.0,2.076923076923077,2.2212701612903225,-0.14434708436724542,watch_session_w3 segment mean compared with scope overall,"Feature family uses 16b hotfix mapping. Descriptive profile, not causal effect."
promo1,promo1_s05,watch_time_min_w1,weekly_usage,130.6239316239316,112.0,72.0,174.0,0.0,130.6239316239316,100.41523857526882,30.208693048662795,watch_time_min_w1 segment mean compared with scope overall,"Feature family uses 16b hotfix mapping. Descriptive profile, not causal effect."
promo1,promo1_s05,watch_time_min_w2,weekly_usage,109.23076923076923,95.0,65.0,139.0,0.008547008547008548,109.23076923076923,98.10173051075269,11.129038720016538,watch_time_min_w2 segment mean compared with scope overall,"Feature family uses 16b hotfix mapping. Descriptive profile, not causal effect."
promo1,promo1_s05,watch_time_min_w3,weekly_usage,94.71794871794872,90.0,51.0,119.0,0.0,94.71794871794872,99.08778561827957,-4.369836900330853,watch_time_min_w3 segment mean compared with scope overall,"Feature family uses 16b hotfix mapping. Descriptive profile, not causal effect."
promo1,promo1_s05,weekend_watch_ratio,weekly_usage,0.40275188087266356,0.375,0.1666666666666666,0.6,0.1623931623931624,0.40275188087266356,0.3631104140627053,0.03964146680995828,weekend_watch_ratio segment mean compared with scope overall,"Feature family uses 16b hotfix mapping. Descriptive profile, not causal effect."
promo1,promo1_s06,action_adventure_ratio,genre_preference,0.09921518964085844,0.00303496426202925,0.0,0.16714195183776925,0.47171620325982744,0.09921518964085844,0.10503267271109874,-0.005817483070240298,action_adventure_ratio segment mean compared with scope overall,"Feature family uses 16b hotfix mapping. Descriptive profile, not causal effect."
promo1,promo1_s06,active_ratio,usage_concentration,0.3370314568780532,0.2857142857142857,0.238095238095238,0.3809523809523809,0.0,0.3370314568780532,0.17032690092165892,0.16670455595639427,active_ratio segment mean compared with scope overall,"Feature family uses 16b hotfix mapping. Descriptive profile, not causal effect."
promo1,promo1_s06,age_group,demographic_context,30.119846596356663,30.0,20.0,40.0,0.0,30.119846596356663,29.533770161290324,0.5860764350663388,age_group segment mean compared with scope overall,"Feature family uses 16b hotfix mapping. Descriptive profile, not causal effect."
promo1,promo1_s06,avg_daily_watch_time_min,weekly_usage,93.19257813472124,86.80909090909091,62.513888888888886,117.70238095238096,0.0,93.19257813472124,73.38366250860248,19.80891562611876,avg_daily_watch_time_min segment mean compared with scope overall,"Feature family uses 16b hotfix mapping. Descriptive profile, not causal effect."
promo1,promo1_s06,avg_gap_between_watch_days,weekly_usage,2.7534381805474806,2.7142857142857144,2.0,3.333333333333333,0.0,2.7534381805474806,3.2703307247095053,-0.5168925441620247,avg_gap_between_watch_days segment mean compared with scope overall,"Feature family uses 16b hotfix mapping. Descriptive profile, not causal effect."
promo1,promo1_s06,avg_gap_w1_watch_days,weekly_usage,1.1998801534036432,1.0,0.0,2.0,0.4074784276126558,1.1998801534036432,0.6760836693548388,0.5237964840488044,avg_gap_w1_watch_days segment mean compared with scope overall,"Feature family uses 16b hotfix mapping. Descriptive profile, not causal effect."
promo1,promo1_s06,avg_gap_w2_watch_days,weekly_usage,1.571836049856184,1.2,1.0,2.0,0.20230105465004794,1.571836049856184,0.6610677083333334,0.9107683415228507,avg_gap_w2_watch_days segment mean compared with scope overall,"Feature family uses 16b hotfix mapping. Descriptive profile, not causal effect."
promo1,promo1_s06,avg_gap_w3_watch_days,weekly_usage,1.6893256631511666,1.3333333333333333,1.0,2.0,0.15100671140939598,1.6893256631511666,0.6938060035842293,0.9955196595669373,avg_gap_w3_watch_days segment mean compared with scope overall,"Feature family uses 16b hotfix mapping. Descriptive profile, not causal effect."
promo1,promo1_s06,avg_ott_release_year,content_preference,2017.6443927045452,2017.4279018741333,2016.6829235364887,2018.5994879070236,0.0,2017.6443927045452,1891.3823413038297,126.26205140071556,avg_ott_release_year segment mean compared with scope overall,"Feature family uses 16b hotfix mapping. Descriptive profile, not causal effect."
promo1,promo1_s06,avg_rewatch_ratio,weekly_usage,0.1902638856856697,0.2,0.125,0.2571428571428571,0.08389261744966443,0.1902638856856697,0.14934732641950532,0.04091655926616439,avg_rewatch_ratio segment mean compared with scope overall,"Feature family uses 16b hotfix mapping. Descriptive profile, not causal effect."
promo1,promo1_s06,avg_watch_time_min,weekly_usage,52.394019155499024,50.142857142857146,35.25,68.58888888888889,0.0,52.394019155499024,42.43707840714719,9.956940748351833,avg_watch_time_min segment mean compared with scope overall,"Feature family uses 16b hotfix mapping. Descriptive profile, not causal effect."
promo1,promo1_s06,comedy_ratio,genre_preference,0.08672932072123526,0.00093764836208255,0.0,0.14176543308500794,0.4966442953020134,0.08672932072123526,0.08751082885013868,-0.0007815081289034159,comedy_ratio segment mean compared with scope overall,"Feature family uses 16b hotfix mapping. Descriptive profile, not causal effect."
promo1,promo1_s06,day_count_over_3times,usage_concentration,1.4300095877277086,1.0,0.0,2.0,0.3068072866730585,1.4300095877277086,0.7086693548387096,0.721340232888999,day_count_over_3times segment mean compared with scope overall,"Feature family uses 16b hotfix mapping. Descriptive profile, not causal effect."
promo1,promo1_s06,diff_between_w2_w1,weekly_usage,59.82166826462129,45.0,-57.0,171.0,0.010546500479386385,59.82166826462129,-2.313508064516129,62.135176329137416,diff_between_w2_w1 segment mean compared with scope overall,"Feature family uses 16b hotfix mapping. Descriptive profile, not causal effect."
promo1,promo1_s06,diff_between_w3_w1,weekly_usage,86.01198465963567,66.0,-50.75,195.0,0.0023969319271332696,86.01198465963567,-1.3274529569892473,87.33943761662492,diff_between_w3_w1 segment mean compared with scope overall,"Feature family uses 16b hotfix mapping. Descriptive profile, not causal effect."
promo1,promo1_s06,diff_between_w3_w2,weekly_usage,26.19031639501438,9.0,-101.0,128.0,0.0019175455417066154,26.19031639501438,0.9860551075268817,25.2042612874875,diff_between_w3_w2 segment mean compared with scope overall,"Feature family uses 16b hotfix mapping. Descriptive profile, not causal effect."
promo1,promo1_s06,documentary_ratio,genre_preference,0.01777001844756376,0.0,0.0,0.0,0.824065196548418,0.01777001844756376,0.018507653296977396,-0.0007376348494136375,documentary_ratio segment mean compared with scope overall,"Feature family uses 16b hotfix mapping. Descriptive profile, not causal effect."
promo1,promo1_s06,drama_ratio,genre_preference,0.19092384009897723,0.1299747696358051,0.0,0.30875088214537755,0.2809204218600192,0.19092384009897723,0.1678116706558293,0.023112169443147923,drama_ratio segment mean compared with scope overall,"Feature family uses 16b hotfix mapping. Descriptive profile, not causal effect."
promo1,promo1_s06,family_animation_ratio,genre_preference,0.10712469312562509,0.0,0.0,0.10728632409270915,0.6270373921380633,0.10712469312562509,0.10739800678992827,-0.00027331366430317916,family_animation_ratio segment mean compared with scope overall,"Feature family uses 16b hotfix mapping. Descriptive profile, not causal effect."
promo1,promo1_s06,genre_diversity_count,genre_preference,4.6347075743048896,4.0,3.0,6.0,0.0,4.6347075743048896,2.922043010752688,1.7126645635522015,genre_diversity_count segment mean compared with scope overall,"Feature family uses 16b hotfix mapping. Descriptive profile, not causal effect."
promo1,promo1_s06,historical_war_ratio,genre_preference,0.08446036812840423,0.0,0.0,0.12280270913038978,0.6203259827420902,0.08446036812840423,0.0647402328755328,0.019720135252871432,historical_war_ratio segment mean compared with scope overall,"Feature family uses 16b hotfix mapping. Descriptive profile, not causal effect."
promo1,promo1_s06,horror_ratio,genre_preference,0.027828959324301863,0.0,0.0,0.0,0.7948226270373921,0.027828959324301863,0.026671771999388128,0.0011571873249137353,horror_ratio segment mean compared with scope overall,"Feature family uses 16b hotfix mapping. Descriptive profile, not causal effect."
promo1,promo1_s06,is_basic,membership_context,0.6016299137104506,1.0,0.0,1.0,0.3983700862895494,0.6016299137104506,0.6036626344086021,-0.0020327206981515245,is_basic segment mean compared with scope overall,"Feature family uses 16b hotfix mapping. Descriptive profile, not causal effect."
promo1,promo1_s06,is_churn_prevented,historical_churn_prevention_context,0.16347075743048897,0.0,0.0,0.0,0.836529242569511,0.16347075743048897,0.15641801075268819,0.007052746677800786,is_churn_prevented segment mean compared with scope overall,"Feature family uses 16b hotfix mapping. Descriptive profile, not causal effect."
promo1,promo1_s06,is_cold_start_3d_fixed,onboarding_activation,0.5699904122722914,1.0,0.0,1.0,0.43000958772770853,0.5699904122722914,0.38499663978494625,0.18499377248734516,is_cold_start_3d_fixed segment mean compared with scope overall,"Feature family uses 16b hotfix mapping. Descriptive profile, not causal effect."
promo1,promo1_s06,is_cold_start_7d_fixed,onboarding_activation,0.8557046979865772,1.0,1.0,1.0,0.14429530201342283,0.8557046979865772,0.6348286290322581,0.2208760689543191,is_cold_start_7d_fixed segment mean compared with scope overall,"Feature family uses 16b hotfix mapping. Descriptive profile, not causal effect."
promo1,promo1_s06,is_female,demographic_context,0.62320230105465,1.0,0.0,1.0,0.37679769894535,0.62320230105465,0.6185315860215054,0.004670715033144646,is_female segment mean compared with scope overall,"Feature family uses 16b hotfix mapping. Descriptive profile, not causal effect."
promo1,promo1_s06,is_male,demographic_context,0.3763183125599233,0.0,0.0,1.0,0.6236816874400767,0.3763183125599233,0.3812163978494624,-0.004898085289539056,is_male segment mean compared with scope overall,"Feature family uses 16b hotfix mapping. Descriptive profile, not causal effect."
promo1,promo1_s06,is_only_w1,week_specific_usage_pattern,0.0,0.0,0.0,0.0,1.0,0.0,0.09660618279569892,-0.09660618279569892,is_only_w1 segment mean compared with scope overall,"Feature family uses 16b hotfix mapping. Descriptive profile, not causal effect."
promo1,promo1_s06,is_only_w2,week_specific_usage_pattern,0.0,0.0,0.0,0.0,1.0,0.0,0.07669690860215053,-0.07669690860215053,is_only_w2 segment mean compared with scope overall,"Feature family uses 16b hotfix mapping. Descriptive profile, not causal effect."
promo1,promo1_s06,is_only_w3,week_specific_usage_pattern,0.006232023010546501,0.0,0.0,0.0,0.9937679769894535,0.006232023010546501,0.10315860215053764,-0.09692657913999114,is_only_w3 segment mean compared with scope overall,"Feature family uses 16b hotfix mapping. Descriptive profile, not causal effect."
promo1,promo1_s06,is_premium,membership_context,0.21860019175455417,0.0,0.0,0.0,0.7813998082454459,0.21860019175455417,0.22521841397849462,-0.0066182222239404565,is_premium segment mean compared with scope overall,"Feature family uses 16b hotfix mapping. Descriptive profile, not causal effect."
promo1,promo1_s06,is_standard,membership_context,0.1797698945349952,0.0,0.0,0.0,0.8202301054650047,0.1797698945349952,0.17111895161290322,0.008650942922091981,is_standard segment mean compared with scope overall,"Feature family uses 16b hotfix mapping. Descriptive profile, not causal effect."
promo1,promo1_s06,is_user_verified,membership_context,1.0,1.0,1.0,1.0,0.0,1.0,1.0,0.0,is_user_verified segment mean compared with scope overall,"Feature family uses 16b hotfix mapping. Descriptive profile, not causal effect."
promo1,promo1_s06,is_w1_over_50pct,weekly_usage,0.10882070949185044,0.0,0.0,0.0,0.8911792905081496,0.10882070949185044,0.29158266129032256,-0.18276195179847213,is_w1_over_50pct segment mean compared with scope overall,"Feature family uses 16b hotfix mapping. Descriptive profile, not causal effect."
promo1,promo1_s06,is_w2_over_50pct,weekly_usage,0.2027804410354746,0.0,0.0,0.0,0.7972195589645255,0.2027804410354746,0.26226478494623656,-0.05948434391076196,is_w2_over_50pct segment mean compared with scope overall,"Feature family uses 16b hotfix mapping. Descriptive profile, not causal effect."
promo1,promo1_s06,is_w3_over_50pct,weekly_usage,0.2766059443911793,0.0,0.0,1.0,0.7233940556088208,0.2766059443911793,0.2840221774193548,-0.007416233028175512,is_w3_over_50pct segment mean compared with scope overall,"Feature family uses 16b hotfix mapping. Descriptive profile, not causal effect."
promo1,promo1_s06,log_retention_w2_ratio,retention_decay,1.003165839693453,0.37329152360733064,-0.4054651081081644,1.5545496723635268,0.010546500479386385,1.003165839693453,-0.04871103755940613,1.0518768772528593,log_retention_w2_ratio segment mean compared with scope overall,"Feature family uses 16b hotfix mapping. Descriptive profile, not causal effect."
promo1,promo1_s06,log_retention_w3_ratio,retention_decay,0.22696725299458903,0.0576473773432227,-0.5685882172345388,0.6994753816906175,0.0019175455417066154,0.22696725299458903,0.06656954734262306,0.16039770565196598,log_retention_w3_ratio segment mean compared with scope overall,"Feature family uses 16b hotfix mapping. Descriptive profile, not causal effect."
promo1,promo1_s06,max_daily_sessions,weekly_usage,3.6711409395973154,3.0,2.0,4.0,0.0,3.6711409395973154,2.706905241935484,0.9642356976618314,max_daily_sessions segment mean compared with scope overall,"Feature family uses 16b hotfix mapping. Descriptive profile, not causal effect."
promo1,promo1_s06,max_daily_watch_time_min,weekly_usage,196.1922339405561,171.0,121.0,240.75,0.0,196.1922339405561,128.6932123655914,67.4990215749647,max_daily_watch_time_min segment mean compared with scope overall,"Feature family uses 16b hotfix mapping. Descriptive profile, not causal effect."
promo1,promo1_s06,max_day_share,usage_concentration,0.3251824875726261,0.3032762003881137,0.24229300814861246,0.38459887751733246,0.0,0.3251824875726261,0.5766386278341895,-0.25145614026156343,max_day_share segment mean compared with scope overall,"Feature family uses 16b hotfix mapping. Descriptive profile, not causal effect."
promo1,promo1_s06,max_inactive_gap_days,inactivity_recency,5.9453499520613615,6.0,4.0,7.0,0.0,5.9453499520613615,5.112483198924731,0.8328667531366305,max_inactive_gap_days segment mean compared with scope overall,"Feature family uses 16b hotfix mapping. Descriptive profile, not causal effect."
promo1,promo1_s06,max_watch_time_min,weekly_usage,126.70853307766059,126.0,104.0,149.0,0.0,126.70853307766059,90.57182459677419,36.1367084808864,max_watch_time_min segment mean compared with scope overall,"Feature family uses 16b hotfix mapping. Descriptive profile, not causal effect."
promo1,promo1_s06,median_watch_time_min,weekly_usage,46.34132310642378,40.0,16.5,75.0,0.0,46.34132310642378,36.67981350806452,9.66150959835926,median_watch_time_min segment mean compared with scope overall,"Feature family uses 16b hotfix mapping. Descriptive profile, not causal effect."
promo1,promo1_s06,movie_per_active_day,content_preference,1.2378985024090683,1.1666666666666667,0.8571428571428571,1.5,0.0,1.2378985024090683,1.2861023777149903,-0.04820387530592196,movie_per_active_day segment mean compared with scope overall,"Feature family uses 16b hotfix mapping. Descriptive profile, not causal effect."
promo1,promo1_s06,new_movie_in_180d_ratio,content_preference,0.17842719158185508,0.0,0.0,0.2857142857142857,0.5158197507190796,0.17842719158185508,0.20900346932974287,-0.030576277747887792,new_movie_in_180d_ratio segment mean compared with scope overall,"Feature family uses 16b hotfix mapping. Descriptive profile, not causal effect."
promo1,promo1_s06,new_movie_in_365d_ratio,content_preference,0.22709357988267434,0.1,0.0,0.375,0.4012464046021093,0.22709357988267434,0.25737407225734305,-0.030280492374668705,new_movie_in_365d_ratio segment mean compared with scope overall,"Feature family uses 16b hotfix mapping. Descriptive profile, not causal effect."
promo1,promo1_s06,new_movie_in_90d_ratio,content_preference,0.14712021973319594,0.0,0.0,0.2142857142857142,0.5589645254074784,0.14712021973319594,0.17435289509631696,-0.027232675363121017,new_movie_in_90d_ratio segment mean compared with scope overall,"Feature family uses 16b hotfix mapping. Descriptive profile, not causal effect."
promo1,promo1_s06,old_movie_ratio_5y,content_preference,0.1910438384011048,0.1666666666666666,0.0,0.3,0.26174496644295303,0.1910438384011048,0.16567931697763125,0.025364521423473563,old_movie_ratio_5y segment mean compared with scope overall,"Feature family uses 16b hotfix mapping. Descriptive profile, not causal effect."
promo1,promo1_s06,other_ratio,genre_preference,0.030348594967798896,0.0,0.0,0.0,0.8068072866730585,0.030348594967798896,0.025510368654668075,0.004838226313130821,other_ratio segment mean compared with scope overall,"Feature family uses 16b hotfix mapping. Descriptive profile, not causal effect."
promo1,promo1_s06,recency,inactivity_recency,1.5867689357622243,1.0,0.0,3.0,0.35570469798657717,1.5867689357622243,6.220346102150538,-4.633577166388314,recency segment mean compared with scope overall,"Feature family uses 16b hotfix mapping. Descriptive profile, not causal effect."
promo1,promo1_s06,reg_hour_afternoon,registration_timing_context,0.25599232981783315,0.0,0.0,1.0,0.7440076701821668,0.25599232981783315,0.2474798387096774,0.008512491108155745,reg_hour_afternoon segment mean compared with scope overall,"Feature family uses 16b hotfix mapping. Descriptive profile, not causal effect."
promo1,promo1_s06,reg_hour_evening,registration_timing_context,0.4199424736337488,0.0,0.0,1.0,0.5800575263662512,0.4199424736337488,0.43119959677419356,-0.011257123140444747,reg_hour_evening segment mean compared with scope overall,"Feature family uses 16b hotfix mapping. Descriptive profile, not causal effect."
promo1,promo1_s06,reg_hour_morning,registration_timing_context,0.1476510067114094,0.0,0.0,0.0,0.8523489932885906,0.1476510067114094,0.14566532258064516,0.001985684130764248,reg_hour_morning segment mean compared with scope overall,"Feature family uses 16b hotfix mapping. Descriptive profile, not causal effect."
promo1,promo1_s06,reg_hour_night,registration_timing_context,0.17641418983700863,0.0,0.0,0.0,0.8235858101629914,0.17641418983700863,0.17565524193548387,0.0007589479015247536,reg_hour_night segment mean compared with scope overall,"Feature family uses 16b hotfix mapping. Descriptive profile, not causal effect."
promo1,promo1_s06,reg_is_weekend,registration_timing_context,0.35714285714285715,0.0,0.0,1.0,0.6428571428571429,0.35714285714285715,0.3772681451612903,-0.020125288018433163,reg_is_weekend segment mean compared with scope overall,"Feature family uses 16b hotfix mapping. Descriptive profile, not causal effect."
promo1,promo1_s06,romance_ratio,genre_preference,0.11032145488902373,0.0014489102998052998,0.0,0.17926088398829532,0.49089165867689355,0.11032145488902373,0.09645138838209105,0.013870066506932677,romance_ratio segment mean compared with scope overall,"Feature family uses 16b hotfix mapping. Descriptive profile, not causal effect."
promo1,promo1_s06,sf_fantasy_ratio,genre_preference,0.12132817502783903,0.0,0.0,0.1650099403578528,0.5335570469798657,0.12132817502783903,0.11517303095165267,0.006155144076186364,sf_fantasy_ratio segment mean compared with scope overall,"Feature family uses 16b hotfix mapping. Descriptive profile, not causal effect."
promo1,promo1_s06,std_watch_time_min,weekly_usage,42.74247779016131,43.76449223619007,34.94734157671458,51.51997099857131,0.0019175455417066154,42.74247779016131,32.64908247780666,10.093395312354652,std_watch_time_min segment mean compared with scope overall,"Feature family uses 16b hotfix mapping. Descriptive profile, not causal effect."
promo1,promo1_s06,thriller_crime_ratio,genre_preference,0.12394938562837235,0.025760659764870998,0.0,0.21258010375343298,0.41850431447746883,0.12394938562837235,0.12252436408000666,0.0014250215483656847,thriller_crime_ratio segment mean compared with scope overall,"Feature family uses 16b hotfix mapping. Descriptive profile, not causal effect."
promo1,promo1_s06,total_watch_count,weekly_usage,13.188878235858102,12.0,9.0,16.0,0.0,13.188878235858102,6.664398521505376,6.524479714352726,total_watch_count segment mean compared with scope overall,"Feature family uses 16b hotfix mapping. Descriptive profile, not causal effect."
promo1,promo1_s06,total_watch_time_min,weekly_usage,666.8614573346117,577.0,401.0,851.0,0.0,666.8614573346117,297.60475470430106,369.25670263031066,total_watch_time_min segment mean compared with scope overall,"Feature family uses 16b hotfix mapping. Descriptive profile, not causal effect."
promo1,promo1_s06,unique_movie,content_preference,8.693672099712368,8.0,5.0,11.0,0.0,8.693672099712368,4.657174059139785,4.0364980405725825,unique_movie segment mean compared with scope overall,"Feature family uses 16b hotfix mapping. Descriptive profile, not causal effect."
promo1,promo1_s06,watch_days,weekly_usage,7.077660594439118,6.0,5.0,8.0,0.0,7.077660594439118,3.5768649193548385,3.5007956750842797,watch_days segment mean compared with scope overall,"Feature family uses 16b hotfix mapping. Descriptive profile, not causal effect."
promo1,promo1_s06,watch_per_day,weekly_usage,1.8608369623704792,1.6666666666666667,1.4,2.1666666666666665,0.0,1.8608369623704792,1.7422966359793406,0.11854032639113865,watch_per_day segment mean compared with scope overall,"Feature family uses 16b hotfix mapping. Descriptive profile, not causal effect."
promo1,promo1_s06,watch_ratio_under_1m,weekly_usage,0.16491112834499147,0.125,0.0,0.25,0.27612655800575264,0.16491112834499147,0.2121905492108218,-0.04727942086583034,watch_ratio_under_1m segment mean compared with scope overall,"Feature family uses 16b hotfix mapping. Descriptive profile, not causal effect."
promo1,promo1_s06,watch_ratio_under_5m,weekly_usage,0.24923991466229664,0.2142857142857142,0.10738416988416985,0.3636363636363636,0.14621284755512942,0.24923991466229664,0.30732044950092124,-0.0580805348386246,watch_ratio_under_5m segment mean compared with scope overall,"Feature family uses 16b hotfix mapping. Descriptive profile, not causal effect."
promo1,promo1_s06,watch_session_w1,weekly_usage,3.4587727708533076,3.0,1.0,5.0,0.14429530201342283,3.4587727708533076,2.2377352150537635,1.221037555799544,watch_session_w1 segment mean compared with scope overall,"Feature family uses 16b hotfix mapping. Descriptive profile, not causal effect."
promo1,promo1_s06,watch_session_w2,weekly_usage,4.594439117929051,4.0,2.0,6.0,0.011505273250239693,4.594439117929051,2.2053931451612905,2.3890459727677604,watch_session_w2 segment mean compared with scope overall,"Feature family uses 16b hotfix mapping. Descriptive profile, not causal effect."
promo1,promo1_s06,watch_session_w3,weekly_usage,5.135666347075743,4.0,3.0,6.0,0.0,5.135666347075743,2.2212701612903225,2.9143961857854204,watch_session_w3 segment mean compared with scope overall,"Feature family uses 16b hotfix mapping. Descriptive profile, not causal effect."
promo1,promo1_s06,watch_time_min_w1,weekly_usage,173.67593480345158,122.0,24.0,251.0,0.14429530201342283,173.67593480345158,100.41523857526882,73.26069622818277,watch_time_min_w1 segment mean compared with scope overall,"Feature family uses 16b hotfix mapping. Descriptive profile, not causal effect."
promo1,promo1_s06,watch_time_min_w2,weekly_usage,233.49760306807286,193.0,103.0,312.0,0.011505273250239693,233.49760306807286,98.10173051075269,135.39587255732016,watch_time_min_w2 segment mean compared with scope overall,"Feature family uses 16b hotfix mapping. Descriptive profile, not causal effect."
promo1,promo1_s06,watch_time_min_w3,weekly_usage,259.68791946308727,210.5,127.0,319.0,0.0,259.68791946308727,99.08778561827957,160.60013384480771,watch_time_min_w3 segment mean compared with scope overall,"Feature family uses 16b hotfix mapping. Descriptive profile, not causal effect."
promo1,promo1_s06,weekend_watch_ratio,weekly_usage,0.3544098301081611,0.3333333333333333,0.1666666666666666,0.5,0.09923298178331735,0.3544098301081611,0.3631104140627053,-0.008700583954544205,weekend_watch_ratio segment mean compared with scope overall,"Feature family uses 16b hotfix mapping. Descriptive profile, not causal effect."
promo1,promo1_s99,action_adventure_ratio,genre_preference,0.08152004899883308,0.0,0.0,0.014524351196494749,0.7061037913417585,0.08152004899883308,0.10503267271109874,-0.02351262371226566,action_adventure_ratio segment mean compared with scope overall,"Feature family uses 16b hotfix mapping. Descriptive profile, not causal effect."
promo1,promo1_s99,active_ratio,usage_concentration,0.1447649777846067,0.1428571428571428,0.0952380952380952,0.1904761904761904,0.1002957784350632,0.1447649777846067,0.17032690092165892,-0.025561923137052217,active_ratio segment mean compared with scope overall,"Feature family uses 16b hotfix mapping. Descriptive profile, not causal effect."
promo1,promo1_s99,age_group,demographic_context,29.451465447700993,30.0,20.0,40.0,0.0,29.451465447700993,29.533770161290324,-0.08230471358933045,age_group segment mean compared with scope overall,"Feature family uses 16b hotfix mapping. Descriptive profile, not causal effect."
promo1,promo1_s99,avg_daily_watch_time_min,weekly_usage,75.35437267088922,68.0,31.5,106.38333333333333,0.1002957784350632,75.35437267088922,73.38366250860248,1.9707101622867356,avg_daily_watch_time_min segment mean compared with scope overall,"Feature family uses 16b hotfix mapping. Descriptive profile, not causal effect."
promo1,promo1_s99,avg_gap_between_watch_days,weekly_usage,3.769618804009769,3.0,1.0,5.333333333333333,0.2292282871739715,3.769618804009769,3.2703307247095053,0.49928807930026364,avg_gap_between_watch_days segment mean compared with scope overall,"Feature family uses 16b hotfix mapping. Descriptive profile, not causal effect."
promo1,promo1_s99,avg_gap_w1_watch_days,weekly_usage,0.5451555077529802,0.0,0.0,1.0,0.746033880075289,0.5451555077529802,0.6760836693548388,-0.1309281616018586,avg_gap_w1_watch_days segment mean compared with scope overall,"Feature family uses 16b hotfix mapping. Descriptive profile, not causal effect."
promo1,promo1_s99,avg_gap_w2_watch_days,weekly_usage,0.5305077529801918,0.0,0.0,1.0,0.7418660930357623,0.5305077529801918,0.6610677083333334,-0.13055995535314158,avg_gap_w2_watch_days segment mean compared with scope overall,"Feature family uses 16b hotfix mapping. Descriptive profile, not causal effect."
promo1,promo1_s99,avg_gap_w3_watch_days,weekly_usage,0.5981737922380569,0.0,0.0,1.0,0.7165904813121807,0.5981737922380569,0.6938060035842293,-0.09563221134617239,avg_gap_w3_watch_days segment mean compared with scope overall,"Feature family uses 16b hotfix mapping. Descriptive profile, not causal effect."
promo1,promo1_s99,avg_ott_release_year,content_preference,1815.4000535990035,2017.4688148340247,2016.02101996762,2019.0,0.1002957784350632,1815.4000535990035,1891.3823413038297,-75.98228770482615,avg_ott_release_year segment mean compared with scope overall,"Feature family uses 16b hotfix mapping. Descriptive profile, not causal effect."
promo1,promo1_s99,avg_rewatch_ratio,weekly_usage,0.14440977391204948,0.1428571428571428,0.0,0.25,0.42309760688357084,0.14440977391204948,0.14934732641950532,-0.004937552507455839,avg_rewatch_ratio segment mean compared with scope overall,"Feature family uses 16b hotfix mapping. Descriptive profile, not causal effect."
promo1,promo1_s99,avg_watch_time_min,weekly_usage,43.57461823540961,39.035714285714285,18.0,63.0,0.1002957784350632,43.57461823540961,42.43707840714719,1.137539828262419,avg_watch_time_min segment mean compared with scope overall,"Feature family uses 16b hotfix mapping. Descriptive profile, not causal effect."
promo1,promo1_s99,comedy_ratio,genre_preference,0.08570187528070584,0.0,0.0,0.013256251092848325,0.706238236084969,0.08570187528070584,0.08751082885013868,-0.0018089535694328363,comedy_ratio segment mean compared with scope overall,"Feature family uses 16b hotfix mapping. Descriptive profile, not causal effect."
promo1,promo1_s99,day_count_over_3times,usage_concentration,0.6243613874697499,0.0,0.0,1.0,0.5755579456843237,0.6243613874697499,0.7086693548387096,-0.08430796736895974,day_count_over_3times segment mean compared with scope overall,"Feature family uses 16b hotfix mapping. Descriptive profile, not causal effect."
promo1,promo1_s99,diff_between_w2_w1,weekly_usage,-1.7682172627050283,0.0,-65.0,76.0,0.2299005108900242,-1.7682172627050283,-2.313508064516129,0.5452908018111007,diff_between_w2_w1 segment mean compared with scope overall,"Feature family uses 16b hotfix mapping. Descriptive profile, not causal effect."
promo1,promo1_s99,diff_between_w3_w1,weekly_usage,-2.1648292551761226,0.0,-54.0,85.0,0.19225598279107287,-2.1648292551761226,-1.3274529569892473,-0.8373762981868753,diff_between_w3_w1 segment mean compared with scope overall,"Feature family uses 16b hotfix mapping. Descriptive profile, not causal effect."
promo1,promo1_s99,diff_between_w3_w2,weekly_usage,-0.39661199247109435,0.0,-91.0,99.0,0.1332347405216456,-0.39661199247109435,0.9860551075268817,-1.3826670999979762,diff_between_w3_w2 segment mean compared with scope overall,"Feature family uses 16b hotfix mapping. Descriptive profile, not causal effect."
promo1,promo1_s99,documentary_ratio,genre_preference,0.016781819650425637,0.0,0.0,0.0,0.9061575692390428,0.016781819650425637,0.018507653296977396,-0.0017258336465517596,documentary_ratio segment mean compared with scope overall,"Feature family uses 16b hotfix mapping. Descriptive profile, not causal effect."
promo1,promo1_s99,drama_ratio,genre_preference,0.18379364218952893,0.0,0.0,0.2892270206345322,0.5173433718741597,0.18379364218952893,0.1678116706558293,0.015981971533699624,drama_ratio segment mean compared with scope overall,"Feature family uses 16b hotfix mapping. Descriptive profile, not causal effect."
promo1,promo1_s99,family_animation_ratio,genre_preference,0.11677816554586844,0.0,0.0,0.0033085262168600247,0.7434794299542888,0.11677816554586844,0.10739800678992827,0.009380158755940171,family_animation_ratio segment mean compared with scope overall,"Feature family uses 16b hotfix mapping. Descriptive profile, not causal effect."
promo1,promo1_s99,genre_diversity_count,genre_preference,2.7363538585641303,3.0,1.0,4.0,0.1002957784350632,2.7363538585641303,2.922043010752688,-0.18568915218855775,genre_diversity_count segment mean compared with scope overall,"Feature family uses 16b hotfix mapping. Descriptive profile, not causal effect."
promo1,promo1_s99,historical_war_ratio,genre_preference,0.06172310282709433,0.0,0.0,0.0,0.8031728959397687,0.06172310282709433,0.0647402328755328,-0.0030171300484384614,historical_war_ratio segment mean compared with scope overall,"Feature family uses 16b hotfix mapping. Descriptive profile, not causal effect."
promo1,promo1_s99,horror_ratio,genre_preference,0.020545020649935346,0.0,0.0,0.0,0.9003764452809895,0.020545020649935346,0.026671771999388128,-0.006126751349452782,horror_ratio segment mean compared with scope overall,"Feature family uses 16b hotfix mapping. Descriptive profile, not causal effect."
promo1,promo1_s99,is_basic,membership_context,0.586313525141167,1.0,0.0,1.0,0.41368647485883303,0.586313525141167,0.6036626344086021,-0.01734910926743516,is_basic segment mean compared with scope overall,"Feature family uses 16b hotfix mapping. Descriptive profile, not causal effect."
promo1,promo1_s99,is_churn_prevented,historical_churn_prevention_context,0.14425920946490992,0.0,0.0,0.0,0.8557407905350901,0.14425920946490992,0.15641801075268819,-0.01215880128777827,is_churn_prevented segment mean compared with scope overall,"Feature family uses 16b hotfix mapping. Descriptive profile, not causal effect."
promo1,promo1_s99,is_cold_start_3d_fixed,onboarding_activation,0.3342296316214036,0.0,0.0,1.0,0.6657703683785964,0.3342296316214036,0.38499663978494625,-0.050767008163542626,is_cold_start_3d_fixed segment mean compared with scope overall,"Feature family uses 16b hotfix mapping. Descriptive profile, not causal effect."
promo1,promo1_s99,is_cold_start_7d_fixed,onboarding_activation,0.5384511965582146,1.0,0.0,1.0,0.46154880344178545,0.5384511965582146,0.6348286290322581,-0.09637743247404351,is_cold_start_7d_fixed segment mean compared with scope overall,"Feature family uses 16b hotfix mapping. Descriptive profile, not causal effect."
promo1,promo1_s99,is_female,demographic_context,0.6187147082549073,1.0,0.0,1.0,0.3812852917450928,0.6187147082549073,0.6185315860215054,0.00018312223340188893,is_female segment mean compared with scope overall,"Feature family uses 16b hotfix mapping. Descriptive profile, not causal effect."
promo1,promo1_s99,is_male,demographic_context,0.38101640225867167,0.0,0.0,1.0,0.6189835977413283,0.38101640225867167,0.3812163978494624,-0.0001999955907907025,is_male segment mean compared with scope overall,"Feature family uses 16b hotfix mapping. Descriptive profile, not causal effect."
promo1,promo1_s99,is_only_w1,week_specific_usage_pattern,0.02863673030384512,0.0,0.0,0.0,0.9713632696961548,0.02863673030384512,0.09660618279569892,-0.06796945249185381,is_only_w1 segment mean compared with scope overall,"Feature family uses 16b hotfix mapping. Descriptive profile, not causal effect."
promo1,promo1_s99,is_only_w2,week_specific_usage_pattern,0.08658241462758806,0.0,0.0,0.0,0.9134175853724119,0.08658241462758806,0.07669690860215053,0.00988550602543753,is_only_w2 segment mean compared with scope overall,"Feature family uses 16b hotfix mapping. Descriptive profile, not causal effect."
promo1,promo1_s99,is_only_w3,week_specific_usage_pattern,0.1269158375907502,0.0,0.0,0.0,0.8730841624092498,0.1269158375907502,0.10315860215053764,0.023757235440212562,is_only_w3 segment mean compared with scope overall,"Feature family uses 16b hotfix mapping. Descriptive profile, not causal effect."
promo1,promo1_s99,is_premium,membership_context,0.23541274536165635,0.0,0.0,0.0,0.7645872546383436,0.23541274536165635,0.22521841397849462,0.010194331383161725,is_premium segment mean compared with scope overall,"Feature family uses 16b hotfix mapping. Descriptive profile, not causal effect."
promo1,promo1_s99,is_standard,membership_context,0.17827372949717665,0.0,0.0,0.0,0.8217262705028233,0.17827372949717665,0.17111895161290322,0.007154777884273433,is_standard segment mean compared with scope overall,"Feature family uses 16b hotfix mapping. Descriptive profile, not causal effect."
promo1,promo1_s99,is_user_verified,membership_context,1.0,1.0,1.0,1.0,0.0,1.0,1.0,0.0,is_user_verified segment mean compared with scope overall,"Feature family uses 16b hotfix mapping. Descriptive profile, not causal effect."
promo1,promo1_s99,is_w1_over_50pct,weekly_usage,0.2292282871739715,0.0,0.0,0.0,0.7707717128260285,0.2292282871739715,0.29158266129032256,-0.06235437411635106,is_w1_over_50pct segment mean compared with scope overall,"Feature family uses 16b hotfix mapping. Descriptive profile, not causal effect."
promo1,promo1_s99,is_w2_over_50pct,weekly_usage,0.2996773326162947,0.0,0.0,1.0,0.7003226673837053,0.2996773326162947,0.26226478494623656,0.03741254767005814,is_w2_over_50pct segment mean compared with scope overall,"Feature family uses 16b hotfix mapping. Descriptive profile, not causal effect."
promo1,promo1_s99,is_w3_over_50pct,weekly_usage,0.3326162947028771,0.0,0.0,1.0,0.6673837052971229,0.3326162947028771,0.2840221774193548,0.04859411728352231,is_w3_over_50pct segment mean compared with scope overall,"Feature family uses 16b hotfix mapping. Descriptive profile, not causal effect."
promo1,promo1_s99,log_retention_w2_ratio,retention_decay,0.14119104497976237,0.0,-1.5789295474064362,2.0761302349923314,0.2299005108900242,0.14119104497976237,-0.04871103755940613,0.18990208253916852,log_retention_w2_ratio segment mean compared with scope overall,"Feature family uses 16b hotfix mapping. Descriptive profile, not causal effect."
promo1,promo1_s99,log_retention_w3_ratio,retention_decay,0.27070676457040077,0.0,-2.516348760452273,3.688879454113936,0.1332347405216456,0.27070676457040077,0.06656954734262306,0.20413721722777772,log_retention_w3_ratio segment mean compared with scope overall,"Feature family uses 16b hotfix mapping. Descriptive profile, not causal effect."
promo1,promo1_s99,max_daily_sessions,weekly_usage,2.6379403065340146,2.0,1.0,3.0,0.1002957784350632,2.6379403065340146,2.706905241935484,-0.06896493540146942,max_daily_sessions segment mean compared with scope overall,"Feature family uses 16b hotfix mapping. Descriptive profile, not causal effect."
promo1,promo1_s99,max_daily_watch_time_min,weekly_usage,127.5279645065878,113.0,63.0,173.0,0.1002957784350632,127.5279645065878,128.6932123655914,-1.1652478590035997,max_daily_watch_time_min segment mean compared with scope overall,"Feature family uses 16b hotfix mapping. Descriptive profile, not causal effect."
promo1,promo1_s99,max_day_share,usage_concentration,0.5752697368702978,0.5529003975940463,0.3831775700934579,0.8487065779748706,0.1002957784350632,0.5752697368702978,0.5766386278341895,-0.0013688909638917002,max_day_share segment mean compared with scope overall,"Feature family uses 16b hotfix mapping. Descriptive profile, not causal effect."
promo1,promo1_s99,max_inactive_gap_days,inactivity_recency,5.58456574347943,5.0,1.0,8.0,0.2292282871739715,5.58456574347943,5.112483198924731,0.47208254455469856,max_inactive_gap_days segment mean compared with scope overall,"Feature family uses 16b hotfix mapping. Descriptive profile, not causal effect."
promo1,promo1_s99,max_watch_time_min,weekly_usage,91.09290131755849,100.0,53.0,126.0,0.1002957784350632,91.09290131755849,90.57182459677419,0.5210767207842935,max_watch_time_min segment mean compared with scope overall,"Feature family uses 16b hotfix mapping. Descriptive profile, not causal effect."
promo1,promo1_s99,median_watch_time_min,weekly_usage,37.37940306534014,23.0,3.5,62.5,0.1002957784350632,37.37940306534014,36.67981350806452,0.6995895572756226,median_watch_time_min segment mean compared with scope overall,"Feature family uses 16b hotfix mapping. Descriptive profile, not causal effect."
promo1,promo1_s99,movie_per_active_day,content_preference,1.2974129096457008,1.0,1.0,1.5714285714285714,0.1002957784350632,1.2974129096457008,1.2861023777149903,0.011310531930710521,movie_per_active_day segment mean compared with scope overall,"Feature family uses 16b hotfix mapping. Descriptive profile, not causal effect."
promo1,promo1_s99,new_movie_in_180d_ratio,content_preference,0.1893459050157483,0.0,0.0,0.3333333333333333,0.6169669265931702,0.1893459050157483,0.20900346932974287,-0.01965756431399457,new_movie_in_180d_ratio segment mean compared with scope overall,"Feature family uses 16b hotfix mapping. Descriptive profile, not causal effect."
promo1,promo1_s99,new_movie_in_365d_ratio,content_preference,0.23728604867273864,0.0,0.0,0.4444444444444444,0.5449045442323205,0.23728604867273864,0.25737407225734305,-0.020088023584604403,new_movie_in_365d_ratio segment mean compared with scope overall,"Feature family uses 16b hotfix mapping. Descriptive profile, not causal effect."
promo1,promo1_s99,new_movie_in_90d_ratio,content_preference,0.15665846540490355,0.0,0.0,0.2470238095238095,0.6603925786501748,0.15665846540490355,0.17435289509631696,-0.01769442969141341,new_movie_in_90d_ratio segment mean compared with scope overall,"Feature family uses 16b hotfix mapping. Descriptive profile, not causal effect."
promo1,promo1_s99,old_movie_ratio_5y,content_preference,0.15624189046486173,0.0,0.0,0.25,0.5584834632965852,0.15624189046486173,0.16567931697763125,-0.00943742651276952,old_movie_ratio_5y segment mean compared with scope overall,"Feature family uses 16b hotfix mapping. Descriptive profile, not causal effect."
promo1,promo1_s99,other_ratio,genre_preference,0.025879702480184032,0.0,0.0,0.0,0.8949986555525679,0.025879702480184032,0.025510368654668075,0.00036933382551595714,other_ratio segment mean compared with scope overall,"Feature family uses 16b hotfix mapping. Descriptive profile, not causal effect."
promo1,promo1_s99,recency,inactivity_recency,6.152998117773595,4.0,1.0,9.0,0.16765259478354397,6.152998117773595,6.220346102150538,-0.06734798437694334,recency segment mean compared with scope overall,"Feature family uses 16b hotfix mapping. Descriptive profile, not causal effect."
promo1,promo1_s99,reg_hour_afternoon,registration_timing_context,0.24401720892713094,0.0,0.0,0.0,0.755982791072869,0.24401720892713094,0.2474798387096774,-0.003462629782546467,reg_hour_afternoon segment mean compared with scope overall,"Feature family uses 16b hotfix mapping. Descriptive profile, not causal effect."
promo1,promo1_s99,reg_hour_evening,registration_timing_context,0.4338531863404141,0.0,0.0,1.0,0.5661468136595859,0.4338531863404141,0.43119959677419356,0.0026535895662205267,reg_hour_evening segment mean compared with scope overall,"Feature family uses 16b hotfix mapping. Descriptive profile, not causal effect."
promo1,promo1_s99,reg_hour_morning,registration_timing_context,0.14614143586985748,0.0,0.0,0.0,0.8538585641301425,0.14614143586985748,0.14566532258064516,0.000476113289212321,reg_hour_morning segment mean compared with scope overall,"Feature family uses 16b hotfix mapping. Descriptive profile, not causal effect."
promo1,promo1_s99,reg_hour_night,registration_timing_context,0.17598816886259747,0.0,0.0,0.0,0.8240118311374025,0.17598816886259747,0.17565524193548387,0.0003329269271135915,reg_hour_night segment mean compared with scope overall,"Feature family uses 16b hotfix mapping. Descriptive profile, not causal effect."
promo1,promo1_s99,reg_is_weekend,registration_timing_context,0.38276418392040873,0.0,0.0,1.0,0.6172358160795913,0.38276418392040873,0.3772681451612903,0.005496038759118416,reg_is_weekend segment mean compared with scope overall,"Feature family uses 16b hotfix mapping. Descriptive profile, not causal effect."
promo1,promo1_s99,romance_ratio,genre_preference,0.10855561851277952,0.0,0.0,0.054356927060854474,0.676122613605808,0.10855561851277952,0.09645138838209105,0.012104230130688468,romance_ratio segment mean compared with scope overall,"Feature family uses 16b hotfix mapping. Descriptive profile, not causal effect."
promo1,promo1_s99,sf_fantasy_ratio,genre_preference,0.1051226892805474,0.0,0.0,0.0086206896551724,0.7254638343640764,0.1051226892805474,0.11517303095165267,-0.010050341671105273,sf_fantasy_ratio segment mean compared with scope overall,"Feature family uses 16b hotfix mapping. Descriptive profile, not causal effect."
promo1,promo1_s99,std_watch_time_min,weekly_usage,33.566687539340045,36.543374798563406,9.899494936611664,50.41008221370674,0.17464372143049206,33.566687539340045,32.64908247780666,0.9176050615333864,std_watch_time_min segment mean compared with scope overall,"Feature family uses 16b hotfix mapping. Descriptive profile, not causal effect."
promo1,promo1_s99,thriller_crime_ratio,genre_preference,0.09330253614903415,0.0,0.0,0.048699903298592404,0.6841892981984404,0.09330253614903415,0.12252436408000666,-0.029221827930972513,thriller_crime_ratio segment mean compared with scope overall,"Feature family uses 16b hotfix mapping. Descriptive profile, not causal effect."
promo1,promo1_s99,total_watch_count,weekly_usage,5.807744017208927,5.0,2.0,8.0,0.1002957784350632,5.807744017208927,6.664398521505376,-0.8566545042964488,total_watch_count segment mean compared with scope overall,"Feature family uses 16b hotfix mapping. Descriptive profile, not causal effect."
promo1,promo1_s99,total_watch_time_min,weekly_usage,251.14076364614144,191.0,85.0,348.0,0.1002957784350632,251.14076364614144,297.60475470430106,-46.46399105815962,total_watch_time_min segment mean compared with scope overall,"Feature family uses 16b hotfix mapping. Descriptive profile, not causal effect."
promo1,promo1_s99,unique_movie,content_preference,4.165098144662544,3.0,2.0,6.0,0.1002957784350632,4.165098144662544,4.657174059139785,-0.4920759144772413,unique_movie segment mean compared with scope overall,"Feature family uses 16b hotfix mapping. Descriptive profile, not causal effect."
promo1,promo1_s99,watch_days,weekly_usage,3.040064533476741,3.0,2.0,4.0,0.1002957784350632,3.040064533476741,3.5768649193548385,-0.5368003858780974,watch_days segment mean compared with scope overall,"Feature family uses 16b hotfix mapping. Descriptive profile, not causal effect."
promo1,promo1_s99,watch_per_day,weekly_usage,1.7379072818371017,1.5,1.0,2.0,0.1002957784350632,1.7379072818371017,1.7422966359793406,-0.004389354142238844,watch_per_day segment mean compared with scope overall,"Feature family uses 16b hotfix mapping. Descriptive profile, not causal effect."
promo1,promo1_s99,watch_ratio_under_1m,weekly_usage,0.18483728789802253,0.0909090909090909,0.0,0.3333333333333333,0.48144662543694544,0.18483728789802253,0.2121905492108218,-0.027353261312799276,watch_ratio_under_1m segment mean compared with scope overall,"Feature family uses 16b hotfix mapping. Descriptive profile, not causal effect."
promo1,promo1_s99,watch_ratio_under_5m,weekly_usage,0.27394112991949937,0.22649572649572647,0.0,0.5,0.3713363807475128,0.27394112991949937,0.30732044950092124,-0.033379319581421873,watch_ratio_under_5m segment mean compared with scope overall,"Feature family uses 16b hotfix mapping. Descriptive profile, not causal effect."
promo1,promo1_s99,watch_session_w1,weekly_usage,1.8978219951599893,1.0,0.0,3.0,0.46154880344178545,1.8978219951599893,2.2377352150537635,-0.3399132198937742,watch_session_w1 segment mean compared with scope overall,"Feature family uses 16b hotfix mapping. Descriptive profile, not causal effect."
promo1,promo1_s99,watch_session_w2,weekly_usage,1.9412476472169937,1.0,0.0,3.0,0.41879537510083353,1.9412476472169937,2.2053931451612905,-0.26414549794429676,watch_session_w2 segment mean compared with scope overall,"Feature family uses 16b hotfix mapping. Descriptive profile, not causal effect."
promo1,promo1_s99,watch_session_w3,weekly_usage,1.968674374831944,1.0,0.0,3.0,0.3435063189029309,1.968674374831944,2.2212701612903225,-0.25259578645837855,watch_session_w3 segment mean compared with scope overall,"Feature family uses 16b hotfix mapping. Descriptive profile, not causal effect."
promo1,promo1_s99,watch_time_min_w1,weekly_usage,85.02460338800753,2.0,0.0,117.75,0.46154880344178545,85.02460338800753,100.41523857526882,-15.390635187261282,watch_time_min_w1 segment mean compared with scope overall,"Feature family uses 16b hotfix mapping. Descriptive profile, not causal effect."
promo1,promo1_s99,watch_time_min_w2,weekly_usage,83.2563861253025,9.0,0.0,119.0,0.41879537510083353,83.2563861253025,98.10173051075269,-14.84534438545019,watch_time_min_w2 segment mean compared with scope overall,"Feature family uses 16b hotfix mapping. Descriptive profile, not causal effect."
promo1,promo1_s99,watch_time_min_w3,weekly_usage,82.8597741328314,27.0,0.0,123.0,0.3435063189029309,82.8597741328314,99.08778561827957,-16.228011485448164,watch_time_min_w3 segment mean compared with scope overall,"Feature family uses 16b hotfix mapping. Descriptive profile, not causal effect."
promo1,promo1_s99,weekend_watch_ratio,weekly_usage,0.3577921759794465,0.26393188854489164,0.0,0.649264705882353,0.3617908039795644,0.3577921759794465,0.3631104140627053,-0.005318238083258764,weekend_watch_ratio segment mean compared with scope overall,"Feature family uses 16b hotfix mapping. Descriptive profile, not causal effect."
