variable,candidate_formula_id,candidate_formula_description,source_files_used,source_columns_used,join_key,date_basis,observation_window,denominator,zero_denominator_policy,missing_policy,compared_rows,matched_rows,mismatched_rows,match_rate,max_abs_diff,mean_abs_diff,sample_mismatch_1,sample_mismatch_2,sample_mismatch_3,sample_matches,sample_mismatches,selected_candidate,selected_as_best_candidate,confidence_level,null_match_handling,reason,note
USER_KEY,membership_raw_copy_USER_KEY,Membership_v2.csv USER_KEY copied as master USER_KEY,Membership_v2.csv,USER_KEY,USER_KEY,,,,,both NaN treated as match,23343,23343,0,1.0,,,,,,"USER_KEY=7a6960912bebe03c6e4c770eb1aa91329c3497f18f90cae56d6c8ddc1..., value=7a6960912bebe03c6e4c770eb1aa91329c3497f18f90cae56d6c8ddc1... | USER_KEY=4ec765db76545c1d6dda9f421590bf9d02f584009f8d92100afeef459..., value=4ec765db76545c1d6dda9f421590bf9d02f584009f8d92100afeef459... | USER_KEY=01b16f9f7ff29b48b1ee0d1a89d1eb9662474e5eedb8c2d967ea43793..., value=01b16f9f7ff29b48b1ee0d1a89d1eb9662474e5eedb8c2d967ea43793...",,False,False,,both_nan_match,,Raw source comparison; row order is not used.
product_code,membership_raw_copy_product_code,Membership_v2.csv `product_code` copied by USER_KEY,Membership_v2.csv,product_code,USER_KEY,,,,,both NaN treated as match,23343,23189,154,0.9934027331534079,,,"USER_KEY=a02a14ff1ab86edbfe46ad5a6a7fce054dc83c39aa7c362622171c550..., master=pk_1487, candidate=pk_1488","USER_KEY=a02a14ff1ab86edbfe46ad5a6a7fce054dc83c39aa7c362622171c550..., master=pk_1487, candidate=pk_1488","USER_KEY=b8cbe0494fde6de4dce0be00cc9bb96cbb2bf6ed618e1538dda92755c..., master=pk_1488, candidate=pk_1487","USER_KEY=7a6960912bebe03c6e4c770eb1aa91329c3497f18f90cae56d6c8ddc1..., value=pk_1489 | USER_KEY=4ec765db76545c1d6dda9f421590bf9d02f584009f8d92100afeef459..., value=pk_1487 | USER_KEY=01b16f9f7ff29b48b1ee0d1a89d1eb9662474e5eedb8c2d967ea43793..., value=pk_1488","USER_KEY=a02a14ff1ab86edbfe46ad5a6a7fce054dc83c39aa7c362622171c550..., master=pk_1487, candidate=pk_1488 | USER_KEY=a02a14ff1ab86edbfe46ad5a6a7fce054dc83c39aa7c362622171c550..., master=pk_1487, candidate=pk_1488 | USER_KEY=b8cbe0494fde6de4dce0be00cc9bb96cbb2bf6ed618e1538dda92755c..., master=pk_1488, candidate=pk_1487",False,False,,both_nan_match,,Raw source comparison; row order is not used.
price,membership_raw_copy_price,Membership_v2.csv `price` copied by USER_KEY,Membership_v2.csv,price,USER_KEY,,,,,both NaN treated as match,23343,23191,152,0.9934884119436234,13800.0,26.766839737822906,"USER_KEY=a02a14ff1ab86edbfe46ad5a6a7fce054dc83c39aa7c362622171c550..., master=7900.0, candidate=10900.0","USER_KEY=a02a14ff1ab86edbfe46ad5a6a7fce054dc83c39aa7c362622171c550..., master=7900.0, candidate=10900.0","USER_KEY=b8cbe0494fde6de4dce0be00cc9bb96cbb2bf6ed618e1538dda92755c..., master=10900.0, candidate=7900.0","USER_KEY=7a6960912bebe03c6e4c770eb1aa91329c3497f18f90cae56d6c8ddc1..., value=100.0 | USER_KEY=4ec765db76545c1d6dda9f421590bf9d02f584009f8d92100afeef459..., value=100.0 | USER_KEY=01b16f9f7ff29b48b1ee0d1a89d1eb9662474e5eedb8c2d967ea43793..., value=100.0","USER_KEY=a02a14ff1ab86edbfe46ad5a6a7fce054dc83c39aa7c362622171c550..., master=7900.0, candidate=10900.0 | USER_KEY=a02a14ff1ab86edbfe46ad5a6a7fce054dc83c39aa7c362622171c550..., master=7900.0, candidate=10900.0 | USER_KEY=b8cbe0494fde6de4dce0be00cc9bb96cbb2bf6ed618e1538dda92755c..., master=10900.0, candidate=7900.0",False,False,,both_nan_match,,Raw source comparison; row order is not used.
billing_method,membership_raw_copy_billing_method,Membership_v2.csv `billing_method` copied by USER_KEY,Membership_v2.csv,billing_method,USER_KEY,,,,,both NaN treated as match,23343,23308,35,0.9985006211712291,59.0,0.02660326436190721,"USER_KEY=eba6d33e8fc6af9565283515e7753bc7d2c1f608767a5259b967907a6..., master=180, candidate=134","USER_KEY=2c4cf317dfd0acee9d0f5e03b896e33f01fcfcbd6df064a148fe96f4d..., master=131, candidate=151","USER_KEY=36a5a3f8e2f03c2176a45db79c9701f78e34d5f0c27abfd91c10d0c52..., master=132, candidate=180","USER_KEY=7a6960912bebe03c6e4c770eb1aa91329c3497f18f90cae56d6c8ddc1..., value=134 | USER_KEY=4ec765db76545c1d6dda9f421590bf9d02f584009f8d92100afeef459..., value=190 | USER_KEY=01b16f9f7ff29b48b1ee0d1a89d1eb9662474e5eedb8c2d967ea43793..., value=180","USER_KEY=eba6d33e8fc6af9565283515e7753bc7d2c1f608767a5259b967907a6..., master=180, candidate=134 | USER_KEY=2c4cf317dfd0acee9d0f5e03b896e33f01fcfcbd6df064a148fe96f4d..., master=131, candidate=151 | USER_KEY=36a5a3f8e2f03c2176a45db79c9701f78e34d5f0c27abfd91c10d0c52..., master=132, candidate=180",False,False,,both_nan_match,,Raw source comparison; row order is not used.
max_screen,membership_raw_copy_max_screen,Membership_v2.csv `max_screen` copied by USER_KEY,Membership_v2.csv,max_screen,USER_KEY,,,,,both NaN treated as match,23343,23209,134,0.9942595210555627,3.0,0.0068114638221308315,"USER_KEY=a02a14ff1ab86edbfe46ad5a6a7fce054dc83c39aa7c362622171c550..., master=1.0, candidate=2.0","USER_KEY=a02a14ff1ab86edbfe46ad5a6a7fce054dc83c39aa7c362622171c550..., master=1.0, candidate=2.0","USER_KEY=b8cbe0494fde6de4dce0be00cc9bb96cbb2bf6ed618e1538dda92755c..., master=2.0, candidate=1.0","USER_KEY=7a6960912bebe03c6e4c770eb1aa91329c3497f18f90cae56d6c8ddc1..., value=4.0 | USER_KEY=4ec765db76545c1d6dda9f421590bf9d02f584009f8d92100afeef459..., value=1.0 | USER_KEY=01b16f9f7ff29b48b1ee0d1a89d1eb9662474e5eedb8c2d967ea43793..., value=2.0","USER_KEY=a02a14ff1ab86edbfe46ad5a6a7fce054dc83c39aa7c362622171c550..., master=1.0, candidate=2.0 | USER_KEY=a02a14ff1ab86edbfe46ad5a6a7fce054dc83c39aa7c362622171c550..., master=1.0, candidate=2.0 | USER_KEY=b8cbe0494fde6de4dce0be00cc9bb96cbb2bf6ed618e1538dda92755c..., master=2.0, candidate=1.0",False,False,,both_nan_match,,Raw source comparison; row order is not used.
is_promotion,membership_raw_copy_is_promotion,Membership_v2.csv `is_promotion` copied by USER_KEY,Membership_v2.csv,is_promotion,USER_KEY,,,,,both NaN treated as match,23343,23302,41,0.9982435848005826,1.0,0.0017564151994173842,"USER_KEY=c7f8dcebf5fc38674be9df7f78677ac1c795690b54addf0c0331b1a85..., master=0, candidate=1","USER_KEY=2c4cf317dfd0acee9d0f5e03b896e33f01fcfcbd6df064a148fe96f4d..., master=0, candidate=1","USER_KEY=07e21f3a885e79ef644b536bbc1394a08874766e979f79465800aa6bf..., master=1, candidate=0","USER_KEY=7a6960912bebe03c6e4c770eb1aa91329c3497f18f90cae56d6c8ddc1..., value=1 | USER_KEY=4ec765db76545c1d6dda9f421590bf9d02f584009f8d92100afeef459..., value=1 | USER_KEY=01b16f9f7ff29b48b1ee0d1a89d1eb9662474e5eedb8c2d967ea43793..., value=1","USER_KEY=c7f8dcebf5fc38674be9df7f78677ac1c795690b54addf0c0331b1a85..., master=0, candidate=1 | USER_KEY=2c4cf317dfd0acee9d0f5e03b896e33f01fcfcbd6df064a148fe96f4d..., master=0, candidate=1 | USER_KEY=07e21f3a885e79ef644b536bbc1394a08874766e979f79465800aa6bf..., master=1, candidate=0",False,False,,both_nan_match,,Raw source comparison; row order is not used.
is_churn_prevented,membership_raw_copy_is_churn_prevented,Membership_v2.csv `is_churn_prevented` copied by USER_KEY,Membership_v2.csv,is_churn_prevented,USER_KEY,,,,,both NaN treated as match,23343,23343,0,1.0,0.0,0.0,,,,"USER_KEY=7a6960912bebe03c6e4c770eb1aa91329c3497f18f90cae56d6c8ddc1..., value=0 | USER_KEY=4ec765db76545c1d6dda9f421590bf9d02f584009f8d92100afeef459..., value=1 | USER_KEY=01b16f9f7ff29b48b1ee0d1a89d1eb9662474e5eedb8c2d967ea43793..., value=0",,False,False,,both_nan_match,,Raw source comparison; row order is not used.
payment_device,membership_raw_copy_payment_device,Membership_v2.csv `payment_device` copied by USER_KEY,Membership_v2.csv,payment_device,USER_KEY,,,,,both NaN treated as match,23343,23294,49,0.9979008696397207,,,"USER_KEY=b8cbe0494fde6de4dce0be00cc9bb96cbb2bf6ed618e1538dda92755c..., master=smarttv, candidate=mobile","USER_KEY=b7c2e0ba1b2f17769d882e460abd5371155e1ff30e4064fe248b7e8bf..., master=ott, candidate=android","USER_KEY=c7f8dcebf5fc38674be9df7f78677ac1c795690b54addf0c0331b1a85..., master=mobile, candidate=android","USER_KEY=7a6960912bebe03c6e4c770eb1aa91329c3497f18f90cae56d6c8ddc1..., value=pc | USER_KEY=4ec765db76545c1d6dda9f421590bf9d02f584009f8d92100afeef459..., value=pc | USER_KEY=01b16f9f7ff29b48b1ee0d1a89d1eb9662474e5eedb8c2d967ea43793..., value=android","USER_KEY=b8cbe0494fde6de4dce0be00cc9bb96cbb2bf6ed618e1538dda92755c..., master=smarttv, candidate=mobile | USER_KEY=b7c2e0ba1b2f17769d882e460abd5371155e1ff30e4064fe248b7e8bf..., master=ott, candidate=android | USER_KEY=c7f8dcebf5fc38674be9df7f78677ac1c795690b54addf0c0331b1a85..., master=mobile, candidate=android",False,False,,both_nan_match,,Raw source comparison; row order is not used.
is_user_verified,membership_raw_copy_is_user_verified,Membership_v2.csv `is_user_verified` copied by USER_KEY,Membership_v2.csv,is_user_verified,USER_KEY,,,,,both NaN treated as match,23343,23342,1,0.9999571606048923,1.0,4.283939510774108e-05,"USER_KEY=bd62ee7470586d63761161ce63ff64a17f677340e516a43f743f89ef3..., master=1, candidate=0",,,"USER_KEY=7a6960912bebe03c6e4c770eb1aa91329c3497f18f90cae56d6c8ddc1..., value=1 | USER_KEY=4ec765db76545c1d6dda9f421590bf9d02f584009f8d92100afeef459..., value=1 | USER_KEY=01b16f9f7ff29b48b1ee0d1a89d1eb9662474e5eedb8c2d967ea43793..., value=1","USER_KEY=bd62ee7470586d63761161ce63ff64a17f677340e516a43f743f89ef3..., master=1, candidate=0",False,False,,both_nan_match,,Raw source comparison; row order is not used.
gender,membership_raw_copy_gender,Membership_v2.csv `gender` copied by USER_KEY,Membership_v2.csv,gender,USER_KEY,,,,,both NaN treated as match,23343,23343,0,1.0,,,,,,"USER_KEY=7a6960912bebe03c6e4c770eb1aa91329c3497f18f90cae56d6c8ddc1..., value=F | USER_KEY=4ec765db76545c1d6dda9f421590bf9d02f584009f8d92100afeef459..., value=F | USER_KEY=01b16f9f7ff29b48b1ee0d1a89d1eb9662474e5eedb8c2d967ea43793..., value=F",,False,False,,both_nan_match,,Raw source comparison; row order is not used.
age,membership_raw_copy_age,Membership_v2.csv `age` copied by USER_KEY,Membership_v2.csv,age,USER_KEY,,,,,both NaN treated as match,23343,23343,0,1.0,0.0,0.0,,,,"USER_KEY=7a6960912bebe03c6e4c770eb1aa91329c3497f18f90cae56d6c8ddc1..., value=20.0 | USER_KEY=4ec765db76545c1d6dda9f421590bf9d02f584009f8d92100afeef459..., value=25.0 | USER_KEY=01b16f9f7ff29b48b1ee0d1a89d1eb9662474e5eedb8c2d967ea43793..., value=20.0",,False,False,,both_nan_match,,Raw source comparison; row order is not used.
reg_date,membership_raw_copy_reg_date,Membership_v2.csv `reg_date` copied by USER_KEY,Membership_v2.csv,reg_date,USER_KEY,,,,,both NaN treated as match,23343,0,23343,0.0,,,"USER_KEY=7a6960912bebe03c6e4c770eb1aa91329c3497f18f90cae56d6c8ddc1..., master=2014-03-21, candidate=2021-03-14","USER_KEY=4ec765db76545c1d6dda9f421590bf9d02f584009f8d92100afeef459..., master=2009-03-21, candidate=2021-03-09","USER_KEY=01b16f9f7ff29b48b1ee0d1a89d1eb9662474e5eedb8c2d967ea43793..., master=2009-03-21, candidate=2021-03-09",,"USER_KEY=7a6960912bebe03c6e4c770eb1aa91329c3497f18f90cae56d6c8ddc1..., master=2014-03-21, candidate=2021-03-14 | USER_KEY=4ec765db76545c1d6dda9f421590bf9d02f584009f8d92100afeef459..., master=2009-03-21, candidate=2021-03-09 | USER_KEY=01b16f9f7ff29b48b1ee0d1a89d1eb9662474e5eedb8c2d967ea43793..., master=2009-03-21, candidate=2021-03-09",False,False,,both_nan_match,,Raw source comparison; row order is not used.
reg_hour,membership_raw_copy_reg_hour,Membership_v2.csv `reg_hour` copied by USER_KEY,Membership_v2.csv,reg_hour,USER_KEY,,,,,both NaN treated as match,23343,23199,144,0.9938311271044853,23.0,0.04446729212183524,"USER_KEY=a02a14ff1ab86edbfe46ad5a6a7fce054dc83c39aa7c362622171c550..., master=22, candidate=23","USER_KEY=a02a14ff1ab86edbfe46ad5a6a7fce054dc83c39aa7c362622171c550..., master=22, candidate=23","USER_KEY=b8cbe0494fde6de4dce0be00cc9bb96cbb2bf6ed618e1538dda92755c..., master=19, candidate=18","USER_KEY=7a6960912bebe03c6e4c770eb1aa91329c3497f18f90cae56d6c8ddc1..., value=20 | USER_KEY=4ec765db76545c1d6dda9f421590bf9d02f584009f8d92100afeef459..., value=14 | USER_KEY=01b16f9f7ff29b48b1ee0d1a89d1eb9662474e5eedb8c2d967ea43793..., value=2","USER_KEY=a02a14ff1ab86edbfe46ad5a6a7fce054dc83c39aa7c362622171c550..., master=22, candidate=23 | USER_KEY=a02a14ff1ab86edbfe46ad5a6a7fce054dc83c39aa7c362622171c550..., master=22, candidate=23 | USER_KEY=b8cbe0494fde6de4dce0be00cc9bb96cbb2bf6ed618e1538dda92755c..., master=19, candidate=18",False,False,,both_nan_match,,Raw source comparison; row order is not used.
end_date,membership_raw_copy_end_date,Membership_v2.csv `end_date` copied by USER_KEY,Membership_v2.csv,end_date,USER_KEY,,,,,both NaN treated as match,23343,3,23340,0.00012851818532322323,,,"USER_KEY=7a6960912bebe03c6e4c770eb1aa91329c3497f18f90cae56d6c8ddc1..., master=2014-04-21, candidate=2021-04-14","USER_KEY=4ec765db76545c1d6dda9f421590bf9d02f584009f8d92100afeef459..., master=2009-04-21, candidate=2021-04-09","USER_KEY=01b16f9f7ff29b48b1ee0d1a89d1eb9662474e5eedb8c2d967ea43793..., master=2009-04-21, candidate=2021-04-09","USER_KEY=b733fef0275bc202bba9163109b2d17d28ef791529c6a3e4976b9eb5b..., value=2021-03-21 | USER_KEY=d5180f99ee51cdc54af6ebbe4b4bb2fe3f4fc35b25cd4e85e64b1d8a2..., value=2021-03-21 | USER_KEY=82452d6d0e5e4330bcfbb6d36ed3cfce31141fd53f8baa8c59cf051a9..., value=2021-03-21","USER_KEY=7a6960912bebe03c6e4c770eb1aa91329c3497f18f90cae56d6c8ddc1..., master=2014-04-21, candidate=2021-04-14 | USER_KEY=4ec765db76545c1d6dda9f421590bf9d02f584009f8d92100afeef459..., master=2009-04-21, candidate=2021-04-09 | USER_KEY=01b16f9f7ff29b48b1ee0d1a89d1eb9662474e5eedb8c2d967ea43793..., master=2009-04-21, candidate=2021-04-09",False,False,,both_nan_match,,Raw source comparison; row order is not used.
is_repurchase,membership_raw_copy_is_repurchase,Membership_v2.csv `is_repurchase` copied by USER_KEY,Membership_v2.csv,is_repurchase,USER_KEY,,,,,both NaN treated as match,23343,23286,57,0.9975581544788588,1.0,0.0024418455211412415,"USER_KEY=6513fff57e32407ab087206e57186ee4cbde4888a5f79702f9caee7d2..., master=1, candidate=0","USER_KEY=a0218892bc0315bc5a83ac264ab5efd8b90e1ad51b84ea8831c07bdee..., master=0, candidate=1","USER_KEY=c7f8dcebf5fc38674be9df7f78677ac1c795690b54addf0c0331b1a85..., master=1, candidate=0","USER_KEY=7a6960912bebe03c6e4c770eb1aa91329c3497f18f90cae56d6c8ddc1..., value=1 | USER_KEY=4ec765db76545c1d6dda9f421590bf9d02f584009f8d92100afeef459..., value=0 | USER_KEY=01b16f9f7ff29b48b1ee0d1a89d1eb9662474e5eedb8c2d967ea43793..., value=0","USER_KEY=6513fff57e32407ab087206e57186ee4cbde4888a5f79702f9caee7d2..., master=1, candidate=0 | USER_KEY=a0218892bc0315bc5a83ac264ab5efd8b90e1ad51b84ea8831c07bdee..., master=0, candidate=1 | USER_KEY=c7f8dcebf5fc38674be9df7f78677ac1c795690b54addf0c0331b1a85..., master=1, candidate=0",False,False,,both_nan_match,,Raw source comparison; row order is not used.
is_standard,is_standard_max_screen_eq_2,max_screen == 2,Membership_v2.csv,max_screen,USER_KEY,,,,,both NaN treated as match,23343,23216,127,0.9945593968213169,1.0,0.005440603178683117,"USER_KEY=a02a14ff1ab86edbfe46ad5a6a7fce054dc83c39aa7c362622171c550..., master=0, candidate=1","USER_KEY=a02a14ff1ab86edbfe46ad5a6a7fce054dc83c39aa7c362622171c550..., master=0, candidate=1","USER_KEY=b8cbe0494fde6de4dce0be00cc9bb96cbb2bf6ed618e1538dda92755c..., master=1, candidate=0","USER_KEY=7a6960912bebe03c6e4c770eb1aa91329c3497f18f90cae56d6c8ddc1..., value=0 | USER_KEY=4ec765db76545c1d6dda9f421590bf9d02f584009f8d92100afeef459..., value=0 | USER_KEY=01b16f9f7ff29b48b1ee0d1a89d1eb9662474e5eedb8c2d967ea43793..., value=1","USER_KEY=a02a14ff1ab86edbfe46ad5a6a7fce054dc83c39aa7c362622171c550..., master=0, candidate=1 | USER_KEY=a02a14ff1ab86edbfe46ad5a6a7fce054dc83c39aa7c362622171c550..., master=0, candidate=1 | USER_KEY=b8cbe0494fde6de4dce0be00cc9bb96cbb2bf6ed618e1538dda92755c..., master=1, candidate=0",False,False,,both_nan_match,,
is_standard,is_standard_max_screen_eq_1,max_screen == 1,Membership_v2.csv,max_screen,USER_KEY,,,,,both NaN treated as match,23343,3908,19435,0.16741635608105213,1.0,0.8325836439189479,"USER_KEY=4ec765db76545c1d6dda9f421590bf9d02f584009f8d92100afeef459..., master=0, candidate=1","USER_KEY=01b16f9f7ff29b48b1ee0d1a89d1eb9662474e5eedb8c2d967ea43793..., master=1, candidate=0","USER_KEY=534bc7b6b1ce05de6523f79872108d8dccc1dab38e2c1fb3c40e96913..., master=0, candidate=1","USER_KEY=7a6960912bebe03c6e4c770eb1aa91329c3497f18f90cae56d6c8ddc1..., value=0 | USER_KEY=457120a6023152e0aa7fce1d5ad546126bda5506b30ed81f89d02462d..., value=0 | USER_KEY=1ff9d693be9f6ff2efc65ebf39f40c568efe92e3e6d7e47412f5fb3fc..., value=0","USER_KEY=4ec765db76545c1d6dda9f421590bf9d02f584009f8d92100afeef459..., master=0, candidate=1 | USER_KEY=01b16f9f7ff29b48b1ee0d1a89d1eb9662474e5eedb8c2d967ea43793..., master=1, candidate=0 | USER_KEY=534bc7b6b1ce05de6523f79872108d8dccc1dab38e2c1fb3c40e96913..., master=0, candidate=1",False,False,,both_nan_match,,
is_premium,is_premium_max_screen_eq_4,max_screen == 4,Membership_v2.csv,max_screen,USER_KEY,,,,,both NaN treated as match,23343,23325,18,0.9992288908880607,1.0,0.0007711091119393394,"USER_KEY=70117747c956207450361fcc8ef158ef7e232671fae5fffcd1b207a6d..., master=1, candidate=0","USER_KEY=b31c10e7354a7eb3b6316780993a1eaf6c4da9023af8462e9583cdc25..., master=0, candidate=1","USER_KEY=7e244dd24a58ad016b30f15141b629cd6f48135e842967e77e0793fc7..., master=0, candidate=1","USER_KEY=7a6960912bebe03c6e4c770eb1aa91329c3497f18f90cae56d6c8ddc1..., value=1 | USER_KEY=4ec765db76545c1d6dda9f421590bf9d02f584009f8d92100afeef459..., value=0 | USER_KEY=01b16f9f7ff29b48b1ee0d1a89d1eb9662474e5eedb8c2d967ea43793..., value=0","USER_KEY=70117747c956207450361fcc8ef158ef7e232671fae5fffcd1b207a6d..., master=1, candidate=0 | USER_KEY=b31c10e7354a7eb3b6316780993a1eaf6c4da9023af8462e9583cdc25..., master=0, candidate=1 | USER_KEY=7e244dd24a58ad016b30f15141b629cd6f48135e842967e77e0793fc7..., master=0, candidate=1",False,False,,both_nan_match,,
is_premium,is_premium_max_screen_ge_4,max_screen >= 4,Membership_v2.csv,max_screen,USER_KEY,,,,,both NaN treated as match,23343,23325,18,0.9992288908880607,1.0,0.0007711091119393394,"USER_KEY=70117747c956207450361fcc8ef158ef7e232671fae5fffcd1b207a6d..., master=1, candidate=0","USER_KEY=b31c10e7354a7eb3b6316780993a1eaf6c4da9023af8462e9583cdc25..., master=0, candidate=1","USER_KEY=7e244dd24a58ad016b30f15141b629cd6f48135e842967e77e0793fc7..., master=0, candidate=1","USER_KEY=7a6960912bebe03c6e4c770eb1aa91329c3497f18f90cae56d6c8ddc1..., value=1 | USER_KEY=4ec765db76545c1d6dda9f421590bf9d02f584009f8d92100afeef459..., value=0 | USER_KEY=01b16f9f7ff29b48b1ee0d1a89d1eb9662474e5eedb8c2d967ea43793..., value=0","USER_KEY=70117747c956207450361fcc8ef158ef7e232671fae5fffcd1b207a6d..., master=1, candidate=0 | USER_KEY=b31c10e7354a7eb3b6316780993a1eaf6c4da9023af8462e9583cdc25..., master=0, candidate=1 | USER_KEY=7e244dd24a58ad016b30f15141b629cd6f48135e842967e77e0793fc7..., master=0, candidate=1",False,False,,both_nan_match,,
is_female,is_female_gender_F,gender == 'F',Membership_v2.csv,gender,USER_KEY,,,,,both NaN treated as match,23343,23343,0,1.0,0.0,0.0,,,,"USER_KEY=7a6960912bebe03c6e4c770eb1aa91329c3497f18f90cae56d6c8ddc1..., value=1 | USER_KEY=4ec765db76545c1d6dda9f421590bf9d02f584009f8d92100afeef459..., value=1 | USER_KEY=01b16f9f7ff29b48b1ee0d1a89d1eb9662474e5eedb8c2d967ea43793..., value=1",,False,False,,both_nan_match,,
is_male,is_male_gender_M,gender == 'M',Membership_v2.csv,gender,USER_KEY,,,,,both NaN treated as match,23343,23343,0,1.0,0.0,0.0,,,,"USER_KEY=7a6960912bebe03c6e4c770eb1aa91329c3497f18f90cae56d6c8ddc1..., value=0 | USER_KEY=4ec765db76545c1d6dda9f421590bf9d02f584009f8d92100afeef459..., value=0 | USER_KEY=01b16f9f7ff29b48b1ee0d1a89d1eb9662474e5eedb8c2d967ea43793..., value=0",,False,False,,both_nan_match,,
age_group,age_group_decade_floor,floor(age / 10) * 10,Membership_v2.csv,age,USER_KEY,,,,,both NaN treated as match,23343,23343,0,1.0,0.0,0.0,,,,"USER_KEY=7a6960912bebe03c6e4c770eb1aa91329c3497f18f90cae56d6c8ddc1..., value=20.0 | USER_KEY=4ec765db76545c1d6dda9f421590bf9d02f584009f8d92100afeef459..., value=20.0 | USER_KEY=01b16f9f7ff29b48b1ee0d1a89d1eb9662474e5eedb8c2d967ea43793..., value=20.0",,False,False,,both_nan_match,,
age_group,age_group_closed_decade_bins,"age binned as 10s, 20s, 30s ...",Membership_v2.csv,age,USER_KEY,,,,,both NaN treated as match,23343,23343,0,1.0,0.0,0.0,,,,"USER_KEY=7a6960912bebe03c6e4c770eb1aa91329c3497f18f90cae56d6c8ddc1..., value=20.0 | USER_KEY=4ec765db76545c1d6dda9f421590bf9d02f584009f8d92100afeef459..., value=20.0 | USER_KEY=01b16f9f7ff29b48b1ee0d1a89d1eb9662474e5eedb8c2d967ea43793..., value=20.0",,False,False,,both_nan_match,,
reg_is_weekend,reg_is_weekend_membership_reg_date,Membership_v2.csv reg_date weekday is Saturday or Sunday,Membership_v2.csv,reg_date,USER_KEY,Membership_v2.csv reg_date,,,,both NaN treated as match,23343,23285,58,0.997515315083751,1.0,0.0024846849162489825,"USER_KEY=eba6d33e8fc6af9565283515e7753bc7d2c1f608767a5259b967907a6..., master=0, candidate=1","USER_KEY=b31c10e7354a7eb3b6316780993a1eaf6c4da9023af8462e9583cdc25..., master=0, candidate=1","USER_KEY=121ae7a87c018818ba76dc4c8e440dcdb1728fa6bea00c73003a07f14..., master=1, candidate=0","USER_KEY=7a6960912bebe03c6e4c770eb1aa91329c3497f18f90cae56d6c8ddc1..., value=1 | USER_KEY=4ec765db76545c1d6dda9f421590bf9d02f584009f8d92100afeef459..., value=0 | USER_KEY=01b16f9f7ff29b48b1ee0d1a89d1eb9662474e5eedb8c2d967ea43793..., value=0","USER_KEY=eba6d33e8fc6af9565283515e7753bc7d2c1f608767a5259b967907a6..., master=0, candidate=1 | USER_KEY=b31c10e7354a7eb3b6316780993a1eaf6c4da9023af8462e9583cdc25..., master=0, candidate=1 | USER_KEY=121ae7a87c018818ba76dc4c8e440dcdb1728fa6bea00c73003a07f14..., master=1, candidate=0",False,False,,both_nan_match,,
reg_hour_morning,reg_hour_morning_standard_6h_bins,reg_hour_morning from reg_hour using 06-12-18-24 bins,Membership_v2.csv,reg_hour,USER_KEY,,,,,both NaN treated as match,23343,23302,41,0.9982435848005826,1.0,0.0017564151994173842,"USER_KEY=2c4cf317dfd0acee9d0f5e03b896e33f01fcfcbd6df064a148fe96f4d..., master=1, candidate=0","USER_KEY=70117747c956207450361fcc8ef158ef7e232671fae5fffcd1b207a6d..., master=1, candidate=0","USER_KEY=eb11374762ff8f811c1e309818d17191e8fe5cefa9db3dd498a6d6aa1..., master=1, candidate=0","USER_KEY=7a6960912bebe03c6e4c770eb1aa91329c3497f18f90cae56d6c8ddc1..., value=0 | USER_KEY=4ec765db76545c1d6dda9f421590bf9d02f584009f8d92100afeef459..., value=0 | USER_KEY=01b16f9f7ff29b48b1ee0d1a89d1eb9662474e5eedb8c2d967ea43793..., value=0","USER_KEY=2c4cf317dfd0acee9d0f5e03b896e33f01fcfcbd6df064a148fe96f4d..., master=1, candidate=0 | USER_KEY=70117747c956207450361fcc8ef158ef7e232671fae5fffcd1b207a6d..., master=1, candidate=0 | USER_KEY=eb11374762ff8f811c1e309818d17191e8fe5cefa9db3dd498a6d6aa1..., master=1, candidate=0",False,False,,both_nan_match,,
reg_hour_afternoon,reg_hour_afternoon_standard_6h_bins,reg_hour_afternoon from reg_hour using 06-12-18-24 bins,Membership_v2.csv,reg_hour,USER_KEY,,,,,both NaN treated as match,23343,23291,52,0.9977723514543975,1.0,0.0022276485456025363,"USER_KEY=a02a14ff1ab86edbfe46ad5a6a7fce054dc83c39aa7c362622171c550..., master=1, candidate=0","USER_KEY=a02a14ff1ab86edbfe46ad5a6a7fce054dc83c39aa7c362622171c550..., master=1, candidate=0","USER_KEY=eba6d33e8fc6af9565283515e7753bc7d2c1f608767a5259b967907a6..., master=1, candidate=0","USER_KEY=7a6960912bebe03c6e4c770eb1aa91329c3497f18f90cae56d6c8ddc1..., value=0 | USER_KEY=4ec765db76545c1d6dda9f421590bf9d02f584009f8d92100afeef459..., value=1 | USER_KEY=01b16f9f7ff29b48b1ee0d1a89d1eb9662474e5eedb8c2d967ea43793..., value=0","USER_KEY=a02a14ff1ab86edbfe46ad5a6a7fce054dc83c39aa7c362622171c550..., master=1, candidate=0 | USER_KEY=a02a14ff1ab86edbfe46ad5a6a7fce054dc83c39aa7c362622171c550..., master=1, candidate=0 | USER_KEY=eba6d33e8fc6af9565283515e7753bc7d2c1f608767a5259b967907a6..., master=1, candidate=0",False,False,,both_nan_match,,
reg_hour_evening,reg_hour_evening_standard_6h_bins,reg_hour_evening from reg_hour using 06-12-18-24 bins,Membership_v2.csv,reg_hour,USER_KEY,,,,,both NaN treated as match,23343,23284,59,0.9974724756886433,1.0,0.0025275243113567236,"USER_KEY=a02a14ff1ab86edbfe46ad5a6a7fce054dc83c39aa7c362622171c550..., master=0, candidate=1","USER_KEY=a02a14ff1ab86edbfe46ad5a6a7fce054dc83c39aa7c362622171c550..., master=0, candidate=1","USER_KEY=eb11374762ff8f811c1e309818d17191e8fe5cefa9db3dd498a6d6aa1..., master=0, candidate=1","USER_KEY=7a6960912bebe03c6e4c770eb1aa91329c3497f18f90cae56d6c8ddc1..., value=1 | USER_KEY=4ec765db76545c1d6dda9f421590bf9d02f584009f8d92100afeef459..., value=0 | USER_KEY=01b16f9f7ff29b48b1ee0d1a89d1eb9662474e5eedb8c2d967ea43793..., value=0","USER_KEY=a02a14ff1ab86edbfe46ad5a6a7fce054dc83c39aa7c362622171c550..., master=0, candidate=1 | USER_KEY=a02a14ff1ab86edbfe46ad5a6a7fce054dc83c39aa7c362622171c550..., master=0, candidate=1 | USER_KEY=eb11374762ff8f811c1e309818d17191e8fe5cefa9db3dd498a6d6aa1..., master=0, candidate=1",False,False,,both_nan_match,,
reg_hour_night,reg_hour_night_standard_6h_bins,reg_hour_night from reg_hour using 06-12-18-24 bins,Membership_v2.csv,reg_hour,USER_KEY,,,,,both NaN treated as match,23343,23311,32,0.9986291393565523,1.0,0.0013708606434477146,"USER_KEY=eba6d33e8fc6af9565283515e7753bc7d2c1f608767a5259b967907a6..., master=0, candidate=1","USER_KEY=c1d37e8f9ae8144b361622dc52f607efd06b3493c4e2a7aa34f124f75..., master=1, candidate=0","USER_KEY=698632c2648187c4b455943406060fad66306944817d286c4c1b30d2c..., master=1, candidate=0","USER_KEY=7a6960912bebe03c6e4c770eb1aa91329c3497f18f90cae56d6c8ddc1..., value=0 | USER_KEY=4ec765db76545c1d6dda9f421590bf9d02f584009f8d92100afeef459..., value=0 | USER_KEY=01b16f9f7ff29b48b1ee0d1a89d1eb9662474e5eedb8c2d967ea43793..., value=1","USER_KEY=eba6d33e8fc6af9565283515e7753bc7d2c1f608767a5259b967907a6..., master=0, candidate=1 | USER_KEY=c1d37e8f9ae8144b361622dc52f607efd06b3493c4e2a7aa34f124f75..., master=1, candidate=0 | USER_KEY=698632c2648187c4b455943406060fad66306944817d286c4c1b30d2c..., master=1, candidate=0",False,False,,both_nan_match,,
payment_is_pc,payment_is_pc_pc_eq,payment_is_pc from payment_device: pc_eq,Membership_v2.csv,payment_device,USER_KEY,,,,,both NaN treated as match,23343,23331,12,0.9994859272587071,1.0,0.0005140727412928929,"USER_KEY=06413c96660e23ddd8e6cc93b3e03e299201a9a1aa05ba70ea10b8a8c..., master=0, candidate=1","USER_KEY=06413c96660e23ddd8e6cc93b3e03e299201a9a1aa05ba70ea10b8a8c..., master=0, candidate=1","USER_KEY=133aa0eb91c71562193dc2bbdb9e5ef543803644ca5c620daaed87579..., master=1, candidate=0","USER_KEY=7a6960912bebe03c6e4c770eb1aa91329c3497f18f90cae56d6c8ddc1..., value=1 | USER_KEY=4ec765db76545c1d6dda9f421590bf9d02f584009f8d92100afeef459..., value=1 | USER_KEY=01b16f9f7ff29b48b1ee0d1a89d1eb9662474e5eedb8c2d967ea43793..., value=0","USER_KEY=06413c96660e23ddd8e6cc93b3e03e299201a9a1aa05ba70ea10b8a8c..., master=0, candidate=1 | USER_KEY=06413c96660e23ddd8e6cc93b3e03e299201a9a1aa05ba70ea10b8a8c..., master=0, candidate=1 | USER_KEY=133aa0eb91c71562193dc2bbdb9e5ef543803644ca5c620daaed87579..., master=1, candidate=0",False,False,,both_nan_match,,
payment_is_android,payment_is_android_android_eq,payment_is_android from payment_device: android_eq,Membership_v2.csv,payment_device,USER_KEY,,,,,both NaN treated as match,23343,23311,32,0.9986291393565523,1.0,0.0013708606434477146,"USER_KEY=b7c2e0ba1b2f17769d882e460abd5371155e1ff30e4064fe248b7e8bf..., master=0, candidate=1","USER_KEY=c7f8dcebf5fc38674be9df7f78677ac1c795690b54addf0c0331b1a85..., master=0, candidate=1","USER_KEY=2c4cf317dfd0acee9d0f5e03b896e33f01fcfcbd6df064a148fe96f4d..., master=0, candidate=1","USER_KEY=7a6960912bebe03c6e4c770eb1aa91329c3497f18f90cae56d6c8ddc1..., value=0 | USER_KEY=4ec765db76545c1d6dda9f421590bf9d02f584009f8d92100afeef459..., value=0 | USER_KEY=01b16f9f7ff29b48b1ee0d1a89d1eb9662474e5eedb8c2d967ea43793..., value=1","USER_KEY=b7c2e0ba1b2f17769d882e460abd5371155e1ff30e4064fe248b7e8bf..., master=0, candidate=1 | USER_KEY=c7f8dcebf5fc38674be9df7f78677ac1c795690b54addf0c0331b1a85..., master=0, candidate=1 | USER_KEY=2c4cf317dfd0acee9d0f5e03b896e33f01fcfcbd6df064a148fe96f4d..., master=0, candidate=1",False,False,,both_nan_match,,
payment_is_ios,payment_is_ios_ios_eq,payment_is_ios from payment_device: ios_eq,Membership_v2.csv,payment_device,USER_KEY,,,,,both NaN treated as match,23343,23329,14,0.9994002484684916,1.0,0.0005997515315083751,"USER_KEY=eb11374762ff8f811c1e309818d17191e8fe5cefa9db3dd498a6d6aa1..., master=1, candidate=0","USER_KEY=c057873fc62361c3e1dc1565083049ba9dfe37a8934f29a83c0fc37ec..., master=0, candidate=1","USER_KEY=133aa0eb91c71562193dc2bbdb9e5ef543803644ca5c620daaed87579..., master=0, candidate=1","USER_KEY=7a6960912bebe03c6e4c770eb1aa91329c3497f18f90cae56d6c8ddc1..., value=0 | USER_KEY=4ec765db76545c1d6dda9f421590bf9d02f584009f8d92100afeef459..., value=0 | USER_KEY=01b16f9f7ff29b48b1ee0d1a89d1eb9662474e5eedb8c2d967ea43793..., value=0","USER_KEY=eb11374762ff8f811c1e309818d17191e8fe5cefa9db3dd498a6d6aa1..., master=1, candidate=0 | USER_KEY=c057873fc62361c3e1dc1565083049ba9dfe37a8934f29a83c0fc37ec..., master=0, candidate=1 | USER_KEY=133aa0eb91c71562193dc2bbdb9e5ef543803644ca5c620daaed87579..., master=0, candidate=1",False,False,,both_nan_match,,
payment_is_mobile,payment_is_mobile_mobile_literal,payment_is_mobile from payment_device: mobile_literal,Membership_v2.csv,payment_device,USER_KEY,,,,,both NaN treated as match,23343,23329,14,0.9994002484684916,1.0,0.0005997515315083751,"USER_KEY=b8cbe0494fde6de4dce0be00cc9bb96cbb2bf6ed618e1538dda92755c..., master=0, candidate=1","USER_KEY=c7f8dcebf5fc38674be9df7f78677ac1c795690b54addf0c0331b1a85..., master=1, candidate=0","USER_KEY=07e21f3a885e79ef644b536bbc1394a08874766e979f79465800aa6bf..., master=1, candidate=0","USER_KEY=7a6960912bebe03c6e4c770eb1aa91329c3497f18f90cae56d6c8ddc1..., value=0 | USER_KEY=4ec765db76545c1d6dda9f421590bf9d02f584009f8d92100afeef459..., value=0 | USER_KEY=01b16f9f7ff29b48b1ee0d1a89d1eb9662474e5eedb8c2d967ea43793..., value=0","USER_KEY=b8cbe0494fde6de4dce0be00cc9bb96cbb2bf6ed618e1538dda92755c..., master=0, candidate=1 | USER_KEY=c7f8dcebf5fc38674be9df7f78677ac1c795690b54addf0c0331b1a85..., master=1, candidate=0 | USER_KEY=07e21f3a885e79ef644b536bbc1394a08874766e979f79465800aa6bf..., master=1, candidate=0",False,False,,both_nan_match,,
payment_is_mobile,payment_is_mobile_android_or_ios_or_mobile,payment_is_mobile from payment_device: android_or_ios_or_mobile,Membership_v2.csv,payment_device,USER_KEY,,,,,both NaN treated as match,23343,8542,14801,0.3659341130103243,1.0,0.6340658869896757,"USER_KEY=01b16f9f7ff29b48b1ee0d1a89d1eb9662474e5eedb8c2d967ea43793..., master=0, candidate=1","USER_KEY=534bc7b6b1ce05de6523f79872108d8dccc1dab38e2c1fb3c40e96913..., master=0, candidate=1","USER_KEY=1d47cdbe7f7016e6c3f42cb08e37db55548481ffa31122e1a18a27ce9..., master=0, candidate=1","USER_KEY=7a6960912bebe03c6e4c770eb1aa91329c3497f18f90cae56d6c8ddc1..., value=0 | USER_KEY=4ec765db76545c1d6dda9f421590bf9d02f584009f8d92100afeef459..., value=0 | USER_KEY=70da9913e0b9dd104fe781fd724bf1423f4cb4416f640e5d6820aa4cf..., value=0","USER_KEY=01b16f9f7ff29b48b1ee0d1a89d1eb9662474e5eedb8c2d967ea43793..., master=0, candidate=1 | USER_KEY=534bc7b6b1ce05de6523f79872108d8dccc1dab38e2c1fb3c40e96913..., master=0, candidate=1 | USER_KEY=1d47cdbe7f7016e6c3f42cb08e37db55548481ffa31122e1a18a27ce9..., master=0, candidate=1",False,False,,both_nan_match,,
payment_is_mobile,payment_is_mobile_not_pc,payment_is_mobile from payment_device: not_pc,Membership_v2.csv,payment_device,USER_KEY,,,,,both NaN treated as match,23343,8151,15192,0.34918390952319756,1.0,0.6508160904768024,"USER_KEY=01b16f9f7ff29b48b1ee0d1a89d1eb9662474e5eedb8c2d967ea43793..., master=0, candidate=1","USER_KEY=534bc7b6b1ce05de6523f79872108d8dccc1dab38e2c1fb3c40e96913..., master=0, candidate=1","USER_KEY=ce55ecaa87931f40db2fc448a88af43b50cbed84642851d11882544b1..., master=0, candidate=1","USER_KEY=7a6960912bebe03c6e4c770eb1aa91329c3497f18f90cae56d6c8ddc1..., value=0 | USER_KEY=4ec765db76545c1d6dda9f421590bf9d02f584009f8d92100afeef459..., value=0 | USER_KEY=70da9913e0b9dd104fe781fd724bf1423f4cb4416f640e5d6820aa4cf..., value=0","USER_KEY=01b16f9f7ff29b48b1ee0d1a89d1eb9662474e5eedb8c2d967ea43793..., master=0, candidate=1 | USER_KEY=534bc7b6b1ce05de6523f79872108d8dccc1dab38e2c1fb3c40e96913..., master=0, candidate=1 | USER_KEY=ce55ecaa87931f40db2fc448a88af43b50cbed84642851d11882544b1..., master=0, candidate=1",False,False,,both_nan_match,,
max_day_share,max_day_share_reg_day0_to_day20_max_daily_time_over_total_time,maximum daily watch_time / total watch_time,View_History_v2.csv; User_Mapping_v2.csv; Membership_v2.csv,USER_NUM; MOVIE_NUM; watch_time(min); watch_day; watch_seq; reg_date,USER_KEY,Membership_v2.csv reg_date,reg_day0_to_day20,total_watch_time,zero when denominator is zero,both NaN treated as match,23343,23109,234,0.9899755815447886,1.0,0.004674024653218025,"USER_KEY=a02a14ff1ab86edbfe46ad5a6a7fce054dc83c39aa7c362622171c550..., master=0.501466275659824, candidate=0.24881516587677724","USER_KEY=a02a14ff1ab86edbfe46ad5a6a7fce054dc83c39aa7c362622171c550..., master=0.4174950298210735, candidate=0.24881516587677724","USER_KEY=48a1980ffa4529b083aac4cd2905b676125fc2fe48903e11cdc8f3a40..., master=1.0, candidate=0.5502392344497608","USER_KEY=7a6960912bebe03c6e4c770eb1aa91329c3497f18f90cae56d6c8ddc1..., value=0.388030888030888 | USER_KEY=4ec765db76545c1d6dda9f421590bf9d02f584009f8d92100afeef459..., value=0.75 | USER_KEY=01b16f9f7ff29b48b1ee0d1a89d1eb9662474e5eedb8c2d967ea43793..., value=1.0","USER_KEY=a02a14ff1ab86edbfe46ad5a6a7fce054dc83c39aa7c362622171c550..., master=0.501466275659824, candidate=0.24881516587677724 | USER_KEY=a02a14ff1ab86edbfe46ad5a6a7fce054dc83c39aa7c362622171c550..., master=0.4174950298210735, candidate=0.24881516587677724 | USER_KEY=48a1980ffa4529b083aac4cd2905b676125fc2fe48903e11cdc8f3a40..., master=1.0, candidate=0.5502392344497608",False,False,,both_nan_match,,
max_day_share,max_day_share_reg_day0_to_day20_max_daily_sessions_over_total_sessions,maximum daily sessions / total sessions,View_History_v2.csv; User_Mapping_v2.csv; Membership_v2.csv,USER_NUM; MOVIE_NUM; watch_time(min); watch_day; watch_seq; reg_date,USER_KEY,Membership_v2.csv reg_date,reg_day0_to_day20,total_watch_count,zero when denominator is zero,both NaN treated as match,23343,5802,17541,0.24855417041511374,1.0,0.11475990596878725,"USER_KEY=7a6960912bebe03c6e4c770eb1aa91329c3497f18f90cae56d6c8ddc1..., master=0.388030888030888, candidate=0.15384615384615385","USER_KEY=4ec765db76545c1d6dda9f421590bf9d02f584009f8d92100afeef459..., master=0.75, candidate=0.6666666666666666","USER_KEY=70da9913e0b9dd104fe781fd724bf1423f4cb4416f640e5d6820aa4cf..., master=0.4776422764227642, candidate=0.25","USER_KEY=01b16f9f7ff29b48b1ee0d1a89d1eb9662474e5eedb8c2d967ea43793..., value=1.0 | USER_KEY=534bc7b6b1ce05de6523f79872108d8dccc1dab38e2c1fb3c40e96913..., value=0.0 | USER_KEY=ce55ecaa87931f40db2fc448a88af43b50cbed84642851d11882544b1..., value=1.0","USER_KEY=7a6960912bebe03c6e4c770eb1aa91329c3497f18f90cae56d6c8ddc1..., master=0.388030888030888, candidate=0.15384615384615385 | USER_KEY=4ec765db76545c1d6dda9f421590bf9d02f584009f8d92100afeef459..., master=0.75, candidate=0.6666666666666666 | USER_KEY=70da9913e0b9dd104fe781fd724bf1423f4cb4416f640e5d6820aa4cf..., master=0.4776422764227642, candidate=0.25",False,False,,both_nan_match,,
day_count_over_3times,day_count_over_3times_reg_day0_to_day20_daily_sessions_gt_3_count,number of days with more than 3 view rows,View_History_v2.csv; User_Mapping_v2.csv; Membership_v2.csv,USER_NUM; MOVIE_NUM; watch_time(min); watch_day; watch_seq; reg_date,USER_KEY,Membership_v2.csv reg_date,reg_day0_to_day20,,,both NaN treated as match,23343,16692,6651,0.7150751831384141,7.0,0.36327807051364436,"USER_KEY=985ed8305ba05d88f22ad4b4dc1b832af4eb66d39d9ff5cd21613bf6e..., master=2.0, candidate=1.0","USER_KEY=2c9e3f9186e5dcd624c026c3a72b3070a03822476c6d1cda79011eef7..., master=2.0, candidate=1.0","USER_KEY=0cdfedd59da0d83ad70c0083b12865f0cd414ac189f27872ca1ff6bb0..., master=1.0, candidate=0.0","USER_KEY=7a6960912bebe03c6e4c770eb1aa91329c3497f18f90cae56d6c8ddc1..., value=0.0 | USER_KEY=4ec765db76545c1d6dda9f421590bf9d02f584009f8d92100afeef459..., value=0.0 | USER_KEY=01b16f9f7ff29b48b1ee0d1a89d1eb9662474e5eedb8c2d967ea43793..., value=0.0","USER_KEY=985ed8305ba05d88f22ad4b4dc1b832af4eb66d39d9ff5cd21613bf6e..., master=2.0, candidate=1.0 | USER_KEY=2c9e3f9186e5dcd624c026c3a72b3070a03822476c6d1cda79011eef7..., master=2.0, candidate=1.0 | USER_KEY=0cdfedd59da0d83ad70c0083b12865f0cd414ac189f27872ca1ff6bb0..., master=1.0, candidate=0.0",False,False,,both_nan_match,,
day_count_over_3times,day_count_over_3times_reg_day0_to_day20_daily_sessions_ge_3_count,number of days with at least 3 view rows,View_History_v2.csv; User_Mapping_v2.csv; Membership_v2.csv,USER_NUM; MOVIE_NUM; watch_time(min); watch_day; watch_seq; reg_date,USER_KEY,Membership_v2.csv reg_date,reg_day0_to_day20,,,both NaN treated as match,23343,23199,144,0.9938311271044853,7.0,0.009767382084564966,"USER_KEY=a02a14ff1ab86edbfe46ad5a6a7fce054dc83c39aa7c362622171c550..., master=0.0, candidate=2.0","USER_KEY=48a1980ffa4529b083aac4cd2905b676125fc2fe48903e11cdc8f3a40..., master=0.0, candidate=1.0","USER_KEY=6513fff57e32407ab087206e57186ee4cbde4888a5f79702f9caee7d2..., master=0.0, candidate=1.0","USER_KEY=7a6960912bebe03c6e4c770eb1aa91329c3497f18f90cae56d6c8ddc1..., value=0.0 | USER_KEY=4ec765db76545c1d6dda9f421590bf9d02f584009f8d92100afeef459..., value=0.0 | USER_KEY=01b16f9f7ff29b48b1ee0d1a89d1eb9662474e5eedb8c2d967ea43793..., value=0.0","USER_KEY=a02a14ff1ab86edbfe46ad5a6a7fce054dc83c39aa7c362622171c550..., master=0.0, candidate=2.0 | USER_KEY=48a1980ffa4529b083aac4cd2905b676125fc2fe48903e11cdc8f3a40..., master=0.0, candidate=1.0 | USER_KEY=6513fff57e32407ab087206e57186ee4cbde4888a5f79702f9caee7d2..., master=0.0, candidate=1.0",False,False,,both_nan_match,,
max_day_share,max_day_share_reg_day1_to_day21_max_daily_time_over_total_time,maximum daily watch_time / total watch_time,View_History_v2.csv; User_Mapping_v2.csv; Membership_v2.csv,USER_NUM; MOVIE_NUM; watch_time(min); watch_day; watch_seq; reg_date,USER_KEY,Membership_v2.csv reg_date,reg_day1_to_day21,total_watch_time,zero when denominator is zero,both NaN treated as match,23343,15975,7368,0.6843593368461637,1.0,0.05535945983053627,"USER_KEY=7a6960912bebe03c6e4c770eb1aa91329c3497f18f90cae56d6c8ddc1..., master=0.388030888030888, candidate=0.4276595744680851","USER_KEY=985ed8305ba05d88f22ad4b4dc1b832af4eb66d39d9ff5cd21613bf6e..., master=0.3840579710144927, candidate=0.41245136186770426","USER_KEY=b034b4906fb719f737aeb897bc8cb7b2945f4e12e9d9c0d3c40562e67..., master=0.2432432432432432, candidate=0.2764505119453925","USER_KEY=4ec765db76545c1d6dda9f421590bf9d02f584009f8d92100afeef459..., value=0.75 | USER_KEY=01b16f9f7ff29b48b1ee0d1a89d1eb9662474e5eedb8c2d967ea43793..., value=1.0 | USER_KEY=534bc7b6b1ce05de6523f79872108d8dccc1dab38e2c1fb3c40e96913..., value=0.0","USER_KEY=7a6960912bebe03c6e4c770eb1aa91329c3497f18f90cae56d6c8ddc1..., master=0.388030888030888, candidate=0.4276595744680851 | USER_KEY=985ed8305ba05d88f22ad4b4dc1b832af4eb66d39d9ff5cd21613bf6e..., master=0.3840579710144927, candidate=0.41245136186770426 | USER_KEY=b034b4906fb719f737aeb897bc8cb7b2945f4e12e9d9c0d3c40562e67..., master=0.2432432432432432, candidate=0.2764505119453925",False,False,,both_nan_match,,
max_day_share,max_day_share_reg_day1_to_day21_max_daily_sessions_over_total_sessions,maximum daily sessions / total sessions,View_History_v2.csv; User_Mapping_v2.csv; Membership_v2.csv,USER_NUM; MOVIE_NUM; watch_time(min); watch_day; watch_seq; reg_date,USER_KEY,Membership_v2.csv reg_date,reg_day1_to_day21,total_watch_count,zero when denominator is zero,both NaN treated as match,23343,4920,18423,0.21076982393008611,1.0,0.14568116399815395,"USER_KEY=7a6960912bebe03c6e4c770eb1aa91329c3497f18f90cae56d6c8ddc1..., master=0.388030888030888, candidate=0.16666666666666666","USER_KEY=4ec765db76545c1d6dda9f421590bf9d02f584009f8d92100afeef459..., master=0.75, candidate=0.6666666666666666","USER_KEY=70da9913e0b9dd104fe781fd724bf1423f4cb4416f640e5d6820aa4cf..., master=0.4776422764227642, candidate=0.25","USER_KEY=01b16f9f7ff29b48b1ee0d1a89d1eb9662474e5eedb8c2d967ea43793..., value=1.0 | USER_KEY=534bc7b6b1ce05de6523f79872108d8dccc1dab38e2c1fb3c40e96913..., value=0.0 | USER_KEY=ce55ecaa87931f40db2fc448a88af43b50cbed84642851d11882544b1..., value=1.0","USER_KEY=7a6960912bebe03c6e4c770eb1aa91329c3497f18f90cae56d6c8ddc1..., master=0.388030888030888, candidate=0.16666666666666666 | USER_KEY=4ec765db76545c1d6dda9f421590bf9d02f584009f8d92100afeef459..., master=0.75, candidate=0.6666666666666666 | USER_KEY=70da9913e0b9dd104fe781fd724bf1423f4cb4416f640e5d6820aa4cf..., master=0.4776422764227642, candidate=0.25",False,False,,both_nan_match,,
day_count_over_3times,day_count_over_3times_reg_day1_to_day21_daily_sessions_gt_3_count,number of days with more than 3 view rows,View_History_v2.csv; User_Mapping_v2.csv; Membership_v2.csv,USER_NUM; MOVIE_NUM; watch_time(min); watch_day; watch_seq; reg_date,USER_KEY,Membership_v2.csv reg_date,reg_day1_to_day21,,,both NaN treated as match,23343,16249,7094,0.6960973311056848,7.0,0.3887675106027503,"USER_KEY=2c9e3f9186e5dcd624c026c3a72b3070a03822476c6d1cda79011eef7..., master=2.0, candidate=1.0","USER_KEY=0cdfedd59da0d83ad70c0083b12865f0cd414ac189f27872ca1ff6bb0..., master=1.0, candidate=0.0","USER_KEY=ba6fee19b0ee3f777057486ec4fd8ae2bdec4d861a1ef617920e87e60..., master=5.0, candidate=1.0","USER_KEY=7a6960912bebe03c6e4c770eb1aa91329c3497f18f90cae56d6c8ddc1..., value=0.0 | USER_KEY=4ec765db76545c1d6dda9f421590bf9d02f584009f8d92100afeef459..., value=0.0 | USER_KEY=01b16f9f7ff29b48b1ee0d1a89d1eb9662474e5eedb8c2d967ea43793..., value=0.0","USER_KEY=2c9e3f9186e5dcd624c026c3a72b3070a03822476c6d1cda79011eef7..., master=2.0, candidate=1.0 | USER_KEY=0cdfedd59da0d83ad70c0083b12865f0cd414ac189f27872ca1ff6bb0..., master=1.0, candidate=0.0 | USER_KEY=ba6fee19b0ee3f777057486ec4fd8ae2bdec4d861a1ef617920e87e60..., master=5.0, candidate=1.0",False,False,,both_nan_match,,
day_count_over_3times,day_count_over_3times_reg_day1_to_day21_daily_sessions_ge_3_count,number of days with at least 3 view rows,View_History_v2.csv; User_Mapping_v2.csv; Membership_v2.csv,USER_NUM; MOVIE_NUM; watch_time(min); watch_day; watch_seq; reg_date,USER_KEY,Membership_v2.csv reg_date,reg_day1_to_day21,,,both NaN treated as match,23343,21609,1734,0.9257164888831769,7.0,0.07771066272544232,"USER_KEY=985ed8305ba05d88f22ad4b4dc1b832af4eb66d39d9ff5cd21613bf6e..., master=2.0, candidate=3.0","USER_KEY=215870651ff3758eed08f033a15756df74a2360a0d080b6eeafbbe976..., master=1.0, candidate=0.0","USER_KEY=f08d2ac930d5480ecda13e4d7d03d4d2dffb5a6a6023938aced45c955..., master=3.0, candidate=2.0","USER_KEY=7a6960912bebe03c6e4c770eb1aa91329c3497f18f90cae56d6c8ddc1..., value=0.0 | USER_KEY=4ec765db76545c1d6dda9f421590bf9d02f584009f8d92100afeef459..., value=0.0 | USER_KEY=01b16f9f7ff29b48b1ee0d1a89d1eb9662474e5eedb8c2d967ea43793..., value=0.0","USER_KEY=985ed8305ba05d88f22ad4b4dc1b832af4eb66d39d9ff5cd21613bf6e..., master=2.0, candidate=3.0 | USER_KEY=215870651ff3758eed08f033a15756df74a2360a0d080b6eeafbbe976..., master=1.0, candidate=0.0 | USER_KEY=f08d2ac930d5480ecda13e4d7d03d4d2dffb5a6a6023938aced45c955..., master=3.0, candidate=2.0",False,False,,both_nan_match,,
max_day_share,max_day_share_reg_day0_to_day21_max_daily_time_over_total_time,maximum daily watch_time / total watch_time,View_History_v2.csv; User_Mapping_v2.csv; Membership_v2.csv,USER_NUM; MOVIE_NUM; watch_time(min); watch_day; watch_seq; reg_date,USER_KEY,Membership_v2.csv reg_date,reg_day0_to_day21,total_watch_time,zero when denominator is zero,both NaN treated as match,23343,19320,4023,0.8276571134815577,1.0,0.031141287405466993,"USER_KEY=985ed8305ba05d88f22ad4b4dc1b832af4eb66d39d9ff5cd21613bf6e..., master=0.3840579710144927, candidate=0.375886524822695","USER_KEY=dd6f29255829683dfe5531ffcabf6499bb6fc872a4dfc78f467e69796..., master=1.0, candidate=0.6","USER_KEY=a02a14ff1ab86edbfe46ad5a6a7fce054dc83c39aa7c362622171c550..., master=0.501466275659824, candidate=0.24881516587677724","USER_KEY=7a6960912bebe03c6e4c770eb1aa91329c3497f18f90cae56d6c8ddc1..., value=0.388030888030888 | USER_KEY=4ec765db76545c1d6dda9f421590bf9d02f584009f8d92100afeef459..., value=0.75 | USER_KEY=01b16f9f7ff29b48b1ee0d1a89d1eb9662474e5eedb8c2d967ea43793..., value=1.0","USER_KEY=985ed8305ba05d88f22ad4b4dc1b832af4eb66d39d9ff5cd21613bf6e..., master=0.3840579710144927, candidate=0.375886524822695 | USER_KEY=dd6f29255829683dfe5531ffcabf6499bb6fc872a4dfc78f467e69796..., master=1.0, candidate=0.6 | USER_KEY=a02a14ff1ab86edbfe46ad5a6a7fce054dc83c39aa7c362622171c550..., master=0.501466275659824, candidate=0.24881516587677724",False,False,,both_nan_match,,
max_day_share,max_day_share_reg_day0_to_day21_max_daily_sessions_over_total_sessions,maximum daily sessions / total sessions,View_History_v2.csv; User_Mapping_v2.csv; Membership_v2.csv,USER_NUM; MOVIE_NUM; watch_time(min); watch_day; watch_seq; reg_date,USER_KEY,Membership_v2.csv reg_date,reg_day0_to_day21,total_watch_count,zero when denominator is zero,both NaN treated as match,23343,5135,18208,0.21998029387825044,1.0,0.13682292688520675,"USER_KEY=7a6960912bebe03c6e4c770eb1aa91329c3497f18f90cae56d6c8ddc1..., master=0.388030888030888, candidate=0.15384615384615385","USER_KEY=4ec765db76545c1d6dda9f421590bf9d02f584009f8d92100afeef459..., master=0.75, candidate=0.6666666666666666","USER_KEY=70da9913e0b9dd104fe781fd724bf1423f4cb4416f640e5d6820aa4cf..., master=0.4776422764227642, candidate=0.25","USER_KEY=01b16f9f7ff29b48b1ee0d1a89d1eb9662474e5eedb8c2d967ea43793..., value=1.0 | USER_KEY=534bc7b6b1ce05de6523f79872108d8dccc1dab38e2c1fb3c40e96913..., value=0.0 | USER_KEY=ce55ecaa87931f40db2fc448a88af43b50cbed84642851d11882544b1..., value=1.0","USER_KEY=7a6960912bebe03c6e4c770eb1aa91329c3497f18f90cae56d6c8ddc1..., master=0.388030888030888, candidate=0.15384615384615385 | USER_KEY=4ec765db76545c1d6dda9f421590bf9d02f584009f8d92100afeef459..., master=0.75, candidate=0.6666666666666666 | USER_KEY=70da9913e0b9dd104fe781fd724bf1423f4cb4416f640e5d6820aa4cf..., master=0.4776422764227642, candidate=0.25",False,False,,both_nan_match,,
day_count_over_3times,day_count_over_3times_reg_day0_to_day21_daily_sessions_gt_3_count,number of days with more than 3 view rows,View_History_v2.csv; User_Mapping_v2.csv; Membership_v2.csv,USER_NUM; MOVIE_NUM; watch_time(min); watch_day; watch_seq; reg_date,USER_KEY,Membership_v2.csv reg_date,reg_day0_to_day21,,,both NaN treated as match,23343,16516,6827,0.7075354495994517,7.0,0.3689328706678662,"USER_KEY=2c9e3f9186e5dcd624c026c3a72b3070a03822476c6d1cda79011eef7..., master=2.0, candidate=1.0","USER_KEY=0cdfedd59da0d83ad70c0083b12865f0cd414ac189f27872ca1ff6bb0..., master=1.0, candidate=0.0","USER_KEY=ba6fee19b0ee3f777057486ec4fd8ae2bdec4d861a1ef617920e87e60..., master=5.0, candidate=1.0","USER_KEY=7a6960912bebe03c6e4c770eb1aa91329c3497f18f90cae56d6c8ddc1..., value=0.0 | USER_KEY=4ec765db76545c1d6dda9f421590bf9d02f584009f8d92100afeef459..., value=0.0 | USER_KEY=01b16f9f7ff29b48b1ee0d1a89d1eb9662474e5eedb8c2d967ea43793..., value=0.0","USER_KEY=2c9e3f9186e5dcd624c026c3a72b3070a03822476c6d1cda79011eef7..., master=2.0, candidate=1.0 | USER_KEY=0cdfedd59da0d83ad70c0083b12865f0cd414ac189f27872ca1ff6bb0..., master=1.0, candidate=0.0 | USER_KEY=ba6fee19b0ee3f777057486ec4fd8ae2bdec4d861a1ef617920e87e60..., master=5.0, candidate=1.0",False,False,,both_nan_match,,
day_count_over_3times,day_count_over_3times_reg_day0_to_day21_daily_sessions_ge_3_count,number of days with at least 3 view rows,View_History_v2.csv; User_Mapping_v2.csv; Membership_v2.csv,USER_NUM; MOVIE_NUM; watch_time(min); watch_day; watch_seq; reg_date,USER_KEY,Membership_v2.csv reg_date,reg_day0_to_day21,,,both NaN treated as match,23343,22431,912,0.9609304716617402,7.0,0.04275371631752559,"USER_KEY=985ed8305ba05d88f22ad4b4dc1b832af4eb66d39d9ff5cd21613bf6e..., master=2.0, candidate=3.0","USER_KEY=a02a14ff1ab86edbfe46ad5a6a7fce054dc83c39aa7c362622171c550..., master=0.0, candidate=2.0","USER_KEY=657687567505299f3b1028f3397b1f0805ca3b48afe84fb1b895fc8bd..., master=2.0, candidate=3.0","USER_KEY=7a6960912bebe03c6e4c770eb1aa91329c3497f18f90cae56d6c8ddc1..., value=0.0 | USER_KEY=4ec765db76545c1d6dda9f421590bf9d02f584009f8d92100afeef459..., value=0.0 | USER_KEY=01b16f9f7ff29b48b1ee0d1a89d1eb9662474e5eedb8c2d967ea43793..., value=0.0","USER_KEY=985ed8305ba05d88f22ad4b4dc1b832af4eb66d39d9ff5cd21613bf6e..., master=2.0, candidate=3.0 | USER_KEY=a02a14ff1ab86edbfe46ad5a6a7fce054dc83c39aa7c362622171c550..., master=0.0, candidate=2.0 | USER_KEY=657687567505299f3b1028f3397b1f0805ca3b48afe84fb1b895fc8bd..., master=2.0, candidate=3.0",False,False,,both_nan_match,,
max_day_share,max_day_share_end_minus20_to_end_max_daily_time_over_total_time,maximum daily watch_time / total watch_time,View_History_v2.csv; User_Mapping_v2.csv; Membership_v2.csv,USER_NUM; MOVIE_NUM; watch_time(min); watch_day; watch_seq; reg_date,USER_KEY,Membership_v2.csv end_date,end_minus20_to_end,total_watch_time,zero when denominator is zero,both NaN treated as match,23343,3360,19983,0.14394036756201004,1.0,0.3537247122979052,"USER_KEY=7a6960912bebe03c6e4c770eb1aa91329c3497f18f90cae56d6c8ddc1..., master=0.388030888030888, candidate=0.5945945945945946","USER_KEY=4ec765db76545c1d6dda9f421590bf9d02f584009f8d92100afeef459..., master=0.75, candidate=0.0","USER_KEY=01b16f9f7ff29b48b1ee0d1a89d1eb9662474e5eedb8c2d967ea43793..., master=1.0, candidate=0.0","USER_KEY=60881ae7798e9a1496e8e524b9291a6a4b0dab2f0e67a90772097ca82..., value=0.5882352941176471 | USER_KEY=457120a6023152e0aa7fce1d5ad546126bda5506b30ed81f89d02462d..., value=0.5527272727272727 | USER_KEY=6d45315d362a00f79ee58e71c8f5f53221dd01b981637054835629029..., value=1.0","USER_KEY=7a6960912bebe03c6e4c770eb1aa91329c3497f18f90cae56d6c8ddc1..., master=0.388030888030888, candidate=0.5945945945945946 | USER_KEY=4ec765db76545c1d6dda9f421590bf9d02f584009f8d92100afeef459..., master=0.75, candidate=0.0 | USER_KEY=01b16f9f7ff29b48b1ee0d1a89d1eb9662474e5eedb8c2d967ea43793..., master=1.0, candidate=0.0",False,False,,both_nan_match,,
max_day_share,max_day_share_end_minus20_to_end_max_daily_sessions_over_total_sessions,maximum daily sessions / total sessions,View_History_v2.csv; User_Mapping_v2.csv; Membership_v2.csv,USER_NUM; MOVIE_NUM; watch_time(min); watch_day; watch_seq; reg_date,USER_KEY,Membership_v2.csv end_date,end_minus20_to_end,total_watch_count,zero when denominator is zero,both NaN treated as match,23343,1992,21351,0.08533607505462022,1.0,0.3529078184400572,"USER_KEY=7a6960912bebe03c6e4c770eb1aa91329c3497f18f90cae56d6c8ddc1..., master=0.388030888030888, candidate=0.4","USER_KEY=4ec765db76545c1d6dda9f421590bf9d02f584009f8d92100afeef459..., master=0.75, candidate=0.0","USER_KEY=01b16f9f7ff29b48b1ee0d1a89d1eb9662474e5eedb8c2d967ea43793..., master=1.0, candidate=0.0","USER_KEY=6d45315d362a00f79ee58e71c8f5f53221dd01b981637054835629029..., value=1.0 | USER_KEY=d024c4c0cfe51211cd9ba4f100cc0814487f24922a52ad46bd3d607b9..., value=1.0 | USER_KEY=0c5a1d530e0dd25f2911bb80a5872cf08379b9303959f2994215fe78f..., value=1.0","USER_KEY=7a6960912bebe03c6e4c770eb1aa91329c3497f18f90cae56d6c8ddc1..., master=0.388030888030888, candidate=0.4 | USER_KEY=4ec765db76545c1d6dda9f421590bf9d02f584009f8d92100afeef459..., master=0.75, candidate=0.0 | USER_KEY=01b16f9f7ff29b48b1ee0d1a89d1eb9662474e5eedb8c2d967ea43793..., master=1.0, candidate=0.0",False,False,,both_nan_match,,
day_count_over_3times,day_count_over_3times_end_minus20_to_end_daily_sessions_gt_3_count,number of days with more than 3 view rows,View_History_v2.csv; User_Mapping_v2.csv; Membership_v2.csv,USER_NUM; MOVIE_NUM; watch_time(min); watch_day; watch_seq; reg_date,USER_KEY,Membership_v2.csv end_date,end_minus20_to_end,,,both NaN treated as match,23343,14311,9032,0.6130745833868826,10.0,0.5611960759114081,"USER_KEY=534bc7b6b1ce05de6523f79872108d8dccc1dab38e2c1fb3c40e96913..., master=0.0, candidate=1.0","USER_KEY=70da9913e0b9dd104fe781fd724bf1423f4cb4416f640e5d6820aa4cf..., master=0.0, candidate=2.0","USER_KEY=2c9e3f9186e5dcd624c026c3a72b3070a03822476c6d1cda79011eef7..., master=2.0, candidate=0.0","USER_KEY=7a6960912bebe03c6e4c770eb1aa91329c3497f18f90cae56d6c8ddc1..., value=0.0 | USER_KEY=4ec765db76545c1d6dda9f421590bf9d02f584009f8d92100afeef459..., value=0.0 | USER_KEY=01b16f9f7ff29b48b1ee0d1a89d1eb9662474e5eedb8c2d967ea43793..., value=0.0","USER_KEY=534bc7b6b1ce05de6523f79872108d8dccc1dab38e2c1fb3c40e96913..., master=0.0, candidate=1.0 | USER_KEY=70da9913e0b9dd104fe781fd724bf1423f4cb4416f640e5d6820aa4cf..., master=0.0, candidate=2.0 | USER_KEY=2c9e3f9186e5dcd624c026c3a72b3070a03822476c6d1cda79011eef7..., master=2.0, candidate=0.0",False,False,,both_nan_match,,
day_count_over_3times,day_count_over_3times_end_minus20_to_end_daily_sessions_ge_3_count,number of days with at least 3 view rows,View_History_v2.csv; User_Mapping_v2.csv; Membership_v2.csv,USER_NUM; MOVIE_NUM; watch_time(min); watch_day; watch_seq; reg_date,USER_KEY,Membership_v2.csv end_date,end_minus20_to_end,,,both NaN treated as match,23343,16036,7307,0.6869725399477359,10.0,0.4223535963672193,"USER_KEY=534bc7b6b1ce05de6523f79872108d8dccc1dab38e2c1fb3c40e96913..., master=0.0, candidate=1.0","USER_KEY=70da9913e0b9dd104fe781fd724bf1423f4cb4416f640e5d6820aa4cf..., master=0.0, candidate=3.0","USER_KEY=985ed8305ba05d88f22ad4b4dc1b832af4eb66d39d9ff5cd21613bf6e..., master=2.0, candidate=3.0","USER_KEY=7a6960912bebe03c6e4c770eb1aa91329c3497f18f90cae56d6c8ddc1..., value=0.0 | USER_KEY=4ec765db76545c1d6dda9f421590bf9d02f584009f8d92100afeef459..., value=0.0 | USER_KEY=01b16f9f7ff29b48b1ee0d1a89d1eb9662474e5eedb8c2d967ea43793..., value=0.0","USER_KEY=534bc7b6b1ce05de6523f79872108d8dccc1dab38e2c1fb3c40e96913..., master=0.0, candidate=1.0 | USER_KEY=70da9913e0b9dd104fe781fd724bf1423f4cb4416f640e5d6820aa4cf..., master=0.0, candidate=3.0 | USER_KEY=985ed8305ba05d88f22ad4b4dc1b832af4eb66d39d9ff5cd21613bf6e..., master=2.0, candidate=3.0",False,False,,both_nan_match,,
retention_w2_ratio,retention_w2_ratio_A_reg_0_6_7_13_14_20_w2_over_w1_zero_zero,w2_over_w1; denominator zero policy=zero,View_History_v2.csv; User_Mapping_v2.csv; Membership_v2.csv,USER_NUM; watch_time(min); watch_day; reg_date,USER_KEY,Membership_v2.csv reg_date,A_reg_0_6_7_13_14_20,w1,zero,both NaN treated as match,23343,23197,146,0.9937454483142698,460.0,0.06571417001747656,"USER_KEY=a02a14ff1ab86edbfe46ad5a6a7fce054dc83c39aa7c362622171c550..., master=0.4761904761904761, candidate=1.3073593073593073","USER_KEY=a02a14ff1ab86edbfe46ad5a6a7fce054dc83c39aa7c362622171c550..., master=0.0, candidate=1.3073593073593073","USER_KEY=48a1980ffa4529b083aac4cd2905b676125fc2fe48903e11cdc8f3a40..., master=0.0, candidate=0.1875","USER_KEY=7a6960912bebe03c6e4c770eb1aa91329c3497f18f90cae56d6c8ddc1..., value=1.638743455497382 | USER_KEY=4ec765db76545c1d6dda9f421590bf9d02f584009f8d92100afeef459..., value=0.3333333333333333 | USER_KEY=01b16f9f7ff29b48b1ee0d1a89d1eb9662474e5eedb8c2d967ea43793..., value=0.0","USER_KEY=a02a14ff1ab86edbfe46ad5a6a7fce054dc83c39aa7c362622171c550..., master=0.4761904761904761, candidate=1.3073593073593073 | USER_KEY=a02a14ff1ab86edbfe46ad5a6a7fce054dc83c39aa7c362622171c550..., master=0.0, candidate=1.3073593073593073 | USER_KEY=48a1980ffa4529b083aac4cd2905b676125fc2fe48903e11cdc8f3a40..., master=0.0, candidate=0.1875",False,False,,both_nan_match,,
retention_w2_ratio,retention_w2_ratio_A_reg_0_6_7_13_14_20_w2_over_w1_zero_nan,w2_over_w1; denominator zero policy=nan,View_History_v2.csv; User_Mapping_v2.csv; Membership_v2.csv,USER_NUM; watch_time(min); watch_day; reg_date,USER_KEY,Membership_v2.csv reg_date,A_reg_0_6_7_13_14_20,w1,nan,both NaN treated as match,23343,14749,8594,0.6318382384440732,460.0,0.10298528839999702,"USER_KEY=01b16f9f7ff29b48b1ee0d1a89d1eb9662474e5eedb8c2d967ea43793..., master=0.0, candidate=NaN","USER_KEY=534bc7b6b1ce05de6523f79872108d8dccc1dab38e2c1fb3c40e96913..., master=0.0, candidate=NaN","USER_KEY=70da9913e0b9dd104fe781fd724bf1423f4cb4416f640e5d6820aa4cf..., master=0.0, candidate=NaN","USER_KEY=7a6960912bebe03c6e4c770eb1aa91329c3497f18f90cae56d6c8ddc1..., value=1.638743455497382 | USER_KEY=4ec765db76545c1d6dda9f421590bf9d02f584009f8d92100afeef459..., value=0.3333333333333333 | USER_KEY=ce55ecaa87931f40db2fc448a88af43b50cbed84642851d11882544b1..., value=0.0","USER_KEY=01b16f9f7ff29b48b1ee0d1a89d1eb9662474e5eedb8c2d967ea43793..., master=0.0, candidate=NaN | USER_KEY=534bc7b6b1ce05de6523f79872108d8dccc1dab38e2c1fb3c40e96913..., master=0.0, candidate=NaN | USER_KEY=70da9913e0b9dd104fe781fd724bf1423f4cb4416f640e5d6820aa4cf..., master=0.0, candidate=NaN",False,False,,both_nan_match,,
retention_w2_ratio,retention_w2_ratio_A_reg_0_6_7_13_14_20_w2_over_w1_plus_1_zero_zero,w2_over_w1_plus_1; denominator zero policy=zero,View_History_v2.csv; User_Mapping_v2.csv; Membership_v2.csv,USER_NUM; watch_time(min); watch_day; reg_date,USER_KEY,Membership_v2.csv reg_date,A_reg_0_6_7_13_14_20,w1_plus_1,zero,both NaN treated as match,23343,8651,14692,0.3706036070770681,2957.0,27.778240946163464,"USER_KEY=7a6960912bebe03c6e4c770eb1aa91329c3497f18f90cae56d6c8ddc1..., master=1.638743455497382, candidate=1.6302083333333333","USER_KEY=4ec765db76545c1d6dda9f421590bf9d02f584009f8d92100afeef459..., master=0.3333333333333333, candidate=0.25","USER_KEY=01b16f9f7ff29b48b1ee0d1a89d1eb9662474e5eedb8c2d967ea43793..., master=0.0, candidate=129.0","USER_KEY=534bc7b6b1ce05de6523f79872108d8dccc1dab38e2c1fb3c40e96913..., value=0.0 | USER_KEY=ce55ecaa87931f40db2fc448a88af43b50cbed84642851d11882544b1..., value=0.0 | USER_KEY=1d47cdbe7f7016e6c3f42cb08e37db55548481ffa31122e1a18a27ce9..., value=0.0","USER_KEY=7a6960912bebe03c6e4c770eb1aa91329c3497f18f90cae56d6c8ddc1..., master=1.638743455497382, candidate=1.6302083333333333 | USER_KEY=4ec765db76545c1d6dda9f421590bf9d02f584009f8d92100afeef459..., master=0.3333333333333333, candidate=0.25 | USER_KEY=01b16f9f7ff29b48b1ee0d1a89d1eb9662474e5eedb8c2d967ea43793..., master=0.0, candidate=129.0",False,False,,both_nan_match,,
retention_w2_ratio,retention_w2_ratio_A_reg_0_6_7_13_14_20_w2_over_w1_plus_1_zero_nan,w2_over_w1_plus_1; denominator zero policy=nan,View_History_v2.csv; User_Mapping_v2.csv; Membership_v2.csv,USER_NUM; watch_time(min); watch_day; reg_date,USER_KEY,Membership_v2.csv reg_date,A_reg_0_6_7_13_14_20,w1_plus_1,nan,both NaN treated as match,23343,8651,14692,0.3706036070770681,2957.0,27.778240946163464,"USER_KEY=7a6960912bebe03c6e4c770eb1aa91329c3497f18f90cae56d6c8ddc1..., master=1.638743455497382, candidate=1.6302083333333333","USER_KEY=4ec765db76545c1d6dda9f421590bf9d02f584009f8d92100afeef459..., master=0.3333333333333333, candidate=0.25","USER_KEY=01b16f9f7ff29b48b1ee0d1a89d1eb9662474e5eedb8c2d967ea43793..., master=0.0, candidate=129.0","USER_KEY=534bc7b6b1ce05de6523f79872108d8dccc1dab38e2c1fb3c40e96913..., value=0.0 | USER_KEY=ce55ecaa87931f40db2fc448a88af43b50cbed84642851d11882544b1..., value=0.0 | USER_KEY=1d47cdbe7f7016e6c3f42cb08e37db55548481ffa31122e1a18a27ce9..., value=0.0","USER_KEY=7a6960912bebe03c6e4c770eb1aa91329c3497f18f90cae56d6c8ddc1..., master=1.638743455497382, candidate=1.6302083333333333 | USER_KEY=4ec765db76545c1d6dda9f421590bf9d02f584009f8d92100afeef459..., master=0.3333333333333333, candidate=0.25 | USER_KEY=01b16f9f7ff29b48b1ee0d1a89d1eb9662474e5eedb8c2d967ea43793..., master=0.0, candidate=129.0",False,False,,both_nan_match,,
retention_w2_ratio,retention_w2_ratio_A_reg_0_6_7_13_14_20_w2_plus_1_over_w1_plus_1_zero_zero,w2_plus_1_over_w1_plus_1; denominator zero policy=zero,View_History_v2.csv; User_Mapping_v2.csv; Membership_v2.csv,USER_NUM; watch_time(min); watch_day; reg_date,USER_KEY,Membership_v2.csv reg_date,A_reg_0_6_7_13_14_20,w1_plus_1,zero,both NaN treated as match,23343,97,23246,0.004155421325450884,2958.0,28.13970211932921,"USER_KEY=7a6960912bebe03c6e4c770eb1aa91329c3497f18f90cae56d6c8ddc1..., master=1.638743455497382, candidate=1.6354166666666667","USER_KEY=4ec765db76545c1d6dda9f421590bf9d02f584009f8d92100afeef459..., master=0.3333333333333333, candidate=0.5","USER_KEY=01b16f9f7ff29b48b1ee0d1a89d1eb9662474e5eedb8c2d967ea43793..., master=0.0, candidate=130.0","USER_KEY=5cf3368d41f51281e67b370690b69ea21467b274ada97409797094dee..., value=1.0 | USER_KEY=f60545caa9bce3c2c33b7089d88085c7ed8d79c8a619ae59f54f77970..., value=1.0 | USER_KEY=dc625dd18f75536e31ccd6b0894e575979ba54faa7bc305b57f0fbc4d..., value=1.0","USER_KEY=7a6960912bebe03c6e4c770eb1aa91329c3497f18f90cae56d6c8ddc1..., master=1.638743455497382, candidate=1.6354166666666667 | USER_KEY=4ec765db76545c1d6dda9f421590bf9d02f584009f8d92100afeef459..., master=0.3333333333333333, candidate=0.5 | USER_KEY=01b16f9f7ff29b48b1ee0d1a89d1eb9662474e5eedb8c2d967ea43793..., master=0.0, candidate=130.0",False,False,,both_nan_match,,
retention_w2_ratio,retention_w2_ratio_A_reg_0_6_7_13_14_20_w2_plus_1_over_w1_plus_1_zero_nan,w2_plus_1_over_w1_plus_1; denominator zero policy=nan,View_History_v2.csv; User_Mapping_v2.csv; Membership_v2.csv,USER_NUM; watch_time(min); watch_day; reg_date,USER_KEY,Membership_v2.csv reg_date,A_reg_0_6_7_13_14_20,w1_plus_1,nan,both NaN treated as match,23343,97,23246,0.004155421325450884,2958.0,28.13970211932921,"USER_KEY=7a6960912bebe03c6e4c770eb1aa91329c3497f18f90cae56d6c8ddc1..., master=1.638743455497382, candidate=1.6354166666666667","USER_KEY=4ec765db76545c1d6dda9f421590bf9d02f584009f8d92100afeef459..., master=0.3333333333333333, candidate=0.5","USER_KEY=01b16f9f7ff29b48b1ee0d1a89d1eb9662474e5eedb8c2d967ea43793..., master=0.0, candidate=130.0","USER_KEY=5cf3368d41f51281e67b370690b69ea21467b274ada97409797094dee..., value=1.0 | USER_KEY=f60545caa9bce3c2c33b7089d88085c7ed8d79c8a619ae59f54f77970..., value=1.0 | USER_KEY=dc625dd18f75536e31ccd6b0894e575979ba54faa7bc305b57f0fbc4d..., value=1.0","USER_KEY=7a6960912bebe03c6e4c770eb1aa91329c3497f18f90cae56d6c8ddc1..., master=1.638743455497382, candidate=1.6354166666666667 | USER_KEY=4ec765db76545c1d6dda9f421590bf9d02f584009f8d92100afeef459..., master=0.3333333333333333, candidate=0.5 | USER_KEY=01b16f9f7ff29b48b1ee0d1a89d1eb9662474e5eedb8c2d967ea43793..., master=0.0, candidate=130.0",False,False,,both_nan_match,,
retention_w3_ratio,retention_w3_ratio_A_reg_0_6_7_13_14_20_w3_over_w2_zero_zero,w3_over_w2; denominator zero policy=zero,View_History_v2.csv; User_Mapping_v2.csv; Membership_v2.csv,USER_NUM; watch_time(min); watch_day; reg_date,USER_KEY,Membership_v2.csv reg_date,A_reg_0_6_7_13_14_20,w2,zero,both NaN treated as match,23343,8487,14856,0.36357794627939855,947.1022727272727,4.030555173495809,"USER_KEY=7a6960912bebe03c6e4c770eb1aa91329c3497f18f90cae56d6c8ddc1..., master=0.027027027027027, candidate=0.04472843450479233","USER_KEY=70da9913e0b9dd104fe781fd724bf1423f4cb4416f640e5d6820aa4cf..., master=0.5650406504065041, candidate=1.2990654205607477","USER_KEY=985ed8305ba05d88f22ad4b4dc1b832af4eb66d39d9ff5cd21613bf6e..., master=0.6159420289855072, candidate=2.125","USER_KEY=4ec765db76545c1d6dda9f421590bf9d02f584009f8d92100afeef459..., value=0.0 | USER_KEY=01b16f9f7ff29b48b1ee0d1a89d1eb9662474e5eedb8c2d967ea43793..., value=0.0 | USER_KEY=534bc7b6b1ce05de6523f79872108d8dccc1dab38e2c1fb3c40e96913..., value=0.0","USER_KEY=7a6960912bebe03c6e4c770eb1aa91329c3497f18f90cae56d6c8ddc1..., master=0.027027027027027, candidate=0.04472843450479233 | USER_KEY=70da9913e0b9dd104fe781fd724bf1423f4cb4416f640e5d6820aa4cf..., master=0.5650406504065041, candidate=1.2990654205607477 | USER_KEY=985ed8305ba05d88f22ad4b4dc1b832af4eb66d39d9ff5cd21613bf6e..., master=0.6159420289855072, candidate=2.125",False,False,,both_nan_match,,
retention_w3_ratio,retention_w3_ratio_A_reg_0_6_7_13_14_20_w3_over_w2_zero_nan,w3_over_w2; denominator zero policy=nan,View_History_v2.csv; User_Mapping_v2.csv; Membership_v2.csv,USER_NUM; watch_time(min); watch_day; reg_date,USER_KEY,Membership_v2.csv reg_date,A_reg_0_6_7_13_14_20,w2,nan,both NaN treated as match,23343,4713,18630,0.2019020691427837,947.1022727272727,6.156328160307334,"USER_KEY=7a6960912bebe03c6e4c770eb1aa91329c3497f18f90cae56d6c8ddc1..., master=0.027027027027027, candidate=0.04472843450479233","USER_KEY=534bc7b6b1ce05de6523f79872108d8dccc1dab38e2c1fb3c40e96913..., master=0.0, candidate=NaN","USER_KEY=70da9913e0b9dd104fe781fd724bf1423f4cb4416f640e5d6820aa4cf..., master=0.5650406504065041, candidate=1.2990654205607477","USER_KEY=4ec765db76545c1d6dda9f421590bf9d02f584009f8d92100afeef459..., value=0.0 | USER_KEY=01b16f9f7ff29b48b1ee0d1a89d1eb9662474e5eedb8c2d967ea43793..., value=0.0 | USER_KEY=60881ae7798e9a1496e8e524b9291a6a4b0dab2f0e67a90772097ca82..., value=0.0","USER_KEY=7a6960912bebe03c6e4c770eb1aa91329c3497f18f90cae56d6c8ddc1..., master=0.027027027027027, candidate=0.04472843450479233 | USER_KEY=534bc7b6b1ce05de6523f79872108d8dccc1dab38e2c1fb3c40e96913..., master=0.0, candidate=NaN | USER_KEY=70da9913e0b9dd104fe781fd724bf1423f4cb4416f640e5d6820aa4cf..., master=0.5650406504065041, candidate=1.2990654205607477",False,False,,both_nan_match,,
retention_w3_ratio,retention_w3_ratio_A_reg_0_6_7_13_14_20_w3_over_w2_plus_1_zero_zero,w3_over_w2_plus_1; denominator zero policy=zero,View_History_v2.csv; User_Mapping_v2.csv; Membership_v2.csv,USER_NUM; watch_time(min); watch_day; reg_date,USER_KEY,Membership_v2.csv reg_date,A_reg_0_6_7_13_14_20,w2_plus_1,zero,both NaN treated as match,23343,8836,14507,0.37852889517200017,2690.0,30.710547922349964,"USER_KEY=7a6960912bebe03c6e4c770eb1aa91329c3497f18f90cae56d6c8ddc1..., master=0.027027027027027, candidate=0.044585987261146494","USER_KEY=70da9913e0b9dd104fe781fd724bf1423f4cb4416f640e5d6820aa4cf..., master=0.5650406504065041, candidate=1.2930232558139534","USER_KEY=985ed8305ba05d88f22ad4b4dc1b832af4eb66d39d9ff5cd21613bf6e..., master=0.6159420289855072, candidate=2.0987654320987654","USER_KEY=4ec765db76545c1d6dda9f421590bf9d02f584009f8d92100afeef459..., value=0.0 | USER_KEY=01b16f9f7ff29b48b1ee0d1a89d1eb9662474e5eedb8c2d967ea43793..., value=0.0 | USER_KEY=534bc7b6b1ce05de6523f79872108d8dccc1dab38e2c1fb3c40e96913..., value=0.0","USER_KEY=7a6960912bebe03c6e4c770eb1aa91329c3497f18f90cae56d6c8ddc1..., master=0.027027027027027, candidate=0.044585987261146494 | USER_KEY=70da9913e0b9dd104fe781fd724bf1423f4cb4416f640e5d6820aa4cf..., master=0.5650406504065041, candidate=1.2930232558139534 | USER_KEY=985ed8305ba05d88f22ad4b4dc1b832af4eb66d39d9ff5cd21613bf6e..., master=0.6159420289855072, candidate=2.0987654320987654",False,False,,both_nan_match,,
retention_w3_ratio,retention_w3_ratio_A_reg_0_6_7_13_14_20_w3_over_w2_plus_1_zero_nan,w3_over_w2_plus_1; denominator zero policy=nan,View_History_v2.csv; User_Mapping_v2.csv; Membership_v2.csv,USER_NUM; watch_time(min); watch_day; reg_date,USER_KEY,Membership_v2.csv reg_date,A_reg_0_6_7_13_14_20,w2_plus_1,nan,both NaN treated as match,23343,8836,14507,0.37852889517200017,2690.0,30.710547922349964,"USER_KEY=7a6960912bebe03c6e4c770eb1aa91329c3497f18f90cae56d6c8ddc1..., master=0.027027027027027, candidate=0.044585987261146494","USER_KEY=70da9913e0b9dd104fe781fd724bf1423f4cb4416f640e5d6820aa4cf..., master=0.5650406504065041, candidate=1.2930232558139534","USER_KEY=985ed8305ba05d88f22ad4b4dc1b832af4eb66d39d9ff5cd21613bf6e..., master=0.6159420289855072, candidate=2.0987654320987654","USER_KEY=4ec765db76545c1d6dda9f421590bf9d02f584009f8d92100afeef459..., value=0.0 | USER_KEY=01b16f9f7ff29b48b1ee0d1a89d1eb9662474e5eedb8c2d967ea43793..., value=0.0 | USER_KEY=534bc7b6b1ce05de6523f79872108d8dccc1dab38e2c1fb3c40e96913..., value=0.0","USER_KEY=7a6960912bebe03c6e4c770eb1aa91329c3497f18f90cae56d6c8ddc1..., master=0.027027027027027, candidate=0.044585987261146494 | USER_KEY=70da9913e0b9dd104fe781fd724bf1423f4cb4416f640e5d6820aa4cf..., master=0.5650406504065041, candidate=1.2930232558139534 | USER_KEY=985ed8305ba05d88f22ad4b4dc1b832af4eb66d39d9ff5cd21613bf6e..., master=0.6159420289855072, candidate=2.0987654320987654",False,False,,both_nan_match,,
retention_w3_ratio,retention_w3_ratio_A_reg_0_6_7_13_14_20_w3_plus_1_over_w2_plus_1_zero_zero,w3_plus_1_over_w2_plus_1; denominator zero policy=zero,View_History_v2.csv; User_Mapping_v2.csv; Membership_v2.csv,USER_NUM; watch_time(min); watch_day; reg_date,USER_KEY,Membership_v2.csv reg_date,A_reg_0_6_7_13_14_20,w2_plus_1,zero,both NaN treated as match,23343,0,23343,0.0,2691.0,31.118575512442643,"USER_KEY=7a6960912bebe03c6e4c770eb1aa91329c3497f18f90cae56d6c8ddc1..., master=0.027027027027027, candidate=0.04777070063694268","USER_KEY=4ec765db76545c1d6dda9f421590bf9d02f584009f8d92100afeef459..., master=0.0, candidate=0.5","USER_KEY=01b16f9f7ff29b48b1ee0d1a89d1eb9662474e5eedb8c2d967ea43793..., master=0.0, candidate=0.007692307692307693",,"USER_KEY=7a6960912bebe03c6e4c770eb1aa91329c3497f18f90cae56d6c8ddc1..., master=0.027027027027027, candidate=0.04777070063694268 | USER_KEY=4ec765db76545c1d6dda9f421590bf9d02f584009f8d92100afeef459..., master=0.0, candidate=0.5 | USER_KEY=01b16f9f7ff29b48b1ee0d1a89d1eb9662474e5eedb8c2d967ea43793..., master=0.0, candidate=0.007692307692307693",False,False,,both_nan_match,,
retention_w3_ratio,retention_w3_ratio_A_reg_0_6_7_13_14_20_w3_plus_1_over_w2_plus_1_zero_nan,w3_plus_1_over_w2_plus_1; denominator zero policy=nan,View_History_v2.csv; User_Mapping_v2.csv; Membership_v2.csv,USER_NUM; watch_time(min); watch_day; reg_date,USER_KEY,Membership_v2.csv reg_date,A_reg_0_6_7_13_14_20,w2_plus_1,nan,both NaN treated as match,23343,0,23343,0.0,2691.0,31.118575512442643,"USER_KEY=7a6960912bebe03c6e4c770eb1aa91329c3497f18f90cae56d6c8ddc1..., master=0.027027027027027, candidate=0.04777070063694268","USER_KEY=4ec765db76545c1d6dda9f421590bf9d02f584009f8d92100afeef459..., master=0.0, candidate=0.5","USER_KEY=01b16f9f7ff29b48b1ee0d1a89d1eb9662474e5eedb8c2d967ea43793..., master=0.0, candidate=0.007692307692307693",,"USER_KEY=7a6960912bebe03c6e4c770eb1aa91329c3497f18f90cae56d6c8ddc1..., master=0.027027027027027, candidate=0.04777070063694268 | USER_KEY=4ec765db76545c1d6dda9f421590bf9d02f584009f8d92100afeef459..., master=0.0, candidate=0.5 | USER_KEY=01b16f9f7ff29b48b1ee0d1a89d1eb9662474e5eedb8c2d967ea43793..., master=0.0, candidate=0.007692307692307693",False,False,,both_nan_match,,
w3_to_w1_ratio_capped,w3_to_w1_A_reg_0_6_7_13_14_20_uncapped_zero,"watch_time_w3 / watch_time_w1, zero denominator -> 0, uncapped",View_History_v2.csv; User_Mapping_v2.csv; Membership_v2.csv,USER_NUM; watch_time(min); watch_day; reg_date,USER_KEY,Membership_v2.csv reg_date,A_reg_0_6_7_13_14_20,watch_time_w1,zero,both NaN treated as match,23343,22259,1084,0.9535620957032087,876.0,2.7392552406992103,"USER_KEY=b809aa50af5a0b5394d295615ff0db12bcb7617b8858260907545cc9f..., master=10.0, candidate=68.0","USER_KEY=a02a14ff1ab86edbfe46ad5a6a7fce054dc83c39aa7c362622171c550..., master=0.0, candidate=1.3463203463203464","USER_KEY=a02a14ff1ab86edbfe46ad5a6a7fce054dc83c39aa7c362622171c550..., master=0.0, candidate=1.3463203463203464","USER_KEY=7a6960912bebe03c6e4c770eb1aa91329c3497f18f90cae56d6c8ddc1..., value=0.0732984293193717 | USER_KEY=4ec765db76545c1d6dda9f421590bf9d02f584009f8d92100afeef459..., value=0.0 | USER_KEY=01b16f9f7ff29b48b1ee0d1a89d1eb9662474e5eedb8c2d967ea43793..., value=0.0","USER_KEY=b809aa50af5a0b5394d295615ff0db12bcb7617b8858260907545cc9f..., master=10.0, candidate=68.0 | USER_KEY=a02a14ff1ab86edbfe46ad5a6a7fce054dc83c39aa7c362622171c550..., master=0.0, candidate=1.3463203463203464 | USER_KEY=a02a14ff1ab86edbfe46ad5a6a7fce054dc83c39aa7c362622171c550..., master=0.0, candidate=1.3463203463203464",False,False,,both_nan_match,,
w3_to_w1_ratio_capped,w3_to_w1_A_reg_0_6_7_13_14_20_cap_1,watch_time_w3 / watch_time_w1 capped at 1,View_History_v2.csv; User_Mapping_v2.csv; Membership_v2.csv,USER_NUM; watch_time(min); watch_day; reg_date,USER_KEY,Membership_v2.csv reg_date,A_reg_0_6_7_13_14_20,watch_time_w1,zero,both NaN treated as match,23343,18622,4721,0.7977552156963543,9.087837837837839,0.6390380727559861,"USER_KEY=985ed8305ba05d88f22ad4b4dc1b832af4eb66d39d9ff5cd21613bf6e..., master=6.538461538461538, candidate=1.0","USER_KEY=55dde00cc04d57b986d5bd9ae14fa9c5bde7c6005fa4782f0c7200203..., master=4.76, candidate=1.0","USER_KEY=c1f7ae1eaebdd5cdd89f308c424154b2f900c4f758fb646f54670431d..., master=2.425, candidate=1.0","USER_KEY=7a6960912bebe03c6e4c770eb1aa91329c3497f18f90cae56d6c8ddc1..., value=0.0732984293193717 | USER_KEY=4ec765db76545c1d6dda9f421590bf9d02f584009f8d92100afeef459..., value=0.0 | USER_KEY=01b16f9f7ff29b48b1ee0d1a89d1eb9662474e5eedb8c2d967ea43793..., value=0.0","USER_KEY=985ed8305ba05d88f22ad4b4dc1b832af4eb66d39d9ff5cd21613bf6e..., master=6.538461538461538, candidate=1.0 | USER_KEY=55dde00cc04d57b986d5bd9ae14fa9c5bde7c6005fa4782f0c7200203..., master=4.76, candidate=1.0 | USER_KEY=c1f7ae1eaebdd5cdd89f308c424154b2f900c4f758fb646f54670431d..., master=2.425, candidate=1.0",False,False,,both_nan_match,,
w3_to_w1_ratio_capped,w3_to_w1_A_reg_0_6_7_13_14_20_cap_2,watch_time_w3 / watch_time_w1 capped at 2,View_History_v2.csv; User_Mapping_v2.csv; Membership_v2.csv,USER_NUM; watch_time(min); watch_day; reg_date,USER_KEY,Membership_v2.csv reg_date,A_reg_0_6_7_13_14_20,watch_time_w1,zero,both NaN treated as match,23343,20478,2865,0.8772651330163218,9.087837837837839,0.49128794118546265,"USER_KEY=985ed8305ba05d88f22ad4b4dc1b832af4eb66d39d9ff5cd21613bf6e..., master=6.538461538461538, candidate=2.0","USER_KEY=55dde00cc04d57b986d5bd9ae14fa9c5bde7c6005fa4782f0c7200203..., master=4.76, candidate=2.0","USER_KEY=c1f7ae1eaebdd5cdd89f308c424154b2f900c4f758fb646f54670431d..., master=2.425, candidate=2.0","USER_KEY=7a6960912bebe03c6e4c770eb1aa91329c3497f18f90cae56d6c8ddc1..., value=0.0732984293193717 | USER_KEY=4ec765db76545c1d6dda9f421590bf9d02f584009f8d92100afeef459..., value=0.0 | USER_KEY=01b16f9f7ff29b48b1ee0d1a89d1eb9662474e5eedb8c2d967ea43793..., value=0.0","USER_KEY=985ed8305ba05d88f22ad4b4dc1b832af4eb66d39d9ff5cd21613bf6e..., master=6.538461538461538, candidate=2.0 | USER_KEY=55dde00cc04d57b986d5bd9ae14fa9c5bde7c6005fa4782f0c7200203..., master=4.76, candidate=2.0 | USER_KEY=c1f7ae1eaebdd5cdd89f308c424154b2f900c4f758fb646f54670431d..., master=2.425, candidate=2.0",False,False,,both_nan_match,,
w3_to_w1_ratio_capped,w3_to_w1_A_reg_0_6_7_13_14_20_cap_5,watch_time_w3 / watch_time_w1 capped at 5,View_History_v2.csv; User_Mapping_v2.csv; Membership_v2.csv,USER_NUM; watch_time(min); watch_day; reg_date,USER_KEY,Membership_v2.csv reg_date,A_reg_0_6_7_13_14_20,watch_time_w1,zero,both NaN treated as match,23343,21782,1561,0.9331277042368161,9.087837837837839,0.253318898224519,"USER_KEY=985ed8305ba05d88f22ad4b4dc1b832af4eb66d39d9ff5cd21613bf6e..., master=6.538461538461538, candidate=5.0","USER_KEY=b809aa50af5a0b5394d295615ff0db12bcb7617b8858260907545cc9f..., master=10.0, candidate=5.0","USER_KEY=a02a14ff1ab86edbfe46ad5a6a7fce054dc83c39aa7c362622171c550..., master=0.0, candidate=1.3463203463203464","USER_KEY=7a6960912bebe03c6e4c770eb1aa91329c3497f18f90cae56d6c8ddc1..., value=0.0732984293193717 | USER_KEY=4ec765db76545c1d6dda9f421590bf9d02f584009f8d92100afeef459..., value=0.0 | USER_KEY=01b16f9f7ff29b48b1ee0d1a89d1eb9662474e5eedb8c2d967ea43793..., value=0.0","USER_KEY=985ed8305ba05d88f22ad4b4dc1b832af4eb66d39d9ff5cd21613bf6e..., master=6.538461538461538, candidate=5.0 | USER_KEY=b809aa50af5a0b5394d295615ff0db12bcb7617b8858260907545cc9f..., master=10.0, candidate=5.0 | USER_KEY=a02a14ff1ab86edbfe46ad5a6a7fce054dc83c39aa7c362622171c550..., master=0.0, candidate=1.3463203463203464",False,False,,both_nan_match,,
w3_to_w1_ratio_capped,w3_to_w1_A_reg_0_6_7_13_14_20_cap_10,watch_time_w3 / watch_time_w1 capped at 10,View_History_v2.csv; User_Mapping_v2.csv; Membership_v2.csv,USER_NUM; watch_time(min); watch_day; reg_date,USER_KEY,Membership_v2.csv reg_date,A_reg_0_6_7_13_14_20,watch_time_w1,zero,both NaN treated as match,23343,23199,144,0.9938311271044853,10.0,0.014838538606702494,"USER_KEY=a02a14ff1ab86edbfe46ad5a6a7fce054dc83c39aa7c362622171c550..., master=0.0, candidate=1.3463203463203464","USER_KEY=a02a14ff1ab86edbfe46ad5a6a7fce054dc83c39aa7c362622171c550..., master=0.0, candidate=1.3463203463203464","USER_KEY=6513fff57e32407ab087206e57186ee4cbde4888a5f79702f9caee7d2..., master=0.2987012987012987, candidate=1.5324675324675325","USER_KEY=7a6960912bebe03c6e4c770eb1aa91329c3497f18f90cae56d6c8ddc1..., value=0.0732984293193717 | USER_KEY=4ec765db76545c1d6dda9f421590bf9d02f584009f8d92100afeef459..., value=0.0 | USER_KEY=01b16f9f7ff29b48b1ee0d1a89d1eb9662474e5eedb8c2d967ea43793..., value=0.0","USER_KEY=a02a14ff1ab86edbfe46ad5a6a7fce054dc83c39aa7c362622171c550..., master=0.0, candidate=1.3463203463203464 | USER_KEY=a02a14ff1ab86edbfe46ad5a6a7fce054dc83c39aa7c362622171c550..., master=0.0, candidate=1.3463203463203464 | USER_KEY=6513fff57e32407ab087206e57186ee4cbde4888a5f79702f9caee7d2..., master=0.2987012987012987, candidate=1.5324675324675325",False,False,,both_nan_match,,
w3_to_w1_ratio_capped,w3_to_w1_A_reg_0_6_7_13_14_20_cap_20,watch_time_w3 / watch_time_w1 capped at 20,View_History_v2.csv; User_Mapping_v2.csv; Membership_v2.csv,USER_NUM; watch_time(min); watch_day; reg_date,USER_KEY,Membership_v2.csv reg_date,A_reg_0_6_7_13_14_20,watch_time_w1,zero,both NaN treated as match,23343,22259,1084,0.9535620957032087,20.0,0.3563487551911364,"USER_KEY=b809aa50af5a0b5394d295615ff0db12bcb7617b8858260907545cc9f..., master=10.0, candidate=20.0","USER_KEY=a02a14ff1ab86edbfe46ad5a6a7fce054dc83c39aa7c362622171c550..., master=0.0, candidate=1.3463203463203464","USER_KEY=a02a14ff1ab86edbfe46ad5a6a7fce054dc83c39aa7c362622171c550..., master=0.0, candidate=1.3463203463203464","USER_KEY=7a6960912bebe03c6e4c770eb1aa91329c3497f18f90cae56d6c8ddc1..., value=0.0732984293193717 | USER_KEY=4ec765db76545c1d6dda9f421590bf9d02f584009f8d92100afeef459..., value=0.0 | USER_KEY=01b16f9f7ff29b48b1ee0d1a89d1eb9662474e5eedb8c2d967ea43793..., value=0.0","USER_KEY=b809aa50af5a0b5394d295615ff0db12bcb7617b8858260907545cc9f..., master=10.0, candidate=20.0 | USER_KEY=a02a14ff1ab86edbfe46ad5a6a7fce054dc83c39aa7c362622171c550..., master=0.0, candidate=1.3463203463203464 | USER_KEY=a02a14ff1ab86edbfe46ad5a6a7fce054dc83c39aa7c362622171c550..., master=0.0, candidate=1.3463203463203464",False,False,,both_nan_match,,
w3_to_w1_ratio_capped,w3_to_w1_A_reg_0_6_7_13_14_20_cap_50,watch_time_w3 / watch_time_w1 capped at 50,View_History_v2.csv; User_Mapping_v2.csv; Membership_v2.csv,USER_NUM; watch_time(min); watch_day; reg_date,USER_KEY,Membership_v2.csv reg_date,A_reg_0_6_7_13_14_20,watch_time_w1,zero,both NaN treated as match,23343,22259,1084,0.9535620957032087,50.0,1.0426475273455778,"USER_KEY=b809aa50af5a0b5394d295615ff0db12bcb7617b8858260907545cc9f..., master=10.0, candidate=50.0","USER_KEY=a02a14ff1ab86edbfe46ad5a6a7fce054dc83c39aa7c362622171c550..., master=0.0, candidate=1.3463203463203464","USER_KEY=a02a14ff1ab86edbfe46ad5a6a7fce054dc83c39aa7c362622171c550..., master=0.0, candidate=1.3463203463203464","USER_KEY=7a6960912bebe03c6e4c770eb1aa91329c3497f18f90cae56d6c8ddc1..., value=0.0732984293193717 | USER_KEY=4ec765db76545c1d6dda9f421590bf9d02f584009f8d92100afeef459..., value=0.0 | USER_KEY=01b16f9f7ff29b48b1ee0d1a89d1eb9662474e5eedb8c2d967ea43793..., value=0.0","USER_KEY=b809aa50af5a0b5394d295615ff0db12bcb7617b8858260907545cc9f..., master=10.0, candidate=50.0 | USER_KEY=a02a14ff1ab86edbfe46ad5a6a7fce054dc83c39aa7c362622171c550..., master=0.0, candidate=1.3463203463203464 | USER_KEY=a02a14ff1ab86edbfe46ad5a6a7fce054dc83c39aa7c362622171c550..., master=0.0, candidate=1.3463203463203464",False,False,,both_nan_match,,
w3_to_w1_ratio_capped,w3_to_w1_A_reg_0_6_7_13_14_20_cap_100,watch_time_w3 / watch_time_w1 capped at 100,View_History_v2.csv; User_Mapping_v2.csv; Membership_v2.csv,USER_NUM; watch_time(min); watch_day; reg_date,USER_KEY,Membership_v2.csv reg_date,A_reg_0_6_7_13_14_20,watch_time_w1,zero,both NaN treated as match,23343,22259,1084,0.9535620957032087,100.0,1.7124563430996447,"USER_KEY=b809aa50af5a0b5394d295615ff0db12bcb7617b8858260907545cc9f..., master=10.0, candidate=68.0","USER_KEY=a02a14ff1ab86edbfe46ad5a6a7fce054dc83c39aa7c362622171c550..., master=0.0, candidate=1.3463203463203464","USER_KEY=a02a14ff1ab86edbfe46ad5a6a7fce054dc83c39aa7c362622171c550..., master=0.0, candidate=1.3463203463203464","USER_KEY=7a6960912bebe03c6e4c770eb1aa91329c3497f18f90cae56d6c8ddc1..., value=0.0732984293193717 | USER_KEY=4ec765db76545c1d6dda9f421590bf9d02f584009f8d92100afeef459..., value=0.0 | USER_KEY=01b16f9f7ff29b48b1ee0d1a89d1eb9662474e5eedb8c2d967ea43793..., value=0.0","USER_KEY=b809aa50af5a0b5394d295615ff0db12bcb7617b8858260907545cc9f..., master=10.0, candidate=68.0 | USER_KEY=a02a14ff1ab86edbfe46ad5a6a7fce054dc83c39aa7c362622171c550..., master=0.0, candidate=1.3463203463203464 | USER_KEY=a02a14ff1ab86edbfe46ad5a6a7fce054dc83c39aa7c362622171c550..., master=0.0, candidate=1.3463203463203464",False,False,,both_nan_match,,
diff_between_w2_w1,diff_between_w2_w1_A_reg_0_6_7_13_14_20,diff_between_w2_w1 calculated from weekly watch_time sums,View_History_v2.csv; User_Mapping_v2.csv; Membership_v2.csv,USER_NUM; watch_time(min); watch_day; reg_date,USER_KEY,Membership_v2.csv reg_date,A_reg_0_6_7_13_14_20,,,both NaN treated as match,23343,23138,205,0.9912179240029131,608.0,1.1924774022190807,"USER_KEY=a02a14ff1ab86edbfe46ad5a6a7fce054dc83c39aa7c362622171c550..., master=-121.0, candidate=71.0","USER_KEY=a02a14ff1ab86edbfe46ad5a6a7fce054dc83c39aa7c362622171c550..., master=192.0, candidate=71.0","USER_KEY=48a1980ffa4529b083aac4cd2905b676125fc2fe48903e11cdc8f3a40..., master=-115.0, candidate=-143.0","USER_KEY=7a6960912bebe03c6e4c770eb1aa91329c3497f18f90cae56d6c8ddc1..., value=122.0 | USER_KEY=4ec765db76545c1d6dda9f421590bf9d02f584009f8d92100afeef459..., value=-2.0 | USER_KEY=01b16f9f7ff29b48b1ee0d1a89d1eb9662474e5eedb8c2d967ea43793..., value=129.0","USER_KEY=a02a14ff1ab86edbfe46ad5a6a7fce054dc83c39aa7c362622171c550..., master=-121.0, candidate=71.0 | USER_KEY=a02a14ff1ab86edbfe46ad5a6a7fce054dc83c39aa7c362622171c550..., master=192.0, candidate=71.0 | USER_KEY=48a1980ffa4529b083aac4cd2905b676125fc2fe48903e11cdc8f3a40..., master=-115.0, candidate=-143.0",False,False,,both_nan_match,,
diff_between_w3_w1,diff_between_w3_w1_A_reg_0_6_7_13_14_20,diff_between_w3_w1 calculated from weekly watch_time sums,View_History_v2.csv; User_Mapping_v2.csv; Membership_v2.csv,USER_NUM; watch_time(min); watch_day; reg_date,USER_KEY,Membership_v2.csv reg_date,A_reg_0_6_7_13_14_20,,,both NaN treated as match,23343,23134,209,0.9910465664224821,902.0,1.2755429893329906,"USER_KEY=a02a14ff1ab86edbfe46ad5a6a7fce054dc83c39aa7c362622171c550..., master=-231.0, candidate=80.0","USER_KEY=a02a14ff1ab86edbfe46ad5a6a7fce054dc83c39aa7c362622171c550..., master=311.0, candidate=80.0","USER_KEY=48a1980ffa4529b083aac4cd2905b676125fc2fe48903e11cdc8f3a40..., master=-115.0, candidate=-176.0","USER_KEY=7a6960912bebe03c6e4c770eb1aa91329c3497f18f90cae56d6c8ddc1..., value=-177.0 | USER_KEY=4ec765db76545c1d6dda9f421590bf9d02f584009f8d92100afeef459..., value=-3.0 | USER_KEY=01b16f9f7ff29b48b1ee0d1a89d1eb9662474e5eedb8c2d967ea43793..., value=0.0","USER_KEY=a02a14ff1ab86edbfe46ad5a6a7fce054dc83c39aa7c362622171c550..., master=-231.0, candidate=80.0 | USER_KEY=a02a14ff1ab86edbfe46ad5a6a7fce054dc83c39aa7c362622171c550..., master=311.0, candidate=80.0 | USER_KEY=48a1980ffa4529b083aac4cd2905b676125fc2fe48903e11cdc8f3a40..., master=-115.0, candidate=-176.0",False,False,,both_nan_match,,
diff_between_w3_w2,diff_between_w3_w2_A_reg_0_6_7_13_14_20,diff_between_w3_w2 calculated from weekly watch_time sums,View_History_v2.csv; User_Mapping_v2.csv; Membership_v2.csv,USER_NUM; watch_time(min); watch_day; reg_date,USER_KEY,Membership_v2.csv reg_date,A_reg_0_6_7_13_14_20,,,both NaN treated as match,23343,23137,206,0.9911750846078053,692.0,1.258749946450756,"USER_KEY=a02a14ff1ab86edbfe46ad5a6a7fce054dc83c39aa7c362622171c550..., master=-110.0, candidate=9.0","USER_KEY=a02a14ff1ab86edbfe46ad5a6a7fce054dc83c39aa7c362622171c550..., master=119.0, candidate=9.0","USER_KEY=48a1980ffa4529b083aac4cd2905b676125fc2fe48903e11cdc8f3a40..., master=0.0, candidate=-33.0","USER_KEY=7a6960912bebe03c6e4c770eb1aa91329c3497f18f90cae56d6c8ddc1..., value=-299.0 | USER_KEY=4ec765db76545c1d6dda9f421590bf9d02f584009f8d92100afeef459..., value=-1.0 | USER_KEY=01b16f9f7ff29b48b1ee0d1a89d1eb9662474e5eedb8c2d967ea43793..., value=-129.0","USER_KEY=a02a14ff1ab86edbfe46ad5a6a7fce054dc83c39aa7c362622171c550..., master=-110.0, candidate=9.0 | USER_KEY=a02a14ff1ab86edbfe46ad5a6a7fce054dc83c39aa7c362622171c550..., master=119.0, candidate=9.0 | USER_KEY=48a1980ffa4529b083aac4cd2905b676125fc2fe48903e11cdc8f3a40..., master=0.0, candidate=-33.0",False,False,,both_nan_match,,
is_w1_over_50%,is_w1_over_50%_A_reg_0_6_7_13_14_20_three_week_sum_ge_0p5,w1 watch_time / three_week_sum >= 0.5,View_History_v2.csv; User_Mapping_v2.csv; Membership_v2.csv,USER_NUM; watch_time(min); watch_day; reg_date,USER_KEY,Membership_v2.csv reg_date,A_reg_0_6_7_13_14_20,three_week_sum,zero,both NaN treated as match,23343,23288,55,0.9976438332690742,1.0,0.0023561667309257594,"USER_KEY=a02a14ff1ab86edbfe46ad5a6a7fce054dc83c39aa7c362622171c550..., master=1.0, candidate=0","USER_KEY=6513fff57e32407ab087206e57186ee4cbde4888a5f79702f9caee7d2..., master=1.0, candidate=0","USER_KEY=b8cbe0494fde6de4dce0be00cc9bb96cbb2bf6ed618e1538dda92755c..., master=0.0, candidate=1","USER_KEY=7a6960912bebe03c6e4c770eb1aa91329c3497f18f90cae56d6c8ddc1..., value=0.0 | USER_KEY=4ec765db76545c1d6dda9f421590bf9d02f584009f8d92100afeef459..., value=1.0 | USER_KEY=01b16f9f7ff29b48b1ee0d1a89d1eb9662474e5eedb8c2d967ea43793..., value=0.0","USER_KEY=a02a14ff1ab86edbfe46ad5a6a7fce054dc83c39aa7c362622171c550..., master=1.0, candidate=0 | USER_KEY=6513fff57e32407ab087206e57186ee4cbde4888a5f79702f9caee7d2..., master=1.0, candidate=0 | USER_KEY=b8cbe0494fde6de4dce0be00cc9bb96cbb2bf6ed618e1538dda92755c..., master=0.0, candidate=1",False,False,,both_nan_match,,
is_w1_over_50%,is_w1_over_50%_A_reg_0_6_7_13_14_20_three_week_sum_gt_0p5,w1 watch_time / three_week_sum > 0.5,View_History_v2.csv; User_Mapping_v2.csv; Membership_v2.csv,USER_NUM; watch_time(min); watch_day; reg_date,USER_KEY,Membership_v2.csv reg_date,A_reg_0_6_7_13_14_20,three_week_sum,zero,both NaN treated as match,23343,23177,166,0.992888660412115,1.0,0.007111339587885019,"USER_KEY=a02a14ff1ab86edbfe46ad5a6a7fce054dc83c39aa7c362622171c550..., master=1.0, candidate=0","USER_KEY=02198818f8c5721f3d4fd3ebeb263dc131dc95f4a50d722f9f8846517..., master=1.0, candidate=0","USER_KEY=f60545caa9bce3c2c33b7089d88085c7ed8d79c8a619ae59f54f77970..., master=1.0, candidate=0","USER_KEY=7a6960912bebe03c6e4c770eb1aa91329c3497f18f90cae56d6c8ddc1..., value=0.0 | USER_KEY=4ec765db76545c1d6dda9f421590bf9d02f584009f8d92100afeef459..., value=1.0 | USER_KEY=01b16f9f7ff29b48b1ee0d1a89d1eb9662474e5eedb8c2d967ea43793..., value=0.0","USER_KEY=a02a14ff1ab86edbfe46ad5a6a7fce054dc83c39aa7c362622171c550..., master=1.0, candidate=0 | USER_KEY=02198818f8c5721f3d4fd3ebeb263dc131dc95f4a50d722f9f8846517..., master=1.0, candidate=0 | USER_KEY=f60545caa9bce3c2c33b7089d88085c7ed8d79c8a619ae59f54f77970..., master=1.0, candidate=0",False,False,,both_nan_match,,
is_w1_over_50%,is_w1_over_50%_A_reg_0_6_7_13_14_20_master_total_watch_time_equivalent_ge_0p5,w1 watch_time / master_total_watch_time_equivalent >= 0.5,View_History_v2.csv; User_Mapping_v2.csv; Membership_v2.csv,USER_NUM; watch_time(min); watch_day; reg_date,USER_KEY,Membership_v2.csv reg_date,A_reg_0_6_7_13_14_20,master_total_watch_time_equivalent,zero,both NaN treated as match,23343,23288,55,0.9976438332690742,1.0,0.0023561667309257594,"USER_KEY=a02a14ff1ab86edbfe46ad5a6a7fce054dc83c39aa7c362622171c550..., master=1.0, candidate=0","USER_KEY=6513fff57e32407ab087206e57186ee4cbde4888a5f79702f9caee7d2..., master=1.0, candidate=0","USER_KEY=b8cbe0494fde6de4dce0be00cc9bb96cbb2bf6ed618e1538dda92755c..., master=0.0, candidate=1","USER_KEY=7a6960912bebe03c6e4c770eb1aa91329c3497f18f90cae56d6c8ddc1..., value=0.0 | USER_KEY=4ec765db76545c1d6dda9f421590bf9d02f584009f8d92100afeef459..., value=1.0 | USER_KEY=01b16f9f7ff29b48b1ee0d1a89d1eb9662474e5eedb8c2d967ea43793..., value=0.0","USER_KEY=a02a14ff1ab86edbfe46ad5a6a7fce054dc83c39aa7c362622171c550..., master=1.0, candidate=0 | USER_KEY=6513fff57e32407ab087206e57186ee4cbde4888a5f79702f9caee7d2..., master=1.0, candidate=0 | USER_KEY=b8cbe0494fde6de4dce0be00cc9bb96cbb2bf6ed618e1538dda92755c..., master=0.0, candidate=1",False,False,,both_nan_match,,
is_w1_over_50%,is_w1_over_50%_A_reg_0_6_7_13_14_20_master_total_watch_time_equivalent_gt_0p5,w1 watch_time / master_total_watch_time_equivalent > 0.5,View_History_v2.csv; User_Mapping_v2.csv; Membership_v2.csv,USER_NUM; watch_time(min); watch_day; reg_date,USER_KEY,Membership_v2.csv reg_date,A_reg_0_6_7_13_14_20,master_total_watch_time_equivalent,zero,both NaN treated as match,23343,23177,166,0.992888660412115,1.0,0.007111339587885019,"USER_KEY=a02a14ff1ab86edbfe46ad5a6a7fce054dc83c39aa7c362622171c550..., master=1.0, candidate=0","USER_KEY=02198818f8c5721f3d4fd3ebeb263dc131dc95f4a50d722f9f8846517..., master=1.0, candidate=0","USER_KEY=f60545caa9bce3c2c33b7089d88085c7ed8d79c8a619ae59f54f77970..., master=1.0, candidate=0","USER_KEY=7a6960912bebe03c6e4c770eb1aa91329c3497f18f90cae56d6c8ddc1..., value=0.0 | USER_KEY=4ec765db76545c1d6dda9f421590bf9d02f584009f8d92100afeef459..., value=1.0 | USER_KEY=01b16f9f7ff29b48b1ee0d1a89d1eb9662474e5eedb8c2d967ea43793..., value=0.0","USER_KEY=a02a14ff1ab86edbfe46ad5a6a7fce054dc83c39aa7c362622171c550..., master=1.0, candidate=0 | USER_KEY=02198818f8c5721f3d4fd3ebeb263dc131dc95f4a50d722f9f8846517..., master=1.0, candidate=0 | USER_KEY=f60545caa9bce3c2c33b7089d88085c7ed8d79c8a619ae59f54f77970..., master=1.0, candidate=0",False,False,,both_nan_match,,
is_w2_over_50%,is_w2_over_50%_A_reg_0_6_7_13_14_20_three_week_sum_ge_0p5,w2 watch_time / three_week_sum >= 0.5,View_History_v2.csv; User_Mapping_v2.csv; Membership_v2.csv,USER_NUM; watch_time(min); watch_day; reg_date,USER_KEY,Membership_v2.csv reg_date,A_reg_0_6_7_13_14_20,three_week_sum,zero,both NaN treated as match,23343,23282,61,0.9973867968984278,1.0,0.0026132031015722056,"USER_KEY=aee51802d8a2e3f500e043d6d50b21960f06d55cc0ea377727279cdd3..., master=0.0, candidate=1","USER_KEY=30b5277fa426741ace60d662191b7fdbb87c96bcee15e704fb38e9ee1..., master=1.0, candidate=0","USER_KEY=2c4cf317dfd0acee9d0f5e03b896e33f01fcfcbd6df064a148fe96f4d..., master=0.0, candidate=1","USER_KEY=7a6960912bebe03c6e4c770eb1aa91329c3497f18f90cae56d6c8ddc1..., value=1.0 | USER_KEY=4ec765db76545c1d6dda9f421590bf9d02f584009f8d92100afeef459..., value=0.0 | USER_KEY=01b16f9f7ff29b48b1ee0d1a89d1eb9662474e5eedb8c2d967ea43793..., value=1.0","USER_KEY=aee51802d8a2e3f500e043d6d50b21960f06d55cc0ea377727279cdd3..., master=0.0, candidate=1 | USER_KEY=30b5277fa426741ace60d662191b7fdbb87c96bcee15e704fb38e9ee1..., master=1.0, candidate=0 | USER_KEY=2c4cf317dfd0acee9d0f5e03b896e33f01fcfcbd6df064a148fe96f4d..., master=0.0, candidate=1",False,False,,both_nan_match,,
is_w2_over_50%,is_w2_over_50%_A_reg_0_6_7_13_14_20_three_week_sum_gt_0p5,w2 watch_time / three_week_sum > 0.5,View_History_v2.csv; User_Mapping_v2.csv; Membership_v2.csv,USER_NUM; watch_time(min); watch_day; reg_date,USER_KEY,Membership_v2.csv reg_date,A_reg_0_6_7_13_14_20,three_week_sum,zero,both NaN treated as match,23343,23191,152,0.9934884119436234,1.0,0.006511588056376644,"USER_KEY=9a6a9df054887c0beecc9e54a999bd28546d43d5154eeec0d0d2bff5b..., master=1.0, candidate=0","USER_KEY=f60545caa9bce3c2c33b7089d88085c7ed8d79c8a619ae59f54f77970..., master=1.0, candidate=0","USER_KEY=ce962b7194125bd79215e2726f8dbae59781c83bbc748896b9ff9dfdb..., master=1.0, candidate=0","USER_KEY=7a6960912bebe03c6e4c770eb1aa91329c3497f18f90cae56d6c8ddc1..., value=1.0 | USER_KEY=4ec765db76545c1d6dda9f421590bf9d02f584009f8d92100afeef459..., value=0.0 | USER_KEY=01b16f9f7ff29b48b1ee0d1a89d1eb9662474e5eedb8c2d967ea43793..., value=1.0","USER_KEY=9a6a9df054887c0beecc9e54a999bd28546d43d5154eeec0d0d2bff5b..., master=1.0, candidate=0 | USER_KEY=f60545caa9bce3c2c33b7089d88085c7ed8d79c8a619ae59f54f77970..., master=1.0, candidate=0 | USER_KEY=ce962b7194125bd79215e2726f8dbae59781c83bbc748896b9ff9dfdb..., master=1.0, candidate=0",False,False,,both_nan_match,,
is_w2_over_50%,is_w2_over_50%_A_reg_0_6_7_13_14_20_master_total_watch_time_equivalent_ge_0p5,w2 watch_time / master_total_watch_time_equivalent >= 0.5,View_History_v2.csv; User_Mapping_v2.csv; Membership_v2.csv,USER_NUM; watch_time(min); watch_day; reg_date,USER_KEY,Membership_v2.csv reg_date,A_reg_0_6_7_13_14_20,master_total_watch_time_equivalent,zero,both NaN treated as match,23343,23282,61,0.9973867968984278,1.0,0.0026132031015722056,"USER_KEY=aee51802d8a2e3f500e043d6d50b21960f06d55cc0ea377727279cdd3..., master=0.0, candidate=1","USER_KEY=30b5277fa426741ace60d662191b7fdbb87c96bcee15e704fb38e9ee1..., master=1.0, candidate=0","USER_KEY=2c4cf317dfd0acee9d0f5e03b896e33f01fcfcbd6df064a148fe96f4d..., master=0.0, candidate=1","USER_KEY=7a6960912bebe03c6e4c770eb1aa91329c3497f18f90cae56d6c8ddc1..., value=1.0 | USER_KEY=4ec765db76545c1d6dda9f421590bf9d02f584009f8d92100afeef459..., value=0.0 | USER_KEY=01b16f9f7ff29b48b1ee0d1a89d1eb9662474e5eedb8c2d967ea43793..., value=1.0","USER_KEY=aee51802d8a2e3f500e043d6d50b21960f06d55cc0ea377727279cdd3..., master=0.0, candidate=1 | USER_KEY=30b5277fa426741ace60d662191b7fdbb87c96bcee15e704fb38e9ee1..., master=1.0, candidate=0 | USER_KEY=2c4cf317dfd0acee9d0f5e03b896e33f01fcfcbd6df064a148fe96f4d..., master=0.0, candidate=1",False,False,,both_nan_match,,
is_w2_over_50%,is_w2_over_50%_A_reg_0_6_7_13_14_20_master_total_watch_time_equivalent_gt_0p5,w2 watch_time / master_total_watch_time_equivalent > 0.5,View_History_v2.csv; User_Mapping_v2.csv; Membership_v2.csv,USER_NUM; watch_time(min); watch_day; reg_date,USER_KEY,Membership_v2.csv reg_date,A_reg_0_6_7_13_14_20,master_total_watch_time_equivalent,zero,both NaN treated as match,23343,23191,152,0.9934884119436234,1.0,0.006511588056376644,"USER_KEY=9a6a9df054887c0beecc9e54a999bd28546d43d5154eeec0d0d2bff5b..., master=1.0, candidate=0","USER_KEY=f60545caa9bce3c2c33b7089d88085c7ed8d79c8a619ae59f54f77970..., master=1.0, candidate=0","USER_KEY=ce962b7194125bd79215e2726f8dbae59781c83bbc748896b9ff9dfdb..., master=1.0, candidate=0","USER_KEY=7a6960912bebe03c6e4c770eb1aa91329c3497f18f90cae56d6c8ddc1..., value=1.0 | USER_KEY=4ec765db76545c1d6dda9f421590bf9d02f584009f8d92100afeef459..., value=0.0 | USER_KEY=01b16f9f7ff29b48b1ee0d1a89d1eb9662474e5eedb8c2d967ea43793..., value=1.0","USER_KEY=9a6a9df054887c0beecc9e54a999bd28546d43d5154eeec0d0d2bff5b..., master=1.0, candidate=0 | USER_KEY=f60545caa9bce3c2c33b7089d88085c7ed8d79c8a619ae59f54f77970..., master=1.0, candidate=0 | USER_KEY=ce962b7194125bd79215e2726f8dbae59781c83bbc748896b9ff9dfdb..., master=1.0, candidate=0",False,False,,both_nan_match,,
is_w3_over_50%,is_w3_over_50%_A_reg_0_6_7_13_14_20_three_week_sum_ge_0p5,w3 watch_time / three_week_sum >= 0.5,View_History_v2.csv; User_Mapping_v2.csv; Membership_v2.csv,USER_NUM; watch_time(min); watch_day; reg_date,USER_KEY,Membership_v2.csv reg_date,A_reg_0_6_7_13_14_20,three_week_sum,zero,both NaN treated as match,23343,23274,69,0.9970440817375659,1.0,0.0029559182624341344,"USER_KEY=a02a14ff1ab86edbfe46ad5a6a7fce054dc83c39aa7c362622171c550..., master=1.0, candidate=0","USER_KEY=6513fff57e32407ab087206e57186ee4cbde4888a5f79702f9caee7d2..., master=0.0, candidate=1","USER_KEY=a0218892bc0315bc5a83ac264ab5efd8b90e1ad51b84ea8831c07bdee..., master=0.0, candidate=1","USER_KEY=7a6960912bebe03c6e4c770eb1aa91329c3497f18f90cae56d6c8ddc1..., value=0.0 | USER_KEY=4ec765db76545c1d6dda9f421590bf9d02f584009f8d92100afeef459..., value=0.0 | USER_KEY=01b16f9f7ff29b48b1ee0d1a89d1eb9662474e5eedb8c2d967ea43793..., value=0.0","USER_KEY=a02a14ff1ab86edbfe46ad5a6a7fce054dc83c39aa7c362622171c550..., master=1.0, candidate=0 | USER_KEY=6513fff57e32407ab087206e57186ee4cbde4888a5f79702f9caee7d2..., master=0.0, candidate=1 | USER_KEY=a0218892bc0315bc5a83ac264ab5efd8b90e1ad51b84ea8831c07bdee..., master=0.0, candidate=1",False,False,,both_nan_match,,
is_w3_over_50%,is_w3_over_50%_A_reg_0_6_7_13_14_20_three_week_sum_gt_0p5,w3 watch_time / three_week_sum > 0.5,View_History_v2.csv; User_Mapping_v2.csv; Membership_v2.csv,USER_NUM; watch_time(min); watch_day; reg_date,USER_KEY,Membership_v2.csv reg_date,A_reg_0_6_7_13_14_20,three_week_sum,zero,both NaN treated as match,23343,23189,154,0.9934027331534079,1.0,0.006597266846592126,"USER_KEY=9a6a9df054887c0beecc9e54a999bd28546d43d5154eeec0d0d2bff5b..., master=1.0, candidate=0","USER_KEY=a02a14ff1ab86edbfe46ad5a6a7fce054dc83c39aa7c362622171c550..., master=1.0, candidate=0","USER_KEY=6513fff57e32407ab087206e57186ee4cbde4888a5f79702f9caee7d2..., master=0.0, candidate=1","USER_KEY=7a6960912bebe03c6e4c770eb1aa91329c3497f18f90cae56d6c8ddc1..., value=0.0 | USER_KEY=4ec765db76545c1d6dda9f421590bf9d02f584009f8d92100afeef459..., value=0.0 | USER_KEY=01b16f9f7ff29b48b1ee0d1a89d1eb9662474e5eedb8c2d967ea43793..., value=0.0","USER_KEY=9a6a9df054887c0beecc9e54a999bd28546d43d5154eeec0d0d2bff5b..., master=1.0, candidate=0 | USER_KEY=a02a14ff1ab86edbfe46ad5a6a7fce054dc83c39aa7c362622171c550..., master=1.0, candidate=0 | USER_KEY=6513fff57e32407ab087206e57186ee4cbde4888a5f79702f9caee7d2..., master=0.0, candidate=1",False,False,,both_nan_match,,
is_w3_over_50%,is_w3_over_50%_A_reg_0_6_7_13_14_20_master_total_watch_time_equivalent_ge_0p5,w3 watch_time / master_total_watch_time_equivalent >= 0.5,View_History_v2.csv; User_Mapping_v2.csv; Membership_v2.csv,USER_NUM; watch_time(min); watch_day; reg_date,USER_KEY,Membership_v2.csv reg_date,A_reg_0_6_7_13_14_20,master_total_watch_time_equivalent,zero,both NaN treated as match,23343,23274,69,0.9970440817375659,1.0,0.0029559182624341344,"USER_KEY=a02a14ff1ab86edbfe46ad5a6a7fce054dc83c39aa7c362622171c550..., master=1.0, candidate=0","USER_KEY=6513fff57e32407ab087206e57186ee4cbde4888a5f79702f9caee7d2..., master=0.0, candidate=1","USER_KEY=a0218892bc0315bc5a83ac264ab5efd8b90e1ad51b84ea8831c07bdee..., master=0.0, candidate=1","USER_KEY=7a6960912bebe03c6e4c770eb1aa91329c3497f18f90cae56d6c8ddc1..., value=0.0 | USER_KEY=4ec765db76545c1d6dda9f421590bf9d02f584009f8d92100afeef459..., value=0.0 | USER_KEY=01b16f9f7ff29b48b1ee0d1a89d1eb9662474e5eedb8c2d967ea43793..., value=0.0","USER_KEY=a02a14ff1ab86edbfe46ad5a6a7fce054dc83c39aa7c362622171c550..., master=1.0, candidate=0 | USER_KEY=6513fff57e32407ab087206e57186ee4cbde4888a5f79702f9caee7d2..., master=0.0, candidate=1 | USER_KEY=a0218892bc0315bc5a83ac264ab5efd8b90e1ad51b84ea8831c07bdee..., master=0.0, candidate=1",False,False,,both_nan_match,,
is_w3_over_50%,is_w3_over_50%_A_reg_0_6_7_13_14_20_master_total_watch_time_equivalent_gt_0p5,w3 watch_time / master_total_watch_time_equivalent > 0.5,View_History_v2.csv; User_Mapping_v2.csv; Membership_v2.csv,USER_NUM; watch_time(min); watch_day; reg_date,USER_KEY,Membership_v2.csv reg_date,A_reg_0_6_7_13_14_20,master_total_watch_time_equivalent,zero,both NaN treated as match,23343,23189,154,0.9934027331534079,1.0,0.006597266846592126,"USER_KEY=9a6a9df054887c0beecc9e54a999bd28546d43d5154eeec0d0d2bff5b..., master=1.0, candidate=0","USER_KEY=a02a14ff1ab86edbfe46ad5a6a7fce054dc83c39aa7c362622171c550..., master=1.0, candidate=0","USER_KEY=6513fff57e32407ab087206e57186ee4cbde4888a5f79702f9caee7d2..., master=0.0, candidate=1","USER_KEY=7a6960912bebe03c6e4c770eb1aa91329c3497f18f90cae56d6c8ddc1..., value=0.0 | USER_KEY=4ec765db76545c1d6dda9f421590bf9d02f584009f8d92100afeef459..., value=0.0 | USER_KEY=01b16f9f7ff29b48b1ee0d1a89d1eb9662474e5eedb8c2d967ea43793..., value=0.0","USER_KEY=9a6a9df054887c0beecc9e54a999bd28546d43d5154eeec0d0d2bff5b..., master=1.0, candidate=0 | USER_KEY=a02a14ff1ab86edbfe46ad5a6a7fce054dc83c39aa7c362622171c550..., master=1.0, candidate=0 | USER_KEY=6513fff57e32407ab087206e57186ee4cbde4888a5f79702f9caee7d2..., master=0.0, candidate=1",False,False,,both_nan_match,,
is_only_w1,is_only_w1_A_reg_0_6_7_13_14_20_watch_time_only,only w1 has watch_time > 0,View_History_v2.csv; User_Mapping_v2.csv; Membership_v2.csv,USER_NUM; watch_time(min); watch_day; reg_date,USER_KEY,Membership_v2.csv reg_date,A_reg_0_6_7_13_14_20,,,both NaN treated as match,23343,23319,24,0.9989718545174142,1.0,0.0010281454825857858,"USER_KEY=48a1980ffa4529b083aac4cd2905b676125fc2fe48903e11cdc8f3a40..., master=1.0, candidate=0","USER_KEY=a0218892bc0315bc5a83ac264ab5efd8b90e1ad51b84ea8831c07bdee..., master=1.0, candidate=0","USER_KEY=63370177497798e110c86c207966d8348c67f2120eda7ba945226ff26..., master=0.0, candidate=1","USER_KEY=7a6960912bebe03c6e4c770eb1aa91329c3497f18f90cae56d6c8ddc1..., value=0.0 | USER_KEY=4ec765db76545c1d6dda9f421590bf9d02f584009f8d92100afeef459..., value=0.0 | USER_KEY=01b16f9f7ff29b48b1ee0d1a89d1eb9662474e5eedb8c2d967ea43793..., value=0.0","USER_KEY=48a1980ffa4529b083aac4cd2905b676125fc2fe48903e11cdc8f3a40..., master=1.0, candidate=0 | USER_KEY=a0218892bc0315bc5a83ac264ab5efd8b90e1ad51b84ea8831c07bdee..., master=1.0, candidate=0 | USER_KEY=63370177497798e110c86c207966d8348c67f2120eda7ba945226ff26..., master=0.0, candidate=1",False,False,,both_nan_match,,
is_only_w1,is_only_w1_A_reg_0_6_7_13_14_20_session_only,only w1 has session count > 0,View_History_v2.csv; User_Mapping_v2.csv; Membership_v2.csv,USER_NUM; watch_time(min); watch_day; reg_date,USER_KEY,Membership_v2.csv reg_date,A_reg_0_6_7_13_14_20,,,both NaN treated as match,23343,23319,24,0.9989718545174142,1.0,0.0010281454825857858,"USER_KEY=48a1980ffa4529b083aac4cd2905b676125fc2fe48903e11cdc8f3a40..., master=1.0, candidate=0","USER_KEY=a0218892bc0315bc5a83ac264ab5efd8b90e1ad51b84ea8831c07bdee..., master=1.0, candidate=0","USER_KEY=63370177497798e110c86c207966d8348c67f2120eda7ba945226ff26..., master=0.0, candidate=1","USER_KEY=7a6960912bebe03c6e4c770eb1aa91329c3497f18f90cae56d6c8ddc1..., value=0.0 | USER_KEY=4ec765db76545c1d6dda9f421590bf9d02f584009f8d92100afeef459..., value=0.0 | USER_KEY=01b16f9f7ff29b48b1ee0d1a89d1eb9662474e5eedb8c2d967ea43793..., value=0.0","USER_KEY=48a1980ffa4529b083aac4cd2905b676125fc2fe48903e11cdc8f3a40..., master=1.0, candidate=0 | USER_KEY=a0218892bc0315bc5a83ac264ab5efd8b90e1ad51b84ea8831c07bdee..., master=1.0, candidate=0 | USER_KEY=63370177497798e110c86c207966d8348c67f2120eda7ba945226ff26..., master=0.0, candidate=1",False,False,,both_nan_match,,
is_only_w2,is_only_w2_A_reg_0_6_7_13_14_20_watch_time_only,only w2 has watch_time > 0,View_History_v2.csv; User_Mapping_v2.csv; Membership_v2.csv,USER_NUM; watch_time(min); watch_day; reg_date,USER_KEY,Membership_v2.csv reg_date,A_reg_0_6_7_13_14_20,,,both NaN treated as match,23343,23321,22,0.9990575333076297,1.0,0.0009424666923703038,"USER_KEY=07e8934c2a06f8b6e27296413d04e783282f9446ea0c8c983a99fbfcb..., master=1.0, candidate=0","USER_KEY=aee51802d8a2e3f500e043d6d50b21960f06d55cc0ea377727279cdd3..., master=0.0, candidate=1","USER_KEY=30b5277fa426741ace60d662191b7fdbb87c96bcee15e704fb38e9ee1..., master=1.0, candidate=0","USER_KEY=7a6960912bebe03c6e4c770eb1aa91329c3497f18f90cae56d6c8ddc1..., value=0.0 | USER_KEY=4ec765db76545c1d6dda9f421590bf9d02f584009f8d92100afeef459..., value=0.0 | USER_KEY=01b16f9f7ff29b48b1ee0d1a89d1eb9662474e5eedb8c2d967ea43793..., value=1.0","USER_KEY=07e8934c2a06f8b6e27296413d04e783282f9446ea0c8c983a99fbfcb..., master=1.0, candidate=0 | USER_KEY=aee51802d8a2e3f500e043d6d50b21960f06d55cc0ea377727279cdd3..., master=0.0, candidate=1 | USER_KEY=30b5277fa426741ace60d662191b7fdbb87c96bcee15e704fb38e9ee1..., master=1.0, candidate=0",False,False,,both_nan_match,,
is_only_w2,is_only_w2_A_reg_0_6_7_13_14_20_session_only,only w2 has session count > 0,View_History_v2.csv; User_Mapping_v2.csv; Membership_v2.csv,USER_NUM; watch_time(min); watch_day; reg_date,USER_KEY,Membership_v2.csv reg_date,A_reg_0_6_7_13_14_20,,,both NaN treated as match,23343,23321,22,0.9990575333076297,1.0,0.0009424666923703038,"USER_KEY=07e8934c2a06f8b6e27296413d04e783282f9446ea0c8c983a99fbfcb..., master=1.0, candidate=0","USER_KEY=aee51802d8a2e3f500e043d6d50b21960f06d55cc0ea377727279cdd3..., master=0.0, candidate=1","USER_KEY=30b5277fa426741ace60d662191b7fdbb87c96bcee15e704fb38e9ee1..., master=1.0, candidate=0","USER_KEY=7a6960912bebe03c6e4c770eb1aa91329c3497f18f90cae56d6c8ddc1..., value=0.0 | USER_KEY=4ec765db76545c1d6dda9f421590bf9d02f584009f8d92100afeef459..., value=0.0 | USER_KEY=01b16f9f7ff29b48b1ee0d1a89d1eb9662474e5eedb8c2d967ea43793..., value=1.0","USER_KEY=07e8934c2a06f8b6e27296413d04e783282f9446ea0c8c983a99fbfcb..., master=1.0, candidate=0 | USER_KEY=aee51802d8a2e3f500e043d6d50b21960f06d55cc0ea377727279cdd3..., master=0.0, candidate=1 | USER_KEY=30b5277fa426741ace60d662191b7fdbb87c96bcee15e704fb38e9ee1..., master=1.0, candidate=0",False,False,,both_nan_match,,
is_only_w3,is_only_w3_A_reg_0_6_7_13_14_20_watch_time_only,only w3 has watch_time > 0,View_History_v2.csv; User_Mapping_v2.csv; Membership_v2.csv,USER_NUM; watch_time(min); watch_day; reg_date,USER_KEY,Membership_v2.csv reg_date,A_reg_0_6_7_13_14_20,,,both NaN treated as match,23343,23320,23,0.999014693912522,1.0,0.0009853060874780448,"USER_KEY=6513fff57e32407ab087206e57186ee4cbde4888a5f79702f9caee7d2..., master=1.0, candidate=0","USER_KEY=b7c2e0ba1b2f17769d882e460abd5371155e1ff30e4064fe248b7e8bf..., master=0.0, candidate=1","USER_KEY=51114f7359992ecf5c70f08e63cbc1b450779dcdb874723aa7cd75681..., master=1.0, candidate=0","USER_KEY=7a6960912bebe03c6e4c770eb1aa91329c3497f18f90cae56d6c8ddc1..., value=0.0 | USER_KEY=4ec765db76545c1d6dda9f421590bf9d02f584009f8d92100afeef459..., value=0.0 | USER_KEY=01b16f9f7ff29b48b1ee0d1a89d1eb9662474e5eedb8c2d967ea43793..., value=0.0","USER_KEY=6513fff57e32407ab087206e57186ee4cbde4888a5f79702f9caee7d2..., master=1.0, candidate=0 | USER_KEY=b7c2e0ba1b2f17769d882e460abd5371155e1ff30e4064fe248b7e8bf..., master=0.0, candidate=1 | USER_KEY=51114f7359992ecf5c70f08e63cbc1b450779dcdb874723aa7cd75681..., master=1.0, candidate=0",False,False,,both_nan_match,,
is_only_w3,is_only_w3_A_reg_0_6_7_13_14_20_session_only,only w3 has session count > 0,View_History_v2.csv; User_Mapping_v2.csv; Membership_v2.csv,USER_NUM; watch_time(min); watch_day; reg_date,USER_KEY,Membership_v2.csv reg_date,A_reg_0_6_7_13_14_20,,,both NaN treated as match,23343,23320,23,0.999014693912522,1.0,0.0009853060874780448,"USER_KEY=6513fff57e32407ab087206e57186ee4cbde4888a5f79702f9caee7d2..., master=1.0, candidate=0","USER_KEY=b7c2e0ba1b2f17769d882e460abd5371155e1ff30e4064fe248b7e8bf..., master=0.0, candidate=1","USER_KEY=51114f7359992ecf5c70f08e63cbc1b450779dcdb874723aa7cd75681..., master=1.0, candidate=0","USER_KEY=7a6960912bebe03c6e4c770eb1aa91329c3497f18f90cae56d6c8ddc1..., value=0.0 | USER_KEY=4ec765db76545c1d6dda9f421590bf9d02f584009f8d92100afeef459..., value=0.0 | USER_KEY=01b16f9f7ff29b48b1ee0d1a89d1eb9662474e5eedb8c2d967ea43793..., value=0.0","USER_KEY=6513fff57e32407ab087206e57186ee4cbde4888a5f79702f9caee7d2..., master=1.0, candidate=0 | USER_KEY=b7c2e0ba1b2f17769d882e460abd5371155e1ff30e4064fe248b7e8bf..., master=0.0, candidate=1 | USER_KEY=51114f7359992ecf5c70f08e63cbc1b450779dcdb874723aa7cd75681..., master=1.0, candidate=0",False,False,,both_nan_match,,
retention_w2_ratio,retention_w2_ratio_B_reg_1_7_8_14_15_21_w2_over_w1_zero_zero,w2_over_w1; denominator zero policy=zero,View_History_v2.csv; User_Mapping_v2.csv; Membership_v2.csv,USER_NUM; watch_time(min); watch_day; reg_date,USER_KEY,Membership_v2.csv reg_date,B_reg_1_7_8_14_15_21,w1,zero,both NaN treated as match,23343,16244,7099,0.6958831341301461,815.0,2.521148067774535,"USER_KEY=7a6960912bebe03c6e4c770eb1aa91329c3497f18f90cae56d6c8ddc1..., master=1.638743455497382, candidate=2.1888111888111887","USER_KEY=4ec765db76545c1d6dda9f421590bf9d02f584009f8d92100afeef459..., master=0.3333333333333333, candidate=0.0","USER_KEY=70da9913e0b9dd104fe781fd724bf1423f4cb4416f640e5d6820aa4cf..., master=0.0, candidate=213.0","USER_KEY=01b16f9f7ff29b48b1ee0d1a89d1eb9662474e5eedb8c2d967ea43793..., value=0.0 | USER_KEY=534bc7b6b1ce05de6523f79872108d8dccc1dab38e2c1fb3c40e96913..., value=0.0 | USER_KEY=ce55ecaa87931f40db2fc448a88af43b50cbed84642851d11882544b1..., value=0.0","USER_KEY=7a6960912bebe03c6e4c770eb1aa91329c3497f18f90cae56d6c8ddc1..., master=1.638743455497382, candidate=2.1888111888111887 | USER_KEY=4ec765db76545c1d6dda9f421590bf9d02f584009f8d92100afeef459..., master=0.3333333333333333, candidate=0.0 | USER_KEY=70da9913e0b9dd104fe781fd724bf1423f4cb4416f640e5d6820aa4cf..., master=0.0, candidate=213.0",False,False,,both_nan_match,,
retention_w2_ratio,retention_w2_ratio_B_reg_1_7_8_14_15_21_w2_over_w1_zero_nan,w2_over_w1; denominator zero policy=nan,View_History_v2.csv; User_Mapping_v2.csv; Membership_v2.csv,USER_NUM; watch_time(min); watch_day; reg_date,USER_KEY,Membership_v2.csv reg_date,B_reg_1_7_8_14_15_21,w1,nan,both NaN treated as match,23343,8220,15123,0.3521398277856317,815.0,3.5564776385313666,"USER_KEY=7a6960912bebe03c6e4c770eb1aa91329c3497f18f90cae56d6c8ddc1..., master=1.638743455497382, candidate=2.1888111888111887","USER_KEY=4ec765db76545c1d6dda9f421590bf9d02f584009f8d92100afeef459..., master=0.3333333333333333, candidate=0.0","USER_KEY=01b16f9f7ff29b48b1ee0d1a89d1eb9662474e5eedb8c2d967ea43793..., master=0.0, candidate=NaN","USER_KEY=ce55ecaa87931f40db2fc448a88af43b50cbed84642851d11882544b1..., value=0.0 | USER_KEY=482a8174f937ec686cfed3dd029604b33df40d4d7616a7e9c985fb6b1..., value=7.5 | USER_KEY=0cdfedd59da0d83ad70c0083b12865f0cd414ac189f27872ca1ff6bb0..., value=0.2806122448979591","USER_KEY=7a6960912bebe03c6e4c770eb1aa91329c3497f18f90cae56d6c8ddc1..., master=1.638743455497382, candidate=2.1888111888111887 | USER_KEY=4ec765db76545c1d6dda9f421590bf9d02f584009f8d92100afeef459..., master=0.3333333333333333, candidate=0.0 | USER_KEY=01b16f9f7ff29b48b1ee0d1a89d1eb9662474e5eedb8c2d967ea43793..., master=0.0, candidate=NaN",False,False,,both_nan_match,,
retention_w2_ratio,retention_w2_ratio_B_reg_1_7_8_14_15_21_w2_over_w1_plus_1_zero_zero,w2_over_w1_plus_1; denominator zero policy=zero,View_History_v2.csv; User_Mapping_v2.csv; Membership_v2.csv,USER_NUM; watch_time(min); watch_day; reg_date,USER_KEY,Membership_v2.csv reg_date,B_reg_1_7_8_14_15_21,w1_plus_1,zero,both NaN treated as match,23343,8018,15325,0.34348626997386794,3219.0,28.769215437611884,"USER_KEY=7a6960912bebe03c6e4c770eb1aa91329c3497f18f90cae56d6c8ddc1..., master=1.638743455497382, candidate=2.173611111111111","USER_KEY=4ec765db76545c1d6dda9f421590bf9d02f584009f8d92100afeef459..., master=0.3333333333333333, candidate=0.0","USER_KEY=01b16f9f7ff29b48b1ee0d1a89d1eb9662474e5eedb8c2d967ea43793..., master=0.0, candidate=129.0","USER_KEY=534bc7b6b1ce05de6523f79872108d8dccc1dab38e2c1fb3c40e96913..., value=0.0 | USER_KEY=ce55ecaa87931f40db2fc448a88af43b50cbed84642851d11882544b1..., value=0.0 | USER_KEY=1d47cdbe7f7016e6c3f42cb08e37db55548481ffa31122e1a18a27ce9..., value=0.0","USER_KEY=7a6960912bebe03c6e4c770eb1aa91329c3497f18f90cae56d6c8ddc1..., master=1.638743455497382, candidate=2.173611111111111 | USER_KEY=4ec765db76545c1d6dda9f421590bf9d02f584009f8d92100afeef459..., master=0.3333333333333333, candidate=0.0 | USER_KEY=01b16f9f7ff29b48b1ee0d1a89d1eb9662474e5eedb8c2d967ea43793..., master=0.0, candidate=129.0",False,False,,both_nan_match,,
retention_w2_ratio,retention_w2_ratio_B_reg_1_7_8_14_15_21_w2_over_w1_plus_1_zero_nan,w2_over_w1_plus_1; denominator zero policy=nan,View_History_v2.csv; User_Mapping_v2.csv; Membership_v2.csv,USER_NUM; watch_time(min); watch_day; reg_date,USER_KEY,Membership_v2.csv reg_date,B_reg_1_7_8_14_15_21,w1_plus_1,nan,both NaN treated as match,23343,8018,15325,0.34348626997386794,3219.0,28.769215437611884,"USER_KEY=7a6960912bebe03c6e4c770eb1aa91329c3497f18f90cae56d6c8ddc1..., master=1.638743455497382, candidate=2.173611111111111","USER_KEY=4ec765db76545c1d6dda9f421590bf9d02f584009f8d92100afeef459..., master=0.3333333333333333, candidate=0.0","USER_KEY=01b16f9f7ff29b48b1ee0d1a89d1eb9662474e5eedb8c2d967ea43793..., master=0.0, candidate=129.0","USER_KEY=534bc7b6b1ce05de6523f79872108d8dccc1dab38e2c1fb3c40e96913..., value=0.0 | USER_KEY=ce55ecaa87931f40db2fc448a88af43b50cbed84642851d11882544b1..., value=0.0 | USER_KEY=1d47cdbe7f7016e6c3f42cb08e37db55548481ffa31122e1a18a27ce9..., value=0.0","USER_KEY=7a6960912bebe03c6e4c770eb1aa91329c3497f18f90cae56d6c8ddc1..., master=1.638743455497382, candidate=2.173611111111111 | USER_KEY=4ec765db76545c1d6dda9f421590bf9d02f584009f8d92100afeef459..., master=0.3333333333333333, candidate=0.0 | USER_KEY=01b16f9f7ff29b48b1ee0d1a89d1eb9662474e5eedb8c2d967ea43793..., master=0.0, candidate=129.0",False,False,,both_nan_match,,
retention_w2_ratio,retention_w2_ratio_B_reg_1_7_8_14_15_21_w2_plus_1_over_w1_plus_1_zero_zero,w2_plus_1_over_w1_plus_1; denominator zero policy=zero,View_History_v2.csv; User_Mapping_v2.csv; Membership_v2.csv,USER_NUM; watch_time(min); watch_day; reg_date,USER_KEY,Membership_v2.csv reg_date,B_reg_1_7_8_14_15_21,w1_plus_1,zero,both NaN treated as match,23343,56,23287,0.0023990061260335004,3220.0,29.14710990173573,"USER_KEY=7a6960912bebe03c6e4c770eb1aa91329c3497f18f90cae56d6c8ddc1..., master=1.638743455497382, candidate=2.1805555555555554","USER_KEY=4ec765db76545c1d6dda9f421590bf9d02f584009f8d92100afeef459..., master=0.3333333333333333, candidate=0.2","USER_KEY=01b16f9f7ff29b48b1ee0d1a89d1eb9662474e5eedb8c2d967ea43793..., master=0.0, candidate=130.0","USER_KEY=dc625dd18f75536e31ccd6b0894e575979ba54faa7bc305b57f0fbc4d..., value=1.0 | USER_KEY=ce962b7194125bd79215e2726f8dbae59781c83bbc748896b9ff9dfdb..., value=1.0 | USER_KEY=2e58cd978927b443256cdde999de4c38ac518a4d7b725ce723273d619..., value=1.0","USER_KEY=7a6960912bebe03c6e4c770eb1aa91329c3497f18f90cae56d6c8ddc1..., master=1.638743455497382, candidate=2.1805555555555554 | USER_KEY=4ec765db76545c1d6dda9f421590bf9d02f584009f8d92100afeef459..., master=0.3333333333333333, candidate=0.2 | USER_KEY=01b16f9f7ff29b48b1ee0d1a89d1eb9662474e5eedb8c2d967ea43793..., master=0.0, candidate=130.0",False,False,,both_nan_match,,
retention_w2_ratio,retention_w2_ratio_B_reg_1_7_8_14_15_21_w2_plus_1_over_w1_plus_1_zero_nan,w2_plus_1_over_w1_plus_1; denominator zero policy=nan,View_History_v2.csv; User_Mapping_v2.csv; Membership_v2.csv,USER_NUM; watch_time(min); watch_day; reg_date,USER_KEY,Membership_v2.csv reg_date,B_reg_1_7_8_14_15_21,w1_plus_1,nan,both NaN treated as match,23343,56,23287,0.0023990061260335004,3220.0,29.14710990173573,"USER_KEY=7a6960912bebe03c6e4c770eb1aa91329c3497f18f90cae56d6c8ddc1..., master=1.638743455497382, candidate=2.1805555555555554","USER_KEY=4ec765db76545c1d6dda9f421590bf9d02f584009f8d92100afeef459..., master=0.3333333333333333, candidate=0.2","USER_KEY=01b16f9f7ff29b48b1ee0d1a89d1eb9662474e5eedb8c2d967ea43793..., master=0.0, candidate=130.0","USER_KEY=dc625dd18f75536e31ccd6b0894e575979ba54faa7bc305b57f0fbc4d..., value=1.0 | USER_KEY=ce962b7194125bd79215e2726f8dbae59781c83bbc748896b9ff9dfdb..., value=1.0 | USER_KEY=2e58cd978927b443256cdde999de4c38ac518a4d7b725ce723273d619..., value=1.0","USER_KEY=7a6960912bebe03c6e4c770eb1aa91329c3497f18f90cae56d6c8ddc1..., master=1.638743455497382, candidate=2.1805555555555554 | USER_KEY=4ec765db76545c1d6dda9f421590bf9d02f584009f8d92100afeef459..., master=0.3333333333333333, candidate=0.2 | USER_KEY=01b16f9f7ff29b48b1ee0d1a89d1eb9662474e5eedb8c2d967ea43793..., master=0.0, candidate=130.0",False,False,,both_nan_match,,
retention_w3_ratio,retention_w3_ratio_B_reg_1_7_8_14_15_21_w3_over_w2_zero_zero,w3_over_w2; denominator zero policy=zero,View_History_v2.csv; User_Mapping_v2.csv; Membership_v2.csv,USER_NUM; watch_time(min); watch_day; reg_date,USER_KEY,Membership_v2.csv reg_date,B_reg_1_7_8_14_15_21,w2,zero,both NaN treated as match,23343,8091,15252,0.3466135458167331,984.0,3.8894629825644387,"USER_KEY=7a6960912bebe03c6e4c770eb1aa91329c3497f18f90cae56d6c8ddc1..., master=0.027027027027027, candidate=0.04472843450479233","USER_KEY=70da9913e0b9dd104fe781fd724bf1423f4cb4416f640e5d6820aa4cf..., master=0.5650406504065041, candidate=1.3051643192488263","USER_KEY=985ed8305ba05d88f22ad4b4dc1b832af4eb66d39d9ff5cd21613bf6e..., master=0.6159420289855072, candidate=2.2857142857142856","USER_KEY=4ec765db76545c1d6dda9f421590bf9d02f584009f8d92100afeef459..., value=0.0 | USER_KEY=01b16f9f7ff29b48b1ee0d1a89d1eb9662474e5eedb8c2d967ea43793..., value=0.0 | USER_KEY=534bc7b6b1ce05de6523f79872108d8dccc1dab38e2c1fb3c40e96913..., value=0.0","USER_KEY=7a6960912bebe03c6e4c770eb1aa91329c3497f18f90cae56d6c8ddc1..., master=0.027027027027027, candidate=0.04472843450479233 | USER_KEY=70da9913e0b9dd104fe781fd724bf1423f4cb4416f640e5d6820aa4cf..., master=0.5650406504065041, candidate=1.3051643192488263 | USER_KEY=985ed8305ba05d88f22ad4b4dc1b832af4eb66d39d9ff5cd21613bf6e..., master=0.6159420289855072, candidate=2.2857142857142856",False,False,,both_nan_match,,
retention_w3_ratio,retention_w3_ratio_B_reg_1_7_8_14_15_21_w3_over_w2_zero_nan,w3_over_w2; denominator zero policy=nan,View_History_v2.csv; User_Mapping_v2.csv; Membership_v2.csv,USER_NUM; watch_time(min); watch_day; reg_date,USER_KEY,Membership_v2.csv reg_date,B_reg_1_7_8_14_15_21,w2,nan,both NaN treated as match,23343,3809,19534,0.16317525596538576,984.0,5.938722109265189,"USER_KEY=7a6960912bebe03c6e4c770eb1aa91329c3497f18f90cae56d6c8ddc1..., master=0.027027027027027, candidate=0.04472843450479233","USER_KEY=4ec765db76545c1d6dda9f421590bf9d02f584009f8d92100afeef459..., master=0.0, candidate=NaN","USER_KEY=534bc7b6b1ce05de6523f79872108d8dccc1dab38e2c1fb3c40e96913..., master=0.0, candidate=NaN","USER_KEY=01b16f9f7ff29b48b1ee0d1a89d1eb9662474e5eedb8c2d967ea43793..., value=0.0 | USER_KEY=60881ae7798e9a1496e8e524b9291a6a4b0dab2f0e67a90772097ca82..., value=0.0 | USER_KEY=482a8174f937ec686cfed3dd029604b33df40d4d7616a7e9c985fb6b1..., value=0.0","USER_KEY=7a6960912bebe03c6e4c770eb1aa91329c3497f18f90cae56d6c8ddc1..., master=0.027027027027027, candidate=0.04472843450479233 | USER_KEY=4ec765db76545c1d6dda9f421590bf9d02f584009f8d92100afeef459..., master=0.0, candidate=NaN | USER_KEY=534bc7b6b1ce05de6523f79872108d8dccc1dab38e2c1fb3c40e96913..., master=0.0, candidate=NaN",False,False,,both_nan_match,,
retention_w3_ratio,retention_w3_ratio_B_reg_1_7_8_14_15_21_w3_over_w2_plus_1_zero_zero,w3_over_w2_plus_1; denominator zero policy=zero,View_History_v2.csv; User_Mapping_v2.csv; Membership_v2.csv,USER_NUM; watch_time(min); watch_day; reg_date,USER_KEY,Membership_v2.csv reg_date,B_reg_1_7_8_14_15_21,w2_plus_1,zero,both NaN treated as match,23343,7819,15524,0.3349612303474275,2127.0,29.13055971505601,"USER_KEY=7a6960912bebe03c6e4c770eb1aa91329c3497f18f90cae56d6c8ddc1..., master=0.027027027027027, candidate=0.044585987261146494","USER_KEY=70da9913e0b9dd104fe781fd724bf1423f4cb4416f640e5d6820aa4cf..., master=0.5650406504065041, candidate=1.2990654205607477","USER_KEY=985ed8305ba05d88f22ad4b4dc1b832af4eb66d39d9ff5cd21613bf6e..., master=0.6159420289855072, candidate=2.2564102564102564","USER_KEY=4ec765db76545c1d6dda9f421590bf9d02f584009f8d92100afeef459..., value=0.0 | USER_KEY=01b16f9f7ff29b48b1ee0d1a89d1eb9662474e5eedb8c2d967ea43793..., value=0.0 | USER_KEY=534bc7b6b1ce05de6523f79872108d8dccc1dab38e2c1fb3c40e96913..., value=0.0","USER_KEY=7a6960912bebe03c6e4c770eb1aa91329c3497f18f90cae56d6c8ddc1..., master=0.027027027027027, candidate=0.044585987261146494 | USER_KEY=70da9913e0b9dd104fe781fd724bf1423f4cb4416f640e5d6820aa4cf..., master=0.5650406504065041, candidate=1.2990654205607477 | USER_KEY=985ed8305ba05d88f22ad4b4dc1b832af4eb66d39d9ff5cd21613bf6e..., master=0.6159420289855072, candidate=2.2564102564102564",False,False,,both_nan_match,,
retention_w3_ratio,retention_w3_ratio_B_reg_1_7_8_14_15_21_w3_over_w2_plus_1_zero_nan,w3_over_w2_plus_1; denominator zero policy=nan,View_History_v2.csv; User_Mapping_v2.csv; Membership_v2.csv,USER_NUM; watch_time(min); watch_day; reg_date,USER_KEY,Membership_v2.csv reg_date,B_reg_1_7_8_14_15_21,w2_plus_1,nan,both NaN treated as match,23343,7819,15524,0.3349612303474275,2127.0,29.13055971505601,"USER_KEY=7a6960912bebe03c6e4c770eb1aa91329c3497f18f90cae56d6c8ddc1..., master=0.027027027027027, candidate=0.044585987261146494","USER_KEY=70da9913e0b9dd104fe781fd724bf1423f4cb4416f640e5d6820aa4cf..., master=0.5650406504065041, candidate=1.2990654205607477","USER_KEY=985ed8305ba05d88f22ad4b4dc1b832af4eb66d39d9ff5cd21613bf6e..., master=0.6159420289855072, candidate=2.2564102564102564","USER_KEY=4ec765db76545c1d6dda9f421590bf9d02f584009f8d92100afeef459..., value=0.0 | USER_KEY=01b16f9f7ff29b48b1ee0d1a89d1eb9662474e5eedb8c2d967ea43793..., value=0.0 | USER_KEY=534bc7b6b1ce05de6523f79872108d8dccc1dab38e2c1fb3c40e96913..., value=0.0","USER_KEY=7a6960912bebe03c6e4c770eb1aa91329c3497f18f90cae56d6c8ddc1..., master=0.027027027027027, candidate=0.044585987261146494 | USER_KEY=70da9913e0b9dd104fe781fd724bf1423f4cb4416f640e5d6820aa4cf..., master=0.5650406504065041, candidate=1.2990654205607477 | USER_KEY=985ed8305ba05d88f22ad4b4dc1b832af4eb66d39d9ff5cd21613bf6e..., master=0.6159420289855072, candidate=2.2564102564102564",False,False,,both_nan_match,,
retention_w3_ratio,retention_w3_ratio_B_reg_1_7_8_14_15_21_w3_plus_1_over_w2_plus_1_zero_zero,w3_plus_1_over_w2_plus_1; denominator zero policy=zero,View_History_v2.csv; User_Mapping_v2.csv; Membership_v2.csv,USER_NUM; watch_time(min); watch_day; reg_date,USER_KEY,Membership_v2.csv reg_date,B_reg_1_7_8_14_15_21,w2_plus_1,zero,both NaN treated as match,23343,14,23329,0.0005997515315083751,2128.0,29.531000577612897,"USER_KEY=7a6960912bebe03c6e4c770eb1aa91329c3497f18f90cae56d6c8ddc1..., master=0.027027027027027, candidate=0.04777070063694268","USER_KEY=4ec765db76545c1d6dda9f421590bf9d02f584009f8d92100afeef459..., master=0.0, candidate=1.0","USER_KEY=01b16f9f7ff29b48b1ee0d1a89d1eb9662474e5eedb8c2d967ea43793..., master=0.0, candidate=0.007692307692307693","USER_KEY=95a6ec5f47e59741d9dadc4b6d9609b230c3142d72fd181d26bc9e1aa..., value=0.0047846889952153 | USER_KEY=b02ec1d0ef720fa75627c708c4ed97411b378b997faa5b581e8fae2ef..., value=0.01 | USER_KEY=39c711bc846d0e72a2cf09b4de00e561a4e93fcea59341f5c2caccd78..., value=0.0625","USER_KEY=7a6960912bebe03c6e4c770eb1aa91329c3497f18f90cae56d6c8ddc1..., master=0.027027027027027, candidate=0.04777070063694268 | USER_KEY=4ec765db76545c1d6dda9f421590bf9d02f584009f8d92100afeef459..., master=0.0, candidate=1.0 | USER_KEY=01b16f9f7ff29b48b1ee0d1a89d1eb9662474e5eedb8c2d967ea43793..., master=0.0, candidate=0.007692307692307693",False,False,,both_nan_match,,
retention_w3_ratio,retention_w3_ratio_B_reg_1_7_8_14_15_21_w3_plus_1_over_w2_plus_1_zero_nan,w3_plus_1_over_w2_plus_1; denominator zero policy=nan,View_History_v2.csv; User_Mapping_v2.csv; Membership_v2.csv,USER_NUM; watch_time(min); watch_day; reg_date,USER_KEY,Membership_v2.csv reg_date,B_reg_1_7_8_14_15_21,w2_plus_1,nan,both NaN treated as match,23343,14,23329,0.0005997515315083751,2128.0,29.531000577612897,"USER_KEY=7a6960912bebe03c6e4c770eb1aa91329c3497f18f90cae56d6c8ddc1..., master=0.027027027027027, candidate=0.04777070063694268","USER_KEY=4ec765db76545c1d6dda9f421590bf9d02f584009f8d92100afeef459..., master=0.0, candidate=1.0","USER_KEY=01b16f9f7ff29b48b1ee0d1a89d1eb9662474e5eedb8c2d967ea43793..., master=0.0, candidate=0.007692307692307693","USER_KEY=95a6ec5f47e59741d9dadc4b6d9609b230c3142d72fd181d26bc9e1aa..., value=0.0047846889952153 | USER_KEY=b02ec1d0ef720fa75627c708c4ed97411b378b997faa5b581e8fae2ef..., value=0.01 | USER_KEY=39c711bc846d0e72a2cf09b4de00e561a4e93fcea59341f5c2caccd78..., value=0.0625","USER_KEY=7a6960912bebe03c6e4c770eb1aa91329c3497f18f90cae56d6c8ddc1..., master=0.027027027027027, candidate=0.04777070063694268 | USER_KEY=4ec765db76545c1d6dda9f421590bf9d02f584009f8d92100afeef459..., master=0.0, candidate=1.0 | USER_KEY=01b16f9f7ff29b48b1ee0d1a89d1eb9662474e5eedb8c2d967ea43793..., master=0.0, candidate=0.007692307692307693",False,False,,both_nan_match,,
w3_to_w1_ratio_capped,w3_to_w1_B_reg_1_7_8_14_15_21_uncapped_zero,"watch_time_w3 / watch_time_w1, zero denominator -> 0, uncapped",View_History_v2.csv; User_Mapping_v2.csv; Membership_v2.csv,USER_NUM; watch_time(min); watch_day; reg_date,USER_KEY,Membership_v2.csv reg_date,B_reg_1_7_8_14_15_21,watch_time_w1,zero,both NaN treated as match,23343,15690,7653,0.6721501092404575,606.0,3.218843202791424,"USER_KEY=7a6960912bebe03c6e4c770eb1aa91329c3497f18f90cae56d6c8ddc1..., master=0.0732984293193717, candidate=0.0979020979020979","USER_KEY=70da9913e0b9dd104fe781fd724bf1423f4cb4416f640e5d6820aa4cf..., master=0.0, candidate=278.0","USER_KEY=985ed8305ba05d88f22ad4b4dc1b832af4eb66d39d9ff5cd21613bf6e..., master=6.538461538461538, candidate=44.0","USER_KEY=4ec765db76545c1d6dda9f421590bf9d02f584009f8d92100afeef459..., value=0.0 | USER_KEY=01b16f9f7ff29b48b1ee0d1a89d1eb9662474e5eedb8c2d967ea43793..., value=0.0 | USER_KEY=534bc7b6b1ce05de6523f79872108d8dccc1dab38e2c1fb3c40e96913..., value=0.0","USER_KEY=7a6960912bebe03c6e4c770eb1aa91329c3497f18f90cae56d6c8ddc1..., master=0.0732984293193717, candidate=0.0979020979020979 | USER_KEY=70da9913e0b9dd104fe781fd724bf1423f4cb4416f640e5d6820aa4cf..., master=0.0, candidate=278.0 | USER_KEY=985ed8305ba05d88f22ad4b4dc1b832af4eb66d39d9ff5cd21613bf6e..., master=6.538461538461538, candidate=44.0",False,False,,both_nan_match,,
w3_to_w1_ratio_capped,w3_to_w1_B_reg_1_7_8_14_15_21_cap_1,watch_time_w3 / watch_time_w1 capped at 1,View_History_v2.csv; User_Mapping_v2.csv; Membership_v2.csv,USER_NUM; watch_time(min); watch_day; reg_date,USER_KEY,Membership_v2.csv reg_date,B_reg_1_7_8_14_15_21,watch_time_w1,zero,both NaN treated as match,23343,14396,8947,0.6167159319710406,10.0,0.7344445718180201,"USER_KEY=7a6960912bebe03c6e4c770eb1aa91329c3497f18f90cae56d6c8ddc1..., master=0.0732984293193717, candidate=0.0979020979020979","USER_KEY=70da9913e0b9dd104fe781fd724bf1423f4cb4416f640e5d6820aa4cf..., master=0.0, candidate=1.0","USER_KEY=985ed8305ba05d88f22ad4b4dc1b832af4eb66d39d9ff5cd21613bf6e..., master=6.538461538461538, candidate=1.0","USER_KEY=4ec765db76545c1d6dda9f421590bf9d02f584009f8d92100afeef459..., value=0.0 | USER_KEY=01b16f9f7ff29b48b1ee0d1a89d1eb9662474e5eedb8c2d967ea43793..., value=0.0 | USER_KEY=534bc7b6b1ce05de6523f79872108d8dccc1dab38e2c1fb3c40e96913..., value=0.0","USER_KEY=7a6960912bebe03c6e4c770eb1aa91329c3497f18f90cae56d6c8ddc1..., master=0.0732984293193717, candidate=0.0979020979020979 | USER_KEY=70da9913e0b9dd104fe781fd724bf1423f4cb4416f640e5d6820aa4cf..., master=0.0, candidate=1.0 | USER_KEY=985ed8305ba05d88f22ad4b4dc1b832af4eb66d39d9ff5cd21613bf6e..., master=6.538461538461538, candidate=1.0",False,False,,both_nan_match,,
w3_to_w1_ratio_capped,w3_to_w1_B_reg_1_7_8_14_15_21_cap_2,watch_time_w3 / watch_time_w1 capped at 2,View_History_v2.csv; User_Mapping_v2.csv; Membership_v2.csv,USER_NUM; watch_time(min); watch_day; reg_date,USER_KEY,Membership_v2.csv reg_date,B_reg_1_7_8_14_15_21,watch_time_w1,zero,both NaN treated as match,23343,15077,8266,0.6458895600394122,10.0,0.6620352603050594,"USER_KEY=7a6960912bebe03c6e4c770eb1aa91329c3497f18f90cae56d6c8ddc1..., master=0.0732984293193717, candidate=0.0979020979020979","USER_KEY=70da9913e0b9dd104fe781fd724bf1423f4cb4416f640e5d6820aa4cf..., master=0.0, candidate=2.0","USER_KEY=985ed8305ba05d88f22ad4b4dc1b832af4eb66d39d9ff5cd21613bf6e..., master=6.538461538461538, candidate=2.0","USER_KEY=4ec765db76545c1d6dda9f421590bf9d02f584009f8d92100afeef459..., value=0.0 | USER_KEY=01b16f9f7ff29b48b1ee0d1a89d1eb9662474e5eedb8c2d967ea43793..., value=0.0 | USER_KEY=534bc7b6b1ce05de6523f79872108d8dccc1dab38e2c1fb3c40e96913..., value=0.0","USER_KEY=7a6960912bebe03c6e4c770eb1aa91329c3497f18f90cae56d6c8ddc1..., master=0.0732984293193717, candidate=0.0979020979020979 | USER_KEY=70da9913e0b9dd104fe781fd724bf1423f4cb4416f640e5d6820aa4cf..., master=0.0, candidate=2.0 | USER_KEY=985ed8305ba05d88f22ad4b4dc1b832af4eb66d39d9ff5cd21613bf6e..., master=6.538461538461538, candidate=2.0",False,False,,both_nan_match,,
w3_to_w1_ratio_capped,w3_to_w1_B_reg_1_7_8_14_15_21_cap_5,watch_time_w3 / watch_time_w1 capped at 5,View_History_v2.csv; User_Mapping_v2.csv; Membership_v2.csv,USER_NUM; watch_time(min); watch_day; reg_date,USER_KEY,Membership_v2.csv reg_date,B_reg_1_7_8_14_15_21,watch_time_w1,zero,both NaN treated as match,23343,15516,7827,0.6646960544917105,10.0,0.5680045436099542,"USER_KEY=7a6960912bebe03c6e4c770eb1aa91329c3497f18f90cae56d6c8ddc1..., master=0.0732984293193717, candidate=0.0979020979020979","USER_KEY=70da9913e0b9dd104fe781fd724bf1423f4cb4416f640e5d6820aa4cf..., master=0.0, candidate=5.0","USER_KEY=985ed8305ba05d88f22ad4b4dc1b832af4eb66d39d9ff5cd21613bf6e..., master=6.538461538461538, candidate=5.0","USER_KEY=4ec765db76545c1d6dda9f421590bf9d02f584009f8d92100afeef459..., value=0.0 | USER_KEY=01b16f9f7ff29b48b1ee0d1a89d1eb9662474e5eedb8c2d967ea43793..., value=0.0 | USER_KEY=534bc7b6b1ce05de6523f79872108d8dccc1dab38e2c1fb3c40e96913..., value=0.0","USER_KEY=7a6960912bebe03c6e4c770eb1aa91329c3497f18f90cae56d6c8ddc1..., master=0.0732984293193717, candidate=0.0979020979020979 | USER_KEY=70da9913e0b9dd104fe781fd724bf1423f4cb4416f640e5d6820aa4cf..., master=0.0, candidate=5.0 | USER_KEY=985ed8305ba05d88f22ad4b4dc1b832af4eb66d39d9ff5cd21613bf6e..., master=6.538461538461538, candidate=5.0",False,False,,both_nan_match,,
w3_to_w1_ratio_capped,w3_to_w1_B_reg_1_7_8_14_15_21_cap_10,watch_time_w3 / watch_time_w1 capped at 10,View_History_v2.csv; User_Mapping_v2.csv; Membership_v2.csv,USER_NUM; watch_time(min); watch_day; reg_date,USER_KEY,Membership_v2.csv reg_date,B_reg_1_7_8_14_15_21,watch_time_w1,zero,both NaN treated as match,23343,16327,7016,0.6994388039240886,10.0,0.4750333927979729,"USER_KEY=7a6960912bebe03c6e4c770eb1aa91329c3497f18f90cae56d6c8ddc1..., master=0.0732984293193717, candidate=0.0979020979020979","USER_KEY=70da9913e0b9dd104fe781fd724bf1423f4cb4416f640e5d6820aa4cf..., master=0.0, candidate=10.0","USER_KEY=985ed8305ba05d88f22ad4b4dc1b832af4eb66d39d9ff5cd21613bf6e..., master=6.538461538461538, candidate=10.0","USER_KEY=4ec765db76545c1d6dda9f421590bf9d02f584009f8d92100afeef459..., value=0.0 | USER_KEY=01b16f9f7ff29b48b1ee0d1a89d1eb9662474e5eedb8c2d967ea43793..., value=0.0 | USER_KEY=534bc7b6b1ce05de6523f79872108d8dccc1dab38e2c1fb3c40e96913..., value=0.0","USER_KEY=7a6960912bebe03c6e4c770eb1aa91329c3497f18f90cae56d6c8ddc1..., master=0.0732984293193717, candidate=0.0979020979020979 | USER_KEY=70da9913e0b9dd104fe781fd724bf1423f4cb4416f640e5d6820aa4cf..., master=0.0, candidate=10.0 | USER_KEY=985ed8305ba05d88f22ad4b4dc1b832af4eb66d39d9ff5cd21613bf6e..., master=6.538461538461538, candidate=10.0",False,False,,both_nan_match,,
w3_to_w1_ratio_capped,w3_to_w1_B_reg_1_7_8_14_15_21_cap_20,watch_time_w3 / watch_time_w1 capped at 20,View_History_v2.csv; User_Mapping_v2.csv; Membership_v2.csv,USER_NUM; watch_time(min); watch_day; reg_date,USER_KEY,Membership_v2.csv reg_date,B_reg_1_7_8_14_15_21,watch_time_w1,zero,both NaN treated as match,23343,15690,7653,0.6721501092404575,20.0,0.8131882395475327,"USER_KEY=7a6960912bebe03c6e4c770eb1aa91329c3497f18f90cae56d6c8ddc1..., master=0.0732984293193717, candidate=0.0979020979020979","USER_KEY=70da9913e0b9dd104fe781fd724bf1423f4cb4416f640e5d6820aa4cf..., master=0.0, candidate=20.0","USER_KEY=985ed8305ba05d88f22ad4b4dc1b832af4eb66d39d9ff5cd21613bf6e..., master=6.538461538461538, candidate=20.0","USER_KEY=4ec765db76545c1d6dda9f421590bf9d02f584009f8d92100afeef459..., value=0.0 | USER_KEY=01b16f9f7ff29b48b1ee0d1a89d1eb9662474e5eedb8c2d967ea43793..., value=0.0 | USER_KEY=534bc7b6b1ce05de6523f79872108d8dccc1dab38e2c1fb3c40e96913..., value=0.0","USER_KEY=7a6960912bebe03c6e4c770eb1aa91329c3497f18f90cae56d6c8ddc1..., master=0.0732984293193717, candidate=0.0979020979020979 | USER_KEY=70da9913e0b9dd104fe781fd724bf1423f4cb4416f640e5d6820aa4cf..., master=0.0, candidate=20.0 | USER_KEY=985ed8305ba05d88f22ad4b4dc1b832af4eb66d39d9ff5cd21613bf6e..., master=6.538461538461538, candidate=20.0",False,False,,both_nan_match,,
w3_to_w1_ratio_capped,w3_to_w1_B_reg_1_7_8_14_15_21_cap_50,watch_time_w3 / watch_time_w1 capped at 50,View_History_v2.csv; User_Mapping_v2.csv; Membership_v2.csv,USER_NUM; watch_time(min); watch_day; reg_date,USER_KEY,Membership_v2.csv reg_date,B_reg_1_7_8_14_15_21,watch_time_w1,zero,both NaN treated as match,23343,15690,7653,0.6721501092404575,50.0,1.4857127739567164,"USER_KEY=7a6960912bebe03c6e4c770eb1aa91329c3497f18f90cae56d6c8ddc1..., master=0.0732984293193717, candidate=0.0979020979020979","USER_KEY=70da9913e0b9dd104fe781fd724bf1423f4cb4416f640e5d6820aa4cf..., master=0.0, candidate=50.0","USER_KEY=985ed8305ba05d88f22ad4b4dc1b832af4eb66d39d9ff5cd21613bf6e..., master=6.538461538461538, candidate=44.0","USER_KEY=4ec765db76545c1d6dda9f421590bf9d02f584009f8d92100afeef459..., value=0.0 | USER_KEY=01b16f9f7ff29b48b1ee0d1a89d1eb9662474e5eedb8c2d967ea43793..., value=0.0 | USER_KEY=534bc7b6b1ce05de6523f79872108d8dccc1dab38e2c1fb3c40e96913..., value=0.0","USER_KEY=7a6960912bebe03c6e4c770eb1aa91329c3497f18f90cae56d6c8ddc1..., master=0.0732984293193717, candidate=0.0979020979020979 | USER_KEY=70da9913e0b9dd104fe781fd724bf1423f4cb4416f640e5d6820aa4cf..., master=0.0, candidate=50.0 | USER_KEY=985ed8305ba05d88f22ad4b4dc1b832af4eb66d39d9ff5cd21613bf6e..., master=6.538461538461538, candidate=44.0",False,False,,both_nan_match,,
w3_to_w1_ratio_capped,w3_to_w1_B_reg_1_7_8_14_15_21_cap_100,watch_time_w3 / watch_time_w1 capped at 100,View_History_v2.csv; User_Mapping_v2.csv; Membership_v2.csv,USER_NUM; watch_time(min); watch_day; reg_date,USER_KEY,Membership_v2.csv reg_date,B_reg_1_7_8_14_15_21,watch_time_w1,zero,both NaN treated as match,23343,15690,7653,0.6721501092404575,100.0,2.1814672585397576,"USER_KEY=7a6960912bebe03c6e4c770eb1aa91329c3497f18f90cae56d6c8ddc1..., master=0.0732984293193717, candidate=0.0979020979020979","USER_KEY=70da9913e0b9dd104fe781fd724bf1423f4cb4416f640e5d6820aa4cf..., master=0.0, candidate=100.0","USER_KEY=985ed8305ba05d88f22ad4b4dc1b832af4eb66d39d9ff5cd21613bf6e..., master=6.538461538461538, candidate=44.0","USER_KEY=4ec765db76545c1d6dda9f421590bf9d02f584009f8d92100afeef459..., value=0.0 | USER_KEY=01b16f9f7ff29b48b1ee0d1a89d1eb9662474e5eedb8c2d967ea43793..., value=0.0 | USER_KEY=534bc7b6b1ce05de6523f79872108d8dccc1dab38e2c1fb3c40e96913..., value=0.0","USER_KEY=7a6960912bebe03c6e4c770eb1aa91329c3497f18f90cae56d6c8ddc1..., master=0.0732984293193717, candidate=0.0979020979020979 | USER_KEY=70da9913e0b9dd104fe781fd724bf1423f4cb4416f640e5d6820aa4cf..., master=0.0, candidate=100.0 | USER_KEY=985ed8305ba05d88f22ad4b4dc1b832af4eb66d39d9ff5cd21613bf6e..., master=6.538461538461538, candidate=44.0",False,False,,both_nan_match,,
diff_between_w2_w1,diff_between_w2_w1_B_reg_1_7_8_14_15_21,diff_between_w2_w1 calculated from weekly watch_time sums,View_History_v2.csv; User_Mapping_v2.csv; Membership_v2.csv,USER_NUM; watch_time(min); watch_day; reg_date,USER_KEY,Membership_v2.csv reg_date,B_reg_1_7_8_14_15_21,,,both NaN treated as match,23343,13615,9728,0.5832583643918948,1538.0,48.97035513858544,"USER_KEY=7a6960912bebe03c6e4c770eb1aa91329c3497f18f90cae56d6c8ddc1..., master=122.0, candidate=170.0","USER_KEY=4ec765db76545c1d6dda9f421590bf9d02f584009f8d92100afeef459..., master=-2.0, candidate=-4.0","USER_KEY=70da9913e0b9dd104fe781fd724bf1423f4cb4416f640e5d6820aa4cf..., master=214.0, candidate=212.0","USER_KEY=01b16f9f7ff29b48b1ee0d1a89d1eb9662474e5eedb8c2d967ea43793..., value=129.0 | USER_KEY=534bc7b6b1ce05de6523f79872108d8dccc1dab38e2c1fb3c40e96913..., value=0.0 | USER_KEY=ce55ecaa87931f40db2fc448a88af43b50cbed84642851d11882544b1..., value=-99.0","USER_KEY=7a6960912bebe03c6e4c770eb1aa91329c3497f18f90cae56d6c8ddc1..., master=122.0, candidate=170.0 | USER_KEY=4ec765db76545c1d6dda9f421590bf9d02f584009f8d92100afeef459..., master=-2.0, candidate=-4.0 | USER_KEY=70da9913e0b9dd104fe781fd724bf1423f4cb4416f640e5d6820aa4cf..., master=214.0, candidate=212.0",False,False,,both_nan_match,,
diff_between_w3_w1,diff_between_w3_w1_B_reg_1_7_8_14_15_21,diff_between_w3_w1 calculated from weekly watch_time sums,View_History_v2.csv; User_Mapping_v2.csv; Membership_v2.csv,USER_NUM; watch_time(min); watch_day; reg_date,USER_KEY,Membership_v2.csv reg_date,B_reg_1_7_8_14_15_21,,,both NaN treated as match,23343,11794,11549,0.5052478259006983,1171.0,44.82268774364906,"USER_KEY=7a6960912bebe03c6e4c770eb1aa91329c3497f18f90cae56d6c8ddc1..., master=-177.0, candidate=-129.0","USER_KEY=4ec765db76545c1d6dda9f421590bf9d02f584009f8d92100afeef459..., master=-3.0, candidate=-4.0","USER_KEY=70da9913e0b9dd104fe781fd724bf1423f4cb4416f640e5d6820aa4cf..., master=278.0, candidate=277.0","USER_KEY=01b16f9f7ff29b48b1ee0d1a89d1eb9662474e5eedb8c2d967ea43793..., value=0.0 | USER_KEY=534bc7b6b1ce05de6523f79872108d8dccc1dab38e2c1fb3c40e96913..., value=0.0 | USER_KEY=ce55ecaa87931f40db2fc448a88af43b50cbed84642851d11882544b1..., value=-99.0","USER_KEY=7a6960912bebe03c6e4c770eb1aa91329c3497f18f90cae56d6c8ddc1..., master=-177.0, candidate=-129.0 | USER_KEY=4ec765db76545c1d6dda9f421590bf9d02f584009f8d92100afeef459..., master=-3.0, candidate=-4.0 | USER_KEY=70da9913e0b9dd104fe781fd724bf1423f4cb4416f640e5d6820aa4cf..., master=278.0, candidate=277.0",False,False,,both_nan_match,,
diff_between_w3_w2,diff_between_w3_w2_B_reg_1_7_8_14_15_21,diff_between_w3_w2 calculated from weekly watch_time sums,View_History_v2.csv; User_Mapping_v2.csv; Membership_v2.csv,USER_NUM; watch_time(min); watch_day; reg_date,USER_KEY,Membership_v2.csv reg_date,B_reg_1_7_8_14_15_21,,,both NaN treated as match,23343,13860,9483,0.5937540161932914,1472.0,47.13194533693184,"USER_KEY=4ec765db76545c1d6dda9f421590bf9d02f584009f8d92100afeef459..., master=-1.0, candidate=0.0","USER_KEY=70da9913e0b9dd104fe781fd724bf1423f4cb4416f640e5d6820aa4cf..., master=64.0, candidate=65.0","USER_KEY=985ed8305ba05d88f22ad4b4dc1b832af4eb66d39d9ff5cd21613bf6e..., master=90.0, candidate=99.0","USER_KEY=7a6960912bebe03c6e4c770eb1aa91329c3497f18f90cae56d6c8ddc1..., value=-299.0 | USER_KEY=01b16f9f7ff29b48b1ee0d1a89d1eb9662474e5eedb8c2d967ea43793..., value=-129.0 | USER_KEY=534bc7b6b1ce05de6523f79872108d8dccc1dab38e2c1fb3c40e96913..., value=0.0","USER_KEY=4ec765db76545c1d6dda9f421590bf9d02f584009f8d92100afeef459..., master=-1.0, candidate=0.0 | USER_KEY=70da9913e0b9dd104fe781fd724bf1423f4cb4416f640e5d6820aa4cf..., master=64.0, candidate=65.0 | USER_KEY=985ed8305ba05d88f22ad4b4dc1b832af4eb66d39d9ff5cd21613bf6e..., master=90.0, candidate=99.0",False,False,,both_nan_match,,
is_w1_over_50%,is_w1_over_50%_B_reg_1_7_8_14_15_21_three_week_sum_ge_0p5,w1 watch_time / three_week_sum >= 0.5,View_History_v2.csv; User_Mapping_v2.csv; Membership_v2.csv,USER_NUM; watch_time(min); watch_day; reg_date,USER_KEY,Membership_v2.csv reg_date,B_reg_1_7_8_14_15_21,three_week_sum,zero,both NaN treated as match,23343,21172,2171,0.9069956732210941,1.0,0.09300432677890588,"USER_KEY=2c9e3f9186e5dcd624c026c3a72b3070a03822476c6d1cda79011eef7..., master=0.0, candidate=1","USER_KEY=682d79dad73fef7acc8ef0424fc34344db76d46b9958609dfc99110d1..., master=0.0, candidate=1","USER_KEY=3eb81658b0cd17c628dbf7cbed98b09aa66e0383866feb05c194f05f0..., master=0.0, candidate=1","USER_KEY=7a6960912bebe03c6e4c770eb1aa91329c3497f18f90cae56d6c8ddc1..., value=0.0 | USER_KEY=4ec765db76545c1d6dda9f421590bf9d02f584009f8d92100afeef459..., value=1.0 | USER_KEY=01b16f9f7ff29b48b1ee0d1a89d1eb9662474e5eedb8c2d967ea43793..., value=0.0","USER_KEY=2c9e3f9186e5dcd624c026c3a72b3070a03822476c6d1cda79011eef7..., master=0.0, candidate=1 | USER_KEY=682d79dad73fef7acc8ef0424fc34344db76d46b9958609dfc99110d1..., master=0.0, candidate=1 | USER_KEY=3eb81658b0cd17c628dbf7cbed98b09aa66e0383866feb05c194f05f0..., master=0.0, candidate=1",False,False,,both_nan_match,,
is_w1_over_50%,is_w1_over_50%_B_reg_1_7_8_14_15_21_three_week_sum_gt_0p5,w1 watch_time / three_week_sum > 0.5,View_History_v2.csv; User_Mapping_v2.csv; Membership_v2.csv,USER_NUM; watch_time(min); watch_day; reg_date,USER_KEY,Membership_v2.csv reg_date,B_reg_1_7_8_14_15_21,three_week_sum,zero,both NaN treated as match,23343,21085,2258,0.9032686458467206,1.0,0.09673135415327935,"USER_KEY=2c9e3f9186e5dcd624c026c3a72b3070a03822476c6d1cda79011eef7..., master=0.0, candidate=1","USER_KEY=682d79dad73fef7acc8ef0424fc34344db76d46b9958609dfc99110d1..., master=0.0, candidate=1","USER_KEY=3eb81658b0cd17c628dbf7cbed98b09aa66e0383866feb05c194f05f0..., master=0.0, candidate=1","USER_KEY=7a6960912bebe03c6e4c770eb1aa91329c3497f18f90cae56d6c8ddc1..., value=0.0 | USER_KEY=4ec765db76545c1d6dda9f421590bf9d02f584009f8d92100afeef459..., value=1.0 | USER_KEY=01b16f9f7ff29b48b1ee0d1a89d1eb9662474e5eedb8c2d967ea43793..., value=0.0","USER_KEY=2c9e3f9186e5dcd624c026c3a72b3070a03822476c6d1cda79011eef7..., master=0.0, candidate=1 | USER_KEY=682d79dad73fef7acc8ef0424fc34344db76d46b9958609dfc99110d1..., master=0.0, candidate=1 | USER_KEY=3eb81658b0cd17c628dbf7cbed98b09aa66e0383866feb05c194f05f0..., master=0.0, candidate=1",False,False,,both_nan_match,,
is_w1_over_50%,is_w1_over_50%_B_reg_1_7_8_14_15_21_master_total_watch_time_equivalent_ge_0p5,w1 watch_time / master_total_watch_time_equivalent >= 0.5,View_History_v2.csv; User_Mapping_v2.csv; Membership_v2.csv,USER_NUM; watch_time(min); watch_day; reg_date,USER_KEY,Membership_v2.csv reg_date,B_reg_1_7_8_14_15_21,master_total_watch_time_equivalent,zero,both NaN treated as match,23343,21172,2171,0.9069956732210941,1.0,0.09300432677890588,"USER_KEY=2c9e3f9186e5dcd624c026c3a72b3070a03822476c6d1cda79011eef7..., master=0.0, candidate=1","USER_KEY=682d79dad73fef7acc8ef0424fc34344db76d46b9958609dfc99110d1..., master=0.0, candidate=1","USER_KEY=3eb81658b0cd17c628dbf7cbed98b09aa66e0383866feb05c194f05f0..., master=0.0, candidate=1","USER_KEY=7a6960912bebe03c6e4c770eb1aa91329c3497f18f90cae56d6c8ddc1..., value=0.0 | USER_KEY=4ec765db76545c1d6dda9f421590bf9d02f584009f8d92100afeef459..., value=1.0 | USER_KEY=01b16f9f7ff29b48b1ee0d1a89d1eb9662474e5eedb8c2d967ea43793..., value=0.0","USER_KEY=2c9e3f9186e5dcd624c026c3a72b3070a03822476c6d1cda79011eef7..., master=0.0, candidate=1 | USER_KEY=682d79dad73fef7acc8ef0424fc34344db76d46b9958609dfc99110d1..., master=0.0, candidate=1 | USER_KEY=3eb81658b0cd17c628dbf7cbed98b09aa66e0383866feb05c194f05f0..., master=0.0, candidate=1",False,False,,both_nan_match,,
is_w1_over_50%,is_w1_over_50%_B_reg_1_7_8_14_15_21_master_total_watch_time_equivalent_gt_0p5,w1 watch_time / master_total_watch_time_equivalent > 0.5,View_History_v2.csv; User_Mapping_v2.csv; Membership_v2.csv,USER_NUM; watch_time(min); watch_day; reg_date,USER_KEY,Membership_v2.csv reg_date,B_reg_1_7_8_14_15_21,master_total_watch_time_equivalent,zero,both NaN treated as match,23343,21085,2258,0.9032686458467206,1.0,0.09673135415327935,"USER_KEY=2c9e3f9186e5dcd624c026c3a72b3070a03822476c6d1cda79011eef7..., master=0.0, candidate=1","USER_KEY=682d79dad73fef7acc8ef0424fc34344db76d46b9958609dfc99110d1..., master=0.0, candidate=1","USER_KEY=3eb81658b0cd17c628dbf7cbed98b09aa66e0383866feb05c194f05f0..., master=0.0, candidate=1","USER_KEY=7a6960912bebe03c6e4c770eb1aa91329c3497f18f90cae56d6c8ddc1..., value=0.0 | USER_KEY=4ec765db76545c1d6dda9f421590bf9d02f584009f8d92100afeef459..., value=1.0 | USER_KEY=01b16f9f7ff29b48b1ee0d1a89d1eb9662474e5eedb8c2d967ea43793..., value=0.0","USER_KEY=2c9e3f9186e5dcd624c026c3a72b3070a03822476c6d1cda79011eef7..., master=0.0, candidate=1 | USER_KEY=682d79dad73fef7acc8ef0424fc34344db76d46b9958609dfc99110d1..., master=0.0, candidate=1 | USER_KEY=3eb81658b0cd17c628dbf7cbed98b09aa66e0383866feb05c194f05f0..., master=0.0, candidate=1",False,False,,both_nan_match,,
is_w2_over_50%,is_w2_over_50%_B_reg_1_7_8_14_15_21_three_week_sum_ge_0p5,w2 watch_time / three_week_sum >= 0.5,View_History_v2.csv; User_Mapping_v2.csv; Membership_v2.csv,USER_NUM; watch_time(min); watch_day; reg_date,USER_KEY,Membership_v2.csv reg_date,B_reg_1_7_8_14_15_21,three_week_sum,zero,both NaN treated as match,23343,20574,2769,0.881377714946665,1.0,0.11862228505333505,"USER_KEY=2c9e3f9186e5dcd624c026c3a72b3070a03822476c6d1cda79011eef7..., master=1.0, candidate=0","USER_KEY=682d79dad73fef7acc8ef0424fc34344db76d46b9958609dfc99110d1..., master=1.0, candidate=0","USER_KEY=b034b4906fb719f737aeb897bc8cb7b2945f4e12e9d9c0d3c40562e67..., master=0.0, candidate=1","USER_KEY=7a6960912bebe03c6e4c770eb1aa91329c3497f18f90cae56d6c8ddc1..., value=1.0 | USER_KEY=4ec765db76545c1d6dda9f421590bf9d02f584009f8d92100afeef459..., value=0.0 | USER_KEY=01b16f9f7ff29b48b1ee0d1a89d1eb9662474e5eedb8c2d967ea43793..., value=1.0","USER_KEY=2c9e3f9186e5dcd624c026c3a72b3070a03822476c6d1cda79011eef7..., master=1.0, candidate=0 | USER_KEY=682d79dad73fef7acc8ef0424fc34344db76d46b9958609dfc99110d1..., master=1.0, candidate=0 | USER_KEY=b034b4906fb719f737aeb897bc8cb7b2945f4e12e9d9c0d3c40562e67..., master=0.0, candidate=1",False,False,,both_nan_match,,
is_w2_over_50%,is_w2_over_50%_B_reg_1_7_8_14_15_21_three_week_sum_gt_0p5,w2 watch_time / three_week_sum > 0.5,View_History_v2.csv; User_Mapping_v2.csv; Membership_v2.csv,USER_NUM; watch_time(min); watch_day; reg_date,USER_KEY,Membership_v2.csv reg_date,B_reg_1_7_8_14_15_21,three_week_sum,zero,both NaN treated as match,23343,20532,2811,0.8795784603521398,1.0,0.12042153964786018,"USER_KEY=2c9e3f9186e5dcd624c026c3a72b3070a03822476c6d1cda79011eef7..., master=1.0, candidate=0","USER_KEY=682d79dad73fef7acc8ef0424fc34344db76d46b9958609dfc99110d1..., master=1.0, candidate=0","USER_KEY=b034b4906fb719f737aeb897bc8cb7b2945f4e12e9d9c0d3c40562e67..., master=0.0, candidate=1","USER_KEY=7a6960912bebe03c6e4c770eb1aa91329c3497f18f90cae56d6c8ddc1..., value=1.0 | USER_KEY=4ec765db76545c1d6dda9f421590bf9d02f584009f8d92100afeef459..., value=0.0 | USER_KEY=01b16f9f7ff29b48b1ee0d1a89d1eb9662474e5eedb8c2d967ea43793..., value=1.0","USER_KEY=2c9e3f9186e5dcd624c026c3a72b3070a03822476c6d1cda79011eef7..., master=1.0, candidate=0 | USER_KEY=682d79dad73fef7acc8ef0424fc34344db76d46b9958609dfc99110d1..., master=1.0, candidate=0 | USER_KEY=b034b4906fb719f737aeb897bc8cb7b2945f4e12e9d9c0d3c40562e67..., master=0.0, candidate=1",False,False,,both_nan_match,,
is_w2_over_50%,is_w2_over_50%_B_reg_1_7_8_14_15_21_master_total_watch_time_equivalent_ge_0p5,w2 watch_time / master_total_watch_time_equivalent >= 0.5,View_History_v2.csv; User_Mapping_v2.csv; Membership_v2.csv,USER_NUM; watch_time(min); watch_day; reg_date,USER_KEY,Membership_v2.csv reg_date,B_reg_1_7_8_14_15_21,master_total_watch_time_equivalent,zero,both NaN treated as match,23343,20574,2769,0.881377714946665,1.0,0.11862228505333505,"USER_KEY=2c9e3f9186e5dcd624c026c3a72b3070a03822476c6d1cda79011eef7..., master=1.0, candidate=0","USER_KEY=682d79dad73fef7acc8ef0424fc34344db76d46b9958609dfc99110d1..., master=1.0, candidate=0","USER_KEY=b034b4906fb719f737aeb897bc8cb7b2945f4e12e9d9c0d3c40562e67..., master=0.0, candidate=1","USER_KEY=7a6960912bebe03c6e4c770eb1aa91329c3497f18f90cae56d6c8ddc1..., value=1.0 | USER_KEY=4ec765db76545c1d6dda9f421590bf9d02f584009f8d92100afeef459..., value=0.0 | USER_KEY=01b16f9f7ff29b48b1ee0d1a89d1eb9662474e5eedb8c2d967ea43793..., value=1.0","USER_KEY=2c9e3f9186e5dcd624c026c3a72b3070a03822476c6d1cda79011eef7..., master=1.0, candidate=0 | USER_KEY=682d79dad73fef7acc8ef0424fc34344db76d46b9958609dfc99110d1..., master=1.0, candidate=0 | USER_KEY=b034b4906fb719f737aeb897bc8cb7b2945f4e12e9d9c0d3c40562e67..., master=0.0, candidate=1",False,False,,both_nan_match,,
is_w2_over_50%,is_w2_over_50%_B_reg_1_7_8_14_15_21_master_total_watch_time_equivalent_gt_0p5,w2 watch_time / master_total_watch_time_equivalent > 0.5,View_History_v2.csv; User_Mapping_v2.csv; Membership_v2.csv,USER_NUM; watch_time(min); watch_day; reg_date,USER_KEY,Membership_v2.csv reg_date,B_reg_1_7_8_14_15_21,master_total_watch_time_equivalent,zero,both NaN treated as match,23343,20532,2811,0.8795784603521398,1.0,0.12042153964786018,"USER_KEY=2c9e3f9186e5dcd624c026c3a72b3070a03822476c6d1cda79011eef7..., master=1.0, candidate=0","USER_KEY=682d79dad73fef7acc8ef0424fc34344db76d46b9958609dfc99110d1..., master=1.0, candidate=0","USER_KEY=b034b4906fb719f737aeb897bc8cb7b2945f4e12e9d9c0d3c40562e67..., master=0.0, candidate=1","USER_KEY=7a6960912bebe03c6e4c770eb1aa91329c3497f18f90cae56d6c8ddc1..., value=1.0 | USER_KEY=4ec765db76545c1d6dda9f421590bf9d02f584009f8d92100afeef459..., value=0.0 | USER_KEY=01b16f9f7ff29b48b1ee0d1a89d1eb9662474e5eedb8c2d967ea43793..., value=1.0","USER_KEY=2c9e3f9186e5dcd624c026c3a72b3070a03822476c6d1cda79011eef7..., master=1.0, candidate=0 | USER_KEY=682d79dad73fef7acc8ef0424fc34344db76d46b9958609dfc99110d1..., master=1.0, candidate=0 | USER_KEY=b034b4906fb719f737aeb897bc8cb7b2945f4e12e9d9c0d3c40562e67..., master=0.0, candidate=1",False,False,,both_nan_match,,
is_w3_over_50%,is_w3_over_50%_B_reg_1_7_8_14_15_21_three_week_sum_ge_0p5,w3 watch_time / three_week_sum >= 0.5,View_History_v2.csv; User_Mapping_v2.csv; Membership_v2.csv,USER_NUM; watch_time(min); watch_day; reg_date,USER_KEY,Membership_v2.csv reg_date,B_reg_1_7_8_14_15_21,three_week_sum,zero,both NaN treated as match,23343,21139,2204,0.9055819731825386,1.0,0.09441802681746134,"USER_KEY=c887b4e54e444c560ee497cd46c3d16a1a3261c1748b4c3cc80cbd14f..., master=1.0, candidate=0","USER_KEY=a02a14ff1ab86edbfe46ad5a6a7fce054dc83c39aa7c362622171c550..., master=1.0, candidate=0","USER_KEY=01a2e024ad1ab913119f330fcbe827633b741e42544f31628e02f5e58..., master=0.0, candidate=1","USER_KEY=7a6960912bebe03c6e4c770eb1aa91329c3497f18f90cae56d6c8ddc1..., value=0.0 | USER_KEY=4ec765db76545c1d6dda9f421590bf9d02f584009f8d92100afeef459..., value=0.0 | USER_KEY=01b16f9f7ff29b48b1ee0d1a89d1eb9662474e5eedb8c2d967ea43793..., value=0.0","USER_KEY=c887b4e54e444c560ee497cd46c3d16a1a3261c1748b4c3cc80cbd14f..., master=1.0, candidate=0 | USER_KEY=a02a14ff1ab86edbfe46ad5a6a7fce054dc83c39aa7c362622171c550..., master=1.0, candidate=0 | USER_KEY=01a2e024ad1ab913119f330fcbe827633b741e42544f31628e02f5e58..., master=0.0, candidate=1",False,False,,both_nan_match,,
is_w3_over_50%,is_w3_over_50%_B_reg_1_7_8_14_15_21_three_week_sum_gt_0p5,w3 watch_time / three_week_sum > 0.5,View_History_v2.csv; User_Mapping_v2.csv; Membership_v2.csv,USER_NUM; watch_time(min); watch_day; reg_date,USER_KEY,Membership_v2.csv reg_date,B_reg_1_7_8_14_15_21,three_week_sum,zero,both NaN treated as match,23343,21110,2233,0.9043396307244141,1.0,0.09566036927558583,"USER_KEY=c887b4e54e444c560ee497cd46c3d16a1a3261c1748b4c3cc80cbd14f..., master=1.0, candidate=0","USER_KEY=9a6a9df054887c0beecc9e54a999bd28546d43d5154eeec0d0d2bff5b..., master=1.0, candidate=0","USER_KEY=a02a14ff1ab86edbfe46ad5a6a7fce054dc83c39aa7c362622171c550..., master=1.0, candidate=0","USER_KEY=7a6960912bebe03c6e4c770eb1aa91329c3497f18f90cae56d6c8ddc1..., value=0.0 | USER_KEY=4ec765db76545c1d6dda9f421590bf9d02f584009f8d92100afeef459..., value=0.0 | USER_KEY=01b16f9f7ff29b48b1ee0d1a89d1eb9662474e5eedb8c2d967ea43793..., value=0.0","USER_KEY=c887b4e54e444c560ee497cd46c3d16a1a3261c1748b4c3cc80cbd14f..., master=1.0, candidate=0 | USER_KEY=9a6a9df054887c0beecc9e54a999bd28546d43d5154eeec0d0d2bff5b..., master=1.0, candidate=0 | USER_KEY=a02a14ff1ab86edbfe46ad5a6a7fce054dc83c39aa7c362622171c550..., master=1.0, candidate=0",False,False,,both_nan_match,,
is_w3_over_50%,is_w3_over_50%_B_reg_1_7_8_14_15_21_master_total_watch_time_equivalent_ge_0p5,w3 watch_time / master_total_watch_time_equivalent >= 0.5,View_History_v2.csv; User_Mapping_v2.csv; Membership_v2.csv,USER_NUM; watch_time(min); watch_day; reg_date,USER_KEY,Membership_v2.csv reg_date,B_reg_1_7_8_14_15_21,master_total_watch_time_equivalent,zero,both NaN treated as match,23343,21139,2204,0.9055819731825386,1.0,0.09441802681746134,"USER_KEY=c887b4e54e444c560ee497cd46c3d16a1a3261c1748b4c3cc80cbd14f..., master=1.0, candidate=0","USER_KEY=a02a14ff1ab86edbfe46ad5a6a7fce054dc83c39aa7c362622171c550..., master=1.0, candidate=0","USER_KEY=01a2e024ad1ab913119f330fcbe827633b741e42544f31628e02f5e58..., master=0.0, candidate=1","USER_KEY=7a6960912bebe03c6e4c770eb1aa91329c3497f18f90cae56d6c8ddc1..., value=0.0 | USER_KEY=4ec765db76545c1d6dda9f421590bf9d02f584009f8d92100afeef459..., value=0.0 | USER_KEY=01b16f9f7ff29b48b1ee0d1a89d1eb9662474e5eedb8c2d967ea43793..., value=0.0","USER_KEY=c887b4e54e444c560ee497cd46c3d16a1a3261c1748b4c3cc80cbd14f..., master=1.0, candidate=0 | USER_KEY=a02a14ff1ab86edbfe46ad5a6a7fce054dc83c39aa7c362622171c550..., master=1.0, candidate=0 | USER_KEY=01a2e024ad1ab913119f330fcbe827633b741e42544f31628e02f5e58..., master=0.0, candidate=1",False,False,,both_nan_match,,
is_w3_over_50%,is_w3_over_50%_B_reg_1_7_8_14_15_21_master_total_watch_time_equivalent_gt_0p5,w3 watch_time / master_total_watch_time_equivalent > 0.5,View_History_v2.csv; User_Mapping_v2.csv; Membership_v2.csv,USER_NUM; watch_time(min); watch_day; reg_date,USER_KEY,Membership_v2.csv reg_date,B_reg_1_7_8_14_15_21,master_total_watch_time_equivalent,zero,both NaN treated as match,23343,21110,2233,0.9043396307244141,1.0,0.09566036927558583,"USER_KEY=c887b4e54e444c560ee497cd46c3d16a1a3261c1748b4c3cc80cbd14f..., master=1.0, candidate=0","USER_KEY=9a6a9df054887c0beecc9e54a999bd28546d43d5154eeec0d0d2bff5b..., master=1.0, candidate=0","USER_KEY=a02a14ff1ab86edbfe46ad5a6a7fce054dc83c39aa7c362622171c550..., master=1.0, candidate=0","USER_KEY=7a6960912bebe03c6e4c770eb1aa91329c3497f18f90cae56d6c8ddc1..., value=0.0 | USER_KEY=4ec765db76545c1d6dda9f421590bf9d02f584009f8d92100afeef459..., value=0.0 | USER_KEY=01b16f9f7ff29b48b1ee0d1a89d1eb9662474e5eedb8c2d967ea43793..., value=0.0","USER_KEY=c887b4e54e444c560ee497cd46c3d16a1a3261c1748b4c3cc80cbd14f..., master=1.0, candidate=0 | USER_KEY=9a6a9df054887c0beecc9e54a999bd28546d43d5154eeec0d0d2bff5b..., master=1.0, candidate=0 | USER_KEY=a02a14ff1ab86edbfe46ad5a6a7fce054dc83c39aa7c362622171c550..., master=1.0, candidate=0",False,False,,both_nan_match,,
is_only_w1,is_only_w1_B_reg_1_7_8_14_15_21_watch_time_only,only w1 has watch_time > 0,View_History_v2.csv; User_Mapping_v2.csv; Membership_v2.csv,USER_NUM; watch_time(min); watch_day; reg_date,USER_KEY,Membership_v2.csv reg_date,B_reg_1_7_8_14_15_21,,,both NaN treated as match,23343,22443,900,0.9614445444030331,1.0,0.03855545559696697,"USER_KEY=4ec765db76545c1d6dda9f421590bf9d02f584009f8d92100afeef459..., master=0.0, candidate=1","USER_KEY=2bff782c4dbe0aca845d2d9446f8ba48b59b10145e019f89abbf63462..., master=1.0, candidate=0","USER_KEY=5001f3439e676716df0fbe765c252772cb2a5a876fb35accb54c39589..., master=0.0, candidate=1","USER_KEY=7a6960912bebe03c6e4c770eb1aa91329c3497f18f90cae56d6c8ddc1..., value=0.0 | USER_KEY=01b16f9f7ff29b48b1ee0d1a89d1eb9662474e5eedb8c2d967ea43793..., value=0.0 | USER_KEY=534bc7b6b1ce05de6523f79872108d8dccc1dab38e2c1fb3c40e96913..., value=0.0","USER_KEY=4ec765db76545c1d6dda9f421590bf9d02f584009f8d92100afeef459..., master=0.0, candidate=1 | USER_KEY=2bff782c4dbe0aca845d2d9446f8ba48b59b10145e019f89abbf63462..., master=1.0, candidate=0 | USER_KEY=5001f3439e676716df0fbe765c252772cb2a5a876fb35accb54c39589..., master=0.0, candidate=1",False,False,,both_nan_match,,
is_only_w1,is_only_w1_B_reg_1_7_8_14_15_21_session_only,only w1 has session count > 0,View_History_v2.csv; User_Mapping_v2.csv; Membership_v2.csv,USER_NUM; watch_time(min); watch_day; reg_date,USER_KEY,Membership_v2.csv reg_date,B_reg_1_7_8_14_15_21,,,both NaN treated as match,23343,22443,900,0.9614445444030331,1.0,0.03855545559696697,"USER_KEY=4ec765db76545c1d6dda9f421590bf9d02f584009f8d92100afeef459..., master=0.0, candidate=1","USER_KEY=2bff782c4dbe0aca845d2d9446f8ba48b59b10145e019f89abbf63462..., master=1.0, candidate=0","USER_KEY=5001f3439e676716df0fbe765c252772cb2a5a876fb35accb54c39589..., master=0.0, candidate=1","USER_KEY=7a6960912bebe03c6e4c770eb1aa91329c3497f18f90cae56d6c8ddc1..., value=0.0 | USER_KEY=01b16f9f7ff29b48b1ee0d1a89d1eb9662474e5eedb8c2d967ea43793..., value=0.0 | USER_KEY=534bc7b6b1ce05de6523f79872108d8dccc1dab38e2c1fb3c40e96913..., value=0.0","USER_KEY=4ec765db76545c1d6dda9f421590bf9d02f584009f8d92100afeef459..., master=0.0, candidate=1 | USER_KEY=2bff782c4dbe0aca845d2d9446f8ba48b59b10145e019f89abbf63462..., master=1.0, candidate=0 | USER_KEY=5001f3439e676716df0fbe765c252772cb2a5a876fb35accb54c39589..., master=0.0, candidate=1",False,False,,both_nan_match,,
is_only_w2,is_only_w2_B_reg_1_7_8_14_15_21_watch_time_only,only w2 has watch_time > 0,View_History_v2.csv; User_Mapping_v2.csv; Membership_v2.csv,USER_NUM; watch_time(min); watch_day; reg_date,USER_KEY,Membership_v2.csv reg_date,B_reg_1_7_8_14_15_21,,,both NaN treated as match,23343,22362,981,0.957974553399306,1.0,0.042025446600693996,"USER_KEY=be1409957fae7ab50ed9241829bdfd6a89a838714f60b64619fbd5a7d..., master=0.0, candidate=1","USER_KEY=a0d95aac1fd00133569f6061039d7111db4fbd170eb9bcb7aa991632a..., master=0.0, candidate=1","USER_KEY=f24031228fe56757d75c6c8ef8990aabcddec282a837720a5717c1f3d..., master=1.0, candidate=0","USER_KEY=7a6960912bebe03c6e4c770eb1aa91329c3497f18f90cae56d6c8ddc1..., value=0.0 | USER_KEY=4ec765db76545c1d6dda9f421590bf9d02f584009f8d92100afeef459..., value=0.0 | USER_KEY=01b16f9f7ff29b48b1ee0d1a89d1eb9662474e5eedb8c2d967ea43793..., value=1.0","USER_KEY=be1409957fae7ab50ed9241829bdfd6a89a838714f60b64619fbd5a7d..., master=0.0, candidate=1 | USER_KEY=a0d95aac1fd00133569f6061039d7111db4fbd170eb9bcb7aa991632a..., master=0.0, candidate=1 | USER_KEY=f24031228fe56757d75c6c8ef8990aabcddec282a837720a5717c1f3d..., master=1.0, candidate=0",False,False,,both_nan_match,,
is_only_w2,is_only_w2_B_reg_1_7_8_14_15_21_session_only,only w2 has session count > 0,View_History_v2.csv; User_Mapping_v2.csv; Membership_v2.csv,USER_NUM; watch_time(min); watch_day; reg_date,USER_KEY,Membership_v2.csv reg_date,B_reg_1_7_8_14_15_21,,,both NaN treated as match,23343,22362,981,0.957974553399306,1.0,0.042025446600693996,"USER_KEY=be1409957fae7ab50ed9241829bdfd6a89a838714f60b64619fbd5a7d..., master=0.0, candidate=1","USER_KEY=a0d95aac1fd00133569f6061039d7111db4fbd170eb9bcb7aa991632a..., master=0.0, candidate=1","USER_KEY=f24031228fe56757d75c6c8ef8990aabcddec282a837720a5717c1f3d..., master=1.0, candidate=0","USER_KEY=7a6960912bebe03c6e4c770eb1aa91329c3497f18f90cae56d6c8ddc1..., value=0.0 | USER_KEY=4ec765db76545c1d6dda9f421590bf9d02f584009f8d92100afeef459..., value=0.0 | USER_KEY=01b16f9f7ff29b48b1ee0d1a89d1eb9662474e5eedb8c2d967ea43793..., value=1.0","USER_KEY=be1409957fae7ab50ed9241829bdfd6a89a838714f60b64619fbd5a7d..., master=0.0, candidate=1 | USER_KEY=a0d95aac1fd00133569f6061039d7111db4fbd170eb9bcb7aa991632a..., master=0.0, candidate=1 | USER_KEY=f24031228fe56757d75c6c8ef8990aabcddec282a837720a5717c1f3d..., master=1.0, candidate=0",False,False,,both_nan_match,,
is_only_w3,is_only_w3_B_reg_1_7_8_14_15_21_watch_time_only,only w3 has watch_time > 0,View_History_v2.csv; User_Mapping_v2.csv; Membership_v2.csv,USER_NUM; watch_time(min); watch_day; reg_date,USER_KEY,Membership_v2.csv reg_date,B_reg_1_7_8_14_15_21,,,both NaN treated as match,23343,22418,925,0.9603735595253395,1.0,0.0396264404746605,"USER_KEY=01a2e024ad1ab913119f330fcbe827633b741e42544f31628e02f5e58..., master=0.0, candidate=1","USER_KEY=4d433accbc056692f414ff1e49359efa750d125966c721afa168ba8e4..., master=1.0, candidate=0","USER_KEY=1572fb5e664031e4a6acda9fa2428c2cebad3bf2898f7b0ba5666a01d..., master=0.0, candidate=1","USER_KEY=7a6960912bebe03c6e4c770eb1aa91329c3497f18f90cae56d6c8ddc1..., value=0.0 | USER_KEY=4ec765db76545c1d6dda9f421590bf9d02f584009f8d92100afeef459..., value=0.0 | USER_KEY=01b16f9f7ff29b48b1ee0d1a89d1eb9662474e5eedb8c2d967ea43793..., value=0.0","USER_KEY=01a2e024ad1ab913119f330fcbe827633b741e42544f31628e02f5e58..., master=0.0, candidate=1 | USER_KEY=4d433accbc056692f414ff1e49359efa750d125966c721afa168ba8e4..., master=1.0, candidate=0 | USER_KEY=1572fb5e664031e4a6acda9fa2428c2cebad3bf2898f7b0ba5666a01d..., master=0.0, candidate=1",False,False,,both_nan_match,,
is_only_w3,is_only_w3_B_reg_1_7_8_14_15_21_session_only,only w3 has session count > 0,View_History_v2.csv; User_Mapping_v2.csv; Membership_v2.csv,USER_NUM; watch_time(min); watch_day; reg_date,USER_KEY,Membership_v2.csv reg_date,B_reg_1_7_8_14_15_21,,,both NaN treated as match,23343,22418,925,0.9603735595253395,1.0,0.0396264404746605,"USER_KEY=01a2e024ad1ab913119f330fcbe827633b741e42544f31628e02f5e58..., master=0.0, candidate=1","USER_KEY=4d433accbc056692f414ff1e49359efa750d125966c721afa168ba8e4..., master=1.0, candidate=0","USER_KEY=1572fb5e664031e4a6acda9fa2428c2cebad3bf2898f7b0ba5666a01d..., master=0.0, candidate=1","USER_KEY=7a6960912bebe03c6e4c770eb1aa91329c3497f18f90cae56d6c8ddc1..., value=0.0 | USER_KEY=4ec765db76545c1d6dda9f421590bf9d02f584009f8d92100afeef459..., value=0.0 | USER_KEY=01b16f9f7ff29b48b1ee0d1a89d1eb9662474e5eedb8c2d967ea43793..., value=0.0","USER_KEY=01a2e024ad1ab913119f330fcbe827633b741e42544f31628e02f5e58..., master=0.0, candidate=1 | USER_KEY=4d433accbc056692f414ff1e49359efa750d125966c721afa168ba8e4..., master=1.0, candidate=0 | USER_KEY=1572fb5e664031e4a6acda9fa2428c2cebad3bf2898f7b0ba5666a01d..., master=0.0, candidate=1",False,False,,both_nan_match,,
retention_w2_ratio,retention_w2_ratio_C_calendar_week_from_reg_week_w2_over_w1_zero_zero,w2_over_w1; denominator zero policy=zero,View_History_v2.csv; User_Mapping_v2.csv; Membership_v2.csv,USER_NUM; watch_time(min); watch_day; reg_date,USER_KEY,Membership_v2.csv reg_date,C_calendar_week_from_reg_week,w1,zero,both NaN treated as match,23343,16360,6983,0.7008525039626441,986.3954545454545,3.16150617053127,"USER_KEY=7a6960912bebe03c6e4c770eb1aa91329c3497f18f90cae56d6c8ddc1..., master=1.638743455497382, candidate=2.9791666666666665","USER_KEY=4ec765db76545c1d6dda9f421590bf9d02f584009f8d92100afeef459..., master=0.3333333333333333, candidate=0.0","USER_KEY=985ed8305ba05d88f22ad4b4dc1b832af4eb66d39d9ff5cd21613bf6e..., master=3.076923076923077, candidate=0.11538461538461539","USER_KEY=01b16f9f7ff29b48b1ee0d1a89d1eb9662474e5eedb8c2d967ea43793..., value=0.0 | USER_KEY=534bc7b6b1ce05de6523f79872108d8dccc1dab38e2c1fb3c40e96913..., value=0.0 | USER_KEY=70da9913e0b9dd104fe781fd724bf1423f4cb4416f640e5d6820aa4cf..., value=0.0","USER_KEY=7a6960912bebe03c6e4c770eb1aa91329c3497f18f90cae56d6c8ddc1..., master=1.638743455497382, candidate=2.9791666666666665 | USER_KEY=4ec765db76545c1d6dda9f421590bf9d02f584009f8d92100afeef459..., master=0.3333333333333333, candidate=0.0 | USER_KEY=985ed8305ba05d88f22ad4b4dc1b832af4eb66d39d9ff5cd21613bf6e..., master=3.076923076923077, candidate=0.11538461538461539",False,False,,both_nan_match,,
retention_w2_ratio,retention_w2_ratio_C_calendar_week_from_reg_week_w2_over_w1_zero_nan,w2_over_w1; denominator zero policy=nan,View_History_v2.csv; User_Mapping_v2.csv; Membership_v2.csv,USER_NUM; watch_time(min); watch_day; reg_date,USER_KEY,Membership_v2.csv reg_date,C_calendar_week_from_reg_week,w1,nan,both NaN treated as match,23343,6517,16826,0.2791843379171486,986.3954545454545,4.314818074730816,"USER_KEY=7a6960912bebe03c6e4c770eb1aa91329c3497f18f90cae56d6c8ddc1..., master=1.638743455497382, candidate=2.9791666666666665","USER_KEY=4ec765db76545c1d6dda9f421590bf9d02f584009f8d92100afeef459..., master=0.3333333333333333, candidate=NaN","USER_KEY=01b16f9f7ff29b48b1ee0d1a89d1eb9662474e5eedb8c2d967ea43793..., master=0.0, candidate=NaN","USER_KEY=0cdfedd59da0d83ad70c0083b12865f0cd414ac189f27872ca1ff6bb0..., value=0.2806122448979591 | USER_KEY=55dde00cc04d57b986d5bd9ae14fa9c5bde7c6005fa4782f0c7200203..., value=0.76 | USER_KEY=c1f7ae1eaebdd5cdd89f308c424154b2f900c4f758fb646f54670431d..., value=1.75","USER_KEY=7a6960912bebe03c6e4c770eb1aa91329c3497f18f90cae56d6c8ddc1..., master=1.638743455497382, candidate=2.9791666666666665 | USER_KEY=4ec765db76545c1d6dda9f421590bf9d02f584009f8d92100afeef459..., master=0.3333333333333333, candidate=NaN | USER_KEY=01b16f9f7ff29b48b1ee0d1a89d1eb9662474e5eedb8c2d967ea43793..., master=0.0, candidate=NaN",False,False,,both_nan_match,,
retention_w2_ratio,retention_w2_ratio_C_calendar_week_from_reg_week_w2_over_w1_plus_1_zero_zero,w2_over_w1_plus_1; denominator zero policy=zero,View_History_v2.csv; User_Mapping_v2.csv; Membership_v2.csv,USER_NUM; watch_time(min); watch_day; reg_date,USER_KEY,Membership_v2.csv reg_date,C_calendar_week_from_reg_week,w1_plus_1,zero,both NaN treated as match,23343,8137,15206,0.3485841579916892,2957.0,44.22769857246829,"USER_KEY=7a6960912bebe03c6e4c770eb1aa91329c3497f18f90cae56d6c8ddc1..., master=1.638743455497382, candidate=2.9183673469387754","USER_KEY=4ec765db76545c1d6dda9f421590bf9d02f584009f8d92100afeef459..., master=0.3333333333333333, candidate=4.0","USER_KEY=01b16f9f7ff29b48b1ee0d1a89d1eb9662474e5eedb8c2d967ea43793..., master=0.0, candidate=129.0","USER_KEY=534bc7b6b1ce05de6523f79872108d8dccc1dab38e2c1fb3c40e96913..., value=0.0 | USER_KEY=1d47cdbe7f7016e6c3f42cb08e37db55548481ffa31122e1a18a27ce9..., value=0.0 | USER_KEY=60881ae7798e9a1496e8e524b9291a6a4b0dab2f0e67a90772097ca82..., value=0.0","USER_KEY=7a6960912bebe03c6e4c770eb1aa91329c3497f18f90cae56d6c8ddc1..., master=1.638743455497382, candidate=2.9183673469387754 | USER_KEY=4ec765db76545c1d6dda9f421590bf9d02f584009f8d92100afeef459..., master=0.3333333333333333, candidate=4.0 | USER_KEY=01b16f9f7ff29b48b1ee0d1a89d1eb9662474e5eedb8c2d967ea43793..., master=0.0, candidate=129.0",False,False,,both_nan_match,,
retention_w2_ratio,retention_w2_ratio_C_calendar_week_from_reg_week_w2_over_w1_plus_1_zero_nan,w2_over_w1_plus_1; denominator zero policy=nan,View_History_v2.csv; User_Mapping_v2.csv; Membership_v2.csv,USER_NUM; watch_time(min); watch_day; reg_date,USER_KEY,Membership_v2.csv reg_date,C_calendar_week_from_reg_week,w1_plus_1,nan,both NaN treated as match,23343,8137,15206,0.3485841579916892,2957.0,44.22769857246829,"USER_KEY=7a6960912bebe03c6e4c770eb1aa91329c3497f18f90cae56d6c8ddc1..., master=1.638743455497382, candidate=2.9183673469387754","USER_KEY=4ec765db76545c1d6dda9f421590bf9d02f584009f8d92100afeef459..., master=0.3333333333333333, candidate=4.0","USER_KEY=01b16f9f7ff29b48b1ee0d1a89d1eb9662474e5eedb8c2d967ea43793..., master=0.0, candidate=129.0","USER_KEY=534bc7b6b1ce05de6523f79872108d8dccc1dab38e2c1fb3c40e96913..., value=0.0 | USER_KEY=1d47cdbe7f7016e6c3f42cb08e37db55548481ffa31122e1a18a27ce9..., value=0.0 | USER_KEY=60881ae7798e9a1496e8e524b9291a6a4b0dab2f0e67a90772097ca82..., value=0.0","USER_KEY=7a6960912bebe03c6e4c770eb1aa91329c3497f18f90cae56d6c8ddc1..., master=1.638743455497382, candidate=2.9183673469387754 | USER_KEY=4ec765db76545c1d6dda9f421590bf9d02f584009f8d92100afeef459..., master=0.3333333333333333, candidate=4.0 | USER_KEY=01b16f9f7ff29b48b1ee0d1a89d1eb9662474e5eedb8c2d967ea43793..., master=0.0, candidate=129.0",False,False,,both_nan_match,,
retention_w2_ratio,retention_w2_ratio_C_calendar_week_from_reg_week_w2_plus_1_over_w1_plus_1_zero_zero,w2_plus_1_over_w1_plus_1; denominator zero policy=zero,View_History_v2.csv; User_Mapping_v2.csv; Membership_v2.csv,USER_NUM; watch_time(min); watch_day; reg_date,USER_KEY,Membership_v2.csv reg_date,C_calendar_week_from_reg_week,w1_plus_1,zero,both NaN treated as match,23343,55,23288,0.0023561667309257594,2958.0,44.753943873283625,"USER_KEY=7a6960912bebe03c6e4c770eb1aa91329c3497f18f90cae56d6c8ddc1..., master=1.638743455497382, candidate=2.938775510204082","USER_KEY=4ec765db76545c1d6dda9f421590bf9d02f584009f8d92100afeef459..., master=0.3333333333333333, candidate=5.0","USER_KEY=01b16f9f7ff29b48b1ee0d1a89d1eb9662474e5eedb8c2d967ea43793..., master=0.0, candidate=130.0","USER_KEY=5cf3368d41f51281e67b370690b69ea21467b274ada97409797094dee..., value=1.0 | USER_KEY=f60545caa9bce3c2c33b7089d88085c7ed8d79c8a619ae59f54f77970..., value=1.0 | USER_KEY=6652e2597875d4f34b48a0610c035521f2aea2f8abc5f3b8ae4e7ea04..., value=1.0","USER_KEY=7a6960912bebe03c6e4c770eb1aa91329c3497f18f90cae56d6c8ddc1..., master=1.638743455497382, candidate=2.938775510204082 | USER_KEY=4ec765db76545c1d6dda9f421590bf9d02f584009f8d92100afeef459..., master=0.3333333333333333, candidate=5.0 | USER_KEY=01b16f9f7ff29b48b1ee0d1a89d1eb9662474e5eedb8c2d967ea43793..., master=0.0, candidate=130.0",False,False,,both_nan_match,,
retention_w2_ratio,retention_w2_ratio_C_calendar_week_from_reg_week_w2_plus_1_over_w1_plus_1_zero_nan,w2_plus_1_over_w1_plus_1; denominator zero policy=nan,View_History_v2.csv; User_Mapping_v2.csv; Membership_v2.csv,USER_NUM; watch_time(min); watch_day; reg_date,USER_KEY,Membership_v2.csv reg_date,C_calendar_week_from_reg_week,w1_plus_1,nan,both NaN treated as match,23343,55,23288,0.0023561667309257594,2958.0,44.753943873283625,"USER_KEY=7a6960912bebe03c6e4c770eb1aa91329c3497f18f90cae56d6c8ddc1..., master=1.638743455497382, candidate=2.938775510204082","USER_KEY=4ec765db76545c1d6dda9f421590bf9d02f584009f8d92100afeef459..., master=0.3333333333333333, candidate=5.0","USER_KEY=01b16f9f7ff29b48b1ee0d1a89d1eb9662474e5eedb8c2d967ea43793..., master=0.0, candidate=130.0","USER_KEY=5cf3368d41f51281e67b370690b69ea21467b274ada97409797094dee..., value=1.0 | USER_KEY=f60545caa9bce3c2c33b7089d88085c7ed8d79c8a619ae59f54f77970..., value=1.0 | USER_KEY=6652e2597875d4f34b48a0610c035521f2aea2f8abc5f3b8ae4e7ea04..., value=1.0","USER_KEY=7a6960912bebe03c6e4c770eb1aa91329c3497f18f90cae56d6c8ddc1..., master=1.638743455497382, candidate=2.938775510204082 | USER_KEY=4ec765db76545c1d6dda9f421590bf9d02f584009f8d92100afeef459..., master=0.3333333333333333, candidate=5.0 | USER_KEY=01b16f9f7ff29b48b1ee0d1a89d1eb9662474e5eedb8c2d967ea43793..., master=0.0, candidate=130.0",False,False,,both_nan_match,,
retention_w3_ratio,retention_w3_ratio_C_calendar_week_from_reg_week_w3_over_w2_zero_zero,w3_over_w2; denominator zero policy=zero,View_History_v2.csv; User_Mapping_v2.csv; Membership_v2.csv,USER_NUM; watch_time(min); watch_day; reg_date,USER_KEY,Membership_v2.csv reg_date,C_calendar_week_from_reg_week,w2,zero,both NaN treated as match,23343,7265,16078,0.31122820545773894,1382.2714604236344,3.6315550189711296,"USER_KEY=7a6960912bebe03c6e4c770eb1aa91329c3497f18f90cae56d6c8ddc1..., master=0.027027027027027, candidate=2.1888111888111887","USER_KEY=70da9913e0b9dd104fe781fd724bf1423f4cb4416f640e5d6820aa4cf..., master=0.5650406504065041, candidate=1.2990654205607477","USER_KEY=985ed8305ba05d88f22ad4b4dc1b832af4eb66d39d9ff5cd21613bf6e..., master=0.6159420289855072, candidate=82.33333333333333","USER_KEY=4ec765db76545c1d6dda9f421590bf9d02f584009f8d92100afeef459..., value=0.0 | USER_KEY=01b16f9f7ff29b48b1ee0d1a89d1eb9662474e5eedb8c2d967ea43793..., value=0.0 | USER_KEY=534bc7b6b1ce05de6523f79872108d8dccc1dab38e2c1fb3c40e96913..., value=0.0","USER_KEY=7a6960912bebe03c6e4c770eb1aa91329c3497f18f90cae56d6c8ddc1..., master=0.027027027027027, candidate=2.1888111888111887 | USER_KEY=70da9913e0b9dd104fe781fd724bf1423f4cb4416f640e5d6820aa4cf..., master=0.5650406504065041, candidate=1.2990654205607477 | USER_KEY=985ed8305ba05d88f22ad4b4dc1b832af4eb66d39d9ff5cd21613bf6e..., master=0.6159420289855072, candidate=82.33333333333333",False,False,,both_nan_match,,
retention_w3_ratio,retention_w3_ratio_C_calendar_week_from_reg_week_w3_over_w2_zero_nan,w3_over_w2; denominator zero policy=nan,View_History_v2.csv; User_Mapping_v2.csv; Membership_v2.csv,USER_NUM; watch_time(min); watch_day; reg_date,USER_KEY,Membership_v2.csv reg_date,C_calendar_week_from_reg_week,w2,nan,both NaN treated as match,23343,3720,19623,0.1593625498007968,1382.2714604236344,5.498425842338411,"USER_KEY=7a6960912bebe03c6e4c770eb1aa91329c3497f18f90cae56d6c8ddc1..., master=0.027027027027027, candidate=2.1888111888111887","USER_KEY=534bc7b6b1ce05de6523f79872108d8dccc1dab38e2c1fb3c40e96913..., master=0.0, candidate=NaN","USER_KEY=70da9913e0b9dd104fe781fd724bf1423f4cb4416f640e5d6820aa4cf..., master=0.5650406504065041, candidate=1.2990654205607477","USER_KEY=4ec765db76545c1d6dda9f421590bf9d02f584009f8d92100afeef459..., value=0.0 | USER_KEY=01b16f9f7ff29b48b1ee0d1a89d1eb9662474e5eedb8c2d967ea43793..., value=0.0 | USER_KEY=ce55ecaa87931f40db2fc448a88af43b50cbed84642851d11882544b1..., value=0.0","USER_KEY=7a6960912bebe03c6e4c770eb1aa91329c3497f18f90cae56d6c8ddc1..., master=0.027027027027027, candidate=2.1888111888111887 | USER_KEY=534bc7b6b1ce05de6523f79872108d8dccc1dab38e2c1fb3c40e96913..., master=0.0, candidate=NaN | USER_KEY=70da9913e0b9dd104fe781fd724bf1423f4cb4416f640e5d6820aa4cf..., master=0.5650406504065041, candidate=1.2990654205607477",False,False,,both_nan_match,,
retention_w3_ratio,retention_w3_ratio_C_calendar_week_from_reg_week_w3_over_w2_plus_1_zero_zero,w3_over_w2_plus_1; denominator zero policy=zero,View_History_v2.csv; User_Mapping_v2.csv; Membership_v2.csv,USER_NUM; watch_time(min); watch_day; reg_date,USER_KEY,Membership_v2.csv reg_date,C_calendar_week_from_reg_week,w2_plus_1,zero,both NaN treated as match,23343,6737,16606,0.28860900484085167,1770.0,30.59384548542468,"USER_KEY=7a6960912bebe03c6e4c770eb1aa91329c3497f18f90cae56d6c8ddc1..., master=0.027027027027027, candidate=2.173611111111111","USER_KEY=70da9913e0b9dd104fe781fd724bf1423f4cb4416f640e5d6820aa4cf..., master=0.5650406504065041, candidate=1.2930232558139534","USER_KEY=985ed8305ba05d88f22ad4b4dc1b832af4eb66d39d9ff5cd21613bf6e..., master=0.6159420289855072, candidate=61.75","USER_KEY=4ec765db76545c1d6dda9f421590bf9d02f584009f8d92100afeef459..., value=0.0 | USER_KEY=01b16f9f7ff29b48b1ee0d1a89d1eb9662474e5eedb8c2d967ea43793..., value=0.0 | USER_KEY=534bc7b6b1ce05de6523f79872108d8dccc1dab38e2c1fb3c40e96913..., value=0.0","USER_KEY=7a6960912bebe03c6e4c770eb1aa91329c3497f18f90cae56d6c8ddc1..., master=0.027027027027027, candidate=2.173611111111111 | USER_KEY=70da9913e0b9dd104fe781fd724bf1423f4cb4416f640e5d6820aa4cf..., master=0.5650406504065041, candidate=1.2930232558139534 | USER_KEY=985ed8305ba05d88f22ad4b4dc1b832af4eb66d39d9ff5cd21613bf6e..., master=0.6159420289855072, candidate=61.75",False,False,,both_nan_match,,
retention_w3_ratio,retention_w3_ratio_C_calendar_week_from_reg_week_w3_over_w2_plus_1_zero_nan,w3_over_w2_plus_1; denominator zero policy=nan,View_History_v2.csv; User_Mapping_v2.csv; Membership_v2.csv,USER_NUM; watch_time(min); watch_day; reg_date,USER_KEY,Membership_v2.csv reg_date,C_calendar_week_from_reg_week,w2_plus_1,nan,both NaN treated as match,23343,6737,16606,0.28860900484085167,1770.0,30.59384548542468,"USER_KEY=7a6960912bebe03c6e4c770eb1aa91329c3497f18f90cae56d6c8ddc1..., master=0.027027027027027, candidate=2.173611111111111","USER_KEY=70da9913e0b9dd104fe781fd724bf1423f4cb4416f640e5d6820aa4cf..., master=0.5650406504065041, candidate=1.2930232558139534","USER_KEY=985ed8305ba05d88f22ad4b4dc1b832af4eb66d39d9ff5cd21613bf6e..., master=0.6159420289855072, candidate=61.75","USER_KEY=4ec765db76545c1d6dda9f421590bf9d02f584009f8d92100afeef459..., value=0.0 | USER_KEY=01b16f9f7ff29b48b1ee0d1a89d1eb9662474e5eedb8c2d967ea43793..., value=0.0 | USER_KEY=534bc7b6b1ce05de6523f79872108d8dccc1dab38e2c1fb3c40e96913..., value=0.0","USER_KEY=7a6960912bebe03c6e4c770eb1aa91329c3497f18f90cae56d6c8ddc1..., master=0.027027027027027, candidate=2.173611111111111 | USER_KEY=70da9913e0b9dd104fe781fd724bf1423f4cb4416f640e5d6820aa4cf..., master=0.5650406504065041, candidate=1.2930232558139534 | USER_KEY=985ed8305ba05d88f22ad4b4dc1b832af4eb66d39d9ff5cd21613bf6e..., master=0.6159420289855072, candidate=61.75",False,False,,both_nan_match,,
retention_w3_ratio,retention_w3_ratio_C_calendar_week_from_reg_week_w3_plus_1_over_w2_plus_1_zero_zero,w3_plus_1_over_w2_plus_1; denominator zero policy=zero,View_History_v2.csv; User_Mapping_v2.csv; Membership_v2.csv,USER_NUM; watch_time(min); watch_day; reg_date,USER_KEY,Membership_v2.csv reg_date,C_calendar_week_from_reg_week,w2_plus_1,zero,both NaN treated as match,23343,787,22556,0.03371460394979223,1771.0,30.920337765816925,"USER_KEY=7a6960912bebe03c6e4c770eb1aa91329c3497f18f90cae56d6c8ddc1..., master=0.027027027027027, candidate=2.1805555555555554","USER_KEY=4ec765db76545c1d6dda9f421590bf9d02f584009f8d92100afeef459..., master=0.0, candidate=0.2","USER_KEY=01b16f9f7ff29b48b1ee0d1a89d1eb9662474e5eedb8c2d967ea43793..., master=0.0, candidate=0.007692307692307693","USER_KEY=0c5a1d530e0dd25f2911bb80a5872cf08379b9303959f2994215fe78f..., value=1.0 | USER_KEY=c01511c8c09b96a42d5860d06757e77ec8f4875884614198fcdc86665..., value=1.0 | USER_KEY=717dd89e18db1e535d982891dff20c3080a8b5a670782ae01d614fced..., value=1.0","USER_KEY=7a6960912bebe03c6e4c770eb1aa91329c3497f18f90cae56d6c8ddc1..., master=0.027027027027027, candidate=2.1805555555555554 | USER_KEY=4ec765db76545c1d6dda9f421590bf9d02f584009f8d92100afeef459..., master=0.0, candidate=0.2 | USER_KEY=01b16f9f7ff29b48b1ee0d1a89d1eb9662474e5eedb8c2d967ea43793..., master=0.0, candidate=0.007692307692307693",False,False,,both_nan_match,,
retention_w3_ratio,retention_w3_ratio_C_calendar_week_from_reg_week_w3_plus_1_over_w2_plus_1_zero_nan,w3_plus_1_over_w2_plus_1; denominator zero policy=nan,View_History_v2.csv; User_Mapping_v2.csv; Membership_v2.csv,USER_NUM; watch_time(min); watch_day; reg_date,USER_KEY,Membership_v2.csv reg_date,C_calendar_week_from_reg_week,w2_plus_1,nan,both NaN treated as match,23343,787,22556,0.03371460394979223,1771.0,30.920337765816925,"USER_KEY=7a6960912bebe03c6e4c770eb1aa91329c3497f18f90cae56d6c8ddc1..., master=0.027027027027027, candidate=2.1805555555555554","USER_KEY=4ec765db76545c1d6dda9f421590bf9d02f584009f8d92100afeef459..., master=0.0, candidate=0.2","USER_KEY=01b16f9f7ff29b48b1ee0d1a89d1eb9662474e5eedb8c2d967ea43793..., master=0.0, candidate=0.007692307692307693","USER_KEY=0c5a1d530e0dd25f2911bb80a5872cf08379b9303959f2994215fe78f..., value=1.0 | USER_KEY=c01511c8c09b96a42d5860d06757e77ec8f4875884614198fcdc86665..., value=1.0 | USER_KEY=717dd89e18db1e535d982891dff20c3080a8b5a670782ae01d614fced..., value=1.0","USER_KEY=7a6960912bebe03c6e4c770eb1aa91329c3497f18f90cae56d6c8ddc1..., master=0.027027027027027, candidate=2.1805555555555554 | USER_KEY=4ec765db76545c1d6dda9f421590bf9d02f584009f8d92100afeef459..., master=0.0, candidate=0.2 | USER_KEY=01b16f9f7ff29b48b1ee0d1a89d1eb9662474e5eedb8c2d967ea43793..., master=0.0, candidate=0.007692307692307693",False,False,,both_nan_match,,
w3_to_w1_ratio_capped,w3_to_w1_C_calendar_week_from_reg_week_uncapped_zero,"watch_time_w3 / watch_time_w1, zero denominator -> 0, uncapped",View_History_v2.csv; User_Mapping_v2.csv; Membership_v2.csv,USER_NUM; watch_time(min); watch_day; reg_date,USER_KEY,Membership_v2.csv reg_date,C_calendar_week_from_reg_week,watch_time_w1,zero,both NaN treated as match,23343,16024,7319,0.686458467206443,876.0,3.073026488648513,"USER_KEY=7a6960912bebe03c6e4c770eb1aa91329c3497f18f90cae56d6c8ddc1..., master=0.0732984293193717, candidate=6.520833333333333","USER_KEY=985ed8305ba05d88f22ad4b4dc1b832af4eb66d39d9ff5cd21613bf6e..., master=6.538461538461538, candidate=9.5","USER_KEY=b034b4906fb719f737aeb897bc8cb7b2945f4e12e9d9c0d3c40562e67..., master=0.5798319327731093, candidate=1.386138613861386","USER_KEY=4ec765db76545c1d6dda9f421590bf9d02f584009f8d92100afeef459..., value=0.0 | USER_KEY=01b16f9f7ff29b48b1ee0d1a89d1eb9662474e5eedb8c2d967ea43793..., value=0.0 | USER_KEY=534bc7b6b1ce05de6523f79872108d8dccc1dab38e2c1fb3c40e96913..., value=0.0","USER_KEY=7a6960912bebe03c6e4c770eb1aa91329c3497f18f90cae56d6c8ddc1..., master=0.0732984293193717, candidate=6.520833333333333 | USER_KEY=985ed8305ba05d88f22ad4b4dc1b832af4eb66d39d9ff5cd21613bf6e..., master=6.538461538461538, candidate=9.5 | USER_KEY=b034b4906fb719f737aeb897bc8cb7b2945f4e12e9d9c0d3c40562e67..., master=0.5798319327731093, candidate=1.386138613861386",False,False,,both_nan_match,,
w3_to_w1_ratio_capped,w3_to_w1_C_calendar_week_from_reg_week_cap_1,watch_time_w3 / watch_time_w1 capped at 1,View_History_v2.csv; User_Mapping_v2.csv; Membership_v2.csv,USER_NUM; watch_time(min); watch_day; reg_date,USER_KEY,Membership_v2.csv reg_date,C_calendar_week_from_reg_week,watch_time_w1,zero,both NaN treated as match,23343,14748,8595,0.6317953990489654,10.0,0.7834784119318774,"USER_KEY=7a6960912bebe03c6e4c770eb1aa91329c3497f18f90cae56d6c8ddc1..., master=0.0732984293193717, candidate=1.0","USER_KEY=985ed8305ba05d88f22ad4b4dc1b832af4eb66d39d9ff5cd21613bf6e..., master=6.538461538461538, candidate=1.0","USER_KEY=55dde00cc04d57b986d5bd9ae14fa9c5bde7c6005fa4782f0c7200203..., master=4.76, candidate=1.0","USER_KEY=4ec765db76545c1d6dda9f421590bf9d02f584009f8d92100afeef459..., value=0.0 | USER_KEY=01b16f9f7ff29b48b1ee0d1a89d1eb9662474e5eedb8c2d967ea43793..., value=0.0 | USER_KEY=534bc7b6b1ce05de6523f79872108d8dccc1dab38e2c1fb3c40e96913..., value=0.0","USER_KEY=7a6960912bebe03c6e4c770eb1aa91329c3497f18f90cae56d6c8ddc1..., master=0.0732984293193717, candidate=1.0 | USER_KEY=985ed8305ba05d88f22ad4b4dc1b832af4eb66d39d9ff5cd21613bf6e..., master=6.538461538461538, candidate=1.0 | USER_KEY=55dde00cc04d57b986d5bd9ae14fa9c5bde7c6005fa4782f0c7200203..., master=4.76, candidate=1.0",False,False,,both_nan_match,,
w3_to_w1_ratio_capped,w3_to_w1_C_calendar_week_from_reg_week_cap_2,watch_time_w3 / watch_time_w1 capped at 2,View_History_v2.csv; User_Mapping_v2.csv; Membership_v2.csv,USER_NUM; watch_time(min); watch_day; reg_date,USER_KEY,Membership_v2.csv reg_date,C_calendar_week_from_reg_week,watch_time_w1,zero,both NaN treated as match,23343,15387,7956,0.659169772522812,10.0,0.7365118203625302,"USER_KEY=7a6960912bebe03c6e4c770eb1aa91329c3497f18f90cae56d6c8ddc1..., master=0.0732984293193717, candidate=2.0","USER_KEY=985ed8305ba05d88f22ad4b4dc1b832af4eb66d39d9ff5cd21613bf6e..., master=6.538461538461538, candidate=2.0","USER_KEY=55dde00cc04d57b986d5bd9ae14fa9c5bde7c6005fa4782f0c7200203..., master=4.76, candidate=2.0","USER_KEY=4ec765db76545c1d6dda9f421590bf9d02f584009f8d92100afeef459..., value=0.0 | USER_KEY=01b16f9f7ff29b48b1ee0d1a89d1eb9662474e5eedb8c2d967ea43793..., value=0.0 | USER_KEY=534bc7b6b1ce05de6523f79872108d8dccc1dab38e2c1fb3c40e96913..., value=0.0","USER_KEY=7a6960912bebe03c6e4c770eb1aa91329c3497f18f90cae56d6c8ddc1..., master=0.0732984293193717, candidate=2.0 | USER_KEY=985ed8305ba05d88f22ad4b4dc1b832af4eb66d39d9ff5cd21613bf6e..., master=6.538461538461538, candidate=2.0 | USER_KEY=55dde00cc04d57b986d5bd9ae14fa9c5bde7c6005fa4782f0c7200203..., master=4.76, candidate=2.0",False,False,,both_nan_match,,
w3_to_w1_ratio_capped,w3_to_w1_C_calendar_week_from_reg_week_cap_5,watch_time_w3 / watch_time_w1 capped at 5,View_History_v2.csv; User_Mapping_v2.csv; Membership_v2.csv,USER_NUM; watch_time(min); watch_day; reg_date,USER_KEY,Membership_v2.csv reg_date,C_calendar_week_from_reg_week,watch_time_w1,zero,both NaN treated as match,23343,15855,7488,0.6792186094332348,10.0,0.6842988856836024,"USER_KEY=7a6960912bebe03c6e4c770eb1aa91329c3497f18f90cae56d6c8ddc1..., master=0.0732984293193717, candidate=5.0","USER_KEY=985ed8305ba05d88f22ad4b4dc1b832af4eb66d39d9ff5cd21613bf6e..., master=6.538461538461538, candidate=5.0","USER_KEY=b034b4906fb719f737aeb897bc8cb7b2945f4e12e9d9c0d3c40562e67..., master=0.5798319327731093, candidate=1.386138613861386","USER_KEY=4ec765db76545c1d6dda9f421590bf9d02f584009f8d92100afeef459..., value=0.0 | USER_KEY=01b16f9f7ff29b48b1ee0d1a89d1eb9662474e5eedb8c2d967ea43793..., value=0.0 | USER_KEY=534bc7b6b1ce05de6523f79872108d8dccc1dab38e2c1fb3c40e96913..., value=0.0","USER_KEY=7a6960912bebe03c6e4c770eb1aa91329c3497f18f90cae56d6c8ddc1..., master=0.0732984293193717, candidate=5.0 | USER_KEY=985ed8305ba05d88f22ad4b4dc1b832af4eb66d39d9ff5cd21613bf6e..., master=6.538461538461538, candidate=5.0 | USER_KEY=b034b4906fb719f737aeb897bc8cb7b2945f4e12e9d9c0d3c40562e67..., master=0.5798319327731093, candidate=1.386138613861386",False,False,,both_nan_match,,
w3_to_w1_ratio_capped,w3_to_w1_C_calendar_week_from_reg_week_cap_10,watch_time_w3 / watch_time_w1 capped at 10,View_History_v2.csv; User_Mapping_v2.csv; Membership_v2.csv,USER_NUM; watch_time(min); watch_day; reg_date,USER_KEY,Membership_v2.csv reg_date,C_calendar_week_from_reg_week,watch_time_w1,zero,both NaN treated as match,23343,16523,6820,0.7078353253652059,10.0,0.6366004909088779,"USER_KEY=7a6960912bebe03c6e4c770eb1aa91329c3497f18f90cae56d6c8ddc1..., master=0.0732984293193717, candidate=6.520833333333333","USER_KEY=985ed8305ba05d88f22ad4b4dc1b832af4eb66d39d9ff5cd21613bf6e..., master=6.538461538461538, candidate=9.5","USER_KEY=b034b4906fb719f737aeb897bc8cb7b2945f4e12e9d9c0d3c40562e67..., master=0.5798319327731093, candidate=1.386138613861386","USER_KEY=4ec765db76545c1d6dda9f421590bf9d02f584009f8d92100afeef459..., value=0.0 | USER_KEY=01b16f9f7ff29b48b1ee0d1a89d1eb9662474e5eedb8c2d967ea43793..., value=0.0 | USER_KEY=534bc7b6b1ce05de6523f79872108d8dccc1dab38e2c1fb3c40e96913..., value=0.0","USER_KEY=7a6960912bebe03c6e4c770eb1aa91329c3497f18f90cae56d6c8ddc1..., master=0.0732984293193717, candidate=6.520833333333333 | USER_KEY=985ed8305ba05d88f22ad4b4dc1b832af4eb66d39d9ff5cd21613bf6e..., master=6.538461538461538, candidate=9.5 | USER_KEY=b034b4906fb719f737aeb897bc8cb7b2945f4e12e9d9c0d3c40562e67..., master=0.5798319327731093, candidate=1.386138613861386",False,False,,both_nan_match,,
w3_to_w1_ratio_capped,w3_to_w1_C_calendar_week_from_reg_week_cap_20,watch_time_w3 / watch_time_w1 capped at 20,View_History_v2.csv; User_Mapping_v2.csv; Membership_v2.csv,USER_NUM; watch_time(min); watch_day; reg_date,USER_KEY,Membership_v2.csv reg_date,C_calendar_week_from_reg_week,watch_time_w1,zero,both NaN treated as match,23343,16024,7319,0.686458467206443,20.0,0.9236095940436749,"USER_KEY=7a6960912bebe03c6e4c770eb1aa91329c3497f18f90cae56d6c8ddc1..., master=0.0732984293193717, candidate=6.520833333333333","USER_KEY=985ed8305ba05d88f22ad4b4dc1b832af4eb66d39d9ff5cd21613bf6e..., master=6.538461538461538, candidate=9.5","USER_KEY=b034b4906fb719f737aeb897bc8cb7b2945f4e12e9d9c0d3c40562e67..., master=0.5798319327731093, candidate=1.386138613861386","USER_KEY=4ec765db76545c1d6dda9f421590bf9d02f584009f8d92100afeef459..., value=0.0 | USER_KEY=01b16f9f7ff29b48b1ee0d1a89d1eb9662474e5eedb8c2d967ea43793..., value=0.0 | USER_KEY=534bc7b6b1ce05de6523f79872108d8dccc1dab38e2c1fb3c40e96913..., value=0.0","USER_KEY=7a6960912bebe03c6e4c770eb1aa91329c3497f18f90cae56d6c8ddc1..., master=0.0732984293193717, candidate=6.520833333333333 | USER_KEY=985ed8305ba05d88f22ad4b4dc1b832af4eb66d39d9ff5cd21613bf6e..., master=6.538461538461538, candidate=9.5 | USER_KEY=b034b4906fb719f737aeb897bc8cb7b2945f4e12e9d9c0d3c40562e67..., master=0.5798319327731093, candidate=1.386138613861386",False,False,,both_nan_match,,
w3_to_w1_ratio_capped,w3_to_w1_C_calendar_week_from_reg_week_cap_50,watch_time_w3 / watch_time_w1 capped at 50,View_History_v2.csv; User_Mapping_v2.csv; Membership_v2.csv,USER_NUM; watch_time(min); watch_day; reg_date,USER_KEY,Membership_v2.csv reg_date,C_calendar_week_from_reg_week,watch_time_w1,zero,both NaN treated as match,23343,16024,7319,0.686458467206443,50.0,1.482946622848945,"USER_KEY=7a6960912bebe03c6e4c770eb1aa91329c3497f18f90cae56d6c8ddc1..., master=0.0732984293193717, candidate=6.520833333333333","USER_KEY=985ed8305ba05d88f22ad4b4dc1b832af4eb66d39d9ff5cd21613bf6e..., master=6.538461538461538, candidate=9.5","USER_KEY=b034b4906fb719f737aeb897bc8cb7b2945f4e12e9d9c0d3c40562e67..., master=0.5798319327731093, candidate=1.386138613861386","USER_KEY=4ec765db76545c1d6dda9f421590bf9d02f584009f8d92100afeef459..., value=0.0 | USER_KEY=01b16f9f7ff29b48b1ee0d1a89d1eb9662474e5eedb8c2d967ea43793..., value=0.0 | USER_KEY=534bc7b6b1ce05de6523f79872108d8dccc1dab38e2c1fb3c40e96913..., value=0.0","USER_KEY=7a6960912bebe03c6e4c770eb1aa91329c3497f18f90cae56d6c8ddc1..., master=0.0732984293193717, candidate=6.520833333333333 | USER_KEY=985ed8305ba05d88f22ad4b4dc1b832af4eb66d39d9ff5cd21613bf6e..., master=6.538461538461538, candidate=9.5 | USER_KEY=b034b4906fb719f737aeb897bc8cb7b2945f4e12e9d9c0d3c40562e67..., master=0.5798319327731093, candidate=1.386138613861386",False,False,,both_nan_match,,
w3_to_w1_ratio_capped,w3_to_w1_C_calendar_week_from_reg_week_cap_100,watch_time_w3 / watch_time_w1 capped at 100,View_History_v2.csv; User_Mapping_v2.csv; Membership_v2.csv,USER_NUM; watch_time(min); watch_day; reg_date,USER_KEY,Membership_v2.csv reg_date,C_calendar_week_from_reg_week,watch_time_w1,zero,both NaN treated as match,23343,16024,7319,0.686458467206443,100.0,2.0443842730765964,"USER_KEY=7a6960912bebe03c6e4c770eb1aa91329c3497f18f90cae56d6c8ddc1..., master=0.0732984293193717, candidate=6.520833333333333","USER_KEY=985ed8305ba05d88f22ad4b4dc1b832af4eb66d39d9ff5cd21613bf6e..., master=6.538461538461538, candidate=9.5","USER_KEY=b034b4906fb719f737aeb897bc8cb7b2945f4e12e9d9c0d3c40562e67..., master=0.5798319327731093, candidate=1.386138613861386","USER_KEY=4ec765db76545c1d6dda9f421590bf9d02f584009f8d92100afeef459..., value=0.0 | USER_KEY=01b16f9f7ff29b48b1ee0d1a89d1eb9662474e5eedb8c2d967ea43793..., value=0.0 | USER_KEY=534bc7b6b1ce05de6523f79872108d8dccc1dab38e2c1fb3c40e96913..., value=0.0","USER_KEY=7a6960912bebe03c6e4c770eb1aa91329c3497f18f90cae56d6c8ddc1..., master=0.0732984293193717, candidate=6.520833333333333 | USER_KEY=985ed8305ba05d88f22ad4b4dc1b832af4eb66d39d9ff5cd21613bf6e..., master=6.538461538461538, candidate=9.5 | USER_KEY=b034b4906fb719f737aeb897bc8cb7b2945f4e12e9d9c0d3c40562e67..., master=0.5798319327731093, candidate=1.386138613861386",False,False,,both_nan_match,,
diff_between_w2_w1,diff_between_w2_w1_C_calendar_week_from_reg_week,diff_between_w2_w1 calculated from weekly watch_time sums,View_History_v2.csv; User_Mapping_v2.csv; Membership_v2.csv,USER_NUM; watch_time(min); watch_day; reg_date,USER_KEY,Membership_v2.csv reg_date,C_calendar_week_from_reg_week,,,both NaN treated as match,23343,12662,10681,0.5424324208542175,3572.0,82.360236473461,"USER_KEY=7a6960912bebe03c6e4c770eb1aa91329c3497f18f90cae56d6c8ddc1..., master=122.0, candidate=95.0","USER_KEY=4ec765db76545c1d6dda9f421590bf9d02f584009f8d92100afeef459..., master=-2.0, candidate=4.0","USER_KEY=ce55ecaa87931f40db2fc448a88af43b50cbed84642851d11882544b1..., master=-99.0, candidate=99.0","USER_KEY=01b16f9f7ff29b48b1ee0d1a89d1eb9662474e5eedb8c2d967ea43793..., value=129.0 | USER_KEY=534bc7b6b1ce05de6523f79872108d8dccc1dab38e2c1fb3c40e96913..., value=0.0 | USER_KEY=70da9913e0b9dd104fe781fd724bf1423f4cb4416f640e5d6820aa4cf..., value=214.0","USER_KEY=7a6960912bebe03c6e4c770eb1aa91329c3497f18f90cae56d6c8ddc1..., master=122.0, candidate=95.0 | USER_KEY=4ec765db76545c1d6dda9f421590bf9d02f584009f8d92100afeef459..., master=-2.0, candidate=4.0 | USER_KEY=ce55ecaa87931f40db2fc448a88af43b50cbed84642851d11882544b1..., master=-99.0, candidate=99.0",False,False,,both_nan_match,,
diff_between_w3_w1,diff_between_w3_w1_C_calendar_week_from_reg_week,diff_between_w3_w1 calculated from weekly watch_time sums,View_History_v2.csv; User_Mapping_v2.csv; Membership_v2.csv,USER_NUM; watch_time(min); watch_day; reg_date,USER_KEY,Membership_v2.csv reg_date,C_calendar_week_from_reg_week,,,both NaN treated as match,23343,10632,12711,0.45546844878550313,2491.0,74.70278027674249,"USER_KEY=7a6960912bebe03c6e4c770eb1aa91329c3497f18f90cae56d6c8ddc1..., master=-177.0, candidate=265.0","USER_KEY=4ec765db76545c1d6dda9f421590bf9d02f584009f8d92100afeef459..., master=-3.0, candidate=0.0","USER_KEY=ce55ecaa87931f40db2fc448a88af43b50cbed84642851d11882544b1..., master=-99.0, candidate=0.0","USER_KEY=01b16f9f7ff29b48b1ee0d1a89d1eb9662474e5eedb8c2d967ea43793..., value=0.0 | USER_KEY=534bc7b6b1ce05de6523f79872108d8dccc1dab38e2c1fb3c40e96913..., value=0.0 | USER_KEY=70da9913e0b9dd104fe781fd724bf1423f4cb4416f640e5d6820aa4cf..., value=278.0","USER_KEY=7a6960912bebe03c6e4c770eb1aa91329c3497f18f90cae56d6c8ddc1..., master=-177.0, candidate=265.0 | USER_KEY=4ec765db76545c1d6dda9f421590bf9d02f584009f8d92100afeef459..., master=-3.0, candidate=0.0 | USER_KEY=ce55ecaa87931f40db2fc448a88af43b50cbed84642851d11882544b1..., master=-99.0, candidate=0.0",False,False,,both_nan_match,,
diff_between_w3_w2,diff_between_w3_w2_C_calendar_week_from_reg_week,diff_between_w3_w2 calculated from weekly watch_time sums,View_History_v2.csv; User_Mapping_v2.csv; Membership_v2.csv,USER_NUM; watch_time(min); watch_day; reg_date,USER_KEY,Membership_v2.csv reg_date,C_calendar_week_from_reg_week,,,both NaN treated as match,23343,10606,12737,0.45435462451270187,3406.0,91.61058989847064,"USER_KEY=7a6960912bebe03c6e4c770eb1aa91329c3497f18f90cae56d6c8ddc1..., master=-299.0, candidate=170.0","USER_KEY=4ec765db76545c1d6dda9f421590bf9d02f584009f8d92100afeef459..., master=-1.0, candidate=-4.0","USER_KEY=ce55ecaa87931f40db2fc448a88af43b50cbed84642851d11882544b1..., master=0.0, candidate=-99.0","USER_KEY=01b16f9f7ff29b48b1ee0d1a89d1eb9662474e5eedb8c2d967ea43793..., value=-129.0 | USER_KEY=534bc7b6b1ce05de6523f79872108d8dccc1dab38e2c1fb3c40e96913..., value=0.0 | USER_KEY=70da9913e0b9dd104fe781fd724bf1423f4cb4416f640e5d6820aa4cf..., value=64.0","USER_KEY=7a6960912bebe03c6e4c770eb1aa91329c3497f18f90cae56d6c8ddc1..., master=-299.0, candidate=170.0 | USER_KEY=4ec765db76545c1d6dda9f421590bf9d02f584009f8d92100afeef459..., master=-1.0, candidate=-4.0 | USER_KEY=ce55ecaa87931f40db2fc448a88af43b50cbed84642851d11882544b1..., master=0.0, candidate=-99.0",False,False,,both_nan_match,,
is_w1_over_50%,is_w1_over_50%_C_calendar_week_from_reg_week_three_week_sum_ge_0p5,w1 watch_time / three_week_sum >= 0.5,View_History_v2.csv; User_Mapping_v2.csv; Membership_v2.csv,USER_NUM; watch_time(min); watch_day; reg_date,USER_KEY,Membership_v2.csv reg_date,C_calendar_week_from_reg_week,three_week_sum,zero,both NaN treated as match,23343,20173,3170,0.8641991175084608,1.0,0.1358008824915392,"USER_KEY=4ec765db76545c1d6dda9f421590bf9d02f584009f8d92100afeef459..., master=1.0, candidate=0","USER_KEY=ce55ecaa87931f40db2fc448a88af43b50cbed84642851d11882544b1..., master=1.0, candidate=0","USER_KEY=a02a14ff1ab86edbfe46ad5a6a7fce054dc83c39aa7c362622171c550..., master=1.0, candidate=0","USER_KEY=7a6960912bebe03c6e4c770eb1aa91329c3497f18f90cae56d6c8ddc1..., value=0.0 | USER_KEY=01b16f9f7ff29b48b1ee0d1a89d1eb9662474e5eedb8c2d967ea43793..., value=0.0 | USER_KEY=534bc7b6b1ce05de6523f79872108d8dccc1dab38e2c1fb3c40e96913..., value=0.0","USER_KEY=4ec765db76545c1d6dda9f421590bf9d02f584009f8d92100afeef459..., master=1.0, candidate=0 | USER_KEY=ce55ecaa87931f40db2fc448a88af43b50cbed84642851d11882544b1..., master=1.0, candidate=0 | USER_KEY=a02a14ff1ab86edbfe46ad5a6a7fce054dc83c39aa7c362622171c550..., master=1.0, candidate=0",False,False,,both_nan_match,,
is_w1_over_50%,is_w1_over_50%_C_calendar_week_from_reg_week_three_week_sum_gt_0p5,w1 watch_time / three_week_sum > 0.5,View_History_v2.csv; User_Mapping_v2.csv; Membership_v2.csv,USER_NUM; watch_time(min); watch_day; reg_date,USER_KEY,Membership_v2.csv reg_date,C_calendar_week_from_reg_week,three_week_sum,zero,both NaN treated as match,23343,20122,3221,0.862014308357966,1.0,0.137985691642034,"USER_KEY=4ec765db76545c1d6dda9f421590bf9d02f584009f8d92100afeef459..., master=1.0, candidate=0","USER_KEY=ce55ecaa87931f40db2fc448a88af43b50cbed84642851d11882544b1..., master=1.0, candidate=0","USER_KEY=6be69d6fbce1d6347bf7dacb31db79a882bbee9a2171611cabd4c8a70..., master=1.0, candidate=0","USER_KEY=7a6960912bebe03c6e4c770eb1aa91329c3497f18f90cae56d6c8ddc1..., value=0.0 | USER_KEY=01b16f9f7ff29b48b1ee0d1a89d1eb9662474e5eedb8c2d967ea43793..., value=0.0 | USER_KEY=534bc7b6b1ce05de6523f79872108d8dccc1dab38e2c1fb3c40e96913..., value=0.0","USER_KEY=4ec765db76545c1d6dda9f421590bf9d02f584009f8d92100afeef459..., master=1.0, candidate=0 | USER_KEY=ce55ecaa87931f40db2fc448a88af43b50cbed84642851d11882544b1..., master=1.0, candidate=0 | USER_KEY=6be69d6fbce1d6347bf7dacb31db79a882bbee9a2171611cabd4c8a70..., master=1.0, candidate=0",False,False,,both_nan_match,,
is_w1_over_50%,is_w1_over_50%_C_calendar_week_from_reg_week_master_total_watch_time_equivalent_ge_0p5,w1 watch_time / master_total_watch_time_equivalent >= 0.5,View_History_v2.csv; User_Mapping_v2.csv; Membership_v2.csv,USER_NUM; watch_time(min); watch_day; reg_date,USER_KEY,Membership_v2.csv reg_date,C_calendar_week_from_reg_week,master_total_watch_time_equivalent,zero,both NaN treated as match,23343,20173,3170,0.8641991175084608,1.0,0.1358008824915392,"USER_KEY=4ec765db76545c1d6dda9f421590bf9d02f584009f8d92100afeef459..., master=1.0, candidate=0","USER_KEY=ce55ecaa87931f40db2fc448a88af43b50cbed84642851d11882544b1..., master=1.0, candidate=0","USER_KEY=a02a14ff1ab86edbfe46ad5a6a7fce054dc83c39aa7c362622171c550..., master=1.0, candidate=0","USER_KEY=7a6960912bebe03c6e4c770eb1aa91329c3497f18f90cae56d6c8ddc1..., value=0.0 | USER_KEY=01b16f9f7ff29b48b1ee0d1a89d1eb9662474e5eedb8c2d967ea43793..., value=0.0 | USER_KEY=534bc7b6b1ce05de6523f79872108d8dccc1dab38e2c1fb3c40e96913..., value=0.0","USER_KEY=4ec765db76545c1d6dda9f421590bf9d02f584009f8d92100afeef459..., master=1.0, candidate=0 | USER_KEY=ce55ecaa87931f40db2fc448a88af43b50cbed84642851d11882544b1..., master=1.0, candidate=0 | USER_KEY=a02a14ff1ab86edbfe46ad5a6a7fce054dc83c39aa7c362622171c550..., master=1.0, candidate=0",False,False,,both_nan_match,,
is_w1_over_50%,is_w1_over_50%_C_calendar_week_from_reg_week_master_total_watch_time_equivalent_gt_0p5,w1 watch_time / master_total_watch_time_equivalent > 0.5,View_History_v2.csv; User_Mapping_v2.csv; Membership_v2.csv,USER_NUM; watch_time(min); watch_day; reg_date,USER_KEY,Membership_v2.csv reg_date,C_calendar_week_from_reg_week,master_total_watch_time_equivalent,zero,both NaN treated as match,23343,20122,3221,0.862014308357966,1.0,0.137985691642034,"USER_KEY=4ec765db76545c1d6dda9f421590bf9d02f584009f8d92100afeef459..., master=1.0, candidate=0","USER_KEY=ce55ecaa87931f40db2fc448a88af43b50cbed84642851d11882544b1..., master=1.0, candidate=0","USER_KEY=6be69d6fbce1d6347bf7dacb31db79a882bbee9a2171611cabd4c8a70..., master=1.0, candidate=0","USER_KEY=7a6960912bebe03c6e4c770eb1aa91329c3497f18f90cae56d6c8ddc1..., value=0.0 | USER_KEY=01b16f9f7ff29b48b1ee0d1a89d1eb9662474e5eedb8c2d967ea43793..., value=0.0 | USER_KEY=534bc7b6b1ce05de6523f79872108d8dccc1dab38e2c1fb3c40e96913..., value=0.0","USER_KEY=4ec765db76545c1d6dda9f421590bf9d02f584009f8d92100afeef459..., master=1.0, candidate=0 | USER_KEY=ce55ecaa87931f40db2fc448a88af43b50cbed84642851d11882544b1..., master=1.0, candidate=0 | USER_KEY=6be69d6fbce1d6347bf7dacb31db79a882bbee9a2171611cabd4c8a70..., master=1.0, candidate=0",False,False,,both_nan_match,,
is_w2_over_50%,is_w2_over_50%_C_calendar_week_from_reg_week_three_week_sum_ge_0p5,w2 watch_time / three_week_sum >= 0.5,View_History_v2.csv; User_Mapping_v2.csv; Membership_v2.csv,USER_NUM; watch_time(min); watch_day; reg_date,USER_KEY,Membership_v2.csv reg_date,C_calendar_week_from_reg_week,three_week_sum,zero,both NaN treated as match,23343,17200,6143,0.7368375958531466,1.0,0.26316240414685343,"USER_KEY=7a6960912bebe03c6e4c770eb1aa91329c3497f18f90cae56d6c8ddc1..., master=1.0, candidate=0","USER_KEY=4ec765db76545c1d6dda9f421590bf9d02f584009f8d92100afeef459..., master=0.0, candidate=1","USER_KEY=ce55ecaa87931f40db2fc448a88af43b50cbed84642851d11882544b1..., master=0.0, candidate=1","USER_KEY=01b16f9f7ff29b48b1ee0d1a89d1eb9662474e5eedb8c2d967ea43793..., value=1.0 | USER_KEY=534bc7b6b1ce05de6523f79872108d8dccc1dab38e2c1fb3c40e96913..., value=0.0 | USER_KEY=70da9913e0b9dd104fe781fd724bf1423f4cb4416f640e5d6820aa4cf..., value=0.0","USER_KEY=7a6960912bebe03c6e4c770eb1aa91329c3497f18f90cae56d6c8ddc1..., master=1.0, candidate=0 | USER_KEY=4ec765db76545c1d6dda9f421590bf9d02f584009f8d92100afeef459..., master=0.0, candidate=1 | USER_KEY=ce55ecaa87931f40db2fc448a88af43b50cbed84642851d11882544b1..., master=0.0, candidate=1",False,False,,both_nan_match,,
is_w2_over_50%,is_w2_over_50%_C_calendar_week_from_reg_week_three_week_sum_gt_0p5,w2 watch_time / three_week_sum > 0.5,View_History_v2.csv; User_Mapping_v2.csv; Membership_v2.csv,USER_NUM; watch_time(min); watch_day; reg_date,USER_KEY,Membership_v2.csv reg_date,C_calendar_week_from_reg_week,three_week_sum,zero,both NaN treated as match,23343,17180,6163,0.7359808079509917,1.0,0.26401919204900826,"USER_KEY=7a6960912bebe03c6e4c770eb1aa91329c3497f18f90cae56d6c8ddc1..., master=1.0, candidate=0","USER_KEY=4ec765db76545c1d6dda9f421590bf9d02f584009f8d92100afeef459..., master=0.0, candidate=1","USER_KEY=ce55ecaa87931f40db2fc448a88af43b50cbed84642851d11882544b1..., master=0.0, candidate=1","USER_KEY=01b16f9f7ff29b48b1ee0d1a89d1eb9662474e5eedb8c2d967ea43793..., value=1.0 | USER_KEY=534bc7b6b1ce05de6523f79872108d8dccc1dab38e2c1fb3c40e96913..., value=0.0 | USER_KEY=70da9913e0b9dd104fe781fd724bf1423f4cb4416f640e5d6820aa4cf..., value=0.0","USER_KEY=7a6960912bebe03c6e4c770eb1aa91329c3497f18f90cae56d6c8ddc1..., master=1.0, candidate=0 | USER_KEY=4ec765db76545c1d6dda9f421590bf9d02f584009f8d92100afeef459..., master=0.0, candidate=1 | USER_KEY=ce55ecaa87931f40db2fc448a88af43b50cbed84642851d11882544b1..., master=0.0, candidate=1",False,False,,both_nan_match,,
is_w2_over_50%,is_w2_over_50%_C_calendar_week_from_reg_week_master_total_watch_time_equivalent_ge_0p5,w2 watch_time / master_total_watch_time_equivalent >= 0.5,View_History_v2.csv; User_Mapping_v2.csv; Membership_v2.csv,USER_NUM; watch_time(min); watch_day; reg_date,USER_KEY,Membership_v2.csv reg_date,C_calendar_week_from_reg_week,master_total_watch_time_equivalent,zero,both NaN treated as match,23343,17200,6143,0.7368375958531466,1.0,0.26316240414685343,"USER_KEY=7a6960912bebe03c6e4c770eb1aa91329c3497f18f90cae56d6c8ddc1..., master=1.0, candidate=0","USER_KEY=4ec765db76545c1d6dda9f421590bf9d02f584009f8d92100afeef459..., master=0.0, candidate=1","USER_KEY=ce55ecaa87931f40db2fc448a88af43b50cbed84642851d11882544b1..., master=0.0, candidate=1","USER_KEY=01b16f9f7ff29b48b1ee0d1a89d1eb9662474e5eedb8c2d967ea43793..., value=1.0 | USER_KEY=534bc7b6b1ce05de6523f79872108d8dccc1dab38e2c1fb3c40e96913..., value=0.0 | USER_KEY=70da9913e0b9dd104fe781fd724bf1423f4cb4416f640e5d6820aa4cf..., value=0.0","USER_KEY=7a6960912bebe03c6e4c770eb1aa91329c3497f18f90cae56d6c8ddc1..., master=1.0, candidate=0 | USER_KEY=4ec765db76545c1d6dda9f421590bf9d02f584009f8d92100afeef459..., master=0.0, candidate=1 | USER_KEY=ce55ecaa87931f40db2fc448a88af43b50cbed84642851d11882544b1..., master=0.0, candidate=1",False,False,,both_nan_match,,
is_w2_over_50%,is_w2_over_50%_C_calendar_week_from_reg_week_master_total_watch_time_equivalent_gt_0p5,w2 watch_time / master_total_watch_time_equivalent > 0.5,View_History_v2.csv; User_Mapping_v2.csv; Membership_v2.csv,USER_NUM; watch_time(min); watch_day; reg_date,USER_KEY,Membership_v2.csv reg_date,C_calendar_week_from_reg_week,master_total_watch_time_equivalent,zero,both NaN treated as match,23343,17180,6163,0.7359808079509917,1.0,0.26401919204900826,"USER_KEY=7a6960912bebe03c6e4c770eb1aa91329c3497f18f90cae56d6c8ddc1..., master=1.0, candidate=0","USER_KEY=4ec765db76545c1d6dda9f421590bf9d02f584009f8d92100afeef459..., master=0.0, candidate=1","USER_KEY=ce55ecaa87931f40db2fc448a88af43b50cbed84642851d11882544b1..., master=0.0, candidate=1","USER_KEY=01b16f9f7ff29b48b1ee0d1a89d1eb9662474e5eedb8c2d967ea43793..., value=1.0 | USER_KEY=534bc7b6b1ce05de6523f79872108d8dccc1dab38e2c1fb3c40e96913..., value=0.0 | USER_KEY=70da9913e0b9dd104fe781fd724bf1423f4cb4416f640e5d6820aa4cf..., value=0.0","USER_KEY=7a6960912bebe03c6e4c770eb1aa91329c3497f18f90cae56d6c8ddc1..., master=1.0, candidate=0 | USER_KEY=4ec765db76545c1d6dda9f421590bf9d02f584009f8d92100afeef459..., master=0.0, candidate=1 | USER_KEY=ce55ecaa87931f40db2fc448a88af43b50cbed84642851d11882544b1..., master=0.0, candidate=1",False,False,,both_nan_match,,
is_w3_over_50%,is_w3_over_50%_C_calendar_week_from_reg_week_three_week_sum_ge_0p5,w3 watch_time / three_week_sum >= 0.5,View_History_v2.csv; User_Mapping_v2.csv; Membership_v2.csv,USER_NUM; watch_time(min); watch_day; reg_date,USER_KEY,Membership_v2.csv reg_date,C_calendar_week_from_reg_week,three_week_sum,zero,both NaN treated as match,23343,18856,4487,0.8077796341515657,1.0,0.19222036584843422,"USER_KEY=7a6960912bebe03c6e4c770eb1aa91329c3497f18f90cae56d6c8ddc1..., master=0.0, candidate=1","USER_KEY=60881ae7798e9a1496e8e524b9291a6a4b0dab2f0e67a90772097ca82..., master=0.0, candidate=1","USER_KEY=62d5dd48072abc952b8e743dc11579f59063fd20e5ff590ab011c2386..., master=0.0, candidate=1","USER_KEY=4ec765db76545c1d6dda9f421590bf9d02f584009f8d92100afeef459..., value=0.0 | USER_KEY=01b16f9f7ff29b48b1ee0d1a89d1eb9662474e5eedb8c2d967ea43793..., value=0.0 | USER_KEY=534bc7b6b1ce05de6523f79872108d8dccc1dab38e2c1fb3c40e96913..., value=0.0","USER_KEY=7a6960912bebe03c6e4c770eb1aa91329c3497f18f90cae56d6c8ddc1..., master=0.0, candidate=1 | USER_KEY=60881ae7798e9a1496e8e524b9291a6a4b0dab2f0e67a90772097ca82..., master=0.0, candidate=1 | USER_KEY=62d5dd48072abc952b8e743dc11579f59063fd20e5ff590ab011c2386..., master=0.0, candidate=1",False,False,,both_nan_match,,
is_w3_over_50%,is_w3_over_50%_C_calendar_week_from_reg_week_three_week_sum_gt_0p5,w3 watch_time / three_week_sum > 0.5,View_History_v2.csv; User_Mapping_v2.csv; Membership_v2.csv,USER_NUM; watch_time(min); watch_day; reg_date,USER_KEY,Membership_v2.csv reg_date,C_calendar_week_from_reg_week,three_week_sum,zero,both NaN treated as match,23343,18824,4519,0.806408773508118,1.0,0.19359122649188193,"USER_KEY=7a6960912bebe03c6e4c770eb1aa91329c3497f18f90cae56d6c8ddc1..., master=0.0, candidate=1","USER_KEY=60881ae7798e9a1496e8e524b9291a6a4b0dab2f0e67a90772097ca82..., master=0.0, candidate=1","USER_KEY=62d5dd48072abc952b8e743dc11579f59063fd20e5ff590ab011c2386..., master=0.0, candidate=1","USER_KEY=4ec765db76545c1d6dda9f421590bf9d02f584009f8d92100afeef459..., value=0.0 | USER_KEY=01b16f9f7ff29b48b1ee0d1a89d1eb9662474e5eedb8c2d967ea43793..., value=0.0 | USER_KEY=534bc7b6b1ce05de6523f79872108d8dccc1dab38e2c1fb3c40e96913..., value=0.0","USER_KEY=7a6960912bebe03c6e4c770eb1aa91329c3497f18f90cae56d6c8ddc1..., master=0.0, candidate=1 | USER_KEY=60881ae7798e9a1496e8e524b9291a6a4b0dab2f0e67a90772097ca82..., master=0.0, candidate=1 | USER_KEY=62d5dd48072abc952b8e743dc11579f59063fd20e5ff590ab011c2386..., master=0.0, candidate=1",False,False,,both_nan_match,,
is_w3_over_50%,is_w3_over_50%_C_calendar_week_from_reg_week_master_total_watch_time_equivalent_ge_0p5,w3 watch_time / master_total_watch_time_equivalent >= 0.5,View_History_v2.csv; User_Mapping_v2.csv; Membership_v2.csv,USER_NUM; watch_time(min); watch_day; reg_date,USER_KEY,Membership_v2.csv reg_date,C_calendar_week_from_reg_week,master_total_watch_time_equivalent,zero,both NaN treated as match,23343,18856,4487,0.8077796341515657,1.0,0.19222036584843422,"USER_KEY=7a6960912bebe03c6e4c770eb1aa91329c3497f18f90cae56d6c8ddc1..., master=0.0, candidate=1","USER_KEY=60881ae7798e9a1496e8e524b9291a6a4b0dab2f0e67a90772097ca82..., master=0.0, candidate=1","USER_KEY=62d5dd48072abc952b8e743dc11579f59063fd20e5ff590ab011c2386..., master=0.0, candidate=1","USER_KEY=4ec765db76545c1d6dda9f421590bf9d02f584009f8d92100afeef459..., value=0.0 | USER_KEY=01b16f9f7ff29b48b1ee0d1a89d1eb9662474e5eedb8c2d967ea43793..., value=0.0 | USER_KEY=534bc7b6b1ce05de6523f79872108d8dccc1dab38e2c1fb3c40e96913..., value=0.0","USER_KEY=7a6960912bebe03c6e4c770eb1aa91329c3497f18f90cae56d6c8ddc1..., master=0.0, candidate=1 | USER_KEY=60881ae7798e9a1496e8e524b9291a6a4b0dab2f0e67a90772097ca82..., master=0.0, candidate=1 | USER_KEY=62d5dd48072abc952b8e743dc11579f59063fd20e5ff590ab011c2386..., master=0.0, candidate=1",False,False,,both_nan_match,,
is_w3_over_50%,is_w3_over_50%_C_calendar_week_from_reg_week_master_total_watch_time_equivalent_gt_0p5,w3 watch_time / master_total_watch_time_equivalent > 0.5,View_History_v2.csv; User_Mapping_v2.csv; Membership_v2.csv,USER_NUM; watch_time(min); watch_day; reg_date,USER_KEY,Membership_v2.csv reg_date,C_calendar_week_from_reg_week,master_total_watch_time_equivalent,zero,both NaN treated as match,23343,18824,4519,0.806408773508118,1.0,0.19359122649188193,"USER_KEY=7a6960912bebe03c6e4c770eb1aa91329c3497f18f90cae56d6c8ddc1..., master=0.0, candidate=1","USER_KEY=60881ae7798e9a1496e8e524b9291a6a4b0dab2f0e67a90772097ca82..., master=0.0, candidate=1","USER_KEY=62d5dd48072abc952b8e743dc11579f59063fd20e5ff590ab011c2386..., master=0.0, candidate=1","USER_KEY=4ec765db76545c1d6dda9f421590bf9d02f584009f8d92100afeef459..., value=0.0 | USER_KEY=01b16f9f7ff29b48b1ee0d1a89d1eb9662474e5eedb8c2d967ea43793..., value=0.0 | USER_KEY=534bc7b6b1ce05de6523f79872108d8dccc1dab38e2c1fb3c40e96913..., value=0.0","USER_KEY=7a6960912bebe03c6e4c770eb1aa91329c3497f18f90cae56d6c8ddc1..., master=0.0, candidate=1 | USER_KEY=60881ae7798e9a1496e8e524b9291a6a4b0dab2f0e67a90772097ca82..., master=0.0, candidate=1 | USER_KEY=62d5dd48072abc952b8e743dc11579f59063fd20e5ff590ab011c2386..., master=0.0, candidate=1",False,False,,both_nan_match,,
is_only_w1,is_only_w1_C_calendar_week_from_reg_week_watch_time_only,only w1 has watch_time > 0,View_History_v2.csv; User_Mapping_v2.csv; Membership_v2.csv,USER_NUM; watch_time(min); watch_day; reg_date,USER_KEY,Membership_v2.csv reg_date,C_calendar_week_from_reg_week,,,both NaN treated as match,23343,22166,1177,0.9495780319581888,1.0,0.050421968041811246,"USER_KEY=ce55ecaa87931f40db2fc448a88af43b50cbed84642851d11882544b1..., master=1.0, candidate=0","USER_KEY=6be69d6fbce1d6347bf7dacb31db79a882bbee9a2171611cabd4c8a70..., master=1.0, candidate=0","USER_KEY=19953a84ed20d779c8c4e2398a1cfb21b00fc0899714ef73532e81466..., master=1.0, candidate=0","USER_KEY=7a6960912bebe03c6e4c770eb1aa91329c3497f18f90cae56d6c8ddc1..., value=0.0 | USER_KEY=4ec765db76545c1d6dda9f421590bf9d02f584009f8d92100afeef459..., value=0.0 | USER_KEY=01b16f9f7ff29b48b1ee0d1a89d1eb9662474e5eedb8c2d967ea43793..., value=0.0","USER_KEY=ce55ecaa87931f40db2fc448a88af43b50cbed84642851d11882544b1..., master=1.0, candidate=0 | USER_KEY=6be69d6fbce1d6347bf7dacb31db79a882bbee9a2171611cabd4c8a70..., master=1.0, candidate=0 | USER_KEY=19953a84ed20d779c8c4e2398a1cfb21b00fc0899714ef73532e81466..., master=1.0, candidate=0",False,False,,both_nan_match,,
is_only_w1,is_only_w1_C_calendar_week_from_reg_week_session_only,only w1 has session count > 0,View_History_v2.csv; User_Mapping_v2.csv; Membership_v2.csv,USER_NUM; watch_time(min); watch_day; reg_date,USER_KEY,Membership_v2.csv reg_date,C_calendar_week_from_reg_week,,,both NaN treated as match,23343,22166,1177,0.9495780319581888,1.0,0.050421968041811246,"USER_KEY=ce55ecaa87931f40db2fc448a88af43b50cbed84642851d11882544b1..., master=1.0, candidate=0","USER_KEY=6be69d6fbce1d6347bf7dacb31db79a882bbee9a2171611cabd4c8a70..., master=1.0, candidate=0","USER_KEY=19953a84ed20d779c8c4e2398a1cfb21b00fc0899714ef73532e81466..., master=1.0, candidate=0","USER_KEY=7a6960912bebe03c6e4c770eb1aa91329c3497f18f90cae56d6c8ddc1..., value=0.0 | USER_KEY=4ec765db76545c1d6dda9f421590bf9d02f584009f8d92100afeef459..., value=0.0 | USER_KEY=01b16f9f7ff29b48b1ee0d1a89d1eb9662474e5eedb8c2d967ea43793..., value=0.0","USER_KEY=ce55ecaa87931f40db2fc448a88af43b50cbed84642851d11882544b1..., master=1.0, candidate=0 | USER_KEY=6be69d6fbce1d6347bf7dacb31db79a882bbee9a2171611cabd4c8a70..., master=1.0, candidate=0 | USER_KEY=19953a84ed20d779c8c4e2398a1cfb21b00fc0899714ef73532e81466..., master=1.0, candidate=0",False,False,,both_nan_match,,
is_only_w2,is_only_w2_C_calendar_week_from_reg_week_watch_time_only,only w2 has watch_time > 0,View_History_v2.csv; User_Mapping_v2.csv; Membership_v2.csv,USER_NUM; watch_time(min); watch_day; reg_date,USER_KEY,Membership_v2.csv reg_date,C_calendar_week_from_reg_week,,,both NaN treated as match,23343,20950,2393,0.8974853275071756,1.0,0.10251467249282441,"USER_KEY=4ec765db76545c1d6dda9f421590bf9d02f584009f8d92100afeef459..., master=0.0, candidate=1","USER_KEY=ce55ecaa87931f40db2fc448a88af43b50cbed84642851d11882544b1..., master=0.0, candidate=1","USER_KEY=60881ae7798e9a1496e8e524b9291a6a4b0dab2f0e67a90772097ca82..., master=1.0, candidate=0","USER_KEY=7a6960912bebe03c6e4c770eb1aa91329c3497f18f90cae56d6c8ddc1..., value=0.0 | USER_KEY=01b16f9f7ff29b48b1ee0d1a89d1eb9662474e5eedb8c2d967ea43793..., value=1.0 | USER_KEY=534bc7b6b1ce05de6523f79872108d8dccc1dab38e2c1fb3c40e96913..., value=0.0","USER_KEY=4ec765db76545c1d6dda9f421590bf9d02f584009f8d92100afeef459..., master=0.0, candidate=1 | USER_KEY=ce55ecaa87931f40db2fc448a88af43b50cbed84642851d11882544b1..., master=0.0, candidate=1 | USER_KEY=60881ae7798e9a1496e8e524b9291a6a4b0dab2f0e67a90772097ca82..., master=1.0, candidate=0",False,False,,both_nan_match,,
is_only_w2,is_only_w2_C_calendar_week_from_reg_week_session_only,only w2 has session count > 0,View_History_v2.csv; User_Mapping_v2.csv; Membership_v2.csv,USER_NUM; watch_time(min); watch_day; reg_date,USER_KEY,Membership_v2.csv reg_date,C_calendar_week_from_reg_week,,,both NaN treated as match,23343,20950,2393,0.8974853275071756,1.0,0.10251467249282441,"USER_KEY=4ec765db76545c1d6dda9f421590bf9d02f584009f8d92100afeef459..., master=0.0, candidate=1","USER_KEY=ce55ecaa87931f40db2fc448a88af43b50cbed84642851d11882544b1..., master=0.0, candidate=1","USER_KEY=60881ae7798e9a1496e8e524b9291a6a4b0dab2f0e67a90772097ca82..., master=1.0, candidate=0","USER_KEY=7a6960912bebe03c6e4c770eb1aa91329c3497f18f90cae56d6c8ddc1..., value=0.0 | USER_KEY=01b16f9f7ff29b48b1ee0d1a89d1eb9662474e5eedb8c2d967ea43793..., value=1.0 | USER_KEY=534bc7b6b1ce05de6523f79872108d8dccc1dab38e2c1fb3c40e96913..., value=0.0","USER_KEY=4ec765db76545c1d6dda9f421590bf9d02f584009f8d92100afeef459..., master=0.0, candidate=1 | USER_KEY=ce55ecaa87931f40db2fc448a88af43b50cbed84642851d11882544b1..., master=0.0, candidate=1 | USER_KEY=60881ae7798e9a1496e8e524b9291a6a4b0dab2f0e67a90772097ca82..., master=1.0, candidate=0",False,False,,both_nan_match,,
is_only_w3,is_only_w3_C_calendar_week_from_reg_week_watch_time_only,only w3 has watch_time > 0,View_History_v2.csv; User_Mapping_v2.csv; Membership_v2.csv,USER_NUM; watch_time(min); watch_day; reg_date,USER_KEY,Membership_v2.csv reg_date,C_calendar_week_from_reg_week,,,both NaN treated as match,23343,21035,2308,0.9011266760913336,1.0,0.0988733239086664,"USER_KEY=60881ae7798e9a1496e8e524b9291a6a4b0dab2f0e67a90772097ca82..., master=0.0, candidate=1","USER_KEY=3eeb0831d2284e7bec46b00e204e23aa37954352338b7ff3d16d58547..., master=0.0, candidate=1","USER_KEY=63db52472ffdb433df37b6f3d9a24cd6e3a018771a1c93b62c3756cf9..., master=0.0, candidate=1","USER_KEY=7a6960912bebe03c6e4c770eb1aa91329c3497f18f90cae56d6c8ddc1..., value=0.0 | USER_KEY=4ec765db76545c1d6dda9f421590bf9d02f584009f8d92100afeef459..., value=0.0 | USER_KEY=01b16f9f7ff29b48b1ee0d1a89d1eb9662474e5eedb8c2d967ea43793..., value=0.0","USER_KEY=60881ae7798e9a1496e8e524b9291a6a4b0dab2f0e67a90772097ca82..., master=0.0, candidate=1 | USER_KEY=3eeb0831d2284e7bec46b00e204e23aa37954352338b7ff3d16d58547..., master=0.0, candidate=1 | USER_KEY=63db52472ffdb433df37b6f3d9a24cd6e3a018771a1c93b62c3756cf9..., master=0.0, candidate=1",False,False,,both_nan_match,,
is_only_w3,is_only_w3_C_calendar_week_from_reg_week_session_only,only w3 has session count > 0,View_History_v2.csv; User_Mapping_v2.csv; Membership_v2.csv,USER_NUM; watch_time(min); watch_day; reg_date,USER_KEY,Membership_v2.csv reg_date,C_calendar_week_from_reg_week,,,both NaN treated as match,23343,21035,2308,0.9011266760913336,1.0,0.0988733239086664,"USER_KEY=60881ae7798e9a1496e8e524b9291a6a4b0dab2f0e67a90772097ca82..., master=0.0, candidate=1","USER_KEY=3eeb0831d2284e7bec46b00e204e23aa37954352338b7ff3d16d58547..., master=0.0, candidate=1","USER_KEY=63db52472ffdb433df37b6f3d9a24cd6e3a018771a1c93b62c3756cf9..., master=0.0, candidate=1","USER_KEY=7a6960912bebe03c6e4c770eb1aa91329c3497f18f90cae56d6c8ddc1..., value=0.0 | USER_KEY=4ec765db76545c1d6dda9f421590bf9d02f584009f8d92100afeef459..., value=0.0 | USER_KEY=01b16f9f7ff29b48b1ee0d1a89d1eb9662474e5eedb8c2d967ea43793..., value=0.0","USER_KEY=60881ae7798e9a1496e8e524b9291a6a4b0dab2f0e67a90772097ca82..., master=0.0, candidate=1 | USER_KEY=3eeb0831d2284e7bec46b00e204e23aa37954352338b7ff3d16d58547..., master=0.0, candidate=1 | USER_KEY=63db52472ffdb433df37b6f3d9a24cd6e3a018771a1c93b62c3756cf9..., master=0.0, candidate=1",False,False,,both_nan_match,,
