variable,candidate_formula_id,candidate_formula_description,source_files_used,source_columns_used,join_key,date_basis,observation_window,denominator,zero_denominator_policy,missing_policy,compared_rows,matched_rows,mismatched_rows,match_rate,max_abs_diff,mean_abs_diff,sample_mismatch_1,sample_mismatch_2,sample_mismatch_3,sample_matches,sample_mismatches,selected_candidate,selected_as_best_candidate,confidence_level,null_match_handling,reason,note
avg_gap_w1_watch_days,avg_gap_w1_watch_days_reg_day0_to_day20_unique_day_gap_mean,mean gap between sorted distinct watch days inside w1,View_History_v2.csv; User_Mapping_v2.csv; Membership_v2.csv,USER_NUM; MOVIE_NUM; watch_time(min); watch_day; watch_seq; reg_date,USER_KEY,Membership_v2.csv reg_date,reg_day0_to_day20,,,both NaN treated as match,23343,23236,107,0.9954161847234717,6.0,0.011125390909480358,"USER_KEY=a02a14ff1ab86edbfe46ad5a6a7fce054dc83c39aa7c362622171c550..., master=0.0, candidate=6.0","USER_KEY=48a1980ffa4529b083aac4cd2905b676125fc2fe48903e11cdc8f3a40..., master=0.0, candidate=6.0","USER_KEY=48a1980ffa4529b083aac4cd2905b676125fc2fe48903e11cdc8f3a40..., master=0.0, candidate=6.0","USER_KEY=7a6960912bebe03c6e4c770eb1aa91329c3497f18f90cae56d6c8ddc1..., value=3.0 | USER_KEY=4ec765db76545c1d6dda9f421590bf9d02f584009f8d92100afeef459..., value=0.0 | USER_KEY=01b16f9f7ff29b48b1ee0d1a89d1eb9662474e5eedb8c2d967ea43793..., value=0.0","USER_KEY=a02a14ff1ab86edbfe46ad5a6a7fce054dc83c39aa7c362622171c550..., master=0.0, candidate=6.0 | USER_KEY=48a1980ffa4529b083aac4cd2905b676125fc2fe48903e11cdc8f3a40..., master=0.0, candidate=6.0 | USER_KEY=48a1980ffa4529b083aac4cd2905b676125fc2fe48903e11cdc8f3a40..., master=0.0, candidate=6.0",False,False,,both_nan_match,,
avg_gap_w2_watch_days,avg_gap_w2_watch_days_reg_day0_to_day20_unique_day_gap_mean,mean gap between sorted distinct watch days inside w2,View_History_v2.csv; User_Mapping_v2.csv; Membership_v2.csv,USER_NUM; MOVIE_NUM; watch_time(min); watch_day; watch_seq; reg_date,USER_KEY,Membership_v2.csv reg_date,reg_day0_to_day20,,,both NaN treated as match,23343,23246,97,0.9958445786745491,6.0,0.00729412100701138,"USER_KEY=a02a14ff1ab86edbfe46ad5a6a7fce054dc83c39aa7c362622171c550..., master=1.0, candidate=1.25","USER_KEY=a02a14ff1ab86edbfe46ad5a6a7fce054dc83c39aa7c362622171c550..., master=2.5, candidate=1.25","USER_KEY=48a1980ffa4529b083aac4cd2905b676125fc2fe48903e11cdc8f3a40..., master=0.0, candidate=1.5","USER_KEY=7a6960912bebe03c6e4c770eb1aa91329c3497f18f90cae56d6c8ddc1..., value=1.0 | USER_KEY=4ec765db76545c1d6dda9f421590bf9d02f584009f8d92100afeef459..., value=0.0 | USER_KEY=01b16f9f7ff29b48b1ee0d1a89d1eb9662474e5eedb8c2d967ea43793..., value=0.0","USER_KEY=a02a14ff1ab86edbfe46ad5a6a7fce054dc83c39aa7c362622171c550..., master=1.0, candidate=1.25 | USER_KEY=a02a14ff1ab86edbfe46ad5a6a7fce054dc83c39aa7c362622171c550..., master=2.5, candidate=1.25 | USER_KEY=48a1980ffa4529b083aac4cd2905b676125fc2fe48903e11cdc8f3a40..., master=0.0, candidate=1.5",False,False,,both_nan_match,,
avg_gap_w3_watch_days,avg_gap_w3_watch_days_reg_day0_to_day20_unique_day_gap_mean,mean gap between sorted distinct watch days inside w3,View_History_v2.csv; User_Mapping_v2.csv; Membership_v2.csv,USER_NUM; MOVIE_NUM; watch_time(min); watch_day; watch_seq; reg_date,USER_KEY,Membership_v2.csv reg_date,reg_day0_to_day20,,,both NaN treated as match,23343,23230,113,0.9951591483528253,6.0,0.01018149623727313,"USER_KEY=a02a14ff1ab86edbfe46ad5a6a7fce054dc83c39aa7c362622171c550..., master=0.0, candidate=1.0","USER_KEY=6513fff57e32407ab087206e57186ee4cbde4888a5f79702f9caee7d2..., master=0.0, candidate=2.0","USER_KEY=6513fff57e32407ab087206e57186ee4cbde4888a5f79702f9caee7d2..., master=0.0, candidate=2.0","USER_KEY=7a6960912bebe03c6e4c770eb1aa91329c3497f18f90cae56d6c8ddc1..., value=0.0 | USER_KEY=4ec765db76545c1d6dda9f421590bf9d02f584009f8d92100afeef459..., value=0.0 | USER_KEY=01b16f9f7ff29b48b1ee0d1a89d1eb9662474e5eedb8c2d967ea43793..., value=0.0","USER_KEY=a02a14ff1ab86edbfe46ad5a6a7fce054dc83c39aa7c362622171c550..., master=0.0, candidate=1.0 | USER_KEY=6513fff57e32407ab087206e57186ee4cbde4888a5f79702f9caee7d2..., master=0.0, candidate=2.0 | USER_KEY=6513fff57e32407ab087206e57186ee4cbde4888a5f79702f9caee7d2..., master=0.0, candidate=2.0",False,False,,both_nan_match,,
total_watch_count,total_watch_count_reg_day0_to_day20_row_count,view row count in observation window,View_History_v2.csv; User_Mapping_v2.csv; Membership_v2.csv,USER_NUM; MOVIE_NUM; watch_time(min); watch_day; watch_seq; reg_date,USER_KEY,Membership_v2.csv reg_date,reg_day0_to_day20,,,both NaN treated as match,23343,23109,234,0.9899755815447886,38.0,0.08567879021548215,"USER_KEY=a02a14ff1ab86edbfe46ad5a6a7fce054dc83c39aa7c362622171c550..., master=4.0, candidate=20.0","USER_KEY=a02a14ff1ab86edbfe46ad5a6a7fce054dc83c39aa7c362622171c550..., master=16.0, candidate=20.0","USER_KEY=48a1980ffa4529b083aac4cd2905b676125fc2fe48903e11cdc8f3a40..., master=4.0, candidate=8.0","USER_KEY=7a6960912bebe03c6e4c770eb1aa91329c3497f18f90cae56d6c8ddc1..., value=13.0 | USER_KEY=4ec765db76545c1d6dda9f421590bf9d02f584009f8d92100afeef459..., value=3.0 | USER_KEY=01b16f9f7ff29b48b1ee0d1a89d1eb9662474e5eedb8c2d967ea43793..., value=2.0","USER_KEY=a02a14ff1ab86edbfe46ad5a6a7fce054dc83c39aa7c362622171c550..., master=4.0, candidate=20.0 | USER_KEY=a02a14ff1ab86edbfe46ad5a6a7fce054dc83c39aa7c362622171c550..., master=16.0, candidate=20.0 | USER_KEY=48a1980ffa4529b083aac4cd2905b676125fc2fe48903e11cdc8f3a40..., master=4.0, candidate=8.0",False,False,,both_nan_match,,
unique_movie,unique_movie_reg_day0_to_day20_distinct_movie,distinct MOVIE_NUM count in observation window,View_History_v2.csv; User_Mapping_v2.csv; Membership_v2.csv,USER_NUM; MOVIE_NUM; watch_time(min); watch_day; watch_seq; reg_date,USER_KEY,Membership_v2.csv reg_date,reg_day0_to_day20,,,both NaN treated as match,23343,23109,234,0.9899755815447886,28.0,0.06031786831169944,"USER_KEY=a02a14ff1ab86edbfe46ad5a6a7fce054dc83c39aa7c362622171c550..., master=4.0, candidate=15.0","USER_KEY=a02a14ff1ab86edbfe46ad5a6a7fce054dc83c39aa7c362622171c550..., master=11.0, candidate=15.0","USER_KEY=48a1980ffa4529b083aac4cd2905b676125fc2fe48903e11cdc8f3a40..., master=3.0, candidate=6.0","USER_KEY=7a6960912bebe03c6e4c770eb1aa91329c3497f18f90cae56d6c8ddc1..., value=10.0 | USER_KEY=4ec765db76545c1d6dda9f421590bf9d02f584009f8d92100afeef459..., value=3.0 | USER_KEY=01b16f9f7ff29b48b1ee0d1a89d1eb9662474e5eedb8c2d967ea43793..., value=2.0","USER_KEY=a02a14ff1ab86edbfe46ad5a6a7fce054dc83c39aa7c362622171c550..., master=4.0, candidate=15.0 | USER_KEY=a02a14ff1ab86edbfe46ad5a6a7fce054dc83c39aa7c362622171c550..., master=11.0, candidate=15.0 | USER_KEY=48a1980ffa4529b083aac4cd2905b676125fc2fe48903e11cdc8f3a40..., master=3.0, candidate=6.0",False,False,,both_nan_match,,
watch_days,watch_days_reg_day0_to_day20_distinct_watch_day,distinct watch_day count in observation window,View_History_v2.csv; User_Mapping_v2.csv; Membership_v2.csv,USER_NUM; MOVIE_NUM; watch_time(min); watch_day; watch_seq; reg_date,USER_KEY,Membership_v2.csv reg_date,reg_day0_to_day20,,,both NaN treated as match,23343,23114,229,0.9901897785203273,11.0,0.044210255751188796,"USER_KEY=a02a14ff1ab86edbfe46ad5a6a7fce054dc83c39aa7c362622171c550..., master=4.0, candidate=10.0","USER_KEY=a02a14ff1ab86edbfe46ad5a6a7fce054dc83c39aa7c362622171c550..., master=6.0, candidate=10.0","USER_KEY=48a1980ffa4529b083aac4cd2905b676125fc2fe48903e11cdc8f3a40..., master=1.0, candidate=5.0","USER_KEY=7a6960912bebe03c6e4c770eb1aa91329c3497f18f90cae56d6c8ddc1..., value=9.0 | USER_KEY=4ec765db76545c1d6dda9f421590bf9d02f584009f8d92100afeef459..., value=2.0 | USER_KEY=01b16f9f7ff29b48b1ee0d1a89d1eb9662474e5eedb8c2d967ea43793..., value=1.0","USER_KEY=a02a14ff1ab86edbfe46ad5a6a7fce054dc83c39aa7c362622171c550..., master=4.0, candidate=10.0 | USER_KEY=a02a14ff1ab86edbfe46ad5a6a7fce054dc83c39aa7c362622171c550..., master=6.0, candidate=10.0 | USER_KEY=48a1980ffa4529b083aac4cd2905b676125fc2fe48903e11cdc8f3a40..., master=1.0, candidate=5.0",False,False,,both_nan_match,,
total_watch_time,total_watch_time_reg_day0_to_day20_watch_time_sum,sum of watch_time(min) in observation window,View_History_v2.csv; User_Mapping_v2.csv; Membership_v2.csv,USER_NUM; MOVIE_NUM; watch_time(min); watch_day; watch_seq; reg_date,USER_KEY,Membership_v2.csv reg_date,reg_day0_to_day20,,,both NaN treated as match,23343,23109,234,0.9899755815447886,2202.0,3.709634579959731,"USER_KEY=a02a14ff1ab86edbfe46ad5a6a7fce054dc83c39aa7c362622171c550..., master=341.0, candidate=844.0","USER_KEY=a02a14ff1ab86edbfe46ad5a6a7fce054dc83c39aa7c362622171c550..., master=503.0, candidate=844.0","USER_KEY=48a1980ffa4529b083aac4cd2905b676125fc2fe48903e11cdc8f3a40..., master=115.0, candidate=209.0","USER_KEY=7a6960912bebe03c6e4c770eb1aa91329c3497f18f90cae56d6c8ddc1..., value=518.0 | USER_KEY=4ec765db76545c1d6dda9f421590bf9d02f584009f8d92100afeef459..., value=4.0 | USER_KEY=01b16f9f7ff29b48b1ee0d1a89d1eb9662474e5eedb8c2d967ea43793..., value=129.0","USER_KEY=a02a14ff1ab86edbfe46ad5a6a7fce054dc83c39aa7c362622171c550..., master=341.0, candidate=844.0 | USER_KEY=a02a14ff1ab86edbfe46ad5a6a7fce054dc83c39aa7c362622171c550..., master=503.0, candidate=844.0 | USER_KEY=48a1980ffa4529b083aac4cd2905b676125fc2fe48903e11cdc8f3a40..., master=115.0, candidate=209.0",False,False,,both_nan_match,,
avg_watch_time,avg_watch_time_reg_day0_to_day20_row_mean_watch_time,mean watch_time(min) per view row,View_History_v2.csv; User_Mapping_v2.csv; Membership_v2.csv,USER_NUM; MOVIE_NUM; watch_time(min); watch_day; watch_seq; reg_date,USER_KEY,Membership_v2.csv reg_date,reg_day0_to_day20,,,both NaN treated as match,23343,23111,232,0.9900612603350041,200.0,0.3576478928682125,"USER_KEY=a02a14ff1ab86edbfe46ad5a6a7fce054dc83c39aa7c362622171c550..., master=85.25, candidate=42.2","USER_KEY=a02a14ff1ab86edbfe46ad5a6a7fce054dc83c39aa7c362622171c550..., master=31.4375, candidate=42.2","USER_KEY=48a1980ffa4529b083aac4cd2905b676125fc2fe48903e11cdc8f3a40..., master=28.75, candidate=26.125","USER_KEY=7a6960912bebe03c6e4c770eb1aa91329c3497f18f90cae56d6c8ddc1..., value=39.84615384615385 | USER_KEY=4ec765db76545c1d6dda9f421590bf9d02f584009f8d92100afeef459..., value=1.3333333333333333 | USER_KEY=01b16f9f7ff29b48b1ee0d1a89d1eb9662474e5eedb8c2d967ea43793..., value=64.5","USER_KEY=a02a14ff1ab86edbfe46ad5a6a7fce054dc83c39aa7c362622171c550..., master=85.25, candidate=42.2 | USER_KEY=a02a14ff1ab86edbfe46ad5a6a7fce054dc83c39aa7c362622171c550..., master=31.4375, candidate=42.2 | USER_KEY=48a1980ffa4529b083aac4cd2905b676125fc2fe48903e11cdc8f3a40..., master=28.75, candidate=26.125",False,False,,both_nan_match,,
median_watch_time,median_watch_time_reg_day0_to_day20_row_median_watch_time,median watch_time(min) per view row,View_History_v2.csv; User_Mapping_v2.csv; Membership_v2.csv,USER_NUM; MOVIE_NUM; watch_time(min); watch_day; watch_seq; reg_date,USER_KEY,Membership_v2.csv reg_date,reg_day0_to_day20,,,both NaN treated as match,23343,23115,228,0.990232617915435,200.0,0.3179539904896543,"USER_KEY=a02a14ff1ab86edbfe46ad5a6a7fce054dc83c39aa7c362622171c550..., master=81.0, candidate=31.5","USER_KEY=a02a14ff1ab86edbfe46ad5a6a7fce054dc83c39aa7c362622171c550..., master=30.5, candidate=31.5","USER_KEY=48a1980ffa4529b083aac4cd2905b676125fc2fe48903e11cdc8f3a40..., master=1.5, candidate=3.5","USER_KEY=7a6960912bebe03c6e4c770eb1aa91329c3497f18f90cae56d6c8ddc1..., value=13.0 | USER_KEY=4ec765db76545c1d6dda9f421590bf9d02f584009f8d92100afeef459..., value=1.0 | USER_KEY=01b16f9f7ff29b48b1ee0d1a89d1eb9662474e5eedb8c2d967ea43793..., value=64.5","USER_KEY=a02a14ff1ab86edbfe46ad5a6a7fce054dc83c39aa7c362622171c550..., master=81.0, candidate=31.5 | USER_KEY=a02a14ff1ab86edbfe46ad5a6a7fce054dc83c39aa7c362622171c550..., master=30.5, candidate=31.5 | USER_KEY=48a1980ffa4529b083aac4cd2905b676125fc2fe48903e11cdc8f3a40..., master=1.5, candidate=3.5",False,False,,both_nan_match,,
std_watch_time,std_watch_time_reg_day0_to_day20_row_std_ddof0,"std watch_time(min), ddof=0",View_History_v2.csv; User_Mapping_v2.csv; Membership_v2.csv,USER_NUM; MOVIE_NUM; watch_time(min); watch_day; watch_seq; reg_date,USER_KEY,Membership_v2.csv reg_date,reg_day0_to_day20,,,both NaN treated as match,23343,23127,216,0.9907466906567279,79.0,0.26822010726450474,"USER_KEY=a02a14ff1ab86edbfe46ad5a6a7fce054dc83c39aa7c362622171c550..., master=59.66311674728366, candidate=42.059006169903725","USER_KEY=a02a14ff1ab86edbfe46ad5a6a7fce054dc83c39aa7c362622171c550..., master=27.241899598779817, candidate=42.059006169903725","USER_KEY=48a1980ffa4529b083aac4cd2905b676125fc2fe48903e11cdc8f3a40..., master=47.48881447246288, candidate=37.65447350581336","USER_KEY=7a6960912bebe03c6e4c770eb1aa91329c3497f18f90cae56d6c8ddc1..., value=55.66361351747194 | USER_KEY=4ec765db76545c1d6dda9f421590bf9d02f584009f8d92100afeef459..., value=0.4714045207910317 | USER_KEY=01b16f9f7ff29b48b1ee0d1a89d1eb9662474e5eedb8c2d967ea43793..., value=63.5","USER_KEY=a02a14ff1ab86edbfe46ad5a6a7fce054dc83c39aa7c362622171c550..., master=59.66311674728366, candidate=42.059006169903725 | USER_KEY=a02a14ff1ab86edbfe46ad5a6a7fce054dc83c39aa7c362622171c550..., master=27.241899598779817, candidate=42.059006169903725 | USER_KEY=48a1980ffa4529b083aac4cd2905b676125fc2fe48903e11cdc8f3a40..., master=47.48881447246288, candidate=37.65447350581336",False,False,,both_nan_match,,
std_watch_time,std_watch_time_reg_day0_to_day20_row_std_ddof1,"std watch_time(min), ddof=1",View_History_v2.csv; User_Mapping_v2.csv; Membership_v2.csv,USER_NUM; MOVIE_NUM; watch_time(min); watch_day; watch_seq; reg_date,USER_KEY,Membership_v2.csv reg_date,reg_day0_to_day20,,,both NaN treated as match,23343,4308,19035,0.18455211412414857,91.22134253196087,3.6743012151679264,"USER_KEY=7a6960912bebe03c6e4c770eb1aa91329c3497f18f90cae56d6c8ddc1..., master=55.66361351747194, candidate=57.93652583337238","USER_KEY=4ec765db76545c1d6dda9f421590bf9d02f584009f8d92100afeef459..., master=0.4714045207910317, candidate=0.5773502691896257","USER_KEY=01b16f9f7ff29b48b1ee0d1a89d1eb9662474e5eedb8c2d967ea43793..., master=63.5, candidate=89.80256121069154","USER_KEY=534bc7b6b1ce05de6523f79872108d8dccc1dab38e2c1fb3c40e96913..., value=0.0 | USER_KEY=1d47cdbe7f7016e6c3f42cb08e37db55548481ffa31122e1a18a27ce9..., value=0.0 | USER_KEY=f4fbd206eb9c6bee476a2d25b16a18eaaa05690b48a6de8d06670744f..., value=0.0","USER_KEY=7a6960912bebe03c6e4c770eb1aa91329c3497f18f90cae56d6c8ddc1..., master=55.66361351747194, candidate=57.93652583337238 | USER_KEY=4ec765db76545c1d6dda9f421590bf9d02f584009f8d92100afeef459..., master=0.4714045207910317, candidate=0.5773502691896257 | USER_KEY=01b16f9f7ff29b48b1ee0d1a89d1eb9662474e5eedb8c2d967ea43793..., master=63.5, candidate=89.80256121069154",False,False,,both_nan_match,,
max_watch_time,max_watch_time_reg_day0_to_day20_max_row_watch_time,maximum watch_time(min) for a single view row,View_History_v2.csv; User_Mapping_v2.csv; Membership_v2.csv,USER_NUM; MOVIE_NUM; watch_time(min); watch_day; watch_seq; reg_date,USER_KEY,Membership_v2.csv reg_date,reg_day0_to_day20,,,both NaN treated as match,23343,23145,198,0.9915177997686673,200.0,0.825943537677248,"USER_KEY=a02a14ff1ab86edbfe46ad5a6a7fce054dc83c39aa7c362622171c550..., master=98.0, candidate=171.0","USER_KEY=48a1980ffa4529b083aac4cd2905b676125fc2fe48903e11cdc8f3a40..., master=61.0, candidate=111.0","USER_KEY=6513fff57e32407ab087206e57186ee4cbde4888a5f79702f9caee7d2..., master=76.0, candidate=81.0","USER_KEY=7a6960912bebe03c6e4c770eb1aa91329c3497f18f90cae56d6c8ddc1..., value=200.0 | USER_KEY=4ec765db76545c1d6dda9f421590bf9d02f584009f8d92100afeef459..., value=2.0 | USER_KEY=01b16f9f7ff29b48b1ee0d1a89d1eb9662474e5eedb8c2d967ea43793..., value=128.0","USER_KEY=a02a14ff1ab86edbfe46ad5a6a7fce054dc83c39aa7c362622171c550..., master=98.0, candidate=171.0 | USER_KEY=48a1980ffa4529b083aac4cd2905b676125fc2fe48903e11cdc8f3a40..., master=61.0, candidate=111.0 | USER_KEY=6513fff57e32407ab087206e57186ee4cbde4888a5f79702f9caee7d2..., master=76.0, candidate=81.0",False,False,,both_nan_match,,
max_daily_watch_time,max_daily_watch_time_reg_day0_to_day20_max_daily_watch_time,maximum daily sum of watch_time(min),View_History_v2.csv; User_Mapping_v2.csv; Membership_v2.csv,USER_NUM; MOVIE_NUM; watch_time(min); watch_day; watch_seq; reg_date,USER_KEY,Membership_v2.csv reg_date,reg_day0_to_day20,,,both NaN treated as match,23343,23140,203,0.9913036027931286,690.0,1.2274771880221051,"USER_KEY=a02a14ff1ab86edbfe46ad5a6a7fce054dc83c39aa7c362622171c550..., master=171.0, candidate=210.0","USER_KEY=48a1980ffa4529b083aac4cd2905b676125fc2fe48903e11cdc8f3a40..., master=61.0, candidate=115.0","USER_KEY=6513fff57e32407ab087206e57186ee4cbde4888a5f79702f9caee7d2..., master=77.0, candidate=95.0","USER_KEY=7a6960912bebe03c6e4c770eb1aa91329c3497f18f90cae56d6c8ddc1..., value=201.0 | USER_KEY=4ec765db76545c1d6dda9f421590bf9d02f584009f8d92100afeef459..., value=3.0 | USER_KEY=01b16f9f7ff29b48b1ee0d1a89d1eb9662474e5eedb8c2d967ea43793..., value=129.0","USER_KEY=a02a14ff1ab86edbfe46ad5a6a7fce054dc83c39aa7c362622171c550..., master=171.0, candidate=210.0 | USER_KEY=48a1980ffa4529b083aac4cd2905b676125fc2fe48903e11cdc8f3a40..., master=61.0, candidate=115.0 | USER_KEY=6513fff57e32407ab087206e57186ee4cbde4888a5f79702f9caee7d2..., master=77.0, candidate=95.0",False,False,,both_nan_match,,
max_daily_sessions,max_daily_sessions_reg_day0_to_day20_max_daily_view_rows,maximum daily view row count,View_History_v2.csv; User_Mapping_v2.csv; Membership_v2.csv,USER_NUM; MOVIE_NUM; watch_time(min); watch_day; watch_seq; reg_date,USER_KEY,Membership_v2.csv reg_date,reg_day0_to_day20,,,both NaN treated as match,23343,23141,202,0.9913464421882363,13.0,0.027888446215139442,"USER_KEY=a02a14ff1ab86edbfe46ad5a6a7fce054dc83c39aa7c362622171c550..., master=1.0, candidate=7.0","USER_KEY=48a1980ffa4529b083aac4cd2905b676125fc2fe48903e11cdc8f3a40..., master=1.0, candidate=4.0","USER_KEY=6513fff57e32407ab087206e57186ee4cbde4888a5f79702f9caee7d2..., master=2.0, candidate=4.0","USER_KEY=7a6960912bebe03c6e4c770eb1aa91329c3497f18f90cae56d6c8ddc1..., value=2.0 | USER_KEY=4ec765db76545c1d6dda9f421590bf9d02f584009f8d92100afeef459..., value=2.0 | USER_KEY=01b16f9f7ff29b48b1ee0d1a89d1eb9662474e5eedb8c2d967ea43793..., value=2.0","USER_KEY=a02a14ff1ab86edbfe46ad5a6a7fce054dc83c39aa7c362622171c550..., master=1.0, candidate=7.0 | USER_KEY=48a1980ffa4529b083aac4cd2905b676125fc2fe48903e11cdc8f3a40..., master=1.0, candidate=4.0 | USER_KEY=6513fff57e32407ab087206e57186ee4cbde4888a5f79702f9caee7d2..., master=2.0, candidate=4.0",False,False,,both_nan_match,,
recency,recency_reg_day0_to_day20_window_end_minus_last_rel_day,observation-window end relative day minus last watch relative day,View_History_v2.csv; User_Mapping_v2.csv; Membership_v2.csv,USER_NUM; MOVIE_NUM; watch_time(min); watch_day; watch_seq; reg_date,USER_KEY,Membership_v2.csv reg_date,reg_day0_to_day20,window end,,both NaN treated as match,23343,21733,1610,0.9310285738765368,21.0,1.346784903397164,"USER_KEY=534bc7b6b1ce05de6523f79872108d8dccc1dab38e2c1fb3c40e96913..., master=0.0, candidate=21.0","USER_KEY=1d47cdbe7f7016e6c3f42cb08e37db55548481ffa31122e1a18a27ce9..., master=0.0, candidate=21.0","USER_KEY=f4fbd206eb9c6bee476a2d25b16a18eaaa05690b48a6de8d06670744f..., master=0.0, candidate=21.0","USER_KEY=7a6960912bebe03c6e4c770eb1aa91329c3497f18f90cae56d6c8ddc1..., value=4.0 | USER_KEY=4ec765db76545c1d6dda9f421590bf9d02f584009f8d92100afeef459..., value=13.0 | USER_KEY=01b16f9f7ff29b48b1ee0d1a89d1eb9662474e5eedb8c2d967ea43793..., value=10.0","USER_KEY=534bc7b6b1ce05de6523f79872108d8dccc1dab38e2c1fb3c40e96913..., master=0.0, candidate=21.0 | USER_KEY=1d47cdbe7f7016e6c3f42cb08e37db55548481ffa31122e1a18a27ce9..., master=0.0, candidate=21.0 | USER_KEY=f4fbd206eb9c6bee476a2d25b16a18eaaa05690b48a6de8d06670744f..., master=0.0, candidate=21.0",False,False,,both_nan_match,,
recency,recency_reg_day0_to_day20_last_relative_watch_day,last watch relative day,View_History_v2.csv; User_Mapping_v2.csv; Membership_v2.csv,USER_NUM; MOVIE_NUM; watch_time(min); watch_day; watch_seq; reg_date,USER_KEY,Membership_v2.csv reg_date,reg_day0_to_day20,,,both NaN treated as match,23343,633,22710,0.027117337103200103,20.0,12.033329049393823,"USER_KEY=7a6960912bebe03c6e4c770eb1aa91329c3497f18f90cae56d6c8ddc1..., master=4.0, candidate=16.0","USER_KEY=4ec765db76545c1d6dda9f421590bf9d02f584009f8d92100afeef459..., master=13.0, candidate=7.0","USER_KEY=534bc7b6b1ce05de6523f79872108d8dccc1dab38e2c1fb3c40e96913..., master=0.0, candidate=-1.0","USER_KEY=01b16f9f7ff29b48b1ee0d1a89d1eb9662474e5eedb8c2d967ea43793..., value=10.0 | USER_KEY=482a8174f937ec686cfed3dd029604b33df40d4d7616a7e9c985fb6b1..., value=10.0 | USER_KEY=8a9217ad1f2e18ba77d15d1eb0f73c4ea0c3105df50ccb8511122376f..., value=10.0","USER_KEY=7a6960912bebe03c6e4c770eb1aa91329c3497f18f90cae56d6c8ddc1..., master=4.0, candidate=16.0 | USER_KEY=4ec765db76545c1d6dda9f421590bf9d02f584009f8d92100afeef459..., master=13.0, candidate=7.0 | USER_KEY=534bc7b6b1ce05de6523f79872108d8dccc1dab38e2c1fb3c40e96913..., master=0.0, candidate=-1.0",False,False,,both_nan_match,,
avg_gap_between_watch_days,avg_gap_between_watch_days_reg_day0_to_day20_unique_watch_day_gap_mean,mean gap between sorted distinct watch days,View_History_v2.csv; User_Mapping_v2.csv; Membership_v2.csv,USER_NUM; MOVIE_NUM; watch_time(min); watch_day; watch_seq; reg_date,USER_KEY,Membership_v2.csv reg_date,reg_day0_to_day20,,,both NaN treated as match,23343,23145,198,0.9915177997686673,20.0,0.0285736308130602,"USER_KEY=a02a14ff1ab86edbfe46ad5a6a7fce054dc83c39aa7c362622171c550..., master=3.0, candidate=1.7777777777777777","USER_KEY=a02a14ff1ab86edbfe46ad5a6a7fce054dc83c39aa7c362622171c550..., master=1.8, candidate=1.7777777777777777","USER_KEY=48a1980ffa4529b083aac4cd2905b676125fc2fe48903e11cdc8f3a40..., master=0.0, candidate=2.5","USER_KEY=7a6960912bebe03c6e4c770eb1aa91329c3497f18f90cae56d6c8ddc1..., value=2.0 | USER_KEY=4ec765db76545c1d6dda9f421590bf9d02f584009f8d92100afeef459..., value=1.0 | USER_KEY=01b16f9f7ff29b48b1ee0d1a89d1eb9662474e5eedb8c2d967ea43793..., value=0.0","USER_KEY=a02a14ff1ab86edbfe46ad5a6a7fce054dc83c39aa7c362622171c550..., master=3.0, candidate=1.7777777777777777 | USER_KEY=a02a14ff1ab86edbfe46ad5a6a7fce054dc83c39aa7c362622171c550..., master=1.8, candidate=1.7777777777777777 | USER_KEY=48a1980ffa4529b083aac4cd2905b676125fc2fe48903e11cdc8f3a40..., master=0.0, candidate=2.5",False,False,,both_nan_match,,
max_inactive_gap_days,max_inactive_gap_days_reg_day0_to_day20_max_gap_between_watch_days,maximum difference between consecutive active watch days,View_History_v2.csv; User_Mapping_v2.csv; Membership_v2.csv,USER_NUM; MOVIE_NUM; watch_time(min); watch_day; watch_seq; reg_date,USER_KEY,Membership_v2.csv reg_date,reg_day0_to_day20,,,both NaN treated as match,23343,23155,188,0.9919461937197447,20.0,0.04489568607291265,"USER_KEY=a02a14ff1ab86edbfe46ad5a6a7fce054dc83c39aa7c362622171c550..., master=3.0, candidate=6.0","USER_KEY=48a1980ffa4529b083aac4cd2905b676125fc2fe48903e11cdc8f3a40..., master=0.0, candidate=6.0","USER_KEY=48a1980ffa4529b083aac4cd2905b676125fc2fe48903e11cdc8f3a40..., master=2.0, candidate=6.0","USER_KEY=7a6960912bebe03c6e4c770eb1aa91329c3497f18f90cae56d6c8ddc1..., value=5.0 | USER_KEY=4ec765db76545c1d6dda9f421590bf9d02f584009f8d92100afeef459..., value=1.0 | USER_KEY=01b16f9f7ff29b48b1ee0d1a89d1eb9662474e5eedb8c2d967ea43793..., value=0.0","USER_KEY=a02a14ff1ab86edbfe46ad5a6a7fce054dc83c39aa7c362622171c550..., master=3.0, candidate=6.0 | USER_KEY=48a1980ffa4529b083aac4cd2905b676125fc2fe48903e11cdc8f3a40..., master=0.0, candidate=6.0 | USER_KEY=48a1980ffa4529b083aac4cd2905b676125fc2fe48903e11cdc8f3a40..., master=2.0, candidate=6.0",False,False,,both_nan_match,,
max_inactive_gap_days,max_inactive_gap_days_reg_day0_to_day20_max_inactive_between_active_days,maximum inactive days between active watch days,View_History_v2.csv; User_Mapping_v2.csv; Membership_v2.csv,USER_NUM; MOVIE_NUM; watch_time(min); watch_day; watch_seq; reg_date,USER_KEY,Membership_v2.csv reg_date,reg_day0_to_day20,,,both NaN treated as match,23343,5547,17796,0.23763012466263977,19.0,0.7938139913464421,"USER_KEY=7a6960912bebe03c6e4c770eb1aa91329c3497f18f90cae56d6c8ddc1..., master=5.0, candidate=4.0","USER_KEY=4ec765db76545c1d6dda9f421590bf9d02f584009f8d92100afeef459..., master=1.0, candidate=0.0","USER_KEY=70da9913e0b9dd104fe781fd724bf1423f4cb4416f640e5d6820aa4cf..., master=6.0, candidate=5.0","USER_KEY=01b16f9f7ff29b48b1ee0d1a89d1eb9662474e5eedb8c2d967ea43793..., value=0.0 | USER_KEY=534bc7b6b1ce05de6523f79872108d8dccc1dab38e2c1fb3c40e96913..., value=0.0 | USER_KEY=ce55ecaa87931f40db2fc448a88af43b50cbed84642851d11882544b1..., value=0.0","USER_KEY=7a6960912bebe03c6e4c770eb1aa91329c3497f18f90cae56d6c8ddc1..., master=5.0, candidate=4.0 | USER_KEY=4ec765db76545c1d6dda9f421590bf9d02f584009f8d92100afeef459..., master=1.0, candidate=0.0 | USER_KEY=70da9913e0b9dd104fe781fd724bf1423f4cb4416f640e5d6820aa4cf..., master=6.0, candidate=5.0",False,False,,both_nan_match,,
max_inactive_gap_days,max_inactive_gap_days_reg_day0_to_day20_max_inactive_including_edges,maximum inactive gap including observation-window start and end,View_History_v2.csv; User_Mapping_v2.csv; Membership_v2.csv,USER_NUM; MOVIE_NUM; watch_time(min); watch_day; watch_seq; reg_date,USER_KEY,Membership_v2.csv reg_date,reg_day0_to_day20,,,both NaN treated as match,23343,2304,21039,0.09870196632823544,20.0,5.4829713404446725,"USER_KEY=7a6960912bebe03c6e4c770eb1aa91329c3497f18f90cae56d6c8ddc1..., master=5.0, candidate=4.0","USER_KEY=4ec765db76545c1d6dda9f421590bf9d02f584009f8d92100afeef459..., master=1.0, candidate=13.0","USER_KEY=01b16f9f7ff29b48b1ee0d1a89d1eb9662474e5eedb8c2d967ea43793..., master=0.0, candidate=10.0","USER_KEY=534bc7b6b1ce05de6523f79872108d8dccc1dab38e2c1fb3c40e96913..., value=0.0 | USER_KEY=1d47cdbe7f7016e6c3f42cb08e37db55548481ffa31122e1a18a27ce9..., value=0.0 | USER_KEY=0cdfedd59da0d83ad70c0083b12865f0cd414ac189f27872ca1ff6bb0..., value=7.0","USER_KEY=7a6960912bebe03c6e4c770eb1aa91329c3497f18f90cae56d6c8ddc1..., master=5.0, candidate=4.0 | USER_KEY=4ec765db76545c1d6dda9f421590bf9d02f584009f8d92100afeef459..., master=1.0, candidate=13.0 | USER_KEY=01b16f9f7ff29b48b1ee0d1a89d1eb9662474e5eedb8c2d967ea43793..., master=0.0, candidate=10.0",False,False,,both_nan_match,,
avg_rewatch_ratio,avg_rewatch_ratio_reg_day0_to_day20_extra_duplicate_views_over_total_rows,(view rows - distinct MOVIE_NUM) / view rows,View_History_v2.csv; User_Mapping_v2.csv; Membership_v2.csv,USER_NUM; MOVIE_NUM; watch_time(min); watch_day; watch_seq; reg_date,USER_KEY,Membership_v2.csv reg_date,reg_day0_to_day20,view rows,zero when denominator is zero,both NaN treated as match,23343,23177,166,0.992888660412115,0.90625,0.0021015583115505674,"USER_KEY=a02a14ff1ab86edbfe46ad5a6a7fce054dc83c39aa7c362622171c550..., master=0.0, candidate=0.25","USER_KEY=a02a14ff1ab86edbfe46ad5a6a7fce054dc83c39aa7c362622171c550..., master=0.3125, candidate=0.25","USER_KEY=a02a14ff1ab86edbfe46ad5a6a7fce054dc83c39aa7c362622171c550..., master=0.0, candidate=0.25","USER_KEY=7a6960912bebe03c6e4c770eb1aa91329c3497f18f90cae56d6c8ddc1..., value=0.2307692307692307 | USER_KEY=4ec765db76545c1d6dda9f421590bf9d02f584009f8d92100afeef459..., value=0.0 | USER_KEY=01b16f9f7ff29b48b1ee0d1a89d1eb9662474e5eedb8c2d967ea43793..., value=0.0","USER_KEY=a02a14ff1ab86edbfe46ad5a6a7fce054dc83c39aa7c362622171c550..., master=0.0, candidate=0.25 | USER_KEY=a02a14ff1ab86edbfe46ad5a6a7fce054dc83c39aa7c362622171c550..., master=0.3125, candidate=0.25 | USER_KEY=a02a14ff1ab86edbfe46ad5a6a7fce054dc83c39aa7c362622171c550..., master=0.0, candidate=0.25",False,False,,both_nan_match,,
avg_rewatch_ratio,avg_rewatch_ratio_reg_day0_to_day20_rows_belonging_to_repeated_movies_ratio,rows whose MOVIE_NUM appears more than once / view rows,View_History_v2.csv; User_Mapping_v2.csv; Membership_v2.csv,USER_NUM; MOVIE_NUM; watch_time(min); watch_day; watch_seq; reg_date,USER_KEY,Membership_v2.csv reg_date,reg_day0_to_day20,view rows,zero when denominator is zero,both NaN treated as match,23343,9076,14267,0.388810349997858,1.0,0.1515608810174386,"USER_KEY=7a6960912bebe03c6e4c770eb1aa91329c3497f18f90cae56d6c8ddc1..., master=0.2307692307692307, candidate=0.46153846153846156","USER_KEY=70da9913e0b9dd104fe781fd724bf1423f4cb4416f640e5d6820aa4cf..., master=0.25, candidate=0.5","USER_KEY=ce55ecaa87931f40db2fc448a88af43b50cbed84642851d11882544b1..., master=0.5, candidate=1.0","USER_KEY=4ec765db76545c1d6dda9f421590bf9d02f584009f8d92100afeef459..., value=0.0 | USER_KEY=01b16f9f7ff29b48b1ee0d1a89d1eb9662474e5eedb8c2d967ea43793..., value=0.0 | USER_KEY=534bc7b6b1ce05de6523f79872108d8dccc1dab38e2c1fb3c40e96913..., value=0.0","USER_KEY=7a6960912bebe03c6e4c770eb1aa91329c3497f18f90cae56d6c8ddc1..., master=0.2307692307692307, candidate=0.46153846153846156 | USER_KEY=70da9913e0b9dd104fe781fd724bf1423f4cb4416f640e5d6820aa4cf..., master=0.25, candidate=0.5 | USER_KEY=ce55ecaa87931f40db2fc448a88af43b50cbed84642851d11882544b1..., master=0.5, candidate=1.0",False,False,,both_nan_match,,
weekend_watch_ratio,weekend_watch_ratio_reg_day0_to_day20_weekend_view_rows_over_all_rows,weekend view row count / all view row count,View_History_v2.csv; User_Mapping_v2.csv; Membership_v2.csv,USER_NUM; MOVIE_NUM; watch_time(min); watch_day; watch_seq; reg_date,USER_KEY,Membership_v2.csv reg_date,reg_day0_to_day20,view rows,zero when denominator is zero,both NaN treated as match,23343,23139,204,0.9912607633980208,1.0,0.004318639480766369,"USER_KEY=48a1980ffa4529b083aac4cd2905b676125fc2fe48903e11cdc8f3a40..., master=0.0, candidate=0.125","USER_KEY=48a1980ffa4529b083aac4cd2905b676125fc2fe48903e11cdc8f3a40..., master=0.25, candidate=0.125","USER_KEY=6513fff57e32407ab087206e57186ee4cbde4888a5f79702f9caee7d2..., master=0.25, candidate=0.625","USER_KEY=7a6960912bebe03c6e4c770eb1aa91329c3497f18f90cae56d6c8ddc1..., value=0.1538461538461538 | USER_KEY=4ec765db76545c1d6dda9f421590bf9d02f584009f8d92100afeef459..., value=0.0 | USER_KEY=01b16f9f7ff29b48b1ee0d1a89d1eb9662474e5eedb8c2d967ea43793..., value=0.0","USER_KEY=48a1980ffa4529b083aac4cd2905b676125fc2fe48903e11cdc8f3a40..., master=0.0, candidate=0.125 | USER_KEY=48a1980ffa4529b083aac4cd2905b676125fc2fe48903e11cdc8f3a40..., master=0.25, candidate=0.125 | USER_KEY=6513fff57e32407ab087206e57186ee4cbde4888a5f79702f9caee7d2..., master=0.25, candidate=0.625",False,False,,both_nan_match,,
weekend_watch_ratio,weekend_watch_ratio_reg_day0_to_day20_weekend_watch_time_over_total_time,weekend watch_time sum / total watch_time,View_History_v2.csv; User_Mapping_v2.csv; Membership_v2.csv,USER_NUM; MOVIE_NUM; watch_time(min); watch_day; watch_seq; reg_date,USER_KEY,Membership_v2.csv reg_date,reg_day0_to_day20,watch_time sum,zero when denominator is zero,both NaN treated as match,23343,10979,12364,0.47033371888788933,1.0,0.08209569575319,"USER_KEY=7a6960912bebe03c6e4c770eb1aa91329c3497f18f90cae56d6c8ddc1..., master=0.1538461538461538, candidate=0.2625482625482625","USER_KEY=70da9913e0b9dd104fe781fd724bf1423f4cb4416f640e5d6820aa4cf..., master=0.875, candidate=0.9979674796747967","USER_KEY=985ed8305ba05d88f22ad4b4dc1b832af4eb66d39d9ff5cd21613bf6e..., master=0.5454545454545454, candidate=0.6195652173913043","USER_KEY=4ec765db76545c1d6dda9f421590bf9d02f584009f8d92100afeef459..., value=0.0 | USER_KEY=01b16f9f7ff29b48b1ee0d1a89d1eb9662474e5eedb8c2d967ea43793..., value=0.0 | USER_KEY=534bc7b6b1ce05de6523f79872108d8dccc1dab38e2c1fb3c40e96913..., value=0.0","USER_KEY=7a6960912bebe03c6e4c770eb1aa91329c3497f18f90cae56d6c8ddc1..., master=0.1538461538461538, candidate=0.2625482625482625 | USER_KEY=70da9913e0b9dd104fe781fd724bf1423f4cb4416f640e5d6820aa4cf..., master=0.875, candidate=0.9979674796747967 | USER_KEY=985ed8305ba05d88f22ad4b4dc1b832af4eb66d39d9ff5cd21613bf6e..., master=0.5454545454545454, candidate=0.6195652173913043",False,False,,both_nan_match,,
watch_ratio_under_1m,watch_ratio_under_1m_reg_day0_to_day20_watch_time_le_1_over_rows,watch_time(min) <= 1 / view rows,View_History_v2.csv; User_Mapping_v2.csv; Membership_v2.csv,USER_NUM; MOVIE_NUM; watch_time(min); watch_day; watch_seq; reg_date,USER_KEY,Membership_v2.csv reg_date,reg_day0_to_day20,view rows,zero when denominator is zero,both NaN treated as match,23343,23167,176,0.9924602664610376,1.0,0.002045174514001897,"USER_KEY=a02a14ff1ab86edbfe46ad5a6a7fce054dc83c39aa7c362622171c550..., master=0.0, candidate=0.1","USER_KEY=a02a14ff1ab86edbfe46ad5a6a7fce054dc83c39aa7c362622171c550..., master=0.125, candidate=0.1","USER_KEY=48a1980ffa4529b083aac4cd2905b676125fc2fe48903e11cdc8f3a40..., master=0.5, candidate=0.375","USER_KEY=7a6960912bebe03c6e4c770eb1aa91329c3497f18f90cae56d6c8ddc1..., value=0.3076923076923077 | USER_KEY=4ec765db76545c1d6dda9f421590bf9d02f584009f8d92100afeef459..., value=0.6666666666666666 | USER_KEY=01b16f9f7ff29b48b1ee0d1a89d1eb9662474e5eedb8c2d967ea43793..., value=0.5","USER_KEY=a02a14ff1ab86edbfe46ad5a6a7fce054dc83c39aa7c362622171c550..., master=0.0, candidate=0.1 | USER_KEY=a02a14ff1ab86edbfe46ad5a6a7fce054dc83c39aa7c362622171c550..., master=0.125, candidate=0.1 | USER_KEY=48a1980ffa4529b083aac4cd2905b676125fc2fe48903e11cdc8f3a40..., master=0.5, candidate=0.375",False,False,,both_nan_match,,
watch_ratio_under_1m,watch_ratio_under_1m_reg_day0_to_day20_watch_time_lt_1_over_rows,watch_time(min) < 1 / view rows,View_History_v2.csv; User_Mapping_v2.csv; Membership_v2.csv,USER_NUM; MOVIE_NUM; watch_time(min); watch_day; watch_seq; reg_date,USER_KEY,Membership_v2.csv reg_date,reg_day0_to_day20,view rows,zero when denominator is zero,both NaN treated as match,23343,10382,12961,0.4447586000085679,1.0,0.2086747425443903,"USER_KEY=7a6960912bebe03c6e4c770eb1aa91329c3497f18f90cae56d6c8ddc1..., master=0.3076923076923077, candidate=0.0","USER_KEY=4ec765db76545c1d6dda9f421590bf9d02f584009f8d92100afeef459..., master=0.6666666666666666, candidate=0.0","USER_KEY=01b16f9f7ff29b48b1ee0d1a89d1eb9662474e5eedb8c2d967ea43793..., master=0.5, candidate=0.0","USER_KEY=534bc7b6b1ce05de6523f79872108d8dccc1dab38e2c1fb3c40e96913..., value=0.0 | USER_KEY=ce55ecaa87931f40db2fc448a88af43b50cbed84642851d11882544b1..., value=0.0 | USER_KEY=1d47cdbe7f7016e6c3f42cb08e37db55548481ffa31122e1a18a27ce9..., value=0.0","USER_KEY=7a6960912bebe03c6e4c770eb1aa91329c3497f18f90cae56d6c8ddc1..., master=0.3076923076923077, candidate=0.0 | USER_KEY=4ec765db76545c1d6dda9f421590bf9d02f584009f8d92100afeef459..., master=0.6666666666666666, candidate=0.0 | USER_KEY=01b16f9f7ff29b48b1ee0d1a89d1eb9662474e5eedb8c2d967ea43793..., master=0.5, candidate=0.0",False,False,,both_nan_match,,
watch_ratio_under_5m,watch_ratio_under_5m_reg_day0_to_day20_watch_time_le_5_over_rows,watch_time(min) <= 5 / view rows,View_History_v2.csv; User_Mapping_v2.csv; Membership_v2.csv,USER_NUM; MOVIE_NUM; watch_time(min); watch_day; watch_seq; reg_date,USER_KEY,Membership_v2.csv reg_date,reg_day0_to_day20,view rows,zero when denominator is zero,both NaN treated as match,23343,23150,193,0.991731996744206,1.0,0.002914155140572557,"USER_KEY=a02a14ff1ab86edbfe46ad5a6a7fce054dc83c39aa7c362622171c550..., master=0.0, candidate=0.2","USER_KEY=a02a14ff1ab86edbfe46ad5a6a7fce054dc83c39aa7c362622171c550..., master=0.25, candidate=0.2","USER_KEY=48a1980ffa4529b083aac4cd2905b676125fc2fe48903e11cdc8f3a40..., master=0.75, candidate=0.625","USER_KEY=7a6960912bebe03c6e4c770eb1aa91329c3497f18f90cae56d6c8ddc1..., value=0.3846153846153846 | USER_KEY=4ec765db76545c1d6dda9f421590bf9d02f584009f8d92100afeef459..., value=1.0 | USER_KEY=01b16f9f7ff29b48b1ee0d1a89d1eb9662474e5eedb8c2d967ea43793..., value=0.5","USER_KEY=a02a14ff1ab86edbfe46ad5a6a7fce054dc83c39aa7c362622171c550..., master=0.0, candidate=0.2 | USER_KEY=a02a14ff1ab86edbfe46ad5a6a7fce054dc83c39aa7c362622171c550..., master=0.25, candidate=0.2 | USER_KEY=48a1980ffa4529b083aac4cd2905b676125fc2fe48903e11cdc8f3a40..., master=0.75, candidate=0.625",False,False,,both_nan_match,,
watch_ratio_under_5m,watch_ratio_under_5m_reg_day0_to_day20_watch_time_lt_5_over_rows,watch_time(min) < 5 / view rows,View_History_v2.csv; User_Mapping_v2.csv; Membership_v2.csv,USER_NUM; MOVIE_NUM; watch_time(min); watch_day; watch_seq; reg_date,USER_KEY,Membership_v2.csv reg_date,reg_day0_to_day20,view rows,zero when denominator is zero,both NaN treated as match,23343,20741,2602,0.8885318939296577,1.0,0.019271548526712208,"USER_KEY=985ed8305ba05d88f22ad4b4dc1b832af4eb66d39d9ff5cd21613bf6e..., master=0.6363636363636364, candidate=0.5454545454545454","USER_KEY=2c9e3f9186e5dcd624c026c3a72b3070a03822476c6d1cda79011eef7..., master=0.2777777777777778, candidate=0.2222222222222222","USER_KEY=482a8174f937ec686cfed3dd029604b33df40d4d7616a7e9c985fb6b1..., master=0.4, candidate=0.2","USER_KEY=7a6960912bebe03c6e4c770eb1aa91329c3497f18f90cae56d6c8ddc1..., value=0.3846153846153846 | USER_KEY=4ec765db76545c1d6dda9f421590bf9d02f584009f8d92100afeef459..., value=1.0 | USER_KEY=01b16f9f7ff29b48b1ee0d1a89d1eb9662474e5eedb8c2d967ea43793..., value=0.5","USER_KEY=985ed8305ba05d88f22ad4b4dc1b832af4eb66d39d9ff5cd21613bf6e..., master=0.6363636363636364, candidate=0.5454545454545454 | USER_KEY=2c9e3f9186e5dcd624c026c3a72b3070a03822476c6d1cda79011eef7..., master=0.2777777777777778, candidate=0.2222222222222222 | USER_KEY=482a8174f937ec686cfed3dd029604b33df40d4d7616a7e9c985fb6b1..., master=0.4, candidate=0.2",False,False,,both_nan_match,,
is_cold_start_3d,is_cold_start_3d_reg_day0_to_day20_first_watch_rel_day_le_2,first watch relative day <= 2,View_History_v2.csv; User_Mapping_v2.csv; Membership_v2.csv,USER_NUM; MOVIE_NUM; watch_time(min); watch_day; watch_seq; reg_date,USER_KEY,Membership_v2.csv reg_date,reg_day0_to_day20,,,both NaN treated as match,23343,23253,90,0.9961444544403033,1.0,0.003855545559696697,"USER_KEY=a02a14ff1ab86edbfe46ad5a6a7fce054dc83c39aa7c362622171c550..., master=0.0, candidate=1","USER_KEY=48a1980ffa4529b083aac4cd2905b676125fc2fe48903e11cdc8f3a40..., master=0.0, candidate=1","USER_KEY=a02a14ff1ab86edbfe46ad5a6a7fce054dc83c39aa7c362622171c550..., master=0.0, candidate=1","USER_KEY=7a6960912bebe03c6e4c770eb1aa91329c3497f18f90cae56d6c8ddc1..., value=1.0 | USER_KEY=4ec765db76545c1d6dda9f421590bf9d02f584009f8d92100afeef459..., value=0.0 | USER_KEY=01b16f9f7ff29b48b1ee0d1a89d1eb9662474e5eedb8c2d967ea43793..., value=0.0","USER_KEY=a02a14ff1ab86edbfe46ad5a6a7fce054dc83c39aa7c362622171c550..., master=0.0, candidate=1 | USER_KEY=48a1980ffa4529b083aac4cd2905b676125fc2fe48903e11cdc8f3a40..., master=0.0, candidate=1 | USER_KEY=a02a14ff1ab86edbfe46ad5a6a7fce054dc83c39aa7c362622171c550..., master=0.0, candidate=1",False,False,,both_nan_match,,
is_cold_start_3d,is_cold_start_3d_reg_day0_to_day20_first_watch_rel_day_le_3,first watch relative day <= 3,View_History_v2.csv; User_Mapping_v2.csv; Membership_v2.csv,USER_NUM; MOVIE_NUM; watch_time(min); watch_day; watch_seq; reg_date,USER_KEY,Membership_v2.csv reg_date,reg_day0_to_day20,,,both NaN treated as match,23343,21453,1890,0.9190335432463693,1.0,0.08096645675363064,"USER_KEY=482a8174f937ec686cfed3dd029604b33df40d4d7616a7e9c985fb6b1..., master=0.0, candidate=1","USER_KEY=e90001316c5e9af579e09f4c374549e6cdb98896251e726c6bf9d0bee..., master=0.0, candidate=1","USER_KEY=a02a14ff1ab86edbfe46ad5a6a7fce054dc83c39aa7c362622171c550..., master=0.0, candidate=1","USER_KEY=7a6960912bebe03c6e4c770eb1aa91329c3497f18f90cae56d6c8ddc1..., value=1.0 | USER_KEY=4ec765db76545c1d6dda9f421590bf9d02f584009f8d92100afeef459..., value=0.0 | USER_KEY=01b16f9f7ff29b48b1ee0d1a89d1eb9662474e5eedb8c2d967ea43793..., value=0.0","USER_KEY=482a8174f937ec686cfed3dd029604b33df40d4d7616a7e9c985fb6b1..., master=0.0, candidate=1 | USER_KEY=e90001316c5e9af579e09f4c374549e6cdb98896251e726c6bf9d0bee..., master=0.0, candidate=1 | USER_KEY=a02a14ff1ab86edbfe46ad5a6a7fce054dc83c39aa7c362622171c550..., master=0.0, candidate=1",False,False,,both_nan_match,,
is_cold_start_7d,is_cold_start_7d_reg_day0_to_day20_first_watch_rel_day_le_6,first watch relative day <= 6,View_History_v2.csv; User_Mapping_v2.csv; Membership_v2.csv,USER_NUM; MOVIE_NUM; watch_time(min); watch_day; watch_seq; reg_date,USER_KEY,Membership_v2.csv reg_date,reg_day0_to_day20,,,both NaN treated as match,23343,23211,132,0.9943451998457782,1.0,0.005654800154221823,"USER_KEY=a02a14ff1ab86edbfe46ad5a6a7fce054dc83c39aa7c362622171c550..., master=0.0, candidate=1","USER_KEY=6513fff57e32407ab087206e57186ee4cbde4888a5f79702f9caee7d2..., master=0.0, candidate=1","USER_KEY=a02a14ff1ab86edbfe46ad5a6a7fce054dc83c39aa7c362622171c550..., master=0.0, candidate=1","USER_KEY=7a6960912bebe03c6e4c770eb1aa91329c3497f18f90cae56d6c8ddc1..., value=1.0 | USER_KEY=4ec765db76545c1d6dda9f421590bf9d02f584009f8d92100afeef459..., value=1.0 | USER_KEY=01b16f9f7ff29b48b1ee0d1a89d1eb9662474e5eedb8c2d967ea43793..., value=0.0","USER_KEY=a02a14ff1ab86edbfe46ad5a6a7fce054dc83c39aa7c362622171c550..., master=0.0, candidate=1 | USER_KEY=6513fff57e32407ab087206e57186ee4cbde4888a5f79702f9caee7d2..., master=0.0, candidate=1 | USER_KEY=a02a14ff1ab86edbfe46ad5a6a7fce054dc83c39aa7c362622171c550..., master=0.0, candidate=1",False,False,,both_nan_match,,
is_cold_start_7d,is_cold_start_7d_reg_day0_to_day20_first_watch_rel_day_le_7,first watch relative day <= 7,View_History_v2.csv; User_Mapping_v2.csv; Membership_v2.csv,USER_NUM; MOVIE_NUM; watch_time(min); watch_day; watch_seq; reg_date,USER_KEY,Membership_v2.csv reg_date,reg_day0_to_day20,,,both NaN treated as match,23343,22250,1093,0.953176541147239,1.0,0.046823458852761,"USER_KEY=70da9913e0b9dd104fe781fd724bf1423f4cb4416f640e5d6820aa4cf..., master=0.0, candidate=1","USER_KEY=2c9e3f9186e5dcd624c026c3a72b3070a03822476c6d1cda79011eef7..., master=0.0, candidate=1","USER_KEY=ba6fee19b0ee3f777057486ec4fd8ae2bdec4d861a1ef617920e87e60..., master=0.0, candidate=1","USER_KEY=7a6960912bebe03c6e4c770eb1aa91329c3497f18f90cae56d6c8ddc1..., value=1.0 | USER_KEY=4ec765db76545c1d6dda9f421590bf9d02f584009f8d92100afeef459..., value=1.0 | USER_KEY=01b16f9f7ff29b48b1ee0d1a89d1eb9662474e5eedb8c2d967ea43793..., value=0.0","USER_KEY=70da9913e0b9dd104fe781fd724bf1423f4cb4416f640e5d6820aa4cf..., master=0.0, candidate=1 | USER_KEY=2c9e3f9186e5dcd624c026c3a72b3070a03822476c6d1cda79011eef7..., master=0.0, candidate=1 | USER_KEY=ba6fee19b0ee3f777057486ec4fd8ae2bdec4d861a1ef617920e87e60..., master=0.0, candidate=1",False,False,,both_nan_match,,
movie_per_active_day,movie_per_active_day_reg_day0_to_day20_unique_movie_over_watch_days,distinct MOVIE_NUM / active watch days,View_History_v2.csv; User_Mapping_v2.csv; Membership_v2.csv,USER_NUM; MOVIE_NUM; watch_time(min); watch_day; watch_seq; reg_date,USER_KEY,Membership_v2.csv reg_date,reg_day0_to_day20,watch_days,zero when denominator is zero,both NaN treated as match,23343,23119,224,0.990403975495866,3.75,0.011107941428594306,"USER_KEY=a02a14ff1ab86edbfe46ad5a6a7fce054dc83c39aa7c362622171c550..., master=1.0, candidate=1.5","USER_KEY=a02a14ff1ab86edbfe46ad5a6a7fce054dc83c39aa7c362622171c550..., master=1.8333333333333333, candidate=1.5","USER_KEY=48a1980ffa4529b083aac4cd2905b676125fc2fe48903e11cdc8f3a40..., master=3.0, candidate=1.2","USER_KEY=7a6960912bebe03c6e4c770eb1aa91329c3497f18f90cae56d6c8ddc1..., value=1.1111111111111112 | USER_KEY=4ec765db76545c1d6dda9f421590bf9d02f584009f8d92100afeef459..., value=1.5 | USER_KEY=01b16f9f7ff29b48b1ee0d1a89d1eb9662474e5eedb8c2d967ea43793..., value=2.0","USER_KEY=a02a14ff1ab86edbfe46ad5a6a7fce054dc83c39aa7c362622171c550..., master=1.0, candidate=1.5 | USER_KEY=a02a14ff1ab86edbfe46ad5a6a7fce054dc83c39aa7c362622171c550..., master=1.8333333333333333, candidate=1.5 | USER_KEY=48a1980ffa4529b083aac4cd2905b676125fc2fe48903e11cdc8f3a40..., master=3.0, candidate=1.2",False,False,,both_nan_match,,
movie_per_active_day,movie_per_active_day_reg_day0_to_day20_view_rows_over_watch_days,view rows / active watch days,View_History_v2.csv; User_Mapping_v2.csv; Membership_v2.csv,USER_NUM; MOVIE_NUM; watch_time(min); watch_day; watch_seq; reg_date,USER_KEY,Membership_v2.csv reg_date,reg_day0_to_day20,watch_days,zero when denominator is zero,both NaN treated as match,23343,9019,14324,0.3863685044767168,16.0,0.47168190004590327,"USER_KEY=7a6960912bebe03c6e4c770eb1aa91329c3497f18f90cae56d6c8ddc1..., master=1.1111111111111112, candidate=1.4444444444444444","USER_KEY=70da9913e0b9dd104fe781fd724bf1423f4cb4416f640e5d6820aa4cf..., master=1.2, candidate=1.6","USER_KEY=ce55ecaa87931f40db2fc448a88af43b50cbed84642851d11882544b1..., master=1.0, candidate=2.0","USER_KEY=4ec765db76545c1d6dda9f421590bf9d02f584009f8d92100afeef459..., value=1.5 | USER_KEY=01b16f9f7ff29b48b1ee0d1a89d1eb9662474e5eedb8c2d967ea43793..., value=2.0 | USER_KEY=534bc7b6b1ce05de6523f79872108d8dccc1dab38e2c1fb3c40e96913..., value=0.0","USER_KEY=7a6960912bebe03c6e4c770eb1aa91329c3497f18f90cae56d6c8ddc1..., master=1.1111111111111112, candidate=1.4444444444444444 | USER_KEY=70da9913e0b9dd104fe781fd724bf1423f4cb4416f640e5d6820aa4cf..., master=1.2, candidate=1.6 | USER_KEY=ce55ecaa87931f40db2fc448a88af43b50cbed84642851d11882544b1..., master=1.0, candidate=2.0",False,False,,both_nan_match,,
max_day_share,max_day_share_reg_day0_to_day20_max_daily_time_over_total_time,maximum daily watch_time / total watch_time,View_History_v2.csv; User_Mapping_v2.csv; Membership_v2.csv,USER_NUM; MOVIE_NUM; watch_time(min); watch_day; watch_seq; reg_date,USER_KEY,Membership_v2.csv reg_date,reg_day0_to_day20,total_watch_time,zero when denominator is zero,both NaN treated as match,23343,23109,234,0.9899755815447886,1.0,0.004674024653218025,"USER_KEY=a02a14ff1ab86edbfe46ad5a6a7fce054dc83c39aa7c362622171c550..., master=0.501466275659824, candidate=0.24881516587677724","USER_KEY=a02a14ff1ab86edbfe46ad5a6a7fce054dc83c39aa7c362622171c550..., master=0.4174950298210735, candidate=0.24881516587677724","USER_KEY=48a1980ffa4529b083aac4cd2905b676125fc2fe48903e11cdc8f3a40..., master=1.0, candidate=0.5502392344497608","USER_KEY=7a6960912bebe03c6e4c770eb1aa91329c3497f18f90cae56d6c8ddc1..., value=0.388030888030888 | USER_KEY=4ec765db76545c1d6dda9f421590bf9d02f584009f8d92100afeef459..., value=0.75 | USER_KEY=01b16f9f7ff29b48b1ee0d1a89d1eb9662474e5eedb8c2d967ea43793..., value=1.0","USER_KEY=a02a14ff1ab86edbfe46ad5a6a7fce054dc83c39aa7c362622171c550..., master=0.501466275659824, candidate=0.24881516587677724 | USER_KEY=a02a14ff1ab86edbfe46ad5a6a7fce054dc83c39aa7c362622171c550..., master=0.4174950298210735, candidate=0.24881516587677724 | USER_KEY=48a1980ffa4529b083aac4cd2905b676125fc2fe48903e11cdc8f3a40..., master=1.0, candidate=0.5502392344497608",False,False,,both_nan_match,,
max_day_share,max_day_share_reg_day0_to_day20_max_daily_sessions_over_total_sessions,maximum daily sessions / total sessions,View_History_v2.csv; User_Mapping_v2.csv; Membership_v2.csv,USER_NUM; MOVIE_NUM; watch_time(min); watch_day; watch_seq; reg_date,USER_KEY,Membership_v2.csv reg_date,reg_day0_to_day20,total_watch_count,zero when denominator is zero,both NaN treated as match,23343,5802,17541,0.24855417041511374,1.0,0.11475990596878725,"USER_KEY=7a6960912bebe03c6e4c770eb1aa91329c3497f18f90cae56d6c8ddc1..., master=0.388030888030888, candidate=0.15384615384615385","USER_KEY=4ec765db76545c1d6dda9f421590bf9d02f584009f8d92100afeef459..., master=0.75, candidate=0.6666666666666666","USER_KEY=70da9913e0b9dd104fe781fd724bf1423f4cb4416f640e5d6820aa4cf..., master=0.4776422764227642, candidate=0.25","USER_KEY=01b16f9f7ff29b48b1ee0d1a89d1eb9662474e5eedb8c2d967ea43793..., value=1.0 | USER_KEY=534bc7b6b1ce05de6523f79872108d8dccc1dab38e2c1fb3c40e96913..., value=0.0 | USER_KEY=ce55ecaa87931f40db2fc448a88af43b50cbed84642851d11882544b1..., value=1.0","USER_KEY=7a6960912bebe03c6e4c770eb1aa91329c3497f18f90cae56d6c8ddc1..., master=0.388030888030888, candidate=0.15384615384615385 | USER_KEY=4ec765db76545c1d6dda9f421590bf9d02f584009f8d92100afeef459..., master=0.75, candidate=0.6666666666666666 | USER_KEY=70da9913e0b9dd104fe781fd724bf1423f4cb4416f640e5d6820aa4cf..., master=0.4776422764227642, candidate=0.25",False,False,,both_nan_match,,
day_count_over_3times,day_count_over_3times_reg_day0_to_day20_daily_sessions_gt_3_count,number of days with more than 3 view rows,View_History_v2.csv; User_Mapping_v2.csv; Membership_v2.csv,USER_NUM; MOVIE_NUM; watch_time(min); watch_day; watch_seq; reg_date,USER_KEY,Membership_v2.csv reg_date,reg_day0_to_day20,,,both NaN treated as match,23343,16692,6651,0.7150751831384141,7.0,0.36327807051364436,"USER_KEY=985ed8305ba05d88f22ad4b4dc1b832af4eb66d39d9ff5cd21613bf6e..., master=2.0, candidate=1.0","USER_KEY=2c9e3f9186e5dcd624c026c3a72b3070a03822476c6d1cda79011eef7..., master=2.0, candidate=1.0","USER_KEY=0cdfedd59da0d83ad70c0083b12865f0cd414ac189f27872ca1ff6bb0..., master=1.0, candidate=0.0","USER_KEY=7a6960912bebe03c6e4c770eb1aa91329c3497f18f90cae56d6c8ddc1..., value=0.0 | USER_KEY=4ec765db76545c1d6dda9f421590bf9d02f584009f8d92100afeef459..., value=0.0 | USER_KEY=01b16f9f7ff29b48b1ee0d1a89d1eb9662474e5eedb8c2d967ea43793..., value=0.0","USER_KEY=985ed8305ba05d88f22ad4b4dc1b832af4eb66d39d9ff5cd21613bf6e..., master=2.0, candidate=1.0 | USER_KEY=2c9e3f9186e5dcd624c026c3a72b3070a03822476c6d1cda79011eef7..., master=2.0, candidate=1.0 | USER_KEY=0cdfedd59da0d83ad70c0083b12865f0cd414ac189f27872ca1ff6bb0..., master=1.0, candidate=0.0",False,False,,both_nan_match,,
day_count_over_3times,day_count_over_3times_reg_day0_to_day20_daily_sessions_ge_3_count,number of days with at least 3 view rows,View_History_v2.csv; User_Mapping_v2.csv; Membership_v2.csv,USER_NUM; MOVIE_NUM; watch_time(min); watch_day; watch_seq; reg_date,USER_KEY,Membership_v2.csv reg_date,reg_day0_to_day20,,,both NaN treated as match,23343,23199,144,0.9938311271044853,7.0,0.009767382084564966,"USER_KEY=a02a14ff1ab86edbfe46ad5a6a7fce054dc83c39aa7c362622171c550..., master=0.0, candidate=2.0","USER_KEY=48a1980ffa4529b083aac4cd2905b676125fc2fe48903e11cdc8f3a40..., master=0.0, candidate=1.0","USER_KEY=6513fff57e32407ab087206e57186ee4cbde4888a5f79702f9caee7d2..., master=0.0, candidate=1.0","USER_KEY=7a6960912bebe03c6e4c770eb1aa91329c3497f18f90cae56d6c8ddc1..., value=0.0 | USER_KEY=4ec765db76545c1d6dda9f421590bf9d02f584009f8d92100afeef459..., value=0.0 | USER_KEY=01b16f9f7ff29b48b1ee0d1a89d1eb9662474e5eedb8c2d967ea43793..., value=0.0","USER_KEY=a02a14ff1ab86edbfe46ad5a6a7fce054dc83c39aa7c362622171c550..., master=0.0, candidate=2.0 | USER_KEY=48a1980ffa4529b083aac4cd2905b676125fc2fe48903e11cdc8f3a40..., master=0.0, candidate=1.0 | USER_KEY=6513fff57e32407ab087206e57186ee4cbde4888a5f79702f9caee7d2..., master=0.0, candidate=1.0",False,False,,both_nan_match,,
active_ratio,active_ratio_reg_day0_to_day20_watch_days_over_21,watch_days / 21,View_History_v2.csv; User_Mapping_v2.csv; Membership_v2.csv,USER_NUM; MOVIE_NUM; watch_time(min); watch_day; watch_seq; reg_date,USER_KEY,Membership_v2.csv reg_date,reg_day0_to_day20,21,zero when denominator is zero,both NaN treated as match,23343,23114,229,0.9901897785203273,0.5238095238095238,0.0021052502738661675,"USER_KEY=a02a14ff1ab86edbfe46ad5a6a7fce054dc83c39aa7c362622171c550..., master=0.1904761904761904, candidate=0.47619047619047616","USER_KEY=a02a14ff1ab86edbfe46ad5a6a7fce054dc83c39aa7c362622171c550..., master=0.2857142857142857, candidate=0.47619047619047616","USER_KEY=48a1980ffa4529b083aac4cd2905b676125fc2fe48903e11cdc8f3a40..., master=0.0476190476190476, candidate=0.23809523809523808","USER_KEY=7a6960912bebe03c6e4c770eb1aa91329c3497f18f90cae56d6c8ddc1..., value=0.4285714285714285 | USER_KEY=4ec765db76545c1d6dda9f421590bf9d02f584009f8d92100afeef459..., value=0.0952380952380952 | USER_KEY=01b16f9f7ff29b48b1ee0d1a89d1eb9662474e5eedb8c2d967ea43793..., value=0.0476190476190476","USER_KEY=a02a14ff1ab86edbfe46ad5a6a7fce054dc83c39aa7c362622171c550..., master=0.1904761904761904, candidate=0.47619047619047616 | USER_KEY=a02a14ff1ab86edbfe46ad5a6a7fce054dc83c39aa7c362622171c550..., master=0.2857142857142857, candidate=0.47619047619047616 | USER_KEY=48a1980ffa4529b083aac4cd2905b676125fc2fe48903e11cdc8f3a40..., master=0.0476190476190476, candidate=0.23809523809523808",False,False,,both_nan_match,,
active_ratio,active_ratio_reg_day0_to_day20_watch_days_over_20,watch_days / 20,View_History_v2.csv; User_Mapping_v2.csv; Membership_v2.csv,USER_NUM; MOVIE_NUM; watch_time(min); watch_day; watch_seq; reg_date,USER_KEY,Membership_v2.csv reg_date,reg_day0_to_day20,20,zero when denominator is zero,both NaN treated as match,23343,1446,21897,0.0619457653257936,0.55,0.010592040440389026,"USER_KEY=7a6960912bebe03c6e4c770eb1aa91329c3497f18f90cae56d6c8ddc1..., master=0.4285714285714285, candidate=0.45","USER_KEY=4ec765db76545c1d6dda9f421590bf9d02f584009f8d92100afeef459..., master=0.0952380952380952, candidate=0.1","USER_KEY=01b16f9f7ff29b48b1ee0d1a89d1eb9662474e5eedb8c2d967ea43793..., master=0.0476190476190476, candidate=0.05","USER_KEY=534bc7b6b1ce05de6523f79872108d8dccc1dab38e2c1fb3c40e96913..., value=0.0 | USER_KEY=1d47cdbe7f7016e6c3f42cb08e37db55548481ffa31122e1a18a27ce9..., value=0.0 | USER_KEY=f4fbd206eb9c6bee476a2d25b16a18eaaa05690b48a6de8d06670744f..., value=0.0","USER_KEY=7a6960912bebe03c6e4c770eb1aa91329c3497f18f90cae56d6c8ddc1..., master=0.4285714285714285, candidate=0.45 | USER_KEY=4ec765db76545c1d6dda9f421590bf9d02f584009f8d92100afeef459..., master=0.0952380952380952, candidate=0.1 | USER_KEY=01b16f9f7ff29b48b1ee0d1a89d1eb9662474e5eedb8c2d967ea43793..., master=0.0476190476190476, candidate=0.05",False,False,,both_nan_match,,
active_ratio,active_ratio_reg_day0_to_day20_watch_days_over_21,watch_days / 21,View_History_v2.csv; User_Mapping_v2.csv; Membership_v2.csv,USER_NUM; MOVIE_NUM; watch_time(min); watch_day; watch_seq; reg_date,USER_KEY,Membership_v2.csv reg_date,reg_day0_to_day20,21,zero when denominator is zero,both NaN treated as match,23343,23114,229,0.9901897785203273,0.5238095238095238,0.0021052502738661675,"USER_KEY=a02a14ff1ab86edbfe46ad5a6a7fce054dc83c39aa7c362622171c550..., master=0.1904761904761904, candidate=0.47619047619047616","USER_KEY=a02a14ff1ab86edbfe46ad5a6a7fce054dc83c39aa7c362622171c550..., master=0.2857142857142857, candidate=0.47619047619047616","USER_KEY=48a1980ffa4529b083aac4cd2905b676125fc2fe48903e11cdc8f3a40..., master=0.0476190476190476, candidate=0.23809523809523808","USER_KEY=7a6960912bebe03c6e4c770eb1aa91329c3497f18f90cae56d6c8ddc1..., value=0.4285714285714285 | USER_KEY=4ec765db76545c1d6dda9f421590bf9d02f584009f8d92100afeef459..., value=0.0952380952380952 | USER_KEY=01b16f9f7ff29b48b1ee0d1a89d1eb9662474e5eedb8c2d967ea43793..., value=0.0476190476190476","USER_KEY=a02a14ff1ab86edbfe46ad5a6a7fce054dc83c39aa7c362622171c550..., master=0.1904761904761904, candidate=0.47619047619047616 | USER_KEY=a02a14ff1ab86edbfe46ad5a6a7fce054dc83c39aa7c362622171c550..., master=0.2857142857142857, candidate=0.47619047619047616 | USER_KEY=48a1980ffa4529b083aac4cd2905b676125fc2fe48903e11cdc8f3a40..., master=0.0476190476190476, candidate=0.23809523809523808",False,False,,both_nan_match,,
active_ratio,active_ratio_reg_day0_to_day20_watch_days_over_31,watch_days / 31,View_History_v2.csv; User_Mapping_v2.csv; Membership_v2.csv,USER_NUM; MOVIE_NUM; watch_time(min); watch_day; watch_seq; reg_date,USER_KEY,Membership_v2.csv reg_date,reg_day0_to_day20,31,zero when denominator is zero,both NaN treated as match,23343,1446,21897,0.0619457653257936,0.3548387096774194,0.05526518868779375,"USER_KEY=7a6960912bebe03c6e4c770eb1aa91329c3497f18f90cae56d6c8ddc1..., master=0.4285714285714285, candidate=0.2903225806451613","USER_KEY=4ec765db76545c1d6dda9f421590bf9d02f584009f8d92100afeef459..., master=0.0952380952380952, candidate=0.06451612903225806","USER_KEY=01b16f9f7ff29b48b1ee0d1a89d1eb9662474e5eedb8c2d967ea43793..., master=0.0476190476190476, candidate=0.03225806451612903","USER_KEY=534bc7b6b1ce05de6523f79872108d8dccc1dab38e2c1fb3c40e96913..., value=0.0 | USER_KEY=1d47cdbe7f7016e6c3f42cb08e37db55548481ffa31122e1a18a27ce9..., value=0.0 | USER_KEY=f4fbd206eb9c6bee476a2d25b16a18eaaa05690b48a6de8d06670744f..., value=0.0","USER_KEY=7a6960912bebe03c6e4c770eb1aa91329c3497f18f90cae56d6c8ddc1..., master=0.4285714285714285, candidate=0.2903225806451613 | USER_KEY=4ec765db76545c1d6dda9f421590bf9d02f584009f8d92100afeef459..., master=0.0952380952380952, candidate=0.06451612903225806 | USER_KEY=01b16f9f7ff29b48b1ee0d1a89d1eb9662474e5eedb8c2d967ea43793..., master=0.0476190476190476, candidate=0.03225806451612903",False,False,,both_nan_match,,
watch_per_day,watch_per_day_reg_day0_to_day20_view_rows_over_21,total_watch_count / 21,View_History_v2.csv; User_Mapping_v2.csv; Membership_v2.csv,USER_NUM; MOVIE_NUM; watch_time(min); watch_day; watch_seq; reg_date,USER_KEY,Membership_v2.csv reg_date,reg_day0_to_day20,21,zero when denominator is zero,both NaN treated as match,23343,1446,21897,0.0619457653257936,17.142857142857142,1.4224014540317345,"USER_KEY=7a6960912bebe03c6e4c770eb1aa91329c3497f18f90cae56d6c8ddc1..., master=1.4444444444444444, candidate=0.6190476190476191","USER_KEY=4ec765db76545c1d6dda9f421590bf9d02f584009f8d92100afeef459..., master=1.5, candidate=0.14285714285714285","USER_KEY=01b16f9f7ff29b48b1ee0d1a89d1eb9662474e5eedb8c2d967ea43793..., master=2.0, candidate=0.09523809523809523","USER_KEY=534bc7b6b1ce05de6523f79872108d8dccc1dab38e2c1fb3c40e96913..., value=0.0 | USER_KEY=1d47cdbe7f7016e6c3f42cb08e37db55548481ffa31122e1a18a27ce9..., value=0.0 | USER_KEY=f4fbd206eb9c6bee476a2d25b16a18eaaa05690b48a6de8d06670744f..., value=0.0","USER_KEY=7a6960912bebe03c6e4c770eb1aa91329c3497f18f90cae56d6c8ddc1..., master=1.4444444444444444, candidate=0.6190476190476191 | USER_KEY=4ec765db76545c1d6dda9f421590bf9d02f584009f8d92100afeef459..., master=1.5, candidate=0.14285714285714285 | USER_KEY=01b16f9f7ff29b48b1ee0d1a89d1eb9662474e5eedb8c2d967ea43793..., master=2.0, candidate=0.09523809523809523",False,False,,both_nan_match,,
watch_per_day,watch_per_day_reg_day0_to_day20_view_rows_over_20,total_watch_count / 20,View_History_v2.csv; User_Mapping_v2.csv; Membership_v2.csv,USER_NUM; MOVIE_NUM; watch_time(min); watch_day; watch_seq; reg_date,USER_KEY,Membership_v2.csv reg_date,reg_day0_to_day20,20,zero when denominator is zero,both NaN treated as match,23343,1449,21894,0.06207428351111682,17.1,1.4068097501865924,"USER_KEY=7a6960912bebe03c6e4c770eb1aa91329c3497f18f90cae56d6c8ddc1..., master=1.4444444444444444, candidate=0.65","USER_KEY=4ec765db76545c1d6dda9f421590bf9d02f584009f8d92100afeef459..., master=1.5, candidate=0.15","USER_KEY=01b16f9f7ff29b48b1ee0d1a89d1eb9662474e5eedb8c2d967ea43793..., master=2.0, candidate=0.1","USER_KEY=534bc7b6b1ce05de6523f79872108d8dccc1dab38e2c1fb3c40e96913..., value=0.0 | USER_KEY=1d47cdbe7f7016e6c3f42cb08e37db55548481ffa31122e1a18a27ce9..., value=0.0 | USER_KEY=f4fbd206eb9c6bee476a2d25b16a18eaaa05690b48a6de8d06670744f..., value=0.0","USER_KEY=7a6960912bebe03c6e4c770eb1aa91329c3497f18f90cae56d6c8ddc1..., master=1.4444444444444444, candidate=0.65 | USER_KEY=4ec765db76545c1d6dda9f421590bf9d02f584009f8d92100afeef459..., master=1.5, candidate=0.15 | USER_KEY=01b16f9f7ff29b48b1ee0d1a89d1eb9662474e5eedb8c2d967ea43793..., master=2.0, candidate=0.1",False,False,,both_nan_match,,
watch_per_day,watch_per_day_reg_day0_to_day20_view_rows_over_21,total_watch_count / 21,View_History_v2.csv; User_Mapping_v2.csv; Membership_v2.csv,USER_NUM; MOVIE_NUM; watch_time(min); watch_day; watch_seq; reg_date,USER_KEY,Membership_v2.csv reg_date,reg_day0_to_day20,21,zero when denominator is zero,both NaN treated as match,23343,1446,21897,0.0619457653257936,17.142857142857142,1.4224014540317345,"USER_KEY=7a6960912bebe03c6e4c770eb1aa91329c3497f18f90cae56d6c8ddc1..., master=1.4444444444444444, candidate=0.6190476190476191","USER_KEY=4ec765db76545c1d6dda9f421590bf9d02f584009f8d92100afeef459..., master=1.5, candidate=0.14285714285714285","USER_KEY=01b16f9f7ff29b48b1ee0d1a89d1eb9662474e5eedb8c2d967ea43793..., master=2.0, candidate=0.09523809523809523","USER_KEY=534bc7b6b1ce05de6523f79872108d8dccc1dab38e2c1fb3c40e96913..., value=0.0 | USER_KEY=1d47cdbe7f7016e6c3f42cb08e37db55548481ffa31122e1a18a27ce9..., value=0.0 | USER_KEY=f4fbd206eb9c6bee476a2d25b16a18eaaa05690b48a6de8d06670744f..., value=0.0","USER_KEY=7a6960912bebe03c6e4c770eb1aa91329c3497f18f90cae56d6c8ddc1..., master=1.4444444444444444, candidate=0.6190476190476191 | USER_KEY=4ec765db76545c1d6dda9f421590bf9d02f584009f8d92100afeef459..., master=1.5, candidate=0.14285714285714285 | USER_KEY=01b16f9f7ff29b48b1ee0d1a89d1eb9662474e5eedb8c2d967ea43793..., master=2.0, candidate=0.09523809523809523",False,False,,both_nan_match,,
watch_per_day,watch_per_day_reg_day0_to_day20_view_rows_over_31,total_watch_count / 31,View_History_v2.csv; User_Mapping_v2.csv; Membership_v2.csv,USER_NUM; MOVIE_NUM; watch_time(min); watch_day; watch_seq; reg_date,USER_KEY,Membership_v2.csv reg_date,reg_day0_to_day20,31,zero when denominator is zero,both NaN treated as match,23343,1446,21897,0.0619457653257936,17.419354838709676,1.5229930917423256,"USER_KEY=7a6960912bebe03c6e4c770eb1aa91329c3497f18f90cae56d6c8ddc1..., master=1.4444444444444444, candidate=0.41935483870967744","USER_KEY=4ec765db76545c1d6dda9f421590bf9d02f584009f8d92100afeef459..., master=1.5, candidate=0.0967741935483871","USER_KEY=01b16f9f7ff29b48b1ee0d1a89d1eb9662474e5eedb8c2d967ea43793..., master=2.0, candidate=0.06451612903225806","USER_KEY=534bc7b6b1ce05de6523f79872108d8dccc1dab38e2c1fb3c40e96913..., value=0.0 | USER_KEY=1d47cdbe7f7016e6c3f42cb08e37db55548481ffa31122e1a18a27ce9..., value=0.0 | USER_KEY=f4fbd206eb9c6bee476a2d25b16a18eaaa05690b48a6de8d06670744f..., value=0.0","USER_KEY=7a6960912bebe03c6e4c770eb1aa91329c3497f18f90cae56d6c8ddc1..., master=1.4444444444444444, candidate=0.41935483870967744 | USER_KEY=4ec765db76545c1d6dda9f421590bf9d02f584009f8d92100afeef459..., master=1.5, candidate=0.0967741935483871 | USER_KEY=01b16f9f7ff29b48b1ee0d1a89d1eb9662474e5eedb8c2d967ea43793..., master=2.0, candidate=0.06451612903225806",False,False,,both_nan_match,,
watch_per_day,watch_per_day_reg_day0_to_day20_view_rows_over_active_days,total_watch_count / watch_days,View_History_v2.csv; User_Mapping_v2.csv; Membership_v2.csv,USER_NUM; MOVIE_NUM; watch_time(min); watch_day; watch_seq; reg_date,USER_KEY,Membership_v2.csv reg_date,reg_day0_to_day20,watch_days,zero when denominator is zero,both NaN treated as match,23343,23117,226,0.9903182967056505,6.0,0.015597204040206238,"USER_KEY=a02a14ff1ab86edbfe46ad5a6a7fce054dc83c39aa7c362622171c550..., master=1.0, candidate=2.0","USER_KEY=a02a14ff1ab86edbfe46ad5a6a7fce054dc83c39aa7c362622171c550..., master=2.6666666666666665, candidate=2.0","USER_KEY=48a1980ffa4529b083aac4cd2905b676125fc2fe48903e11cdc8f3a40..., master=4.0, candidate=1.6","USER_KEY=7a6960912bebe03c6e4c770eb1aa91329c3497f18f90cae56d6c8ddc1..., value=1.4444444444444444 | USER_KEY=4ec765db76545c1d6dda9f421590bf9d02f584009f8d92100afeef459..., value=1.5 | USER_KEY=01b16f9f7ff29b48b1ee0d1a89d1eb9662474e5eedb8c2d967ea43793..., value=2.0","USER_KEY=a02a14ff1ab86edbfe46ad5a6a7fce054dc83c39aa7c362622171c550..., master=1.0, candidate=2.0 | USER_KEY=a02a14ff1ab86edbfe46ad5a6a7fce054dc83c39aa7c362622171c550..., master=2.6666666666666665, candidate=2.0 | USER_KEY=48a1980ffa4529b083aac4cd2905b676125fc2fe48903e11cdc8f3a40..., master=4.0, candidate=1.6",False,False,,both_nan_match,,
avg_gap_w1_watch_days,avg_gap_w1_watch_days_reg_day1_to_day21_unique_day_gap_mean,mean gap between sorted distinct watch days inside w1,View_History_v2.csv; User_Mapping_v2.csv; Membership_v2.csv,USER_NUM; MOVIE_NUM; watch_time(min); watch_day; watch_seq; reg_date,USER_KEY,Membership_v2.csv reg_date,reg_day1_to_day21,,,both NaN treated as match,23343,20647,2696,0.88450499078953,6.0,0.23899027545731055,"USER_KEY=7a6960912bebe03c6e4c770eb1aa91329c3497f18f90cae56d6c8ddc1..., master=3.0, candidate=5.0","USER_KEY=985ed8305ba05d88f22ad4b4dc1b832af4eb66d39d9ff5cd21613bf6e..., master=2.0, candidate=0.0","USER_KEY=b034b4906fb719f737aeb897bc8cb7b2945f4e12e9d9c0d3c40562e67..., master=2.0, candidate=3.0","USER_KEY=4ec765db76545c1d6dda9f421590bf9d02f584009f8d92100afeef459..., value=0.0 | USER_KEY=01b16f9f7ff29b48b1ee0d1a89d1eb9662474e5eedb8c2d967ea43793..., value=0.0 | USER_KEY=534bc7b6b1ce05de6523f79872108d8dccc1dab38e2c1fb3c40e96913..., value=0.0","USER_KEY=7a6960912bebe03c6e4c770eb1aa91329c3497f18f90cae56d6c8ddc1..., master=3.0, candidate=5.0 | USER_KEY=985ed8305ba05d88f22ad4b4dc1b832af4eb66d39d9ff5cd21613bf6e..., master=2.0, candidate=0.0 | USER_KEY=b034b4906fb719f737aeb897bc8cb7b2945f4e12e9d9c0d3c40562e67..., master=2.0, candidate=3.0",False,False,,both_nan_match,,
avg_gap_w2_watch_days,avg_gap_w2_watch_days_reg_day1_to_day21_unique_day_gap_mean,mean gap between sorted distinct watch days inside w2,View_History_v2.csv; User_Mapping_v2.csv; Membership_v2.csv,USER_NUM; MOVIE_NUM; watch_time(min); watch_day; watch_seq; reg_date,USER_KEY,Membership_v2.csv reg_date,reg_day1_to_day21,,,both NaN treated as match,23343,23246,97,0.9958445786745491,6.0,0.00729412100701138,"USER_KEY=a02a14ff1ab86edbfe46ad5a6a7fce054dc83c39aa7c362622171c550..., master=1.0, candidate=1.25","USER_KEY=a02a14ff1ab86edbfe46ad5a6a7fce054dc83c39aa7c362622171c550..., master=2.5, candidate=1.25","USER_KEY=48a1980ffa4529b083aac4cd2905b676125fc2fe48903e11cdc8f3a40..., master=0.0, candidate=1.5","USER_KEY=7a6960912bebe03c6e4c770eb1aa91329c3497f18f90cae56d6c8ddc1..., value=1.0 | USER_KEY=4ec765db76545c1d6dda9f421590bf9d02f584009f8d92100afeef459..., value=0.0 | USER_KEY=01b16f9f7ff29b48b1ee0d1a89d1eb9662474e5eedb8c2d967ea43793..., value=0.0","USER_KEY=a02a14ff1ab86edbfe46ad5a6a7fce054dc83c39aa7c362622171c550..., master=1.0, candidate=1.25 | USER_KEY=a02a14ff1ab86edbfe46ad5a6a7fce054dc83c39aa7c362622171c550..., master=2.5, candidate=1.25 | USER_KEY=48a1980ffa4529b083aac4cd2905b676125fc2fe48903e11cdc8f3a40..., master=0.0, candidate=1.5",False,False,,both_nan_match,,
avg_gap_w3_watch_days,avg_gap_w3_watch_days_reg_day1_to_day21_unique_day_gap_mean,mean gap between sorted distinct watch days inside w3,View_History_v2.csv; User_Mapping_v2.csv; Membership_v2.csv,USER_NUM; MOVIE_NUM; watch_time(min); watch_day; watch_seq; reg_date,USER_KEY,Membership_v2.csv reg_date,reg_day1_to_day21,,,both NaN treated as match,23343,23230,113,0.9951591483528253,6.0,0.01018149623727313,"USER_KEY=a02a14ff1ab86edbfe46ad5a6a7fce054dc83c39aa7c362622171c550..., master=0.0, candidate=1.0","USER_KEY=6513fff57e32407ab087206e57186ee4cbde4888a5f79702f9caee7d2..., master=0.0, candidate=2.0","USER_KEY=6513fff57e32407ab087206e57186ee4cbde4888a5f79702f9caee7d2..., master=0.0, candidate=2.0","USER_KEY=7a6960912bebe03c6e4c770eb1aa91329c3497f18f90cae56d6c8ddc1..., value=0.0 | USER_KEY=4ec765db76545c1d6dda9f421590bf9d02f584009f8d92100afeef459..., value=0.0 | USER_KEY=01b16f9f7ff29b48b1ee0d1a89d1eb9662474e5eedb8c2d967ea43793..., value=0.0","USER_KEY=a02a14ff1ab86edbfe46ad5a6a7fce054dc83c39aa7c362622171c550..., master=0.0, candidate=1.0 | USER_KEY=6513fff57e32407ab087206e57186ee4cbde4888a5f79702f9caee7d2..., master=0.0, candidate=2.0 | USER_KEY=6513fff57e32407ab087206e57186ee4cbde4888a5f79702f9caee7d2..., master=0.0, candidate=2.0",False,False,,both_nan_match,,
total_watch_count,total_watch_count_reg_day1_to_day21_row_count,view row count in observation window,View_History_v2.csv; User_Mapping_v2.csv; Membership_v2.csv,USER_NUM; MOVIE_NUM; watch_time(min); watch_day; watch_seq; reg_date,USER_KEY,Membership_v2.csv reg_date,reg_day1_to_day21,,,both NaN treated as match,23343,16276,7067,0.6972539947735938,38.0,0.6506018935012637,"USER_KEY=7a6960912bebe03c6e4c770eb1aa91329c3497f18f90cae56d6c8ddc1..., master=13.0, candidate=12.0","USER_KEY=985ed8305ba05d88f22ad4b4dc1b832af4eb66d39d9ff5cd21613bf6e..., master=22.0, candidate=24.0","USER_KEY=b034b4906fb719f737aeb897bc8cb7b2945f4e12e9d9c0d3c40562e67..., master=8.0, candidate=7.0","USER_KEY=4ec765db76545c1d6dda9f421590bf9d02f584009f8d92100afeef459..., value=3.0 | USER_KEY=01b16f9f7ff29b48b1ee0d1a89d1eb9662474e5eedb8c2d967ea43793..., value=2.0 | USER_KEY=534bc7b6b1ce05de6523f79872108d8dccc1dab38e2c1fb3c40e96913..., value=0.0","USER_KEY=7a6960912bebe03c6e4c770eb1aa91329c3497f18f90cae56d6c8ddc1..., master=13.0, candidate=12.0 | USER_KEY=985ed8305ba05d88f22ad4b4dc1b832af4eb66d39d9ff5cd21613bf6e..., master=22.0, candidate=24.0 | USER_KEY=b034b4906fb719f737aeb897bc8cb7b2945f4e12e9d9c0d3c40562e67..., master=8.0, candidate=7.0",False,False,,both_nan_match,,
unique_movie,unique_movie_reg_day1_to_day21_distinct_movie,distinct MOVIE_NUM count in observation window,View_History_v2.csv; User_Mapping_v2.csv; Membership_v2.csv,USER_NUM; MOVIE_NUM; watch_time(min); watch_day; watch_seq; reg_date,USER_KEY,Membership_v2.csv reg_date,reg_day1_to_day21,,,both NaN treated as match,23343,17515,5828,0.750332005312085,28.0,0.44056033928800925,"USER_KEY=985ed8305ba05d88f22ad4b4dc1b832af4eb66d39d9ff5cd21613bf6e..., master=20.0, candidate=22.0","USER_KEY=b034b4906fb719f737aeb897bc8cb7b2945f4e12e9d9c0d3c40562e67..., master=5.0, candidate=4.0","USER_KEY=215870651ff3758eed08f033a15756df74a2360a0d080b6eeafbbe976..., master=8.0, candidate=3.0","USER_KEY=7a6960912bebe03c6e4c770eb1aa91329c3497f18f90cae56d6c8ddc1..., value=10.0 | USER_KEY=4ec765db76545c1d6dda9f421590bf9d02f584009f8d92100afeef459..., value=3.0 | USER_KEY=01b16f9f7ff29b48b1ee0d1a89d1eb9662474e5eedb8c2d967ea43793..., value=2.0","USER_KEY=985ed8305ba05d88f22ad4b4dc1b832af4eb66d39d9ff5cd21613bf6e..., master=20.0, candidate=22.0 | USER_KEY=b034b4906fb719f737aeb897bc8cb7b2945f4e12e9d9c0d3c40562e67..., master=5.0, candidate=4.0 | USER_KEY=215870651ff3758eed08f033a15756df74a2360a0d080b6eeafbbe976..., master=8.0, candidate=3.0",False,False,,both_nan_match,,
watch_days,watch_days_reg_day1_to_day21_distinct_watch_day,distinct watch_day count in observation window,View_History_v2.csv; User_Mapping_v2.csv; Membership_v2.csv,USER_NUM; MOVIE_NUM; watch_time(min); watch_day; watch_seq; reg_date,USER_KEY,Membership_v2.csv reg_date,reg_day1_to_day21,,,both NaN treated as match,23343,16828,6515,0.7209013408730669,11.0,0.3123420297305402,"USER_KEY=7a6960912bebe03c6e4c770eb1aa91329c3497f18f90cae56d6c8ddc1..., master=9.0, candidate=8.0","USER_KEY=b034b4906fb719f737aeb897bc8cb7b2945f4e12e9d9c0d3c40562e67..., master=8.0, candidate=7.0","USER_KEY=215870651ff3758eed08f033a15756df74a2360a0d080b6eeafbbe976..., master=3.0, candidate=2.0","USER_KEY=4ec765db76545c1d6dda9f421590bf9d02f584009f8d92100afeef459..., value=2.0 | USER_KEY=01b16f9f7ff29b48b1ee0d1a89d1eb9662474e5eedb8c2d967ea43793..., value=1.0 | USER_KEY=534bc7b6b1ce05de6523f79872108d8dccc1dab38e2c1fb3c40e96913..., value=0.0","USER_KEY=7a6960912bebe03c6e4c770eb1aa91329c3497f18f90cae56d6c8ddc1..., master=9.0, candidate=8.0 | USER_KEY=b034b4906fb719f737aeb897bc8cb7b2945f4e12e9d9c0d3c40562e67..., master=8.0, candidate=7.0 | USER_KEY=215870651ff3758eed08f033a15756df74a2360a0d080b6eeafbbe976..., master=3.0, candidate=2.0",False,False,,both_nan_match,,
total_watch_time,total_watch_time_reg_day1_to_day21_watch_time_sum,sum of watch_time(min) in observation window,View_History_v2.csv; User_Mapping_v2.csv; Membership_v2.csv,USER_NUM; MOVIE_NUM; watch_time(min); watch_day; watch_seq; reg_date,USER_KEY,Membership_v2.csv reg_date,reg_day1_to_day21,,,both NaN treated as match,23343,15938,7405,0.6827742792271773,2202.0,29.58638564023476,"USER_KEY=7a6960912bebe03c6e4c770eb1aa91329c3497f18f90cae56d6c8ddc1..., master=518.0, candidate=470.0","USER_KEY=985ed8305ba05d88f22ad4b4dc1b832af4eb66d39d9ff5cd21613bf6e..., master=276.0, candidate=257.0","USER_KEY=b034b4906fb719f737aeb897bc8cb7b2945f4e12e9d9c0d3c40562e67..., master=333.0, candidate=293.0","USER_KEY=4ec765db76545c1d6dda9f421590bf9d02f584009f8d92100afeef459..., value=4.0 | USER_KEY=01b16f9f7ff29b48b1ee0d1a89d1eb9662474e5eedb8c2d967ea43793..., value=129.0 | USER_KEY=534bc7b6b1ce05de6523f79872108d8dccc1dab38e2c1fb3c40e96913..., value=0.0","USER_KEY=7a6960912bebe03c6e4c770eb1aa91329c3497f18f90cae56d6c8ddc1..., master=518.0, candidate=470.0 | USER_KEY=985ed8305ba05d88f22ad4b4dc1b832af4eb66d39d9ff5cd21613bf6e..., master=276.0, candidate=257.0 | USER_KEY=b034b4906fb719f737aeb897bc8cb7b2945f4e12e9d9c0d3c40562e67..., master=333.0, candidate=293.0",False,False,,both_nan_match,,
avg_watch_time,avg_watch_time_reg_day1_to_day21_row_mean_watch_time,mean watch_time(min) per view row,View_History_v2.csv; User_Mapping_v2.csv; Membership_v2.csv,USER_NUM; MOVIE_NUM; watch_time(min); watch_day; watch_seq; reg_date,USER_KEY,Membership_v2.csv reg_date,reg_day1_to_day21,,,both NaN treated as match,23343,16011,7332,0.6859015550700424,200.0,3.740849210295035,"USER_KEY=7a6960912bebe03c6e4c770eb1aa91329c3497f18f90cae56d6c8ddc1..., master=39.84615384615385, candidate=39.166666666666664","USER_KEY=985ed8305ba05d88f22ad4b4dc1b832af4eb66d39d9ff5cd21613bf6e..., master=12.545454545454543, candidate=10.708333333333334","USER_KEY=b034b4906fb719f737aeb897bc8cb7b2945f4e12e9d9c0d3c40562e67..., master=41.625, candidate=41.857142857142854","USER_KEY=4ec765db76545c1d6dda9f421590bf9d02f584009f8d92100afeef459..., value=1.3333333333333333 | USER_KEY=01b16f9f7ff29b48b1ee0d1a89d1eb9662474e5eedb8c2d967ea43793..., value=64.5 | USER_KEY=534bc7b6b1ce05de6523f79872108d8dccc1dab38e2c1fb3c40e96913..., value=0.0","USER_KEY=7a6960912bebe03c6e4c770eb1aa91329c3497f18f90cae56d6c8ddc1..., master=39.84615384615385, candidate=39.166666666666664 | USER_KEY=985ed8305ba05d88f22ad4b4dc1b832af4eb66d39d9ff5cd21613bf6e..., master=12.545454545454543, candidate=10.708333333333334 | USER_KEY=b034b4906fb719f737aeb897bc8cb7b2945f4e12e9d9c0d3c40562e67..., master=41.625, candidate=41.857142857142854",False,False,,both_nan_match,,
median_watch_time,median_watch_time_reg_day1_to_day21_row_median_watch_time,median watch_time(min) per view row,View_History_v2.csv; User_Mapping_v2.csv; Membership_v2.csv,USER_NUM; MOVIE_NUM; watch_time(min); watch_day; watch_seq; reg_date,USER_KEY,Membership_v2.csv reg_date,reg_day1_to_day21,,,both NaN treated as match,23343,17333,6010,0.7425352354024761,200.0,4.321059846634966,"USER_KEY=7a6960912bebe03c6e4c770eb1aa91329c3497f18f90cae56d6c8ddc1..., master=13.0, candidate=10.0","USER_KEY=b034b4906fb719f737aeb897bc8cb7b2945f4e12e9d9c0d3c40562e67..., master=48.5, candidate=57.0","USER_KEY=215870651ff3758eed08f033a15756df74a2360a0d080b6eeafbbe976..., master=11.0, candidate=6.0","USER_KEY=4ec765db76545c1d6dda9f421590bf9d02f584009f8d92100afeef459..., value=1.0 | USER_KEY=01b16f9f7ff29b48b1ee0d1a89d1eb9662474e5eedb8c2d967ea43793..., value=64.5 | USER_KEY=534bc7b6b1ce05de6523f79872108d8dccc1dab38e2c1fb3c40e96913..., value=0.0","USER_KEY=7a6960912bebe03c6e4c770eb1aa91329c3497f18f90cae56d6c8ddc1..., master=13.0, candidate=10.0 | USER_KEY=b034b4906fb719f737aeb897bc8cb7b2945f4e12e9d9c0d3c40562e67..., master=48.5, candidate=57.0 | USER_KEY=215870651ff3758eed08f033a15756df74a2360a0d080b6eeafbbe976..., master=11.0, candidate=6.0",False,False,,both_nan_match,,
std_watch_time,std_watch_time_reg_day1_to_day21_row_std_ddof0,"std watch_time(min), ddof=0",View_History_v2.csv; User_Mapping_v2.csv; Membership_v2.csv,USER_NUM; MOVIE_NUM; watch_time(min); watch_day; watch_seq; reg_date,USER_KEY,Membership_v2.csv reg_date,reg_day1_to_day21,,,both NaN treated as match,23343,16345,6998,0.700209913036028,99.5,2.3618194007858895,"USER_KEY=7a6960912bebe03c6e4c770eb1aa91329c3497f18f90cae56d6c8ddc1..., master=55.66361351747194, candidate=57.884703410217874","USER_KEY=985ed8305ba05d88f22ad4b4dc1b832af4eb66d39d9ff5cd21613bf6e..., master=24.278174397308288, candidate=23.55397908115645","USER_KEY=b034b4906fb719f737aeb897bc8cb7b2945f4e12e9d9c0d3c40562e67..., master=27.69448275379051, candidate=29.5993656854263","USER_KEY=4ec765db76545c1d6dda9f421590bf9d02f584009f8d92100afeef459..., value=0.4714045207910317 | USER_KEY=01b16f9f7ff29b48b1ee0d1a89d1eb9662474e5eedb8c2d967ea43793..., value=63.5 | USER_KEY=534bc7b6b1ce05de6523f79872108d8dccc1dab38e2c1fb3c40e96913..., value=0.0","USER_KEY=7a6960912bebe03c6e4c770eb1aa91329c3497f18f90cae56d6c8ddc1..., master=55.66361351747194, candidate=57.884703410217874 | USER_KEY=985ed8305ba05d88f22ad4b4dc1b832af4eb66d39d9ff5cd21613bf6e..., master=24.278174397308288, candidate=23.55397908115645 | USER_KEY=b034b4906fb719f737aeb897bc8cb7b2945f4e12e9d9c0d3c40562e67..., master=27.69448275379051, candidate=29.5993656854263",False,False,,both_nan_match,,
std_watch_time,std_watch_time_reg_day1_to_day21_row_std_ddof1,"std watch_time(min), ddof=1",View_History_v2.csv; User_Mapping_v2.csv; Membership_v2.csv,USER_NUM; MOVIE_NUM; watch_time(min); watch_day; watch_seq; reg_date,USER_KEY,Membership_v2.csv reg_date,reg_day1_to_day21,,,both NaN treated as match,23343,4013,19330,0.17191449256736496,140.71424945612296,5.2995819129563015,"USER_KEY=7a6960912bebe03c6e4c770eb1aa91329c3497f18f90cae56d6c8ddc1..., master=55.66361351747194, candidate=60.4586009120491","USER_KEY=4ec765db76545c1d6dda9f421590bf9d02f584009f8d92100afeef459..., master=0.4714045207910317, candidate=0.5773502691896257","USER_KEY=01b16f9f7ff29b48b1ee0d1a89d1eb9662474e5eedb8c2d967ea43793..., master=63.5, candidate=89.80256121069154","USER_KEY=534bc7b6b1ce05de6523f79872108d8dccc1dab38e2c1fb3c40e96913..., value=0.0 | USER_KEY=1d47cdbe7f7016e6c3f42cb08e37db55548481ffa31122e1a18a27ce9..., value=0.0 | USER_KEY=f4fbd206eb9c6bee476a2d25b16a18eaaa05690b48a6de8d06670744f..., value=0.0","USER_KEY=7a6960912bebe03c6e4c770eb1aa91329c3497f18f90cae56d6c8ddc1..., master=55.66361351747194, candidate=60.4586009120491 | USER_KEY=4ec765db76545c1d6dda9f421590bf9d02f584009f8d92100afeef459..., master=0.4714045207910317, candidate=0.5773502691896257 | USER_KEY=01b16f9f7ff29b48b1ee0d1a89d1eb9662474e5eedb8c2d967ea43793..., master=63.5, candidate=89.80256121069154",False,False,,both_nan_match,,
max_watch_time,max_watch_time_reg_day1_to_day21_max_row_watch_time,maximum watch_time(min) for a single view row,View_History_v2.csv; User_Mapping_v2.csv; Membership_v2.csv,USER_NUM; MOVIE_NUM; watch_time(min); watch_day; watch_seq; reg_date,USER_KEY,Membership_v2.csv reg_date,reg_day1_to_day21,,,both NaN treated as match,23343,20867,2476,0.8939296577132331,200.0,4.856702223364606,"USER_KEY=2bff782c4dbe0aca845d2d9446f8ba48b59b10145e019f89abbf63462..., master=151.0, candidate=0.0","USER_KEY=dd6f29255829683dfe5531ffcabf6499bb6fc872a4dfc78f467e69796..., master=42.0, candidate=63.0","USER_KEY=a02a14ff1ab86edbfe46ad5a6a7fce054dc83c39aa7c362622171c550..., master=98.0, candidate=171.0","USER_KEY=7a6960912bebe03c6e4c770eb1aa91329c3497f18f90cae56d6c8ddc1..., value=200.0 | USER_KEY=4ec765db76545c1d6dda9f421590bf9d02f584009f8d92100afeef459..., value=2.0 | USER_KEY=01b16f9f7ff29b48b1ee0d1a89d1eb9662474e5eedb8c2d967ea43793..., value=128.0","USER_KEY=2bff782c4dbe0aca845d2d9446f8ba48b59b10145e019f89abbf63462..., master=151.0, candidate=0.0 | USER_KEY=dd6f29255829683dfe5531ffcabf6499bb6fc872a4dfc78f467e69796..., master=42.0, candidate=63.0 | USER_KEY=a02a14ff1ab86edbfe46ad5a6a7fce054dc83c39aa7c362622171c550..., master=98.0, candidate=171.0",False,False,,both_nan_match,,
max_daily_watch_time,max_daily_watch_time_reg_day1_to_day21_max_daily_watch_time,maximum daily sum of watch_time(min),View_History_v2.csv; User_Mapping_v2.csv; Membership_v2.csv,USER_NUM; MOVIE_NUM; watch_time(min); watch_day; watch_seq; reg_date,USER_KEY,Membership_v2.csv reg_date,reg_day1_to_day21,,,both NaN treated as match,23343,20800,2543,0.8910594182410144,755.0,8.011223921518228,"USER_KEY=215870651ff3758eed08f033a15756df74a2360a0d080b6eeafbbe976..., master=71.0, candidate=23.0","USER_KEY=2bff782c4dbe0aca845d2d9446f8ba48b59b10145e019f89abbf63462..., master=156.0, candidate=0.0","USER_KEY=dd6f29255829683dfe5531ffcabf6499bb6fc872a4dfc78f467e69796..., master=42.0, candidate=63.0","USER_KEY=7a6960912bebe03c6e4c770eb1aa91329c3497f18f90cae56d6c8ddc1..., value=201.0 | USER_KEY=4ec765db76545c1d6dda9f421590bf9d02f584009f8d92100afeef459..., value=3.0 | USER_KEY=01b16f9f7ff29b48b1ee0d1a89d1eb9662474e5eedb8c2d967ea43793..., value=129.0","USER_KEY=215870651ff3758eed08f033a15756df74a2360a0d080b6eeafbbe976..., master=71.0, candidate=23.0 | USER_KEY=2bff782c4dbe0aca845d2d9446f8ba48b59b10145e019f89abbf63462..., master=156.0, candidate=0.0 | USER_KEY=dd6f29255829683dfe5531ffcabf6499bb6fc872a4dfc78f467e69796..., master=42.0, candidate=63.0",False,False,,both_nan_match,,
max_daily_sessions,max_daily_sessions_reg_day1_to_day21_max_daily_view_rows,maximum daily view row count,View_History_v2.csv; User_Mapping_v2.csv; Membership_v2.csv,USER_NUM; MOVIE_NUM; watch_time(min); watch_day; watch_seq; reg_date,USER_KEY,Membership_v2.csv reg_date,reg_day1_to_day21,,,both NaN treated as match,23343,21442,1901,0.9185623099001842,17.0,0.17045795313370174,"USER_KEY=215870651ff3758eed08f033a15756df74a2360a0d080b6eeafbbe976..., master=6.0, candidate=2.0","USER_KEY=2bff782c4dbe0aca845d2d9446f8ba48b59b10145e019f89abbf63462..., master=2.0, candidate=0.0","USER_KEY=a02a14ff1ab86edbfe46ad5a6a7fce054dc83c39aa7c362622171c550..., master=1.0, candidate=7.0","USER_KEY=7a6960912bebe03c6e4c770eb1aa91329c3497f18f90cae56d6c8ddc1..., value=2.0 | USER_KEY=4ec765db76545c1d6dda9f421590bf9d02f584009f8d92100afeef459..., value=2.0 | USER_KEY=01b16f9f7ff29b48b1ee0d1a89d1eb9662474e5eedb8c2d967ea43793..., value=2.0","USER_KEY=215870651ff3758eed08f033a15756df74a2360a0d080b6eeafbbe976..., master=6.0, candidate=2.0 | USER_KEY=2bff782c4dbe0aca845d2d9446f8ba48b59b10145e019f89abbf63462..., master=2.0, candidate=0.0 | USER_KEY=a02a14ff1ab86edbfe46ad5a6a7fce054dc83c39aa7c362622171c550..., master=1.0, candidate=7.0",False,False,,both_nan_match,,
recency,recency_reg_day1_to_day21_window_end_minus_last_rel_day,observation-window end relative day minus last watch relative day,View_History_v2.csv; User_Mapping_v2.csv; Membership_v2.csv,USER_NUM; MOVIE_NUM; watch_time(min); watch_day; watch_seq; reg_date,USER_KEY,Membership_v2.csv reg_date,reg_day1_to_day21,window end,,both NaN treated as match,23343,1422,21921,0.060917619843207815,21.0,2.4588527609990147,"USER_KEY=7a6960912bebe03c6e4c770eb1aa91329c3497f18f90cae56d6c8ddc1..., master=4.0, candidate=5.0","USER_KEY=4ec765db76545c1d6dda9f421590bf9d02f584009f8d92100afeef459..., master=13.0, candidate=14.0","USER_KEY=01b16f9f7ff29b48b1ee0d1a89d1eb9662474e5eedb8c2d967ea43793..., master=10.0, candidate=11.0","USER_KEY=dd6f29255829683dfe5531ffcabf6499bb6fc872a4dfc78f467e69796..., value=0.0 | USER_KEY=01a2e024ad1ab913119f330fcbe827633b741e42544f31628e02f5e58..., value=0.0 | USER_KEY=69d2bf8e8eeaf6841830a7463d812e7b4004b31bdb8268b89c5330490..., value=0.0","USER_KEY=7a6960912bebe03c6e4c770eb1aa91329c3497f18f90cae56d6c8ddc1..., master=4.0, candidate=5.0 | USER_KEY=4ec765db76545c1d6dda9f421590bf9d02f584009f8d92100afeef459..., master=13.0, candidate=14.0 | USER_KEY=01b16f9f7ff29b48b1ee0d1a89d1eb9662474e5eedb8c2d967ea43793..., master=10.0, candidate=11.0",False,False,,both_nan_match,,
recency,recency_reg_day1_to_day21_last_relative_watch_day,last watch relative day,View_History_v2.csv; User_Mapping_v2.csv; Membership_v2.csv,USER_NUM; MOVIE_NUM; watch_time(min); watch_day; watch_seq; reg_date,USER_KEY,Membership_v2.csv reg_date,reg_day1_to_day21,,,both NaN treated as match,23343,559,22784,0.023947221865227263,21.0,12.695454740179068,"USER_KEY=7a6960912bebe03c6e4c770eb1aa91329c3497f18f90cae56d6c8ddc1..., master=4.0, candidate=16.0","USER_KEY=4ec765db76545c1d6dda9f421590bf9d02f584009f8d92100afeef459..., master=13.0, candidate=7.0","USER_KEY=534bc7b6b1ce05de6523f79872108d8dccc1dab38e2c1fb3c40e96913..., master=0.0, candidate=-1.0","USER_KEY=01b16f9f7ff29b48b1ee0d1a89d1eb9662474e5eedb8c2d967ea43793..., value=10.0 | USER_KEY=482a8174f937ec686cfed3dd029604b33df40d4d7616a7e9c985fb6b1..., value=10.0 | USER_KEY=8a9217ad1f2e18ba77d15d1eb0f73c4ea0c3105df50ccb8511122376f..., value=10.0","USER_KEY=7a6960912bebe03c6e4c770eb1aa91329c3497f18f90cae56d6c8ddc1..., master=4.0, candidate=16.0 | USER_KEY=4ec765db76545c1d6dda9f421590bf9d02f584009f8d92100afeef459..., master=13.0, candidate=7.0 | USER_KEY=534bc7b6b1ce05de6523f79872108d8dccc1dab38e2c1fb3c40e96913..., master=0.0, candidate=-1.0",False,False,,both_nan_match,,
avg_gap_between_watch_days,avg_gap_between_watch_days_reg_day1_to_day21_unique_watch_day_gap_mean,mean gap between sorted distinct watch days,View_History_v2.csv; User_Mapping_v2.csv; Membership_v2.csv,USER_NUM; MOVIE_NUM; watch_time(min); watch_day; watch_seq; reg_date,USER_KEY,Membership_v2.csv reg_date,reg_day1_to_day21,,,both NaN treated as match,23343,16826,6517,0.7208156620828514,20.0,0.6539044182157687,"USER_KEY=7a6960912bebe03c6e4c770eb1aa91329c3497f18f90cae56d6c8ddc1..., master=2.0, candidate=2.142857142857143","USER_KEY=985ed8305ba05d88f22ad4b4dc1b832af4eb66d39d9ff5cd21613bf6e..., master=2.2857142857142856, candidate=2.7142857142857144","USER_KEY=b034b4906fb719f737aeb897bc8cb7b2945f4e12e9d9c0d3c40562e67..., master=2.7142857142857144, candidate=3.0","USER_KEY=4ec765db76545c1d6dda9f421590bf9d02f584009f8d92100afeef459..., value=1.0 | USER_KEY=01b16f9f7ff29b48b1ee0d1a89d1eb9662474e5eedb8c2d967ea43793..., value=0.0 | USER_KEY=534bc7b6b1ce05de6523f79872108d8dccc1dab38e2c1fb3c40e96913..., value=0.0","USER_KEY=7a6960912bebe03c6e4c770eb1aa91329c3497f18f90cae56d6c8ddc1..., master=2.0, candidate=2.142857142857143 | USER_KEY=985ed8305ba05d88f22ad4b4dc1b832af4eb66d39d9ff5cd21613bf6e..., master=2.2857142857142856, candidate=2.7142857142857144 | USER_KEY=b034b4906fb719f737aeb897bc8cb7b2945f4e12e9d9c0d3c40562e67..., master=2.7142857142857144, candidate=3.0",False,False,,both_nan_match,,
max_inactive_gap_days,max_inactive_gap_days_reg_day1_to_day21_max_gap_between_watch_days,maximum difference between consecutive active watch days,View_History_v2.csv; User_Mapping_v2.csv; Membership_v2.csv,USER_NUM; MOVIE_NUM; watch_time(min); watch_day; watch_seq; reg_date,USER_KEY,Membership_v2.csv reg_date,reg_day1_to_day21,,,both NaN treated as match,23343,20844,2499,0.892944351625755,20.0,0.7082637193162833,"USER_KEY=6be69d6fbce1d6347bf7dacb31db79a882bbee9a2171611cabd4c8a70..., master=5.0, candidate=0.0","USER_KEY=dd6f29255829683dfe5531ffcabf6499bb6fc872a4dfc78f467e69796..., master=0.0, candidate=1.0","USER_KEY=a02a14ff1ab86edbfe46ad5a6a7fce054dc83c39aa7c362622171c550..., master=6.0, candidate=2.0","USER_KEY=7a6960912bebe03c6e4c770eb1aa91329c3497f18f90cae56d6c8ddc1..., value=5.0 | USER_KEY=4ec765db76545c1d6dda9f421590bf9d02f584009f8d92100afeef459..., value=1.0 | USER_KEY=01b16f9f7ff29b48b1ee0d1a89d1eb9662474e5eedb8c2d967ea43793..., value=0.0","USER_KEY=6be69d6fbce1d6347bf7dacb31db79a882bbee9a2171611cabd4c8a70..., master=5.0, candidate=0.0 | USER_KEY=dd6f29255829683dfe5531ffcabf6499bb6fc872a4dfc78f467e69796..., master=0.0, candidate=1.0 | USER_KEY=a02a14ff1ab86edbfe46ad5a6a7fce054dc83c39aa7c362622171c550..., master=6.0, candidate=2.0",False,False,,both_nan_match,,
max_inactive_gap_days,max_inactive_gap_days_reg_day1_to_day21_max_inactive_between_active_days,maximum inactive days between active watch days,View_History_v2.csv; User_Mapping_v2.csv; Membership_v2.csv,USER_NUM; MOVIE_NUM; watch_time(min); watch_day; watch_seq; reg_date,USER_KEY,Membership_v2.csv reg_date,reg_day1_to_day21,,,both NaN treated as match,23343,5392,17951,0.23099001842093989,20.0,1.3622070856359507,"USER_KEY=7a6960912bebe03c6e4c770eb1aa91329c3497f18f90cae56d6c8ddc1..., master=5.0, candidate=4.0","USER_KEY=4ec765db76545c1d6dda9f421590bf9d02f584009f8d92100afeef459..., master=1.0, candidate=0.0","USER_KEY=70da9913e0b9dd104fe781fd724bf1423f4cb4416f640e5d6820aa4cf..., master=6.0, candidate=5.0","USER_KEY=01b16f9f7ff29b48b1ee0d1a89d1eb9662474e5eedb8c2d967ea43793..., value=0.0 | USER_KEY=534bc7b6b1ce05de6523f79872108d8dccc1dab38e2c1fb3c40e96913..., value=0.0 | USER_KEY=ce55ecaa87931f40db2fc448a88af43b50cbed84642851d11882544b1..., value=0.0","USER_KEY=7a6960912bebe03c6e4c770eb1aa91329c3497f18f90cae56d6c8ddc1..., master=5.0, candidate=4.0 | USER_KEY=4ec765db76545c1d6dda9f421590bf9d02f584009f8d92100afeef459..., master=1.0, candidate=0.0 | USER_KEY=70da9913e0b9dd104fe781fd724bf1423f4cb4416f640e5d6820aa4cf..., master=6.0, candidate=5.0",False,False,,both_nan_match,,
max_inactive_gap_days,max_inactive_gap_days_reg_day1_to_day21_max_inactive_including_edges,maximum inactive gap including observation-window start and end,View_History_v2.csv; User_Mapping_v2.csv; Membership_v2.csv,USER_NUM; MOVIE_NUM; watch_time(min); watch_day; watch_seq; reg_date,USER_KEY,Membership_v2.csv reg_date,reg_day1_to_day21,,,both NaN treated as match,23343,2299,21044,0.09848776935269674,20.0,5.500278456068201,"USER_KEY=4ec765db76545c1d6dda9f421590bf9d02f584009f8d92100afeef459..., master=1.0, candidate=14.0","USER_KEY=01b16f9f7ff29b48b1ee0d1a89d1eb9662474e5eedb8c2d967ea43793..., master=0.0, candidate=11.0","USER_KEY=ce55ecaa87931f40db2fc448a88af43b50cbed84642851d11882544b1..., master=0.0, candidate=17.0","USER_KEY=7a6960912bebe03c6e4c770eb1aa91329c3497f18f90cae56d6c8ddc1..., value=5.0 | USER_KEY=534bc7b6b1ce05de6523f79872108d8dccc1dab38e2c1fb3c40e96913..., value=0.0 | USER_KEY=70da9913e0b9dd104fe781fd724bf1423f4cb4416f640e5d6820aa4cf..., value=6.0","USER_KEY=4ec765db76545c1d6dda9f421590bf9d02f584009f8d92100afeef459..., master=1.0, candidate=14.0 | USER_KEY=01b16f9f7ff29b48b1ee0d1a89d1eb9662474e5eedb8c2d967ea43793..., master=0.0, candidate=11.0 | USER_KEY=ce55ecaa87931f40db2fc448a88af43b50cbed84642851d11882544b1..., master=0.0, candidate=17.0",False,False,,both_nan_match,,
avg_rewatch_ratio,avg_rewatch_ratio_reg_day1_to_day21_extra_duplicate_views_over_total_rows,(view rows - distinct MOVIE_NUM) / view rows,View_History_v2.csv; User_Mapping_v2.csv; Membership_v2.csv,USER_NUM; MOVIE_NUM; watch_time(min); watch_day; watch_seq; reg_date,USER_KEY,Membership_v2.csv reg_date,reg_day1_to_day21,view rows,zero when denominator is zero,both NaN treated as match,23343,17889,5454,0.7663539390823801,0.90625,0.024536859650882044,"USER_KEY=7a6960912bebe03c6e4c770eb1aa91329c3497f18f90cae56d6c8ddc1..., master=0.2307692307692307, candidate=0.16666666666666666","USER_KEY=985ed8305ba05d88f22ad4b4dc1b832af4eb66d39d9ff5cd21613bf6e..., master=0.0909090909090909, candidate=0.08333333333333333","USER_KEY=b034b4906fb719f737aeb897bc8cb7b2945f4e12e9d9c0d3c40562e67..., master=0.375, candidate=0.42857142857142855","USER_KEY=4ec765db76545c1d6dda9f421590bf9d02f584009f8d92100afeef459..., value=0.0 | USER_KEY=01b16f9f7ff29b48b1ee0d1a89d1eb9662474e5eedb8c2d967ea43793..., value=0.0 | USER_KEY=534bc7b6b1ce05de6523f79872108d8dccc1dab38e2c1fb3c40e96913..., value=0.0","USER_KEY=7a6960912bebe03c6e4c770eb1aa91329c3497f18f90cae56d6c8ddc1..., master=0.2307692307692307, candidate=0.16666666666666666 | USER_KEY=985ed8305ba05d88f22ad4b4dc1b832af4eb66d39d9ff5cd21613bf6e..., master=0.0909090909090909, candidate=0.08333333333333333 | USER_KEY=b034b4906fb719f737aeb897bc8cb7b2945f4e12e9d9c0d3c40562e67..., master=0.375, candidate=0.42857142857142855",False,False,,both_nan_match,,
avg_rewatch_ratio,avg_rewatch_ratio_reg_day1_to_day21_rows_belonging_to_repeated_movies_ratio,rows whose MOVIE_NUM appears more than once / view rows,View_History_v2.csv; User_Mapping_v2.csv; Membership_v2.csv,USER_NUM; MOVIE_NUM; watch_time(min); watch_day; watch_seq; reg_date,USER_KEY,Membership_v2.csv reg_date,reg_day1_to_day21,view rows,zero when denominator is zero,both NaN treated as match,23343,8737,14606,0.3742877950563338,1.0,0.16282263273091152,"USER_KEY=7a6960912bebe03c6e4c770eb1aa91329c3497f18f90cae56d6c8ddc1..., master=0.2307692307692307, candidate=0.3333333333333333","USER_KEY=70da9913e0b9dd104fe781fd724bf1423f4cb4416f640e5d6820aa4cf..., master=0.25, candidate=0.5","USER_KEY=ce55ecaa87931f40db2fc448a88af43b50cbed84642851d11882544b1..., master=0.5, candidate=1.0","USER_KEY=4ec765db76545c1d6dda9f421590bf9d02f584009f8d92100afeef459..., value=0.0 | USER_KEY=01b16f9f7ff29b48b1ee0d1a89d1eb9662474e5eedb8c2d967ea43793..., value=0.0 | USER_KEY=534bc7b6b1ce05de6523f79872108d8dccc1dab38e2c1fb3c40e96913..., value=0.0","USER_KEY=7a6960912bebe03c6e4c770eb1aa91329c3497f18f90cae56d6c8ddc1..., master=0.2307692307692307, candidate=0.3333333333333333 | USER_KEY=70da9913e0b9dd104fe781fd724bf1423f4cb4416f640e5d6820aa4cf..., master=0.25, candidate=0.5 | USER_KEY=ce55ecaa87931f40db2fc448a88af43b50cbed84642851d11882544b1..., master=0.5, candidate=1.0",False,False,,both_nan_match,,
weekend_watch_ratio,weekend_watch_ratio_reg_day1_to_day21_weekend_view_rows_over_all_rows,weekend view row count / all view row count,View_History_v2.csv; User_Mapping_v2.csv; Membership_v2.csv,USER_NUM; MOVIE_NUM; watch_time(min); watch_day; watch_seq; reg_date,USER_KEY,Membership_v2.csv reg_date,reg_day1_to_day21,view rows,zero when denominator is zero,both NaN treated as match,23343,17906,5437,0.7670822087992117,1.0,0.04436695266454985,"USER_KEY=7a6960912bebe03c6e4c770eb1aa91329c3497f18f90cae56d6c8ddc1..., master=0.1538461538461538, candidate=0.08333333333333333","USER_KEY=985ed8305ba05d88f22ad4b4dc1b832af4eb66d39d9ff5cd21613bf6e..., master=0.5454545454545454, candidate=0.5","USER_KEY=b034b4906fb719f737aeb897bc8cb7b2945f4e12e9d9c0d3c40562e67..., master=0.125, candidate=0.14285714285714285","USER_KEY=4ec765db76545c1d6dda9f421590bf9d02f584009f8d92100afeef459..., value=0.0 | USER_KEY=01b16f9f7ff29b48b1ee0d1a89d1eb9662474e5eedb8c2d967ea43793..., value=0.0 | USER_KEY=534bc7b6b1ce05de6523f79872108d8dccc1dab38e2c1fb3c40e96913..., value=0.0","USER_KEY=7a6960912bebe03c6e4c770eb1aa91329c3497f18f90cae56d6c8ddc1..., master=0.1538461538461538, candidate=0.08333333333333333 | USER_KEY=985ed8305ba05d88f22ad4b4dc1b832af4eb66d39d9ff5cd21613bf6e..., master=0.5454545454545454, candidate=0.5 | USER_KEY=b034b4906fb719f737aeb897bc8cb7b2945f4e12e9d9c0d3c40562e67..., master=0.125, candidate=0.14285714285714285",False,False,,both_nan_match,,
weekend_watch_ratio,weekend_watch_ratio_reg_day1_to_day21_weekend_watch_time_over_total_time,weekend watch_time sum / total watch_time,View_History_v2.csv; User_Mapping_v2.csv; Membership_v2.csv,USER_NUM; MOVIE_NUM; watch_time(min); watch_day; watch_seq; reg_date,USER_KEY,Membership_v2.csv reg_date,reg_day1_to_day21,watch_time sum,zero when denominator is zero,both NaN treated as match,23343,10292,13051,0.4409030544488712,1.0,0.10775873024990477,"USER_KEY=7a6960912bebe03c6e4c770eb1aa91329c3497f18f90cae56d6c8ddc1..., master=0.1538461538461538, candidate=0.18723404255319148","USER_KEY=70da9913e0b9dd104fe781fd724bf1423f4cb4416f640e5d6820aa4cf..., master=0.875, candidate=0.9979674796747967","USER_KEY=985ed8305ba05d88f22ad4b4dc1b832af4eb66d39d9ff5cd21613bf6e..., master=0.5454545454545454, candidate=0.6653696498054474","USER_KEY=4ec765db76545c1d6dda9f421590bf9d02f584009f8d92100afeef459..., value=0.0 | USER_KEY=01b16f9f7ff29b48b1ee0d1a89d1eb9662474e5eedb8c2d967ea43793..., value=0.0 | USER_KEY=534bc7b6b1ce05de6523f79872108d8dccc1dab38e2c1fb3c40e96913..., value=0.0","USER_KEY=7a6960912bebe03c6e4c770eb1aa91329c3497f18f90cae56d6c8ddc1..., master=0.1538461538461538, candidate=0.18723404255319148 | USER_KEY=70da9913e0b9dd104fe781fd724bf1423f4cb4416f640e5d6820aa4cf..., master=0.875, candidate=0.9979674796747967 | USER_KEY=985ed8305ba05d88f22ad4b4dc1b832af4eb66d39d9ff5cd21613bf6e..., master=0.5454545454545454, candidate=0.6653696498054474",False,False,,both_nan_match,,
watch_ratio_under_1m,watch_ratio_under_1m_reg_day1_to_day21_watch_time_le_1_over_rows,watch_time(min) <= 1 / view rows,View_History_v2.csv; User_Mapping_v2.csv; Membership_v2.csv,USER_NUM; MOVIE_NUM; watch_time(min); watch_day; watch_seq; reg_date,USER_KEY,Membership_v2.csv reg_date,reg_day1_to_day21,view rows,zero when denominator is zero,both NaN treated as match,23343,18718,4625,0.8018677976266975,1.0,0.02433229845288346,"USER_KEY=7a6960912bebe03c6e4c770eb1aa91329c3497f18f90cae56d6c8ddc1..., master=0.3076923076923077, candidate=0.3333333333333333","USER_KEY=985ed8305ba05d88f22ad4b4dc1b832af4eb66d39d9ff5cd21613bf6e..., master=0.3636363636363636, candidate=0.4166666666666667","USER_KEY=f08d2ac930d5480ecda13e4d7d03d4d2dffb5a6a6023938aced45c955..., master=0.3684210526315789, candidate=0.4","USER_KEY=4ec765db76545c1d6dda9f421590bf9d02f584009f8d92100afeef459..., value=0.6666666666666666 | USER_KEY=01b16f9f7ff29b48b1ee0d1a89d1eb9662474e5eedb8c2d967ea43793..., value=0.5 | USER_KEY=534bc7b6b1ce05de6523f79872108d8dccc1dab38e2c1fb3c40e96913..., value=0.0","USER_KEY=7a6960912bebe03c6e4c770eb1aa91329c3497f18f90cae56d6c8ddc1..., master=0.3076923076923077, candidate=0.3333333333333333 | USER_KEY=985ed8305ba05d88f22ad4b4dc1b832af4eb66d39d9ff5cd21613bf6e..., master=0.3636363636363636, candidate=0.4166666666666667 | USER_KEY=f08d2ac930d5480ecda13e4d7d03d4d2dffb5a6a6023938aced45c955..., master=0.3684210526315789, candidate=0.4",False,False,,both_nan_match,,
watch_ratio_under_1m,watch_ratio_under_1m_reg_day1_to_day21_watch_time_lt_1_over_rows,watch_time(min) < 1 / view rows,View_History_v2.csv; User_Mapping_v2.csv; Membership_v2.csv,USER_NUM; MOVIE_NUM; watch_time(min); watch_day; watch_seq; reg_date,USER_KEY,Membership_v2.csv reg_date,reg_day1_to_day21,view rows,zero when denominator is zero,both NaN treated as match,23343,10382,12961,0.4447586000085679,1.0,0.2086747425443903,"USER_KEY=7a6960912bebe03c6e4c770eb1aa91329c3497f18f90cae56d6c8ddc1..., master=0.3076923076923077, candidate=0.0","USER_KEY=4ec765db76545c1d6dda9f421590bf9d02f584009f8d92100afeef459..., master=0.6666666666666666, candidate=0.0","USER_KEY=01b16f9f7ff29b48b1ee0d1a89d1eb9662474e5eedb8c2d967ea43793..., master=0.5, candidate=0.0","USER_KEY=534bc7b6b1ce05de6523f79872108d8dccc1dab38e2c1fb3c40e96913..., value=0.0 | USER_KEY=ce55ecaa87931f40db2fc448a88af43b50cbed84642851d11882544b1..., value=0.0 | USER_KEY=1d47cdbe7f7016e6c3f42cb08e37db55548481ffa31122e1a18a27ce9..., value=0.0","USER_KEY=7a6960912bebe03c6e4c770eb1aa91329c3497f18f90cae56d6c8ddc1..., master=0.3076923076923077, candidate=0.0 | USER_KEY=4ec765db76545c1d6dda9f421590bf9d02f584009f8d92100afeef459..., master=0.6666666666666666, candidate=0.0 | USER_KEY=01b16f9f7ff29b48b1ee0d1a89d1eb9662474e5eedb8c2d967ea43793..., master=0.5, candidate=0.0",False,False,,both_nan_match,,
watch_ratio_under_5m,watch_ratio_under_5m_reg_day1_to_day21_watch_time_le_5_over_rows,watch_time(min) <= 5 / view rows,View_History_v2.csv; User_Mapping_v2.csv; Membership_v2.csv,USER_NUM; MOVIE_NUM; watch_time(min); watch_day; watch_seq; reg_date,USER_KEY,Membership_v2.csv reg_date,reg_day1_to_day21,view rows,zero when denominator is zero,both NaN treated as match,23343,17916,5427,0.7675106027502892,1.0,0.03182811746949903,"USER_KEY=7a6960912bebe03c6e4c770eb1aa91329c3497f18f90cae56d6c8ddc1..., master=0.3846153846153846, candidate=0.4166666666666667","USER_KEY=985ed8305ba05d88f22ad4b4dc1b832af4eb66d39d9ff5cd21613bf6e..., master=0.6363636363636364, candidate=0.75","USER_KEY=b034b4906fb719f737aeb897bc8cb7b2945f4e12e9d9c0d3c40562e67..., master=0.125, candidate=0.14285714285714285","USER_KEY=4ec765db76545c1d6dda9f421590bf9d02f584009f8d92100afeef459..., value=1.0 | USER_KEY=01b16f9f7ff29b48b1ee0d1a89d1eb9662474e5eedb8c2d967ea43793..., value=0.5 | USER_KEY=534bc7b6b1ce05de6523f79872108d8dccc1dab38e2c1fb3c40e96913..., value=0.0","USER_KEY=7a6960912bebe03c6e4c770eb1aa91329c3497f18f90cae56d6c8ddc1..., master=0.3846153846153846, candidate=0.4166666666666667 | USER_KEY=985ed8305ba05d88f22ad4b4dc1b832af4eb66d39d9ff5cd21613bf6e..., master=0.6363636363636364, candidate=0.75 | USER_KEY=b034b4906fb719f737aeb897bc8cb7b2945f4e12e9d9c0d3c40562e67..., master=0.125, candidate=0.14285714285714285",False,False,,both_nan_match,,
watch_ratio_under_5m,watch_ratio_under_5m_reg_day1_to_day21_watch_time_lt_5_over_rows,watch_time(min) < 5 / view rows,View_History_v2.csv; User_Mapping_v2.csv; Membership_v2.csv,USER_NUM; MOVIE_NUM; watch_time(min); watch_day; watch_seq; reg_date,USER_KEY,Membership_v2.csv reg_date,reg_day1_to_day21,view rows,zero when denominator is zero,both NaN treated as match,23343,16443,6900,0.7044081737565866,1.0,0.045399725882080556,"USER_KEY=7a6960912bebe03c6e4c770eb1aa91329c3497f18f90cae56d6c8ddc1..., master=0.3846153846153846, candidate=0.4166666666666667","USER_KEY=985ed8305ba05d88f22ad4b4dc1b832af4eb66d39d9ff5cd21613bf6e..., master=0.6363636363636364, candidate=0.6666666666666666","USER_KEY=2c9e3f9186e5dcd624c026c3a72b3070a03822476c6d1cda79011eef7..., master=0.2777777777777778, candidate=0.2222222222222222","USER_KEY=4ec765db76545c1d6dda9f421590bf9d02f584009f8d92100afeef459..., value=1.0 | USER_KEY=01b16f9f7ff29b48b1ee0d1a89d1eb9662474e5eedb8c2d967ea43793..., value=0.5 | USER_KEY=534bc7b6b1ce05de6523f79872108d8dccc1dab38e2c1fb3c40e96913..., value=0.0","USER_KEY=7a6960912bebe03c6e4c770eb1aa91329c3497f18f90cae56d6c8ddc1..., master=0.3846153846153846, candidate=0.4166666666666667 | USER_KEY=985ed8305ba05d88f22ad4b4dc1b832af4eb66d39d9ff5cd21613bf6e..., master=0.6363636363636364, candidate=0.6666666666666666 | USER_KEY=2c9e3f9186e5dcd624c026c3a72b3070a03822476c6d1cda79011eef7..., master=0.2777777777777778, candidate=0.2222222222222222",False,False,,both_nan_match,,
is_cold_start_3d,is_cold_start_3d_reg_day1_to_day21_first_watch_rel_day_le_2,first watch relative day <= 2,View_History_v2.csv; User_Mapping_v2.csv; Membership_v2.csv,USER_NUM; MOVIE_NUM; watch_time(min); watch_day; watch_seq; reg_date,USER_KEY,Membership_v2.csv reg_date,reg_day1_to_day21,,,both NaN treated as match,23343,20790,2553,0.890631024289937,1.0,0.10936897571006297,"USER_KEY=215870651ff3758eed08f033a15756df74a2360a0d080b6eeafbbe976..., master=1.0, candidate=0","USER_KEY=2bff782c4dbe0aca845d2d9446f8ba48b59b10145e019f89abbf63462..., master=1.0, candidate=0","USER_KEY=6be69d6fbce1d6347bf7dacb31db79a882bbee9a2171611cabd4c8a70..., master=1.0, candidate=0","USER_KEY=7a6960912bebe03c6e4c770eb1aa91329c3497f18f90cae56d6c8ddc1..., value=1.0 | USER_KEY=4ec765db76545c1d6dda9f421590bf9d02f584009f8d92100afeef459..., value=0.0 | USER_KEY=01b16f9f7ff29b48b1ee0d1a89d1eb9662474e5eedb8c2d967ea43793..., value=0.0","USER_KEY=215870651ff3758eed08f033a15756df74a2360a0d080b6eeafbbe976..., master=1.0, candidate=0 | USER_KEY=2bff782c4dbe0aca845d2d9446f8ba48b59b10145e019f89abbf63462..., master=1.0, candidate=0 | USER_KEY=6be69d6fbce1d6347bf7dacb31db79a882bbee9a2171611cabd4c8a70..., master=1.0, candidate=0",False,False,,both_nan_match,,
is_cold_start_3d,is_cold_start_3d_reg_day1_to_day21_first_watch_rel_day_le_3,first watch relative day <= 3,View_History_v2.csv; User_Mapping_v2.csv; Membership_v2.csv,USER_NUM; MOVIE_NUM; watch_time(min); watch_day; watch_seq; reg_date,USER_KEY,Membership_v2.csv reg_date,reg_day1_to_day21,,,both NaN treated as match,23343,19330,4013,0.8280855074326351,1.0,0.17191449256736496,"USER_KEY=482a8174f937ec686cfed3dd029604b33df40d4d7616a7e9c985fb6b1..., master=0.0, candidate=1","USER_KEY=215870651ff3758eed08f033a15756df74a2360a0d080b6eeafbbe976..., master=1.0, candidate=0","USER_KEY=2bff782c4dbe0aca845d2d9446f8ba48b59b10145e019f89abbf63462..., master=1.0, candidate=0","USER_KEY=7a6960912bebe03c6e4c770eb1aa91329c3497f18f90cae56d6c8ddc1..., value=1.0 | USER_KEY=4ec765db76545c1d6dda9f421590bf9d02f584009f8d92100afeef459..., value=0.0 | USER_KEY=01b16f9f7ff29b48b1ee0d1a89d1eb9662474e5eedb8c2d967ea43793..., value=0.0","USER_KEY=482a8174f937ec686cfed3dd029604b33df40d4d7616a7e9c985fb6b1..., master=0.0, candidate=1 | USER_KEY=215870651ff3758eed08f033a15756df74a2360a0d080b6eeafbbe976..., master=1.0, candidate=0 | USER_KEY=2bff782c4dbe0aca845d2d9446f8ba48b59b10145e019f89abbf63462..., master=1.0, candidate=0",False,False,,both_nan_match,,
is_cold_start_7d,is_cold_start_7d_reg_day1_to_day21_first_watch_rel_day_le_6,first watch relative day <= 6,View_History_v2.csv; User_Mapping_v2.csv; Membership_v2.csv,USER_NUM; MOVIE_NUM; watch_time(min); watch_day; watch_seq; reg_date,USER_KEY,Membership_v2.csv reg_date,reg_day1_to_day21,,,both NaN treated as match,23343,21947,1396,0.9401962044295935,1.0,0.05980379557040655,"USER_KEY=2bff782c4dbe0aca845d2d9446f8ba48b59b10145e019f89abbf63462..., master=1.0, candidate=0","USER_KEY=a02a14ff1ab86edbfe46ad5a6a7fce054dc83c39aa7c362622171c550..., master=0.0, candidate=1","USER_KEY=be1409957fae7ab50ed9241829bdfd6a89a838714f60b64619fbd5a7d..., master=1.0, candidate=0","USER_KEY=7a6960912bebe03c6e4c770eb1aa91329c3497f18f90cae56d6c8ddc1..., value=1.0 | USER_KEY=4ec765db76545c1d6dda9f421590bf9d02f584009f8d92100afeef459..., value=1.0 | USER_KEY=01b16f9f7ff29b48b1ee0d1a89d1eb9662474e5eedb8c2d967ea43793..., value=0.0","USER_KEY=2bff782c4dbe0aca845d2d9446f8ba48b59b10145e019f89abbf63462..., master=1.0, candidate=0 | USER_KEY=a02a14ff1ab86edbfe46ad5a6a7fce054dc83c39aa7c362622171c550..., master=0.0, candidate=1 | USER_KEY=be1409957fae7ab50ed9241829bdfd6a89a838714f60b64619fbd5a7d..., master=1.0, candidate=0",False,False,,both_nan_match,,
is_cold_start_7d,is_cold_start_7d_reg_day1_to_day21_first_watch_rel_day_le_7,first watch relative day <= 7,View_History_v2.csv; User_Mapping_v2.csv; Membership_v2.csv,USER_NUM; MOVIE_NUM; watch_time(min); watch_day; watch_seq; reg_date,USER_KEY,Membership_v2.csv reg_date,reg_day1_to_day21,,,both NaN treated as match,23343,21237,2106,0.9097802339030973,1.0,0.09021976609690271,"USER_KEY=70da9913e0b9dd104fe781fd724bf1423f4cb4416f640e5d6820aa4cf..., master=0.0, candidate=1","USER_KEY=2c9e3f9186e5dcd624c026c3a72b3070a03822476c6d1cda79011eef7..., master=0.0, candidate=1","USER_KEY=ba6fee19b0ee3f777057486ec4fd8ae2bdec4d861a1ef617920e87e60..., master=0.0, candidate=1","USER_KEY=7a6960912bebe03c6e4c770eb1aa91329c3497f18f90cae56d6c8ddc1..., value=1.0 | USER_KEY=4ec765db76545c1d6dda9f421590bf9d02f584009f8d92100afeef459..., value=1.0 | USER_KEY=01b16f9f7ff29b48b1ee0d1a89d1eb9662474e5eedb8c2d967ea43793..., value=0.0","USER_KEY=70da9913e0b9dd104fe781fd724bf1423f4cb4416f640e5d6820aa4cf..., master=0.0, candidate=1 | USER_KEY=2c9e3f9186e5dcd624c026c3a72b3070a03822476c6d1cda79011eef7..., master=0.0, candidate=1 | USER_KEY=ba6fee19b0ee3f777057486ec4fd8ae2bdec4d861a1ef617920e87e60..., master=0.0, candidate=1",False,False,,both_nan_match,,
movie_per_active_day,movie_per_active_day_reg_day1_to_day21_unique_movie_over_watch_days,distinct MOVIE_NUM / active watch days,View_History_v2.csv; User_Mapping_v2.csv; Membership_v2.csv,USER_NUM; MOVIE_NUM; watch_time(min); watch_day; watch_seq; reg_date,USER_KEY,Membership_v2.csv reg_date,reg_day1_to_day21,watch_days,zero when denominator is zero,both NaN treated as match,23343,17412,5931,0.7459195476159877,11.0,0.10671512474979224,"USER_KEY=7a6960912bebe03c6e4c770eb1aa91329c3497f18f90cae56d6c8ddc1..., master=1.1111111111111112, candidate=1.25","USER_KEY=985ed8305ba05d88f22ad4b4dc1b832af4eb66d39d9ff5cd21613bf6e..., master=2.5, candidate=2.75","USER_KEY=b034b4906fb719f737aeb897bc8cb7b2945f4e12e9d9c0d3c40562e67..., master=0.625, candidate=0.5714285714285714","USER_KEY=4ec765db76545c1d6dda9f421590bf9d02f584009f8d92100afeef459..., value=1.5 | USER_KEY=01b16f9f7ff29b48b1ee0d1a89d1eb9662474e5eedb8c2d967ea43793..., value=2.0 | USER_KEY=534bc7b6b1ce05de6523f79872108d8dccc1dab38e2c1fb3c40e96913..., value=0.0","USER_KEY=7a6960912bebe03c6e4c770eb1aa91329c3497f18f90cae56d6c8ddc1..., master=1.1111111111111112, candidate=1.25 | USER_KEY=985ed8305ba05d88f22ad4b4dc1b832af4eb66d39d9ff5cd21613bf6e..., master=2.5, candidate=2.75 | USER_KEY=b034b4906fb719f737aeb897bc8cb7b2945f4e12e9d9c0d3c40562e67..., master=0.625, candidate=0.5714285714285714",False,False,,both_nan_match,,
movie_per_active_day,movie_per_active_day_reg_day1_to_day21_view_rows_over_watch_days,view rows / active watch days,View_History_v2.csv; User_Mapping_v2.csv; Membership_v2.csv,USER_NUM; MOVIE_NUM; watch_time(min); watch_day; watch_seq; reg_date,USER_KEY,Membership_v2.csv reg_date,reg_day1_to_day21,watch_days,zero when denominator is zero,both NaN treated as match,23343,7768,15575,0.3327764211969327,16.0,0.5287387695101939,"USER_KEY=7a6960912bebe03c6e4c770eb1aa91329c3497f18f90cae56d6c8ddc1..., master=1.1111111111111112, candidate=1.5","USER_KEY=70da9913e0b9dd104fe781fd724bf1423f4cb4416f640e5d6820aa4cf..., master=1.2, candidate=1.6","USER_KEY=ce55ecaa87931f40db2fc448a88af43b50cbed84642851d11882544b1..., master=1.0, candidate=2.0","USER_KEY=4ec765db76545c1d6dda9f421590bf9d02f584009f8d92100afeef459..., value=1.5 | USER_KEY=01b16f9f7ff29b48b1ee0d1a89d1eb9662474e5eedb8c2d967ea43793..., value=2.0 | USER_KEY=534bc7b6b1ce05de6523f79872108d8dccc1dab38e2c1fb3c40e96913..., value=0.0","USER_KEY=7a6960912bebe03c6e4c770eb1aa91329c3497f18f90cae56d6c8ddc1..., master=1.1111111111111112, candidate=1.5 | USER_KEY=70da9913e0b9dd104fe781fd724bf1423f4cb4416f640e5d6820aa4cf..., master=1.2, candidate=1.6 | USER_KEY=ce55ecaa87931f40db2fc448a88af43b50cbed84642851d11882544b1..., master=1.0, candidate=2.0",False,False,,both_nan_match,,
max_day_share,max_day_share_reg_day1_to_day21_max_daily_time_over_total_time,maximum daily watch_time / total watch_time,View_History_v2.csv; User_Mapping_v2.csv; Membership_v2.csv,USER_NUM; MOVIE_NUM; watch_time(min); watch_day; watch_seq; reg_date,USER_KEY,Membership_v2.csv reg_date,reg_day1_to_day21,total_watch_time,zero when denominator is zero,both NaN treated as match,23343,15975,7368,0.6843593368461637,1.0,0.05535945983053627,"USER_KEY=7a6960912bebe03c6e4c770eb1aa91329c3497f18f90cae56d6c8ddc1..., master=0.388030888030888, candidate=0.4276595744680851","USER_KEY=985ed8305ba05d88f22ad4b4dc1b832af4eb66d39d9ff5cd21613bf6e..., master=0.3840579710144927, candidate=0.41245136186770426","USER_KEY=b034b4906fb719f737aeb897bc8cb7b2945f4e12e9d9c0d3c40562e67..., master=0.2432432432432432, candidate=0.2764505119453925","USER_KEY=4ec765db76545c1d6dda9f421590bf9d02f584009f8d92100afeef459..., value=0.75 | USER_KEY=01b16f9f7ff29b48b1ee0d1a89d1eb9662474e5eedb8c2d967ea43793..., value=1.0 | USER_KEY=534bc7b6b1ce05de6523f79872108d8dccc1dab38e2c1fb3c40e96913..., value=0.0","USER_KEY=7a6960912bebe03c6e4c770eb1aa91329c3497f18f90cae56d6c8ddc1..., master=0.388030888030888, candidate=0.4276595744680851 | USER_KEY=985ed8305ba05d88f22ad4b4dc1b832af4eb66d39d9ff5cd21613bf6e..., master=0.3840579710144927, candidate=0.41245136186770426 | USER_KEY=b034b4906fb719f737aeb897bc8cb7b2945f4e12e9d9c0d3c40562e67..., master=0.2432432432432432, candidate=0.2764505119453925",False,False,,both_nan_match,,
max_day_share,max_day_share_reg_day1_to_day21_max_daily_sessions_over_total_sessions,maximum daily sessions / total sessions,View_History_v2.csv; User_Mapping_v2.csv; Membership_v2.csv,USER_NUM; MOVIE_NUM; watch_time(min); watch_day; watch_seq; reg_date,USER_KEY,Membership_v2.csv reg_date,reg_day1_to_day21,total_watch_count,zero when denominator is zero,both NaN treated as match,23343,4920,18423,0.21076982393008611,1.0,0.14568116399815395,"USER_KEY=7a6960912bebe03c6e4c770eb1aa91329c3497f18f90cae56d6c8ddc1..., master=0.388030888030888, candidate=0.16666666666666666","USER_KEY=4ec765db76545c1d6dda9f421590bf9d02f584009f8d92100afeef459..., master=0.75, candidate=0.6666666666666666","USER_KEY=70da9913e0b9dd104fe781fd724bf1423f4cb4416f640e5d6820aa4cf..., master=0.4776422764227642, candidate=0.25","USER_KEY=01b16f9f7ff29b48b1ee0d1a89d1eb9662474e5eedb8c2d967ea43793..., value=1.0 | USER_KEY=534bc7b6b1ce05de6523f79872108d8dccc1dab38e2c1fb3c40e96913..., value=0.0 | USER_KEY=ce55ecaa87931f40db2fc448a88af43b50cbed84642851d11882544b1..., value=1.0","USER_KEY=7a6960912bebe03c6e4c770eb1aa91329c3497f18f90cae56d6c8ddc1..., master=0.388030888030888, candidate=0.16666666666666666 | USER_KEY=4ec765db76545c1d6dda9f421590bf9d02f584009f8d92100afeef459..., master=0.75, candidate=0.6666666666666666 | USER_KEY=70da9913e0b9dd104fe781fd724bf1423f4cb4416f640e5d6820aa4cf..., master=0.4776422764227642, candidate=0.25",False,False,,both_nan_match,,
day_count_over_3times,day_count_over_3times_reg_day1_to_day21_daily_sessions_gt_3_count,number of days with more than 3 view rows,View_History_v2.csv; User_Mapping_v2.csv; Membership_v2.csv,USER_NUM; MOVIE_NUM; watch_time(min); watch_day; watch_seq; reg_date,USER_KEY,Membership_v2.csv reg_date,reg_day1_to_day21,,,both NaN treated as match,23343,16249,7094,0.6960973311056848,7.0,0.3887675106027503,"USER_KEY=2c9e3f9186e5dcd624c026c3a72b3070a03822476c6d1cda79011eef7..., master=2.0, candidate=1.0","USER_KEY=0cdfedd59da0d83ad70c0083b12865f0cd414ac189f27872ca1ff6bb0..., master=1.0, candidate=0.0","USER_KEY=ba6fee19b0ee3f777057486ec4fd8ae2bdec4d861a1ef617920e87e60..., master=5.0, candidate=1.0","USER_KEY=7a6960912bebe03c6e4c770eb1aa91329c3497f18f90cae56d6c8ddc1..., value=0.0 | USER_KEY=4ec765db76545c1d6dda9f421590bf9d02f584009f8d92100afeef459..., value=0.0 | USER_KEY=01b16f9f7ff29b48b1ee0d1a89d1eb9662474e5eedb8c2d967ea43793..., value=0.0","USER_KEY=2c9e3f9186e5dcd624c026c3a72b3070a03822476c6d1cda79011eef7..., master=2.0, candidate=1.0 | USER_KEY=0cdfedd59da0d83ad70c0083b12865f0cd414ac189f27872ca1ff6bb0..., master=1.0, candidate=0.0 | USER_KEY=ba6fee19b0ee3f777057486ec4fd8ae2bdec4d861a1ef617920e87e60..., master=5.0, candidate=1.0",False,False,,both_nan_match,,
day_count_over_3times,day_count_over_3times_reg_day1_to_day21_daily_sessions_ge_3_count,number of days with at least 3 view rows,View_History_v2.csv; User_Mapping_v2.csv; Membership_v2.csv,USER_NUM; MOVIE_NUM; watch_time(min); watch_day; watch_seq; reg_date,USER_KEY,Membership_v2.csv reg_date,reg_day1_to_day21,,,both NaN treated as match,23343,21609,1734,0.9257164888831769,7.0,0.07771066272544232,"USER_KEY=985ed8305ba05d88f22ad4b4dc1b832af4eb66d39d9ff5cd21613bf6e..., master=2.0, candidate=3.0","USER_KEY=215870651ff3758eed08f033a15756df74a2360a0d080b6eeafbbe976..., master=1.0, candidate=0.0","USER_KEY=f08d2ac930d5480ecda13e4d7d03d4d2dffb5a6a6023938aced45c955..., master=3.0, candidate=2.0","USER_KEY=7a6960912bebe03c6e4c770eb1aa91329c3497f18f90cae56d6c8ddc1..., value=0.0 | USER_KEY=4ec765db76545c1d6dda9f421590bf9d02f584009f8d92100afeef459..., value=0.0 | USER_KEY=01b16f9f7ff29b48b1ee0d1a89d1eb9662474e5eedb8c2d967ea43793..., value=0.0","USER_KEY=985ed8305ba05d88f22ad4b4dc1b832af4eb66d39d9ff5cd21613bf6e..., master=2.0, candidate=3.0 | USER_KEY=215870651ff3758eed08f033a15756df74a2360a0d080b6eeafbbe976..., master=1.0, candidate=0.0 | USER_KEY=f08d2ac930d5480ecda13e4d7d03d4d2dffb5a6a6023938aced45c955..., master=3.0, candidate=2.0",False,False,,both_nan_match,,
active_ratio,active_ratio_reg_day1_to_day21_watch_days_over_21,watch_days / 21,View_History_v2.csv; User_Mapping_v2.csv; Membership_v2.csv,USER_NUM; MOVIE_NUM; watch_time(min); watch_day; watch_seq; reg_date,USER_KEY,Membership_v2.csv reg_date,reg_day1_to_day21,21,zero when denominator is zero,both NaN treated as match,23343,16828,6515,0.7209013408730669,0.5238095238095238,0.014873429987168604,"USER_KEY=7a6960912bebe03c6e4c770eb1aa91329c3497f18f90cae56d6c8ddc1..., master=0.4285714285714285, candidate=0.38095238095238093","USER_KEY=b034b4906fb719f737aeb897bc8cb7b2945f4e12e9d9c0d3c40562e67..., master=0.3809523809523809, candidate=0.3333333333333333","USER_KEY=215870651ff3758eed08f033a15756df74a2360a0d080b6eeafbbe976..., master=0.1428571428571428, candidate=0.09523809523809523","USER_KEY=4ec765db76545c1d6dda9f421590bf9d02f584009f8d92100afeef459..., value=0.0952380952380952 | USER_KEY=01b16f9f7ff29b48b1ee0d1a89d1eb9662474e5eedb8c2d967ea43793..., value=0.0476190476190476 | USER_KEY=534bc7b6b1ce05de6523f79872108d8dccc1dab38e2c1fb3c40e96913..., value=0.0","USER_KEY=7a6960912bebe03c6e4c770eb1aa91329c3497f18f90cae56d6c8ddc1..., master=0.4285714285714285, candidate=0.38095238095238093 | USER_KEY=b034b4906fb719f737aeb897bc8cb7b2945f4e12e9d9c0d3c40562e67..., master=0.3809523809523809, candidate=0.3333333333333333 | USER_KEY=215870651ff3758eed08f033a15756df74a2360a0d080b6eeafbbe976..., master=0.1428571428571428, candidate=0.09523809523809523",False,False,,both_nan_match,,
active_ratio,active_ratio_reg_day1_to_day21_watch_days_over_20,watch_days / 20,View_History_v2.csv; User_Mapping_v2.csv; Membership_v2.csv,USER_NUM; MOVIE_NUM; watch_time(min); watch_day; watch_seq; reg_date,USER_KEY,Membership_v2.csv reg_date,reg_day1_to_day21,20,zero when denominator is zero,both NaN treated as match,23343,1187,22156,0.050850361992888664,0.55,0.02053088210394472,"USER_KEY=7a6960912bebe03c6e4c770eb1aa91329c3497f18f90cae56d6c8ddc1..., master=0.4285714285714285, candidate=0.4","USER_KEY=4ec765db76545c1d6dda9f421590bf9d02f584009f8d92100afeef459..., master=0.0952380952380952, candidate=0.1","USER_KEY=01b16f9f7ff29b48b1ee0d1a89d1eb9662474e5eedb8c2d967ea43793..., master=0.0476190476190476, candidate=0.05","USER_KEY=534bc7b6b1ce05de6523f79872108d8dccc1dab38e2c1fb3c40e96913..., value=0.0 | USER_KEY=1d47cdbe7f7016e6c3f42cb08e37db55548481ffa31122e1a18a27ce9..., value=0.0 | USER_KEY=f4fbd206eb9c6bee476a2d25b16a18eaaa05690b48a6de8d06670744f..., value=0.0","USER_KEY=7a6960912bebe03c6e4c770eb1aa91329c3497f18f90cae56d6c8ddc1..., master=0.4285714285714285, candidate=0.4 | USER_KEY=4ec765db76545c1d6dda9f421590bf9d02f584009f8d92100afeef459..., master=0.0952380952380952, candidate=0.1 | USER_KEY=01b16f9f7ff29b48b1ee0d1a89d1eb9662474e5eedb8c2d967ea43793..., master=0.0476190476190476, candidate=0.05",False,False,,both_nan_match,,
active_ratio,active_ratio_reg_day1_to_day21_watch_days_over_21,watch_days / 21,View_History_v2.csv; User_Mapping_v2.csv; Membership_v2.csv,USER_NUM; MOVIE_NUM; watch_time(min); watch_day; watch_seq; reg_date,USER_KEY,Membership_v2.csv reg_date,reg_day1_to_day21,21,zero when denominator is zero,both NaN treated as match,23343,16828,6515,0.7209013408730669,0.5238095238095238,0.014873429987168604,"USER_KEY=7a6960912bebe03c6e4c770eb1aa91329c3497f18f90cae56d6c8ddc1..., master=0.4285714285714285, candidate=0.38095238095238093","USER_KEY=b034b4906fb719f737aeb897bc8cb7b2945f4e12e9d9c0d3c40562e67..., master=0.3809523809523809, candidate=0.3333333333333333","USER_KEY=215870651ff3758eed08f033a15756df74a2360a0d080b6eeafbbe976..., master=0.1428571428571428, candidate=0.09523809523809523","USER_KEY=4ec765db76545c1d6dda9f421590bf9d02f584009f8d92100afeef459..., value=0.0952380952380952 | USER_KEY=01b16f9f7ff29b48b1ee0d1a89d1eb9662474e5eedb8c2d967ea43793..., value=0.0476190476190476 | USER_KEY=534bc7b6b1ce05de6523f79872108d8dccc1dab38e2c1fb3c40e96913..., value=0.0","USER_KEY=7a6960912bebe03c6e4c770eb1aa91329c3497f18f90cae56d6c8ddc1..., master=0.4285714285714285, candidate=0.38095238095238093 | USER_KEY=b034b4906fb719f737aeb897bc8cb7b2945f4e12e9d9c0d3c40562e67..., master=0.3809523809523809, candidate=0.3333333333333333 | USER_KEY=215870651ff3758eed08f033a15756df74a2360a0d080b6eeafbbe976..., master=0.1428571428571428, candidate=0.09523809523809523",False,False,,both_nan_match,,
active_ratio,active_ratio_reg_day1_to_day21_watch_days_over_31,watch_days / 31,View_History_v2.csv; User_Mapping_v2.csv; Membership_v2.csv,USER_NUM; MOVIE_NUM; watch_time(min); watch_day; watch_seq; reg_date,USER_KEY,Membership_v2.csv reg_date,reg_day1_to_day21,31,zero when denominator is zero,both NaN treated as match,23343,1187,22156,0.050850361992888664,0.3548387096774194,0.05721217668019426,"USER_KEY=7a6960912bebe03c6e4c770eb1aa91329c3497f18f90cae56d6c8ddc1..., master=0.4285714285714285, candidate=0.25806451612903225","USER_KEY=4ec765db76545c1d6dda9f421590bf9d02f584009f8d92100afeef459..., master=0.0952380952380952, candidate=0.06451612903225806","USER_KEY=01b16f9f7ff29b48b1ee0d1a89d1eb9662474e5eedb8c2d967ea43793..., master=0.0476190476190476, candidate=0.03225806451612903","USER_KEY=534bc7b6b1ce05de6523f79872108d8dccc1dab38e2c1fb3c40e96913..., value=0.0 | USER_KEY=1d47cdbe7f7016e6c3f42cb08e37db55548481ffa31122e1a18a27ce9..., value=0.0 | USER_KEY=f4fbd206eb9c6bee476a2d25b16a18eaaa05690b48a6de8d06670744f..., value=0.0","USER_KEY=7a6960912bebe03c6e4c770eb1aa91329c3497f18f90cae56d6c8ddc1..., master=0.4285714285714285, candidate=0.25806451612903225 | USER_KEY=4ec765db76545c1d6dda9f421590bf9d02f584009f8d92100afeef459..., master=0.0952380952380952, candidate=0.06451612903225806 | USER_KEY=01b16f9f7ff29b48b1ee0d1a89d1eb9662474e5eedb8c2d967ea43793..., master=0.0476190476190476, candidate=0.03225806451612903",False,False,,both_nan_match,,
watch_per_day,watch_per_day_reg_day1_to_day21_view_rows_over_21,total_watch_count / 21,View_History_v2.csv; User_Mapping_v2.csv; Membership_v2.csv,USER_NUM; MOVIE_NUM; watch_time(min); watch_day; watch_seq; reg_date,USER_KEY,Membership_v2.csv reg_date,reg_day1_to_day21,21,zero when denominator is zero,both NaN treated as match,23343,1187,22156,0.050850361992888664,17.142857142857142,1.4270668681560867,"USER_KEY=7a6960912bebe03c6e4c770eb1aa91329c3497f18f90cae56d6c8ddc1..., master=1.4444444444444444, candidate=0.5714285714285714","USER_KEY=4ec765db76545c1d6dda9f421590bf9d02f584009f8d92100afeef459..., master=1.5, candidate=0.14285714285714285","USER_KEY=01b16f9f7ff29b48b1ee0d1a89d1eb9662474e5eedb8c2d967ea43793..., master=2.0, candidate=0.09523809523809523","USER_KEY=534bc7b6b1ce05de6523f79872108d8dccc1dab38e2c1fb3c40e96913..., value=0.0 | USER_KEY=1d47cdbe7f7016e6c3f42cb08e37db55548481ffa31122e1a18a27ce9..., value=0.0 | USER_KEY=f4fbd206eb9c6bee476a2d25b16a18eaaa05690b48a6de8d06670744f..., value=0.0","USER_KEY=7a6960912bebe03c6e4c770eb1aa91329c3497f18f90cae56d6c8ddc1..., master=1.4444444444444444, candidate=0.5714285714285714 | USER_KEY=4ec765db76545c1d6dda9f421590bf9d02f584009f8d92100afeef459..., master=1.5, candidate=0.14285714285714285 | USER_KEY=01b16f9f7ff29b48b1ee0d1a89d1eb9662474e5eedb8c2d967ea43793..., master=2.0, candidate=0.09523809523809523",False,False,,both_nan_match,,
watch_per_day,watch_per_day_reg_day1_to_day21_view_rows_over_20,total_watch_count / 20,View_History_v2.csv; User_Mapping_v2.csv; Membership_v2.csv,USER_NUM; MOVIE_NUM; watch_time(min); watch_day; watch_seq; reg_date,USER_KEY,Membership_v2.csv reg_date,reg_day1_to_day21,20,zero when denominator is zero,both NaN treated as match,23343,1189,22154,0.050936040783104146,17.1,1.4117084350171627,"USER_KEY=7a6960912bebe03c6e4c770eb1aa91329c3497f18f90cae56d6c8ddc1..., master=1.4444444444444444, candidate=0.6","USER_KEY=4ec765db76545c1d6dda9f421590bf9d02f584009f8d92100afeef459..., master=1.5, candidate=0.15","USER_KEY=01b16f9f7ff29b48b1ee0d1a89d1eb9662474e5eedb8c2d967ea43793..., master=2.0, candidate=0.1","USER_KEY=534bc7b6b1ce05de6523f79872108d8dccc1dab38e2c1fb3c40e96913..., value=0.0 | USER_KEY=1d47cdbe7f7016e6c3f42cb08e37db55548481ffa31122e1a18a27ce9..., value=0.0 | USER_KEY=f4fbd206eb9c6bee476a2d25b16a18eaaa05690b48a6de8d06670744f..., value=0.0","USER_KEY=7a6960912bebe03c6e4c770eb1aa91329c3497f18f90cae56d6c8ddc1..., master=1.4444444444444444, candidate=0.6 | USER_KEY=4ec765db76545c1d6dda9f421590bf9d02f584009f8d92100afeef459..., master=1.5, candidate=0.15 | USER_KEY=01b16f9f7ff29b48b1ee0d1a89d1eb9662474e5eedb8c2d967ea43793..., master=2.0, candidate=0.1",False,False,,both_nan_match,,
watch_per_day,watch_per_day_reg_day1_to_day21_view_rows_over_21,total_watch_count / 21,View_History_v2.csv; User_Mapping_v2.csv; Membership_v2.csv,USER_NUM; MOVIE_NUM; watch_time(min); watch_day; watch_seq; reg_date,USER_KEY,Membership_v2.csv reg_date,reg_day1_to_day21,21,zero when denominator is zero,both NaN treated as match,23343,1187,22156,0.050850361992888664,17.142857142857142,1.4270668681560867,"USER_KEY=7a6960912bebe03c6e4c770eb1aa91329c3497f18f90cae56d6c8ddc1..., master=1.4444444444444444, candidate=0.5714285714285714","USER_KEY=4ec765db76545c1d6dda9f421590bf9d02f584009f8d92100afeef459..., master=1.5, candidate=0.14285714285714285","USER_KEY=01b16f9f7ff29b48b1ee0d1a89d1eb9662474e5eedb8c2d967ea43793..., master=2.0, candidate=0.09523809523809523","USER_KEY=534bc7b6b1ce05de6523f79872108d8dccc1dab38e2c1fb3c40e96913..., value=0.0 | USER_KEY=1d47cdbe7f7016e6c3f42cb08e37db55548481ffa31122e1a18a27ce9..., value=0.0 | USER_KEY=f4fbd206eb9c6bee476a2d25b16a18eaaa05690b48a6de8d06670744f..., value=0.0","USER_KEY=7a6960912bebe03c6e4c770eb1aa91329c3497f18f90cae56d6c8ddc1..., master=1.4444444444444444, candidate=0.5714285714285714 | USER_KEY=4ec765db76545c1d6dda9f421590bf9d02f584009f8d92100afeef459..., master=1.5, candidate=0.14285714285714285 | USER_KEY=01b16f9f7ff29b48b1ee0d1a89d1eb9662474e5eedb8c2d967ea43793..., master=2.0, candidate=0.09523809523809523",False,False,,both_nan_match,,
watch_per_day,watch_per_day_reg_day1_to_day21_view_rows_over_31,total_watch_count / 31,View_History_v2.csv; User_Mapping_v2.csv; Membership_v2.csv,USER_NUM; MOVIE_NUM; watch_time(min); watch_day; watch_seq; reg_date,USER_KEY,Membership_v2.csv reg_date,reg_day1_to_day21,31,zero when denominator is zero,both NaN treated as match,23343,1187,22156,0.050850361992888664,17.419354838709676,1.5261535335685,"USER_KEY=7a6960912bebe03c6e4c770eb1aa91329c3497f18f90cae56d6c8ddc1..., master=1.4444444444444444, candidate=0.3870967741935484","USER_KEY=4ec765db76545c1d6dda9f421590bf9d02f584009f8d92100afeef459..., master=1.5, candidate=0.0967741935483871","USER_KEY=01b16f9f7ff29b48b1ee0d1a89d1eb9662474e5eedb8c2d967ea43793..., master=2.0, candidate=0.06451612903225806","USER_KEY=534bc7b6b1ce05de6523f79872108d8dccc1dab38e2c1fb3c40e96913..., value=0.0 | USER_KEY=1d47cdbe7f7016e6c3f42cb08e37db55548481ffa31122e1a18a27ce9..., value=0.0 | USER_KEY=f4fbd206eb9c6bee476a2d25b16a18eaaa05690b48a6de8d06670744f..., value=0.0","USER_KEY=7a6960912bebe03c6e4c770eb1aa91329c3497f18f90cae56d6c8ddc1..., master=1.4444444444444444, candidate=0.3870967741935484 | USER_KEY=4ec765db76545c1d6dda9f421590bf9d02f584009f8d92100afeef459..., master=1.5, candidate=0.0967741935483871 | USER_KEY=01b16f9f7ff29b48b1ee0d1a89d1eb9662474e5eedb8c2d967ea43793..., master=2.0, candidate=0.06451612903225806",False,False,,both_nan_match,,
watch_per_day,watch_per_day_reg_day1_to_day21_view_rows_over_active_days,total_watch_count / watch_days,View_History_v2.csv; User_Mapping_v2.csv; Membership_v2.csv,USER_NUM; MOVIE_NUM; watch_time(min); watch_day; watch_seq; reg_date,USER_KEY,Membership_v2.csv reg_date,reg_day1_to_day21,watch_days,zero when denominator is zero,both NaN treated as match,23343,17291,6052,0.740735980807951,13.0,0.1308132425487782,"USER_KEY=7a6960912bebe03c6e4c770eb1aa91329c3497f18f90cae56d6c8ddc1..., master=1.4444444444444444, candidate=1.5","USER_KEY=985ed8305ba05d88f22ad4b4dc1b832af4eb66d39d9ff5cd21613bf6e..., master=2.75, candidate=3.0","USER_KEY=215870651ff3758eed08f033a15756df74a2360a0d080b6eeafbbe976..., master=3.0, candidate=1.5","USER_KEY=4ec765db76545c1d6dda9f421590bf9d02f584009f8d92100afeef459..., value=1.5 | USER_KEY=01b16f9f7ff29b48b1ee0d1a89d1eb9662474e5eedb8c2d967ea43793..., value=2.0 | USER_KEY=534bc7b6b1ce05de6523f79872108d8dccc1dab38e2c1fb3c40e96913..., value=0.0","USER_KEY=7a6960912bebe03c6e4c770eb1aa91329c3497f18f90cae56d6c8ddc1..., master=1.4444444444444444, candidate=1.5 | USER_KEY=985ed8305ba05d88f22ad4b4dc1b832af4eb66d39d9ff5cd21613bf6e..., master=2.75, candidate=3.0 | USER_KEY=215870651ff3758eed08f033a15756df74a2360a0d080b6eeafbbe976..., master=3.0, candidate=1.5",False,False,,both_nan_match,,
avg_gap_w1_watch_days,avg_gap_w1_watch_days_reg_day0_to_day21_unique_day_gap_mean,mean gap between sorted distinct watch days inside w1,View_History_v2.csv; User_Mapping_v2.csv; Membership_v2.csv,USER_NUM; MOVIE_NUM; watch_time(min); watch_day; watch_seq; reg_date,USER_KEY,Membership_v2.csv reg_date,reg_day0_to_day21,,,both NaN treated as match,23343,23236,107,0.9954161847234717,6.0,0.011125390909480358,"USER_KEY=a02a14ff1ab86edbfe46ad5a6a7fce054dc83c39aa7c362622171c550..., master=0.0, candidate=6.0","USER_KEY=48a1980ffa4529b083aac4cd2905b676125fc2fe48903e11cdc8f3a40..., master=0.0, candidate=6.0","USER_KEY=48a1980ffa4529b083aac4cd2905b676125fc2fe48903e11cdc8f3a40..., master=0.0, candidate=6.0","USER_KEY=7a6960912bebe03c6e4c770eb1aa91329c3497f18f90cae56d6c8ddc1..., value=3.0 | USER_KEY=4ec765db76545c1d6dda9f421590bf9d02f584009f8d92100afeef459..., value=0.0 | USER_KEY=01b16f9f7ff29b48b1ee0d1a89d1eb9662474e5eedb8c2d967ea43793..., value=0.0","USER_KEY=a02a14ff1ab86edbfe46ad5a6a7fce054dc83c39aa7c362622171c550..., master=0.0, candidate=6.0 | USER_KEY=48a1980ffa4529b083aac4cd2905b676125fc2fe48903e11cdc8f3a40..., master=0.0, candidate=6.0 | USER_KEY=48a1980ffa4529b083aac4cd2905b676125fc2fe48903e11cdc8f3a40..., master=0.0, candidate=6.0",False,False,,both_nan_match,,
avg_gap_w2_watch_days,avg_gap_w2_watch_days_reg_day0_to_day21_unique_day_gap_mean,mean gap between sorted distinct watch days inside w2,View_History_v2.csv; User_Mapping_v2.csv; Membership_v2.csv,USER_NUM; MOVIE_NUM; watch_time(min); watch_day; watch_seq; reg_date,USER_KEY,Membership_v2.csv reg_date,reg_day0_to_day21,,,both NaN treated as match,23343,23246,97,0.9958445786745491,6.0,0.00729412100701138,"USER_KEY=a02a14ff1ab86edbfe46ad5a6a7fce054dc83c39aa7c362622171c550..., master=1.0, candidate=1.25","USER_KEY=a02a14ff1ab86edbfe46ad5a6a7fce054dc83c39aa7c362622171c550..., master=2.5, candidate=1.25","USER_KEY=48a1980ffa4529b083aac4cd2905b676125fc2fe48903e11cdc8f3a40..., master=0.0, candidate=1.5","USER_KEY=7a6960912bebe03c6e4c770eb1aa91329c3497f18f90cae56d6c8ddc1..., value=1.0 | USER_KEY=4ec765db76545c1d6dda9f421590bf9d02f584009f8d92100afeef459..., value=0.0 | USER_KEY=01b16f9f7ff29b48b1ee0d1a89d1eb9662474e5eedb8c2d967ea43793..., value=0.0","USER_KEY=a02a14ff1ab86edbfe46ad5a6a7fce054dc83c39aa7c362622171c550..., master=1.0, candidate=1.25 | USER_KEY=a02a14ff1ab86edbfe46ad5a6a7fce054dc83c39aa7c362622171c550..., master=2.5, candidate=1.25 | USER_KEY=48a1980ffa4529b083aac4cd2905b676125fc2fe48903e11cdc8f3a40..., master=0.0, candidate=1.5",False,False,,both_nan_match,,
avg_gap_w3_watch_days,avg_gap_w3_watch_days_reg_day0_to_day21_unique_day_gap_mean,mean gap between sorted distinct watch days inside w3,View_History_v2.csv; User_Mapping_v2.csv; Membership_v2.csv,USER_NUM; MOVIE_NUM; watch_time(min); watch_day; watch_seq; reg_date,USER_KEY,Membership_v2.csv reg_date,reg_day0_to_day21,,,both NaN treated as match,23343,23230,113,0.9951591483528253,6.0,0.01018149623727313,"USER_KEY=a02a14ff1ab86edbfe46ad5a6a7fce054dc83c39aa7c362622171c550..., master=0.0, candidate=1.0","USER_KEY=6513fff57e32407ab087206e57186ee4cbde4888a5f79702f9caee7d2..., master=0.0, candidate=2.0","USER_KEY=6513fff57e32407ab087206e57186ee4cbde4888a5f79702f9caee7d2..., master=0.0, candidate=2.0","USER_KEY=7a6960912bebe03c6e4c770eb1aa91329c3497f18f90cae56d6c8ddc1..., value=0.0 | USER_KEY=4ec765db76545c1d6dda9f421590bf9d02f584009f8d92100afeef459..., value=0.0 | USER_KEY=01b16f9f7ff29b48b1ee0d1a89d1eb9662474e5eedb8c2d967ea43793..., value=0.0","USER_KEY=a02a14ff1ab86edbfe46ad5a6a7fce054dc83c39aa7c362622171c550..., master=0.0, candidate=1.0 | USER_KEY=6513fff57e32407ab087206e57186ee4cbde4888a5f79702f9caee7d2..., master=0.0, candidate=2.0 | USER_KEY=6513fff57e32407ab087206e57186ee4cbde4888a5f79702f9caee7d2..., master=0.0, candidate=2.0",False,False,,both_nan_match,,
total_watch_count,total_watch_count_reg_day0_to_day21_row_count,view row count in observation window,View_History_v2.csv; User_Mapping_v2.csv; Membership_v2.csv,USER_NUM; MOVIE_NUM; watch_time(min); watch_day; watch_seq; reg_date,USER_KEY,Membership_v2.csv reg_date,reg_day0_to_day21,,,both NaN treated as match,23343,19317,4026,0.8275285952962345,38.0,0.3940367562010024,"USER_KEY=985ed8305ba05d88f22ad4b4dc1b832af4eb66d39d9ff5cd21613bf6e..., master=22.0, candidate=26.0","USER_KEY=dd6f29255829683dfe5531ffcabf6499bb6fc872a4dfc78f467e69796..., master=1.0, candidate=2.0","USER_KEY=a02a14ff1ab86edbfe46ad5a6a7fce054dc83c39aa7c362622171c550..., master=4.0, candidate=20.0","USER_KEY=7a6960912bebe03c6e4c770eb1aa91329c3497f18f90cae56d6c8ddc1..., value=13.0 | USER_KEY=4ec765db76545c1d6dda9f421590bf9d02f584009f8d92100afeef459..., value=3.0 | USER_KEY=01b16f9f7ff29b48b1ee0d1a89d1eb9662474e5eedb8c2d967ea43793..., value=2.0","USER_KEY=985ed8305ba05d88f22ad4b4dc1b832af4eb66d39d9ff5cd21613bf6e..., master=22.0, candidate=26.0 | USER_KEY=dd6f29255829683dfe5531ffcabf6499bb6fc872a4dfc78f467e69796..., master=1.0, candidate=2.0 | USER_KEY=a02a14ff1ab86edbfe46ad5a6a7fce054dc83c39aa7c362622171c550..., master=4.0, candidate=20.0",False,False,,both_nan_match,,
unique_movie,unique_movie_reg_day0_to_day21_distinct_movie,distinct MOVIE_NUM count in observation window,View_History_v2.csv; User_Mapping_v2.csv; Membership_v2.csv,USER_NUM; MOVIE_NUM; watch_time(min); watch_day; watch_seq; reg_date,USER_KEY,Membership_v2.csv reg_date,reg_day0_to_day21,,,both NaN treated as match,23343,20120,3223,0.8619286295677505,28.0,0.25776464036327806,"USER_KEY=985ed8305ba05d88f22ad4b4dc1b832af4eb66d39d9ff5cd21613bf6e..., master=20.0, candidate=24.0","USER_KEY=a02a14ff1ab86edbfe46ad5a6a7fce054dc83c39aa7c362622171c550..., master=4.0, candidate=15.0","USER_KEY=a02a14ff1ab86edbfe46ad5a6a7fce054dc83c39aa7c362622171c550..., master=11.0, candidate=15.0","USER_KEY=7a6960912bebe03c6e4c770eb1aa91329c3497f18f90cae56d6c8ddc1..., value=10.0 | USER_KEY=4ec765db76545c1d6dda9f421590bf9d02f584009f8d92100afeef459..., value=3.0 | USER_KEY=01b16f9f7ff29b48b1ee0d1a89d1eb9662474e5eedb8c2d967ea43793..., value=2.0","USER_KEY=985ed8305ba05d88f22ad4b4dc1b832af4eb66d39d9ff5cd21613bf6e..., master=20.0, candidate=24.0 | USER_KEY=a02a14ff1ab86edbfe46ad5a6a7fce054dc83c39aa7c362622171c550..., master=4.0, candidate=15.0 | USER_KEY=a02a14ff1ab86edbfe46ad5a6a7fce054dc83c39aa7c362622171c550..., master=11.0, candidate=15.0",False,False,,both_nan_match,,
watch_days,watch_days_reg_day0_to_day21_distinct_watch_day,distinct watch_day count in observation window,View_History_v2.csv; User_Mapping_v2.csv; Membership_v2.csv,USER_NUM; MOVIE_NUM; watch_time(min); watch_day; watch_seq; reg_date,USER_KEY,Membership_v2.csv reg_date,reg_day0_to_day21,,,both NaN treated as match,23343,19322,4021,0.8277427922717732,11.0,0.20764254808722102,"USER_KEY=985ed8305ba05d88f22ad4b4dc1b832af4eb66d39d9ff5cd21613bf6e..., master=8.0, candidate=9.0","USER_KEY=dd6f29255829683dfe5531ffcabf6499bb6fc872a4dfc78f467e69796..., master=1.0, candidate=2.0","USER_KEY=a02a14ff1ab86edbfe46ad5a6a7fce054dc83c39aa7c362622171c550..., master=4.0, candidate=10.0","USER_KEY=7a6960912bebe03c6e4c770eb1aa91329c3497f18f90cae56d6c8ddc1..., value=9.0 | USER_KEY=4ec765db76545c1d6dda9f421590bf9d02f584009f8d92100afeef459..., value=2.0 | USER_KEY=01b16f9f7ff29b48b1ee0d1a89d1eb9662474e5eedb8c2d967ea43793..., value=1.0","USER_KEY=985ed8305ba05d88f22ad4b4dc1b832af4eb66d39d9ff5cd21613bf6e..., master=8.0, candidate=9.0 | USER_KEY=dd6f29255829683dfe5531ffcabf6499bb6fc872a4dfc78f467e69796..., master=1.0, candidate=2.0 | USER_KEY=a02a14ff1ab86edbfe46ad5a6a7fce054dc83c39aa7c362622171c550..., master=4.0, candidate=10.0",False,False,,both_nan_match,,
total_watch_time,total_watch_time_reg_day0_to_day21_watch_time_sum,sum of watch_time(min) in observation window,View_History_v2.csv; User_Mapping_v2.csv; Membership_v2.csv,USER_NUM; MOVIE_NUM; watch_time(min); watch_day; watch_seq; reg_date,USER_KEY,Membership_v2.csv reg_date,reg_day0_to_day21,,,both NaN treated as match,23343,19317,4026,0.8275285952962345,2202.0,17.42136829027974,"USER_KEY=985ed8305ba05d88f22ad4b4dc1b832af4eb66d39d9ff5cd21613bf6e..., master=276.0, candidate=282.0","USER_KEY=dd6f29255829683dfe5531ffcabf6499bb6fc872a4dfc78f467e69796..., master=42.0, candidate=105.0","USER_KEY=a02a14ff1ab86edbfe46ad5a6a7fce054dc83c39aa7c362622171c550..., master=341.0, candidate=844.0","USER_KEY=7a6960912bebe03c6e4c770eb1aa91329c3497f18f90cae56d6c8ddc1..., value=518.0 | USER_KEY=4ec765db76545c1d6dda9f421590bf9d02f584009f8d92100afeef459..., value=4.0 | USER_KEY=01b16f9f7ff29b48b1ee0d1a89d1eb9662474e5eedb8c2d967ea43793..., value=129.0","USER_KEY=985ed8305ba05d88f22ad4b4dc1b832af4eb66d39d9ff5cd21613bf6e..., master=276.0, candidate=282.0 | USER_KEY=dd6f29255829683dfe5531ffcabf6499bb6fc872a4dfc78f467e69796..., master=42.0, candidate=105.0 | USER_KEY=a02a14ff1ab86edbfe46ad5a6a7fce054dc83c39aa7c362622171c550..., master=341.0, candidate=844.0",False,False,,both_nan_match,,
avg_watch_time,avg_watch_time_reg_day0_to_day21_row_mean_watch_time,mean watch_time(min) per view row,View_History_v2.csv; User_Mapping_v2.csv; Membership_v2.csv,USER_NUM; MOVIE_NUM; watch_time(min); watch_day; watch_seq; reg_date,USER_KEY,Membership_v2.csv reg_date,reg_day0_to_day21,,,both NaN treated as match,23343,19365,3978,0.829584886261406,200.0,2.0612549621351293,"USER_KEY=985ed8305ba05d88f22ad4b4dc1b832af4eb66d39d9ff5cd21613bf6e..., master=12.545454545454543, candidate=10.846153846153847","USER_KEY=dd6f29255829683dfe5531ffcabf6499bb6fc872a4dfc78f467e69796..., master=42.0, candidate=52.5","USER_KEY=a02a14ff1ab86edbfe46ad5a6a7fce054dc83c39aa7c362622171c550..., master=85.25, candidate=42.2","USER_KEY=7a6960912bebe03c6e4c770eb1aa91329c3497f18f90cae56d6c8ddc1..., value=39.84615384615385 | USER_KEY=4ec765db76545c1d6dda9f421590bf9d02f584009f8d92100afeef459..., value=1.3333333333333333 | USER_KEY=01b16f9f7ff29b48b1ee0d1a89d1eb9662474e5eedb8c2d967ea43793..., value=64.5","USER_KEY=985ed8305ba05d88f22ad4b4dc1b832af4eb66d39d9ff5cd21613bf6e..., master=12.545454545454543, candidate=10.846153846153847 | USER_KEY=dd6f29255829683dfe5531ffcabf6499bb6fc872a4dfc78f467e69796..., master=42.0, candidate=52.5 | USER_KEY=a02a14ff1ab86edbfe46ad5a6a7fce054dc83c39aa7c362622171c550..., master=85.25, candidate=42.2",False,False,,both_nan_match,,
median_watch_time,median_watch_time_reg_day0_to_day21_row_median_watch_time,median watch_time(min) per view row,View_History_v2.csv; User_Mapping_v2.csv; Membership_v2.csv,USER_NUM; MOVIE_NUM; watch_time(min); watch_day; watch_seq; reg_date,USER_KEY,Membership_v2.csv reg_date,reg_day0_to_day21,,,both NaN treated as match,23343,20094,3249,0.8608148052949492,200.0,2.3125133873109713,"USER_KEY=dd6f29255829683dfe5531ffcabf6499bb6fc872a4dfc78f467e69796..., master=42.0, candidate=52.5","USER_KEY=a02a14ff1ab86edbfe46ad5a6a7fce054dc83c39aa7c362622171c550..., master=81.0, candidate=31.5","USER_KEY=a02a14ff1ab86edbfe46ad5a6a7fce054dc83c39aa7c362622171c550..., master=30.5, candidate=31.5","USER_KEY=7a6960912bebe03c6e4c770eb1aa91329c3497f18f90cae56d6c8ddc1..., value=13.0 | USER_KEY=4ec765db76545c1d6dda9f421590bf9d02f584009f8d92100afeef459..., value=1.0 | USER_KEY=01b16f9f7ff29b48b1ee0d1a89d1eb9662474e5eedb8c2d967ea43793..., value=64.5","USER_KEY=dd6f29255829683dfe5531ffcabf6499bb6fc872a4dfc78f467e69796..., master=42.0, candidate=52.5 | USER_KEY=a02a14ff1ab86edbfe46ad5a6a7fce054dc83c39aa7c362622171c550..., master=81.0, candidate=31.5 | USER_KEY=a02a14ff1ab86edbfe46ad5a6a7fce054dc83c39aa7c362622171c550..., master=30.5, candidate=31.5",False,False,,both_nan_match,,
std_watch_time,std_watch_time_reg_day0_to_day21_row_std_ddof0,"std watch_time(min), ddof=0",View_History_v2.csv; User_Mapping_v2.csv; Membership_v2.csv,USER_NUM; MOVIE_NUM; watch_time(min); watch_day; watch_seq; reg_date,USER_KEY,Membership_v2.csv reg_date,reg_day0_to_day21,,,both NaN treated as match,23343,19541,3802,0.8371246198003685,99.5,1.3066198712256916,"USER_KEY=985ed8305ba05d88f22ad4b4dc1b832af4eb66d39d9ff5cd21613bf6e..., master=24.278174397308288, candidate=22.68630950712906","USER_KEY=dd6f29255829683dfe5531ffcabf6499bb6fc872a4dfc78f467e69796..., master=0.0, candidate=10.5","USER_KEY=a02a14ff1ab86edbfe46ad5a6a7fce054dc83c39aa7c362622171c550..., master=59.66311674728366, candidate=42.059006169903725","USER_KEY=7a6960912bebe03c6e4c770eb1aa91329c3497f18f90cae56d6c8ddc1..., value=55.66361351747194 | USER_KEY=4ec765db76545c1d6dda9f421590bf9d02f584009f8d92100afeef459..., value=0.4714045207910317 | USER_KEY=01b16f9f7ff29b48b1ee0d1a89d1eb9662474e5eedb8c2d967ea43793..., value=63.5","USER_KEY=985ed8305ba05d88f22ad4b4dc1b832af4eb66d39d9ff5cd21613bf6e..., master=24.278174397308288, candidate=22.68630950712906 | USER_KEY=dd6f29255829683dfe5531ffcabf6499bb6fc872a4dfc78f467e69796..., master=0.0, candidate=10.5 | USER_KEY=a02a14ff1ab86edbfe46ad5a6a7fce054dc83c39aa7c362622171c550..., master=59.66311674728366, candidate=42.059006169903725",False,False,,both_nan_match,,
std_watch_time,std_watch_time_reg_day0_to_day21_row_std_ddof1,"std watch_time(min), ddof=1",View_History_v2.csv; User_Mapping_v2.csv; Membership_v2.csv,USER_NUM; MOVIE_NUM; watch_time(min); watch_day; watch_seq; reg_date,USER_KEY,Membership_v2.csv reg_date,reg_day0_to_day21,,,both NaN treated as match,23343,4002,19341,0.17144325922117978,140.71424945612296,4.421640450188044,"USER_KEY=7a6960912bebe03c6e4c770eb1aa91329c3497f18f90cae56d6c8ddc1..., master=55.66361351747194, candidate=57.93652583337238","USER_KEY=4ec765db76545c1d6dda9f421590bf9d02f584009f8d92100afeef459..., master=0.4714045207910317, candidate=0.5773502691896257","USER_KEY=01b16f9f7ff29b48b1ee0d1a89d1eb9662474e5eedb8c2d967ea43793..., master=63.5, candidate=89.80256121069154","USER_KEY=534bc7b6b1ce05de6523f79872108d8dccc1dab38e2c1fb3c40e96913..., value=0.0 | USER_KEY=1d47cdbe7f7016e6c3f42cb08e37db55548481ffa31122e1a18a27ce9..., value=0.0 | USER_KEY=f4fbd206eb9c6bee476a2d25b16a18eaaa05690b48a6de8d06670744f..., value=0.0","USER_KEY=7a6960912bebe03c6e4c770eb1aa91329c3497f18f90cae56d6c8ddc1..., master=55.66361351747194, candidate=57.93652583337238 | USER_KEY=4ec765db76545c1d6dda9f421590bf9d02f584009f8d92100afeef459..., master=0.4714045207910317, candidate=0.5773502691896257 | USER_KEY=01b16f9f7ff29b48b1ee0d1a89d1eb9662474e5eedb8c2d967ea43793..., master=63.5, candidate=89.80256121069154",False,False,,both_nan_match,,
max_watch_time,max_watch_time_reg_day0_to_day21_max_row_watch_time,maximum watch_time(min) for a single view row,View_History_v2.csv; User_Mapping_v2.csv; Membership_v2.csv,USER_NUM; MOVIE_NUM; watch_time(min); watch_day; watch_seq; reg_date,USER_KEY,Membership_v2.csv reg_date,reg_day0_to_day21,,,both NaN treated as match,23343,22076,1267,0.9457224863984921,200.0,2.838024247097631,"USER_KEY=dd6f29255829683dfe5531ffcabf6499bb6fc872a4dfc78f467e69796..., master=42.0, candidate=63.0","USER_KEY=a02a14ff1ab86edbfe46ad5a6a7fce054dc83c39aa7c362622171c550..., master=98.0, candidate=171.0","USER_KEY=01a2e024ad1ab913119f330fcbe827633b741e42544f31628e02f5e58..., master=0.0, candidate=102.0","USER_KEY=7a6960912bebe03c6e4c770eb1aa91329c3497f18f90cae56d6c8ddc1..., value=200.0 | USER_KEY=4ec765db76545c1d6dda9f421590bf9d02f584009f8d92100afeef459..., value=2.0 | USER_KEY=01b16f9f7ff29b48b1ee0d1a89d1eb9662474e5eedb8c2d967ea43793..., value=128.0","USER_KEY=dd6f29255829683dfe5531ffcabf6499bb6fc872a4dfc78f467e69796..., master=42.0, candidate=63.0 | USER_KEY=a02a14ff1ab86edbfe46ad5a6a7fce054dc83c39aa7c362622171c550..., master=98.0, candidate=171.0 | USER_KEY=01a2e024ad1ab913119f330fcbe827633b741e42544f31628e02f5e58..., master=0.0, candidate=102.0",False,False,,both_nan_match,,
max_daily_watch_time,max_daily_watch_time_reg_day0_to_day21_max_daily_watch_time,maximum daily sum of watch_time(min),View_History_v2.csv; User_Mapping_v2.csv; Membership_v2.csv,USER_NUM; MOVIE_NUM; watch_time(min); watch_day; watch_seq; reg_date,USER_KEY,Membership_v2.csv reg_date,reg_day0_to_day21,,,both NaN treated as match,23343,22047,1296,0.9444801439403676,690.0,4.3813991346442185,"USER_KEY=dd6f29255829683dfe5531ffcabf6499bb6fc872a4dfc78f467e69796..., master=42.0, candidate=63.0","USER_KEY=a02a14ff1ab86edbfe46ad5a6a7fce054dc83c39aa7c362622171c550..., master=171.0, candidate=210.0","USER_KEY=01a2e024ad1ab913119f330fcbe827633b741e42544f31628e02f5e58..., master=0.0, candidate=102.0","USER_KEY=7a6960912bebe03c6e4c770eb1aa91329c3497f18f90cae56d6c8ddc1..., value=201.0 | USER_KEY=4ec765db76545c1d6dda9f421590bf9d02f584009f8d92100afeef459..., value=3.0 | USER_KEY=01b16f9f7ff29b48b1ee0d1a89d1eb9662474e5eedb8c2d967ea43793..., value=129.0","USER_KEY=dd6f29255829683dfe5531ffcabf6499bb6fc872a4dfc78f467e69796..., master=42.0, candidate=63.0 | USER_KEY=a02a14ff1ab86edbfe46ad5a6a7fce054dc83c39aa7c362622171c550..., master=171.0, candidate=210.0 | USER_KEY=01a2e024ad1ab913119f330fcbe827633b741e42544f31628e02f5e58..., master=0.0, candidate=102.0",False,False,,both_nan_match,,
max_daily_sessions,max_daily_sessions_reg_day0_to_day21_max_daily_view_rows,maximum daily view row count,View_History_v2.csv; User_Mapping_v2.csv; Membership_v2.csv,USER_NUM; MOVIE_NUM; watch_time(min); watch_day; watch_seq; reg_date,USER_KEY,Membership_v2.csv reg_date,reg_day0_to_day21,,,both NaN treated as match,23343,22374,969,0.9584886261405989,17.0,0.09343272072998329,"USER_KEY=a02a14ff1ab86edbfe46ad5a6a7fce054dc83c39aa7c362622171c550..., master=1.0, candidate=7.0","USER_KEY=01a2e024ad1ab913119f330fcbe827633b741e42544f31628e02f5e58..., master=0.0, candidate=1.0","USER_KEY=f24031228fe56757d75c6c8ef8990aabcddec282a837720a5717c1f3d..., master=2.0, candidate=6.0","USER_KEY=7a6960912bebe03c6e4c770eb1aa91329c3497f18f90cae56d6c8ddc1..., value=2.0 | USER_KEY=4ec765db76545c1d6dda9f421590bf9d02f584009f8d92100afeef459..., value=2.0 | USER_KEY=01b16f9f7ff29b48b1ee0d1a89d1eb9662474e5eedb8c2d967ea43793..., value=2.0","USER_KEY=a02a14ff1ab86edbfe46ad5a6a7fce054dc83c39aa7c362622171c550..., master=1.0, candidate=7.0 | USER_KEY=01a2e024ad1ab913119f330fcbe827633b741e42544f31628e02f5e58..., master=0.0, candidate=1.0 | USER_KEY=f24031228fe56757d75c6c8ef8990aabcddec282a837720a5717c1f3d..., master=2.0, candidate=6.0",False,False,,both_nan_match,,
recency,recency_reg_day0_to_day21_window_end_minus_last_rel_day,observation-window end relative day minus last watch relative day,View_History_v2.csv; User_Mapping_v2.csv; Membership_v2.csv,USER_NUM; MOVIE_NUM; watch_time(min); watch_day; watch_seq; reg_date,USER_KEY,Membership_v2.csv reg_date,reg_day0_to_day21,window end,,both NaN treated as match,23343,1422,21921,0.060917619843207815,22.0,2.50957460480658,"USER_KEY=7a6960912bebe03c6e4c770eb1aa91329c3497f18f90cae56d6c8ddc1..., master=4.0, candidate=5.0","USER_KEY=4ec765db76545c1d6dda9f421590bf9d02f584009f8d92100afeef459..., master=13.0, candidate=14.0","USER_KEY=01b16f9f7ff29b48b1ee0d1a89d1eb9662474e5eedb8c2d967ea43793..., master=10.0, candidate=11.0","USER_KEY=dd6f29255829683dfe5531ffcabf6499bb6fc872a4dfc78f467e69796..., value=0.0 | USER_KEY=01a2e024ad1ab913119f330fcbe827633b741e42544f31628e02f5e58..., value=0.0 | USER_KEY=69d2bf8e8eeaf6841830a7463d812e7b4004b31bdb8268b89c5330490..., value=0.0","USER_KEY=7a6960912bebe03c6e4c770eb1aa91329c3497f18f90cae56d6c8ddc1..., master=4.0, candidate=5.0 | USER_KEY=4ec765db76545c1d6dda9f421590bf9d02f584009f8d92100afeef459..., master=13.0, candidate=14.0 | USER_KEY=01b16f9f7ff29b48b1ee0d1a89d1eb9662474e5eedb8c2d967ea43793..., master=10.0, candidate=11.0",False,False,,both_nan_match,,
recency,recency_reg_day0_to_day21_last_relative_watch_day,last watch relative day,View_History_v2.csv; User_Mapping_v2.csv; Membership_v2.csv,USER_NUM; MOVIE_NUM; watch_time(min); watch_day; watch_seq; reg_date,USER_KEY,Membership_v2.csv reg_date,reg_day0_to_day21,,,both NaN treated as match,23343,562,22781,0.024075740050550486,21.0,12.685344642933641,"USER_KEY=7a6960912bebe03c6e4c770eb1aa91329c3497f18f90cae56d6c8ddc1..., master=4.0, candidate=16.0","USER_KEY=4ec765db76545c1d6dda9f421590bf9d02f584009f8d92100afeef459..., master=13.0, candidate=7.0","USER_KEY=534bc7b6b1ce05de6523f79872108d8dccc1dab38e2c1fb3c40e96913..., master=0.0, candidate=-1.0","USER_KEY=01b16f9f7ff29b48b1ee0d1a89d1eb9662474e5eedb8c2d967ea43793..., value=10.0 | USER_KEY=482a8174f937ec686cfed3dd029604b33df40d4d7616a7e9c985fb6b1..., value=10.0 | USER_KEY=8a9217ad1f2e18ba77d15d1eb0f73c4ea0c3105df50ccb8511122376f..., value=10.0","USER_KEY=7a6960912bebe03c6e4c770eb1aa91329c3497f18f90cae56d6c8ddc1..., master=4.0, candidate=16.0 | USER_KEY=4ec765db76545c1d6dda9f421590bf9d02f584009f8d92100afeef459..., master=13.0, candidate=7.0 | USER_KEY=534bc7b6b1ce05de6523f79872108d8dccc1dab38e2c1fb3c40e96913..., master=0.0, candidate=-1.0",False,False,,both_nan_match,,
avg_gap_between_watch_days,avg_gap_between_watch_days_reg_day0_to_day21_unique_watch_day_gap_mean,mean gap between sorted distinct watch days,View_History_v2.csv; User_Mapping_v2.csv; Membership_v2.csv,USER_NUM; MOVIE_NUM; watch_time(min); watch_day; watch_seq; reg_date,USER_KEY,Membership_v2.csv reg_date,reg_day0_to_day21,,,both NaN treated as match,23343,19753,3590,0.8462065715632096,21.0,0.34991713612366326,"USER_KEY=985ed8305ba05d88f22ad4b4dc1b832af4eb66d39d9ff5cd21613bf6e..., master=2.2857142857142856, candidate=2.625","USER_KEY=dd6f29255829683dfe5531ffcabf6499bb6fc872a4dfc78f467e69796..., master=0.0, candidate=1.0","USER_KEY=a02a14ff1ab86edbfe46ad5a6a7fce054dc83c39aa7c362622171c550..., master=3.0, candidate=1.7777777777777777","USER_KEY=7a6960912bebe03c6e4c770eb1aa91329c3497f18f90cae56d6c8ddc1..., value=2.0 | USER_KEY=4ec765db76545c1d6dda9f421590bf9d02f584009f8d92100afeef459..., value=1.0 | USER_KEY=01b16f9f7ff29b48b1ee0d1a89d1eb9662474e5eedb8c2d967ea43793..., value=0.0","USER_KEY=985ed8305ba05d88f22ad4b4dc1b832af4eb66d39d9ff5cd21613bf6e..., master=2.2857142857142856, candidate=2.625 | USER_KEY=dd6f29255829683dfe5531ffcabf6499bb6fc872a4dfc78f467e69796..., master=0.0, candidate=1.0 | USER_KEY=a02a14ff1ab86edbfe46ad5a6a7fce054dc83c39aa7c362622171c550..., master=3.0, candidate=1.7777777777777777",False,False,,both_nan_match,,
max_inactive_gap_days,max_inactive_gap_days_reg_day0_to_day21_max_gap_between_watch_days,maximum difference between consecutive active watch days,View_History_v2.csv; User_Mapping_v2.csv; Membership_v2.csv,USER_NUM; MOVIE_NUM; watch_time(min); watch_day; watch_seq; reg_date,USER_KEY,Membership_v2.csv reg_date,reg_day0_to_day21,,,both NaN treated as match,23343,22059,1284,0.9449942166816605,21.0,0.37578717388510474,"USER_KEY=dd6f29255829683dfe5531ffcabf6499bb6fc872a4dfc78f467e69796..., master=0.0, candidate=1.0","USER_KEY=a02a14ff1ab86edbfe46ad5a6a7fce054dc83c39aa7c362622171c550..., master=3.0, candidate=6.0","USER_KEY=f24031228fe56757d75c6c8ef8990aabcddec282a837720a5717c1f3d..., master=1.0, candidate=13.0","USER_KEY=7a6960912bebe03c6e4c770eb1aa91329c3497f18f90cae56d6c8ddc1..., value=5.0 | USER_KEY=4ec765db76545c1d6dda9f421590bf9d02f584009f8d92100afeef459..., value=1.0 | USER_KEY=01b16f9f7ff29b48b1ee0d1a89d1eb9662474e5eedb8c2d967ea43793..., value=0.0","USER_KEY=dd6f29255829683dfe5531ffcabf6499bb6fc872a4dfc78f467e69796..., master=0.0, candidate=1.0 | USER_KEY=a02a14ff1ab86edbfe46ad5a6a7fce054dc83c39aa7c362622171c550..., master=3.0, candidate=6.0 | USER_KEY=f24031228fe56757d75c6c8ef8990aabcddec282a837720a5717c1f3d..., master=1.0, candidate=13.0",False,False,,both_nan_match,,
max_inactive_gap_days,max_inactive_gap_days_reg_day0_to_day21_max_inactive_between_active_days,maximum inactive days between active watch days,View_History_v2.csv; User_Mapping_v2.csv; Membership_v2.csv,USER_NUM; MOVIE_NUM; watch_time(min); watch_day; watch_seq; reg_date,USER_KEY,Membership_v2.csv reg_date,reg_day0_to_day21,,,both NaN treated as match,23343,5356,17987,0.2294478001970612,20.0,1.046823458852761,"USER_KEY=7a6960912bebe03c6e4c770eb1aa91329c3497f18f90cae56d6c8ddc1..., master=5.0, candidate=4.0","USER_KEY=4ec765db76545c1d6dda9f421590bf9d02f584009f8d92100afeef459..., master=1.0, candidate=0.0","USER_KEY=70da9913e0b9dd104fe781fd724bf1423f4cb4416f640e5d6820aa4cf..., master=6.0, candidate=5.0","USER_KEY=01b16f9f7ff29b48b1ee0d1a89d1eb9662474e5eedb8c2d967ea43793..., value=0.0 | USER_KEY=534bc7b6b1ce05de6523f79872108d8dccc1dab38e2c1fb3c40e96913..., value=0.0 | USER_KEY=ce55ecaa87931f40db2fc448a88af43b50cbed84642851d11882544b1..., value=0.0","USER_KEY=7a6960912bebe03c6e4c770eb1aa91329c3497f18f90cae56d6c8ddc1..., master=5.0, candidate=4.0 | USER_KEY=4ec765db76545c1d6dda9f421590bf9d02f584009f8d92100afeef459..., master=1.0, candidate=0.0 | USER_KEY=70da9913e0b9dd104fe781fd724bf1423f4cb4416f640e5d6820aa4cf..., master=6.0, candidate=5.0",False,False,,both_nan_match,,
max_inactive_gap_days,max_inactive_gap_days_reg_day0_to_day21_max_inactive_including_edges,maximum inactive gap including observation-window start and end,View_History_v2.csv; User_Mapping_v2.csv; Membership_v2.csv,USER_NUM; MOVIE_NUM; watch_time(min); watch_day; watch_seq; reg_date,USER_KEY,Membership_v2.csv reg_date,reg_day0_to_day21,,,both NaN treated as match,23343,2079,21264,0.0890631024289937,21.0,5.948121492524526,"USER_KEY=4ec765db76545c1d6dda9f421590bf9d02f584009f8d92100afeef459..., master=1.0, candidate=14.0","USER_KEY=01b16f9f7ff29b48b1ee0d1a89d1eb9662474e5eedb8c2d967ea43793..., master=0.0, candidate=11.0","USER_KEY=70da9913e0b9dd104fe781fd724bf1423f4cb4416f640e5d6820aa4cf..., master=6.0, candidate=7.0","USER_KEY=7a6960912bebe03c6e4c770eb1aa91329c3497f18f90cae56d6c8ddc1..., value=5.0 | USER_KEY=534bc7b6b1ce05de6523f79872108d8dccc1dab38e2c1fb3c40e96913..., value=0.0 | USER_KEY=1d47cdbe7f7016e6c3f42cb08e37db55548481ffa31122e1a18a27ce9..., value=0.0","USER_KEY=4ec765db76545c1d6dda9f421590bf9d02f584009f8d92100afeef459..., master=1.0, candidate=14.0 | USER_KEY=01b16f9f7ff29b48b1ee0d1a89d1eb9662474e5eedb8c2d967ea43793..., master=0.0, candidate=11.0 | USER_KEY=70da9913e0b9dd104fe781fd724bf1423f4cb4416f640e5d6820aa4cf..., master=6.0, candidate=7.0",False,False,,both_nan_match,,
avg_rewatch_ratio,avg_rewatch_ratio_reg_day0_to_day21_extra_duplicate_views_over_total_rows,(view rows - distinct MOVIE_NUM) / view rows,View_History_v2.csv; User_Mapping_v2.csv; Membership_v2.csv,USER_NUM; MOVIE_NUM; watch_time(min); watch_day; watch_seq; reg_date,USER_KEY,Membership_v2.csv reg_date,reg_day0_to_day21,view rows,zero when denominator is zero,both NaN treated as match,23343,20261,3082,0.867968984277942,0.90625,0.01357426648071571,"USER_KEY=985ed8305ba05d88f22ad4b4dc1b832af4eb66d39d9ff5cd21613bf6e..., master=0.0909090909090909, candidate=0.07692307692307693","USER_KEY=dd6f29255829683dfe5531ffcabf6499bb6fc872a4dfc78f467e69796..., master=0.0, candidate=0.5","USER_KEY=a02a14ff1ab86edbfe46ad5a6a7fce054dc83c39aa7c362622171c550..., master=0.0, candidate=0.25","USER_KEY=7a6960912bebe03c6e4c770eb1aa91329c3497f18f90cae56d6c8ddc1..., value=0.2307692307692307 | USER_KEY=4ec765db76545c1d6dda9f421590bf9d02f584009f8d92100afeef459..., value=0.0 | USER_KEY=01b16f9f7ff29b48b1ee0d1a89d1eb9662474e5eedb8c2d967ea43793..., value=0.0","USER_KEY=985ed8305ba05d88f22ad4b4dc1b832af4eb66d39d9ff5cd21613bf6e..., master=0.0909090909090909, candidate=0.07692307692307693 | USER_KEY=dd6f29255829683dfe5531ffcabf6499bb6fc872a4dfc78f467e69796..., master=0.0, candidate=0.5 | USER_KEY=a02a14ff1ab86edbfe46ad5a6a7fce054dc83c39aa7c362622171c550..., master=0.0, candidate=0.25",False,False,,both_nan_match,,
avg_rewatch_ratio,avg_rewatch_ratio_reg_day0_to_day21_rows_belonging_to_repeated_movies_ratio,rows whose MOVIE_NUM appears more than once / view rows,View_History_v2.csv; User_Mapping_v2.csv; Membership_v2.csv,USER_NUM; MOVIE_NUM; watch_time(min); watch_day; watch_seq; reg_date,USER_KEY,Membership_v2.csv reg_date,reg_day0_to_day21,view rows,zero when denominator is zero,both NaN treated as match,23343,8693,14650,0.3724028616715932,1.0,0.16022956633170982,"USER_KEY=7a6960912bebe03c6e4c770eb1aa91329c3497f18f90cae56d6c8ddc1..., master=0.2307692307692307, candidate=0.46153846153846156","USER_KEY=70da9913e0b9dd104fe781fd724bf1423f4cb4416f640e5d6820aa4cf..., master=0.25, candidate=0.5","USER_KEY=ce55ecaa87931f40db2fc448a88af43b50cbed84642851d11882544b1..., master=0.5, candidate=1.0","USER_KEY=4ec765db76545c1d6dda9f421590bf9d02f584009f8d92100afeef459..., value=0.0 | USER_KEY=01b16f9f7ff29b48b1ee0d1a89d1eb9662474e5eedb8c2d967ea43793..., value=0.0 | USER_KEY=534bc7b6b1ce05de6523f79872108d8dccc1dab38e2c1fb3c40e96913..., value=0.0","USER_KEY=7a6960912bebe03c6e4c770eb1aa91329c3497f18f90cae56d6c8ddc1..., master=0.2307692307692307, candidate=0.46153846153846156 | USER_KEY=70da9913e0b9dd104fe781fd724bf1423f4cb4416f640e5d6820aa4cf..., master=0.25, candidate=0.5 | USER_KEY=ce55ecaa87931f40db2fc448a88af43b50cbed84642851d11882544b1..., master=0.5, candidate=1.0",False,False,,both_nan_match,,
weekend_watch_ratio,weekend_watch_ratio_reg_day0_to_day21_weekend_view_rows_over_all_rows,weekend view row count / all view row count,View_History_v2.csv; User_Mapping_v2.csv; Membership_v2.csv,USER_NUM; MOVIE_NUM; watch_time(min); watch_day; watch_seq; reg_date,USER_KEY,Membership_v2.csv reg_date,reg_day0_to_day21,view rows,zero when denominator is zero,both NaN treated as match,23343,20239,3104,0.8670265175855717,1.0,0.025271720033516964,"USER_KEY=985ed8305ba05d88f22ad4b4dc1b832af4eb66d39d9ff5cd21613bf6e..., master=0.5454545454545454, candidate=0.46153846153846156","USER_KEY=dd6f29255829683dfe5531ffcabf6499bb6fc872a4dfc78f467e69796..., master=1.0, candidate=0.5","USER_KEY=69d2bf8e8eeaf6841830a7463d812e7b4004b31bdb8268b89c5330490..., master=0.375, candidate=0.3","USER_KEY=7a6960912bebe03c6e4c770eb1aa91329c3497f18f90cae56d6c8ddc1..., value=0.1538461538461538 | USER_KEY=4ec765db76545c1d6dda9f421590bf9d02f584009f8d92100afeef459..., value=0.0 | USER_KEY=01b16f9f7ff29b48b1ee0d1a89d1eb9662474e5eedb8c2d967ea43793..., value=0.0","USER_KEY=985ed8305ba05d88f22ad4b4dc1b832af4eb66d39d9ff5cd21613bf6e..., master=0.5454545454545454, candidate=0.46153846153846156 | USER_KEY=dd6f29255829683dfe5531ffcabf6499bb6fc872a4dfc78f467e69796..., master=1.0, candidate=0.5 | USER_KEY=69d2bf8e8eeaf6841830a7463d812e7b4004b31bdb8268b89c5330490..., master=0.375, candidate=0.3",False,False,,both_nan_match,,
weekend_watch_ratio,weekend_watch_ratio_reg_day0_to_day21_weekend_watch_time_over_total_time,weekend watch_time sum / total watch_time,View_History_v2.csv; User_Mapping_v2.csv; Membership_v2.csv,USER_NUM; MOVIE_NUM; watch_time(min); watch_day; watch_seq; reg_date,USER_KEY,Membership_v2.csv reg_date,reg_day0_to_day21,watch_time sum,zero when denominator is zero,both NaN treated as match,23343,10391,12952,0.44514415456453754,1.0,0.09606714582620907,"USER_KEY=7a6960912bebe03c6e4c770eb1aa91329c3497f18f90cae56d6c8ddc1..., master=0.1538461538461538, candidate=0.2625482625482625","USER_KEY=70da9913e0b9dd104fe781fd724bf1423f4cb4416f640e5d6820aa4cf..., master=0.875, candidate=0.9979674796747967","USER_KEY=985ed8305ba05d88f22ad4b4dc1b832af4eb66d39d9ff5cd21613bf6e..., master=0.5454545454545454, candidate=0.6063829787234043","USER_KEY=4ec765db76545c1d6dda9f421590bf9d02f584009f8d92100afeef459..., value=0.0 | USER_KEY=01b16f9f7ff29b48b1ee0d1a89d1eb9662474e5eedb8c2d967ea43793..., value=0.0 | USER_KEY=534bc7b6b1ce05de6523f79872108d8dccc1dab38e2c1fb3c40e96913..., value=0.0","USER_KEY=7a6960912bebe03c6e4c770eb1aa91329c3497f18f90cae56d6c8ddc1..., master=0.1538461538461538, candidate=0.2625482625482625 | USER_KEY=70da9913e0b9dd104fe781fd724bf1423f4cb4416f640e5d6820aa4cf..., master=0.875, candidate=0.9979674796747967 | USER_KEY=985ed8305ba05d88f22ad4b4dc1b832af4eb66d39d9ff5cd21613bf6e..., master=0.5454545454545454, candidate=0.6063829787234043",False,False,,both_nan_match,,
watch_ratio_under_1m,watch_ratio_under_1m_reg_day0_to_day21_watch_time_le_1_over_rows,watch_time(min) <= 1 / view rows,View_History_v2.csv; User_Mapping_v2.csv; Membership_v2.csv,USER_NUM; MOVIE_NUM; watch_time(min); watch_day; watch_seq; reg_date,USER_KEY,Membership_v2.csv reg_date,reg_day0_to_day21,view rows,zero when denominator is zero,both NaN treated as match,23343,20709,2634,0.88716103328621,1.0,0.013124548936994176,"USER_KEY=985ed8305ba05d88f22ad4b4dc1b832af4eb66d39d9ff5cd21613bf6e..., master=0.3636363636363636, candidate=0.38461538461538464","USER_KEY=a02a14ff1ab86edbfe46ad5a6a7fce054dc83c39aa7c362622171c550..., master=0.0, candidate=0.1","USER_KEY=a02a14ff1ab86edbfe46ad5a6a7fce054dc83c39aa7c362622171c550..., master=0.125, candidate=0.1","USER_KEY=7a6960912bebe03c6e4c770eb1aa91329c3497f18f90cae56d6c8ddc1..., value=0.3076923076923077 | USER_KEY=4ec765db76545c1d6dda9f421590bf9d02f584009f8d92100afeef459..., value=0.6666666666666666 | USER_KEY=01b16f9f7ff29b48b1ee0d1a89d1eb9662474e5eedb8c2d967ea43793..., value=0.5","USER_KEY=985ed8305ba05d88f22ad4b4dc1b832af4eb66d39d9ff5cd21613bf6e..., master=0.3636363636363636, candidate=0.38461538461538464 | USER_KEY=a02a14ff1ab86edbfe46ad5a6a7fce054dc83c39aa7c362622171c550..., master=0.0, candidate=0.1 | USER_KEY=a02a14ff1ab86edbfe46ad5a6a7fce054dc83c39aa7c362622171c550..., master=0.125, candidate=0.1",False,False,,both_nan_match,,
watch_ratio_under_1m,watch_ratio_under_1m_reg_day0_to_day21_watch_time_lt_1_over_rows,watch_time(min) < 1 / view rows,View_History_v2.csv; User_Mapping_v2.csv; Membership_v2.csv,USER_NUM; MOVIE_NUM; watch_time(min); watch_day; watch_seq; reg_date,USER_KEY,Membership_v2.csv reg_date,reg_day0_to_day21,view rows,zero when denominator is zero,both NaN treated as match,23343,10382,12961,0.4447586000085679,1.0,0.2086747425443903,"USER_KEY=7a6960912bebe03c6e4c770eb1aa91329c3497f18f90cae56d6c8ddc1..., master=0.3076923076923077, candidate=0.0","USER_KEY=4ec765db76545c1d6dda9f421590bf9d02f584009f8d92100afeef459..., master=0.6666666666666666, candidate=0.0","USER_KEY=01b16f9f7ff29b48b1ee0d1a89d1eb9662474e5eedb8c2d967ea43793..., master=0.5, candidate=0.0","USER_KEY=534bc7b6b1ce05de6523f79872108d8dccc1dab38e2c1fb3c40e96913..., value=0.0 | USER_KEY=ce55ecaa87931f40db2fc448a88af43b50cbed84642851d11882544b1..., value=0.0 | USER_KEY=1d47cdbe7f7016e6c3f42cb08e37db55548481ffa31122e1a18a27ce9..., value=0.0","USER_KEY=7a6960912bebe03c6e4c770eb1aa91329c3497f18f90cae56d6c8ddc1..., master=0.3076923076923077, candidate=0.0 | USER_KEY=4ec765db76545c1d6dda9f421590bf9d02f584009f8d92100afeef459..., master=0.6666666666666666, candidate=0.0 | USER_KEY=01b16f9f7ff29b48b1ee0d1a89d1eb9662474e5eedb8c2d967ea43793..., master=0.5, candidate=0.0",False,False,,both_nan_match,,
watch_ratio_under_5m,watch_ratio_under_5m_reg_day0_to_day21_watch_time_le_5_over_rows,watch_time(min) <= 5 / view rows,View_History_v2.csv; User_Mapping_v2.csv; Membership_v2.csv,USER_NUM; MOVIE_NUM; watch_time(min); watch_day; watch_seq; reg_date,USER_KEY,Membership_v2.csv reg_date,reg_day0_to_day21,view rows,zero when denominator is zero,both NaN treated as match,23343,20261,3082,0.867968984277942,1.0,0.01737444511981591,"USER_KEY=985ed8305ba05d88f22ad4b4dc1b832af4eb66d39d9ff5cd21613bf6e..., master=0.6363636363636364, candidate=0.6923076923076923","USER_KEY=a02a14ff1ab86edbfe46ad5a6a7fce054dc83c39aa7c362622171c550..., master=0.0, candidate=0.2","USER_KEY=a02a14ff1ab86edbfe46ad5a6a7fce054dc83c39aa7c362622171c550..., master=0.25, candidate=0.2","USER_KEY=7a6960912bebe03c6e4c770eb1aa91329c3497f18f90cae56d6c8ddc1..., value=0.3846153846153846 | USER_KEY=4ec765db76545c1d6dda9f421590bf9d02f584009f8d92100afeef459..., value=1.0 | USER_KEY=01b16f9f7ff29b48b1ee0d1a89d1eb9662474e5eedb8c2d967ea43793..., value=0.5","USER_KEY=985ed8305ba05d88f22ad4b4dc1b832af4eb66d39d9ff5cd21613bf6e..., master=0.6363636363636364, candidate=0.6923076923076923 | USER_KEY=a02a14ff1ab86edbfe46ad5a6a7fce054dc83c39aa7c362622171c550..., master=0.0, candidate=0.2 | USER_KEY=a02a14ff1ab86edbfe46ad5a6a7fce054dc83c39aa7c362622171c550..., master=0.25, candidate=0.2",False,False,,both_nan_match,,
watch_ratio_under_5m,watch_ratio_under_5m_reg_day0_to_day21_watch_time_lt_5_over_rows,watch_time(min) < 5 / view rows,View_History_v2.csv; User_Mapping_v2.csv; Membership_v2.csv,USER_NUM; MOVIE_NUM; watch_time(min); watch_day; watch_seq; reg_date,USER_KEY,Membership_v2.csv reg_date,reg_day0_to_day21,view rows,zero when denominator is zero,both NaN treated as match,23343,18336,5007,0.7855031486955404,1.0,0.03227364268538926,"USER_KEY=985ed8305ba05d88f22ad4b4dc1b832af4eb66d39d9ff5cd21613bf6e..., master=0.6363636363636364, candidate=0.6153846153846154","USER_KEY=2c9e3f9186e5dcd624c026c3a72b3070a03822476c6d1cda79011eef7..., master=0.2777777777777778, candidate=0.2222222222222222","USER_KEY=482a8174f937ec686cfed3dd029604b33df40d4d7616a7e9c985fb6b1..., master=0.4, candidate=0.2","USER_KEY=7a6960912bebe03c6e4c770eb1aa91329c3497f18f90cae56d6c8ddc1..., value=0.3846153846153846 | USER_KEY=4ec765db76545c1d6dda9f421590bf9d02f584009f8d92100afeef459..., value=1.0 | USER_KEY=01b16f9f7ff29b48b1ee0d1a89d1eb9662474e5eedb8c2d967ea43793..., value=0.5","USER_KEY=985ed8305ba05d88f22ad4b4dc1b832af4eb66d39d9ff5cd21613bf6e..., master=0.6363636363636364, candidate=0.6153846153846154 | USER_KEY=2c9e3f9186e5dcd624c026c3a72b3070a03822476c6d1cda79011eef7..., master=0.2777777777777778, candidate=0.2222222222222222 | USER_KEY=482a8174f937ec686cfed3dd029604b33df40d4d7616a7e9c985fb6b1..., master=0.4, candidate=0.2",False,False,,both_nan_match,,
is_cold_start_3d,is_cold_start_3d_reg_day0_to_day21_first_watch_rel_day_le_2,first watch relative day <= 2,View_History_v2.csv; User_Mapping_v2.csv; Membership_v2.csv,USER_NUM; MOVIE_NUM; watch_time(min); watch_day; watch_seq; reg_date,USER_KEY,Membership_v2.csv reg_date,reg_day0_to_day21,,,both NaN treated as match,23343,23253,90,0.9961444544403033,1.0,0.003855545559696697,"USER_KEY=a02a14ff1ab86edbfe46ad5a6a7fce054dc83c39aa7c362622171c550..., master=0.0, candidate=1","USER_KEY=48a1980ffa4529b083aac4cd2905b676125fc2fe48903e11cdc8f3a40..., master=0.0, candidate=1","USER_KEY=a02a14ff1ab86edbfe46ad5a6a7fce054dc83c39aa7c362622171c550..., master=0.0, candidate=1","USER_KEY=7a6960912bebe03c6e4c770eb1aa91329c3497f18f90cae56d6c8ddc1..., value=1.0 | USER_KEY=4ec765db76545c1d6dda9f421590bf9d02f584009f8d92100afeef459..., value=0.0 | USER_KEY=01b16f9f7ff29b48b1ee0d1a89d1eb9662474e5eedb8c2d967ea43793..., value=0.0","USER_KEY=a02a14ff1ab86edbfe46ad5a6a7fce054dc83c39aa7c362622171c550..., master=0.0, candidate=1 | USER_KEY=48a1980ffa4529b083aac4cd2905b676125fc2fe48903e11cdc8f3a40..., master=0.0, candidate=1 | USER_KEY=a02a14ff1ab86edbfe46ad5a6a7fce054dc83c39aa7c362622171c550..., master=0.0, candidate=1",False,False,,both_nan_match,,
is_cold_start_3d,is_cold_start_3d_reg_day0_to_day21_first_watch_rel_day_le_3,first watch relative day <= 3,View_History_v2.csv; User_Mapping_v2.csv; Membership_v2.csv,USER_NUM; MOVIE_NUM; watch_time(min); watch_day; watch_seq; reg_date,USER_KEY,Membership_v2.csv reg_date,reg_day0_to_day21,,,both NaN treated as match,23343,21453,1890,0.9190335432463693,1.0,0.08096645675363064,"USER_KEY=482a8174f937ec686cfed3dd029604b33df40d4d7616a7e9c985fb6b1..., master=0.0, candidate=1","USER_KEY=e90001316c5e9af579e09f4c374549e6cdb98896251e726c6bf9d0bee..., master=0.0, candidate=1","USER_KEY=a02a14ff1ab86edbfe46ad5a6a7fce054dc83c39aa7c362622171c550..., master=0.0, candidate=1","USER_KEY=7a6960912bebe03c6e4c770eb1aa91329c3497f18f90cae56d6c8ddc1..., value=1.0 | USER_KEY=4ec765db76545c1d6dda9f421590bf9d02f584009f8d92100afeef459..., value=0.0 | USER_KEY=01b16f9f7ff29b48b1ee0d1a89d1eb9662474e5eedb8c2d967ea43793..., value=0.0","USER_KEY=482a8174f937ec686cfed3dd029604b33df40d4d7616a7e9c985fb6b1..., master=0.0, candidate=1 | USER_KEY=e90001316c5e9af579e09f4c374549e6cdb98896251e726c6bf9d0bee..., master=0.0, candidate=1 | USER_KEY=a02a14ff1ab86edbfe46ad5a6a7fce054dc83c39aa7c362622171c550..., master=0.0, candidate=1",False,False,,both_nan_match,,
is_cold_start_7d,is_cold_start_7d_reg_day0_to_day21_first_watch_rel_day_le_6,first watch relative day <= 6,View_History_v2.csv; User_Mapping_v2.csv; Membership_v2.csv,USER_NUM; MOVIE_NUM; watch_time(min); watch_day; watch_seq; reg_date,USER_KEY,Membership_v2.csv reg_date,reg_day0_to_day21,,,both NaN treated as match,23343,23211,132,0.9943451998457782,1.0,0.005654800154221823,"USER_KEY=a02a14ff1ab86edbfe46ad5a6a7fce054dc83c39aa7c362622171c550..., master=0.0, candidate=1","USER_KEY=6513fff57e32407ab087206e57186ee4cbde4888a5f79702f9caee7d2..., master=0.0, candidate=1","USER_KEY=a02a14ff1ab86edbfe46ad5a6a7fce054dc83c39aa7c362622171c550..., master=0.0, candidate=1","USER_KEY=7a6960912bebe03c6e4c770eb1aa91329c3497f18f90cae56d6c8ddc1..., value=1.0 | USER_KEY=4ec765db76545c1d6dda9f421590bf9d02f584009f8d92100afeef459..., value=1.0 | USER_KEY=01b16f9f7ff29b48b1ee0d1a89d1eb9662474e5eedb8c2d967ea43793..., value=0.0","USER_KEY=a02a14ff1ab86edbfe46ad5a6a7fce054dc83c39aa7c362622171c550..., master=0.0, candidate=1 | USER_KEY=6513fff57e32407ab087206e57186ee4cbde4888a5f79702f9caee7d2..., master=0.0, candidate=1 | USER_KEY=a02a14ff1ab86edbfe46ad5a6a7fce054dc83c39aa7c362622171c550..., master=0.0, candidate=1",False,False,,both_nan_match,,
is_cold_start_7d,is_cold_start_7d_reg_day0_to_day21_first_watch_rel_day_le_7,first watch relative day <= 7,View_History_v2.csv; User_Mapping_v2.csv; Membership_v2.csv,USER_NUM; MOVIE_NUM; watch_time(min); watch_day; watch_seq; reg_date,USER_KEY,Membership_v2.csv reg_date,reg_day0_to_day21,,,both NaN treated as match,23343,22250,1093,0.953176541147239,1.0,0.046823458852761,"USER_KEY=70da9913e0b9dd104fe781fd724bf1423f4cb4416f640e5d6820aa4cf..., master=0.0, candidate=1","USER_KEY=2c9e3f9186e5dcd624c026c3a72b3070a03822476c6d1cda79011eef7..., master=0.0, candidate=1","USER_KEY=ba6fee19b0ee3f777057486ec4fd8ae2bdec4d861a1ef617920e87e60..., master=0.0, candidate=1","USER_KEY=7a6960912bebe03c6e4c770eb1aa91329c3497f18f90cae56d6c8ddc1..., value=1.0 | USER_KEY=4ec765db76545c1d6dda9f421590bf9d02f584009f8d92100afeef459..., value=1.0 | USER_KEY=01b16f9f7ff29b48b1ee0d1a89d1eb9662474e5eedb8c2d967ea43793..., value=0.0","USER_KEY=70da9913e0b9dd104fe781fd724bf1423f4cb4416f640e5d6820aa4cf..., master=0.0, candidate=1 | USER_KEY=2c9e3f9186e5dcd624c026c3a72b3070a03822476c6d1cda79011eef7..., master=0.0, candidate=1 | USER_KEY=ba6fee19b0ee3f777057486ec4fd8ae2bdec4d861a1ef617920e87e60..., master=0.0, candidate=1",False,False,,both_nan_match,,
movie_per_active_day,movie_per_active_day_reg_day0_to_day21_unique_movie_over_watch_days,distinct MOVIE_NUM / active watch days,View_History_v2.csv; User_Mapping_v2.csv; Membership_v2.csv,USER_NUM; MOVIE_NUM; watch_time(min); watch_day; watch_seq; reg_date,USER_KEY,Membership_v2.csv reg_date,reg_day0_to_day21,watch_days,zero when denominator is zero,both NaN treated as match,23343,19976,3367,0.8557597566722358,11.0,0.05877743839124125,"USER_KEY=985ed8305ba05d88f22ad4b4dc1b832af4eb66d39d9ff5cd21613bf6e..., master=2.5, candidate=2.6666666666666665","USER_KEY=dd6f29255829683dfe5531ffcabf6499bb6fc872a4dfc78f467e69796..., master=1.0, candidate=0.5","USER_KEY=a02a14ff1ab86edbfe46ad5a6a7fce054dc83c39aa7c362622171c550..., master=1.0, candidate=1.5","USER_KEY=7a6960912bebe03c6e4c770eb1aa91329c3497f18f90cae56d6c8ddc1..., value=1.1111111111111112 | USER_KEY=4ec765db76545c1d6dda9f421590bf9d02f584009f8d92100afeef459..., value=1.5 | USER_KEY=01b16f9f7ff29b48b1ee0d1a89d1eb9662474e5eedb8c2d967ea43793..., value=2.0","USER_KEY=985ed8305ba05d88f22ad4b4dc1b832af4eb66d39d9ff5cd21613bf6e..., master=2.5, candidate=2.6666666666666665 | USER_KEY=dd6f29255829683dfe5531ffcabf6499bb6fc872a4dfc78f467e69796..., master=1.0, candidate=0.5 | USER_KEY=a02a14ff1ab86edbfe46ad5a6a7fce054dc83c39aa7c362622171c550..., master=1.0, candidate=1.5",False,False,,both_nan_match,,
movie_per_active_day,movie_per_active_day_reg_day0_to_day21_view_rows_over_watch_days,view rows / active watch days,View_History_v2.csv; User_Mapping_v2.csv; Membership_v2.csv,USER_NUM; MOVIE_NUM; watch_time(min); watch_day; watch_seq; reg_date,USER_KEY,Membership_v2.csv reg_date,reg_day0_to_day21,watch_days,zero when denominator is zero,both NaN treated as match,23343,8172,15171,0.3500835368204601,16.0,0.5032771640746214,"USER_KEY=7a6960912bebe03c6e4c770eb1aa91329c3497f18f90cae56d6c8ddc1..., master=1.1111111111111112, candidate=1.4444444444444444","USER_KEY=70da9913e0b9dd104fe781fd724bf1423f4cb4416f640e5d6820aa4cf..., master=1.2, candidate=1.6","USER_KEY=ce55ecaa87931f40db2fc448a88af43b50cbed84642851d11882544b1..., master=1.0, candidate=2.0","USER_KEY=4ec765db76545c1d6dda9f421590bf9d02f584009f8d92100afeef459..., value=1.5 | USER_KEY=01b16f9f7ff29b48b1ee0d1a89d1eb9662474e5eedb8c2d967ea43793..., value=2.0 | USER_KEY=534bc7b6b1ce05de6523f79872108d8dccc1dab38e2c1fb3c40e96913..., value=0.0","USER_KEY=7a6960912bebe03c6e4c770eb1aa91329c3497f18f90cae56d6c8ddc1..., master=1.1111111111111112, candidate=1.4444444444444444 | USER_KEY=70da9913e0b9dd104fe781fd724bf1423f4cb4416f640e5d6820aa4cf..., master=1.2, candidate=1.6 | USER_KEY=ce55ecaa87931f40db2fc448a88af43b50cbed84642851d11882544b1..., master=1.0, candidate=2.0",False,False,,both_nan_match,,
max_day_share,max_day_share_reg_day0_to_day21_max_daily_time_over_total_time,maximum daily watch_time / total watch_time,View_History_v2.csv; User_Mapping_v2.csv; Membership_v2.csv,USER_NUM; MOVIE_NUM; watch_time(min); watch_day; watch_seq; reg_date,USER_KEY,Membership_v2.csv reg_date,reg_day0_to_day21,total_watch_time,zero when denominator is zero,both NaN treated as match,23343,19320,4023,0.8276571134815577,1.0,0.031141287405466993,"USER_KEY=985ed8305ba05d88f22ad4b4dc1b832af4eb66d39d9ff5cd21613bf6e..., master=0.3840579710144927, candidate=0.375886524822695","USER_KEY=dd6f29255829683dfe5531ffcabf6499bb6fc872a4dfc78f467e69796..., master=1.0, candidate=0.6","USER_KEY=a02a14ff1ab86edbfe46ad5a6a7fce054dc83c39aa7c362622171c550..., master=0.501466275659824, candidate=0.24881516587677724","USER_KEY=7a6960912bebe03c6e4c770eb1aa91329c3497f18f90cae56d6c8ddc1..., value=0.388030888030888 | USER_KEY=4ec765db76545c1d6dda9f421590bf9d02f584009f8d92100afeef459..., value=0.75 | USER_KEY=01b16f9f7ff29b48b1ee0d1a89d1eb9662474e5eedb8c2d967ea43793..., value=1.0","USER_KEY=985ed8305ba05d88f22ad4b4dc1b832af4eb66d39d9ff5cd21613bf6e..., master=0.3840579710144927, candidate=0.375886524822695 | USER_KEY=dd6f29255829683dfe5531ffcabf6499bb6fc872a4dfc78f467e69796..., master=1.0, candidate=0.6 | USER_KEY=a02a14ff1ab86edbfe46ad5a6a7fce054dc83c39aa7c362622171c550..., master=0.501466275659824, candidate=0.24881516587677724",False,False,,both_nan_match,,
max_day_share,max_day_share_reg_day0_to_day21_max_daily_sessions_over_total_sessions,maximum daily sessions / total sessions,View_History_v2.csv; User_Mapping_v2.csv; Membership_v2.csv,USER_NUM; MOVIE_NUM; watch_time(min); watch_day; watch_seq; reg_date,USER_KEY,Membership_v2.csv reg_date,reg_day0_to_day21,total_watch_count,zero when denominator is zero,both NaN treated as match,23343,5135,18208,0.21998029387825044,1.0,0.13682292688520675,"USER_KEY=7a6960912bebe03c6e4c770eb1aa91329c3497f18f90cae56d6c8ddc1..., master=0.388030888030888, candidate=0.15384615384615385","USER_KEY=4ec765db76545c1d6dda9f421590bf9d02f584009f8d92100afeef459..., master=0.75, candidate=0.6666666666666666","USER_KEY=70da9913e0b9dd104fe781fd724bf1423f4cb4416f640e5d6820aa4cf..., master=0.4776422764227642, candidate=0.25","USER_KEY=01b16f9f7ff29b48b1ee0d1a89d1eb9662474e5eedb8c2d967ea43793..., value=1.0 | USER_KEY=534bc7b6b1ce05de6523f79872108d8dccc1dab38e2c1fb3c40e96913..., value=0.0 | USER_KEY=ce55ecaa87931f40db2fc448a88af43b50cbed84642851d11882544b1..., value=1.0","USER_KEY=7a6960912bebe03c6e4c770eb1aa91329c3497f18f90cae56d6c8ddc1..., master=0.388030888030888, candidate=0.15384615384615385 | USER_KEY=4ec765db76545c1d6dda9f421590bf9d02f584009f8d92100afeef459..., master=0.75, candidate=0.6666666666666666 | USER_KEY=70da9913e0b9dd104fe781fd724bf1423f4cb4416f640e5d6820aa4cf..., master=0.4776422764227642, candidate=0.25",False,False,,both_nan_match,,
day_count_over_3times,day_count_over_3times_reg_day0_to_day21_daily_sessions_gt_3_count,number of days with more than 3 view rows,View_History_v2.csv; User_Mapping_v2.csv; Membership_v2.csv,USER_NUM; MOVIE_NUM; watch_time(min); watch_day; watch_seq; reg_date,USER_KEY,Membership_v2.csv reg_date,reg_day0_to_day21,,,both NaN treated as match,23343,16516,6827,0.7075354495994517,7.0,0.3689328706678662,"USER_KEY=2c9e3f9186e5dcd624c026c3a72b3070a03822476c6d1cda79011eef7..., master=2.0, candidate=1.0","USER_KEY=0cdfedd59da0d83ad70c0083b12865f0cd414ac189f27872ca1ff6bb0..., master=1.0, candidate=0.0","USER_KEY=ba6fee19b0ee3f777057486ec4fd8ae2bdec4d861a1ef617920e87e60..., master=5.0, candidate=1.0","USER_KEY=7a6960912bebe03c6e4c770eb1aa91329c3497f18f90cae56d6c8ddc1..., value=0.0 | USER_KEY=4ec765db76545c1d6dda9f421590bf9d02f584009f8d92100afeef459..., value=0.0 | USER_KEY=01b16f9f7ff29b48b1ee0d1a89d1eb9662474e5eedb8c2d967ea43793..., value=0.0","USER_KEY=2c9e3f9186e5dcd624c026c3a72b3070a03822476c6d1cda79011eef7..., master=2.0, candidate=1.0 | USER_KEY=0cdfedd59da0d83ad70c0083b12865f0cd414ac189f27872ca1ff6bb0..., master=1.0, candidate=0.0 | USER_KEY=ba6fee19b0ee3f777057486ec4fd8ae2bdec4d861a1ef617920e87e60..., master=5.0, candidate=1.0",False,False,,both_nan_match,,
day_count_over_3times,day_count_over_3times_reg_day0_to_day21_daily_sessions_ge_3_count,number of days with at least 3 view rows,View_History_v2.csv; User_Mapping_v2.csv; Membership_v2.csv,USER_NUM; MOVIE_NUM; watch_time(min); watch_day; watch_seq; reg_date,USER_KEY,Membership_v2.csv reg_date,reg_day0_to_day21,,,both NaN treated as match,23343,22431,912,0.9609304716617402,7.0,0.04275371631752559,"USER_KEY=985ed8305ba05d88f22ad4b4dc1b832af4eb66d39d9ff5cd21613bf6e..., master=2.0, candidate=3.0","USER_KEY=a02a14ff1ab86edbfe46ad5a6a7fce054dc83c39aa7c362622171c550..., master=0.0, candidate=2.0","USER_KEY=657687567505299f3b1028f3397b1f0805ca3b48afe84fb1b895fc8bd..., master=2.0, candidate=3.0","USER_KEY=7a6960912bebe03c6e4c770eb1aa91329c3497f18f90cae56d6c8ddc1..., value=0.0 | USER_KEY=4ec765db76545c1d6dda9f421590bf9d02f584009f8d92100afeef459..., value=0.0 | USER_KEY=01b16f9f7ff29b48b1ee0d1a89d1eb9662474e5eedb8c2d967ea43793..., value=0.0","USER_KEY=985ed8305ba05d88f22ad4b4dc1b832af4eb66d39d9ff5cd21613bf6e..., master=2.0, candidate=3.0 | USER_KEY=a02a14ff1ab86edbfe46ad5a6a7fce054dc83c39aa7c362622171c550..., master=0.0, candidate=2.0 | USER_KEY=657687567505299f3b1028f3397b1f0805ca3b48afe84fb1b895fc8bd..., master=2.0, candidate=3.0",False,False,,both_nan_match,,
active_ratio,active_ratio_reg_day0_to_day21_watch_days_over_22,watch_days / 22,View_History_v2.csv; User_Mapping_v2.csv; Membership_v2.csv,USER_NUM; MOVIE_NUM; watch_time(min); watch_day; watch_seq; reg_date,USER_KEY,Membership_v2.csv reg_date,reg_day0_to_day21,22,zero when denominator is zero,both NaN treated as match,23343,1184,22159,0.050721843807565434,0.5,0.014052434306900289,"USER_KEY=7a6960912bebe03c6e4c770eb1aa91329c3497f18f90cae56d6c8ddc1..., master=0.4285714285714285, candidate=0.4090909090909091","USER_KEY=4ec765db76545c1d6dda9f421590bf9d02f584009f8d92100afeef459..., master=0.0952380952380952, candidate=0.09090909090909091","USER_KEY=01b16f9f7ff29b48b1ee0d1a89d1eb9662474e5eedb8c2d967ea43793..., master=0.0476190476190476, candidate=0.045454545454545456","USER_KEY=534bc7b6b1ce05de6523f79872108d8dccc1dab38e2c1fb3c40e96913..., value=0.0 | USER_KEY=1d47cdbe7f7016e6c3f42cb08e37db55548481ffa31122e1a18a27ce9..., value=0.0 | USER_KEY=f4fbd206eb9c6bee476a2d25b16a18eaaa05690b48a6de8d06670744f..., value=0.0","USER_KEY=7a6960912bebe03c6e4c770eb1aa91329c3497f18f90cae56d6c8ddc1..., master=0.4285714285714285, candidate=0.4090909090909091 | USER_KEY=4ec765db76545c1d6dda9f421590bf9d02f584009f8d92100afeef459..., master=0.0952380952380952, candidate=0.09090909090909091 | USER_KEY=01b16f9f7ff29b48b1ee0d1a89d1eb9662474e5eedb8c2d967ea43793..., master=0.0476190476190476, candidate=0.045454545454545456",False,False,,both_nan_match,,
active_ratio,active_ratio_reg_day0_to_day21_watch_days_over_20,watch_days / 20,View_History_v2.csv; User_Mapping_v2.csv; Membership_v2.csv,USER_NUM; MOVIE_NUM; watch_time(min); watch_day; watch_seq; reg_date,USER_KEY,Membership_v2.csv reg_date,reg_day0_to_day21,20,zero when denominator is zero,both NaN treated as match,23343,1184,22159,0.050721843807565434,0.55,0.018763655057190635,"USER_KEY=7a6960912bebe03c6e4c770eb1aa91329c3497f18f90cae56d6c8ddc1..., master=0.4285714285714285, candidate=0.45","USER_KEY=4ec765db76545c1d6dda9f421590bf9d02f584009f8d92100afeef459..., master=0.0952380952380952, candidate=0.1","USER_KEY=01b16f9f7ff29b48b1ee0d1a89d1eb9662474e5eedb8c2d967ea43793..., master=0.0476190476190476, candidate=0.05","USER_KEY=534bc7b6b1ce05de6523f79872108d8dccc1dab38e2c1fb3c40e96913..., value=0.0 | USER_KEY=1d47cdbe7f7016e6c3f42cb08e37db55548481ffa31122e1a18a27ce9..., value=0.0 | USER_KEY=f4fbd206eb9c6bee476a2d25b16a18eaaa05690b48a6de8d06670744f..., value=0.0","USER_KEY=7a6960912bebe03c6e4c770eb1aa91329c3497f18f90cae56d6c8ddc1..., master=0.4285714285714285, candidate=0.45 | USER_KEY=4ec765db76545c1d6dda9f421590bf9d02f584009f8d92100afeef459..., master=0.0952380952380952, candidate=0.1 | USER_KEY=01b16f9f7ff29b48b1ee0d1a89d1eb9662474e5eedb8c2d967ea43793..., master=0.0476190476190476, candidate=0.05",False,False,,both_nan_match,,
active_ratio,active_ratio_reg_day0_to_day21_watch_days_over_21,watch_days / 21,View_History_v2.csv; User_Mapping_v2.csv; Membership_v2.csv,USER_NUM; MOVIE_NUM; watch_time(min); watch_day; watch_seq; reg_date,USER_KEY,Membership_v2.csv reg_date,reg_day0_to_day21,21,zero when denominator is zero,both NaN treated as match,23343,19322,4021,0.8277427922717732,0.5238095238095238,0.009887740385105795,"USER_KEY=985ed8305ba05d88f22ad4b4dc1b832af4eb66d39d9ff5cd21613bf6e..., master=0.3809523809523809, candidate=0.42857142857142855","USER_KEY=dd6f29255829683dfe5531ffcabf6499bb6fc872a4dfc78f467e69796..., master=0.0476190476190476, candidate=0.09523809523809523","USER_KEY=a02a14ff1ab86edbfe46ad5a6a7fce054dc83c39aa7c362622171c550..., master=0.1904761904761904, candidate=0.47619047619047616","USER_KEY=7a6960912bebe03c6e4c770eb1aa91329c3497f18f90cae56d6c8ddc1..., value=0.4285714285714285 | USER_KEY=4ec765db76545c1d6dda9f421590bf9d02f584009f8d92100afeef459..., value=0.0952380952380952 | USER_KEY=01b16f9f7ff29b48b1ee0d1a89d1eb9662474e5eedb8c2d967ea43793..., value=0.0476190476190476","USER_KEY=985ed8305ba05d88f22ad4b4dc1b832af4eb66d39d9ff5cd21613bf6e..., master=0.3809523809523809, candidate=0.42857142857142855 | USER_KEY=dd6f29255829683dfe5531ffcabf6499bb6fc872a4dfc78f467e69796..., master=0.0476190476190476, candidate=0.09523809523809523 | USER_KEY=a02a14ff1ab86edbfe46ad5a6a7fce054dc83c39aa7c362622171c550..., master=0.1904761904761904, candidate=0.47619047619047616",False,False,,both_nan_match,,
active_ratio,active_ratio_reg_day0_to_day21_watch_days_over_31,watch_days / 31,View_History_v2.csv; User_Mapping_v2.csv; Membership_v2.csv,USER_NUM; MOVIE_NUM; watch_time(min); watch_day; watch_seq; reg_date,USER_KEY,Membership_v2.csv reg_date,reg_day0_to_day21,31,zero when denominator is zero,both NaN treated as match,23343,1184,22159,0.050721843807565434,0.3548387096774194,0.05139167822047122,"USER_KEY=7a6960912bebe03c6e4c770eb1aa91329c3497f18f90cae56d6c8ddc1..., master=0.4285714285714285, candidate=0.2903225806451613","USER_KEY=4ec765db76545c1d6dda9f421590bf9d02f584009f8d92100afeef459..., master=0.0952380952380952, candidate=0.06451612903225806","USER_KEY=01b16f9f7ff29b48b1ee0d1a89d1eb9662474e5eedb8c2d967ea43793..., master=0.0476190476190476, candidate=0.03225806451612903","USER_KEY=534bc7b6b1ce05de6523f79872108d8dccc1dab38e2c1fb3c40e96913..., value=0.0 | USER_KEY=1d47cdbe7f7016e6c3f42cb08e37db55548481ffa31122e1a18a27ce9..., value=0.0 | USER_KEY=f4fbd206eb9c6bee476a2d25b16a18eaaa05690b48a6de8d06670744f..., value=0.0","USER_KEY=7a6960912bebe03c6e4c770eb1aa91329c3497f18f90cae56d6c8ddc1..., master=0.4285714285714285, candidate=0.2903225806451613 | USER_KEY=4ec765db76545c1d6dda9f421590bf9d02f584009f8d92100afeef459..., master=0.0952380952380952, candidate=0.06451612903225806 | USER_KEY=01b16f9f7ff29b48b1ee0d1a89d1eb9662474e5eedb8c2d967ea43793..., master=0.0476190476190476, candidate=0.03225806451612903",False,False,,both_nan_match,,
watch_per_day,watch_per_day_reg_day0_to_day21_view_rows_over_22,total_watch_count / 22,View_History_v2.csv; User_Mapping_v2.csv; Membership_v2.csv,USER_NUM; MOVIE_NUM; watch_time(min); watch_day; watch_seq; reg_date,USER_KEY,Membership_v2.csv reg_date,reg_day0_to_day21,22,zero when denominator is zero,both NaN treated as match,23343,1184,22159,0.050721843807565434,17.181818181818183,1.4245339657388507,"USER_KEY=7a6960912bebe03c6e4c770eb1aa91329c3497f18f90cae56d6c8ddc1..., master=1.4444444444444444, candidate=0.5909090909090909","USER_KEY=4ec765db76545c1d6dda9f421590bf9d02f584009f8d92100afeef459..., master=1.5, candidate=0.13636363636363635","USER_KEY=01b16f9f7ff29b48b1ee0d1a89d1eb9662474e5eedb8c2d967ea43793..., master=2.0, candidate=0.09090909090909091","USER_KEY=534bc7b6b1ce05de6523f79872108d8dccc1dab38e2c1fb3c40e96913..., value=0.0 | USER_KEY=1d47cdbe7f7016e6c3f42cb08e37db55548481ffa31122e1a18a27ce9..., value=0.0 | USER_KEY=f4fbd206eb9c6bee476a2d25b16a18eaaa05690b48a6de8d06670744f..., value=0.0","USER_KEY=7a6960912bebe03c6e4c770eb1aa91329c3497f18f90cae56d6c8ddc1..., master=1.4444444444444444, candidate=0.5909090909090909 | USER_KEY=4ec765db76545c1d6dda9f421590bf9d02f584009f8d92100afeef459..., master=1.5, candidate=0.13636363636363635 | USER_KEY=01b16f9f7ff29b48b1ee0d1a89d1eb9662474e5eedb8c2d967ea43793..., master=2.0, candidate=0.09090909090909091",False,False,,both_nan_match,,
watch_per_day,watch_per_day_reg_day0_to_day21_view_rows_over_20,total_watch_count / 20,View_History_v2.csv; User_Mapping_v2.csv; Membership_v2.csv,USER_NUM; MOVIE_NUM; watch_time(min); watch_day; watch_seq; reg_date,USER_KEY,Membership_v2.csv reg_date,reg_day0_to_day21,20,zero when denominator is zero,both NaN treated as match,23343,1186,22157,0.05080752259778092,17.1,1.3935680931587897,"USER_KEY=7a6960912bebe03c6e4c770eb1aa91329c3497f18f90cae56d6c8ddc1..., master=1.4444444444444444, candidate=0.65","USER_KEY=4ec765db76545c1d6dda9f421590bf9d02f584009f8d92100afeef459..., master=1.5, candidate=0.15","USER_KEY=01b16f9f7ff29b48b1ee0d1a89d1eb9662474e5eedb8c2d967ea43793..., master=2.0, candidate=0.1","USER_KEY=534bc7b6b1ce05de6523f79872108d8dccc1dab38e2c1fb3c40e96913..., value=0.0 | USER_KEY=1d47cdbe7f7016e6c3f42cb08e37db55548481ffa31122e1a18a27ce9..., value=0.0 | USER_KEY=f4fbd206eb9c6bee476a2d25b16a18eaaa05690b48a6de8d06670744f..., value=0.0","USER_KEY=7a6960912bebe03c6e4c770eb1aa91329c3497f18f90cae56d6c8ddc1..., master=1.4444444444444444, candidate=0.65 | USER_KEY=4ec765db76545c1d6dda9f421590bf9d02f584009f8d92100afeef459..., master=1.5, candidate=0.15 | USER_KEY=01b16f9f7ff29b48b1ee0d1a89d1eb9662474e5eedb8c2d967ea43793..., master=2.0, candidate=0.1",False,False,,both_nan_match,,
watch_per_day,watch_per_day_reg_day0_to_day21_view_rows_over_21,total_watch_count / 21,View_History_v2.csv; User_Mapping_v2.csv; Membership_v2.csv,USER_NUM; MOVIE_NUM; watch_time(min); watch_day; watch_seq; reg_date,USER_KEY,Membership_v2.csv reg_date,reg_day0_to_day21,21,zero when denominator is zero,both NaN treated as match,23343,1184,22159,0.050721843807565434,17.142857142857142,1.409786272158102,"USER_KEY=7a6960912bebe03c6e4c770eb1aa91329c3497f18f90cae56d6c8ddc1..., master=1.4444444444444444, candidate=0.6190476190476191","USER_KEY=4ec765db76545c1d6dda9f421590bf9d02f584009f8d92100afeef459..., master=1.5, candidate=0.14285714285714285","USER_KEY=01b16f9f7ff29b48b1ee0d1a89d1eb9662474e5eedb8c2d967ea43793..., master=2.0, candidate=0.09523809523809523","USER_KEY=534bc7b6b1ce05de6523f79872108d8dccc1dab38e2c1fb3c40e96913..., value=0.0 | USER_KEY=1d47cdbe7f7016e6c3f42cb08e37db55548481ffa31122e1a18a27ce9..., value=0.0 | USER_KEY=f4fbd206eb9c6bee476a2d25b16a18eaaa05690b48a6de8d06670744f..., value=0.0","USER_KEY=7a6960912bebe03c6e4c770eb1aa91329c3497f18f90cae56d6c8ddc1..., master=1.4444444444444444, candidate=0.6190476190476191 | USER_KEY=4ec765db76545c1d6dda9f421590bf9d02f584009f8d92100afeef459..., master=1.5, candidate=0.14285714285714285 | USER_KEY=01b16f9f7ff29b48b1ee0d1a89d1eb9662474e5eedb8c2d967ea43793..., master=2.0, candidate=0.09523809523809523",False,False,,both_nan_match,,
watch_per_day,watch_per_day_reg_day0_to_day21_view_rows_over_31,total_watch_count / 31,View_History_v2.csv; User_Mapping_v2.csv; Membership_v2.csv,USER_NUM; MOVIE_NUM; watch_time(min); watch_day; watch_seq; reg_date,USER_KEY,Membership_v2.csv reg_date,reg_day0_to_day21,31,zero when denominator is zero,both NaN treated as match,23343,1184,22159,0.050721843807565434,17.419354838709676,1.514447323376317,"USER_KEY=7a6960912bebe03c6e4c770eb1aa91329c3497f18f90cae56d6c8ddc1..., master=1.4444444444444444, candidate=0.41935483870967744","USER_KEY=4ec765db76545c1d6dda9f421590bf9d02f584009f8d92100afeef459..., master=1.5, candidate=0.0967741935483871","USER_KEY=01b16f9f7ff29b48b1ee0d1a89d1eb9662474e5eedb8c2d967ea43793..., master=2.0, candidate=0.06451612903225806","USER_KEY=534bc7b6b1ce05de6523f79872108d8dccc1dab38e2c1fb3c40e96913..., value=0.0 | USER_KEY=1d47cdbe7f7016e6c3f42cb08e37db55548481ffa31122e1a18a27ce9..., value=0.0 | USER_KEY=f4fbd206eb9c6bee476a2d25b16a18eaaa05690b48a6de8d06670744f..., value=0.0","USER_KEY=7a6960912bebe03c6e4c770eb1aa91329c3497f18f90cae56d6c8ddc1..., master=1.4444444444444444, candidate=0.41935483870967744 | USER_KEY=4ec765db76545c1d6dda9f421590bf9d02f584009f8d92100afeef459..., master=1.5, candidate=0.0967741935483871 | USER_KEY=01b16f9f7ff29b48b1ee0d1a89d1eb9662474e5eedb8c2d967ea43793..., master=2.0, candidate=0.06451612903225806",False,False,,both_nan_match,,
watch_per_day,watch_per_day_reg_day0_to_day21_view_rows_over_active_days,total_watch_count / watch_days,View_History_v2.csv; User_Mapping_v2.csv; Membership_v2.csv,USER_NUM; MOVIE_NUM; watch_time(min); watch_day; watch_seq; reg_date,USER_KEY,Membership_v2.csv reg_date,reg_day0_to_day21,watch_days,zero when denominator is zero,both NaN treated as match,23343,19876,3467,0.8514758171614617,13.0,0.07346410989655848,"USER_KEY=985ed8305ba05d88f22ad4b4dc1b832af4eb66d39d9ff5cd21613bf6e..., master=2.75, candidate=2.888888888888889","USER_KEY=a02a14ff1ab86edbfe46ad5a6a7fce054dc83c39aa7c362622171c550..., master=1.0, candidate=2.0","USER_KEY=a02a14ff1ab86edbfe46ad5a6a7fce054dc83c39aa7c362622171c550..., master=2.6666666666666665, candidate=2.0","USER_KEY=7a6960912bebe03c6e4c770eb1aa91329c3497f18f90cae56d6c8ddc1..., value=1.4444444444444444 | USER_KEY=4ec765db76545c1d6dda9f421590bf9d02f584009f8d92100afeef459..., value=1.5 | USER_KEY=01b16f9f7ff29b48b1ee0d1a89d1eb9662474e5eedb8c2d967ea43793..., value=2.0","USER_KEY=985ed8305ba05d88f22ad4b4dc1b832af4eb66d39d9ff5cd21613bf6e..., master=2.75, candidate=2.888888888888889 | USER_KEY=a02a14ff1ab86edbfe46ad5a6a7fce054dc83c39aa7c362622171c550..., master=1.0, candidate=2.0 | USER_KEY=a02a14ff1ab86edbfe46ad5a6a7fce054dc83c39aa7c362622171c550..., master=2.6666666666666665, candidate=2.0",False,False,,both_nan_match,,
avg_gap_w1_watch_days,avg_gap_w1_watch_days_end_minus20_to_end_unique_day_gap_mean,mean gap between sorted distinct watch days inside w1,View_History_v2.csv; User_Mapping_v2.csv; Membership_v2.csv,USER_NUM; MOVIE_NUM; watch_time(min); watch_day; watch_seq; reg_date,USER_KEY,Membership_v2.csv end_date,end_minus20_to_end,,,both NaN treated as match,23343,15879,7464,0.6802467549158205,6.0,0.6644225963529395,"USER_KEY=7a6960912bebe03c6e4c770eb1aa91329c3497f18f90cae56d6c8ddc1..., master=3.0, candidate=0.0","USER_KEY=985ed8305ba05d88f22ad4b4dc1b832af4eb66d39d9ff5cd21613bf6e..., master=2.0, candidate=0.0","USER_KEY=482a8174f937ec686cfed3dd029604b33df40d4d7616a7e9c985fb6b1..., master=2.0, candidate=0.0","USER_KEY=4ec765db76545c1d6dda9f421590bf9d02f584009f8d92100afeef459..., value=0.0 | USER_KEY=01b16f9f7ff29b48b1ee0d1a89d1eb9662474e5eedb8c2d967ea43793..., value=0.0 | USER_KEY=534bc7b6b1ce05de6523f79872108d8dccc1dab38e2c1fb3c40e96913..., value=0.0","USER_KEY=7a6960912bebe03c6e4c770eb1aa91329c3497f18f90cae56d6c8ddc1..., master=3.0, candidate=0.0 | USER_KEY=985ed8305ba05d88f22ad4b4dc1b832af4eb66d39d9ff5cd21613bf6e..., master=2.0, candidate=0.0 | USER_KEY=482a8174f937ec686cfed3dd029604b33df40d4d7616a7e9c985fb6b1..., master=2.0, candidate=0.0",False,False,,both_nan_match,,
avg_gap_w2_watch_days,avg_gap_w2_watch_days_end_minus20_to_end_unique_day_gap_mean,mean gap between sorted distinct watch days inside w2,View_History_v2.csv; User_Mapping_v2.csv; Membership_v2.csv,USER_NUM; MOVIE_NUM; watch_time(min); watch_day; watch_seq; reg_date,USER_KEY,Membership_v2.csv end_date,end_minus20_to_end,,,both NaN treated as match,23343,17169,6174,0.7355095746048066,6.0,0.5285467449199618,"USER_KEY=70da9913e0b9dd104fe781fd724bf1423f4cb4416f640e5d6820aa4cf..., master=2.0, candidate=0.0","USER_KEY=985ed8305ba05d88f22ad4b4dc1b832af4eb66d39d9ff5cd21613bf6e..., master=2.0, candidate=1.0","USER_KEY=2c9e3f9186e5dcd624c026c3a72b3070a03822476c6d1cda79011eef7..., master=1.0, candidate=0.0","USER_KEY=7a6960912bebe03c6e4c770eb1aa91329c3497f18f90cae56d6c8ddc1..., value=1.0 | USER_KEY=4ec765db76545c1d6dda9f421590bf9d02f584009f8d92100afeef459..., value=0.0 | USER_KEY=01b16f9f7ff29b48b1ee0d1a89d1eb9662474e5eedb8c2d967ea43793..., value=0.0","USER_KEY=70da9913e0b9dd104fe781fd724bf1423f4cb4416f640e5d6820aa4cf..., master=2.0, candidate=0.0 | USER_KEY=985ed8305ba05d88f22ad4b4dc1b832af4eb66d39d9ff5cd21613bf6e..., master=2.0, candidate=1.0 | USER_KEY=2c9e3f9186e5dcd624c026c3a72b3070a03822476c6d1cda79011eef7..., master=1.0, candidate=0.0",False,False,,both_nan_match,,
avg_gap_w3_watch_days,avg_gap_w3_watch_days_end_minus20_to_end_unique_day_gap_mean,mean gap between sorted distinct watch days inside w3,View_History_v2.csv; User_Mapping_v2.csv; Membership_v2.csv,USER_NUM; MOVIE_NUM; watch_time(min); watch_day; watch_seq; reg_date,USER_KEY,Membership_v2.csv end_date,end_minus20_to_end,,,both NaN treated as match,23343,23253,90,0.9961444544403033,6.0,0.008043096431478389,"USER_KEY=a02a14ff1ab86edbfe46ad5a6a7fce054dc83c39aa7c362622171c550..., master=0.0, candidate=1.0","USER_KEY=3e97c149fd92035b09aa06852ba589732838ee62cbe7b6bb7c2950c5e..., master=1.0, candidate=0.0","USER_KEY=121ae7a87c018818ba76dc4c8e440dcdb1728fa6bea00c73003a07f14..., master=1.0, candidate=0.0","USER_KEY=7a6960912bebe03c6e4c770eb1aa91329c3497f18f90cae56d6c8ddc1..., value=0.0 | USER_KEY=4ec765db76545c1d6dda9f421590bf9d02f584009f8d92100afeef459..., value=0.0 | USER_KEY=01b16f9f7ff29b48b1ee0d1a89d1eb9662474e5eedb8c2d967ea43793..., value=0.0","USER_KEY=a02a14ff1ab86edbfe46ad5a6a7fce054dc83c39aa7c362622171c550..., master=0.0, candidate=1.0 | USER_KEY=3e97c149fd92035b09aa06852ba589732838ee62cbe7b6bb7c2950c5e..., master=1.0, candidate=0.0 | USER_KEY=121ae7a87c018818ba76dc4c8e440dcdb1728fa6bea00c73003a07f14..., master=1.0, candidate=0.0",False,False,,both_nan_match,,
total_watch_count,total_watch_count_end_minus20_to_end_row_count,view row count in observation window,View_History_v2.csv; User_Mapping_v2.csv; Membership_v2.csv,USER_NUM; MOVIE_NUM; watch_time(min); watch_day; watch_seq; reg_date,USER_KEY,Membership_v2.csv end_date,end_minus20_to_end,,,both NaN treated as match,23343,3691,19652,0.15812020734267232,94.0,3.638478344685773,"USER_KEY=7a6960912bebe03c6e4c770eb1aa91329c3497f18f90cae56d6c8ddc1..., master=13.0, candidate=5.0","USER_KEY=4ec765db76545c1d6dda9f421590bf9d02f584009f8d92100afeef459..., master=3.0, candidate=0.0","USER_KEY=01b16f9f7ff29b48b1ee0d1a89d1eb9662474e5eedb8c2d967ea43793..., master=2.0, candidate=0.0","USER_KEY=60881ae7798e9a1496e8e524b9291a6a4b0dab2f0e67a90772097ca82..., value=4.0 | USER_KEY=457120a6023152e0aa7fce1d5ad546126bda5506b30ed81f89d02462d..., value=4.0 | USER_KEY=6d45315d362a00f79ee58e71c8f5f53221dd01b981637054835629029..., value=1.0","USER_KEY=7a6960912bebe03c6e4c770eb1aa91329c3497f18f90cae56d6c8ddc1..., master=13.0, candidate=5.0 | USER_KEY=4ec765db76545c1d6dda9f421590bf9d02f584009f8d92100afeef459..., master=3.0, candidate=0.0 | USER_KEY=01b16f9f7ff29b48b1ee0d1a89d1eb9662474e5eedb8c2d967ea43793..., master=2.0, candidate=0.0",False,False,,both_nan_match,,
unique_movie,unique_movie_end_minus20_to_end_distinct_movie,distinct MOVIE_NUM count in observation window,View_History_v2.csv; User_Mapping_v2.csv; Membership_v2.csv,USER_NUM; MOVIE_NUM; watch_time(min); watch_day; watch_seq; reg_date,USER_KEY,Membership_v2.csv end_date,end_minus20_to_end,,,both NaN treated as match,23343,4575,18768,0.19599023261791543,34.0,2.4268088934584244,"USER_KEY=7a6960912bebe03c6e4c770eb1aa91329c3497f18f90cae56d6c8ddc1..., master=10.0, candidate=4.0","USER_KEY=4ec765db76545c1d6dda9f421590bf9d02f584009f8d92100afeef459..., master=3.0, candidate=0.0","USER_KEY=01b16f9f7ff29b48b1ee0d1a89d1eb9662474e5eedb8c2d967ea43793..., master=2.0, candidate=0.0","USER_KEY=60881ae7798e9a1496e8e524b9291a6a4b0dab2f0e67a90772097ca82..., value=1.0 | USER_KEY=457120a6023152e0aa7fce1d5ad546126bda5506b30ed81f89d02462d..., value=3.0 | USER_KEY=6d45315d362a00f79ee58e71c8f5f53221dd01b981637054835629029..., value=1.0","USER_KEY=7a6960912bebe03c6e4c770eb1aa91329c3497f18f90cae56d6c8ddc1..., master=10.0, candidate=4.0 | USER_KEY=4ec765db76545c1d6dda9f421590bf9d02f584009f8d92100afeef459..., master=3.0, candidate=0.0 | USER_KEY=01b16f9f7ff29b48b1ee0d1a89d1eb9662474e5eedb8c2d967ea43793..., master=2.0, candidate=0.0",False,False,,both_nan_match,,
watch_days,watch_days_end_minus20_to_end_distinct_watch_day,distinct watch_day count in observation window,View_History_v2.csv; User_Mapping_v2.csv; Membership_v2.csv,USER_NUM; MOVIE_NUM; watch_time(min); watch_day; watch_seq; reg_date,USER_KEY,Membership_v2.csv end_date,end_minus20_to_end,,,both NaN treated as match,23343,4186,19157,0.17932570792100416,11.0,1.852718159619586,"USER_KEY=7a6960912bebe03c6e4c770eb1aa91329c3497f18f90cae56d6c8ddc1..., master=9.0, candidate=3.0","USER_KEY=4ec765db76545c1d6dda9f421590bf9d02f584009f8d92100afeef459..., master=2.0, candidate=0.0","USER_KEY=01b16f9f7ff29b48b1ee0d1a89d1eb9662474e5eedb8c2d967ea43793..., master=1.0, candidate=0.0","USER_KEY=60881ae7798e9a1496e8e524b9291a6a4b0dab2f0e67a90772097ca82..., value=2.0 | USER_KEY=457120a6023152e0aa7fce1d5ad546126bda5506b30ed81f89d02462d..., value=2.0 | USER_KEY=6ed11f433b70f3cb9f774c989bb71d93d7eaf56490c7f0135def99995..., value=3.0","USER_KEY=7a6960912bebe03c6e4c770eb1aa91329c3497f18f90cae56d6c8ddc1..., master=9.0, candidate=3.0 | USER_KEY=4ec765db76545c1d6dda9f421590bf9d02f584009f8d92100afeef459..., master=2.0, candidate=0.0 | USER_KEY=01b16f9f7ff29b48b1ee0d1a89d1eb9662474e5eedb8c2d967ea43793..., master=1.0, candidate=0.0",False,False,,both_nan_match,,
total_watch_time,total_watch_time_end_minus20_to_end_watch_time_sum,sum of watch_time(min) in observation window,View_History_v2.csv; User_Mapping_v2.csv; Membership_v2.csv,USER_NUM; MOVIE_NUM; watch_time(min); watch_day; watch_seq; reg_date,USER_KEY,Membership_v2.csv end_date,end_minus20_to_end,,,both NaN treated as match,23343,3162,20181,0.13545816733067728,6088.0,163.46060917619843,"USER_KEY=7a6960912bebe03c6e4c770eb1aa91329c3497f18f90cae56d6c8ddc1..., master=518.0, candidate=37.0","USER_KEY=4ec765db76545c1d6dda9f421590bf9d02f584009f8d92100afeef459..., master=4.0, candidate=0.0","USER_KEY=01b16f9f7ff29b48b1ee0d1a89d1eb9662474e5eedb8c2d967ea43793..., master=129.0, candidate=0.0","USER_KEY=60881ae7798e9a1496e8e524b9291a6a4b0dab2f0e67a90772097ca82..., value=170.0 | USER_KEY=457120a6023152e0aa7fce1d5ad546126bda5506b30ed81f89d02462d..., value=275.0 | USER_KEY=6d45315d362a00f79ee58e71c8f5f53221dd01b981637054835629029..., value=12.0","USER_KEY=7a6960912bebe03c6e4c770eb1aa91329c3497f18f90cae56d6c8ddc1..., master=518.0, candidate=37.0 | USER_KEY=4ec765db76545c1d6dda9f421590bf9d02f584009f8d92100afeef459..., master=4.0, candidate=0.0 | USER_KEY=01b16f9f7ff29b48b1ee0d1a89d1eb9662474e5eedb8c2d967ea43793..., master=129.0, candidate=0.0",False,False,,both_nan_match,,
avg_watch_time,avg_watch_time_end_minus20_to_end_row_mean_watch_time,mean watch_time(min) per view row,View_History_v2.csv; User_Mapping_v2.csv; Membership_v2.csv,USER_NUM; MOVIE_NUM; watch_time(min); watch_day; watch_seq; reg_date,USER_KEY,Membership_v2.csv end_date,end_minus20_to_end,,,both NaN treated as match,23343,3329,20014,0.14261234631367006,200.0,20.519505944890177,"USER_KEY=7a6960912bebe03c6e4c770eb1aa91329c3497f18f90cae56d6c8ddc1..., master=39.84615384615385, candidate=7.4","USER_KEY=4ec765db76545c1d6dda9f421590bf9d02f584009f8d92100afeef459..., master=1.3333333333333333, candidate=0.0","USER_KEY=01b16f9f7ff29b48b1ee0d1a89d1eb9662474e5eedb8c2d967ea43793..., master=64.5, candidate=0.0","USER_KEY=60881ae7798e9a1496e8e524b9291a6a4b0dab2f0e67a90772097ca82..., value=42.5 | USER_KEY=457120a6023152e0aa7fce1d5ad546126bda5506b30ed81f89d02462d..., value=68.75 | USER_KEY=6d45315d362a00f79ee58e71c8f5f53221dd01b981637054835629029..., value=12.0","USER_KEY=7a6960912bebe03c6e4c770eb1aa91329c3497f18f90cae56d6c8ddc1..., master=39.84615384615385, candidate=7.4 | USER_KEY=4ec765db76545c1d6dda9f421590bf9d02f584009f8d92100afeef459..., master=1.3333333333333333, candidate=0.0 | USER_KEY=01b16f9f7ff29b48b1ee0d1a89d1eb9662474e5eedb8c2d967ea43793..., master=64.5, candidate=0.0",False,False,,both_nan_match,,
median_watch_time,median_watch_time_end_minus20_to_end_row_median_watch_time,median watch_time(min) per view row,View_History_v2.csv; User_Mapping_v2.csv; Membership_v2.csv,USER_NUM; MOVIE_NUM; watch_time(min); watch_day; watch_seq; reg_date,USER_KEY,Membership_v2.csv end_date,end_minus20_to_end,,,both NaN treated as match,23343,5439,17904,0.23300346999100371,200.0,21.123484556398065,"USER_KEY=7a6960912bebe03c6e4c770eb1aa91329c3497f18f90cae56d6c8ddc1..., master=13.0, candidate=7.0","USER_KEY=4ec765db76545c1d6dda9f421590bf9d02f584009f8d92100afeef459..., master=1.0, candidate=0.0","USER_KEY=01b16f9f7ff29b48b1ee0d1a89d1eb9662474e5eedb8c2d967ea43793..., master=64.5, candidate=0.0","USER_KEY=985ed8305ba05d88f22ad4b4dc1b832af4eb66d39d9ff5cd21613bf6e..., value=2.0 | USER_KEY=60881ae7798e9a1496e8e524b9291a6a4b0dab2f0e67a90772097ca82..., value=42.5 | USER_KEY=0cdfedd59da0d83ad70c0083b12865f0cd414ac189f27872ca1ff6bb0..., value=110.0","USER_KEY=7a6960912bebe03c6e4c770eb1aa91329c3497f18f90cae56d6c8ddc1..., master=13.0, candidate=7.0 | USER_KEY=4ec765db76545c1d6dda9f421590bf9d02f584009f8d92100afeef459..., master=1.0, candidate=0.0 | USER_KEY=01b16f9f7ff29b48b1ee0d1a89d1eb9662474e5eedb8c2d967ea43793..., master=64.5, candidate=0.0",False,False,,both_nan_match,,
std_watch_time,std_watch_time_end_minus20_to_end_row_std_ddof0,"std watch_time(min), ddof=0",View_History_v2.csv; User_Mapping_v2.csv; Membership_v2.csv,USER_NUM; MOVIE_NUM; watch_time(min); watch_day; watch_seq; reg_date,USER_KEY,Membership_v2.csv end_date,end_minus20_to_end,,,both NaN treated as match,23343,5318,18025,0.22781990318296705,99.50000000000001,13.69164622161586,"USER_KEY=7a6960912bebe03c6e4c770eb1aa91329c3497f18f90cae56d6c8ddc1..., master=55.66361351747194, candidate=5.851495535331117","USER_KEY=4ec765db76545c1d6dda9f421590bf9d02f584009f8d92100afeef459..., master=0.4714045207910317, candidate=0.0","USER_KEY=01b16f9f7ff29b48b1ee0d1a89d1eb9662474e5eedb8c2d967ea43793..., master=63.5, candidate=0.0","USER_KEY=1d47cdbe7f7016e6c3f42cb08e37db55548481ffa31122e1a18a27ce9..., value=0.0 | USER_KEY=60881ae7798e9a1496e8e524b9291a6a4b0dab2f0e67a90772097ca82..., value=7.5 | USER_KEY=457120a6023152e0aa7fce1d5ad546126bda5506b30ed81f89d02462d..., value=49.5700262255327","USER_KEY=7a6960912bebe03c6e4c770eb1aa91329c3497f18f90cae56d6c8ddc1..., master=55.66361351747194, candidate=5.851495535331117 | USER_KEY=4ec765db76545c1d6dda9f421590bf9d02f584009f8d92100afeef459..., master=0.4714045207910317, candidate=0.0 | USER_KEY=01b16f9f7ff29b48b1ee0d1a89d1eb9662474e5eedb8c2d967ea43793..., master=63.5, candidate=0.0",False,False,,both_nan_match,,
std_watch_time,std_watch_time_end_minus20_to_end_row_std_ddof1,"std watch_time(min), ddof=1",View_History_v2.csv; User_Mapping_v2.csv; Membership_v2.csv,USER_NUM; MOVIE_NUM; watch_time(min); watch_day; watch_seq; reg_date,USER_KEY,Membership_v2.csv end_date,end_minus20_to_end,,,both NaN treated as match,23343,3323,20020,0.14235530994302362,140.71424945612296,15.467827833459932,"USER_KEY=7a6960912bebe03c6e4c770eb1aa91329c3497f18f90cae56d6c8ddc1..., master=55.66361351747194, candidate=6.54217089351845","USER_KEY=4ec765db76545c1d6dda9f421590bf9d02f584009f8d92100afeef459..., master=0.4714045207910317, candidate=0.0","USER_KEY=01b16f9f7ff29b48b1ee0d1a89d1eb9662474e5eedb8c2d967ea43793..., master=63.5, candidate=0.0","USER_KEY=1d47cdbe7f7016e6c3f42cb08e37db55548481ffa31122e1a18a27ce9..., value=0.0 | USER_KEY=1ff9d693be9f6ff2efc65ebf39f40c568efe92e3e6d7e47412f5fb3fc..., value=0.0 | USER_KEY=6d45315d362a00f79ee58e71c8f5f53221dd01b981637054835629029..., value=0.0","USER_KEY=7a6960912bebe03c6e4c770eb1aa91329c3497f18f90cae56d6c8ddc1..., master=55.66361351747194, candidate=6.54217089351845 | USER_KEY=4ec765db76545c1d6dda9f421590bf9d02f584009f8d92100afeef459..., master=0.4714045207910317, candidate=0.0 | USER_KEY=01b16f9f7ff29b48b1ee0d1a89d1eb9662474e5eedb8c2d967ea43793..., master=63.5, candidate=0.0",False,False,,both_nan_match,,
max_watch_time,max_watch_time_end_minus20_to_end_max_row_watch_time,maximum watch_time(min) for a single view row,View_History_v2.csv; User_Mapping_v2.csv; Membership_v2.csv,USER_NUM; MOVIE_NUM; watch_time(min); watch_day; watch_seq; reg_date,USER_KEY,Membership_v2.csv end_date,end_minus20_to_end,,,both NaN treated as match,23343,9650,13693,0.41340016278970143,200.0,33.665552842393865,"USER_KEY=7a6960912bebe03c6e4c770eb1aa91329c3497f18f90cae56d6c8ddc1..., master=200.0, candidate=15.0","USER_KEY=4ec765db76545c1d6dda9f421590bf9d02f584009f8d92100afeef459..., master=2.0, candidate=0.0","USER_KEY=01b16f9f7ff29b48b1ee0d1a89d1eb9662474e5eedb8c2d967ea43793..., master=128.0, candidate=0.0","USER_KEY=70da9913e0b9dd104fe781fd724bf1423f4cb4416f640e5d6820aa4cf..., value=138.0 | USER_KEY=985ed8305ba05d88f22ad4b4dc1b832af4eb66d39d9ff5cd21613bf6e..., value=106.0 | USER_KEY=60881ae7798e9a1496e8e524b9291a6a4b0dab2f0e67a90772097ca82..., value=50.0","USER_KEY=7a6960912bebe03c6e4c770eb1aa91329c3497f18f90cae56d6c8ddc1..., master=200.0, candidate=15.0 | USER_KEY=4ec765db76545c1d6dda9f421590bf9d02f584009f8d92100afeef459..., master=2.0, candidate=0.0 | USER_KEY=01b16f9f7ff29b48b1ee0d1a89d1eb9662474e5eedb8c2d967ea43793..., master=128.0, candidate=0.0",False,False,,both_nan_match,,
max_daily_watch_time,max_daily_watch_time_end_minus20_to_end_max_daily_watch_time,maximum daily sum of watch_time(min),View_History_v2.csv; User_Mapping_v2.csv; Membership_v2.csv,USER_NUM; MOVIE_NUM; watch_time(min); watch_day; watch_seq; reg_date,USER_KEY,Membership_v2.csv end_date,end_minus20_to_end,,,both NaN treated as match,23343,9586,13757,0.410658441502806,980.0,53.87465192991475,"USER_KEY=7a6960912bebe03c6e4c770eb1aa91329c3497f18f90cae56d6c8ddc1..., master=201.0, candidate=22.0","USER_KEY=4ec765db76545c1d6dda9f421590bf9d02f584009f8d92100afeef459..., master=3.0, candidate=0.0","USER_KEY=01b16f9f7ff29b48b1ee0d1a89d1eb9662474e5eedb8c2d967ea43793..., master=129.0, candidate=0.0","USER_KEY=70da9913e0b9dd104fe781fd724bf1423f4cb4416f640e5d6820aa4cf..., value=235.0 | USER_KEY=985ed8305ba05d88f22ad4b4dc1b832af4eb66d39d9ff5cd21613bf6e..., value=106.0 | USER_KEY=60881ae7798e9a1496e8e524b9291a6a4b0dab2f0e67a90772097ca82..., value=100.0","USER_KEY=7a6960912bebe03c6e4c770eb1aa91329c3497f18f90cae56d6c8ddc1..., master=201.0, candidate=22.0 | USER_KEY=4ec765db76545c1d6dda9f421590bf9d02f584009f8d92100afeef459..., master=3.0, candidate=0.0 | USER_KEY=01b16f9f7ff29b48b1ee0d1a89d1eb9662474e5eedb8c2d967ea43793..., master=129.0, candidate=0.0",False,False,,both_nan_match,,
max_daily_sessions,max_daily_sessions_end_minus20_to_end_max_daily_view_rows,maximum daily view row count,View_History_v2.csv; User_Mapping_v2.csv; Membership_v2.csv,USER_NUM; MOVIE_NUM; watch_time(min); watch_day; watch_seq; reg_date,USER_KEY,Membership_v2.csv end_date,end_minus20_to_end,,,both NaN treated as match,23343,11857,11486,0.507946707792486,39.0,1.1122820545773893,"USER_KEY=4ec765db76545c1d6dda9f421590bf9d02f584009f8d92100afeef459..., master=2.0, candidate=0.0","USER_KEY=01b16f9f7ff29b48b1ee0d1a89d1eb9662474e5eedb8c2d967ea43793..., master=2.0, candidate=0.0","USER_KEY=534bc7b6b1ce05de6523f79872108d8dccc1dab38e2c1fb3c40e96913..., master=0.0, candidate=4.0","USER_KEY=7a6960912bebe03c6e4c770eb1aa91329c3497f18f90cae56d6c8ddc1..., value=2.0 | USER_KEY=985ed8305ba05d88f22ad4b4dc1b832af4eb66d39d9ff5cd21613bf6e..., value=10.0 | USER_KEY=60881ae7798e9a1496e8e524b9291a6a4b0dab2f0e67a90772097ca82..., value=2.0","USER_KEY=4ec765db76545c1d6dda9f421590bf9d02f584009f8d92100afeef459..., master=2.0, candidate=0.0 | USER_KEY=01b16f9f7ff29b48b1ee0d1a89d1eb9662474e5eedb8c2d967ea43793..., master=2.0, candidate=0.0 | USER_KEY=534bc7b6b1ce05de6523f79872108d8dccc1dab38e2c1fb3c40e96913..., master=0.0, candidate=4.0",False,False,,both_nan_match,,
recency,recency_end_minus20_to_end_window_end_minus_last_rel_day,observation-window end relative day minus last watch relative day,View_History_v2.csv; User_Mapping_v2.csv; Membership_v2.csv,USER_NUM; MOVIE_NUM; watch_time(min); watch_day; watch_seq; reg_date,USER_KEY,Membership_v2.csv end_date,end_minus20_to_end,window end,,both NaN treated as match,23343,15,23328,0.0006425909266161162,48.0,19.225549415242256,"USER_KEY=7a6960912bebe03c6e4c770eb1aa91329c3497f18f90cae56d6c8ddc1..., master=4.0, candidate=-16.0","USER_KEY=4ec765db76545c1d6dda9f421590bf9d02f584009f8d92100afeef459..., master=13.0, candidate=21.0","USER_KEY=01b16f9f7ff29b48b1ee0d1a89d1eb9662474e5eedb8c2d967ea43793..., master=10.0, candidate=21.0","USER_KEY=b31c10e7354a7eb3b6316780993a1eaf6c4da9023af8462e9583cdc25..., value=0.0 | USER_KEY=c7f8dcebf5fc38674be9df7f78677ac1c795690b54addf0c0331b1a85..., value=0.0 | USER_KEY=b31c10e7354a7eb3b6316780993a1eaf6c4da9023af8462e9583cdc25..., value=0.0","USER_KEY=7a6960912bebe03c6e4c770eb1aa91329c3497f18f90cae56d6c8ddc1..., master=4.0, candidate=-16.0 | USER_KEY=4ec765db76545c1d6dda9f421590bf9d02f584009f8d92100afeef459..., master=13.0, candidate=21.0 | USER_KEY=01b16f9f7ff29b48b1ee0d1a89d1eb9662474e5eedb8c2d967ea43793..., master=10.0, candidate=21.0",False,False,,both_nan_match,,
recency,recency_end_minus20_to_end_last_relative_watch_day,last watch relative day,View_History_v2.csv; User_Mapping_v2.csv; Membership_v2.csv,USER_NUM; MOVIE_NUM; watch_time(min); watch_day; watch_seq; reg_date,USER_KEY,Membership_v2.csv end_date,end_minus20_to_end,,,both NaN treated as match,23343,16,23327,0.0006854303217238573,31.0,15.451655742620915,"USER_KEY=7a6960912bebe03c6e4c770eb1aa91329c3497f18f90cae56d6c8ddc1..., master=4.0, candidate=16.0","USER_KEY=4ec765db76545c1d6dda9f421590bf9d02f584009f8d92100afeef459..., master=13.0, candidate=-1.0","USER_KEY=01b16f9f7ff29b48b1ee0d1a89d1eb9662474e5eedb8c2d967ea43793..., master=10.0, candidate=-1.0","USER_KEY=b31c10e7354a7eb3b6316780993a1eaf6c4da9023af8462e9583cdc25..., value=0.0 | USER_KEY=c7f8dcebf5fc38674be9df7f78677ac1c795690b54addf0c0331b1a85..., value=0.0 | USER_KEY=b31c10e7354a7eb3b6316780993a1eaf6c4da9023af8462e9583cdc25..., value=0.0","USER_KEY=7a6960912bebe03c6e4c770eb1aa91329c3497f18f90cae56d6c8ddc1..., master=4.0, candidate=16.0 | USER_KEY=4ec765db76545c1d6dda9f421590bf9d02f584009f8d92100afeef459..., master=13.0, candidate=-1.0 | USER_KEY=01b16f9f7ff29b48b1ee0d1a89d1eb9662474e5eedb8c2d967ea43793..., master=10.0, candidate=-1.0",False,False,,both_nan_match,,
avg_gap_between_watch_days,avg_gap_between_watch_days_end_minus20_to_end_unique_watch_day_gap_mean,mean gap between sorted distinct watch days,View_History_v2.csv; User_Mapping_v2.csv; Membership_v2.csv,USER_NUM; MOVIE_NUM; watch_time(min); watch_day; watch_seq; reg_date,USER_KEY,Membership_v2.csv end_date,end_minus20_to_end,,,both NaN treated as match,23343,6688,16655,0.28650987448057236,20.0,2.3213139569446093,"USER_KEY=7a6960912bebe03c6e4c770eb1aa91329c3497f18f90cae56d6c8ddc1..., master=2.0, candidate=2.5","USER_KEY=4ec765db76545c1d6dda9f421590bf9d02f584009f8d92100afeef459..., master=1.0, candidate=0.0","USER_KEY=70da9913e0b9dd104fe781fd724bf1423f4cb4416f640e5d6820aa4cf..., master=2.75, candidate=3.2","USER_KEY=01b16f9f7ff29b48b1ee0d1a89d1eb9662474e5eedb8c2d967ea43793..., value=0.0 | USER_KEY=534bc7b6b1ce05de6523f79872108d8dccc1dab38e2c1fb3c40e96913..., value=0.0 | USER_KEY=ce55ecaa87931f40db2fc448a88af43b50cbed84642851d11882544b1..., value=0.0","USER_KEY=7a6960912bebe03c6e4c770eb1aa91329c3497f18f90cae56d6c8ddc1..., master=2.0, candidate=2.5 | USER_KEY=4ec765db76545c1d6dda9f421590bf9d02f584009f8d92100afeef459..., master=1.0, candidate=0.0 | USER_KEY=70da9913e0b9dd104fe781fd724bf1423f4cb4416f640e5d6820aa4cf..., master=2.75, candidate=3.2",False,False,,both_nan_match,,
max_inactive_gap_days,max_inactive_gap_days_end_minus20_to_end_max_gap_between_watch_days,maximum difference between consecutive active watch days,View_History_v2.csv; User_Mapping_v2.csv; Membership_v2.csv,USER_NUM; MOVIE_NUM; watch_time(min); watch_day; watch_seq; reg_date,USER_KEY,Membership_v2.csv end_date,end_minus20_to_end,,,both NaN treated as match,23343,8994,14349,0.38529751959902325,20.0,3.5163003898384955,"USER_KEY=7a6960912bebe03c6e4c770eb1aa91329c3497f18f90cae56d6c8ddc1..., master=5.0, candidate=4.0","USER_KEY=4ec765db76545c1d6dda9f421590bf9d02f584009f8d92100afeef459..., master=1.0, candidate=0.0","USER_KEY=2c9e3f9186e5dcd624c026c3a72b3070a03822476c6d1cda79011eef7..., master=4.0, candidate=0.0","USER_KEY=01b16f9f7ff29b48b1ee0d1a89d1eb9662474e5eedb8c2d967ea43793..., value=0.0 | USER_KEY=534bc7b6b1ce05de6523f79872108d8dccc1dab38e2c1fb3c40e96913..., value=0.0 | USER_KEY=70da9913e0b9dd104fe781fd724bf1423f4cb4416f640e5d6820aa4cf..., value=6.0","USER_KEY=7a6960912bebe03c6e4c770eb1aa91329c3497f18f90cae56d6c8ddc1..., master=5.0, candidate=4.0 | USER_KEY=4ec765db76545c1d6dda9f421590bf9d02f584009f8d92100afeef459..., master=1.0, candidate=0.0 | USER_KEY=2c9e3f9186e5dcd624c026c3a72b3070a03822476c6d1cda79011eef7..., master=4.0, candidate=0.0",False,False,,both_nan_match,,
max_inactive_gap_days,max_inactive_gap_days_end_minus20_to_end_max_inactive_between_active_days,maximum inactive days between active watch days,View_History_v2.csv; User_Mapping_v2.csv; Membership_v2.csv,USER_NUM; MOVIE_NUM; watch_time(min); watch_day; watch_seq; reg_date,USER_KEY,Membership_v2.csv end_date,end_minus20_to_end,,,both NaN treated as match,23343,5376,17967,0.23030458809921603,20.0,3.90044124576961,"USER_KEY=7a6960912bebe03c6e4c770eb1aa91329c3497f18f90cae56d6c8ddc1..., master=5.0, candidate=3.0","USER_KEY=4ec765db76545c1d6dda9f421590bf9d02f584009f8d92100afeef459..., master=1.0, candidate=0.0","USER_KEY=70da9913e0b9dd104fe781fd724bf1423f4cb4416f640e5d6820aa4cf..., master=6.0, candidate=5.0","USER_KEY=01b16f9f7ff29b48b1ee0d1a89d1eb9662474e5eedb8c2d967ea43793..., value=0.0 | USER_KEY=534bc7b6b1ce05de6523f79872108d8dccc1dab38e2c1fb3c40e96913..., value=0.0 | USER_KEY=ce55ecaa87931f40db2fc448a88af43b50cbed84642851d11882544b1..., value=0.0","USER_KEY=7a6960912bebe03c6e4c770eb1aa91329c3497f18f90cae56d6c8ddc1..., master=5.0, candidate=3.0 | USER_KEY=4ec765db76545c1d6dda9f421590bf9d02f584009f8d92100afeef459..., master=1.0, candidate=0.0 | USER_KEY=70da9913e0b9dd104fe781fd724bf1423f4cb4416f640e5d6820aa4cf..., master=6.0, candidate=5.0",False,False,,both_nan_match,,
max_inactive_gap_days,max_inactive_gap_days_end_minus20_to_end_max_inactive_including_edges,maximum inactive gap including observation-window start and end,View_History_v2.csv; User_Mapping_v2.csv; Membership_v2.csv,USER_NUM; MOVIE_NUM; watch_time(min); watch_day; watch_seq; reg_date,USER_KEY,Membership_v2.csv end_date,end_minus20_to_end,,,both NaN treated as match,23343,2015,21328,0.08632138114209828,50.0,24.348455639806367,"USER_KEY=7a6960912bebe03c6e4c770eb1aa91329c3497f18f90cae56d6c8ddc1..., master=5.0, candidate=31.0","USER_KEY=4ec765db76545c1d6dda9f421590bf9d02f584009f8d92100afeef459..., master=1.0, candidate=0.0","USER_KEY=534bc7b6b1ce05de6523f79872108d8dccc1dab38e2c1fb3c40e96913..., master=0.0, candidate=45.0","USER_KEY=01b16f9f7ff29b48b1ee0d1a89d1eb9662474e5eedb8c2d967ea43793..., value=0.0 | USER_KEY=ce55ecaa87931f40db2fc448a88af43b50cbed84642851d11882544b1..., value=0.0 | USER_KEY=1ff9d693be9f6ff2efc65ebf39f40c568efe92e3e6d7e47412f5fb3fc..., value=0.0","USER_KEY=7a6960912bebe03c6e4c770eb1aa91329c3497f18f90cae56d6c8ddc1..., master=5.0, candidate=31.0 | USER_KEY=4ec765db76545c1d6dda9f421590bf9d02f584009f8d92100afeef459..., master=1.0, candidate=0.0 | USER_KEY=534bc7b6b1ce05de6523f79872108d8dccc1dab38e2c1fb3c40e96913..., master=0.0, candidate=45.0",False,False,,both_nan_match,,
avg_rewatch_ratio,avg_rewatch_ratio_end_minus20_to_end_extra_duplicate_views_over_total_rows,(view rows - distinct MOVIE_NUM) / view rows,View_History_v2.csv; User_Mapping_v2.csv; Membership_v2.csv,USER_NUM; MOVIE_NUM; watch_time(min); watch_day; watch_seq; reg_date,USER_KEY,Membership_v2.csv end_date,end_minus20_to_end,view rows,zero when denominator is zero,both NaN treated as match,23343,9850,13493,0.42196804181124964,0.9285714285714286,0.13107472843056955,"USER_KEY=7a6960912bebe03c6e4c770eb1aa91329c3497f18f90cae56d6c8ddc1..., master=0.2307692307692307, candidate=0.2","USER_KEY=534bc7b6b1ce05de6523f79872108d8dccc1dab38e2c1fb3c40e96913..., master=0.0, candidate=0.75","USER_KEY=70da9913e0b9dd104fe781fd724bf1423f4cb4416f640e5d6820aa4cf..., master=0.25, candidate=0.47368421052631576","USER_KEY=4ec765db76545c1d6dda9f421590bf9d02f584009f8d92100afeef459..., value=0.0 | USER_KEY=01b16f9f7ff29b48b1ee0d1a89d1eb9662474e5eedb8c2d967ea43793..., value=0.0 | USER_KEY=1d47cdbe7f7016e6c3f42cb08e37db55548481ffa31122e1a18a27ce9..., value=0.0","USER_KEY=7a6960912bebe03c6e4c770eb1aa91329c3497f18f90cae56d6c8ddc1..., master=0.2307692307692307, candidate=0.2 | USER_KEY=534bc7b6b1ce05de6523f79872108d8dccc1dab38e2c1fb3c40e96913..., master=0.0, candidate=0.75 | USER_KEY=70da9913e0b9dd104fe781fd724bf1423f4cb4416f640e5d6820aa4cf..., master=0.25, candidate=0.47368421052631576",False,False,,both_nan_match,,
avg_rewatch_ratio,avg_rewatch_ratio_end_minus20_to_end_rows_belonging_to_repeated_movies_ratio,rows whose MOVIE_NUM appears more than once / view rows,View_History_v2.csv; User_Mapping_v2.csv; Membership_v2.csv,USER_NUM; MOVIE_NUM; watch_time(min); watch_day; watch_seq; reg_date,USER_KEY,Membership_v2.csv end_date,end_minus20_to_end,view rows,zero when denominator is zero,both NaN treated as match,23343,8120,15223,0.3478558882748576,1.0,0.22509467707867148,"USER_KEY=7a6960912bebe03c6e4c770eb1aa91329c3497f18f90cae56d6c8ddc1..., master=0.2307692307692307, candidate=0.4","USER_KEY=534bc7b6b1ce05de6523f79872108d8dccc1dab38e2c1fb3c40e96913..., master=0.0, candidate=1.0","USER_KEY=70da9913e0b9dd104fe781fd724bf1423f4cb4416f640e5d6820aa4cf..., master=0.25, candidate=0.7368421052631579","USER_KEY=4ec765db76545c1d6dda9f421590bf9d02f584009f8d92100afeef459..., value=0.0 | USER_KEY=01b16f9f7ff29b48b1ee0d1a89d1eb9662474e5eedb8c2d967ea43793..., value=0.0 | USER_KEY=1d47cdbe7f7016e6c3f42cb08e37db55548481ffa31122e1a18a27ce9..., value=0.0","USER_KEY=7a6960912bebe03c6e4c770eb1aa91329c3497f18f90cae56d6c8ddc1..., master=0.2307692307692307, candidate=0.4 | USER_KEY=534bc7b6b1ce05de6523f79872108d8dccc1dab38e2c1fb3c40e96913..., master=0.0, candidate=1.0 | USER_KEY=70da9913e0b9dd104fe781fd724bf1423f4cb4416f640e5d6820aa4cf..., master=0.25, candidate=0.7368421052631579",False,False,,both_nan_match,,
weekend_watch_ratio,weekend_watch_ratio_end_minus20_to_end_weekend_view_rows_over_all_rows,weekend view row count / all view row count,View_History_v2.csv; User_Mapping_v2.csv; Membership_v2.csv,USER_NUM; MOVIE_NUM; watch_time(min); watch_day; watch_seq; reg_date,USER_KEY,Membership_v2.csv end_date,end_minus20_to_end,view rows,zero when denominator is zero,both NaN treated as match,23343,9656,13687,0.4136571991603479,1.0,0.2155176342916662,"USER_KEY=7a6960912bebe03c6e4c770eb1aa91329c3497f18f90cae56d6c8ddc1..., master=0.1538461538461538, candidate=0.0","USER_KEY=534bc7b6b1ce05de6523f79872108d8dccc1dab38e2c1fb3c40e96913..., master=0.0, candidate=1.0","USER_KEY=70da9913e0b9dd104fe781fd724bf1423f4cb4416f640e5d6820aa4cf..., master=0.875, candidate=0.5789473684210527","USER_KEY=4ec765db76545c1d6dda9f421590bf9d02f584009f8d92100afeef459..., value=0.0 | USER_KEY=01b16f9f7ff29b48b1ee0d1a89d1eb9662474e5eedb8c2d967ea43793..., value=0.0 | USER_KEY=ce55ecaa87931f40db2fc448a88af43b50cbed84642851d11882544b1..., value=0.0","USER_KEY=7a6960912bebe03c6e4c770eb1aa91329c3497f18f90cae56d6c8ddc1..., master=0.1538461538461538, candidate=0.0 | USER_KEY=534bc7b6b1ce05de6523f79872108d8dccc1dab38e2c1fb3c40e96913..., master=0.0, candidate=1.0 | USER_KEY=70da9913e0b9dd104fe781fd724bf1423f4cb4416f640e5d6820aa4cf..., master=0.875, candidate=0.5789473684210527",False,False,,both_nan_match,,
weekend_watch_ratio,weekend_watch_ratio_end_minus20_to_end_weekend_watch_time_over_total_time,weekend watch_time sum / total watch_time,View_History_v2.csv; User_Mapping_v2.csv; Membership_v2.csv,USER_NUM; MOVIE_NUM; watch_time(min); watch_day; watch_seq; reg_date,USER_KEY,Membership_v2.csv end_date,end_minus20_to_end,watch_time sum,zero when denominator is zero,both NaN treated as match,23343,8578,14765,0.367476331234203,1.0,0.24032588340847075,"USER_KEY=7a6960912bebe03c6e4c770eb1aa91329c3497f18f90cae56d6c8ddc1..., master=0.1538461538461538, candidate=0.0","USER_KEY=534bc7b6b1ce05de6523f79872108d8dccc1dab38e2c1fb3c40e96913..., master=0.0, candidate=1.0","USER_KEY=70da9913e0b9dd104fe781fd724bf1423f4cb4416f640e5d6820aa4cf..., master=0.875, candidate=0.8907103825136612","USER_KEY=4ec765db76545c1d6dda9f421590bf9d02f584009f8d92100afeef459..., value=0.0 | USER_KEY=01b16f9f7ff29b48b1ee0d1a89d1eb9662474e5eedb8c2d967ea43793..., value=0.0 | USER_KEY=ce55ecaa87931f40db2fc448a88af43b50cbed84642851d11882544b1..., value=0.0","USER_KEY=7a6960912bebe03c6e4c770eb1aa91329c3497f18f90cae56d6c8ddc1..., master=0.1538461538461538, candidate=0.0 | USER_KEY=534bc7b6b1ce05de6523f79872108d8dccc1dab38e2c1fb3c40e96913..., master=0.0, candidate=1.0 | USER_KEY=70da9913e0b9dd104fe781fd724bf1423f4cb4416f640e5d6820aa4cf..., master=0.875, candidate=0.8907103825136612",False,False,,both_nan_match,,
watch_ratio_under_1m,watch_ratio_under_1m_end_minus20_to_end_watch_time_le_1_over_rows,watch_time(min) <= 1 / view rows,View_History_v2.csv; User_Mapping_v2.csv; Membership_v2.csv,USER_NUM; MOVIE_NUM; watch_time(min); watch_day; watch_seq; reg_date,USER_KEY,Membership_v2.csv end_date,end_minus20_to_end,view rows,zero when denominator is zero,both NaN treated as match,23343,11276,12067,0.4830570192348884,1.0,0.13513021094713243,"USER_KEY=7a6960912bebe03c6e4c770eb1aa91329c3497f18f90cae56d6c8ddc1..., master=0.3076923076923077, candidate=0.4","USER_KEY=4ec765db76545c1d6dda9f421590bf9d02f584009f8d92100afeef459..., master=0.6666666666666666, candidate=0.0","USER_KEY=01b16f9f7ff29b48b1ee0d1a89d1eb9662474e5eedb8c2d967ea43793..., master=0.5, candidate=0.0","USER_KEY=534bc7b6b1ce05de6523f79872108d8dccc1dab38e2c1fb3c40e96913..., value=0.0 | USER_KEY=ce55ecaa87931f40db2fc448a88af43b50cbed84642851d11882544b1..., value=0.0 | USER_KEY=60881ae7798e9a1496e8e524b9291a6a4b0dab2f0e67a90772097ca82..., value=0.0","USER_KEY=7a6960912bebe03c6e4c770eb1aa91329c3497f18f90cae56d6c8ddc1..., master=0.3076923076923077, candidate=0.4 | USER_KEY=4ec765db76545c1d6dda9f421590bf9d02f584009f8d92100afeef459..., master=0.6666666666666666, candidate=0.0 | USER_KEY=01b16f9f7ff29b48b1ee0d1a89d1eb9662474e5eedb8c2d967ea43793..., master=0.5, candidate=0.0",False,False,,both_nan_match,,
watch_ratio_under_1m,watch_ratio_under_1m_end_minus20_to_end_watch_time_lt_1_over_rows,watch_time(min) < 1 / view rows,View_History_v2.csv; User_Mapping_v2.csv; Membership_v2.csv,USER_NUM; MOVIE_NUM; watch_time(min); watch_day; watch_seq; reg_date,USER_KEY,Membership_v2.csv end_date,end_minus20_to_end,view rows,zero when denominator is zero,both NaN treated as match,23343,10382,12961,0.4447586000085679,1.0,0.2086747425443903,"USER_KEY=7a6960912bebe03c6e4c770eb1aa91329c3497f18f90cae56d6c8ddc1..., master=0.3076923076923077, candidate=0.0","USER_KEY=4ec765db76545c1d6dda9f421590bf9d02f584009f8d92100afeef459..., master=0.6666666666666666, candidate=0.0","USER_KEY=01b16f9f7ff29b48b1ee0d1a89d1eb9662474e5eedb8c2d967ea43793..., master=0.5, candidate=0.0","USER_KEY=534bc7b6b1ce05de6523f79872108d8dccc1dab38e2c1fb3c40e96913..., value=0.0 | USER_KEY=ce55ecaa87931f40db2fc448a88af43b50cbed84642851d11882544b1..., value=0.0 | USER_KEY=1d47cdbe7f7016e6c3f42cb08e37db55548481ffa31122e1a18a27ce9..., value=0.0","USER_KEY=7a6960912bebe03c6e4c770eb1aa91329c3497f18f90cae56d6c8ddc1..., master=0.3076923076923077, candidate=0.0 | USER_KEY=4ec765db76545c1d6dda9f421590bf9d02f584009f8d92100afeef459..., master=0.6666666666666666, candidate=0.0 | USER_KEY=01b16f9f7ff29b48b1ee0d1a89d1eb9662474e5eedb8c2d967ea43793..., master=0.5, candidate=0.0",False,False,,both_nan_match,,
watch_ratio_under_5m,watch_ratio_under_5m_end_minus20_to_end_watch_time_le_5_over_rows,watch_time(min) <= 5 / view rows,View_History_v2.csv; User_Mapping_v2.csv; Membership_v2.csv,USER_NUM; MOVIE_NUM; watch_time(min); watch_day; watch_seq; reg_date,USER_KEY,Membership_v2.csv end_date,end_minus20_to_end,view rows,zero when denominator is zero,both NaN treated as match,23343,9041,14302,0.3873109711690871,1.0,0.17890302590453142,"USER_KEY=7a6960912bebe03c6e4c770eb1aa91329c3497f18f90cae56d6c8ddc1..., master=0.3846153846153846, candidate=0.4","USER_KEY=4ec765db76545c1d6dda9f421590bf9d02f584009f8d92100afeef459..., master=1.0, candidate=0.0","USER_KEY=01b16f9f7ff29b48b1ee0d1a89d1eb9662474e5eedb8c2d967ea43793..., master=0.5, candidate=0.0","USER_KEY=ce55ecaa87931f40db2fc448a88af43b50cbed84642851d11882544b1..., value=0.0 | USER_KEY=60881ae7798e9a1496e8e524b9291a6a4b0dab2f0e67a90772097ca82..., value=0.0 | USER_KEY=457120a6023152e0aa7fce1d5ad546126bda5506b30ed81f89d02462d..., value=0.0","USER_KEY=7a6960912bebe03c6e4c770eb1aa91329c3497f18f90cae56d6c8ddc1..., master=0.3846153846153846, candidate=0.4 | USER_KEY=4ec765db76545c1d6dda9f421590bf9d02f584009f8d92100afeef459..., master=1.0, candidate=0.0 | USER_KEY=01b16f9f7ff29b48b1ee0d1a89d1eb9662474e5eedb8c2d967ea43793..., master=0.5, candidate=0.0",False,False,,both_nan_match,,
watch_ratio_under_5m,watch_ratio_under_5m_end_minus20_to_end_watch_time_lt_5_over_rows,watch_time(min) < 5 / view rows,View_History_v2.csv; User_Mapping_v2.csv; Membership_v2.csv,USER_NUM; MOVIE_NUM; watch_time(min); watch_day; watch_seq; reg_date,USER_KEY,Membership_v2.csv end_date,end_minus20_to_end,view rows,zero when denominator is zero,both NaN treated as match,23343,8895,14448,0.3810564194833569,1.0,0.18213238667273945,"USER_KEY=7a6960912bebe03c6e4c770eb1aa91329c3497f18f90cae56d6c8ddc1..., master=0.3846153846153846, candidate=0.4","USER_KEY=4ec765db76545c1d6dda9f421590bf9d02f584009f8d92100afeef459..., master=1.0, candidate=0.0","USER_KEY=01b16f9f7ff29b48b1ee0d1a89d1eb9662474e5eedb8c2d967ea43793..., master=0.5, candidate=0.0","USER_KEY=ce55ecaa87931f40db2fc448a88af43b50cbed84642851d11882544b1..., value=0.0 | USER_KEY=60881ae7798e9a1496e8e524b9291a6a4b0dab2f0e67a90772097ca82..., value=0.0 | USER_KEY=457120a6023152e0aa7fce1d5ad546126bda5506b30ed81f89d02462d..., value=0.0","USER_KEY=7a6960912bebe03c6e4c770eb1aa91329c3497f18f90cae56d6c8ddc1..., master=0.3846153846153846, candidate=0.4 | USER_KEY=4ec765db76545c1d6dda9f421590bf9d02f584009f8d92100afeef459..., master=1.0, candidate=0.0 | USER_KEY=01b16f9f7ff29b48b1ee0d1a89d1eb9662474e5eedb8c2d967ea43793..., master=0.5, candidate=0.0",False,False,,both_nan_match,,
is_cold_start_3d,is_cold_start_3d_end_minus20_to_end_first_watch_rel_day_le_2,first watch relative day <= 2,View_History_v2.csv; User_Mapping_v2.csv; Membership_v2.csv,USER_NUM; MOVIE_NUM; watch_time(min); watch_day; watch_seq; reg_date,USER_KEY,Membership_v2.csv end_date,end_minus20_to_end,,,both NaN treated as match,23343,14402,8941,0.616972968341687,1.0,0.383027031658313,"USER_KEY=7a6960912bebe03c6e4c770eb1aa91329c3497f18f90cae56d6c8ddc1..., master=1.0, candidate=0","USER_KEY=985ed8305ba05d88f22ad4b4dc1b832af4eb66d39d9ff5cd21613bf6e..., master=1.0, candidate=0","USER_KEY=b034b4906fb719f737aeb897bc8cb7b2945f4e12e9d9c0d3c40562e67..., master=1.0, candidate=0","USER_KEY=4ec765db76545c1d6dda9f421590bf9d02f584009f8d92100afeef459..., value=0.0 | USER_KEY=01b16f9f7ff29b48b1ee0d1a89d1eb9662474e5eedb8c2d967ea43793..., value=0.0 | USER_KEY=534bc7b6b1ce05de6523f79872108d8dccc1dab38e2c1fb3c40e96913..., value=0.0","USER_KEY=7a6960912bebe03c6e4c770eb1aa91329c3497f18f90cae56d6c8ddc1..., master=1.0, candidate=0 | USER_KEY=985ed8305ba05d88f22ad4b4dc1b832af4eb66d39d9ff5cd21613bf6e..., master=1.0, candidate=0 | USER_KEY=b034b4906fb719f737aeb897bc8cb7b2945f4e12e9d9c0d3c40562e67..., master=1.0, candidate=0",False,False,,both_nan_match,,
is_cold_start_3d,is_cold_start_3d_end_minus20_to_end_first_watch_rel_day_le_3,first watch relative day <= 3,View_History_v2.csv; User_Mapping_v2.csv; Membership_v2.csv,USER_NUM; MOVIE_NUM; watch_time(min); watch_day; watch_seq; reg_date,USER_KEY,Membership_v2.csv end_date,end_minus20_to_end,,,both NaN treated as match,23343,14401,8942,0.6169301289465793,1.0,0.3830698710534207,"USER_KEY=7a6960912bebe03c6e4c770eb1aa91329c3497f18f90cae56d6c8ddc1..., master=1.0, candidate=0","USER_KEY=985ed8305ba05d88f22ad4b4dc1b832af4eb66d39d9ff5cd21613bf6e..., master=1.0, candidate=0","USER_KEY=b034b4906fb719f737aeb897bc8cb7b2945f4e12e9d9c0d3c40562e67..., master=1.0, candidate=0","USER_KEY=4ec765db76545c1d6dda9f421590bf9d02f584009f8d92100afeef459..., value=0.0 | USER_KEY=01b16f9f7ff29b48b1ee0d1a89d1eb9662474e5eedb8c2d967ea43793..., value=0.0 | USER_KEY=534bc7b6b1ce05de6523f79872108d8dccc1dab38e2c1fb3c40e96913..., value=0.0","USER_KEY=7a6960912bebe03c6e4c770eb1aa91329c3497f18f90cae56d6c8ddc1..., master=1.0, candidate=0 | USER_KEY=985ed8305ba05d88f22ad4b4dc1b832af4eb66d39d9ff5cd21613bf6e..., master=1.0, candidate=0 | USER_KEY=b034b4906fb719f737aeb897bc8cb7b2945f4e12e9d9c0d3c40562e67..., master=1.0, candidate=0",False,False,,both_nan_match,,
is_cold_start_7d,is_cold_start_7d_end_minus20_to_end_first_watch_rel_day_le_6,first watch relative day <= 6,View_History_v2.csv; User_Mapping_v2.csv; Membership_v2.csv,USER_NUM; MOVIE_NUM; watch_time(min); watch_day; watch_seq; reg_date,USER_KEY,Membership_v2.csv end_date,end_minus20_to_end,,,both NaN treated as match,23343,8589,14754,0.36794756458038813,1.0,0.6320524354196119,"USER_KEY=7a6960912bebe03c6e4c770eb1aa91329c3497f18f90cae56d6c8ddc1..., master=1.0, candidate=0","USER_KEY=4ec765db76545c1d6dda9f421590bf9d02f584009f8d92100afeef459..., master=1.0, candidate=0","USER_KEY=ce55ecaa87931f40db2fc448a88af43b50cbed84642851d11882544b1..., master=1.0, candidate=0","USER_KEY=01b16f9f7ff29b48b1ee0d1a89d1eb9662474e5eedb8c2d967ea43793..., value=0.0 | USER_KEY=534bc7b6b1ce05de6523f79872108d8dccc1dab38e2c1fb3c40e96913..., value=0.0 | USER_KEY=70da9913e0b9dd104fe781fd724bf1423f4cb4416f640e5d6820aa4cf..., value=0.0","USER_KEY=7a6960912bebe03c6e4c770eb1aa91329c3497f18f90cae56d6c8ddc1..., master=1.0, candidate=0 | USER_KEY=4ec765db76545c1d6dda9f421590bf9d02f584009f8d92100afeef459..., master=1.0, candidate=0 | USER_KEY=ce55ecaa87931f40db2fc448a88af43b50cbed84642851d11882544b1..., master=1.0, candidate=0",False,False,,both_nan_match,,
is_cold_start_7d,is_cold_start_7d_end_minus20_to_end_first_watch_rel_day_le_7,first watch relative day <= 7,View_History_v2.csv; User_Mapping_v2.csv; Membership_v2.csv,USER_NUM; MOVIE_NUM; watch_time(min); watch_day; watch_seq; reg_date,USER_KEY,Membership_v2.csv end_date,end_minus20_to_end,,,both NaN treated as match,23343,8587,14756,0.36786188579017265,1.0,0.6321381142098274,"USER_KEY=7a6960912bebe03c6e4c770eb1aa91329c3497f18f90cae56d6c8ddc1..., master=1.0, candidate=0","USER_KEY=4ec765db76545c1d6dda9f421590bf9d02f584009f8d92100afeef459..., master=1.0, candidate=0","USER_KEY=ce55ecaa87931f40db2fc448a88af43b50cbed84642851d11882544b1..., master=1.0, candidate=0","USER_KEY=01b16f9f7ff29b48b1ee0d1a89d1eb9662474e5eedb8c2d967ea43793..., value=0.0 | USER_KEY=534bc7b6b1ce05de6523f79872108d8dccc1dab38e2c1fb3c40e96913..., value=0.0 | USER_KEY=70da9913e0b9dd104fe781fd724bf1423f4cb4416f640e5d6820aa4cf..., value=0.0","USER_KEY=7a6960912bebe03c6e4c770eb1aa91329c3497f18f90cae56d6c8ddc1..., master=1.0, candidate=0 | USER_KEY=4ec765db76545c1d6dda9f421590bf9d02f584009f8d92100afeef459..., master=1.0, candidate=0 | USER_KEY=ce55ecaa87931f40db2fc448a88af43b50cbed84642851d11882544b1..., master=1.0, candidate=0",False,False,,both_nan_match,,
movie_per_active_day,movie_per_active_day_end_minus20_to_end_unique_movie_over_watch_days,distinct MOVIE_NUM / active watch days,View_History_v2.csv; User_Mapping_v2.csv; Membership_v2.csv,USER_NUM; MOVIE_NUM; watch_time(min); watch_day; watch_seq; reg_date,USER_KEY,Membership_v2.csv end_date,end_minus20_to_end,watch_days,zero when denominator is zero,both NaN treated as match,23343,6424,16919,0.27520027417212867,18.0,0.5859457621320735,"USER_KEY=7a6960912bebe03c6e4c770eb1aa91329c3497f18f90cae56d6c8ddc1..., master=1.1111111111111112, candidate=1.3333333333333333","USER_KEY=4ec765db76545c1d6dda9f421590bf9d02f584009f8d92100afeef459..., master=1.5, candidate=0.0","USER_KEY=01b16f9f7ff29b48b1ee0d1a89d1eb9662474e5eedb8c2d967ea43793..., master=2.0, candidate=0.0","USER_KEY=60881ae7798e9a1496e8e524b9291a6a4b0dab2f0e67a90772097ca82..., value=0.5 | USER_KEY=457120a6023152e0aa7fce1d5ad546126bda5506b30ed81f89d02462d..., value=1.5 | USER_KEY=3eb81658b0cd17c628dbf7cbed98b09aa66e0383866feb05c194f05f0..., value=1.0","USER_KEY=7a6960912bebe03c6e4c770eb1aa91329c3497f18f90cae56d6c8ddc1..., master=1.1111111111111112, candidate=1.3333333333333333 | USER_KEY=4ec765db76545c1d6dda9f421590bf9d02f584009f8d92100afeef459..., master=1.5, candidate=0.0 | USER_KEY=01b16f9f7ff29b48b1ee0d1a89d1eb9662474e5eedb8c2d967ea43793..., master=2.0, candidate=0.0",False,False,,both_nan_match,,
movie_per_active_day,movie_per_active_day_end_minus20_to_end_view_rows_over_watch_days,view rows / active watch days,View_History_v2.csv; User_Mapping_v2.csv; Membership_v2.csv,USER_NUM; MOVIE_NUM; watch_time(min); watch_day; watch_seq; reg_date,USER_KEY,Membership_v2.csv end_date,end_minus20_to_end,watch_days,zero when denominator is zero,both NaN treated as match,23343,4165,19178,0.1784260806237416,18.0,0.8999675947382028,"USER_KEY=7a6960912bebe03c6e4c770eb1aa91329c3497f18f90cae56d6c8ddc1..., master=1.1111111111111112, candidate=1.6666666666666667","USER_KEY=4ec765db76545c1d6dda9f421590bf9d02f584009f8d92100afeef459..., master=1.5, candidate=0.0","USER_KEY=01b16f9f7ff29b48b1ee0d1a89d1eb9662474e5eedb8c2d967ea43793..., master=2.0, candidate=0.0","USER_KEY=c1f7ae1eaebdd5cdd89f308c424154b2f900c4f758fb646f54670431d..., value=1.0 | USER_KEY=6d45315d362a00f79ee58e71c8f5f53221dd01b981637054835629029..., value=1.0 | USER_KEY=c887b4e54e444c560ee497cd46c3d16a1a3261c1748b4c3cc80cbd14f..., value=1.0","USER_KEY=7a6960912bebe03c6e4c770eb1aa91329c3497f18f90cae56d6c8ddc1..., master=1.1111111111111112, candidate=1.6666666666666667 | USER_KEY=4ec765db76545c1d6dda9f421590bf9d02f584009f8d92100afeef459..., master=1.5, candidate=0.0 | USER_KEY=01b16f9f7ff29b48b1ee0d1a89d1eb9662474e5eedb8c2d967ea43793..., master=2.0, candidate=0.0",False,False,,both_nan_match,,
max_day_share,max_day_share_end_minus20_to_end_max_daily_time_over_total_time,maximum daily watch_time / total watch_time,View_History_v2.csv; User_Mapping_v2.csv; Membership_v2.csv,USER_NUM; MOVIE_NUM; watch_time(min); watch_day; watch_seq; reg_date,USER_KEY,Membership_v2.csv end_date,end_minus20_to_end,total_watch_time,zero when denominator is zero,both NaN treated as match,23343,3360,19983,0.14394036756201004,1.0,0.3537247122979052,"USER_KEY=7a6960912bebe03c6e4c770eb1aa91329c3497f18f90cae56d6c8ddc1..., master=0.388030888030888, candidate=0.5945945945945946","USER_KEY=4ec765db76545c1d6dda9f421590bf9d02f584009f8d92100afeef459..., master=0.75, candidate=0.0","USER_KEY=01b16f9f7ff29b48b1ee0d1a89d1eb9662474e5eedb8c2d967ea43793..., master=1.0, candidate=0.0","USER_KEY=60881ae7798e9a1496e8e524b9291a6a4b0dab2f0e67a90772097ca82..., value=0.5882352941176471 | USER_KEY=457120a6023152e0aa7fce1d5ad546126bda5506b30ed81f89d02462d..., value=0.5527272727272727 | USER_KEY=6d45315d362a00f79ee58e71c8f5f53221dd01b981637054835629029..., value=1.0","USER_KEY=7a6960912bebe03c6e4c770eb1aa91329c3497f18f90cae56d6c8ddc1..., master=0.388030888030888, candidate=0.5945945945945946 | USER_KEY=4ec765db76545c1d6dda9f421590bf9d02f584009f8d92100afeef459..., master=0.75, candidate=0.0 | USER_KEY=01b16f9f7ff29b48b1ee0d1a89d1eb9662474e5eedb8c2d967ea43793..., master=1.0, candidate=0.0",False,False,,both_nan_match,,
max_day_share,max_day_share_end_minus20_to_end_max_daily_sessions_over_total_sessions,maximum daily sessions / total sessions,View_History_v2.csv; User_Mapping_v2.csv; Membership_v2.csv,USER_NUM; MOVIE_NUM; watch_time(min); watch_day; watch_seq; reg_date,USER_KEY,Membership_v2.csv end_date,end_minus20_to_end,total_watch_count,zero when denominator is zero,both NaN treated as match,23343,1992,21351,0.08533607505462022,1.0,0.3529078184400572,"USER_KEY=7a6960912bebe03c6e4c770eb1aa91329c3497f18f90cae56d6c8ddc1..., master=0.388030888030888, candidate=0.4","USER_KEY=4ec765db76545c1d6dda9f421590bf9d02f584009f8d92100afeef459..., master=0.75, candidate=0.0","USER_KEY=01b16f9f7ff29b48b1ee0d1a89d1eb9662474e5eedb8c2d967ea43793..., master=1.0, candidate=0.0","USER_KEY=6d45315d362a00f79ee58e71c8f5f53221dd01b981637054835629029..., value=1.0 | USER_KEY=d024c4c0cfe51211cd9ba4f100cc0814487f24922a52ad46bd3d607b9..., value=1.0 | USER_KEY=0c5a1d530e0dd25f2911bb80a5872cf08379b9303959f2994215fe78f..., value=1.0","USER_KEY=7a6960912bebe03c6e4c770eb1aa91329c3497f18f90cae56d6c8ddc1..., master=0.388030888030888, candidate=0.4 | USER_KEY=4ec765db76545c1d6dda9f421590bf9d02f584009f8d92100afeef459..., master=0.75, candidate=0.0 | USER_KEY=01b16f9f7ff29b48b1ee0d1a89d1eb9662474e5eedb8c2d967ea43793..., master=1.0, candidate=0.0",False,False,,both_nan_match,,
day_count_over_3times,day_count_over_3times_end_minus20_to_end_daily_sessions_gt_3_count,number of days with more than 3 view rows,View_History_v2.csv; User_Mapping_v2.csv; Membership_v2.csv,USER_NUM; MOVIE_NUM; watch_time(min); watch_day; watch_seq; reg_date,USER_KEY,Membership_v2.csv end_date,end_minus20_to_end,,,both NaN treated as match,23343,14311,9032,0.6130745833868826,10.0,0.5611960759114081,"USER_KEY=534bc7b6b1ce05de6523f79872108d8dccc1dab38e2c1fb3c40e96913..., master=0.0, candidate=1.0","USER_KEY=70da9913e0b9dd104fe781fd724bf1423f4cb4416f640e5d6820aa4cf..., master=0.0, candidate=2.0","USER_KEY=2c9e3f9186e5dcd624c026c3a72b3070a03822476c6d1cda79011eef7..., master=2.0, candidate=0.0","USER_KEY=7a6960912bebe03c6e4c770eb1aa91329c3497f18f90cae56d6c8ddc1..., value=0.0 | USER_KEY=4ec765db76545c1d6dda9f421590bf9d02f584009f8d92100afeef459..., value=0.0 | USER_KEY=01b16f9f7ff29b48b1ee0d1a89d1eb9662474e5eedb8c2d967ea43793..., value=0.0","USER_KEY=534bc7b6b1ce05de6523f79872108d8dccc1dab38e2c1fb3c40e96913..., master=0.0, candidate=1.0 | USER_KEY=70da9913e0b9dd104fe781fd724bf1423f4cb4416f640e5d6820aa4cf..., master=0.0, candidate=2.0 | USER_KEY=2c9e3f9186e5dcd624c026c3a72b3070a03822476c6d1cda79011eef7..., master=2.0, candidate=0.0",False,False,,both_nan_match,,
day_count_over_3times,day_count_over_3times_end_minus20_to_end_daily_sessions_ge_3_count,number of days with at least 3 view rows,View_History_v2.csv; User_Mapping_v2.csv; Membership_v2.csv,USER_NUM; MOVIE_NUM; watch_time(min); watch_day; watch_seq; reg_date,USER_KEY,Membership_v2.csv end_date,end_minus20_to_end,,,both NaN treated as match,23343,16036,7307,0.6869725399477359,10.0,0.4223535963672193,"USER_KEY=534bc7b6b1ce05de6523f79872108d8dccc1dab38e2c1fb3c40e96913..., master=0.0, candidate=1.0","USER_KEY=70da9913e0b9dd104fe781fd724bf1423f4cb4416f640e5d6820aa4cf..., master=0.0, candidate=3.0","USER_KEY=985ed8305ba05d88f22ad4b4dc1b832af4eb66d39d9ff5cd21613bf6e..., master=2.0, candidate=3.0","USER_KEY=7a6960912bebe03c6e4c770eb1aa91329c3497f18f90cae56d6c8ddc1..., value=0.0 | USER_KEY=4ec765db76545c1d6dda9f421590bf9d02f584009f8d92100afeef459..., value=0.0 | USER_KEY=01b16f9f7ff29b48b1ee0d1a89d1eb9662474e5eedb8c2d967ea43793..., value=0.0","USER_KEY=534bc7b6b1ce05de6523f79872108d8dccc1dab38e2c1fb3c40e96913..., master=0.0, candidate=1.0 | USER_KEY=70da9913e0b9dd104fe781fd724bf1423f4cb4416f640e5d6820aa4cf..., master=0.0, candidate=3.0 | USER_KEY=985ed8305ba05d88f22ad4b4dc1b832af4eb66d39d9ff5cd21613bf6e..., master=2.0, candidate=3.0",False,False,,both_nan_match,,
active_ratio,active_ratio_end_minus20_to_end_watch_days_over_21,watch_days / 21,View_History_v2.csv; User_Mapping_v2.csv; Membership_v2.csv,USER_NUM; MOVIE_NUM; watch_time(min); watch_day; watch_seq; reg_date,USER_KEY,Membership_v2.csv end_date,end_minus20_to_end,21,zero when denominator is zero,both NaN treated as match,23343,4186,19157,0.17932570792100416,0.5238095238095238,0.0882246742675993,"USER_KEY=7a6960912bebe03c6e4c770eb1aa91329c3497f18f90cae56d6c8ddc1..., master=0.4285714285714285, candidate=0.14285714285714285","USER_KEY=4ec765db76545c1d6dda9f421590bf9d02f584009f8d92100afeef459..., master=0.0952380952380952, candidate=0.0","USER_KEY=01b16f9f7ff29b48b1ee0d1a89d1eb9662474e5eedb8c2d967ea43793..., master=0.0476190476190476, candidate=0.0","USER_KEY=60881ae7798e9a1496e8e524b9291a6a4b0dab2f0e67a90772097ca82..., value=0.0952380952380952 | USER_KEY=457120a6023152e0aa7fce1d5ad546126bda5506b30ed81f89d02462d..., value=0.0952380952380952 | USER_KEY=6ed11f433b70f3cb9f774c989bb71d93d7eaf56490c7f0135def99995..., value=0.1428571428571428","USER_KEY=7a6960912bebe03c6e4c770eb1aa91329c3497f18f90cae56d6c8ddc1..., master=0.4285714285714285, candidate=0.14285714285714285 | USER_KEY=4ec765db76545c1d6dda9f421590bf9d02f584009f8d92100afeef459..., master=0.0952380952380952, candidate=0.0 | USER_KEY=01b16f9f7ff29b48b1ee0d1a89d1eb9662474e5eedb8c2d967ea43793..., master=0.0476190476190476, candidate=0.0",False,False,,both_nan_match,,
active_ratio,active_ratio_end_minus20_to_end_watch_days_over_20,watch_days / 20,View_History_v2.csv; User_Mapping_v2.csv; Membership_v2.csv,USER_NUM; MOVIE_NUM; watch_time(min); watch_day; watch_seq; reg_date,USER_KEY,Membership_v2.csv end_date,end_minus20_to_end,20,zero when denominator is zero,both NaN treated as match,23343,80,23263,0.0034271516086192863,0.5214285714285714,0.08657505156027194,"USER_KEY=7a6960912bebe03c6e4c770eb1aa91329c3497f18f90cae56d6c8ddc1..., master=0.4285714285714285, candidate=0.15","USER_KEY=4ec765db76545c1d6dda9f421590bf9d02f584009f8d92100afeef459..., master=0.0952380952380952, candidate=0.0","USER_KEY=01b16f9f7ff29b48b1ee0d1a89d1eb9662474e5eedb8c2d967ea43793..., master=0.0476190476190476, candidate=0.0","USER_KEY=1aa63129628d64f3c8aabb427b62e6f9e11bafef6d0d4b547e8784768..., value=0.0 | USER_KEY=0d4669edec6028b0488d28a891ad15c35a38bc4404d282812c08b4701..., value=0.0 | USER_KEY=b8cbe0494fde6de4dce0be00cc9bb96cbb2bf6ed618e1538dda92755c..., value=0.0","USER_KEY=7a6960912bebe03c6e4c770eb1aa91329c3497f18f90cae56d6c8ddc1..., master=0.4285714285714285, candidate=0.15 | USER_KEY=4ec765db76545c1d6dda9f421590bf9d02f584009f8d92100afeef459..., master=0.0952380952380952, candidate=0.0 | USER_KEY=01b16f9f7ff29b48b1ee0d1a89d1eb9662474e5eedb8c2d967ea43793..., master=0.0476190476190476, candidate=0.0",False,False,,both_nan_match,,
active_ratio,active_ratio_end_minus20_to_end_watch_days_over_21,watch_days / 21,View_History_v2.csv; User_Mapping_v2.csv; Membership_v2.csv,USER_NUM; MOVIE_NUM; watch_time(min); watch_day; watch_seq; reg_date,USER_KEY,Membership_v2.csv end_date,end_minus20_to_end,21,zero when denominator is zero,both NaN treated as match,23343,4186,19157,0.17932570792100416,0.5238095238095238,0.0882246742675993,"USER_KEY=7a6960912bebe03c6e4c770eb1aa91329c3497f18f90cae56d6c8ddc1..., master=0.4285714285714285, candidate=0.14285714285714285","USER_KEY=4ec765db76545c1d6dda9f421590bf9d02f584009f8d92100afeef459..., master=0.0952380952380952, candidate=0.0","USER_KEY=01b16f9f7ff29b48b1ee0d1a89d1eb9662474e5eedb8c2d967ea43793..., master=0.0476190476190476, candidate=0.0","USER_KEY=60881ae7798e9a1496e8e524b9291a6a4b0dab2f0e67a90772097ca82..., value=0.0952380952380952 | USER_KEY=457120a6023152e0aa7fce1d5ad546126bda5506b30ed81f89d02462d..., value=0.0952380952380952 | USER_KEY=6ed11f433b70f3cb9f774c989bb71d93d7eaf56490c7f0135def99995..., value=0.1428571428571428","USER_KEY=7a6960912bebe03c6e4c770eb1aa91329c3497f18f90cae56d6c8ddc1..., master=0.4285714285714285, candidate=0.14285714285714285 | USER_KEY=4ec765db76545c1d6dda9f421590bf9d02f584009f8d92100afeef459..., master=0.0952380952380952, candidate=0.0 | USER_KEY=01b16f9f7ff29b48b1ee0d1a89d1eb9662474e5eedb8c2d967ea43793..., master=0.0476190476190476, candidate=0.0",False,False,,both_nan_match,,
active_ratio,active_ratio_end_minus20_to_end_watch_days_over_31,watch_days / 31,View_History_v2.csv; User_Mapping_v2.csv; Membership_v2.csv,USER_NUM; MOVIE_NUM; watch_time(min); watch_day; watch_seq; reg_date,USER_KEY,Membership_v2.csv end_date,end_minus20_to_end,31,zero when denominator is zero,both NaN treated as match,23343,80,23263,0.0034271516086192863,0.6298003072196621,0.11110077964408815,"USER_KEY=7a6960912bebe03c6e4c770eb1aa91329c3497f18f90cae56d6c8ddc1..., master=0.4285714285714285, candidate=0.0967741935483871","USER_KEY=4ec765db76545c1d6dda9f421590bf9d02f584009f8d92100afeef459..., master=0.0952380952380952, candidate=0.0","USER_KEY=01b16f9f7ff29b48b1ee0d1a89d1eb9662474e5eedb8c2d967ea43793..., master=0.0476190476190476, candidate=0.0","USER_KEY=1aa63129628d64f3c8aabb427b62e6f9e11bafef6d0d4b547e8784768..., value=0.0 | USER_KEY=0d4669edec6028b0488d28a891ad15c35a38bc4404d282812c08b4701..., value=0.0 | USER_KEY=b8cbe0494fde6de4dce0be00cc9bb96cbb2bf6ed618e1538dda92755c..., value=0.0","USER_KEY=7a6960912bebe03c6e4c770eb1aa91329c3497f18f90cae56d6c8ddc1..., master=0.4285714285714285, candidate=0.0967741935483871 | USER_KEY=4ec765db76545c1d6dda9f421590bf9d02f584009f8d92100afeef459..., master=0.0952380952380952, candidate=0.0 | USER_KEY=01b16f9f7ff29b48b1ee0d1a89d1eb9662474e5eedb8c2d967ea43793..., master=0.0476190476190476, candidate=0.0",False,False,,both_nan_match,,
watch_per_day,watch_per_day_end_minus20_to_end_view_rows_over_21,total_watch_count / 21,View_History_v2.csv; User_Mapping_v2.csv; Membership_v2.csv,USER_NUM; MOVIE_NUM; watch_time(min); watch_day; watch_seq; reg_date,USER_KEY,Membership_v2.csv end_date,end_minus20_to_end,21,zero when denominator is zero,both NaN treated as match,23343,80,23263,0.0034271516086192863,17.142857142857142,1.5746710239854063,"USER_KEY=7a6960912bebe03c6e4c770eb1aa91329c3497f18f90cae56d6c8ddc1..., master=1.4444444444444444, candidate=0.23809523809523808","USER_KEY=4ec765db76545c1d6dda9f421590bf9d02f584009f8d92100afeef459..., master=1.5, candidate=0.0","USER_KEY=01b16f9f7ff29b48b1ee0d1a89d1eb9662474e5eedb8c2d967ea43793..., master=2.0, candidate=0.0","USER_KEY=1aa63129628d64f3c8aabb427b62e6f9e11bafef6d0d4b547e8784768..., value=0.0 | USER_KEY=0d4669edec6028b0488d28a891ad15c35a38bc4404d282812c08b4701..., value=0.0 | USER_KEY=b8cbe0494fde6de4dce0be00cc9bb96cbb2bf6ed618e1538dda92755c..., value=0.0","USER_KEY=7a6960912bebe03c6e4c770eb1aa91329c3497f18f90cae56d6c8ddc1..., master=1.4444444444444444, candidate=0.23809523809523808 | USER_KEY=4ec765db76545c1d6dda9f421590bf9d02f584009f8d92100afeef459..., master=1.5, candidate=0.0 | USER_KEY=01b16f9f7ff29b48b1ee0d1a89d1eb9662474e5eedb8c2d967ea43793..., master=2.0, candidate=0.0",False,False,,both_nan_match,,
watch_per_day,watch_per_day_end_minus20_to_end_view_rows_over_20,total_watch_count / 20,View_History_v2.csv; User_Mapping_v2.csv; Membership_v2.csv,USER_NUM; MOVIE_NUM; watch_time(min); watch_day; watch_seq; reg_date,USER_KEY,Membership_v2.csv end_date,end_minus20_to_end,20,zero when denominator is zero,both NaN treated as match,23343,81,23262,0.0034699910037270273,17.1,1.56670136651697,"USER_KEY=7a6960912bebe03c6e4c770eb1aa91329c3497f18f90cae56d6c8ddc1..., master=1.4444444444444444, candidate=0.25","USER_KEY=4ec765db76545c1d6dda9f421590bf9d02f584009f8d92100afeef459..., master=1.5, candidate=0.0","USER_KEY=01b16f9f7ff29b48b1ee0d1a89d1eb9662474e5eedb8c2d967ea43793..., master=2.0, candidate=0.0","USER_KEY=1aa63129628d64f3c8aabb427b62e6f9e11bafef6d0d4b547e8784768..., value=0.0 | USER_KEY=9917b60f8b7d7d2d5e6e00b39442cb8144e32985a312802baccfba62e..., value=1.0 | USER_KEY=0d4669edec6028b0488d28a891ad15c35a38bc4404d282812c08b4701..., value=0.0","USER_KEY=7a6960912bebe03c6e4c770eb1aa91329c3497f18f90cae56d6c8ddc1..., master=1.4444444444444444, candidate=0.25 | USER_KEY=4ec765db76545c1d6dda9f421590bf9d02f584009f8d92100afeef459..., master=1.5, candidate=0.0 | USER_KEY=01b16f9f7ff29b48b1ee0d1a89d1eb9662474e5eedb8c2d967ea43793..., master=2.0, candidate=0.0",False,False,,both_nan_match,,
watch_per_day,watch_per_day_end_minus20_to_end_view_rows_over_21,total_watch_count / 21,View_History_v2.csv; User_Mapping_v2.csv; Membership_v2.csv,USER_NUM; MOVIE_NUM; watch_time(min); watch_day; watch_seq; reg_date,USER_KEY,Membership_v2.csv end_date,end_minus20_to_end,21,zero when denominator is zero,both NaN treated as match,23343,80,23263,0.0034271516086192863,17.142857142857142,1.5746710239854063,"USER_KEY=7a6960912bebe03c6e4c770eb1aa91329c3497f18f90cae56d6c8ddc1..., master=1.4444444444444444, candidate=0.23809523809523808","USER_KEY=4ec765db76545c1d6dda9f421590bf9d02f584009f8d92100afeef459..., master=1.5, candidate=0.0","USER_KEY=01b16f9f7ff29b48b1ee0d1a89d1eb9662474e5eedb8c2d967ea43793..., master=2.0, candidate=0.0","USER_KEY=1aa63129628d64f3c8aabb427b62e6f9e11bafef6d0d4b547e8784768..., value=0.0 | USER_KEY=0d4669edec6028b0488d28a891ad15c35a38bc4404d282812c08b4701..., value=0.0 | USER_KEY=b8cbe0494fde6de4dce0be00cc9bb96cbb2bf6ed618e1538dda92755c..., value=0.0","USER_KEY=7a6960912bebe03c6e4c770eb1aa91329c3497f18f90cae56d6c8ddc1..., master=1.4444444444444444, candidate=0.23809523809523808 | USER_KEY=4ec765db76545c1d6dda9f421590bf9d02f584009f8d92100afeef459..., master=1.5, candidate=0.0 | USER_KEY=01b16f9f7ff29b48b1ee0d1a89d1eb9662474e5eedb8c2d967ea43793..., master=2.0, candidate=0.0",False,False,,both_nan_match,,
watch_per_day,watch_per_day_end_minus20_to_end_view_rows_over_31,total_watch_count / 31,View_History_v2.csv; User_Mapping_v2.csv; Membership_v2.csv,USER_NUM; MOVIE_NUM; watch_time(min); watch_day; watch_seq; reg_date,USER_KEY,Membership_v2.csv end_date,end_minus20_to_end,31,zero when denominator is zero,both NaN treated as match,23343,80,23263,0.0034271516086192863,17.419354838709676,1.6261158072624857,"USER_KEY=7a6960912bebe03c6e4c770eb1aa91329c3497f18f90cae56d6c8ddc1..., master=1.4444444444444444, candidate=0.16129032258064516","USER_KEY=4ec765db76545c1d6dda9f421590bf9d02f584009f8d92100afeef459..., master=1.5, candidate=0.0","USER_KEY=01b16f9f7ff29b48b1ee0d1a89d1eb9662474e5eedb8c2d967ea43793..., master=2.0, candidate=0.0","USER_KEY=1aa63129628d64f3c8aabb427b62e6f9e11bafef6d0d4b547e8784768..., value=0.0 | USER_KEY=0d4669edec6028b0488d28a891ad15c35a38bc4404d282812c08b4701..., value=0.0 | USER_KEY=b8cbe0494fde6de4dce0be00cc9bb96cbb2bf6ed618e1538dda92755c..., value=0.0","USER_KEY=7a6960912bebe03c6e4c770eb1aa91329c3497f18f90cae56d6c8ddc1..., master=1.4444444444444444, candidate=0.16129032258064516 | USER_KEY=4ec765db76545c1d6dda9f421590bf9d02f584009f8d92100afeef459..., master=1.5, candidate=0.0 | USER_KEY=01b16f9f7ff29b48b1ee0d1a89d1eb9662474e5eedb8c2d967ea43793..., master=2.0, candidate=0.0",False,False,,both_nan_match,,
watch_per_day,watch_per_day_end_minus20_to_end_view_rows_over_active_days,total_watch_count / watch_days,View_History_v2.csv; User_Mapping_v2.csv; Membership_v2.csv,USER_NUM; MOVIE_NUM; watch_time(min); watch_day; watch_seq; reg_date,USER_KEY,Membership_v2.csv end_date,end_minus20_to_end,watch_days,zero when denominator is zero,both NaN treated as match,23343,6022,17321,0.25797883733881677,17.666666666666668,0.7790026200050887,"USER_KEY=7a6960912bebe03c6e4c770eb1aa91329c3497f18f90cae56d6c8ddc1..., master=1.4444444444444444, candidate=1.6666666666666667","USER_KEY=4ec765db76545c1d6dda9f421590bf9d02f584009f8d92100afeef459..., master=1.5, candidate=0.0","USER_KEY=01b16f9f7ff29b48b1ee0d1a89d1eb9662474e5eedb8c2d967ea43793..., master=2.0, candidate=0.0","USER_KEY=60881ae7798e9a1496e8e524b9291a6a4b0dab2f0e67a90772097ca82..., value=2.0 | USER_KEY=457120a6023152e0aa7fce1d5ad546126bda5506b30ed81f89d02462d..., value=2.0 | USER_KEY=b034b4906fb719f737aeb897bc8cb7b2945f4e12e9d9c0d3c40562e67..., value=1.0","USER_KEY=7a6960912bebe03c6e4c770eb1aa91329c3497f18f90cae56d6c8ddc1..., master=1.4444444444444444, candidate=1.6666666666666667 | USER_KEY=4ec765db76545c1d6dda9f421590bf9d02f584009f8d92100afeef459..., master=1.5, candidate=0.0 | USER_KEY=01b16f9f7ff29b48b1ee0d1a89d1eb9662474e5eedb8c2d967ea43793..., master=2.0, candidate=0.0",False,False,,both_nan_match,,
