MOVIE_NUM,movie_title,ott_release_month,genre
3,그링고,202003,Comedy
5,국도극장,202005,Drama
5,국도극장,202005,Drama
6,맨인블랙2,201205,SF/Fantasy
9,손오공:색즉시공,201901,SF/Fantasy
11,앵그리버드더무비,201606,Animation/Family
11,앵그리버드더무비,201606,Animation/Family
12,백조공주:왕실결혼식,202008,Animation/Family
14,크레이지리치아시안,201811,Comedy
16,벌룬,202001,Drama
18,프리댄스,202001,Romance
22,철권:블러드벤젠스,201309,Animation/Family
23,연애의목적,201906,Romance
24,블랙클랜스맨,201811,Comedy
27,마법에걸린사랑,201202,Romance
31,전설의파이터,202006,Action/Adventure
33,영화로운나날,202001,SF/Fantasy
37,슈퍼에이트,201112,SF/Fantasy
39,얼굴없는보스:못다한이야기[감독판],202005,Thriller/Crime
40,그대이름은장미,201901,Comedy
42,천장지구(1990),201610,Action/Adventure
43,그남자그여자,201901,Drama
55,당갈,201901,Drama
57,디센던트,201505,Comedy
62,그렇게아버지가된다,201402,Animation/Family
66,무비43,202004,Comedy
73,한나,201111,Action/Adventure
73,한나,201111,Action/Adventure
76,엘리자베스(1998),201506,Historical/War
77,아메리칸허슬,201611,Thriller/Crime
84,애프터라이프,202009,Thriller/Crime
86,"동거,동락",201805,Romance
87,사랑에빠진여자,201703,Romance
91,사랑이눈뜰때,202009,Romance
93,데드돈다이,201908,Horror
94,상흔,201901,Animation/Family
97,백투더퓨쳐3,201506,SF/Fantasy
99,북두의신,202102,Action/Adventure
103,취화선(2002),202011,Historical/War
104,U311,202012,Historical/War
105,미드나잇선(2018),201807,Romance
114,레고배트맨:더무비(2013),201504,Animation/Family
116,미니언즈,201701,Animation/Family
116,미니언즈,201701,Animation/Family
120,로그시티,202102,Thriller/Crime
121,블러드샷,202005,SF/Fantasy
128,"지금,만나러갑니다",201304,Romance
128,"지금,만나러갑니다",201304,Romance
129,더로드(2009),202002,Documentary
129,더로드(2009),202002,Documentary
129,더로드(2009),202002,Documentary
130,어쌔신:더비기닝,201712,Action/Adventure
133,1987,201802,Drama
135,에일리언어브덕션(2014),201804,Horror
139,스파이브릿지,201602,Drama
141,액슬,201811,Action/Adventure
147,아이.티.,202003,Thriller/Crime
148,러시:더라이벌,201612,Drama
150,복수(1970),201504,Horror
151,나홀로집에,201511,Other
152,금발이너무해2(2003),201908,Comedy
154,각설탕,201904,Drama
160,도망친여자,202010,Drama
161,우리들,201701,Comedy
164,관종,201803,Thriller/Crime
165,우리집멍멍이진진과아키다,202003,Animation/Family
166,리젠드,202006,Drama
169,궁합,201803,Historical/War
172,파인더스키퍼스,201912,Documentary
176,서울역,201609,Animation/Family
177,찌라시:위험한소문,201403,Thriller/Crime
180,0.0mhz,201906,Horror
181,컨뎀드(2007),202003,Action/Adventure
190,저산너머,202006,Drama
191,멋진인생,201307,Other
192,올더머니,201803,Thriller/Crime
197,귀경출사,201709,Thriller/Crime
198,드럼라인,201905,Romance
203,7년:그들이없는언론,201702,Documentary
205,우먼인할리우드,201911,Documentary
210,청춘연애,201705,Romance
216,홈프론트-하드액션,202001,Thriller/Crime
218,캠퍼스레전드(1998),202003,Horror
220,오르가즘다이어리:브릴리언트러브,201312,Romance
221,아자미의모든것,202012,Romance
225,셜록홈즈:그림자게임,201504,Thriller/Crime
232,제멋대로떨고있어,202001,Romance
237,어바웃타임,201612,Romance
239,9월의사랑과만날때까지,201909,SF/Fantasy
243,해피피트2,201504,Animation/Family
243,해피피트2,201504,Animation/Family
251,선물,201310,SF/Fantasy
251,선물,201310,SF/Fantasy
255,매직마이크,201612,Comedy
260,사라진시간(2019)[별도편성][예고편],202102,Thriller/Crime
262,레이니데이인뉴욕,202005,Romance
264,잉글리쉬페이션트,201403,Historical/War
265,더뉴로맨틱,201901,Comedy
269,독고리와인드(2018)[상],201810,Drama
272,리노,201903,Animation/Family
275,콩:스컬아일랜드,201704,SF/Fantasy
276,스틸라이프,202003,Drama
280,트립투하코네,201810,Drama
281,버니드롭(2011),202012,Comedy
282,북오브헨리,201805,Drama
285,프라이빗워,202006,Historical/War
289,작전명덩케르크,201808,Historical/War
290,홈프론트-가족을지켜라,201910,Drama
295,비행,202004,Animation/Family
296,천년여우구미호,202012,Romance
300,우리는같은꿈을꾼다,201712,Drama
301,인투더와일드(2007),201910,Action/Adventure
303,연가시,201906,Horror
305,언디스퓨티드:1대100의혈투,201912,Action/Adventure
309,호날두:세상은그의발아래에,201611,Documentary
313,살인의뢰,201701,Thriller/Crime
313,살인의뢰,201701,Thriller/Crime
316,소녀검객아즈미대혈전(2003),201905,Action/Adventure
324,나를찾아줘,201504,Thriller/Crime
324,나를찾아줘,201504,Thriller/Crime
325,엄마의레시피,201806,Drama
326,버레스크,201411,Romance
331,레이디수잔,201612,Romance
333,세상의끝에서커피한잔,201511,Drama
339,밤의해변에서혼자,201704,Drama
341,김복동,201909,Documentary
344,용의자X,201906,Thriller/Crime
345,담쟁이,202011,Animation/Family
349,댄싱퀸,201906,Comedy
350,스톰둠스데이,201410,SF/Fantasy
356,아파트(2006),201807,Animation/Family
362,레고닌자고무비,201710,Animation/Family
362,레고닌자고무비,201710,Animation/Family
364,마파도,201305,Comedy
375,라따뚜이,201405,Animation/Family
375,라따뚜이,201405,Animation/Family
377,이다,202103,Drama
383,12피트,201811,Thriller/Crime
385,체게바라:1부아르헨티나,201906,Historical/War
387,미스터캣,201612,Comedy
388,"소년,소녀를만나다(2016)",201905,Drama
388,"소년,소녀를만나다(2016)",201905,Drama
397,오션월드[2D],201403,Documentary
403,사탄의인형2,201506,Horror
411,더허니문,202102,Horror
417,헤어드레서,201210,Comedy
418,히트맨2017,201708,Thriller/Crime
420,허리케인하이스트,201804,Thriller/Crime
425,아이엠히어,201611,Comedy
426,폴리스스토리2-구룡의눈,202004,Thriller/Crime
428,서유기2:선리기연,201205,Comedy
429,나랏말싸미,201908,Historical/War
431,식스센스,201703,Horror
434,퀵,201205,Comedy
440,애피소드,201507,Romance
443,용형호제2(1991),201807,Thriller/Crime
445,선물(2019),201910,SF/Fantasy
445,선물(2019),201910,SF/Fantasy
446,정글(2018),201806,Drama
446,정글(2018),201806,Drama
446,정글(2018),201806,Drama
447,마피아Inc,202103,Thriller/Crime
448,튤립피버,201801,Romance
452,모탈어페어,201706,Thriller/Crime
453,아틀란틱림,201410,SF/Fantasy
454,라스트솔져스:최후의결전,201810,Historical/War
458,아이,202103,Action/Adventure
462,페르디난드,201802,Action/Adventure
462,페르디난드,201802,Action/Adventure
465,스머프:비밀의숲,201706,Animation/Family
465,스머프:비밀의숲,201706,Animation/Family
466,이스턴프라미스[리마스터링],201605,Thriller/Crime
468,바람[감독판],202011,Drama
469,할힌골전투:일본군최후의날,202010,Historical/War
472,천재강아지미스터피바디,201511,Animation/Family
473,순수의시대(2014),201503,Historical/War
473,순수의시대(2014),201503,Historical/War
475,도굴꾼,202101,SF/Fantasy
478,종횡사해(1991),202004,Thriller/Crime
479,데드풀2:순한맛,201901,Action/Adventure
482,뉴뮤턴트,202011,Horror
490,아메리카뮤직&와일드,201905,Documentary
505,원브레스,202005,Other
511,강철비,201801,Drama
516,워킹데드나잇,201808,Horror
517,역린,201405,Historical/War
520,런던해즈폴른,201701,Thriller/Crime
522,리벤지라이드,202007,Thriller/Crime
525,토네이도걸,201904,Comedy
530,엑스우먼,201702,SF/Fantasy
534,대니쉬걸,201603,Drama
536,굿모닝프레지던트,201904,Comedy
544,일론머스크:리얼아이언맨,202102,Documentary
549,유괴(2017),201809,Drama
552,국가대표,201907,Comedy
554,루시드드림,201703,SF/Fantasy
556,마이에그보이,201805,Romance
559,배트맨대슈퍼맨:저스티스의시작,201801,SF/Fantasy
561,나를찾아줘(2019),201912,Thriller/Crime
561,나를찾아줘(2019),201912,Thriller/Crime
564,오만과편견(2005),201701,Romance
565,조선명탐정:사라진놉의딸,201504,Historical/War
568,유로파리포트,201612,SF/Fantasy
570,피도눈물도없이,201303,Drama
572,프리스테이트,201802,Historical/War
574,내가살인범이다,201301,Action/Adventure
575,플래툰,201801,Historical/War
578,그날의분위기,201602,Romance
579,담보,202010,Drama
581,스타워즈2:클론의습격,201701,SF/Fantasy
594,홀로코스트,201507,Historical/War
594,홀로코스트,201507,Historical/War
596,사도,201511,Drama
597,메이즈러너:데스큐어,201802,SF/Fantasy
598,알카트라즈:죽음의수용소,201911,Thriller/Crime
608,너와100번째사랑,201706,Romance
611,호라이즌라인,202102,Thriller/Crime
612,더바버:사라진연쇄살인마,202101,Thriller/Crime
613,메모리즈[단편],201910,SF/Fantasy
614,딥워터,202007,Drama
616,산의톰씨,201802,Drama
617,레이싱:더라이벌,201902,Drama
622,금의위:비검수춘도,202001,Romance
624,깡치2,202006,Comedy
638,철벽선생,201903,Romance
642,에브리데이(2018),201810,Romance
652,프록시마프로젝트,202011,Drama
653,쿵푸요가,201704,Action/Adventure
655,좋은친구들(2014),201407,Other
656,10년,201912,Comedy
662,지상최대의작전,201312,Drama
665,어메이징메리,201711,Drama
677,<소울>나의이웃[별도편성],202103,Comedy
680,페인앤글로리,202002,Drama
684,파워레인져스:더비기닝,201706,SF/Fantasy
688,남산의부장들,202002,Drama
689,로켓맨,201907,SF/Fantasy
691,킹아더:원탁의기사,201811,Action/Adventure
697,헝거게임:캣칭파이어,201403,SF/Fantasy
699,인디펜던스데이[리마스터링],201605,SF/Fantasy
700,젠틀맨,202003,Thriller/Crime
700,젠틀맨,202003,Thriller/Crime
700,젠틀맨,202003,Thriller/Crime
703,라스트미션(2019),201904,Drama
711,7년만의외출,201307,Comedy
719,네무덤에침을뱉어라4,201911,SF/Fantasy
722,가버나움,201902,Drama
727,로닌(1998),201806,SF/Fantasy
734,캡틴아메리카2:윈터솔져,201704,SF/Fantasy
735,다이너소어,200802,Animation/Family
736,원더,201802,Animation/Family
745,나쁜녀석들2,201111,Action/Adventure
746,테라포마스,201804,Horror
753,수영장으로간남자들,201908,Comedy
755,침묵의목격자,201406,Thriller/Crime
756,킹페타르:세계대전의서막,201909,Historical/War
757,국군29초영화제수상작[군인부],201506,Documentary
758,파라노말액티비티,201412,Horror
761,퀼,202003,Drama
768,협도연맹:도둑들의전쟁,201811,Action/Adventure
777,미술관옆동물원(1998),201605,Romance
779,울트라바이올렛(2006),202004,SF/Fantasy
781,빛과철,202103,Drama
784,콘스탄트가드너(2005),201805,Drama
786,코요테어글리(2000),201801,Comedy
796,엘프:사탄의인형,201907,Horror
800,니말을믿으라는거야?,201603,Drama
805,하모니(2009),201904,Drama
815,미스비헤이비어,202006,Drama
816,벤허(1959),201504,Drama
816,벤허(1959),201504,Drama
818,피라냐3DD(2012),202004,Horror
820,성항기병,201909,Thriller/Crime
825,신과함께:죄와벌[가치봄],202009,SF/Fantasy
827,생일,201905,SF/Fantasy
828,정검:금의위,201701,Drama
829,와일드시티,202006,Action/Adventure
834,프린세스다이어리2(2004),201708,Romance
838,B급며느리,201802,Documentary
841,만추(1981),202001,Romance
841,만추(1981),202001,Romance
850,빈폴,202003,Historical/War
853,고스트버스터즈,201112,SF/Fantasy
853,고스트버스터즈,201112,SF/Fantasy
854,뱀파이어시스터,201902,Action/Adventure
858,세인트주디,202008,Drama
861,스피릿(2002),201903,Animation/Family
861,스피릿(2002),201903,Animation/Family
861,스피릿(2002),201903,Animation/Family
865,휘트니,201810,Documentary
866,혈의누,201306,Thriller/Crime
869,진정령난백,202103,Action/Adventure
870,뉴욕아이러브유(2008),201703,Romance
871,라스트보이,202008,SF/Fantasy
872,사랑과영혼2016,201902,Comedy
878,파힘,202102,Drama
882,마을금고연쇄습격사건,201901,Comedy
896,"나의사랑,그리스",201704,Romance
898,슈퍼맨(1978),201503,Action/Adventure
899,허풍,201612,SF/Fantasy
901,허리케인:배틀오브브리튼,201812,Historical/War
904,고양이사무라이2,201904,Comedy
908,마담보바리(2015),201512,Drama
912,레드,201306,SF/Fantasy
912,레드,201306,SF/Fantasy
913,코드8,202007,SF/Fantasy
917,개미(1998),201902,Animation/Family
918,로마의휴일,201701,Comedy
918,로마의휴일,201701,Comedy
924,존카터:바숨전쟁의서막,201206,SF/Fantasy
938,울지마톤즈2:슈크란바바,202002,Documentary
943,고스트헌터-슈퍼내추럴,202003,SF/Fantasy
945,알포인트,201305,Historical/War
953,부에나비스타소셜클럽2:아디오스,201712,Documentary
959,러브인베를린,202003,Romance
961,보르도우정여행,202006,Comedy
963,언더더씨,201707,Animation/Family
966,더셰프,201601,Drama
968,룸13,201903,Thriller/Crime
970,고양이여행리포트,201905,Drama
975,이스케이프플랜3,201909,Action/Adventure
977,포레스트검프,201112,Comedy
985,타인의삶,201910,Drama
985,타인의삶,201910,Drama
986,슈퍼배드,201611,Animation/Family
987,과속스캔들(2008),201901,Comedy
988,전우치,201906,SF/Fantasy
989,레드카펫,201510,Comedy
989,레드카펫,201510,Comedy
990,"아이,토냐",201803,Drama
995,레이디스나잇,201708,Comedy
998,컨택트2020,202007,SF/Fantasy
1000,언노운솔저,201806,Historical/War
1001,트라이앵글(2018),201809,Horror
1002,광야의40일:시험,202101,Action/Adventure
1003,마이애미핫가이즈,202010,Comedy
1011,괴물(2006),202002,Horror
1011,괴물(2006),202002,Horror
1011,괴물(2006),202002,Horror
1012,집행자,201507,Drama
1013,전설의주먹,201904,Drama
1019,대테러님로드작전,201807,Drama
1021,이비자,202009,Comedy
1023,걸리버여행기,201610,Action/Adventure
1028,여자가사랑할때,201612,Drama
1036,"님아,그강을건너지마오",201612,Documentary
1037,청년경찰,201709,Action/Adventure
1038,용문비갑[3D],201612,Action/Adventure
1040,미드나잇버스,202102,Animation/Family
1043,신비한동물사전,201701,SF/Fantasy
1046,베이루트:리미티드아워,202007,Drama
1047,로그원:스타워즈스토리,201703,Action/Adventure
1047,로그원:스타워즈스토리,201703,Action/Adventure
1051,강남1970[무삭제판],202003,Drama
1051,강남1970[무삭제판],202003,Drama
1052,환상속의그대,201612,SF/Fantasy
1055,나쁜녀석들,201112,Action/Adventure
1056,늑대의제국(2005),201602,Action/Adventure
1060,"사랑하니까,괜찮아",201304,Romance
1061,더라스트오브어스:인류최후의생존자들,201705,Horror
1063,오드토머스,201804,Thriller/Crime
1065,온다,202004,Drama
1068,방세옥3:천면수라,202010,Action/Adventure
1069,남매의여름밤,202011,Drama
1073,프로디지,201905,Horror
1075,폭풍의언덕(2012),202103,Romance
1076,역전의명수,201305,Comedy
1082,4등,201702,Drama
1083,싱글맨(2009),201812,Romance
1085,브로큰하츠갤러리,202011,Comedy
1089,대지진(2016),201811,Drama
1089,대지진(2016),201811,Drama
1098,바디오브라이즈,201504,Thriller/Crime
1101,오펀:천사의비밀,201807,Horror
1102,코끼리는그곳에있어,202001,Drama
1111,신몽키킹:여인천국,201709,SF/Fantasy
1117,나인스라이프,201709,Thriller/Crime
1120,이장과군수,201410,Comedy
1121,세상의모든계절,201408,Comedy
1122,하드킬,202103,Thriller/Crime
1124,소림쿵푸:마지막대결,201912,Action/Adventure
1125,트로이그레이트워,201901,Historical/War
1126,본슈프리머시,201611,Action/Adventure
1130,인크레더블,201405,Animation/Family
1130,인크레더블,201405,Animation/Family
1131,7솔져스,201909,Historical/War
1132,USS인디애나폴리스,201901,Historical/War
1133,부러진화살(2011),201704,Drama
1134,내어머니의인생,201903,Drama
1139,어메이징스파이더맨,201503,SF/Fantasy
1140,간기남(2012),201803,Comedy
1141,패왕화스페셜포스,201802,Action/Adventure
1145,람보[특별판],202103,Action/Adventure
1149,데드캠프,201511,Horror
1151,특종병기전랑:마약전쟁,202001,Thriller/Crime
1152,리얼맥코이,201312,Thriller/Crime
1153,폰조,202010,Thriller/Crime
1158,북스마트,202102,Comedy
1162,아나콘다2:사라지지않는저주,202103,Horror
1164,파일:4022일의사육,201512,Thriller/Crime
1175,알이씨REC,201407,Documentary
1177,프로포즈데이,201404,Romance
1183,사랑에대한모든것,201501,Romance
1185,탈출(1995),201808,Drama
1187,딥임팩트,201406,SF/Fantasy
1189,그녀를보기만해도알수있는것,201504,Drama
1195,특별수사:사형수의편지,201607,Thriller/Crime
1196,더보이2:돌아온브람스,202003,Horror
1199,레버넌트:죽음에서돌아온자,201612,Action/Adventure
1201,직지코드,201707,Documentary
1202,마법사멀린:최후의대결,201702,Documentary
1206,그것:저주의시작,201910,Horror
1209,인시디어스:두번째집,201401,Horror
1210,타짜,201906,Thriller/Crime
1215,더스퀘어,201808,Comedy
1216,모놀리스,201704,Drama
1225,플러버,201409,SF/Fantasy
1233,다이버전트시리즈:얼리전트,202007,SF/Fantasy
1234,말로는힘들어,201305,Drama
1236,울프SWAT,201903,Historical/War
1244,엽문[특별판],202004,SF/Fantasy
1247,상류사회(2018),201810,Drama
1247,상류사회(2018),201810,Drama
1247,상류사회(2018),201810,Drama
1247,상류사회(2018),201810,Drama
1254,그녀의비밀정원,202004,Romance
1262,사랑과거짓말(2018),201808,Romance
1263,트루먼쇼,201207,SF/Fantasy
1269,성판17,201711,Documentary
1279,지금은맞고그때는틀리다,201510,Drama
1283,보헤미안랩소디,201901,Drama
1284,아이스브레이커,201901,Drama
1285,아이엠넘버포,201707,SF/Fantasy
1287,소년아메드,202008,Drama
1289,더베스트오브맨,202012,Drama
1295,회초리,201207,Drama
1297,알파:위대한여정,201812,Drama
1299,버즈오브프레이(할리퀸의황홀한해방),202003,Thriller/Crime
1302,잠깐만회사좀관두고올게,201710,Drama
1304,배신자(2019),201911,Drama
1304,배신자(2019),201911,Drama
1319,달콤한인생,201304,Action/Adventure
1327,나의특별한사랑이야기,201701,Romance
1330,사랑과욕망의짐노페디,201707,Romance
1334,제인에어(1996),201810,Romance
1335,파라다이스좀비,202009,Horror
1336,아름다운파도와바다,201705,Other
1337,어댑테이션,202002,Other
1337,어댑테이션,202002,Other
1344,헬보이(2004),201904,SF/Fantasy
1344,헬보이(2004),201904,SF/Fantasy
1346,손오공,201711,SF/Fantasy
1350,레고DC슈퍼히어로:플래시[한글자막],201807,Animation/Family
1356,대지진(2010),202012,Drama
1356,대지진(2010),202012,Drama
1363,쾌락지구3,201508,Romance
1365,찰리컨트리맨,201911,Romance
1366,까시,201610,Romance
1370,정직한후보,202003,Comedy
1372,프리즌브레이커스,202012,Action/Adventure
1378,위아엑스,201706,Documentary
1379,봉신연의:영웅의귀환,202007,SF/Fantasy
1380,비치온더비치,201701,Romance
1383,더와이프,201903,Drama
1384,로렌스애니웨이,202002,Romance
1386,순수의시대(2014)[무삭제판],201504,Historical/War
1386,순수의시대(2014)[무삭제판],201504,Historical/War
1388,솔트앤파이어,201804,Thriller/Crime
1390,"나는내일,어제의너와만난다",201711,Romance
1393,자칼(1997),201810,Horror
1399,7년의밤,201804,Drama
1409,무림:광혼도,202007,Action/Adventure
1414,행성탈출:최후의전쟁,201803,SF/Fantasy
1415,도즈오브해피니스,202102,Drama
1417,앵그리버드2:독수리왕국의침공,201910,Animation/Family
1417,앵그리버드2:독수리왕국의침공,201910,Animation/Family
1420,바람의파이터,201403,Action/Adventure
1424,킬러의보디가드,202006,Thriller/Crime
1427,키드냅,201712,Action/Adventure
1428,씽(2016),201703,Drama
1428,씽(2016),201703,Drama
1431,호텔룸(2017),201706,Romance
1432,테이킹,201710,Thriller/Crime
1434,탱크:무적의T34,201903,Historical/War
1435,아나콘다(1997),202003,Action/Adventure
1435,아나콘다(1997),202003,Comedy
1435,아나콘다(1997),202003,Action/Adventure
1441,저스티스리그[다국어자막],202001,SF/Fantasy
1442,시카리오:암살자의도시,201808,Thriller/Crime
1443,피아니스트(2002),201711,Drama
1451,슈렉,201202,Animation/Family
1453,오션스트웰브,201806,Thriller/Crime
1454,수상한그녀,201404,Drama
1455,몬스터호텔3,201809,SF/Fantasy
1455,몬스터호텔3,201809,SF/Fantasy
1456,대사건,201808,Action/Adventure
1464,아이들...,201112,Thriller/Crime
1465,"힘을내요,미스터리",201910,Comedy
1470,스윙키즈,201901,Drama
1471,택스콜렉터,202012,Action/Adventure
1472,클로버필드,201608,SF/Fantasy
1473,스펙타클워,202007,Historical/War
1486,카오산탱고,202008,Romance
1488,카마수트라:뱀의여인,201606,Drama
1490,폴리스,202102,Thriller/Crime
1493,크로우즈제로2,201511,Action/Adventure
1494,디파이언스(2008),201711,Historical/War
1498,서부전선,201901,Historical/War
1499,항거:유관순이야기,201904,Drama
1500,콜보이,201809,Drama
1506,트랜스포머2:패자의역습,201406,SF/Fantasy
1508,비열한거리,201906,Romance
1509,여자라는이름으로,201810,Drama
1510,레디오어낫,202004,Horror
1512,세븐데이투리브,201511,Horror
1513,용형호제(1986),201807,Action/Adventure
1515,더윈드:악마의속삭임,202006,Horror
1517,흑표천하(1993),201910,Action/Adventure
1519,신데렐라2(2002),201404,Animation/Family
1521,양의나무,201810,Thriller/Crime
1524,앙:단팥인생이야기,201607,Drama
1524,앙:단팥인생이야기,201607,Drama
1525,퇴마전:마령검의비밀,201508,SF/Fantasy
1528,비밀은없다,201607,Thriller/Crime
1529,마파도2,201305,Comedy
1532,쥬피터스타쉽,202005,SF/Fantasy
1536,울지마톤즈(2010),201703,Documentary
1538,크리드(2015),201812,Other
1540,케빈에대하여(2011),201903,Drama
1544,1914전투,202006,Historical/War
1555,그녀,201907,SF/Fantasy
1570,극장판반지의비밀일기,201910,Animation/Family
1574,고백(2015),201508,Drama
1574,고백(2015),201508,Drama
1574,고백(2015),201508,Drama
1576,비행기[2D],201801,Animation/Family
1577,13인의자객(2010),201611,Action/Adventure
1583,파이란(2001),201910,Drama
1588,전장의묵시록(2008),201508,Historical/War
1589,베티블루37.2디오리지널,201611,Romance
1592,열정같은소리하고있네,201610,Drama
1599,미인어,201703,Romance
1600,그래도좋아해,201810,Romance
1601,리버풀클롭의숨겨진우승스토리,202101,Documentary
1602,요가학원:죽음의쿤달리니,202011,Horror
1604,칠드런오브맨(2006),201802,SF/Fantasy
1606,마다가스카,201308,Animation/Family
1608,파수꾼(2010),201811,Drama
1609,삼국지:명장여포,202102,Historical/War
1610,히든피겨스,201704,Drama
1612,폰부스,201512,Thriller/Crime
1616,마스터(2016),201702,Drama
1616,마스터(2016),201702,Drama
1618,공수도-극진파이터,202005,Drama
1622,성기사단:어둠의마법사,202002,Action/Adventure
1623,델타보이즈,201706,Comedy
1625,레트리뷰션:분노의복수,201707,Thriller/Crime
1627,쥬라기공원:다이노어택,202006,Horror
1629,드래곤헌터[우리말],201611,Animation/Family
1631,단지세상의끝,201702,Drama
1638,무사:400vs1,202101,Action/Adventure
1639,케이프피어,201607,Thriller/Crime
1640,트루스,201701,Drama
1641,조블랙의사랑(1998),201904,SF/Fantasy
1643,쿠스코?쿠스코!(2000),201904,Animation/Family
1645,섹터4,201911,Historical/War
1647,굿바이레닌,201311,Comedy
1650,아이스에이지2,201512,Animation/Family
1653,나의사랑나의신부,201611,Romance
1654,반두비(2009),202001,Romance
1659,국제시장,201505,Drama
1662,도신3:소년도신,201909,Documentary
1663,헤이트풀8,202007,Action/Adventure
1666,컨저링:악마의집,202009,Horror
1667,지구최후의밤,201908,Thriller/Crime
1670,몽키킹:왕의귀환,201906,SF/Fantasy
1674,검신의제국2,202102,Other
1676,자토이치(2003),201911,Action/Adventure
1680,음양사1(2001),202006,Documentary
1681,세상끝의사랑,201511,Romance
1686,팅커벨,201404,Animation/Family
1693,미스컨덕트,201604,Thriller/Crime
1696,윤희에게,201912,Romance
1698,스케어리스토리:어둠의속삭임,202004,Horror
1701,변신(2019),201909,Animation/Family
1704,봉신방:달기전,202009,Action/Adventure
1706,우리가이별뒤에알게되는것들,202010,Drama
1707,스윈들러,202010,Thriller/Crime
1715,1940:최강의독일전차부대,201704,Historical/War
1716,시크릿어페어,201807,Romance
1721,괴테스쿨의사고뭉치들,201411,Comedy
1729,촉산전2,202012,Action/Adventure
1734,프랭크,201901,Comedy
1736,누구의딸도아닌해원(2012),201905,Drama
1739,결혼피로연,201706,Comedy
1740,그린마일(1999),201904,SF/Fantasy
1741,넥스트제네레이션패트레이버4,201612,SF/Fantasy
1748,서치,201810,Drama
1750,인천상륙작전,201608,Historical/War
1750,인천상륙작전,201608,Historical/War
1754,미녀와야수(2014),201612,SF/Fantasy
1754,미녀와야수(2014),201612,SF/Fantasy
1757,프리다,201609,Drama
1759,"제자,옥한흠",201901,Documentary
1765,우이러브,201905,Romance
1767,고스트버스터즈2,201210,Horror
1772,세번째살인,201803,Thriller/Crime
1774,베이비드라이버,201710,Thriller/Crime
1775,써니[감독판],201406,Comedy
1776,메이즈러너:스코치트라이얼,201510,SF/Fantasy
1782,쿵푸파이터(2015),202003,Action/Adventure
1784,오목소녀(2018),201806,Drama
1790,밀리언리틀피시즈,202101,Drama
1791,마이베이커리인뉴욕,201701,Comedy
1792,센스앤센서빌리티,201112,Drama
1797,스나이퍼:라스트미션,202011,Action/Adventure
1801,영원한여름,201403,Romance
1804,플레이메이커,201909,Thriller/Crime
1811,패딩턴,201501,Animation/Family
1813,석양의갱들(1971),201907,Historical/War
1817,쉰들러리스트,201707,Historical/War
1828,마녀(2018),201807,Other
1832,서핑업(2007),202003,Romance
1832,서핑업(2007),202003,Romance
1833,학교는끝났다,202011,Thriller/Crime
1834,독고다이,201906,Drama
1839,레이디버드,201805,Thriller/Crime
1842,드론전쟁:굿킬,201701,Drama
1845,스페셜포스vs분노의좀비,201906,Action/Adventure
1850,라스트갓파더,201202,Comedy
1851,더블스파이(2009),202001,Romance
1852,트라이앵글,202003,Horror
1858,문라이트,201703,Drama
1860,이퀼리브리엄,201403,SF/Fantasy
1863,기생수파트2,201511,SF/Fantasy
1864,토이스토리,201405,Animation/Family
1864,토이스토리,201405,Animation/Family
1867,10미니츠곤,201911,Thriller/Crime
1869,넘버3,200703,Thriller/Crime
1873,하이앤로우더레드레인,202003,Action/Adventure
1877,굿바이싱글,201607,Comedy
1878,쇼생크탈출(1994),201504,Drama
1887,그녀를믿지마세요,201204,Comedy
1890,나쁜녀석들:더무비,201910,Thriller/Crime
1891,예루살렘Z:좀비와의전쟁,202003,Horror
1892,해리포터와마법사의돌,201701,SF/Fantasy
1892,해리포터와마법사의돌,201701,SF/Fantasy
1897,아내가결혼했다,201906,Romance
1899,공각기동대:고스트인더쉘,201705,Thriller/Crime
1900,죽여주는여자(2016),201702,Drama
1901,주윤발의도성풍운,201901,Comedy
1903,스푹스:MI5,201701,Drama
1907,더가디언즈,201707,SF/Fantasy
1908,작전명반데라스,201905,Historical/War
1910,미스터앤미스터대디,201811,Comedy
1912,여자들,201708,Romance
1918,너는달밤에빛나고,202006,Romance
1921,"오늘밤,로맨스극장에서",201808,SF/Fantasy
1922,엑소시스트:더하우스,201901,Horror
1923,네이웃의아내를탐하지마라(2014),202005,Thriller/Crime
1924,화해,202003,Other
1925,덕혜옹주,201701,Historical/War
1932,주먹왕랄프,201612,Animation/Family
1932,주먹왕랄프,201612,Animation/Family
1937,장화신은고양이,201203,SF/Fantasy
1939,에이리언3,201606,Horror
1945,내남자,201611,Thriller/Crime
1952,주키퍼스와이프,201710,Historical/War
1958,박물관이살아있다,201505,Animation/Family
1962,메카닉,201701,Drama
1964,"미안해요,리키",202001,Drama
1967,빈센트(2016),202007,Drama
1968,뮬란2(2020),202101,Action/Adventure
1971,인턴,201712,Drama
1979,삽질,201911,Documentary
1982,칠드런액트,201907,Drama
1984,블랙북(2007),201701,Historical/War
1986,비바리움,202008,Horror
1988,택시2,202004,Comedy
1993,파라다이스로스트마약카르텔의왕,201512,Thriller/Crime
1994,타이페이카페스토리,201309,Romance
1996,월터의상상은현실이된다,201410,Action/Adventure
1999,전망좋은방(1985),202009,Romance
2001,주토피아[3D],201901,Animation/Family
2007,작은아씨들(2019),202003,Romance
2007,작은아씨들(2019),202003,Romance
2009,아르고[확장판],201506,Thriller/Crime
2011,퍼스트킬,201707,Action/Adventure
2012,뮬란,201609,Action/Adventure
2012,뮬란,201609,Animation/Family
2012,뮬란,201609,Animation/Family
2012,뮬란,201609,Animation/Family
2012,뮬란,201609,Animation/Family
2017,오픈그레이브,202008,Horror
2022,뷰티인사이드,201509,Romance
2026,시(2010),201605,Drama
2029,최후의Z,202001,SF/Fantasy
2031,천주정,201404,Drama
2034,특공황비,202012,Action/Adventure
2035,신과함께:인과연,201809,SF/Fantasy
2045,부활(2016),201605,Drama
2045,부활(2016),201605,Drama
2045,부활(2016),201605,Drama
2045,부활(2016),201605,Drama
2046,마스크오브조로(1998),201902,Action/Adventure
2050,멀리가지마라,202103,Thriller/Crime
2053,박수건달,202002,Comedy
2056,터널(2016),201612,Historical/War
2056,터널(2016),201612,Historical/War
2056,터널(2016),201612,Historical/War
2060,비질란테,201905,Other
2063,나의인생여행,202012,Romance
2066,퍼시잭슨과괴물의바다,201312,SF/Fantasy
2067,100일동안100가지로100퍼센트행복찾기,201909,Comedy
2068,오직사랑뿐,201802,Romance
2069,어쌔신크리드,201702,SF/Fantasy
2070,내여자친구의남자친구,201211,Romance
2071,2012,201302,Drama
2076,브로크백마운틴,201505,Drama
2085,킹아더(2004),201407,Historical/War
2087,캡틴마블,201905,SF/Fantasy
2087,캡틴마블,201905,SF/Fantasy
2093,아파트209,202009,Horror
2102,스타워즈:클론전쟁,201409,SF/Fantasy
2109,영웅본색(1986),201804,Thriller/Crime
2110,뷰티풀보이,201910,Drama
2118,허삼관,201502,Drama
2120,마티나:위험한정사,202003,Romance
2123,드래곤길들이기3,201903,Animation/Family
2123,드래곤길들이기3,201903,Animation/Family
2128,봄날은간다,201812,Drama
2133,온워드:단하루의기적,202007,SF/Fantasy
2133,온워드:단하루의기적,202007,SF/Fantasy
2135,스쿨오브락,201211,Comedy
2135,스쿨오브락,201211,Comedy
2136,대가리,201908,Action/Adventure
2137,마이펫의이중생활2,201908,Animation/Family
2137,마이펫의이중생활2,201908,Animation/Family
2140,클로이,201302,Drama
2145,올마이라이프,202102,Romance
2147,나바론요새,201803,Historical/War
2149,사일런스(2019),201908,Horror
2150,JamDocu강정,201203,Documentary
2151,붉은10월,201506,Historical/War
2153,안나카레니나:브론스키백작의사랑,201810,Drama
2161,47미터,201708,Horror
2167,야마카시,201509,Thriller/Crime
2170,소울,202103,Other
2170,소울,202103,Other
2175,완벽한주인,201910,Comedy
2179,프렌즈위드베네핏,201202,Romance
2182,리틀포레스트:여름과가을,201503,Drama
2183,미드소마[감독판],201910,Horror
2185,아버지의깃발,201504,Historical/War
2186,에이지오브킬,201904,Action/Adventure
2193,여인의향기,201506,Drama
2194,툼인베이더,201902,Action/Adventure
2195,춤추는숲,201306,Documentary
2196,미스터빈의홀리데이(2007),201605,Comedy
2198,어니스트씨프,202102,Thriller/Crime
2202,하늘이기다려,201707,Drama
2204,비포미드나잇(2013),202103,Romance
2206,미성,202102,Romance
2212,마가렛앤줄리앙:금지된사랑,201712,Romance
2225,옆자리괴물군(2018),201910,Comedy
2226,스윗프랑세즈,201908,Romance
2230,이미테이션게임,201601,Drama
2233,밀정,201808,Historical/War
2242,후계자들(2019),202004,Action/Adventure
2243,퀸크랩,201712,SF/Fantasy
2245,레고DC샤잠!매직앤몬스터즈,202004,Animation/Family
2254,연평해전,201507,Drama
2256,베어(1988),201512,Action/Adventure
2257,뮤턴트워,201806,SF/Fantasy
2257,뮤턴트워,201806,SF/Fantasy
2265,이웃집에신이산다,201909,Comedy
2274,에이리언2,201606,SF/Fantasy
2276,블루스인인디아,201908,Other
2279,제미니맨,201911,SF/Fantasy
2286,미스터하트,202010,Romance
2293,브레이브언더파이어,202103,Action/Adventure
2298,나미야잡화점의기적,201803,SF/Fantasy
2302,막다른골목의추억,201904,Romance
2305,이트(2016),201902,Documentary
2314,스페셜포스:화이트마운틴,201804,Historical/War
2315,맨발의기봉이(2006),202006,Comedy
2316,원더풀고스트,201810,Thriller/Crime
2328,변호인,201504,Drama
2329,금발이너무해(2001),201908,Comedy
2336,한낮의유성,201804,Romance
2338,겨울왕국[영어자막],201611,SF/Fantasy
2343,오픈더도어,202004,Drama
2345,바람의언덕,202005,Drama
2354,구마적,201912,Drama
2355,바스터즈:거친녀석들,201406,Historical/War
2357,피치걸,201710,Drama
2360,은밀한유혹(1993),201506,Romance
2362,장난스런키스(2018),201904,Romance
2365,더웨이브,201607,Drama
2365,더웨이브,201607,Drama
2367,방황하는칼날,201405,Thriller/Crime
2371,몽골,201907,Action/Adventure
2372,두잇![리마스터링],201509,Documentary
2380,디어존,201306,Historical/War
2387,아메리칸히스토리X,202001,Thriller/Crime
2389,그린치(2000),201607,Animation/Family
2389,그린치(2000),201607,Animation/Family
2389,그린치(2000),201607,Animation/Family
2393,아일랜드제로,202007,Horror
2394,악질경찰(2019),201904,Thriller/Crime
2394,악질경찰(2019),201904,Thriller/Crime
2397,안나,201909,Drama
2398,겟스마트,201504,Thriller/Crime
2399,어떤살인,201511,Thriller/Crime
2402,우리집(2019),201910,Drama
2404,스타워즈3:시스의복수,201701,Documentary
2405,위대한유산,201305,Drama
2405,위대한유산,201305,Drama
2405,위대한유산,201305,Drama
2406,맘마미아,201303,Other
2408,다운시커,202001,SF/Fantasy
2419,신문기자,201911,Drama
2422,토르:라그나로크,201801,SF/Fantasy
2422,토르:라그나로크,201801,SF/Fantasy
2426,살인의추억,201906,Thriller/Crime
2427,용루각:비정도시,202012,Action/Adventure
2431,역모:반란의시대,201712,Historical/War
2433,핫룸메이트,202002,Comedy
2434,은실이,202003,Animation/Family
2436,반지의제왕2:두개의탑,201701,SF/Fantasy
2438,더킹,201702,Thriller/Crime
2450,김씨표류기,201302,Comedy
2452,스워드피쉬(2001),202001,Thriller/Crime
2454,OCEAN가입하기,202009,Documentary
2455,아무도모른다(2004),201702,Drama
2457,가비(2012),201803,Thriller/Crime
2459,아메리칸초밥왕,201703,Drama
2460,두근두근(2017),201708,Romance
2461,레고무비,201503,Animation/Family
2461,레고무비,201503,Animation/Family
2462,빅대디(1999),201902,Comedy
2462,빅대디(1999),201902,Comedy
2465,펄프픽션,201403,Drama
2466,강철중:공공의적1-1,201410,Drama
2471,퀸오브하츠,201909,Drama
2472,리:본,201809,Action/Adventure
2473,어벤져스,201701,SF/Fantasy
2473,어벤져스,201701,SF/Fantasy
2474,드래곤블레이드:천장웅사,201812,Action/Adventure
2478,내가고백을하면,202101,Romance
2482,아기배달부스토크,201701,Animation/Family
2482,아기배달부스토크,201701,Animation/Family
2488,레고DC코믹스수퍼히어로:우주전쟁,201603,Action/Adventure
2489,더웨이백,202004,Drama
2491,신데렐라,201305,Other
2491,신데렐라,201305,Other
2491,신데렐라,201305,Other
2491,신데렐라,201305,Other
2491,신데렐라,201305,Other
2493,개를훔치는완벽한방법,201612,Animation/Family
2495,작은소망,202008,Comedy
2497,새구두를사야해,201611,Romance
2504,레볼루셔너리로드,201701,Romance
2506,워크래프트:전쟁의서막,201701,SF/Fantasy
2508,더원(2001),202003,Romance
2509,라이어라이어,201505,Romance
2512,블라인드,201304,Drama
2512,블라인드,201304,Drama
2512,블라인드,201304,Drama
2522,프릭스,202001,SF/Fantasy
2523,가디언즈오브갤럭시VOL.2,201806,SF/Fantasy
2523,가디언즈오브갤럭시VOL.2,201806,SF/Fantasy
2526,특수부대백호2,202103,Historical/War
2531,베이컨시,201707,Horror
2534,레전드(2015)[다국어자막],201801,Animation/Family
2536,이태원살인사건,202002,Thriller/Crime
2542,소울오브브레드,201612,Comedy
2550,자객섭은낭,201907,Historical/War
2551,6솔져스,201905,Historical/War
2557,소통과거짓말,201712,Drama
2558,투문정션,201705,Drama
2560,니드포스피드,201701,Thriller/Crime
2568,스페셜포스:블러드마운틴[UHD],201708,Historical/War
2569,김복남살인사건의전말,201304,Drama
2571,주전:와인전쟁,201803,Comedy
2582,파티마의기적,202012,Drama
2587,피터팬:아무도몰랐던이야기,201605,SF/Fantasy
2589,붉은다리아래따뜻한물,201909,Drama
2591,교주전:천공의눈,201709,SF/Fantasy
2596,종이달,202001,Drama
2598,로그온배틀그라운드,201711,Action/Adventure
2602,쌍칼,202003,Action/Adventure
2605,히치하이크,201904,Animation/Family
2606,미스터스마일,201901,Romance
2607,127시간,201507,Drama
2611,벅스라이프,201405,Animation/Family
2611,벅스라이프,201405,Animation/Family
2613,라쇼몽,201312,Drama
2616,캐치미이프유캔,201308,Animation/Family
2618,일진2,201810,Action/Adventure
2620,만추(2010),201906,Romance
2620,만추(2010),201906,Romance
2623,감쪽같은그녀,201912,Drama
2629,행복한장의사,201305,Comedy
2635,트랜스포머3,201112,Action/Adventure
2637,가베:그녀의숲,202101,Romance
2638,마담프루스트의비밀정원,202002,Drama
2642,분노의윤리학,201901,Drama
2649,레지던트이블:파멸의날,201703,Horror
2651,래디우스,201902,SF/Fantasy
2652,컨저링,201807,Thriller/Crime
2654,맨인블랙:인터내셔널,201907,SF/Fantasy
2657,팅커벨5:해적요정,201405,SF/Fantasy
2662,진주만,201510,Historical/War
2663,아이스투모로우,201406,SF/Fantasy
2664,크리미널스쿼드,201804,Thriller/Crime
2666,그랜토리노,201504,Thriller/Crime
2668,콘티키:위대한항해,202004,Drama
2672,윔피키드(2010),201904,Animation/Family
2673,폴리스스토리(1985),202004,Comedy
2674,108:잠들수없는시간,201812,Horror
2679,신영웅문:천년의비밀,201912,Action/Adventure
2683,죠스,201507,Horror
2686,추남자,201301,Comedy
2697,존말코비치되기(1999),201910,SF/Fantasy
2698,당신이잠든사이에,202003,Comedy
2703,페임,202004,Other
2704,탐정홍길동:사라진마을,201610,Drama
2706,올라프의겨울왕국어드벤처,201804,Animation/Family
2711,무협강호,202011,Action/Adventure
2715,빛과철[별도편성][예고편],202103,Drama
2723,아메리칸뷰티,201305,Drama
2734,데스숏컷,202102,Horror
2736,고질라(1998),201901,SF/Fantasy
2736,고질라(1998),201901,SF/Fantasy
2736,고질라(1998),201901,SF/Fantasy
2737,미녀는괴로워(2006),201907,Romance
2738,도어락,201812,Drama
2740,해안가로의여행,201905,Romance
2742,보디가드(1992),201506,Romance
2742,보디가드(1992),201506,Romance
2757,슈퍼맨:언바운드,201505,Animation/Family
2758,"그날,바다",201805,Documentary
2763,디바(2020),202010,Thriller/Crime
2764,몬태나,201805,Drama
2767,모든것을벗어던진특별한여행,202008,Romance
2768,돈,201904,Thriller/Crime
2769,공기인형(2010),202002,SF/Fantasy
2776,나는부정한다,201705,Drama
2777,모범시민,202011,Thriller/Crime
2781,노틀담의꼽추(1956),201603,Romance
2785,범블비,201901,SF/Fantasy
2786,모터싸이클다이어리,201612,Drama
2788,럭키가이,201904,Romance
2794,툼레이더2:판도라의상자,201601,SF/Fantasy
2801,키다리아저씨,201410,Drama
2808,스윙어:막장불륜멜로,201912,Comedy
2812,와일드(2014),201612,Drama
2812,와일드(2014),201612,Drama
2813,수퍼배드(2007),202003,Comedy
2815,서유기:모험의시작,201909,SF/Fantasy
2819,더파이브,201909,Drama
2820,내부자들:디오리지널,201601,Thriller/Crime
2822,쾌찬차(1984),201807,Comedy
2824,섹스앤더시티,201504,Romance
2828,베일리어게인,201812,Action/Adventure
2829,후드,201901,Drama
2834,에일리언인베이젼(2018),202012,Horror
2835,존윅3:파라벨룸,201908,Thriller/Crime
2836,포화속의우정,201905,Historical/War
2840,귀향(2016),201604,SF/Fantasy
2840,귀향(2016),201604,SF/Fantasy
2840,귀향(2016),201604,SF/Fantasy
2842,죽지않는인간들의밤,202010,Comedy
2844,아르고,201504,Thriller/Crime
2847,화이트스톰,201402,Thriller/Crime
2849,"러브,어게인",201711,Comedy
2853,테슬라(2020),202011,Drama
2854,라이언,201705,Drama
2861,해리포터와혼혈왕자,201701,Animation/Family
2861,해리포터와혼혈왕자,201701,Animation/Family
2862,가투의연날리기,201309,Drama
2865,도로로(2007),201510,SF/Fantasy
2869,영주의애인,201808,Romance
2871,데빌데쓰,201611,Horror
2874,해피이벤트,201612,Comedy
2876,나는보리,202006,Animation/Family
2876,나는보리,202006,Animation/Family
2881,25시,202102,Drama
2890,비투스(2006),201907,SF/Fantasy
2891,거룩한소녀마리아,201410,Drama
2901,엽문리부트2020,202011,Action/Adventure
2904,고스트라이더3D:복수의화신[3D],201810,SF/Fantasy
2906,잔다라어게인:불멸의사랑파트1,201607,Romance
2912,극비수사,201507,Thriller/Crime
2915,요로나의저주,201905,Horror
2918,트레저헌터플린,202010,Action/Adventure
2922,패딩턴2,201803,Comedy
2922,패딩턴2,201803,Comedy
2923,오션스일레븐(2001),201806,Thriller/Crime
2924,더홀,201311,Horror
2932,흐르는강물처럼,201612,Drama
2939,펠햄123,201303,Thriller/Crime
2940,커넥트(2020),202101,Thriller/Crime
2943,존라베-난징대학살,201612,Historical/War
2944,레이드:첫번째습격,201612,Thriller/Crime
2945,잃어버린세계를찾아서2:신비의섬,201504,Action/Adventure
2949,리틀큐,202001,Drama
2950,백엔의사랑,201607,Romance
2951,크리미널[무삭제특별판],201812,Thriller/Crime
2959,인턴십,201610,Drama
2963,프라임러브,201601,Comedy
2965,가디언의전설,201504,SF/Fantasy
2969,아메리칸갱스터(2007),201811,Thriller/Crime
2970,콜드마운틴,201403,Historical/War
2972,나의소녀시대,201606,Romance
2973,배틀그라운드:브릿지전투,201712,Historical/War
2986,당대명포:고수의부활,202004,Action/Adventure
2994,포스마쥬어:화이트베케이션,201601,Drama
3008,쇼걸(1995),202012,Drama
3009,프라미싱영우먼,202102,Thriller/Crime
3010,미스터노바디,201908,SF/Fantasy
3012,허밍버드,201901,Thriller/Crime
3013,스카이스크래퍼,201808,Action/Adventure
3014,사도행자:특별수사대,202003,Drama
3024,마담보바리,201504,Drama
3026,벤자민버튼의시간은거꾸로간다,201504,SF/Fantasy
3028,펜트하우스코끼리,202009,Romance
3031,스파이더맨3[확장판],201709,SF/Fantasy
3036,심야의결투,201504,Drama
3039,라이온킹:시그니처콜렉션,201907,Animation/Family
3039,라이온킹:시그니처콜렉션,201907,Animation/Family
3042,천녀유혼2-인간도,202005,Horror
3048,1987[가치봄],202009,Drama
3052,오션스8,201807,Thriller/Crime
3057,찰스디킨스의비밀서재,201802,SF/Fantasy
3064,펠레:버스오브어레전드,201807,Drama
3068,덤앤더머,201504,Comedy
3070,더커리어,202007,Action/Adventure
3072,동창생,202002,Romance
3076,엽문4:더파이널,202004,Drama
3078,콩나물,201909,Drama
3080,코스모스,202008,SF/Fantasy
3082,아바타,201612,SF/Fantasy
3083,인피니틀리폴라베어,201902,Comedy
3087,소름,202003,Horror
3090,인비저블위트니스,201909,Thriller/Crime
3093,자백,201612,Documentary
3099,여자의일생(2017),201704,Romance
3099,여자의일생(2017),201704,Romance
3107,콜리니케이스,202007,Thriller/Crime
3113,안녕베일리,201909,Animation/Family
3114,이집트왕자2,201902,Animation/Family
3116,메소드,201711,Thriller/Crime
3129,레미제라블(1998),201409,Thriller/Crime
3130,사대명포3:종극대결전,201612,Action/Adventure
3134,스카이라인:라스트워,202102,SF/Fantasy
3135,시월애(2000),201812,SF/Fantasy
3142,서버비콘,201808,Thriller/Crime
3144,이스케이프플랜2:하데스,201811,Action/Adventure
3147,딥워터호라이즌,202006,Drama
3151,프란츠,201708,Romance
3154,깨끗하고연약한,201411,Romance
3157,미션임파서블2,201112,Action/Adventure
3179,이티(E.T),201606,SF/Fantasy
3183,쥬라기월드,201701,SF/Fantasy
3185,이연걸의영웅,201909,Comedy
3202,게이트,202008,Drama
3202,게이트,202008,Drama
3204,50가지그림자:심연,201703,Romance
3205,미스페레그린과이상한아이들의집,201611,SF/Fantasy
3208,사라진밤,201804,Thriller/Crime
3213,변신(2019)[가치봄],202010,Animation/Family
3231,헬프,201202,Drama
3232,장수상회,201505,Romance
3235,엑스트라,202102,Comedy
3236,페이스,201304,Other
3237,몬스터즈2:죽음의대륙,201508,SF/Fantasy
3240,미안해사랑해고마워,201611,Drama
3245,바람난가족(2003),201408,Drama
3246,홀리데이헬,202102,Horror
3247,첨밀밀,201606,Romance
3255,신용문객잔:피안화의저주,202102,Action/Adventure
3259,명탐정코난:교토신선조살인사건,201708,Thriller/Crime
3263,트루스어바웃엠마누엘,201509,Drama
3264,밥정,202011,Documentary
3265,태양의노래(2006),201704,Drama
3278,도신외전,201908,Action/Adventure
3293,그레이트월,201703,SF/Fantasy
3294,아무도없었다,202101,Horror
3297,트리플스렛,201906,Action/Adventure
3298,모리의정원,202004,Drama
3300,골든슬럼버(2018),201803,Thriller/Crime
3302,방과후옥상(2006),202007,Comedy
3304,바람과함께사라지다(1939),201504,Romance
3305,창피해,201410,Romance
3308,블리딩스틸,201804,Action/Adventure
3310,인어공주이야기,201710,SF/Fantasy
3311,인비저블맨,202003,Horror
3312,인디펜던스데이:지구침공,201407,SF/Fantasy
3313,용행천하,201909,Action/Adventure
3314,스페이스비트윈어스,201703,SF/Fantasy
3319,포르노스캔들,202002,Documentary
3325,큐리오사,201905,Romance
3329,죽거나혹은나쁘거나,201910,Drama
3330,동키킹,201909,Animation/Family
3333,네무덤에침을뱉어라2,201902,Horror
3337,무인곽원갑(2006),201912,Action/Adventure
3341,무비빅(58회)어벤져스:히어로총정리,201904,Documentary
3343,안티포르노,201706,Drama
3345,황후화(2006),201912,Drama
3346,폴리스스토리3-초급경찰,202004,Action/Adventure
3347,롤러코스터,201310,Comedy
3349,킬링디어,201808,Thriller/Crime
3354,싸움의기술2[무삭제판],202101,Action/Adventure
3357,"연애,그참을수없는가벼움",201304,Romance
3365,성룡의미라클,201909,Thriller/Crime
3367,플립(2010),201803,Drama
3370,더독(2005),201806,Action/Adventure
3371,건달티처,201908,Action/Adventure
3372,헬보이2:골든아미,201406,SF/Fantasy
3374,사이코메트리,201904,Thriller/Crime
3376,위험한상견례,201208,Romance
3388,인싸,202103,Comedy
3391,공공의적,201807,Action/Adventure
3391,공공의적,201807,Action/Adventure
3398,미스터주부퀴즈왕(2005),202009,Comedy
3402,정사:금지된사랑,202001,Romance
3409,널기다리며,201901,Thriller/Crime
3411,조커,201911,Drama
3416,변산,201808,Drama
3417,리벨리온,201304,Documentary
3420,마이애미바이스,201508,Action/Adventure
3423,미스터소크라테스(2005),201608,Action/Adventure
3424,도그빌,201610,Thriller/Crime
3425,러브에버라스팅,201807,Romance
3427,멜로,201404,Romance
3428,미스리틀선샤인,201803,Comedy
3430,"그대,고맙소:김호중생애첫팬미팅무비",202010,Other
3431,된장,201310,Comedy
3433,28일동안(2000),201901,Drama
3441,남한산성,201711,Historical/War
3442,신데렐라3,201404,SF/Fantasy
3444,픽셀,201508,Action/Adventure
3445,바운티헌터스:현상금사냥꾼,201706,Comedy
3449,악인전,201906,Thriller/Crime
3453,갱스터파라다이스,201909,Action/Adventure
3454,미성년이지만어린애는아냐,201807,Romance
3464,O.J.심슨사건파일,202008,Thriller/Crime
3465,슈렉포에버,201211,Animation/Family
3466,바후발리:더비기닝,201611,Historical/War
3468,기묘한이야기:리플레이,202007,Horror
3469,라비앙로즈,201905,Drama
3471,나는나를해고하지않는다,202102,Drama
3473,비단꽃길,201909,Documentary
3474,사망탑(1980),202011,Thriller/Crime
3477,더블:달콤한악몽,201410,Romance
3478,3개의얼굴들,202103,Drama
3479,디아블로:분노의질주,201911,Action/Adventure
3481,맨인더다크,201701,Thriller/Crime
3482,필(2019),201907,Comedy
3483,러브픽션,201902,Comedy
3487,머니몬스터,201609,Thriller/Crime
3489,예스마담2(1987),201907,Action/Adventure
3491,나의PS파트너,201906,Romance
3492,머시블랙:저주받은아이,202008,Thriller/Crime
3495,"내어깨위고양이,밥2",202101,Animation/Family
3496,시라노(1990),202012,Drama
3498,몬테크리스토백작(1975),201603,Action/Adventure
3510,풍운2(2009),201705,SF/Fantasy
3520,블랙헤븐,201210,Thriller/Crime
3524,에일리언침공,201811,Horror
3527,테레사팔머의감금,201311,Thriller/Crime
3535,베이직,202002,Action/Adventure
3537,이세상의한구석에[한글자막],201711,Animation/Family
3540,블랙머니,201912,Thriller/Crime
3549,우리는형제입니다,201911,Comedy
3553,모사드:인질구출작전,202102,Comedy
3560,시티헌터[리마스터링],201512,Comedy
3561,중안조,201910,Thriller/Crime
3569,징기스칸의후예,202011,Action/Adventure
3572,혼스,201910,SF/Fantasy
3574,오두막,201705,Drama
3575,킹덤,201612,Drama
3575,킹덤,201612,Drama
3576,청사:낙천결계,202006,SF/Fantasy
3584,심야식당:식도락,202002,Drama
3588,검찰측의죄인,201911,Thriller/Crime
3594,백발마녀전1,202008,Action/Adventure
3595,결혼하지않아도괜찮을까,201810,Drama
3596,샤잠!,201904,Action/Adventure
3597,퍼스트리폼드,201904,Drama
3598,브레스트요새,201210,Historical/War
3600,늑대의아이들,201911,Thriller/Crime
3619,벌지대전투:지옥의사수작전,201807,Historical/War
3620,천사의사랑,201612,Romance
3624,록키3(1982),201812,Drama
3632,애나벨:인형의주인,201709,Horror
3634,워위드그랜파,202103,Comedy
3637,5X2,201603,Romance
3640,가문의영광4:가문의수난(2011),202011,Comedy
3641,가루지기,201805,Other
3642,펭귄:위대한모험2,201803,Animation/Family
3650,지상최대전투:갈리폴리,201804,Historical/War
3654,강변호텔,201904,Drama
3655,완벽한커플,202009,Thriller/Crime
3666,시실리2KM(2004),202010,Comedy
3667,저스트프렌드,201911,Romance
3667,저스트프렌드,201911,Romance
3673,50/50,201910,Comedy
3674,박화영,201810,Drama
3674,박화영,201810,Drama
3678,캐쉬백,201601,Comedy
3679,레전드(2015),201610,Animation/Family
3683,반도,202008,Drama
3688,북스마트[별도편성][예고편],202102,Comedy
3693,리턴투아나콘다,201805,Horror
3698,로맨틱레시피,201603,Romance
3704,악의꽃(2019),202005,Drama
3707,사랑해도괜찮아(2018),201810,Romance
3710,형,201701,Action/Adventure
3716,프로즌그라운드,201402,Thriller/Crime
3719,비정규직특수요원,201703,Comedy
3720,백설공주와일곱난쟁이,201505,Animation/Family
3720,백설공주와일곱난쟁이,201505,Animation/Family
3720,백설공주와일곱난쟁이,201505,Animation/Family
3734,인류멸망:외계인이주는마지막기회,202009,Thriller/Crime
3736,휴고,201205,Animation/Family
3738,오리지널씬(2001),201908,Historical/War
3742,적벽대전1부:거대한전쟁의시작,201901,Historical/War
3743,폭스캐처,201612,Drama
3744,시간의끝에서널기다려,202103,Romance
3748,눈의여왕2:트롤의마법거울,202004,SF/Fantasy
3751,3AMPart1,202005,Horror
3753,브레이킹더웨이브(1996),202006,Other
3754,풍운제일도,201905,Action/Adventure
3758,데드스노우2(2014),202005,Horror
3766,영주,201812,Drama
3767,회사원,202002,Drama
3769,쏘우:데스머신(2009),201603,Horror
3774,기생충:흑백판,202005,Comedy
3775,살아있는시체들의섬,202007,Horror
3778,더히어로,201310,Comedy
3781,이탈리안레이스,201809,Drama
3783,생텀(2010),201901,Action/Adventure
3784,제로포커스(2009),201603,Thriller/Crime
3786,겨울왕국이야기:디즈니애니메이션제작스토리,201905,Animation/Family
3787,스텝업6:이어오브더댄스,202007,Romance
3796,비뚤어진집,201909,Thriller/Crime
3799,포화속으로(2010),201707,Historical/War
3801,마르셀의추억,201312,Drama
3802,데자뷰(2006),201708,Thriller/Crime
3802,데자뷰(2006),201708,Thriller/Crime
3806,스노우화이트,201910,Drama
3807,인사이드르윈,201403,Drama
3811,내겐너무가벼운그녀,202012,Comedy
3814,실락원,201803,Drama
3816,봄(2014),201912,Drama
3822,앤트맨과와스프,201810,SF/Fantasy
3822,앤트맨과와스프,201810,SF/Fantasy
3830,해피해피레스토랑,202005,Animation/Family
3831,어서오시게스트하우스,202008,Comedy
3842,채비,201711,Drama
3843,SF8:간호중,202007,SF/Fantasy
3844,투모로우랜드,201612,SF/Fantasy
3850,인어공주:매직어드벤처,202008,SF/Fantasy
3854,사도행자2:스파이전쟁,202009,Thriller/Crime
3855,천룡팔부-두전창궁,202103,Action/Adventure
3856,옹박:리턴즈오브레전드,201901,Action/Adventure
3859,콜오브듀티:라스트워,201709,Action/Adventure
3865,50가지그림자:해방,201803,Romance
3866,뮤지컬브로드웨이42번가,202007,Other
3876,취권3(1994),201808,Drama
3884,탈혼이진도:자객의기억,202011,Action/Adventure
3885,헝그리하트,201607,Drama
3886,미스터리도굴단:사라진보물,201904,Thriller/Crime
3887,녹차의맛(2004),202002,Comedy
3893,에이미,201511,Documentary
3894,인터스텔라,201808,SF/Fantasy
3898,루시퍼,201901,Horror
3900,그크신하나님의사랑,202101,Drama
3903,사탄의인형(2019),201910,Horror
3909,모스트원티드맨,202008,Drama
3912,나를구하지마세요,202009,Drama
3918,네이비씰:어둠의전쟁,201701,Historical/War
3919,열혈남아(1987),201601,Drama
3919,열혈남아(1987),201601,Drama
3920,밤과낮,201611,Drama
3923,당대명포:의문의주검,201807,Action/Adventure
3928,타오르는여인의초상,202003,Drama
3932,도살장,201701,Horror
3934,"안녕,나의소녀",201806,Documentary
3935,프랑켄슈타인:불멸의영웅,201405,SF/Fantasy
3936,아델라인:멈춰진시간,201612,SF/Fantasy
3946,블레이드러너2049,201711,SF/Fantasy
3951,시라이,202007,Horror
3957,검신의제국1,202102,Other
3958,티끌모아로맨스,201112,Romance
3959,야간비행,202002,Drama
3967,뮬란(2020),202010,Action/Adventure
3967,뮬란(2020),202010,Animation/Family
3967,뮬란(2020),202010,Animation/Family
3967,뮬란(2020),202010,Animation/Family
3967,뮬란(2020),202010,Animation/Family
3972,색즉시공2,201906,Comedy
3973,성룡의홍번구,201609,Action/Adventure
3980,파이널환타지,202003,SF/Fantasy
3983,도쿄느와르,201712,Romance
3984,일포스티노,201704,Comedy
3986,쥬만지:새로운세계,201802,Action/Adventure
3989,"엘리노어릭비(종합본,3편)",201505,Drama
3990,열혈형사,202006,Comedy
3993,위대한쇼맨,201801,Other
3998,매드맥스:분노의도로,201508,Action/Adventure
4003,세얼간이[감독판],201912,Comedy
4004,내일,201804,Drama
4008,바람의검심,202101,Action/Adventure
4014,루시,201410,SF/Fantasy
4017,아이스에이지3:공룡시대,201512,Animation/Family
4017,아이스에이지3:공룡시대,201512,Animation/Family
4021,테이큰,201805,Thriller/Crime
4023,아저씨,201906,Thriller/Crime
4025,앤트로포이드,201801,Historical/War
4026,버티고,201910,Romance
4028,호빗:다섯군대전투,201712,SF/Fantasy
4028,호빗:다섯군대전투,201712,SF/Fantasy
4031,은교,201206,Romance
4033,파이널포트레이트,201810,Drama
4035,애나벨집으로,201907,Horror
4039,우리가족:라멘샵,201906,Drama
4040,달마야놀자,201503,Comedy
4041,이스케이프언더워터,201712,Horror
4043,더탱크,201707,Thriller/Crime
4048,틴틴:유니콘호의비밀,201309,Animation/Family
4049,야반소두,202006,Horror
4059,미션임파서블:폴아웃,201809,Action/Adventure
4061,스캔들(2018),201808,Romance
4065,엑소더스:신들과왕들,201501,Drama
4068,메가헤드샤크,201808,Horror
4072,화씨11/9:트럼프의시대,201812,Documentary
4077,삼총사[2D],201204,Action/Adventure
4080,랜드오브마인,201705,Historical/War
4082,시저와클레오파트라,201910,Drama
4088,뱅가드[별도편성][예고편],202101,Action/Adventure
4090,남쪽으로튀어,201810,Comedy
4090,남쪽으로튀어,201810,Comedy
4092,위풍당당질리홉킨스,201611,Animation/Family
4094,비밀의아코짱,201310,Romance
4098,원더휠,201802,Drama
4099,너무너무좋은거야,201211,Romance
4100,니나내나,201911,Drama
4102,좋아해줘(2016),201701,Romance
4104,나랏말싸미[가치봄],202010,Historical/War
4105,데스로드,201908,Drama
4108,밀리언달러트러블,202102,Animation/Family
4112,분노의질주:더익스트림,201705,Thriller/Crime
4114,팀버튼의크리스마스악몽(1993),201708,SF/Fantasy
4122,무림강호：영웅불패의신화,202008,Action/Adventure
4125,증인,201903,Drama
4126,오션스게임,202007,Drama
4130,"광해,왕이된남자",201301,Historical/War
4133,생존:러스트크릭,202011,Horror
4136,스포트라이트(2016),201701,Animation/Family
4146,스트라튼,201709,Action/Adventure
4150,작전명발키리(2008),201908,Historical/War
4151,스카이라인2,201812,SF/Fantasy
4155,지구:놀라운하루,201803,Animation/Family
4157,산이울다,201606,Romance
4158,인간중독,201406,Romance
4159,오싱,201312,Drama
4161,엽문3:최후의대결,201701,Drama
4162,다이하드3,201511,Action/Adventure
4163,드림빌더,202102,SF/Fantasy
4164,잘알지도못하면서,201411,Romance
4171,마이리틀자이언트,201701,SF/Fantasy
4172,푸른소금,201205,Romance
4173,죽지못하는남자의이유,201805,Romance
4177,더울프오브월스트리트,201505,Thriller/Crime
4178,신데렐라(2015),201612,Other
4178,신데렐라(2015),201612,Other
4178,신데렐라(2015),201612,Other
4178,신데렐라(2015),201612,Other
4178,신데렐라(2015),201612,Other
4182,암고양이들,201708,Drama
4192,범죄의재구성,201812,Thriller/Crime
4195,창왕:스피드4초,201910,Documentary
4199,아포칼립스2014,201409,SF/Fantasy
4201,무뢰한,201506,Romance
4205,블랙호크다운,201112,Historical/War
4207,왓위민원트,201405,Romance
4213,운디네,202101,Romance
4216,토미리스:전쟁의여신,202012,Historical/War
4217,프로젝트마스,202103,SF/Fantasy
4221,위플래쉬,201612,Drama
4223,미이라(1999),201605,Action/Adventure
4223,미이라(1999),201605,Action/Adventure
4228,판의미로:오필리아와세개의열쇠,201905,SF/Fantasy
4229,게임의법칙:인간사냥,202102,Thriller/Crime
4236,8마일(2002),201810,Drama
4240,화이트칙스(2004),201901,Comedy
4242,작은영웅데스페로[한글자막],201607,SF/Fantasy
4243,코마,202011,Other
4246,오퍼레이션메콩,201705,Thriller/Crime
4247,아이덴티티:11번째환자,202007,Horror
4248,플라이트플랜,201707,Drama
4252,분노의질주:더맥시멈,201308,Action/Adventure
4254,대부2,201506,Thriller/Crime
4256,도술혈전,201912,Action/Adventure
4257,맨인블랙,201203,SF/Fantasy
4264,스파이게임(2017),201709,Action/Adventure
4266,무방비도시(1945),201808,Thriller/Crime
4278,퓨리어스,201902,Action/Adventure
4282,녹정기,201909,Action/Adventure
4285,릴리슈슈의모든것,202001,Drama
4292,우리선희(2013),201906,Drama
4297,음식남녀(1994),202008,Drama
4298,미씽:사라진여자,201702,Thriller/Crime
4308,438일,202101,Drama
4309,기도의막이내릴때,202005,Thriller/Crime
4310,미운오리새끼,201611,Drama
4312,줄리앤줄리아,201303,Drama
4313,팅커벨3,201404,SF/Fantasy
4315,더탱크:KV-1vs팬저,201901,Historical/War
4317,아틱,201904,Drama
4321,모어댄블루,201906,Romance
4328,바람의검심:전설의최후편,201911,Action/Adventure
4333,썸머타임:아름다운계절,201606,Romance
4336,적인걸용의강림,202102,Thriller/Crime
4343,파리의자살가게,201812,Animation/Family
4344,스킨트레이드,201508,Action/Adventure
4351,화양연화(2000)[리마스터링],202102,Romance
4353,아포칼립스:죽은자의주문,202010,Action/Adventure
4354,타이거하우스,201709,Thriller/Crime
4356,마다가스카3:이번엔서커스다!,201209,Animation/Family
4358,푸치니의여인,201112,Drama
4360,"다시,봄(2019)",201904,SF/Fantasy
4361,스모킹에이스(2007),201805,Thriller/Crime
4365,겟머니,202102,Thriller/Crime
4367,너는내운명,201508,Romance
4369,식스티세컨즈(2000),201808,Thriller/Crime
4372,일진3,201902,Action/Adventure
4374,에브리바디스파인,201403,Comedy
4375,양귀비:왕조의여인,201701,Romance
4377,로마에서생긴일(2010),201904,Comedy
4379,아버지의초상,201612,Drama
4380,도쿄구울(2017),201910,SF/Fantasy
4382,빅킬,202003,Action/Adventure
4385,판도라,201701,SF/Fantasy
4386,포제션오브한나그레이스,201902,Horror
4391,무비빅158회:씬난다-<잭스나이더의저스티스리그>,202103,Documentary
4392,거북이달린다(2009),202008,Thriller/Crime
4394,더넌:돌아온저주,202102,Horror
4396,제인의썸머,202006,Romance
4398,당신의부탁,201805,Drama
4401,랜드오브데드(2005),201903,Horror
4404,스쿠프!,201803,Thriller/Crime
4408,녹색의자,201312,Drama
4409,미이라(2017),201707,Action/Adventure
4409,미이라(2017),201707,Action/Adventure
4412,독도Korea,201112,Documentary
4414,우는남자,201407,Drama
4417,엽문외전,201902,Action/Adventure
4418,치킨런,201601,Animation/Family
4419,에이전트오브디셉션,201905,Drama
4424,고지전(2011),201901,Historical/War
4425,엔터더팻드래곤,202007,Comedy
4428,절대무림신공,201706,Action/Adventure
4429,쓰리:서바이벌아일랜드,201808,Horror
4432,세인트아가타,202003,Horror
4433,"안녕,형아",201408,Drama
4437,감옥풍운[리마스터링],201507,Drama
4439,앤트맨,201903,SF/Fantasy
4439,앤트맨,201903,SF/Fantasy
4440,미션임파서블3,201201,Action/Adventure
4443,이스케이프플랜,201401,Action/Adventure
4445,나니아연대기:캐스피언왕자,201605,SF/Fantasy
4448,나의한국어선생님,201905,Comedy
4449,해리포터와불사조기사단,201701,SF/Fantasy
4449,해리포터와불사조기사단,201701,SF/Fantasy
4457,반지의제왕3:왕의귀환[확장판],201606,SF/Fantasy
4458,아직끝나지않았다,201807,Drama
4463,호텔아르테미스,201810,Thriller/Crime
4464,하트의전쟁,201909,Historical/War
4465,황산벌(2003),201605,Comedy
4472,용서는없다,201310,Thriller/Crime
4473,범죄해결특수반,202006,Thriller/Crime
4479,특수요원K,202006,Action/Adventure
4483,람보:라스트워,201912,Action/Adventure
4485,삼국지:명장관우(2011),201910,Historical/War
4489,볼케이노2017,201709,SF/Fantasy
4490,찬실이는복도많지,202004,SF/Fantasy
4506,파리로가는길,201709,Romance
4507,화려상반족:오피스,201611,Thriller/Crime
4508,몬스터런,202011,Action/Adventure
4510,나는살을빼기로결심했다,202009,Animation/Family
4513,울학교이티,201312,Comedy
4515,코러스(2004),202003,Drama
4517,나이트언데드,202101,Horror
4519,죠죠의기묘한모험-다이아몬드는부서지지않는다제1장,202007,Action/Adventure
4521,오!브라더스,201612,Comedy
4524,경호원,202004,Drama
4527,아이엠마더,201904,Drama
4528,파라노말액티비티2019,201909,Horror
4529,어카운턴트,201701,Action/Adventure
4530,베놈,201811,SF/Fantasy
4536,대소비도,201301,Comedy
4537,죄와벌,201906,Drama
4542,더터닝,202004,Horror
4544,이브들의발칙한수다,201811,Comedy
4549,라스트시크릿,202010,Thriller/Crime
4554,무협양축검접,201803,Romance
4556,눈의여왕[2D],201302,Animation/Family
4557,고질라(1954),201312,SF/Fantasy
4557,고질라(1954),201312,SF/Fantasy
4557,고질라(1954),201312,SF/Fantasy
4560,엘리제궁의요리사,201504,Comedy
4561,봉오동전투,201909,Historical/War
4565,죄많은소녀,201810,Thriller/Crime
4569,블러드다이아몬드파이널,201902,Action/Adventure
4572,공포의신생아실,201907,Horror
4574,아메리칸울트라,201602,Comedy
4585,크랙(2009),202003,Drama
4589,스페셜포스:블랙마운틴,202005,Historical/War
4590,메리포핀스[한글자막],201305,SF/Fantasy
4597,로봇전쟁,201710,SF/Fantasy
4608,50가지욕망의그림자,201711,Drama
4610,더히어로(2019),202007,Comedy
4617,쓰리썸머나잇[무삭제판],201508,Comedy
4620,문트랩:타겟어스,201803,SF/Fantasy
4621,강시선생3:영환도사,201909,Horror
4623,그레텔과헨젤,202007,SF/Fantasy
4630,프랑켄슈타인(1994),202004,Other
4632,스니치(2013),202103,Action/Adventure
4635,왕자와무희,201701,Comedy
4638,"두뇌유희프로젝트,퍼즐",201304,Thriller/Crime
4648,아사코,201904,Drama
4651,레미제라블:25주년런던라이브공연,201301,Other
4653,28주후,201505,Horror
4657,맨온렛지(2012),202005,Thriller/Crime
4660,원더풀라이프(1998),201801,Animation/Family
4670,소년은울지않는다,202003,Historical/War
4670,소년은울지않는다,202003,Historical/War
4675,델마와루이스(1991),201908,Drama
4676,텔미썸딩,201410,Thriller/Crime
4677,교실안의야크,202011,Drama
4682,명장,201508,Historical/War
4682,명장,201508,Historical/War
4685,일개인적무림,201504,Action/Adventure
4686,에브리바디원츠썸!!,201611,Comedy
4688,본콜렉터,201707,Thriller/Crime
4690,모데카이(2015),202012,Comedy
4691,강시선생(1985),202007,Horror
4698,퍼스트러브,202012,Thriller/Crime
4698,퍼스트러브,202012,Thriller/Crime
4703,좀비헌터,201708,Horror
4706,캐롤,201907,Drama
4707,히트맨:에이전트47,201510,Thriller/Crime
4713,진실금지구역,201710,Thriller/Crime
4715,도망자(1993),201505,Drama
4715,도망자(1993),201505,Drama
4716,캐리비안의해적:세상의끝에서,201907,SF/Fantasy
4721,아일라,201806,Historical/War
4725,배틀로얄2,202001,Action/Adventure
4727,28세미성년,201812,SF/Fantasy
4728,미드소마,201909,Horror
4728,미드소마,201909,Horror
4731,인비저블게스트,201710,Thriller/Crime
4736,노베이비즈온더필드,201607,Comedy
4737,블랑섹의기이한모험,202002,SF/Fantasy
4738,택시운전사,201709,Drama
4740,더블,201612,SF/Fantasy
4747,킬유어프렌즈,201712,Thriller/Crime
4749,우행록:어리석은자의기록,201901,Thriller/Crime
4755,다이하드4.0,201511,Action/Adventure
4767,고양이집사,202006,Documentary
4770,밀정1930,202012,Historical/War
4775,마터스:천국을보는눈,202006,Horror
4776,다가오는것들,201610,Drama
4779,"작년겨울,너와이별",201810,Drama
4787,미션이스탄불,201708,Action/Adventure
4790,더시크릿하우스,201808,Horror
4791,나의특별한형제,201905,Comedy
4792,더테이블,201709,Romance
4793,영웅본색2,201804,Thriller/Crime
4800,언페이스풀,201904,Drama
4801,콰이어트플레이스,201805,Horror
4804,"굿바이,입술",202008,Drama
4806,그날이온다,202101,Comedy
4807,싱글라이더,201703,Drama
4808,소두라,201811,Drama
4812,<소울>조가드너를만나다[별도편성],202103,Documentary
4813,로쿠로쿠요괴괴담,201811,Horror
4820,"가라,아이야,가라",201911,Other
4824,샤크프렌지,201907,Action/Adventure
4827,무림타이치-장삼풍,202011,Action/Adventure
4828,보통사람,201704,Drama
4831,콘스탄틴,201504,SF/Fantasy
4836,월-E,201305,SF/Fantasy
4836,월-E,201305,SF/Fantasy
4839,마녀를잡아라,202012,Animation/Family
4842,황비홍3:사왕쟁패,201512,Historical/War
4845,특수요원,202011,Action/Adventure
4847,"지난여름,갑자기+남쪽으로간다",201301,Romance
4854,에베레스트,201701,Action/Adventure
4854,에베레스트,201701,Action/Adventure
4856,너와나의21세기,202003,Drama
4859,마리아칼라스:세기의디바,201907,Documentary
4861,셰익스피어인러브(1998),202001,Romance
4863,미션(1986),201912,Historical/War
4865,인디아나존스-최후의성전,201402,Action/Adventure
4866,부탁하나만들어줘,201812,Thriller/Crime
4868,오살,202009,Thriller/Crime
4874,스타워즈:깨어난포스,201701,SF/Fantasy
4874,스타워즈:깨어난포스,201701,SF/Fantasy
4878,유열의음악앨범,201909,Romance
4890,윔피키드2(2011),201904,Comedy
4891,당신이사랑하는동안에(2004),201907,Romance
4892,와사비:레옹파트2,201903,Thriller/Crime
4901,서바이벌리스트,201612,Action/Adventure
4908,부다페스트로큰롤,201904,Other
4911,더원아이러브,201907,SF/Fantasy
4912,곡성,201606,Thriller/Crime
4915,기담,201501,Horror
4916,언디스퓨티드(2002),201803,Drama
4919,양철북[무삭제감독판],201711,Historical/War
4922,28시간후:더비기닝,202007,Horror
4928,그레이의50가지그림자[무삭제],201612,Romance
4930,신기전,201904,Historical/War
4931,퍼펙트건맨,202102,Action/Adventure
4932,어벤져스오브저스티스,201911,Action/Adventure
4934,마션,201511,SF/Fantasy
4936,이스케이프룸,201706,Horror
4937,퍼스널쇼퍼,201704,Drama
4943,샤오린2017:소림고수전,201710,Action/Adventure
4946,드래곤길들이기,201211,Animation/Family
4946,드래곤길들이기,201211,Animation/Family
4946,드래곤길들이기,201211,Action/Adventure
4955,캐리비안의해적:죽은자는말이없다,201806,SF/Fantasy
4956,비욘드라인,201911,Historical/War
4957,보헤미안걸,201902,Romance
4971,가필드(2004),201903,Comedy
4973,우리개이야기,202003,Drama
4976,타이탄,201504,SF/Fantasy
4979,닥터슬립,201912,Thriller/Crime
4987,염력,201803,Comedy
4992,패니힐,201209,Romance
4994,"러브,비하인드",202003,Comedy
4998,떼시스,201611,Horror
4999,한니발(2001),201904,Thriller/Crime
5007,사라져버린,202101,Horror
5011,"오늘,우리2",202102,Drama
5016,나는전설이다,201505,SF/Fantasy
5017,무수단,201701,Thriller/Crime
5020,주먹왕랄프2:인터넷속으로,201902,Animation/Family
5020,주먹왕랄프2:인터넷속으로,201902,Animation/Family
5022,정상회담살인사건,201901,Drama
5026,오마이그랜파,201611,Comedy
5026,오마이그랜파,201611,Comedy
5031,눈길(2017),201705,Drama
5036,첫사랑,202008,Other
5036,첫사랑,202008,Other
5038,오네긴,201304,Drama
5039,이클립스(2010),201812,SF/Fantasy
5041,짝패(2006),201606,Action/Adventure
5042,발몽,201312,Romance
5050,더그레이(2011),201804,Drama
5051,스파이서바이버,201510,Action/Adventure
5051,스파이서바이버,201510,Action/Adventure
5057,나나(2005),202003,Romance
5061,우리삼촌,201803,Comedy
5064,운명의칵테일,202004,Drama
5069,지니어스독,202009,Comedy
5073,동방삼협,201909,SF/Fantasy
5076,킹덤(2019),202005,Drama
5076,킹덤(2019),202005,Drama
5081,아뉴스데이,201704,Animation/Family
5084,라스트특공대,202102,Historical/War
5085,코코,201802,Animation/Family
5085,코코,201802,Animation/Family
5086,뷰티풀데이즈,201812,Drama
5087,보헤미안랩소디싱어롱추가팩,201901,Drama
5088,방울토마토,201403,Animation/Family
5089,이동진의라이브톡-그린북,201902,Other
5090,무협:강호수사대,201906,Action/Adventure
5091,CJ7:장강7호[중국어더빙],201703,SF/Fantasy
5096,왕의남자,201305,Drama
5098,스탠리의도시락,201612,Comedy
5099,셰임,201912,Drama
5104,아웃포스트(2020),202010,Historical/War
5104,아웃포스트(2020),202010,Historical/War
5105,옹박-무에타이의후예,201404,Action/Adventure
5107,테이크다운,201612,Action/Adventure
5110,무기여잘있거라,201508,Romance
5112,책도둑,201610,Historical/War
5114,고래사냥,201811,Drama
5116,국가대표2,201609,Drama
5119,어글리돌,201907,Animation/Family
5121,레슬러,201805,Comedy
5122,태양을덮다,202103,Drama
5130,아디오스,202008,Action/Adventure
5130,아디오스,202008,Action/Adventure
5131,나폴리:위험한유혹,201812,Thriller/Crime
5132,리바이어던,201504,Animation/Family
5134,포르투나의눈동자,201912,SF/Fantasy
5135,스파이더맨,200803,SF/Fantasy
5136,페어런트트랩,202004,Animation/Family
5142,스피닝맨,201904,Thriller/Crime
5145,베리드(2010),201906,Drama
5153,아이엠(IAM),201210,Drama
5155,아슈라,202007,Horror
5157,천녀유혼3-도도도,202004,Horror
5166,로맨스빠빠,201812,Romance
5168,비밀,201404,Romance
5168,비밀,201404,Romance
5168,비밀,201404,Romance
5168,비밀,201404,Romance
5169,데블스오운(1997),201902,Thriller/Crime
5170,빙봉협:시공행자,201904,SF/Fantasy
5178,위시어폰,201709,Horror
5179,강호용호문,201909,Thriller/Crime
5182,산책하는침략자,201808,SF/Fantasy
5184,궁(2013),201903,Comedy
5188,하루(2017),201707,Drama
5188,하루(2017),201707,Drama
5188,하루(2017),201707,Drama
5188,하루(2017),201707,Drama
5193,애나벨,201807,Horror
5194,드림랜드,202102,Animation/Family
5197,오늘의연애,201502,Romance
5198,체포왕,201610,Comedy
5199,기막힌사내들(1998),202103,Comedy
5200,마음에부는바람,202011,Other
5203,레이디와트램프,201701,Animation/Family
5206,애프터:그후,202010,Romance
5214,레이디맥베스,201708,Drama
5218,어린왕자(2015),202102,SF/Fantasy
5220,원더우먼1984,202101,Action/Adventure
5221,리오,201505,Drama
5222,타타라사무라이,201807,Comedy
5226,유령선,202005,Documentary
5228,경찰서를털어라(1999),202003,Thriller/Crime
5229,쥬라기공원3,201612,SF/Fantasy
5230,적인걸2:신도해왕의비밀[감독판],201901,Thriller/Crime
5231,인세인,202102,Thriller/Crime
5232,공작부인:세기의스캔들,201302,Historical/War
5234,K-19위도우메이커(2001),202002,Historical/War
5236,아가씨,201611,Romance
5240,하녀(2010),201612,Romance
5240,하녀(2010),201612,Romance
5241,두개의달,201208,Horror
5244,리틀프린세스소피아:진정한용기,201901,SF/Fantasy
5244,리틀프린세스소피아:진정한용기,201901,SF/Fantasy
5252,캠퍼스S커플,201809,Comedy
5262,핀란드메탈밴드,202004,Comedy
5263,미드웨이(2019),202001,Drama
5264,택시3,202004,Comedy
5266,인투더스톰,201504,Action/Adventure
5269,토이스토리4,201910,Animation/Family
5269,토이스토리4,201910,Animation/Family
5271,아이덴티티(2003),201707,Action/Adventure
5272,노벰버크리미널즈,201908,Thriller/Crime
5280,명당,201810,Historical/War
5282,더마우스,201907,Animation/Family
5284,밀애,201906,Romance
5284,밀애,201906,Romance
5287,명탐정피카츄,201906,Action/Adventure
5287,명탐정피카츄,201906,Action/Adventure
5297,데스노트:더뉴월드,201704,Thriller/Crime
5298,해바라기,201301,Action/Adventure
5299,언더파이어,201805,Action/Adventure
5306,108영웅:전설의무공,201905,Action/Adventure
5308,아이스틸씨유,201901,SF/Fantasy
5322,아쿠아맨,201901,Action/Adventure
5326,더블패티,202103,Drama
5329,식스틴블럭[특별판],201911,Thriller/Crime
5331,파라다이스힐스,202003,SF/Fantasy
5333,닌자어쌔신,201504,Drama
5336,퓨리,201412,Drama
5337,배심원들,201906,Drama
5344,셜록홈즈,201504,Thriller/Crime
5348,장교와스파이,202012,Drama
5351,에어포스원,201707,Drama
5352,맨오브스틸,201503,SF/Fantasy
5356,록키2(1979),201812,Drama
5361,어메이징스파이더맨2,201503,SF/Fantasy
5366,사과씨의맛,201911,Drama
5367,12몽키즈(1996),201605,SF/Fantasy
5372,화려한휴가,201304,Drama
5373,로드투로마,201712,Romance
5375,바베트의만찬(1996),201910,Drama
5377,해피해피브레드,201208,Drama
5381,방세옥-천하대전,201907,Drama
5385,덩케르크,201712,Historical/War
5388,침묵,201711,Thriller/Crime
5389,아버지를위한노래,201901,Thriller/Crime
5395,타잔(1999),201404,Animation/Family
5396,자헤드:그들만의전쟁,201606,Historical/War
5397,즐거운인생,201303,Drama
5398,데스위시(2018),201810,Thriller/Crime
5398,데스위시(2018),201810,Thriller/Crime
5400,데스레이스(2008),201405,Action/Adventure
5405,올드보이[리마스터링],201312,Action/Adventure
5406,엘♥디케이러브하우스,201911,Romance
5411,인턴형사오견식,201907,Thriller/Crime
5414,다만악에서구하소서,202009,Thriller/Crime
5416,라이프(2017),202002,Action/Adventure
5419,아이필프리티,201807,Comedy
5422,해피댄싱,201811,Drama
5424,트윈스터즈,202002,Documentary
5434,모비딕(2011),201901,Drama
5437,"열여덟,열아홉",201612,Romance
5438,제7기사단,202006,Action/Adventure
5441,콜로니,201402,Drama
5443,체신,201911,Romance
5445,소드마스터:절대강호의죽음,201706,Action/Adventure
5447,악마의씨,202102,Horror
5451,다크아이리스,201810,SF/Fantasy
5460,비독:파리의황제,202009,Thriller/Crime
5463,리턴투센더,201701,Thriller/Crime
5464,그여자작사그남자작곡,201505,Romance
5466,샷콜러,201805,Thriller/Crime
5468,다이하드2,201510,Action/Adventure
5470,고질라(2014),201610,SF/Fantasy
5470,고질라(2014),201610,SF/Fantasy
5470,고질라(2014),201610,SF/Fantasy
5474,러브레터(1995),202101,Romance
5475,도살자들:돌아온텍사스전기톱살인자,202102,Horror
5483,인간실격,202005,SF/Fantasy
5483,인간실격,202005,SF/Fantasy
5488,밤과함께,202003,Romance
5489,플라워쇼,201611,Animation/Family
5491,포커스,201711,Horror
5492,더컨덕터,201911,Drama
5493,뷰티인더글라스,202102,SF/Fantasy
5496,포스카인드,201911,SF/Fantasy
5499,함정(2015),202102,Drama
5499,함정(2015),202102,Drama
5499,함정(2015),202102,Drama
5504,트레이닝데이(2001),201803,Drama
5508,마더!,201711,Thriller/Crime
5509,아이스맨,201403,Thriller/Crime
5509,아이스맨,201403,Thriller/Crime
5512,신밧드:7대양의전설,201811,SF/Fantasy
5514,고양이와할아버지,202004,Drama
5520,겟아웃,201706,Horror
5522,침입자들,201909,Other
5523,하늘에서음식이내린다면2,201312,Comedy
5529,가스등,202008,Drama
5532,투빅맨,202010,Comedy
5535,배틀로얄[무삭제판],201606,Drama
5536,에멜리,202012,Thriller/Crime
5537,퍼펙트게임(2011),201807,Drama
5541,13구역:크로스파이어,201205,Thriller/Crime
5552,앨빈과슈퍼밴드:악동어드벤처,201701,Animation/Family
5557,스타워즈5:제국의역습,201701,Documentary
5558,화광여인,201912,Drama
5562,웜바디스,201612,Romance
5565,365일:비밀의여자,202102,Thriller/Crime
5568,니모를찾아서[2D],201701,Animation/Family
5569,5솔저스,201902,Historical/War
5576,센츄리온,202008,Drama
5581,크로우즈제로(2007),201607,Thriller/Crime
5588,리-에볼루션,201810,Action/Adventure
5592,아이엠어히어로,201611,Horror
5593,공작,201809,Drama
5596,마약전쟁(2019),201904,Thriller/Crime
5596,마약전쟁(2019),201904,Thriller/Crime
5599,래비지,202010,Thriller/Crime
5601,아메리칸패스토럴,201706,Animation/Family
5605,러브액츄얼리,201601,Romance
5614,시리아나(2005),202001,Drama
5619,파울볼,201504,Documentary
5633,송가인더드라마,202103,Documentary
5634,노인을위한나라는없다,201211,Thriller/Crime
5636,다크워터스,202004,Historical/War
5642,호밀밭의반항아,201811,Drama
5646,스튜어트리틀2(2002),202004,SF/Fantasy
5654,스푸트닉,202102,SF/Fantasy
5668,멜랑콜리아(2011),201705,SF/Fantasy
5669,대부,201506,Thriller/Crime
5671,사랑의선물,201910,Drama
5678,내친구의사생활(2008),202006,Comedy
5683,무서운이야기3:화성에서온소녀,201606,Horror
5685,올드가드인런던,202008,Action/Adventure
5699,브이아이피,201709,Thriller/Crime
5700,까미유끌로델,201612,Drama
5703,조작된도시,201703,Thriller/Crime
5706,뉴문,201407,Animation/Family
5707,로미오와줄리엣(1968),201812,Romance
5707,로미오와줄리엣(1968),201812,Romance
5715,강철대오:구국의철가방,202008,Comedy
5719,마일22,201809,Action/Adventure
5720,더문(2009),202002,SF/Fantasy
5722,레이드2(2014),202009,Thriller/Crime
5724,아홉살인생,201410,Drama
5725,에스코바르,201811,Thriller/Crime
5729,매디슨카운티의다리,201504,Romance
5730,에베레스트(2019),202007,Action/Adventure
5730,에베레스트(2019),202007,Action/Adventure
5735,아이엠우먼,202101,Romance
5738,장산범,201709,Thriller/Crime
5740,와이키키브라더스,202003,Drama
5741,만신,201911,Documentary
5742,백투더퓨쳐,201506,SF/Fantasy
5743,마지막황제,201503,Historical/War
5748,하이에나로드,202003,Historical/War
5753,가문의위기:가문의영광2,201901,Thriller/Crime
5760,멋진하루,201304,Romance
5760,멋진하루,201304,Romance
5763,인어공주(1989),201912,Romance
5763,인어공주(1989),201912,SF/Fantasy
5763,인어공주(1989),201912,Romance
5763,인어공주(1989),201912,SF/Fantasy
5763,인어공주(1989),201912,Romance
5765,나우유씨미:마술사기단(2013),201810,Thriller/Crime
5766,진용,201607,Historical/War
5767,검우강호(2010),201611,Action/Adventure
5770,위시유,202101,Drama
5774,언피니시드(2010),201805,Drama
5776,선희와슬기,201904,Drama
5781,인생은아름다워(1997),201903,Comedy
5786,천녀유혼(2011),201702,Horror
5786,천녀유혼(2011),201702,Horror
5787,미스푸줏간[무삭제판],201706,Comedy
5787,미스푸줏간[무삭제판],201706,Comedy
5790,트립투스페인,201805,Comedy
5795,백문오갑,202101,SF/Fantasy
5796,엑스맨2,201505,SF/Fantasy
5797,헌터킬러,201901,Action/Adventure
5803,사랑과영혼,201301,Comedy
5811,몬스터(2014),201907,Drama
5811,몬스터(2014),201907,Drama
5811,몬스터(2014),201907,Drama
5811,몬스터(2014),201907,Drama
5819,족구왕,201508,Comedy
5821,사랑과영혼:헬로우고스트,202011,Comedy
5822,비거스플래쉬,201612,Romance
5825,쇼독스:언더커버캅스,202007,Action/Adventure
5826,단장검,201504,Documentary
5827,고스트스토리,201801,SF/Fantasy
5832,노무현입니다,201707,Documentary
5835,혈투,201407,Historical/War
5839,항마전:황금룡의부활,201808,SF/Fantasy
5841,용의자X의헌신(2008),202006,Thriller/Crime
5843,해피투게더(1997)[리마스터링],202103,Romance
5844,님포매니악볼륨1,201407,Drama
5848,응보,202009,Horror
5852,처키의저주,202011,Horror
5853,설국열차,201404,SF/Fantasy
5854,스킵트레이스:합동수사,202103,Comedy
5855,대호,201601,Historical/War
5857,데드워터(2019),202005,Horror
5867,로베르토의특별한일주일,201605,Comedy
5871,적벽대전2부:최후의결전,201901,Historical/War
5875,시크릿가든,202008,SF/Fantasy
5875,시크릿가든,202008,SF/Fantasy
5877,나홀로집에2,201511,Animation/Family
5879,"크레이지,스투피드,러브",201504,Romance
5881,도가니,201201,Drama
5892,인크레더블2[디지털특별판],201810,Animation/Family
5893,클로저,201302,Romance
5894,삼국지:용의부활,202002,Historical/War
5896,소원,202009,Drama
5902,라붐1,202004,Documentary
5904,레드스프링아포칼립스,201901,Horror
5909,파이널리벤지,202101,Historical/War
5912,밀리언달러베이비(2004),201901,Drama
5913,짱[무삭제판],201903,Drama
5914,젊은이의양지,202011,Drama
5914,젊은이의양지,202011,Drama
5922,사자,201908,Other
5924,"메리,퀸오브스코틀랜드",201903,Drama
5931,의적로빈후드,202003,Action/Adventure
5938,코드명J,201210,SF/Fantasy
5944,스테이트오브플레이,201404,Thriller/Crime
5946,엑시트,201909,Comedy
5955,언더월드(2003),201602,Horror
5964,언더워터,201610,Thriller/Crime
5964,언더워터,201610,Thriller/Crime
5966,몽타주,201901,Drama
5970,유주얼서스펙트,201201,Thriller/Crime
5971,곰돌이푸다시만나행복해,201811,Action/Adventure
5971,곰돌이푸다시만나행복해,201811,Action/Adventure
5976,잭리처:네버고백,201701,Thriller/Crime
5977,메이즈러너,201801,SF/Fantasy
5979,아이스프린세스,201801,Animation/Family
5981,도쿄오아시스(2011),201908,Drama
5982,스카이아크:지구최후의날,201510,SF/Fantasy
5983,골든슬럼버[가치봄],202009,Thriller/Crime
5985,빌리엘리어트(2000),201702,Animation/Family
5987,청담보살,201508,Comedy
5991,애정중독,201701,Drama
5993,폴레트의수상한베이커리,201512,Drama
5994,난징!난징!,202010,Historical/War
5995,일대고수,201403,Action/Adventure
6002,나이팅게일(2020),202101,Thriller/Crime
6003,침입자(2020)[별도편성][예고편],202102,Thriller/Crime
6004,블러드머신,202102,SF/Fantasy
6008,문라이즈킹덤,201302,Romance
6009,타임라인(2003),201510,SF/Fantasy
6017,사바하,201903,Thriller/Crime
6024,신패왕화:예스마담,202103,Action/Adventure
6026,아이언맨2,201505,SF/Fantasy
6031,당신이잠든사이에(1995),201612,Comedy
6034,파운더,201705,Drama
6038,볼리션:미래를보는자,202103,SF/Fantasy
6039,야누스:욕망의두얼굴,202003,Thriller/Crime
6044,신의한수,201408,Thriller/Crime
6047,행복한라짜로,201908,SF/Fantasy
6048,트리플엑스(2002),202004,Action/Adventure
6049,나이스걸라이크유,202012,Romance
6052,카센타,201912,Thriller/Crime
6058,몬스터(2018),201911,Drama
6063,잠수종과나비,202011,Drama
6065,포세이돈(2013),201409,SF/Fantasy
6067,레볼루션아일랜드2,201710,SF/Fantasy
6069,라스트레터(2018)[별도편성][예고편],202103,Romance
6071,에너미앳더게이트,201808,Historical/War
6073,알렉산더(2004),202002,Historical/War
6075,웨이다운,202103,Action/Adventure
6080,롤플레이2:동침,201907,Romance
6081,블러드심플,201911,Thriller/Crime
6082,내부자들,201601,Thriller/Crime
6089,대통령의7시간,201912,Documentary
6090,판더믹,201808,Action/Adventure
6094,"어디갔어,버나뎃",202010,Comedy
6095,앵커,202003,Drama
6096,공주와개구리,201706,Romance
6096,공주와개구리,201706,Romance
6099,비포선셋,201504,Drama
6102,브레이븐,201809,Drama
6117,인어이야기,201712,Animation/Family
6123,자매의공동묘지,202005,Horror
6129,소림사:전설의고수,201803,Historical/War
6136,포드V페라리,202001,Drama
6143,명탐정코난:괴조전설의수수께끼,201708,Thriller/Crime
6157,편지,201308,Animation/Family
6167,엑스맨:아포칼립스,201607,SF/Fantasy
6169,복수의밤,202102,Thriller/Crime
6172,더리더:책읽어주는남자,201701,Historical/War
6176,암수살인,201808,Thriller/Crime
6177,나의청춘은너의것,202005,Romance
6178,스카이라인:더비욘드,201904,SF/Fantasy
6181,[OCEAN공개]하이큐!!또다른도전,202103,Animation/Family
6183,언셀러,201503,Thriller/Crime
6188,우아한거짓말,201405,Drama
6189,오버드라이브(2018),202001,Action/Adventure
6190,경계선,201911,Thriller/Crime
6193,미션임파서블:로그네이션,201509,Action/Adventure
6195,대전차특공대:스페셜포스,201711,Historical/War
6201,적인걸:측전무후의비밀,201812,Action/Adventure
6203,더포스트,201804,Drama
6207,2046[리마스터링],202103,Drama
6208,연애완전정복[무삭제판],202009,Other
6210,러브인프로방스,201902,Drama
6216,복수는나의것,201410,Thriller/Crime
6216,복수는나의것,201410,Thriller/Crime
6219,앱솔루틀리애니씽,201612,SF/Fantasy
6222,진정령생혼,202007,Action/Adventure
6223,로스트인파리,201705,Romance
6224,무림지존:천하제일검,201703,Drama
6226,가족의탄생(2006),201612,Drama
6233,에움길,201907,Documentary
6236,에이리언:커버넌트,201706,SF/Fantasy
6239,부력,202007,Thriller/Crime
6242,토이스토리2,201703,Animation/Family
6242,토이스토리2,201703,Animation/Family
6245,네가원한다면,201902,Drama
6249,음치클리닉,201301,Comedy
6252,헤븐퀘스트,202007,SF/Fantasy
6260,먹거나먹히거나,201910,Thriller/Crime
6271,레컨,202103,Historical/War
6275,포카혼타스,201405,Animation/Family
6275,포카혼타스,201405,Animation/Family
6279,맞짱의신:시라소니,202007,Action/Adventure
6281,라이온킹2,201612,Animation/Family
6287,두근두근내인생(2014),201910,Drama
6288,데이라이트,201903,Thriller/Crime
6291,리플리,201406,Thriller/Crime
6301,외전혜옥란,201909,Drama
6303,태풍이지나가고,201611,Drama
6306,러브,201209,Drama
6306,러브,201209,Drama
6319,간첩,201211,Comedy
6323,범죄도시(2017),201711,Thriller/Crime
6323,범죄도시(2017),201711,Thriller/Crime
6324,용쟁호투:전설의시작,201804,Drama
6326,로스트:직소퍼즐,201809,Horror
6327,"색,계(2007)",201907,Romance
6329,레드배드,201811,Historical/War
6330,사운드오브뮤직(1965),201603,Other
6332,신요괴전:나타요해,201910,SF/Fantasy
6334,들개들,202008,Thriller/Crime
6336,차일드44,201612,Thriller/Crime
6337,메카닉:리크루트,201702,Thriller/Crime
6340,트랜스포머,201111,SF/Fantasy
6341,팔극권:불공대천,201704,Drama
6343,더렌탈:소리없는감시자,202009,Horror
6346,UFO스케치,202103,Documentary
6349,미션임파서블:고스트프로토콜,201203,Action/Adventure
6350,헬로우고스트,201508,Comedy
6352,파크,201711,Animation/Family
6360,체인질링,201701,Thriller/Crime
6362,용의자,201902,Animation/Family
6362,용의자,201902,Animation/Family
6362,용의자,201902,Animation/Family
6364,내가널사랑할수없는10가지이유,202002,Comedy
6365,안경(2007),202003,Drama
6369,리턴(2007),202007,Drama
6372,어떤관계,202011,Drama
6373,택시드라이버,201210,Drama
6377,저스티스리그,201712,SF/Fantasy
6381,찰리와초콜릿공장,201610,SF/Fantasy
6384,GP506,201901,Thriller/Crime
6396,어스인베이젼,202101,SF/Fantasy
6397,착신아리1,201612,Horror
6400,열정의제국[리마스터링],201509,Horror
6402,절대연필,202003,Comedy
6412,트랜스포머:사라진시대,201409,SF/Fantasy
6413,라푼젤,201908,Animation/Family
6413,라푼젤,201908,Animation/Family
6416,데드맨1부:복수의서막,201904,Action/Adventure
6417,어롱웨이다운,201701,Comedy
6424,슬리핑위드아더피플,201511,Comedy
6427,아웃랜더,201503,SF/Fantasy
6430,타운,201504,Thriller/Crime
6432,독고리와인드(2018)[하],201810,Drama
6436,윈드리버,201709,Thriller/Crime
6436,윈드리버,201709,Thriller/Crime
6444,미션임파서블1,201808,Action/Adventure
6451,트리플엑스2:넥스트레벨,202003,Thriller/Crime
6453,항거:유관순이야기[가치봄],202009,Drama
6457,사랑하기때문에,201701,Comedy
6458,트랩(2007),202012,Thriller/Crime
6462,컨트랙티드2,201902,Horror
6467,폴라익스프레스,201504,Animation/Family
6468,표적,201406,Drama
6468,표적,201406,Drama
6470,하이스쿨뮤지컬(2006),201812,Animation/Family
6475,메리미,201610,Comedy
6475,메리미,201610,Romance
6476,죽이러갑니다,201407,Comedy
6477,이모티:더무비,201708,Animation/Family
6477,이모티:더무비,201708,Animation/Family
6479,호두까기인형과4개의왕국,201901,SF/Fantasy
6479,호두까기인형과4개의왕국,201901,SF/Fantasy
6487,아라한장풍대작전,201305,Drama
6490,엑스마키나,201502,SF/Fantasy
6491,<소울>의음악[별도편성],202103,Documentary
6494,디어미,201207,Comedy
6497,이니시에이션러브,201701,Romance
6498,달나라에사는여인,201912,Romance
6500,에이아이,201504,Other
6506,울프콜,202003,Action/Adventure
6512,스텝업3,201305,Romance
6515,래빗홀(2010),201612,Animation/Family
6518,크림슨타이드(1995),201711,Action/Adventure
6519,청설(2009),201811,Romance
6519,청설(2009),201811,Romance
6520,툴리,201812,Drama
6521,더시크릿(2021),202101,Thriller/Crime
6521,더시크릿(2021),202101,Thriller/Crime
6522,질투,202004,Romance
6524,"그아이의,포로",201904,Romance
6525,대부:끝나지않은이야기,201612,Thriller/Crime
6531,맹룡과강,201909,Thriller/Crime
6533,익스펜더블3,201911,Action/Adventure
6533,익스펜더블3,201911,Action/Adventure
6540,몽키킹:손오공의탄생,201909,SF/Fantasy
6544,동갑내기과외하기,201410,Comedy
6545,째즈빠히로시마,201402,Romance
6550,나이트크롤러,202004,Thriller/Crime
6555,하이큐!!또다른도전,202006,Animation/Family
6559,토네이도:지구재앙의날,202005,Action/Adventure
6562,천군,201305,Action/Adventure
6564,다운폴,201401,Historical/War
6565,에이지오브투모로우,201612,SF/Fantasy
6566,새벽의저주:좀비랜드,201710,SF/Fantasy
6568,아이즈온미:더무비,202011,Other
6572,요묘전:레전드오브더데몬캣,201808,SF/Fantasy
6573,"마리오푸조의대부,에필로그:마이클콜레오네의죽음",202012,Thriller/Crime
6574,반교:디텐션,202008,Horror
6579,슈퍼맨리턴즈,201504,SF/Fantasy
6580,보리vs매켄로,201805,Drama
6588,리틀포레스트2:겨울과봄,201508,Drama
6591,상은:너에게중독되다,201906,Romance
6593,체인지오버,201910,SF/Fantasy
6594,고스트오브워,202009,Horror
6610,무림쟁패:황제암살단,201702,Drama
6612,펠론(2008),201903,Thriller/Crime
6621,내이야기!!(2018),201804,Romance
6626,제인에어,201809,Romance
6636,페르시아의왕자:시간의모래,201402,SF/Fantasy
6637,공수도,202009,Comedy
6641,매기,201701,Drama
6647,석조저택살인사건,201705,Thriller/Crime
6648,메가크로커다일,202009,SF/Fantasy
6649,트윈이펙트,201404,SF/Fantasy
6650,엑스텐션(2003),202006,Horror
6654,뱅가드,202101,Action/Adventure
6657,동사서독리덕스(2008),202007,Drama
6662,테러시티22,201907,Drama
6664,패스트앤퓨리어스-도쿄드리프트,201506,Thriller/Crime
6670,롬멜:사막의여우,202009,Historical/War
6673,바람과함께사라지다(2012),202011,Historical/War
6679,미이라2,201701,Horror
6691,악마를보았다,201112,Thriller/Crime
6691,악마를보았다,201112,Thriller/Crime
6693,맹진사댁경사,201812,Comedy
6697,아기와나(2017),201712,Drama
6703,내겐너무어려운연애,202102,Comedy
6704,작은아씨들(1949),201605,Drama
6704,작은아씨들(1949),201605,Drama
6708,톰과제리,202103,Animation/Family
6708,톰과제리,202103,Animation/Family
6711,월드워Z:아포칼립스,201912,Horror
6714,파퍼씨네펭귄들(2011),201708,Comedy
6715,크롤(2019),201912,Action/Adventure
6715,크롤(2019),201912,Action/Adventure
6718,인투더포레스트,201711,Thriller/Crime
6728,몽상가들(2003),201911,Romance
6729,애니멀크래커,202008,SF/Fantasy
6729,애니멀크래커,202008,SF/Fantasy
6732,시크릿레터,201712,Romance
6741,카운트다운(2019),202001,Horror
6743,인셉션,201503,Thriller/Crime
6744,러브앳,201912,Romance
6745,인생후르츠,201901,Documentary
6748,헬렌:내영혼의자화상,202103,Drama
6750,오타쿠에게사랑은어려워,202010,Romance
6752,좀비랜드:더블탭,201912,Horror
6755,파파로티,201612,Drama
6765,나의붉은고래,201706,SF/Fantasy
6765,나의붉은고래,201706,SF/Fantasy
6774,노굿디드(2014),201602,Thriller/Crime
6782,1941:세바스토폴상륙작전,201605,Historical/War
6783,바다의뚜껑,201610,Drama
6787,사랑도통역이되나요?(2003),201612,Romance
6789,라라걸,202005,Drama
6791,T-34,201906,Historical/War
6800,소스코드(2011),201810,SF/Fantasy
6802,헤이와이어(2012),202012,Action/Adventure
6806,콜드체이싱,201904,Action/Adventure
6812,터미네이터:제니시스,201810,SF/Fantasy
6814,상류사회(2018)[확장판],201812,Drama
6819,촉산전,201403,Action/Adventure
6821,너의여자친구,201912,Romance
6829,7번방의선물,201812,Comedy
6830,얼론,202011,Action/Adventure
6832,태양의소녀들,202011,Historical/War
6834,썬샤인패밀리,202007,Comedy
6835,내셔널트레져:비밀의책(2007),201904,Action/Adventure
6841,잘나가는그녀에게왜애인이없을까,201903,Romance
6844,오페라의유령:25주년특별공연,201204,Other
6847,난그녀와키스했다,201508,Comedy
6848,가려진시간,201701,SF/Fantasy
6849,쿠르스크,201901,Drama
6853,피의자:사라진증거,201506,Drama
6855,마이걸(1991),202004,Romance
6858,그녀에게[리마스터링],201601,Drama
6859,침묵의시선,202002,Documentary
6864,호빗:뜻밖의여정[확장판],201612,SF/Fantasy
6865,당신에게도사랑이다시찾아올까요?,201310,Romance
6871,계춘할망,201607,Animation/Family
6879,"나,다니엘블레이크",201701,Drama
6880,언더워터(2020),202006,Thriller/Crime
6880,언더워터(2020),202006,Thriller/Crime
6885,몰리스게임,201809,Drama
6886,엽기적인그녀,201308,Comedy
6891,그곳에서만빛난다,201703,Romance
6898,리허설,201702,Documentary
6907,태평륜완결편,201802,Historical/War
6914,자금성금의위,202009,Action/Adventure
6916,언노운솔저디오리지날,201906,Historical/War
6918,아기돼지3형제와쿵푸랜드,201802,Action/Adventure
6921,세상의종말을예언하는소년:프로디지,201909,Drama
6924,300(2006),201503,Drama
6927,47미터2,201910,Horror
6934,환타지아(1940),201811,SF/Fantasy
6943,미쓰홍당무(2008),202009,Comedy
6948,천문:하늘에묻는다,202001,Historical/War
6954,러브앤프렌즈,201609,Drama
6957,영웅:천하의시작(2002)[무삭제판],202007,Historical/War
6958,퀸카로살아남는법,201203,Comedy
6959,아웃오브아프리카(1985),201904,Romance
6962,후크(1991),201901,SF/Fantasy
6964,미녀삼총사2:맥시멈스피드,201209,Comedy
6970,빅샤크:매직체인지,201807,Animation/Family
6972,액트오브디파이언스,201805,Thriller/Crime
6973,오빠생각,201810,Historical/War
6974,퍼펙트머더,202001,Drama
6975,싱스트리트,201611,Romance
6977,작전명D-DAY,202001,Historical/War
6984,검투사아틸라,201612,Action/Adventure
6985,진링의13소녀,201311,Historical/War
6986,빈(1997),202001,Drama
6994,럭키몬스터,202012,Drama
6997,뷰티풀뱀파이어(2018),201810,SF/Fantasy
7000,최저,201911,Drama
7001,기생충,201907,Drama
7004,낙원-파라다이스,202003,Romance
7013,영웅:천하의시작,201904,Historical/War
7015,군함도[감독판],201712,Drama
7020,마리오네트,202103,Thriller/Crime
7022,엑스맨:퍼스트클래스,201505,Action/Adventure
7025,레지던트이블4:끝나지않은전쟁,201303,Horror
7027,기술자들,201808,Thriller/Crime
7033,도망자2,202001,Action/Adventure
7034,미녀와야수[시그니처콜렉션],201704,SF/Fantasy
7038,영웅호색소패왕:세명의신부,201907,Comedy
7042,군함도,201709,Drama
7042,군함도,201709,Drama
7054,비홀드마이하트,202006,Drama
7056,발칸라인,202005,Historical/War
7059,슈퍼배드2,201611,Animation/Family
7061,원스어폰어타임인아메리카[감독확장판],202006,Action/Adventure
7063,오페라의유령(2006),201805,Other
7068,최종병기활[확장판],201607,Historical/War
7069,무인곽원갑:금강대전,202103,Other
7070,스누피:더피너츠무비,201601,Animation/Family
7070,스누피:더피너츠무비,201601,Animation/Family
7083,서유기:월광보합,201206,SF/Fantasy
7093,아수라도,202103,Thriller/Crime
7096,에이전트레드,201601,Action/Adventure
7097,[OCEAN공개]마이미씽발렌타인,202102,Comedy
7101,옥희의영화,201307,Romance
7102,허큘리스,201608,Action/Adventure
7106,대통령의연인,201505,Romance
7109,라스트베르메르,202103,Drama
7120,뮤직앤리얼리티,202102,Drama
7121,논스톱(2014),201405,Action/Adventure
7124,프로젝트A(1983),202005,Comedy
7133,간이역,202102,Drama
7135,유브갓메일,201512,Comedy
7136,비밀애(2018),201802,Romance
7139,쇼크웨이브,201711,Action/Adventure
7141,간신,201506,Historical/War
7141,간신,201506,Historical/War
7142,러브인비즈니스클래스,202003,Romance
7143,내안의그놈,201902,SF/Fantasy
7146,콘트라밴드(2012),201805,Action/Adventure
7150,감각의제국(1976),201907,Drama
7151,호수괴물,201703,Horror
7152,강시:리거모티스,201902,Horror
7155,금의위3:황제의검,202008,Action/Adventure
7156,영화판(2012),201812,Documentary
7157,클럽버터플라이(2001),201908,Drama
7159,심야식당(2015),202007,Drama
7160,인필트레이터:잠입자들,201610,Thriller/Crime
7163,연애소설,201212,Drama
7165,블라인드디텍티브(2013),202012,Thriller/Crime
7169,비밀이아닌이야기,202101,Drama
7173,사채왕페그,202009,Thriller/Crime
7174,개에게처음이름을지어준날,201704,Documentary
7177,더프레데터,201811,SF/Fantasy
7182,인디펜던스데이:리써전스,201611,SF/Fantasy
7184,그누구도아닌,202003,Drama
7185,엘리트,201805,Action/Adventure
7195,아름다운별,201801,SF/Fantasy
7201,소년,201711,SF/Fantasy
7203,303전투비행단,201905,Historical/War
7204,제이슨본,201611,Action/Adventure
7206,치어댄스,201709,Comedy
7208,맨체스터바이더씨,201704,Drama
7209,괴담,201812,Other
7211,버닝(2018),201806,Thriller/Crime
7214,커뮤터,201803,Action/Adventure
7216,언플랜드,202101,Drama
7220,백조공주:왕가의비밀(2014),202003,Animation/Family
7221,반지의제왕2:두개의탑[확장판],201606,SF/Fantasy
7222,오늘의키라군,201709,Romance
7228,메시지맨,201908,Thriller/Crime
7229,자칼이온다,202006,Comedy
7230,복면달호,201511,Comedy
7232,음양검:간장막야,202007,Documentary
7233,엘스톰:부패방지수사국,202012,Thriller/Crime
7243,하와이언레시피,201407,Drama
7247,밴티지포인트(2008),201405,Drama
7251,범죄와의전쟁:나쁜놈들전성시대,201311,Thriller/Crime
7252,인펙션(2020),202012,Horror
7252,인펙션(2020),202012,Horror
7253,쿵푸팬더(2008),201807,Animation/Family
7256,블랙사이트,201905,SF/Fantasy
7256,블랙사이트,201905,SF/Fantasy
7260,타임패러독스,201512,SF/Fantasy
7261,클로젯,202003,Thriller/Crime
7263,퍼시픽림:업라이징,201804,SF/Fantasy
7268,욕망이라는이름의전차,201312,Drama
7269,빌로우허,201709,Drama
7271,와호장룡무림강호,201912,Other
7272,롱리브더킹:목포영웅,201907,Drama
7278,슈퍼햄찌,201910,SF/Fantasy
7286,최악의하루,201910,Romance
7287,비트(1997),201812,Drama
7291,백악관최후의날,201306,Action/Adventure
7292,위험한정사(2015),201811,Drama
7293,굿모닝하트에이크,201401,Romance
7298,미드나잇인파리(2011),201908,Romance
7300,마이스파이,202005,Comedy
7301,투러버스,201901,Romance
7305,도묘필기:제국의서막,201807,Thriller/Crime
7311,페이퍼보이:사형수의편지,202011,Thriller/Crime
7312,초능력자,201910,SF/Fantasy
7321,라스트레터,202102,Romance
7321,라스트레터,202102,Romance
7322,폴워커의네고시에이터,201903,Thriller/Crime
7327,진범,201908,Thriller/Crime
7336,위베어베어스더무비,202009,Animation/Family
7336,위베어베어스더무비,202009,Animation/Family
7337,쿵푸트래블러:남권,201810,Action/Adventure
7340,몬스터헌터,202102,Action/Adventure
7353,크루즈패밀리[2D],201411,Animation/Family
7354,스테이션7,201712,Drama
7359,월요일이사라졌다,201803,Action/Adventure
7360,와일드카드,201204,Thriller/Crime
7361,아쿠아슬래시,202007,Horror
7362,열화전차(1995),201907,Action/Adventure
7363,집으로...,201909,Drama
7366,명탐정코난:검은조직과의대결,201709,Thriller/Crime
7368,프란치스코,201811,Drama
7370,생존자들,201901,Action/Adventure
7373,프리즌,201704,Drama
7376,쥬만지:넥스트레벨,202002,Action/Adventure
7376,쥬만지:넥스트레벨,202002,Action/Adventure
7380,배틀필드전쟁의사상자들,201802,Historical/War
7388,다만악에서구하소서파이널컷,202011,Action/Adventure
7391,시동,202001,Documentary
7394,점퍼:더비기닝,201904,SF/Fantasy
7401,굿나잇마미,201701,Horror
7406,팅커벨4:날개의비밀,201308,Animation/Family
7410,톰보이,202005,Drama
7413,웰컴투동막골(2005),201901,Historical/War
7414,라이엇클럽,201907,Drama
7416,나의서른에게,201711,Drama
7417,슈퍼펫,202008,Animation/Family
7419,헬보이(2019),201907,SF/Fantasy
7419,헬보이(2019),201907,SF/Fantasy
7421,콜래트럴(2004),201211,Action/Adventure
7428,타락천사[리마스터링],202103,Drama
7429,사울의아들,201701,Drama
7431,아드레날린242(2009),202003,Action/Adventure
7432,1945항일전쟁,202102,Action/Adventure
7433,포스오브네이쳐,202007,Thriller/Crime
7435,카페소사이어티,201611,Romance
7437,맘마미아!2,201809,Other
7442,식물도감,201806,Romance
7445,액트오브밸러:최정예특수부대,202001,Action/Adventure
7447,스티븐시걸의테이큰파이널,201906,Action/Adventure
7449,로얄어페어(2012),201906,Romance
7450,썬더와마법저택[우리말],201404,Animation/Family
7457,애프터(2019),201909,Documentary
7458,어둔밤,201809,Comedy
7459,스파이더맨:홈커밍,201709,SF/Fantasy
7461,돈존,201611,Comedy
7463,스텝업4:레볼루션,201211,Romance
7464,본얼티메이텀,201611,Action/Adventure
7465,극한직업,201903,Comedy
7468,주디,202004,Romance
7472,라스트프론티어,202101,Historical/War
7476,가타카(1997),202003,Thriller/Crime
7481,묵공(2007),202006,Historical/War
7482,올이즈로스트,201404,Drama
7485,더워리어:돌아온전사,201811,Action/Adventure
7487,월스트리트:머니네버슬립스,201505,Thriller/Crime
7488,박물관이살아있다:비밀의무덤,201612,Animation/Family
7489,탱크투베를린,202012,Action/Adventure
7492,소림셔틀콕,201509,Comedy
7500,우주전쟁(2005),201305,SF/Fantasy
7501,여교수의은밀한매력,201408,Comedy
7506,미션이스탄불4:익스트림데이,201810,Thriller/Crime
7507,실종(2008),202009,Thriller/Crime
7507,실종(2008),202009,Thriller/Crime
7507,실종(2008),202009,Thriller/Crime
7507,실종(2008),202009,Thriller/Crime
7507,실종(2008),202009,Thriller/Crime
7507,실종(2008),202009,Thriller/Crime
7509,블루아워,202008,Drama
7514,환상특급이야기,201902,Horror
7522,안티큐어,201803,SF/Fantasy
7525,세비지그레이스(2007),201707,Drama
7530,덫[무삭제판],201707,Thriller/Crime
7531,정무문(1972),201910,Historical/War
7532,마음이,201406,Drama
7538,미옥,201711,Thriller/Crime
7541,아티스트봉만대,201611,Comedy
7544,혹성탈출:반격의서막,201411,SF/Fantasy
7546,그때그사람들,201407,Thriller/Crime
7547,사랑방선수와어머니(2007),202006,Comedy
7559,<소울>미리보기[별도편성],202103,Documentary
7560,프로포즈(2009),201411,Romance
7563,빠삐용(2017),201903,Thriller/Crime
7568,스타게이트(1994),201505,SF/Fantasy
7570,아이캔온리이매진,202007,Animation/Family
7577,아웃레이지비욘드,202001,Thriller/Crime
7583,무서운이야기들:겟아웃,202012,Horror
7586,소년시절의너,202008,Animation/Family
7588,리멤버,201903,Drama
7590,겨울전쟁:105일간의전투,201908,Historical/War
7591,발레리안:천개행성의도시,201710,SF/Fantasy
7592,사일런싱,202102,Horror
7596,미스터트롯:더무비,202011,Other
7602,블루버드인마이하트,202103,Thriller/Crime
7603,스파이더맨:뉴유니버스,201902,Animation/Family
7603,스파이더맨:뉴유니버스,201902,Animation/Family
7606,타임랩스,201501,Thriller/Crime
7607,팅커벨6:네버비스트의전설[한글자막],201504,SF/Fantasy
7608,매트릭스2:리로디드,201808,SF/Fantasy
7618,양지의그녀,201904,Romance
7619,나의별에게,202103,Romance
7620,러브레시피,201709,Comedy
7624,더룸,201910,Thriller/Crime
7628,스페셜포스:블러드마운틴,201707,Historical/War
7629,R.I.P.D,201311,SF/Fantasy
7632,지중해,201410,Historical/War
7633,사운드웨이브,202010,Drama
7640,하드어택,201702,SF/Fantasy
7641,어덜트월드,201906,Comedy
7642,우리동네(2007),201901,Comedy
7646,우리생애최고의날,201909,Comedy
7647,걸온더트레인,201703,Thriller/Crime
7650,블랙아웃:인베이젼어스,202008,SF/Fantasy
7652,피터팬(2003),202102,Drama
7652,피터팬(2003),202102,Drama
7653,킥복서더레전드,201807,Action/Adventure
7662,미이라리턴즈,201909,Horror
7666,일진시즌2:도깨비,201909,Action/Adventure
7670,작은새,202101,Drama
7671,007제로,201710,Action/Adventure
7674,함정(1999),201901,Drama
7674,함정(1999),201901,Drama
7674,함정(1999),201901,Drama
7678,안소니짐머(2005),202101,Thriller/Crime
7679,캣츠앤독스2,201504,Animation/Family
7679,캣츠앤독스2,201504,Animation/Family
7681,하이재킹,201502,Thriller/Crime
7685,섀도우헌터스:뼈의도시,201311,SF/Fantasy
7689,좀비아웃브레이크,201707,Horror
7693,니키타[리마스터링],201607,Action/Adventure
7697,탐정:더비기닝,201511,Thriller/Crime
7699,브레이킹던part1,201601,SF/Fantasy
7701,아이킬자이언츠,201901,SF/Fantasy
7709,검은사제들,201610,Thriller/Crime
7710,무서운영화2,201611,Horror
7713,소림사십팔나한,202007,Other
7718,호스티지(2005),201912,Thriller/Crime
7719,다우트(2008),201811,Thriller/Crime
7720,피치퍼펙트,201307,Romance
7725,립이어:자학의성,201709,Romance
7728,넥스트투모로우2,201412,SF/Fantasy
7731,13구역-언리미티드,202101,Action/Adventure
7732,내가죽던날,202012,Drama
7734,스시장인:지로의꿈(2011),202103,Documentary
7735,프리윌리,201504,Drama
7738,엣지오브더월드,202009,Drama
7738,엣지오브더월드,202009,Drama
7743,더퍼지,201401,SF/Fantasy
7747,도검소,201407,Historical/War
7748,나이트라이즈,201704,Action/Adventure
7749,형사,201212,Thriller/Crime
7754,겟어웨이걸스,202103,Horror
7758,론서바이버:아미오브원,202102,Action/Adventure
7761,추격자(2008),202009,Action/Adventure
7765,빅샤크3:젤리몬스터대소동,202008,Animation/Family
7774,엄마바람피게하기,202001,Comedy
7775,P.S온리유,201912,SF/Fantasy
7782,적인걸:심해용궁,202010,Thriller/Crime
7785,여고생시집가기,201403,Comedy
7786,그물,201610,Drama
7803,퍼니셔(2004),202003,Action/Adventure
7817,더티댄싱-하바나나이트,201403,Romance
7819,베토벤,201505,Drama
7820,브루클린,201606,Romance
7822,언힌지드,202010,Thriller/Crime
7834,악마는프라다를입는다,201511,Drama
7838,엔드오브왓치(2012),202102,Thriller/Crime
7841,한공주,201407,Drama
7842,성의,201307,Historical/War
7848,어느날,201704,Comedy
7852,"금붕어,여자",201611,Thriller/Crime
7860,피아니스트의마지막인터뷰,202012,Other
7861,데이브레이커스(2009),201811,Drama
7862,야수(2006),201805,Drama
7864,카트,201510,Drama
7866,조디악,201504,Thriller/Crime
7869,마미,201911,Drama
7874,해피엔드,201408,Drama
7874,해피엔드,201408,Drama
7874,해피엔드,201408,Drama
7876,물랑루즈,202004,Romance
7882,터미네이터2:오리지널,201910,SF/Fantasy
7884,좀비의습격:잃어버린도시,201612,Horror
7887,"다시,뜨겁게사랑하라!",201612,Romance
7888,"달콤,살벌한연인",201410,Romance
7890,리치리치,201504,Comedy
7892,연인[무삭제판],201612,Romance
7895,신세계,201304,Drama
7896,큰엄마의미친봉고,202101,Comedy
7898,특종:량첸살인기,201811,Thriller/Crime
7899,내부고발자들:월급쟁이의전쟁,202001,Thriller/Crime
7900,007제16탄-살인면허,201607,Action/Adventure
7906,신데렐라스토리(2004),202005,Comedy
7910,엑스맨:데이즈오브퓨처패스트,201407,SF/Fantasy
7913,패밀리맨,202002,SF/Fantasy
7917,두개의사랑,201801,Thriller/Crime
7926,육지금마(1994),201808,Historical/War
7931,드라이브(2011),202009,Thriller/Crime
7931,드라이브(2011),202009,Thriller/Crime
7931,드라이브(2011),202009,Thriller/Crime
7931,드라이브(2011),202009,Thriller/Crime
7932,히마와리와나의7일,201410,Drama
7938,미녀와야수(2017),201705,Romance
7938,미녀와야수(2017),201705,Romance
7941,럭키(2016),201701,Drama
7941,럭키(2016),201701,Drama
7942,위워솔저스,201404,Historical/War
7943,패션오브크라이스트(2004),201704,Drama
7948,와일드로즈(2018),202101,Drama
7949,미이라3:황제의무덤(2008),201605,SF/Fantasy
7953,새벽의저주,201606,Horror
7955,은하,201701,Drama
7958,아오하라이드(2016),202002,Romance
7959,캅랜드,201611,Thriller/Crime
7960,프리즈너스,202001,Thriller/Crime
7973,초급학교패왕:스트리트파이터,201910,Action/Adventure
7976,해리포터와불의잔,201701,SF/Fantasy
7976,해리포터와불의잔,201701,SF/Fantasy
7979,로리타(1997),202004,Romance
7979,로리타(1997),202004,Romance
7980,시카고(2002),201803,Other
7984,람보(1982)[리마스터링],202103,Action/Adventure
7996,쥬라기공원2:잃어버린세계,201612,SF/Fantasy
7998,말레피센트2,201912,SF/Fantasy
7998,말레피센트2,201912,SF/Fantasy
8000,람보3,201709,Action/Adventure
8004,팔로우미,202010,Drama
8004,팔로우미,202010,Drama
8005,천년호,201204,SF/Fantasy
8014,택시5,201812,Action/Adventure
8017,이스트드래곤:고대왕릉의비밀,202101,Action/Adventure
8028,타임루프:초시공간여행,202012,SF/Fantasy
8034,무간도3:종극무간,202007,Drama
8037,케이크메이커,201806,Romance
8042,백조공주:해적에서공주로,201610,Animation/Family
8045,몬스터헌트,201511,SF/Fantasy
8046,미스사이공:25주년기념공연(2016),201701,Other
8049,"다시,벚꽃",201705,Documentary
8055,하얀리본(2009),202002,Thriller/Crime
8056,워이베이젼,201910,Historical/War
8062,플로렌스,201701,Drama
8064,독전,201806,Thriller/Crime
8070,셀프/리스,201509,SF/Fantasy
8072,다이얼M을돌려라,201312,Thriller/Crime
8073,특수부대백호,202011,Historical/War
8074,월스트리트:분노의복수(2013),201906,Action/Adventure
8076,후궁:제왕의첩,201208,Romance
8080,소원택시(2013),202011,Comedy
8089,치즈인더트랩(2018),201803,Romance
8091,퍼시픽림,201605,SF/Fantasy
8093,베스트오브미,201908,Romance
8095,콰이강의다리,201307,Drama
8103,챔피언(2018),201805,Drama
8103,챔피언(2018),201805,Drama
8103,챔피언(2018),201805,Drama
8103,챔피언(2018),201805,Drama
8103,챔피언(2018),201805,Drama
8105,PMC:더벙커,201901,Action/Adventure
8106,테스(1979),201812,Romance
8107,특종병기전랑,201910,Thriller/Crime
8110,지옥의영웅,201508,Historical/War
8116,스파이더맨3,201604,SF/Fantasy
8121,해무,201409,Drama
8123,애쉬래드:트롤의숲,202005,SF/Fantasy
8126,썬키스패밀리,201904,Romance
8127,맨프럼어스,201805,SF/Fantasy
8129,링,201912,Horror
8142,다시태어나도우리,201710,Documentary
8146,스물,201505,Animation/Family
8148,이웃집스타,201709,Comedy
8149,태양은없다(1998),201812,Drama
8155,스매시앤그랩:보석강도단핑크팬더,202103,Animation/Family
8159,걸즈라이프,201903,Other
8171,5일의마중(2014),202002,Romance
8176,테스와보낸여름,202009,Drama
8178,소수의견,201507,Drama
8182,쏜다(2007),202009,Comedy
8183,카2(2011),201806,Animation/Family
8183,카2(2011),201806,Animation/Family
8184,범털,202005,Thriller/Crime
8186,숨바꼭질,201612,Drama
8187,"그시절,우리가좋아했던소녀",201612,Romance
8187,"그시절,우리가좋아했던소녀",201612,Romance
8188,슬럼독밀리어네어,202005,Thriller/Crime
8189,비긴어게인,201410,Romance
8190,"안녕,나의소울메이트",202101,Drama
8200,트위스터(1996),201910,Action/Adventure
8200,트위스터(1996),201910,Action/Adventure
8204,무간도,201205,Thriller/Crime
8205,라이브,202007,Thriller/Crime
8206,한번더해피엔딩,201602,Romance
8209,리벤지(2017),201808,Action/Adventure
8209,리벤지(2017),201808,Action/Adventure
8214,미이라비기닝,202003,Horror
8222,로그워페어,201911,Historical/War
8224,반헬싱(2004),201907,Action/Adventure
8228,금의위2-무주지전,202004,Action/Adventure
8229,그것만이내세상,201802,Comedy
8232,데이비드게일(2003),201811,Thriller/Crime
8234,더픽사스토리,201407,Documentary
8237,배틀필드2025,202103,SF/Fantasy
8241,"부르고뉴,와인에서찾은인생",201805,Drama
8243,머니백,201804,Drama
8244,미라클(2017),201704,Drama
8247,좀비캠프,202009,Thriller/Crime
8250,저스티스리그:아틀란티스의왕좌(2015),202005,Animation/Family
8251,썬더스톰:토르의귀환,201407,SF/Fantasy
8256,우리연애의이력,201607,Romance
8263,오스카그랜트의어떤하루,202006,Drama
8266,모아나,201702,Animation/Family
8266,모아나,201702,Animation/Family
8267,크리미널,201607,Thriller/Crime
8268,투모로우2019:지구대빙하기,201908,SF/Fantasy
8272,더나이트클럭,202005,Thriller/Crime
8274,유랑지구,201904,SF/Fantasy
8278,그집,202006,Horror
8283,더터널,202103,Drama
8284,겨울왕국열기,201509,SF/Fantasy
8284,겨울왕국열기,201509,SF/Fantasy
8285,플레저오브스킨감각탐구,201908,Romance
8288,인페르노타워,201709,Thriller/Crime
8291,스내치(2000),201904,Comedy
8293,화장(2014),202005,Drama
8298,우리도사랑일까(2011),202103,Romance
8303,시크릿슈퍼스타,201911,Comedy
8304,거룩한분노,201807,Drama
8305,클릭,201707,SF/Fantasy
8312,기도하는남자,202003,Animation/Family
8322,5인의탐정가,202004,Thriller/Crime
8329,미성년,201905,Romance
8333,라운더스,201403,Drama
8337,바람바람바람,201805,Comedy
8338,스파이(2015),201506,Other
8338,스파이(2015),201506,Other
8338,스파이(2015),201506,Other
8339,나홀로집에3,201511,Animation/Family
8341,바바야가:숲의악령,202102,Horror
8342,스틸플라워,201604,Drama
8352,본레거시,201611,Action/Adventure
8355,테일오브테일즈,201703,SF/Fantasy
8357,필라델피아,201608,SF/Fantasy
8359,주피터스문,201808,SF/Fantasy
8367,스파이지니어스,202004,Comedy
8367,스파이지니어스,202004,Comedy
8369,스티브잡스,201602,Drama
8371,머시니스트(2005),201611,Thriller/Crime
8378,사무라이-검신주베에,201902,Drama
8386,"좋은놈,나쁜놈,이상한놈",201302,Action/Adventure
8389,유전,201808,Horror
8391,바바둑,201507,Horror
8392,그레이트뷰티,201903,Drama
8395,모든비밀스러운것들,201507,Thriller/Crime
8398,소림절세귀동-천하곡술,202005,Action/Adventure
8400,몬스터호텔,201504,Horror
8401,인피니:에이펙스의비밀,201610,SF/Fantasy
8406,야구소녀,202007,Drama
8410,정글북(2016),201609,Action/Adventure
8410,정글북(2016),201609,Action/Adventure
8410,정글북(2016),201609,Action/Adventure
8410,정글북(2016),201609,Action/Adventure
8412,킬러들의수다,201410,Comedy
8420,후회하지않아,201301,Romance
8425,무서운영화,201611,Horror
8433,포세이돈(2006),201504,Drama
8435,닥터,201910,Horror
8438,트로이,201504,Historical/War
8441,제인에어(1944),201808,Drama
8443,"안녕,헤이즐",201410,Romance
8444,더바디(2012),201405,Thriller/Crime
8448,이별계약,201307,Romance
8449,스킨,202003,Thriller/Crime
8453,슈렉3,201205,SF/Fantasy
8456,이창,201508,Thriller/Crime
8457,키즈리턴:재회의시간,201707,Drama
8458,미션이스탄불3:더리벤지,201808,Thriller/Crime
8464,화이트하우스다운,201309,Drama
8468,작전(2009),201805,Other
8470,러덜리스,201507,Comedy
8474,아메리칸잡,202009,Thriller/Crime
8478,아부의왕,201208,Comedy
8480,도굴,202012,Thriller/Crime
8481,나를기억해,201805,Thriller/Crime
8482,보이후드,201511,Drama
8485,오즈의마법사:돌아온톰과제리[한글자막],201607,Animation/Family
8486,파고(1996),201908,Drama
8488,시티온파이어,201606,SF/Fantasy
8503,신고질라,201703,SF/Fantasy
8504,[단편]보이후드,202003,Drama
8508,부당거래,201904,Thriller/Crime
8509,나치오버로드,202002,Horror
8514,내아내의모든것,201207,Romance
8517,"두번째여름,두번다시만날수없는너",201901,Romance
8520,첫키스만50번째(2018),202004,Romance
8523,나는아들을사랑하지않는다,201712,Drama
8524,부릉!부릉!브루미즈:스피더의모험일기[우리말],201701,Animation/Family
8525,오지않는아이,202009,Horror
8526,내사랑왕가흔,201710,Romance
8536,미이라:비밀의문,201601,Action/Adventure
8540,"조금씩,천천히안녕",202006,Animation/Family
8542,김관장대김관장대김관장(2006),202006,Comedy
8547,딜리버리맨,201611,Comedy
8550,암모나이트,202103,Romance
8556,밤쉘:세상을바꾼폭탄선언,202007,Drama
8558,은혼2:규칙은깨라고있는것,201812,Comedy
8559,더히어로:네메시스작전,202012,Historical/War
8564,#살아있다,202007,Drama
8565,공공의적2,201305,Drama
8566,스타워즈6:제다이의귀환,201701,SF/Fantasy
8570,해운대,201310,Action/Adventure
8574,스텝업(2006),201601,Romance
8576,귀목요괴:화신술,202012,SF/Fantasy
8578,혹성탈출:진화의시작,201112,SF/Fantasy
8579,겨울왕국2,202001,Animation/Family
8579,겨울왕국2,202001,Animation/Family
8584,스타워즈4:새로운희망,201802,Documentary
8587,오르페브르36번가,201703,Thriller/Crime
8588,반드시잡는다,201712,Thriller/Crime
8589,화차,201906,Thriller/Crime
8590,수색역,201604,Thriller/Crime
8594,아이캔스피크,201710,Comedy
8596,킥애스2:겁없는녀석들,201401,Thriller/Crime
8599,파커,201412,Thriller/Crime
8605,더랍스터,201512,SF/Fantasy
8606,아쿠아렐라,202006,Documentary
8609,일대일,201405,Drama
8611,스몰타임크룩스,202005,Thriller/Crime
8613,킹스맨:시크릿에이전트,201504,Action/Adventure
8614,늑대소년[일반판],201906,SF/Fantasy
8615,다이노소어어드벤처:백악기공룡대백과,201612,Animation/Family
8618,터미네이터:다크페이트,202001,SF/Fantasy
8621,로빈후드,201404,Historical/War
8621,로빈후드,201404,Historical/War
8624,선종무문관,201906,Drama
8628,쿵푸팬더3,201612,Animation/Family
8630,옵세스드,202003,Drama
8632,커런트워,201909,Drama
8637,퍼스트맨,201811,SF/Fantasy
8639,인시디어스4:라스트키,201803,Horror
8642,닥터스트레인지,201701,SF/Fantasy
8642,닥터스트레인지,201701,SF/Fantasy
8645,오루시!,201807,Romance
8647,복수의여신,202009,SF/Fantasy
8649,제로다크서티,201612,Historical/War
8654,동주,201611,Drama
8658,스파르탄(2004),201908,Action/Adventure
8659,신복수무정,202008,Action/Adventure
8672,캐리비안의해적:블랙펄의저주,201907,Action/Adventure
8677,성난변호사[가치봄],202011,Thriller/Crime
8678,다운바이러브,201708,Romance
8680,울프특공대,201911,Action/Adventure
8681,아나콘다3:오프스프링,202103,Horror
8683,인사이드맨,201604,Thriller/Crime
8687,얼굴없는보스,201911,Drama
8689,일일시호일,201906,Drama
8690,더씽,201206,Horror
8693,더킹:독립전쟁,202103,Historical/War
8694,어퓨굿맨,201605,Thriller/Crime
8704,CGV아트하우스이동진의라이브톡:조커,201912,Thriller/Crime
8708,성실한나라의앨리스,201612,Drama
8709,블레이드3,201505,Action/Adventure
8711,낫디엔드,201901,Drama
8713,수상한가족,201612,Comedy
8720,해커스(2012),201410,Thriller/Crime
8733,라스트에어밴더,201211,Thriller/Crime
8734,캔사스시티,201903,Thriller/Crime
8736,늑대와춤을:디오리지널,202101,Action/Adventure
8739,캡틴필립스,201311,Drama
8741,아이[별도편성][예고편],202103,Action/Adventure
8746,프린세스다이어리(2001),201711,Animation/Family
8749,마이펫의이중생활,201609,Animation/Family
8749,마이펫의이중생활,201609,Animation/Family
8751,패트리어트데이,201704,Drama
8754,첩혈쌍웅:디오리지널,201807,Thriller/Crime
8759,탱크독,201802,Historical/War
8760,익스펜더블,201911,Thriller/Crime
8764,22년후의고백,201801,Thriller/Crime
8767,"날,보러와요",201605,Thriller/Crime
8769,명탐정코난:작별까지의프롤로그,201711,Thriller/Crime
8775,인턴게임,201512,Comedy
8777,호빗:스마우그의폐허[확장판],201504,SF/Fantasy
8786,라스트풀메저,202005,Historical/War
8787,1+3,201912,Drama
8788,아름답다,201312,Drama
8792,달라스바이어스클럽(2013),202001,Drama
8793,아빠를빌려드립니다,201909,Animation/Family
8795,관상,202002,Historical/War
8797,돈의맛:금지된거래,202009,Romance
8798,쿼바디스(2014),201512,Documentary
8803,양들의침묵,202005,Thriller/Crime
8804,케이팩스,202003,SF/Fantasy
8808,7급공무원,201312,Thriller/Crime
8811,헝거게임:판엠의불꽃,201208,SF/Fantasy
8812,임금님의사건수첩,201705,Comedy
8818,잡식가족의딜레마,201506,Documentary
8824,프렌즈위드러브,201802,Comedy
8833,시호,202003,Romance
8834,오즈의마법사:돌아온도로시[우리말],201502,SF/Fantasy
8837,엘리자베스하베스트,201812,Horror
8839,감염:지구최후의날,201909,Drama
8842,덤보,201906,SF/Fantasy
8842,덤보,201906,SF/Fantasy
8842,덤보,201906,SF/Fantasy
8843,개구쟁이스머프2[2D],201311,Animation/Family
8852,레이어케이크(2004),202102,Thriller/Crime
8855,꼬마유령[우리말],201506,SF/Fantasy
8856,동경가족,202009,Animation/Family
8857,로건,201704,SF/Fantasy
8858,신황제를위하여,202010,Action/Adventure
8860,페이스블라인드,201207,Thriller/Crime
8863,필름시대사랑,202008,Drama
8867,레터스투줄리엣(2010),201711,Comedy
8871,빅풋주니어2:패밀리가떴다,202101,Animation/Family
8872,무에타이,201812,Action/Adventure
8880,"세라비,이것이인생!",201806,Comedy
8887,페인티드베일(2006),202002,Romance
8888,인도차이나,202006,Romance
8902,그녀에게잠들다,201912,Romance
8913,피노키오(2019),202103,SF/Fantasy
8913,피노키오(2019),202103,SF/Fantasy
8915,늑대의유혹,201812,Drama
8916,사랑할때이야기하는것들,201410,Romance
8918,더틱,201902,Action/Adventure
8921,레고프렌즈:걸즈포라이프,201603,Animation/Family
8924,500일의썸머,201505,Romance
8925,바이스,201905,Drama
8928,고질라:킹오브몬스터,201906,SF/Fantasy
8932,더플랫폼,202005,SF/Fantasy
8934,비스티걸스[감독판],201805,Romance
8938,서치아웃,202004,Thriller/Crime
8939,말할수없는비밀,201506,Drama
8939,말할수없는비밀,201506,Drama
8940,코코＋올라프,200212,SF/Fantasy
8950,굿우먼(2019),201911,Drama
8951,이블데드2(1987),201711,Horror
8954,엘리펀트송,201507,Thriller/Crime
8958,안나카레니나,201306,Drama
8958,안나카레니나,201306,Drama
8958,안나카레니나,201306,Drama
8965,백악관을무너뜨린사나이,201908,Drama
8968,작은집,201804,Drama
8970,주토피아,201608,Animation/Family
8970,주토피아,201608,Animation/Family
8971,만남의광장(2007),202009,Comedy
8971,만남의광장(2007),202009,Comedy
8975,배틀쉽,201207,SF/Fantasy
8978,오션스:문어구출대작전,201910,Animation/Family
8979,솔로몬의위증후편:재판,201509,Thriller/Crime
8981,공범,201311,Drama
8982,배반의장미,201810,Comedy
8987,명량[가치봄],202011,Historical/War
8991,흥부,201802,Drama
8996,조선미녀삼총사,201402,Historical/War
8997,A계획속집(1987),201907,Comedy
8999,지구침공:컨테이젼,202006,SF/Fantasy
9000,나를미치게하는여자,201512,Romance
9004,러브앤피스,201907,SF/Fantasy
9006,쥬라기파크:아마존어드벤쳐,201703,Action/Adventure
9007,내생애최고의경기,202012,Drama
9010,시티오브갓(2002),202009,Thriller/Crime
9014,카스바,201806,Comedy
9018,카(2006),201706,Animation/Family
9018,카(2006),201706,Animation/Family
9026,바운티헌터(2010),202003,Comedy
9030,"무비빅(57회)어벤져스,전설의시작",201904,Documentary
9035,가족의나라,201612,Drama
9036,셀마,201901,Drama
9038,내사랑내곁에,201904,Romance
9039,나미야잡화점의기적:또하나의이야기,201811,SF/Fantasy
9043,이터널선샤인[리마스터링],201601,Romance
9045,아이언맨,201609,SF/Fantasy
9046,탐정:리턴즈,201807,Thriller/Crime
9048,슬렌더맨,201812,Horror
9051,세인트빈센트,201503,Comedy
9052,돈맛(2016),201811,Romance
9056,지푸라기라도잡고싶은짐승들,202004,Thriller/Crime
9061,에브리맨스워,201901,Historical/War
9067,미확인동영상:절대클릭금지,201901,Horror
9074,스파르타쿠스,201307,Other
9075,이대요정:미남과요괴,201912,SF/Fantasy
9078,소셜포비아,201504,Drama
9083,알렉산더대왕,201703,Historical/War
9085,마이블라인드라이프,201908,Comedy
9086,걸캅스,201906,Comedy
9092,무림축구,201712,Comedy
9093,삼진그룹영어토익반[가치봄],202101,Drama
9109,토르:오리지날전설,202002,SF/Fantasy
9110,여배우는오늘도,201710,Comedy
9113,러브(2015),201711,Drama
9113,러브(2015),201711,Drama
9119,경주,201612,Romance
9120,피와뼈(2004),201910,Drama
9121,인크레더블헐크(2008),201811,SF/Fantasy
9125,어린의뢰인,201906,Animation/Family
9126,클루리스,201911,Comedy
9131,노원리브스,201308,Horror
9132,더이퀄라이저,201611,Thriller/Crime
9134,심용결:잃어버린전설,201609,Horror
9142,스윙어스,201302,Romance
9144,공필두(2006),202008,Comedy
9147,점박이:한반도의공룡[우리말][3D],201810,Animation/Family
9152,4월이야기,202003,Romance
9153,300:제국의부활,201610,Historical/War
9162,지저스크라이스트슈퍼스타,201303,Other
9164,솔트,201303,Thriller/Crime
9166,무쌍,201812,Thriller/Crime
9172,암살교실,201610,Comedy
9174,마음이2,201510,Drama
9175,나만이없는거리(2016),201612,SF/Fantasy
9177,8월의크리스마스[리마스터링],201603,Romance
9178,명량:회오리바다를향하여,201612,Documentary
9179,적인걸5측천무후지유명도,202103,Action/Adventure
9180,마이크로코스모스,201302,Documentary
9181,벤데타:피의복수,201410,Action/Adventure
9186,탑건,201203,Drama
9187,물에빠진나이프,201807,Romance
9188,몬스터주식회사,201303,Animation/Family
9188,몬스터주식회사,201303,Animation/Family
9189,파이터,201305,Drama
9190,은지:돌이킬수없는그녀,201912,Thriller/Crime
9191,언더월드2:에볼루션,201911,Horror
9197,빌리어네어보이즈클럽,201901,Thriller/Crime
9201,치외법권,201701,Action/Adventure
9210,더컴퍼니맨(2010),202007,Drama
9214,일진,201803,Action/Adventure
9220,미스틱리버,201504,Thriller/Crime
9224,엔딩스비기닝스,202007,Romance
9225,연애담,201701,Romance
9227,존윅:리로드,201705,Thriller/Crime
9230,슈퍼히어로(2008),201705,Drama
9236,매트릭스3:레볼루션,201808,SF/Fantasy
9237,배꼽,201612,Documentary
9238,퍼니퍼니,201304,Comedy
9240,증발,202012,Documentary
9241,이터너티,201705,Romance
9242,좋은날,201503,Drama
9243,인굿컴퍼니,201405,Comedy
9244,이누야시키:히어로VS빌런,202004,SF/Fantasy
9247,피노키오,201612,SF/Fantasy
9247,피노키오,201612,SF/Fantasy
9249,소공녀(1939),201603,Romance
9254,블랙스완,201505,Drama
9255,조폭마누라3(2006),201805,Comedy
9256,미믹,201403,Animation/Family
9258,백투더퓨쳐2,201506,SF/Fantasy
9261,번지점프를하다,201711,Other
9262,핵소고지,201703,Historical/War
9265,기묘한이야기들2,201807,Horror
9267,런보이런,202005,Drama
9268,룸(2016),202006,Horror
9269,킬러맨,202008,Thriller/Crime
9275,은밀하게위대하게[확장판],201308,Comedy
9276,끝까지간다,201407,Thriller/Crime
9276,끝까지간다,201407,Thriller/Crime
9276,끝까지간다,201407,Thriller/Crime
9278,나우유씨미2,201608,Thriller/Crime
9281,더킹오브엠파이어,201701,SF/Fantasy
9282,피원에이치:새로운세계의시작,202010,SF/Fantasy
9285,화이트블러드,202011,Thriller/Crime
9287,사생결단_SD,201408,Action/Adventure
9292,그놈목소리,201410,Drama
9293,해치지않아,202002,Comedy
9297,엘리시움,201310,SF/Fantasy
9299,바이크원정대:인이탈리아,202101,Other
9301,드림걸즈,201211,Other
9302,더임파서블,201903,Drama
9305,사무라이검신,201910,Drama
9306,툼레이더(2001),201510,SF/Fantasy
9312,미이라:악령의부활,201904,Action/Adventure
9320,리오2,201707,Animation/Family
9325,다니엘이즌리얼,202004,Horror
9328,소리도없이,202010,Thriller/Crime
9330,닥터[무삭제감독판],201408,Horror
9335,마인드헌터(2004),201707,Action/Adventure
9338,거짓말은자란다,201603,Comedy
9339,은혼,201712,Action/Adventure
9340,해피디데이,202007,Romance
9341,말레피센트,201811,Action/Adventure
9341,말레피센트,201811,Action/Adventure
9349,언브레이커블,201703,Thriller/Crime
9350,소림오조(1994),201808,Historical/War
9353,양과늑대의사랑과살인,202007,Romance
9354,미녀와야수3-벨과마법의성[우리말],201407,Documentary
9356,다빈치코드,201210,Thriller/Crime
9361,유에프오:지구침공,201904,SF/Fantasy
9367,익수프레스투어,201904,Comedy
9370,메가마인드,201211,Animation/Family
9372,봉이김선달,201611,Historical/War
9374,두여자(2010),201904,Thriller/Crime
9374,두여자(2010),201904,Thriller/Crime
9374,두여자(2010),201904,Thriller/Crime
9381,이장,202005,SF/Fantasy
9382,우묵배미의사랑(1990),201811,Romance
9384,나만없어고양이,201909,SF/Fantasy
9389,최고수전:전설의살인마,201808,Drama
9390,샤크베이트,202007,Horror
9392,주선,202009,SF/Fantasy
9402,데이라잇(1996),201910,Action/Adventure
9404,촉산복마전,201810,SF/Fantasy
9410,1917,202003,Historical/War
9416,어벤져스:인피니티워,201807,SF/Fantasy
9416,어벤져스:인피니티워,201807,SF/Fantasy
9417,액트오브킬링,202002,Documentary
9423,개세영웅,202012,Action/Adventure
9424,초야:맛의유혹,202001,Romance
9429,킹아서:제왕의검,201706,SF/Fantasy
9432,무한대를본남자,201611,Drama
9434,컬러풀웨딩즈,201411,Comedy
9436,탐정당인:차이나타운살인사건,201611,Action/Adventure
9437,레벨16,202012,Horror
9438,밀양,201304,Drama
9440,인투더미러,202102,SF/Fantasy
9444,말레나,201911,Historical/War
9446,3022:지구대폭발,202007,SF/Fantasy
9447,토이스토리3,201405,SF/Fantasy
9447,토이스토리3,201405,SF/Fantasy
9449,귀권,201911,Action/Adventure
9451,미이라:고대전설의부활,201501,Horror
9455,컨테이젼,201504,Thriller/Crime
9459,익스트랙티드,201406,SF/Fantasy
9461,최고의이야기,201504,Documentary
9463,곰돌이푸우,201112,Horror
9466,아이스에이지:지구대충돌,201609,Animation/Family
9466,아이스에이지:지구대충돌,201609,Animation/Family
9467,솔로몬케인,201504,SF/Fantasy
9472,레지던트이블3:인류의멸망(2007),201811,Horror
9473,볼트,201504,Thriller/Crime
9473,볼트,201504,Thriller/Crime
9476,아기거북토토의바다대모험[2D],201612,Documentary
9478,파리의도적,201505,Comedy
9482,리틀드래곤코코넛2:정글대탐험,202103,Animation/Family
9482,리틀드래곤코코넛2:정글대탐험,202103,Animation/Family
9483,신보보경심,201907,SF/Fantasy
9485,에이전트미스터찬,202101,Comedy
9486,어거스트러쉬(2007),201804,Drama
9497,라이트오브라이프,202102,Drama
9499,미스터보스,202012,Drama
9507,알라딘2,201907,Comedy
9510,하우스오브데몬,202012,Horror
9511,블레이드2,201504,Action/Adventure
9518,8인:최후의결사단(2009),202006,Historical/War
9522,리빙보이인뉴욕,201711,Romance
9523,반창꼬(2012),201907,Romance
9524,어벤져스:에이지오브울트론,201806,SF/Fantasy
9524,어벤져스:에이지오브울트론,201806,SF/Fantasy
9526,리벤져,201812,Action/Adventure
9527,잔혹한앵글의로망스,201910,Thriller/Crime
9528,S.W.A.T특수기동대,201402,Thriller/Crime
9530,워호스,201205,Historical/War
9534,메가스네이크,202102,Action/Adventure
9536,어글리트루스,201612,Romance
9537,스피드킬,202012,Thriller/Crime
9539,리틀페어런트,201812,SF/Fantasy
9545,덫,201707,Thriller/Crime
9551,바다로가자,202007,Animation/Family
9552,봉마전,202102,Action/Adventure
9553,아이즈와이드셧,201504,Thriller/Crime
9556,내인생의마지막변화구,201504,Drama
9559,판타스틱우먼,201805,Drama
9566,머펫모스트원티드[한글자막],201409,Animation/Family
9568,007북경특급2,201909,Comedy
9571,리틀포레스트:사계절,201804,Drama
9572,쥬드,200702,Romance
9575,바탈리온,201610,Historical/War
9580,그림자살인,201304,Thriller/Crime
9590,티파니에서아침을,201307,Romance
9591,바닐라스카이,201308,Romance
9593,더기버:기억전달자,201911,SF/Fantasy
9599,시간여행자의아내(2009),202012,SF/Fantasy
9600,소림축구,201403,Comedy
9603,엑소시스트하우스오브이블,201805,Horror
9606,풀잎들,201811,Drama
9607,산나물처녀,202009,Drama
9609,그녀가사라졌다,202103,Romance
9618,원초적본능2[리마스터링],201611,SF/Fantasy
9621,사도[가치봄],202011,Drama
9623,마담싸이코,201907,Horror
9629,스페셜포스,201207,Action/Adventure
9630,터미널,201308,Drama
9630,터미널,201308,Drama
9632,디어스킨,202001,Thriller/Crime
9636,귀타귀,201909,Horror
9638,파이어스톰,201407,Thriller/Crime
9640,어느가족,201902,Drama
9645,니나,201805,Drama
9646,블리자드,201210,Animation/Family
9650,엘도라도,201902,Animation/Family
9651,하이앤로우더무비,202003,Action/Adventure
9654,지니어스,201704,Documentary
9655,캠퍼스킬러,201706,Thriller/Crime
9662,킬유어달링(2013),202004,Romance
9664,뮬란(2019),202008,Action/Adventure
9664,뮬란(2019),202008,Animation/Family
9664,뮬란(2019),202008,Animation/Family
9664,뮬란(2019),202008,Animation/Family
9664,뮬란(2019),202008,Animation/Family
9665,라이온킹,201201,Animation/Family
9665,라이온킹,201201,Animation/Family
9665,라이온킹,201201,Animation/Family
9670,공범자들,201709,Documentary
9673,마빈의방,201911,Drama
9676,홍반장,201305,Romance
9685,더헌트,202002,Drama
9686,엑스맨:다크피닉스,201908,SF/Fantasy
9689,행복목욕탕,201911,Animation/Family
9691,도굴[가치봄],202102,Thriller/Crime
9692,완득이,201906,Drama
9704,위자:마지막게임,201809,Horror
9708,듀마,201512,Action/Adventure
9709,군중낙원,201712,Romance
9711,3월의라이온(2017)전편,201907,Drama
9713,엠마(2020),202003,Animation/Family
9713,엠마(2020),202003,Animation/Family
9715,보이걸씽(2006),201712,Romance
9718,더보이(2019),201906,Documentary
9723,해바라기(1970),201711,Drama
9730,제3의사랑,201606,Romance
9740,톱스타,201901,Drama
9744,러브퍼즐,201707,SF/Fantasy
9746,하프웨이,202103,Romance
9755,화이트라이언찰리,202006,Drama
9757,1945:포인트오브노리턴,202006,Historical/War
9758,숲속의부부,201802,SF/Fantasy
9759,열두번째용의자,201911,Thriller/Crime
9768,더월,201803,Documentary
9769,간신[감독판],201507,Historical/War
9770,월드워Z,201709,SF/Fantasy
9781,순종,201612,Documentary
9788,아이인더스카이,201607,Historical/War
9792,프로젝트메자,201801,SF/Fantasy
9793,구미호가족,201911,SF/Fantasy
9795,차일드인타임,202001,Drama
9796,협도연맹:유럽공략단,202008,Thriller/Crime
9798,가문의부활:가문의영광3,202003,Comedy
9802,해어화,201901,Historical/War
9814,사라센의칼,202101,Animation/Family
9815,트론:새로운시작(2010),201707,SF/Fantasy
9819,만물생장:끝없는관계,201604,Romance
9821,보이콰이어,202005,Drama
9822,타이타닉(1998),201505,Romance
9829,아이언맨3,201309,SF/Fantasy
9829,아이언맨3,201309,SF/Fantasy
9836,룩어웨이,201909,Horror
9839,업그레이드,201810,Action/Adventure
9841,혈투:황위쟁탈전,201912,Action/Adventure
9848,와일드마운틴타임,202103,Romance
9852,그것:광대의저주,201804,Horror
9853,미키의크리스마스,201712,SF/Fantasy
9859,600결사대,201902,Historical/War
9867,살인택시괴담:야경챕터2,202001,Horror
9868,"소설,영화와만나다",201312,Drama
9870,파리의인어,202008,Romance
9872,악녀,201707,Action/Adventure
9874,포르토,201802,Romance
9881,컨저링2,201609,Horror
9884,로스트바이킹:전쟁의신의아들,202009,Historical/War
9889,아마겟돈,201512,SF/Fantasy
9891,다른길이있다,201702,Drama
9894,K2,201405,Thriller/Crime
9902,존윅:특별판,201512,Drama
9907,백두산,202001,Action/Adventure
9909,어벤져스:엔드게임,201907,SF/Fantasy
9909,어벤져스:엔드게임,201907,SF/Fantasy
9912,소오강호[리마스터링],201601,SF/Fantasy
9914,암살,201701,Drama
9917,벤이즈백,201905,Drama
9924,모리스,201911,Romance
9925,암살교실:졸업편,201704,Comedy
9928,"집에돌아오면,언제나아내가죽은척을하고있다",202003,Comedy
9929,인카네이트,201706,Thriller/Crime
9930,동방삼협2,202003,Action/Adventure
9931,가슴노출을허하라!,201509,Comedy
9934,"오전0시,키스하러와줘",202009,Romance
9938,헝거게임:더파이널,201701,Action/Adventure
9944,마스터,201308,Drama
9944,마스터,201308,Drama
9946,SM작가(2000),202012,Drama
9948,다이빙벨[확장판],201504,Documentary
9949,래시컴홈,202101,Animation/Family
9950,와호장룡,201207,Historical/War
9952,홀리데이(2005),201606,Thriller/Crime
9959,아가씨[확장판],201701,Romance
9961,미나문방구,201811,Comedy
9962,살인자의기억법,201710,Thriller/Crime
9963,배트맨대슈퍼맨:저스티스의시작[확장판],201801,SF/Fantasy
9965,원초적본능(1992),201711,Thriller/Crime
9968,인디아나존스-크리스탈해골의왕국,201402,Action/Adventure
9969,더웨이브(2019),202103,Drama
9969,더웨이브(2019),202103,Drama
9972,해피니스로드,201902,Animation/Family
9976,잃어버린지구속으로(2008),202101,SF/Fantasy
9978,시티오브조이,201505,Drama
9980,메가샤크VS크로코사우러스(2010),201808,SF/Fantasy
9982,검사외전,202103,Thriller/Crime
9983,락아웃:익스트림미션,201207,SF/Fantasy
9985,다키스트마인드,201809,SF/Fantasy
9989,특수본,201612,Thriller/Crime
9992,비욘드엣지:카지노를털어라,201805,SF/Fantasy
10001,환절기,201803,Drama
10002,고양이를빌려드립니다,202003,Comedy
10009,카사블랑카,201504,Romance
10012,눈의꽃,201912,Romance
10013,배틀필드:카르발라전투,201806,Historical/War
10016,콘에어(1997),201708,Action/Adventure
10017,윈드토커,202005,Historical/War
10022,아버지와이토씨,201705,Comedy
10025,톰하디의도망자(2013),202002,Historical/War
10027,단추,202102,Drama
10030,킬빌Vol.1,201403,Drama
10031,컨덕트,201908,Horror
10033,스텝업2:더스트리트(2008),202009,Romance
10034,어쩌다로맨스,202004,Romance
10035,치하야후루상편,201802,Drama
10040,"나를책임져,알피",201506,Comedy
10043,안젤리크,201611,Historical/War
10044,영화는영화다,201404,Thriller/Crime
10048,대부3,201506,Thriller/Crime
10053,하이큐!!땅VS하늘,202002,Animation/Family
10056,백야협,202101,Other
10060,화이트타이거:최강전차군단,202102,Historical/War
10068,맨인블랙3,201504,SF/Fantasy
10070,곤충왕국3D,201409,Documentary
10073,오직사랑하는이들만이살아남는다(2013),202103,Romance
10078,트립투이탈리아,202003,Comedy
10079,셔터아일랜드,201609,Thriller/Crime
10085,엔젤해즈폴른,201911,Action/Adventure
10088,액션우먼인할리우드,202103,Documentary
10091,왕의춤,201506,Other
10096,"고산자,대동여지도",201701,Historical/War
10099,계절과계절사이,201910,Romance
10111,인간사냥꾼,201809,Drama
10113,이상한나라의앨리스(2010)[한글자막],201302,SF/Fantasy
10117,실미도,201906,Historical/War
10121,애비규환,202012,Comedy
10122,폭풍속으로(1991),202002,Thriller/Crime
10125,드림하우스,201510,Comedy
10126,이연걸의정무문,201912,Drama
10128,봉신대전,202011,SF/Fantasy
10130,베를린천사의시,201304,SF/Fantasy
10135,시칠리아햇빛아래,201707,Romance
10136,샬롯:욕망의법칙,202005,Romance
10139,디파티드(2006),201803,Drama
10141,카모메식당,201409,Drama
10151,LA대지진,201703,Action/Adventure
10154,쉐도우울브스,201908,Action/Adventure
10156,정무문2:전설의흑협,202008,Action/Adventure
10161,엑스맨,201505,SF/Fantasy
10164,천승:극강의싸움꾼,201910,Action/Adventure
10165,허트로커,202103,Historical/War
10167,레지던트이블(2002),201811,Horror
10173,언니,201901,Animation/Family
10174,"동물,원",201910,Documentary
10178,BB프로젝트(2006),202001,Action/Adventure
10182,성판17[무삭제판],201803,Documentary
10199,나의산티아고,201612,Comedy
10200,블리츠(2011),201908,Drama
10204,겨울왕국[무자막],201611,SF/Fantasy
10205,콜오브와일드,202006,Animation/Family
10209,히트(1995),202103,Thriller/Crime
10213,블랙팬서,201805,SF/Fantasy
10213,블랙팬서,201805,SF/Fantasy
10218,쌍화점(2008),201901,Drama
10218,쌍화점(2008),201901,Drama
10220,아메리칸셰프,201501,Comedy
10224,빅쇼트,201602,Drama
10228,연애,201303,Romance
10232,라이어트:기계들의역습,202012,SF/Fantasy
10235,언디스퓨티드2,201309,Thriller/Crime
10237,예감은틀리지않는다,201708,Drama
10238,원더우먼,201707,SF/Fantasy
10240,언브로큰,201502,Historical/War
10242,몽키킹4:투신의귀환,202103,Action/Adventure
10245,알투비:리턴투베이스,201906,Drama
10248,조용한세상,201405,Thriller/Crime
10249,지오스톰,201711,SF/Fantasy
10251,철의여인,201904,Drama
10252,해피투게더(2018),201811,Comedy
10253,후엠아이,201612,SF/Fantasy
10259,강철비2:정상회담,202008,Drama
10259,강철비2:정상회담,202008,Drama
10263,벨(2013),201903,Comedy
10263,벨(2013),201903,Comedy
10274,꼬마니콜라의여름방학(2014),202012,Animation/Family
10275,7:20원나잇포에버,201812,Romance
10277,지구인,201806,Other
10278,동자대소동,201604,Animation/Family
10281,라스트레터(2018),202103,Romance
10281,라스트레터(2018),202103,Romance
10282,트랜스포터:리퓰드,201511,Thriller/Crime
10286,레이더스,201402,Action/Adventure
10290,화심:욕망의꽃,201704,Drama
10294,이안에외계인이있다,202102,SF/Fantasy
10298,걷기왕,201909,Drama
10302,"아무튼,아담",202007,Drama
10308,식스빌로우,201802,Drama
10310,머메이드:죽음의호수,201907,Horror
10311,리미트리스(2011),202001,Thriller/Crime
10312,브루스올마이티(2003),201708,SF/Fantasy
10317,뮬란:전사의귀환[리마스터링],202006,Drama
10319,로렉스,201208,Animation/Family
10324,용길이네곱창집,202003,Animation/Family
10338,영웅본색3,201804,Action/Adventure
10343,원더랜드(2019),201909,Animation/Family
10343,원더랜드(2019),201909,Animation/Family
10343,원더랜드(2019),201909,Animation/Family
10344,나쁜상사,201808,Romance
10345,치킨리틀,201209,Animation/Family
10347,바람의검심:교토대화재편,201911,Action/Adventure
10350,쌍웅(2003),201912,Action/Adventure
10355,몬몬몬몬스터,201807,Horror
10360,수체스카,201507,Historical/War
10362,마법의성(2002),202002,Romance
10363,수퍼소닉,202003,Animation/Family
10363,수퍼소닉,202003,Animation/Family
10365,우상,201904,Thriller/Crime
10366,45년후,201606,Romance
10367,쿵푸타운,202103,Other
10370,인서전트(2015),202008,SF/Fantasy
10375,너를만난여름,201911,Romance
10378,내가죽기전에가장듣고싶은말,201708,Comedy
10380,사대문파,201909,Historical/War
10385,원타치,202102,Action/Adventure
10387,미이라:피라미드의비밀,201407,Horror
10388,하드코어헨리,201607,SF/Fantasy
10392,레토,201901,Drama
10394,걸스카우트,202002,Thriller/Crime
10395,초속5센티미터,202010,Animation/Family
10396,엠티맨,202101,Horror
10400,스폰지밥,201505,Animation/Family
10404,신기질:중원의결사대,202010,Historical/War
10409,레미:집없는아이,202006,Animation/Family
10410,달링,201804,Romance
10413,헬페스트,201812,Horror
10414,메가샤크어택(2017),201812,Horror
10417,툼스톤,201410,Thriller/Crime
10422,립반윙클의신부,201610,Romance
10422,립반윙클의신부,201610,Romance
10423,크리스마스호러스토리,201905,Other
10425,인더더스트,201811,SF/Fantasy
10426,워오브솔다도,201912,Historical/War
10428,프랑켄슈타인VS미라,201904,Horror
10429,비커밍제인(2007),201911,Romance
10431,킬러인리커버리,201907,Action/Adventure
10433,콜드스킨,201811,Action/Adventure
10436,부산행,201609,Action/Adventure
10437,영화속독립운동가들,202002,Documentary
10438,더티댄싱,201808,Romance
10439,우리들의행복한시간,201403,Drama
10440,라이프오브파이,201303,Action/Adventure
10446,스파이더맨:파프롬홈,201909,SF/Fantasy
10446,스파이더맨:파프롬홈,201909,SF/Fantasy
10447,에이리언2020(2000),201805,Horror
10454,레이서앤제일버드,201812,Thriller/Crime
10459,일대종사곽가권,201910,Action/Adventure
10468,침입자(2020),202006,Thriller/Crime
10468,침입자(2020),202006,Thriller/Crime
10468,침입자(2020),202006,Thriller/Crime
10469,셰이프오브워터:사랑의모양,201804,SF/Fantasy
10472,베스테르플라테전투,201912,Historical/War
10479,세인트클라우드,201404,SF/Fantasy
10480,빛의아버지:파이널판타지XIV,202101,Drama
10487,더비포타임,201811,Horror
10489,인비저블라이프,202007,Drama
10490,레플리카,201910,SF/Fantasy
10503,계약연애,202001,Romance
10504,프론테라스,202003,Action/Adventure
10505,리듬오브리벤지,202005,Thriller/Crime
10506,왕을참하라,201911,Drama
10506,왕을참하라,201911,Drama
10507,환상의빛,201611,Drama
10508,최후의카운트다운,201905,Historical/War
10508,최후의카운트다운,201905,SF/Fantasy
10511,바울,201901,Drama
10512,강시선생:일미도인,201909,Horror
10515,록키5(1990),201812,Drama
10516,데스노트,201312,Thriller/Crime
10521,벤허:레저렉션,201711,Action/Adventure
10522,지구[우리말][SE](2007),201510,Documentary
10523,모모(1986),201512,Comedy
10523,모모(1986),201512,Comedy
10524,호텔뭄바이,201906,Thriller/Crime
10526,인시디어스,201803,Horror
10527,뺑반,201902,Thriller/Crime
10528,푸시,201503,Animation/Family
10531,조제,202101,Romance
10532,고백,201501,Drama
10532,고백,201501,Drama
10532,고백,201501,Drama
10540,터칭더보이드,202010,Documentary
10543,뮌헨,201802,Thriller/Crime
10545,샌안드레아스,201805,Drama
10548,세상의모든아침,201410,Other
10553,중경삼림[리마스터링],202103,Drama
10561,도둑들:비트코인전쟁,202102,Thriller/Crime
10564,퍼펙트겟어웨이(2009),202002,Horror
10572,파란문너머의환상세계,201812,SF/Fantasy
10584,카3:새로운도전,201711,Animation/Family
10585,더리틀아워즈,201805,Comedy
10593,새벽의약속,201812,Drama
10595,에이리언:버뮤다삼각지대,201612,Horror
10600,익스트랙션,201705,Thriller/Crime
10601,박열,201708,Drama
10607,분노는말이없다,201911,Thriller/Crime
10608,리틀포레스트,201804,Drama
10613,퍼블릭에너미(2009),201404,Thriller/Crime
10614,노아-40일의기적,201612,SF/Fantasy
10628,오마이갓(2020),202011,Drama
10632,메기,201911,Thriller/Crime
10634,사냥,201810,Thriller/Crime
10639,플라이트93(2006),201907,Thriller/Crime
10640,루시드드림(2018),202103,SF/Fantasy
10643,허슬러,201912,Thriller/Crime
10650,블레이드러너,201504,SF/Fantasy
10651,초이스,201811,Romance
10655,"전혀아니다,별로아니다,가끔그렇다,항상그렇다",202005,Drama
10656,서스페리아,201906,Horror
10658,램페이지(2018),201805,Action/Adventure
10659,나는사랑과시간과죽음을만났다,201703,Drama
10673,페인티드버드,202004,Historical/War
10675,"내어깨위고양이,밥",201701,Drama
10682,나이스가이즈,201611,Thriller/Crime
10693,더이퀄라이저2,201812,Thriller/Crime
10694,프롬어하우스온윌로우스트리트,201803,Action/Adventure
10695,잔칫날,202012,Animation/Family
10697,라이온킹1과1/2(2004)[우리말],201612,Animation/Family
10703,반고흐:위대한유산,201901,Drama
10704,나쁜교육(2004),201811,Drama
10705,라이언일병구하기,201308,Historical/War
10715,투마더스,202003,Romance
10717,라스트킹:왕가의혈투,201701,Action/Adventure
10719,버스657,201611,Action/Adventure
10720,타짜-신의손,201410,Drama
10724,캐리비안의해적:망자의함,201907,SF/Fantasy
10742,레스큐언더파이어,201708,Action/Adventure
10743,록키4(1985),201812,Drama
10745,적인걸3:사대천왕,201811,Action/Adventure
10747,영웅본색4,201804,Action/Adventure
10748,13년의공백,201907,Animation/Family
10749,이케아옷장에서시작된특별난여행,201907,Action/Adventure
10759,리스본행야간열차,201406,Thriller/Crime
10763,이상한나라의앨리스(1951),201402,SF/Fantasy
10771,무사시,202005,Action/Adventure
10775,상하이나이츠(2003),201904,Comedy
10777,데이라이트엔드:인류멸망의날,202006,Horror
10779,헌트투킬,201211,Action/Adventure
10780,비스트(2019),201907,Animation/Family
10780,비스트(2019),201907,Animation/Family
10783,너는여기에없었다,201810,Thriller/Crime
10787,제5계급,201607,Drama
10789,네무덤에침을뱉어라(1979),201909,Horror
10792,뚱보가세상을지배한다,202006,Comedy
10796,다크블루,201311,Thriller/Crime
10797,오피스,201509,Comedy
10802,프리즌이스케이프,202006,Action/Adventure
10806,무지개빛데이즈(2017),201812,Romance
10814,런치박스,201404,Romance
10817,하늘에서음식이내린다면,201303,Animation/Family
10819,커넥트(2020)[별도편성][예고편],202102,Horror
10820,맥스스틸(2018),201804,SF/Fantasy
10821,강철비2:정상회담[확장판],202010,Drama
10828,퍼펙트케어,202103,Thriller/Crime
10829,햄스테드,201807,Romance
10833,너의결혼식,201809,Romance
10838,스쿠비!,202007,Animation/Family
10838,스쿠비!,202007,Animation/Family
10843,공동경비구역JSA,201407,Thriller/Crime
10845,"나니아연대기:사자,마녀그리고옷장",201512,SF/Fantasy
10852,감기,201310,Drama
10853,어느독재자,201704,Drama
10857,배트맨비긴즈,201503,Thriller/Crime
10860,스타워즈:라이즈오브스카이워커,202003,SF/Fantasy
10860,스타워즈:라이즈오브스카이워커,202003,SF/Fantasy
10863,반지의제왕:반지원정대[확장판],201606,SF/Fantasy
10864,나이트비포(2014),202011,Comedy
10865,베테랑,201510,Drama
10867,뉴욕의왕(1957),201603,Comedy
10868,너의췌장을먹고싶어,201801,Animation/Family
10869,아이언맨&헐크,201504,Animation/Family
10871,킹스맨:골든서클,201711,Action/Adventure
10872,해리포터와죽음의성물2,201701,SF/Fantasy
10874,에너미(2013),202007,Thriller/Crime
10875,환상의마로나,202006,Animation/Family
10876,몽키킹2:서유기여정의시작,201605,SF/Fantasy
10879,거울나라의앨리스,201609,SF/Fantasy
10881,뚜르드프랑스:기적의레이스,202003,Drama
10894,나를차버린스파이,201809,Comedy
10896,레모니스니켓의위험한대결,201406,Comedy
10901,몬스터콜,201710,SF/Fantasy
10902,유콜잇러브,202005,Romance
10909,당산대형(1971),201906,Thriller/Crime
10910,채리불:천하제일권,201907,Drama
10912,정직한후보[가치봄],202010,Comedy
10922,어웨이프롬허,201911,Romance
10923,더넌,201810,Horror
10925,커터헤드,201904,Action/Adventure
10926,사랑:세도시이야기,201612,Drama
10932,루키스,202006,Action/Adventure
10938,킹메이커(2012),202102,Drama
10938,킹메이커(2012),202102,Drama
10943,위선자들[감독판][UHD],201604,Drama
10944,와일드영,201402,Drama
10952,02:22,201905,Romance
10953,아들에게가는길,201712,Animation/Family
10953,아들에게가는길,201712,Animation/Family
10954,아인,201804,Drama
10955,장사리:잊혀진영웅들,201910,Historical/War
10957,만델라이펙트,202103,SF/Fantasy
10958,철의심장을가진남자,201811,Historical/War
10959,브릿마리여기있다,202006,Comedy
10961,은밀하게위대하게,201308,Comedy
10961,은밀하게위대하게,201308,Comedy
10962,작전명아이다호,201908,Thriller/Crime
10963,키스미어게인,201307,Drama
10967,심플라이프,201612,Drama
10968,슬립리스:크리미널나이트,201703,Thriller/Crime
10970,에린브로코비치,201111,Drama
10971,램페이지2-워싱턴심판의날,201903,Action/Adventure
10972,캐스트어웨이,201308,Action/Adventure
10974,밤비2,201612,Animation/Family
10975,엘리펀트킹덤보,201906,Animation/Family
10978,예수는역사다,201708,Drama
10979,가문의영광,201303,Comedy
10987,슈렉2,201202,Animation/Family
10996,옥중룡,201904,Romance
10997,12번째솔저,201904,Historical/War
11008,세상의모든디저트:러브사라,202102,Comedy
11009,더포리너,201802,Action/Adventure
11011,진격의거인파트1,201605,Horror
11022,비행기2:소방구조대,201801,Animation/Family
11022,비행기2:소방구조대,201801,Animation/Family
11023,킹오브썸머,201902,Comedy
11024,캡틴마블예고편,201904,SF/Fantasy
11026,캐리비안의해적:낯선조류,201907,SF/Fantasy
11027,배틀오브레전드,202005,Action/Adventure
11030,태극권,201904,Comedy
11031,할로윈:살인마잭,202007,Horror
11037,도리를찾아서,201701,Animation/Family
11037,도리를찾아서,201701,Animation/Family
11044,죽은시인의사회,201706,Drama
11045,흑협2,201909,SF/Fantasy
11047,친구,201212,Thriller/Crime
11047,친구,201212,Thriller/Crime
11050,소시오패스,202002,Thriller/Crime
11053,투모로우샤크,201805,Horror
11054,아내를죽였다,201912,Thriller/Crime
11061,대장김창수,201710,Drama
11062,돌이킬수없는(2002),201909,Thriller/Crime
11062,돌이킬수없는(2002),201909,Thriller/Crime
11067,더큐어,201407,Thriller/Crime
11068,1942:언노운배틀,202008,Historical/War
11069,하나와앨리스(2004),202006,Drama
11076,007카지노로얄(2006),201302,Action/Adventure
11077,인터프리터(2005),201805,Drama
11079,사선에서(1993),201904,Drama
11086,레이(2004),201508,Romance
11087,연인(2004),201912,Romance
11087,연인(2004),201912,Romance
11099,레볼루션아일랜드,201305,SF/Fantasy
11107,마사의부엌,201711,Comedy
11109,공포의묘지:망자의저주,202001,Horror
11110,맨홀,201901,Horror
11110,맨홀,201901,Horror
11111,단테스피크(1997),202001,Action/Adventure
11118,스플린터,202006,Horror
11121,라스트위치헌터,201611,SF/Fantasy
11126,강시선생2:강시가족,201909,Horror
11127,영앤뷰티풀,202012,Drama
11132,운봉,202102,Action/Adventure
11134,노래로쏘아올린기적,201708,Drama
11135,퍼펙트맨(2019),201910,Comedy
11135,퍼펙트맨(2019),201910,Comedy
11142,공포분자,202010,Drama
11143,에일리언프레데터2,201906,Thriller/Crime
11144,파국:끝까지간다,201809,Action/Adventure
11147,서양골동양과자점앤티크,202002,Drama
11150,양자물리학,201910,Thriller/Crime
11153,봄이가도,201810,Drama
11155,비스틀리(2011),201905,SF/Fantasy
11163,컨페션,201408,Thriller/Crime
11165,디센트,201412,Horror
11170,드라이브:분노의질주,202011,Thriller/Crime
11177,귀여운여인,201707,Comedy
11179,군도:민란의시대,201909,Historical/War
11187,브로큰플라워,201508,Comedy
11190,칠곡가시나들,201904,Documentary
11193,해리포터와아즈카반의죄수,201701,Drama
11193,해리포터와아즈카반의죄수,201701,Drama
11194,101마리의달마시안개(1961),201503,Animation/Family
11198,설리:허드슨강의기적,201701,Drama
11202,폴링오버나잇,201305,Drama
11203,허스토리,201807,Drama
11208,건축학개론,201205,Romance
11211,서유기:철선녀의파초선,201902,SF/Fantasy
11218,마르셀의여름,201312,Animation/Family
11226,글래스,201904,SF/Fantasy
11230,네레우스:바다의괴물,201908,Horror
11233,올아이즈온미,201709,Drama
11237,일렉트릭러브,202012,Other
11240,라라랜드,201704,Other
11241,플랜맨,201901,Drama
11245,열화영웅,202003,Other
11246,쉬즈더맨(2006),201605,Comedy
11254,매트릭스,201808,SF/Fantasy
11255,라이프온더라인,201705,Action/Adventure
11258,주홍글씨(2004),201901,Romance
11259,록키발보아(2006),201812,Drama
11260,행복한사전,201403,Comedy
11261,롱샷,201908,Comedy
11263,우리사랑할까요?,201811,Drama
11264,고스트버스터즈(2016),201609,SF/Fantasy
11264,고스트버스터즈(2016),201609,SF/Fantasy
11266,퍼펙트타겟,201906,Historical/War
11269,브림스톤,201704,Action/Adventure
11270,라이엇,201612,Action/Adventure
11271,좀비드럭,201706,Horror
11276,페니핀처,201709,Comedy
11288,스키타이:불멸의전사,201809,SF/Fantasy
11292,패는여자,201210,Action/Adventure
11296,두사부일체,201912,Comedy
11297,히말라야,201602,Drama
11298,타워,201906,Other
11299,사탄의인형,201908,Horror
11301,홈(2018),201806,SF/Fantasy
11302,육체의학교,201506,Drama
11306,김광석,201711,Documentary
11307,스파이더위크가의비밀,201308,SF/Fantasy
11312,거짓말을사랑하는여자,202001,Drama
11313,엣지오브투모로우,201808,SF/Fantasy
11314,사랑방손님과어머니,201812,Romance
11315,할로우포인트,201912,Thriller/Crime
11322,비밀과거짓말,202002,Drama
11332,전장의패트롤,202010,Historical/War
11336,심야의FM,201407,Thriller/Crime
11338,윔피키드:가족여행의법칙,201708,Animation/Family
11339,가디언즈,201304,SF/Fantasy
11339,가디언즈,201304,SF/Fantasy
11340,대리사:취월교방대방화,202008,Action/Adventure
11348,거룩한계보,201304,Drama
11350,전국노래자랑,201810,Comedy
11351,좀비랜드(2009),201902,Horror
11354,스윙보트(2008),202101,Comedy
11360,넥스트제네레이션패트레이버,201612,SF/Fantasy
11363,해리포터와비밀의방,201701,Drama
11363,해리포터와비밀의방,201701,Drama
11364,의뢰인,201901,Thriller/Crime
11369,클래식,201204,Drama
11379,스파이더맨2,201604,SF/Fantasy
11382,엘프[한글자막],201504,Animation/Family
11383,언더더트리,201811,Comedy
11384,내꿈은컬러꿈,201911,SF/Fantasy
11385,가을의마티네,202101,Romance
11387,성난변호사,201511,Thriller/Crime
11391,"가장따뜻한색,블루",201402,Romance
11392,스캔들:조선남녀상열지사,201603,Drama
11396,1919유관순,201906,Documentary
11404,논스톱투헬,201902,Horror
11405,42(2013),201605,Action/Adventure
11414,더프린세스:도둑맞은공주,202008,SF/Fantasy
11418,손오공:대천복요,202011,SF/Fantasy
11419,돈바스:최후의결전,202008,Historical/War
11425,케이브,201803,Drama
11426,기쿠지로의여름(1999),201707,Comedy
11430,위자:저주의시작,201701,Horror
11431,위험한정사,201206,Drama
11437,모테키:모태솔로탈출기,202003,Comedy
11439,더클리닉(2009),201710,Horror
11440,69세,202009,Drama
11443,미인도,201410,Romance
11444,곤지암,201804,Horror
11445,친정엄마,201407,Animation/Family
11446,바람(2009),202007,Drama
11446,바람(2009),202007,Drama
11449,용등사해,201909,Thriller/Crime
11452,죠스2,201506,Horror
11455,귀곡성:귀신을부르는소리,201607,Horror
11457,국화꽃향기(2003),201605,Drama
11460,당대명포:무림고수대결전,201807,Action/Adventure
11462,시크릿닌자,201210,Other
11465,맨하탄녹턴,202007,Thriller/Crime
11469,골드,201704,Thriller/Crime
11471,소공녀(2018),201804,Romance
11473,세레니티(2018),202007,Thriller/Crime
11473,세레니티(2018),202007,Thriller/Crime
11486,용재강호:테러리스트,201909,Thriller/Crime
11488,생활의발견(2002),201803,Romance
11490,불꽃처럼나비처럼(2009),201608,Romance
11491,클로즈에너미,201906,Thriller/Crime
11493,소녀검객아즈미대혈전2(2005),201905,Action/Adventure
11498,써니,201904,Drama
11504,중독노래방,201706,Thriller/Crime
11505,샌드샤크,201712,Horror
11511,엔딩스비기닝스[별도편성][예고편],202102,Romance
11519,더하우스,201912,Horror
11519,더하우스,201912,Horror
11521,인천상륙작전:익스텐디드에디션,201701,Historical/War
11524,세상에서가장아름다운이별,201709,Drama
11525,오!문희,202009,Comedy
11529,굿모닝에브리원,201212,Romance
11535,화소도,201412,Thriller/Crime
11538,나이브스아웃,202002,Thriller/Crime
11540,터보,201310,Comedy
11546,세이프(2011),202009,Drama
11547,웃는남자(2012),202005,SF/Fantasy
11548,마스크,201504,Documentary
11550,아웃브레이크:지구최후의날,201612,SF/Fantasy
11551,몬스터헌터:귀멸의검,202010,SF/Fantasy
11556,화도대전,201410,Action/Adventure
11558,고양이사무라이,201909,Comedy
11564,용의자X적헌신,201804,Thriller/Crime
11571,써로게이트,201707,SF/Fantasy
11581,징기스칸:지살령,201901,Historical/War
11582,비포선라이즈,201504,Other
11585,스페셜포스:라스트타겟,202011,Action/Adventure
11586,블라인드사이드,201504,Drama
11587,어스,201904,Drama
11589,워터월드(1995),202001,SF/Fantasy
11595,도범2:감옥풍운,201507,Thriller/Crime
11596,살아남은아이,201809,Drama
11604,체실비치에서,201810,Romance
11613,바르샤드림스,201612,Documentary
11617,카운트다운,202011,Horror
11618,그레이스오브모나코,201611,Drama
11620,쥬라기게임,201809,SF/Fantasy
11622,빅(1988),202004,Romance
11625,트랜스포머:최후의기사,201709,SF/Fantasy
11627,불한당:나쁜놈들의세상,201706,Thriller/Crime
11628,궁녀,201302,Thriller/Crime
11629,라이즈오브더풋솔져,201808,Thriller/Crime
11634,적인걸더파이널,202005,Thriller/Crime
11635,갓오브이집트,201611,SF/Fantasy
11636,개같은날의오후(1995),202005,Comedy
11641,검객풍운,201703,Drama
11647,경성학교:사라진소녀들,201810,Thriller/Crime
11654,잃어버린세계:로스트퓨쳐,201608,SF/Fantasy
11656,루터,201712,Drama
11658,마틴에덴,202011,Romance
11667,배드지니어스,201711,Thriller/Crime
11667,배드지니어스,201711,Thriller/Crime
11674,반지의제왕:반지원정대,201701,SF/Fantasy
11674,반지의제왕:반지원정대,201701,SF/Fantasy
11679,붉은수수밭(1988),202103,Historical/War
11682,퇴마:무녀굴,201612,Horror
11686,에로스(2004),202103,Romance
11696,넥스트제네레이션패트레이버:수도결전,201607,SF/Fantasy
11701,군달라:슈퍼히어로의탄생,202009,Thriller/Crime
11702,오마이지저스,202103,Comedy
11706,천일의스캔들(2008),201605,Romance
11710,디스민즈워,201205,Comedy
11712,스타워즈1:보이지않는위험,201701,Documentary
11720,원챈스,201611,Comedy
11727,스파이,201311,Other
11727,스파이,201311,Other
11727,스파이,201311,Other
11728,은밀하고도매혹적인비밀수업:착한여자,202103,Romance
11734,홍콩마스크,201910,Comedy
11735,게이트크래시,202012,Thriller/Crime
11736,바이러스(2017),202008,Drama
11736,바이러스(2017),202008,Drama
11738,조선명탐정:흡혈괴마의비밀,201803,Historical/War
11739,레미제라블,201303,Drama
11739,레미제라블,201303,Drama
11739,레미제라블,201303,Drama
11742,82년생김지영,201911,Drama
11746,에반올마이티,201701,Comedy
11753,이별식당,202008,Romance
11756,에어리언대침공,202001,SF/Fantasy
11760,검찰측증인디오리지널,201805,Thriller/Crime
11764,펠리니를찾아서,201807,Action/Adventure
11766,초미의관심사,202006,Drama
11769,터널,201801,Historical/War
11769,터널,201801,Historical/War
11769,터널,201801,Historical/War
11784,에이리언4,201606,SF/Fantasy
11790,더서치,201901,Drama
11794,에스파트너,201612,Romance
11796,도쿄!(2008),201704,Drama
11797,강남1970,202003,Drama
11797,강남1970,202003,Drama
11800,세븐(1995),201505,Thriller/Crime
11801,타이거마운틴,202003,Historical/War
11804,1864남북전쟁,202012,Drama
11805,패트리어트:늪속의여우,201707,Action/Adventure
11807,구니스,201504,Animation/Family
11808,미녀와야수[2D],201908,SF/Fantasy
11809,의형제(2010),201901,Drama
11814,샤인(1996),201809,Animation/Family
11819,#아이엠히어,202102,Comedy
11820,샤크(2004),201308,Thriller/Crime
11825,골든오케스트라!,201708,Comedy
11826,꿀벌대소동,201201,Animation/Family
11828,팬텀스레드,201804,Drama
11829,트롤2:월드투어,202004,Documentary
11830,타임투게더,201711,Drama
11831,마약왕,201901,Thriller/Crime
11832,엔젤오브스카이,201411,Historical/War
11836,키스오브뱀파이어(2012),202101,Romance
11837,줄리에타,201612,Drama
11840,신디케이트:라스트마피아,201812,Thriller/Crime
11841,폭력써클(2006),202010,Drama
11845,런,202012,Animation/Family
11851,해적:바다로간산적,201901,Action/Adventure
11853,캠프엑스레이,201611,Drama
11856,스카페이스(1983),201508,Drama
11860,잠자는숲속의공주,201701,SF/Fantasy
11860,잠자는숲속의공주,201701,SF/Fantasy
11861,헤라클레스(1997),201911,SF/Fantasy
11862,트레져헌터(2009),201701,Romance
11863,파더앤도터,201512,Drama
11865,카운터어택,202101,Action/Adventure
11873,고스톱살인,201404,SF/Fantasy
11878,21브릿지:테러셧다운,202002,Thriller/Crime
11879,보스베이비[3D],201810,Animation/Family
11883,랭고리얼,201511,Drama
11885,파이어라이트,201511,Drama
11889,"인사하고,키스",201905,Romance
11890,드래프트데이,201407,Drama
11891,크리스마스에는행복이,202012,Comedy
11893,젠엑스캅,202003,Comedy
11898,님은먼곳에(2008),202002,Historical/War
11899,다운어다크홀,201909,Horror
11903,프리키데스데이,202012,Horror
11904,성난황소,201812,Thriller/Crime
11908,알리(2001),202010,Drama
11911,맥스피스트,202103,Thriller/Crime
11913,이블데드2020,202009,Horror
11922,블러드다이아몬드(2006),201803,Drama
11924,쓰키지원더랜드,201902,Documentary
11926,킹아더전설의서막,201704,SF/Fantasy
11931,방자전,201904,Historical/War
11934,킹콩(2005),201610,Action/Adventure
11935,그린치(2018),201901,Animation/Family
11935,그린치(2018),201901,Animation/Family
11935,그린치(2018),201901,Animation/Family
11941,에밀리아의노동자들은쓰러지지않는다,202012,Drama
11955,엔젤오브마인,201911,Drama
11956,오퍼나지:비밀의집,201701,Thriller/Crime
11957,콜드워(2018),201902,Thriller/Crime
11957,콜드워(2018),201902,Thriller/Crime
11966,글러브,201201,Drama
11973,스티븐시걸의CIA,201403,Thriller/Crime
11976,하나레이베이,201906,Drama
11977,어톤먼트,201701,Romance
11978,블라인드(2007),202102,Drama
11978,블라인드(2007),202102,Drama
11978,블라인드(2007),202102,Drama
11981,도망자(1995),201909,Drama
11982,뮤직박스,201312,Drama
11983,신의한수:귀수편,201912,Thriller/Crime
11985,유감스러운도시,201303,Thriller/Crime
11989,월드워핵전쟁의서막,201903,Historical/War
11993,애프터매스(2018),201804,Drama
11993,애프터매스(2018),201804,Drama
12000,언더워터샤크,201804,SF/Fantasy
12001,강한칼:도도견혈,201812,Historical/War
12005,파라노말액티비티:더고스트디멘션,201604,Horror
12006,메리다와마법의숲,201210,Animation/Family
12006,메리다와마법의숲,201210,Animation/Family
12009,퍼시잭슨과번개도둑,201505,SF/Fantasy
12012,봉황천화:절대병기의비밀,202010,Action/Adventure
12013,바람에젖은여자,201706,Comedy
12019,나의결혼원정기(2005),201908,Drama
12029,부산(2009),202101,Drama
12030,갱,202002,Comedy
12033,해리포터와죽음의성물1,201701,SF/Fantasy
12035,피터팬(1953)[한글자막],201611,Drama
12039,킨:더비기닝,201810,Thriller/Crime
12041,어벤져스그림:시간전쟁,201811,Action/Adventure
12043,더러너스,202103,Action/Adventure
12044,더보트,201912,Thriller/Crime
12045,카구야님은고백받고싶어-천재들의연애두뇌전-,202006,Romance
12050,교회오빠,202004,Documentary
12055,스파이전쟁,202009,Historical/War
12060,해피데스데이,201712,Horror
12065,메가로돈,201809,Horror
12067,살아있는데브의밤,201908,Comedy
12070,꾼(2017),201712,Thriller/Crime
12075,넥스트투모로우(2011),201910,SF/Fantasy
12078,백조공주:왕실의미스테리,201804,Animation/Family
12078,백조공주:왕실의미스테리,201804,Animation/Family
12089,글렌게리글렌로스(1992),201908,Thriller/Crime
12097,엽문4:종극일전,201612,Drama
12098,내니맥피2:유모와마법소동,201805,SF/Fantasy
12101,피끓는청춘,201809,Romance
12102,원데이[특별판],202009,Romance
12105,다이하드,201510,Action/Adventure
12106,쿵푸허슬(2005),201708,Comedy
12107,천국에다녀온소년,201407,Drama
12110,블루발렌타인,201206,Romance
12111,오직그대만,202002,Romance
12113,로드킬(2018),201902,Horror
12113,로드킬(2018),201902,Horror
12116,레지던트이블2(2004),201811,Action/Adventure
12117,스튜어트리틀(1999),201902,Animation/Family
12120,패왕별희디오리지널,202007,Romance
12127,더킥,201112,Action/Adventure
12134,차타레부인의사랑(1981),201909,Romance
12135,로지(2018),201909,Comedy
12135,로지(2018),201909,Romance
12137,히트(2013),201610,Comedy
12138,여수밤바다,201910,Comedy
12139,비룡맹장[리마스터링][감독판],201812,Action/Adventure
12142,13구역,201312,SF/Fantasy
12149,아비정전(1990),201704,Romance
12150,무서운집,201610,Horror
12153,덕구,201805,Drama
12156,에이트빌로우(2006),201902,Action/Adventure
12159,백설공주,201612,SF/Fantasy
12159,백설공주,201612,SF/Fantasy
12159,백설공주,201612,SF/Fantasy
12163,마담뺑덕,201410,Romance
12165,킬빌Vol.2,201406,Animation/Family
12173,"러브,로지",202001,Comedy
12174,히트맨(2020),202002,Comedy
12174,히트맨(2020),202002,Comedy
12177,용호문(2006),201703,Action/Adventure
12181,스플릿,201702,Drama
12183,크레이지인러브,201803,Romance
12184,하이힐,201901,Thriller/Crime
12186,클로버,201712,Drama
12188,엄마는창녀다,201410,Drama
12204,투나잇스탠드,201505,Romance
12206,팡파레,202007,Thriller/Crime
12212,마다가스카의펭귄[2D],201901,Animation/Family
12213,소울리스,201612,Comedy
12215,피터래빗,201806,Animation/Family
12216,서바이벌패밀리,201801,Comedy
12220,아는여자,201306,Drama
12222,가디언즈오브갤럭시,201811,SF/Fantasy
12225,스티븐시걸의리벤지,202001,Action/Adventure
12229,슈거마운틴,202102,Drama
12238,태백권,202008,Animation/Family
12239,에로스:왕가위감독[특별판],202103,Other
12246,토마스크라운어페어,201508,Thriller/Crime
12250,줄무늬파자마를입은소년(2008),201903,Historical/War
12251,치하야후루하편,201802,Drama
12253,진주귀걸이를한소녀(2003),201704,Romance
12255,사랑의규칙,201703,Romance
12257,학교패왕(청초한감성),201301,SF/Fantasy
12263,미이라:황제의부활,201612,Horror
12264,호랑이보다무서운겨울손님,201804,Romance
12268,드리머(2005),201911,Drama
12276,천녀유혼(1987),202004,Horror
12276,천녀유혼(1987),202004,Horror
12287,몽마르트파파,202001,Documentary
12292,U235:무적의잠수함,202011,Historical/War
12293,창궐,201811,Historical/War
12297,그레이의50가지그림자,201612,Romance
12298,고백(2020),202103,Drama
12298,고백(2020),202103,Drama
12298,고백(2020),202103,Drama
12300,신비한동물들과그린델왈드의범죄,201812,SF/Fantasy
12300,신비한동물들과그린델왈드의범죄,201812,SF/Fantasy
12304,트와일라잇(2008),201904,Romance
12305,황제를위하여,201407,Thriller/Crime
12310,좀비대에일리언,201705,SF/Fantasy
12316,바그다드카페:디렉터스컷,201607,Comedy
12320,안나카레니나(1997),202003,Romance
12320,안나카레니나(1997),202003,Romance
12320,안나카레니나(1997),202003,Romance
12321,램페이지,201612,Action/Adventure
12325,블랙피쉬,201403,Documentary
12326,레지던트이블5:최후의심판,201604,Horror
12329,비블리아고서당사건수첩,201906,Thriller/Crime
12333,"조제,호랑이그리고물고기들",201701,Animation/Family
12333,"조제,호랑이그리고물고기들",201701,Animation/Family
12333,"조제,호랑이그리고물고기들",201701,Animation/Family
12334,채피,201504,Action/Adventure
12339,시험에들지말게하옵시며(2011),201608,Drama
12342,원라인,201705,Thriller/Crime
12346,그후,201707,Other
12348,원스,201808,Drama
12352,800,202101,Historical/War
12353,신포청천:혈수고,202102,SF/Fantasy
12357,토르:천둥의신,201404,SF/Fantasy
12362,굿바이(2008),202101,Drama
12363,두여인,201505,Drama
12364,테넷,202012,SF/Fantasy
12365,머룬베레:이름없는영웅,202103,Historical/War
12367,버킷리스트,201504,Drama
12370,천년여우여우비[우리말],201906,SF/Fantasy
12378,분노,201704,Thriller/Crime
12382,짱,201811,Drama
12382,짱,201811,Drama
12385,이웃사촌,202012,Comedy
12386,레브,202008,Drama
12390,레베카(1940),201803,Drama
12394,거울속으로,201304,Horror
12399,바나나쏭의기적,201803,Documentary
12401,렛힘고,202011,Thriller/Crime
12404,다이빙:그녀에빠지다,201812,Romance
12409,통메모리즈[확장판],201611,Action/Adventure
12413,퍼미션,201903,Comedy
12421,프랑스여자,202007,Drama
12424,안녕까지30분,202010,Romance
12425,토르2:다크월드,201611,Documentary
12429,너의시선이머무는곳에,202007,Romance
12436,리턴(2003),201511,Drama
12438,무사회:사무라이대습격,202007,Historical/War
12444,프리퀀시,201506,Thriller/Crime
12448,고백할수없는,201604,Thriller/Crime
12450,쎄시봉,201503,Romance
12453,내남자의이중생활,202003,Thriller/Crime
12457,알라딘3-알라딘과도둑의왕,201407,Animation/Family
12463,"나의아들,나의어머니",201611,Documentary
12466,"어쩌다,결혼",201903,Comedy
12468,그림자들의섬,201612,Documentary
12469,완벽한타인,201812,Comedy
12476,기린의날개극장판신참자,202007,Thriller/Crime
12481,페어웰,202102,Animation/Family
12484,아마겟돈2046,202102,SF/Fantasy
12489,태양은가득히,201312,Thriller/Crime
12491,제인도,201709,Horror
12492,군산:거위를노래하다,201812,Drama
12493,프라이빗스쿨,201508,Comedy
12495,스피드(1994),201709,Thriller/Crime
12497,플로리다프로젝트,201804,Drama
12499,백설공주살인사건,201912,Thriller/Crime
12504,럼블,201708,Action/Adventure
12504,럼블,201708,Action/Adventure
12509,비스티보이즈,201301,Drama
12510,분노의역류(1991),202001,Thriller/Crime
12519,특수부대:스카이헌터,201809,Historical/War
12530,밤의문이열린다,201909,SF/Fantasy
12544,옴샨티옴,201612,Romance
12546,데스티네이션웨딩,201812,Romance
12548,제리맥과이어,201111,Comedy
12549,세렌디피티,201405,Drama
12551,레드:더레전드,201408,Thriller/Crime
12552,요괴외전,201909,SF/Fantasy
12554,보스베이비,201706,Animation/Family
12555,으라차차!마이러브,202006,Romance
12558,검객,202010,Action/Adventure
12559,씨민과나데르의별거,201407,Drama
12562,블러드스크린,202103,Horror
12566,물괴[가치봄],202010,Historical/War
12577,호텔레이크,202005,Horror
12580,미쓰GO(2012),202010,Thriller/Crime
12582,레전드오브타잔,201608,Action/Adventure
12583,윈드리버[감독판],201711,Thriller/Crime
12585,탐엣더팜,202001,Drama
12589,썸오브올피어스,201406,Action/Adventure
12593,우리가족삼총사,201707,Comedy
12603,이웃사촌[가치봄],202101,Comedy
12608,로즈와마틴의유령퇴치주식회사,202101,Horror
12619,디스트릭트9(2009),201901,SF/Fantasy
12621,분노의질주:홉스&쇼,201909,Action/Adventure
12623,보안관,201706,Thriller/Crime
12624,라스트홈,201604,Drama
12627,광대들:풍문조작단,201909,Historical/War
12629,메리에겐뭔가특별한것이있다,202012,Comedy
12632,완벽한거짓말,201708,Thriller/Crime
12635,알리타:배틀엔젤,201907,Romance
12639,세인트모드,202103,Horror
12641,혹성탈출(2001),201610,SF/Fantasy
12644,연의황후,201308,SF/Fantasy
12645,샤크쓰나미,202007,SF/Fantasy
12646,12명의죽고싶은아이들,201907,Drama
12648,인사이드아웃,201511,Other
12648,인사이드아웃,201511,Other
12650,맨프롬엉클,201602,Comedy
12651,스타워즈:라스트제다이,201803,SF/Fantasy
12651,스타워즈:라스트제다이,201803,SF/Fantasy
12652,에너미오브스테이트(1998),201808,Drama
12660,롤플레이(2012),201907,Romance
12661,카이로의붉은장미(1985),202006,Drama
12662,원스어폰어타임...인할리우드,201911,Comedy
12665,창문넘어도망친100세노인,201407,Action/Adventure
12666,미녀와야수(2017)[싱어롱],201705,SF/Fantasy
12671,스타이즈본,201811,Romance
12672,죽어야사는여자(1992),202002,SF/Fantasy
12673,호두까기인형3D[2D],202101,SF/Fantasy
12675,스코어투셔틀,201911,Thriller/Crime
12678,녹정기2:신룡교,201909,Comedy
12682,가시꽃,201309,Drama
12683,챔피언,201212,Drama
12683,챔피언,201212,Drama
12683,챔피언,201212,Drama
12683,챔피언,201212,Drama
12683,챔피언,201212,Drama
12687,나쁜놈은죽는다,202007,Comedy
12690,존윅(2014),202008,Action/Adventure
12693,세자매,202102,Romance
12694,구화영웅,201406,Comedy
12695,비밀정보원:인더프리즌,202004,Thriller/Crime
12702,디즈니삼총사(2004),201811,Drama
12703,프리즈너,202007,Action/Adventure
12705,온리더브레이브(2018),201803,Drama
12707,거짓말(2015),201810,Romance
12708,프레데터2018,201806,SF/Fantasy
12709,더타이탄,201805,SF/Fantasy
12712,메멘토[리마스터링],201912,Thriller/Crime
12713,언더월드3:라이칸의반란(2009),201902,SF/Fantasy
12714,카메라를멈추면안돼!,201812,Horror
12722,앨리스:원더랜드에서온소년,201512,Horror
12723,나라타주,201805,Romance
12726,협상,201810,Thriller/Crime
12728,네코아츠메의집,201801,Animation/Family
12729,컨스피러시,201506,Thriller/Crime
12730,지금사랑하는사람과살고있습니까,201906,Romance
12733,갱스터오브시티,202102,Thriller/Crime
12734,아카이브,202012,Animation/Family
12735,헝거게임:모킹제이,202002,SF/Fantasy
12740,아들의방(2001),202102,Animation/Family
12743,봉신연의:불의검외전,202002,SF/Fantasy
12746,오케이마담,202009,Comedy
12750,누명,201712,Thriller/Crime
12751,호빗:뜻밖의여정,201605,SF/Fantasy
12751,호빗:뜻밖의여정,201605,SF/Fantasy
12753,다이하드:굿데이투다이,201306,Thriller/Crime
12754,르누아르,201903,Drama
12758,러닝스케어드,202003,Thriller/Crime
12759,겨울왕국,201403,SF/Fantasy
12759,겨울왕국,201403,SF/Fantasy
12760,본투비블루,201607,Drama
12761,프리다의그해여름,201811,Drama
12765,스텝업:올인,201509,Romance
12768,분노의질주:언리미티드,201405,Thriller/Crime
12769,닥터두리틀(2020),202002,SF/Fantasy
12769,닥터두리틀(2020),202002,SF/Fantasy
12769,닥터두리틀(2020),202002,SF/Fantasy
12770,나의작은시인에게,201904,Drama
12772,프랑켄위니[한글자막],201301,Horror
12773,독전:익스텐디드컷,201807,Thriller/Crime
12774,고스트보트(2014),201510,Horror
12777,톰과제리:수퍼레이스,202103,Animation/Family
12779,완벽한타인:킬모바일,201905,Comedy
12781,카지노(1995),201604,Thriller/Crime
12783,아큐페이션,201807,SF/Fantasy
12784,와인스타인,201910,Documentary
12785,오베라는남자,201606,Drama
12786,7호실,201712,Comedy
12800,레고무비2,201903,Animation/Family
12800,레고무비2,201903,Animation/Family
12801,에이리언컨버전스,201811,Horror
12804,제5원소[리마스터링][감독판],201611,SF/Fantasy
12805,엔더스게임,201611,SF/Fantasy
12806,"하이,젝시",202003,Comedy
12810,무협:절대비기의비밀,202002,Action/Adventure
12811,지옥의묵시록(1979),202006,Historical/War
12812,일대종사,201309,Drama
12814,삼국-무영자,201812,Drama
12819,조선명탐정:각시투구꽃의비밀,201901,Comedy
12820,드라큘라:모로이의전설,201905,Horror
12823,생로랑,201504,Drama
12824,맥퀸,201810,Documentary
12826,어떤방문:디지털삼인삼색2009,201505,Drama
12828,메리포핀스리턴즈,201903,SF/Fantasy
12828,메리포핀스리턴즈,201903,SF/Fantasy
12831,여중생A,201807,Drama
12837,피아니스트의전설,202002,SF/Fantasy
12839,오리엔트특급살인,201712,Thriller/Crime
12849,넥스트제네레이션패트레이버2,201810,SF/Fantasy
12851,신과함께:죄와벌,201802,SF/Fantasy
12852,화피(2008),201702,SF/Fantasy
12858,좀비VS헌터,201801,SF/Fantasy
12861,워히어로,202008,Historical/War
12862,이차크의행복한바이올린,201901,Documentary
12863,비스트스토커2,201206,Action/Adventure
12864,가면속의아리아,201311,Drama
12868,호스트,201911,Other
12880,엘르(2017),201707,Drama
12880,엘르(2017),201707,Drama
12885,아수라,201611,Thriller/Crime
12885,아수라,201611,Thriller/Crime
12894,기묘한가족,201902,Animation/Family
12897,택시4,202004,Comedy
12904,미나미양장점의비밀,201606,Drama
12905,서프러제트,201701,Drama
12906,까불지마(2004),202102,Drama
12915,뷰티풀마인드,201308,Drama
12916,하트,202003,Comedy
12918,킬러더스파이,202102,Thriller/Crime
12924,미스테리어스스킨,201712,Drama
12925,오버드라이브,201712,Action/Adventure
12930,꿈의제인,201706,Drama
12932,여교사,201701,Drama
12934,말모이,201902,Drama
12944,"메밀꽃,운수좋은날,그리고봄봄",201503,Animation/Family
12948,데자뷰(2018),201806,Thriller/Crime
12948,데자뷰(2018),201806,Thriller/Crime
12954,동감,201910,Romance
12956,에브리타임룩앳유,201903,Comedy
12958,겨울밤에,202101,Drama
12960,하류인생,201305,Action/Adventure
12961,잠복근무,201511,Comedy
12965,원티드(2008),201410,Documentary
12966,미스터주:사라진VIP,202002,Comedy
12968,아이언마스크:용패지미,202007,Animation/Family
12973,배틀트랩,201812,Historical/War
12974,세상을바꾼변호인,201906,Drama
12978,해피뻐스데이,201711,Comedy
12983,데스티네이션게임:죽음의굴레,201701,Horror
12987,시카리오:데이오브솔다도,201809,Thriller/Crime
12993,세상의중심에서사랑을외치다,201308,Romance
12996,매드맥스:로드워,201803,SF/Fantasy
13005,...ing,201912,Romance
13006,댄스타운,201408,Drama
13011,비트윈랜드앤씨,201808,Action/Adventure
13015,1944,201512,Horror
13024,적각비협,201805,Drama
13025,친절한금자씨,201906,Thriller/Crime
13030,일주일간친구(2017),201801,Romance
13033,김종욱찾기,201904,Romance
13034,아가사:살인의진실,202006,Thriller/Crime
13035,남과여(2016),201701,Drama
13035,남과여(2016),201701,Drama
13043,키리시마가동아리활동그만둔대,201901,Drama
13045,틴스피릿,201909,Drama
13049,여자는남자의미래다(2004),201803,Drama
13054,팬데믹,202007,Animation/Family
13056,도미노이펙트,201611,Thriller/Crime
13058,점박이:한반도의공룡,201211,Animation/Family
13059,잡스,201612,Drama
13060,천하영웅자객(2012),202003,Drama
13066,글래디에이터,201305,Action/Adventure
13069,슈퍼배드3,201708,Animation/Family
13069,슈퍼배드3,201708,Animation/Family
13071,대폭격(2018),201901,Other
13072,엑설런트어드벤쳐3,202011,Action/Adventure
13073,도화선(2007),201703,Action/Adventure
13074,용재변연,201904,Thriller/Crime
13075,드래곤길들이기2[2D],201901,Animation/Family
13077,한나(2018),201808,Action/Adventure
13077,한나(2018),201808,Action/Adventure
13087,바보선언,201510,Drama
13088,쿵푸팬더2,201111,Animation/Family
13092,동네사람들,201811,Action/Adventure
13093,그린랜드,202011,Action/Adventure
13094,#아이엠히어[별도편성][예고편],202102,Comedy
13096,고야의유령,201207,Drama
13097,콜레트,201904,Drama
13098,바닷마을다이어리,201611,Drama
13099,여고괴담,201204,Horror
13101,악의교전,201309,Thriller/Crime
13102,벤허(2016),201701,Action/Adventure
13102,벤허(2016),201701,Action/Adventure
13110,사랑은비가갠뒤처럼,201902,Drama
13111,호빗:스마우그의폐허,201605,SF/Fantasy
13111,호빗:스마우그의폐허,201605,SF/Fantasy
13113,신의숲:운명의시작,202008,Other
13117,범죄의여왕,201609,Comedy
13118,그들이진심으로엮을때,201711,Animation/Family
13120,시절인연,201401,Romance
13123,이니셜D(2006),201912,Action/Adventure
13133,메가로돈:거대상어의습격,201906,Action/Adventure
13138,7인의사무라이,202003,Action/Adventure
13138,7인의사무라이,202003,Action/Adventure
13142,돌아와요부산항애,201801,Thriller/Crime
13145,적도,201506,Action/Adventure
13157,마리퀴리,202012,Drama
13161,콜마이네임,201910,Drama
13176,알라딘,201901,SF/Fantasy
13176,알라딘,201901,SF/Fantasy
13176,알라딘,201901,SF/Fantasy
13176,알라딘,201901,SF/Fantasy
13180,여배우들(2009),202101,Romance
13185,꿀벌과천둥,202011,Drama
13186,언더더선,201505,Romance
13188,12명의성난사람들,201312,Thriller/Crime
13190,금의위-무림천하,202012,Drama
13204,황금시대(2014),201411,Drama
13205,파이브갤럭시스,202005,SF/Fantasy
13207,돈틀리스:미드웨이해전,202001,Historical/War
13209,반지의제왕3:왕의귀환,201701,SF/Fantasy
13210,런던워Z:레드콘,201909,SF/Fantasy
13215,론서바이버,201405,Drama
13217,걸후드,202011,Drama
13220,펜트하우스노스,202004,Historical/War
13224,모추어리컬렉션,202102,Horror
13229,류이치사카모토:코다,201807,Documentary
13230,트럭(2008),201611,SF/Fantasy
13234,슬리핑뷰티(2008),201405,Drama
13235,수호지-강호의장청,201912,Action/Adventure
13236,타짜:원아이드잭,201910,Thriller/Crime
13238,파이브피트,201906,Romance
13240,솔로몬의위증전편:사건,201508,Thriller/Crime
13241,깡패들[무삭제판],201912,Action/Adventure
13246,벌새,201911,Drama
13251,썸머85,202101,Romance
13255,디에고,201912,Documentary
13264,악인전[가치봄],202010,Thriller/Crime
13265,원스어폰어타임(2008),201912,Comedy
13268,패신저57,201506,Thriller/Crime
13271,세상속으로,202103,Animation/Family
13272,검은숲,201708,Horror
13273,버티칼리미트(2000),201707,Action/Adventure
13276,나쵸리브레,201406,Comedy
13278,수어사이드스쿼드,201811,Action/Adventure
13278,수어사이드스쿼드,201811,Action/Adventure
13279,황비홍-천하무인,201905,Action/Adventure
13282,업(2009),201701,Drama
13282,업(2009),201701,Drama
13291,"국군29초영화제수상작[일반,청소년부]",201506,Documentary
13293,베리굿걸,201701,Romance
13298,몬스터대학교,201612,Animation/Family
13298,몬스터대학교,201612,Animation/Family
13304,스타더스트,201207,SF/Fantasy
13307,이웃사람,202004,Thriller/Crime
13311,겟어웨이:끝없는도주,202002,Drama
13316,라플라타강의전투(1956),201701,Documentary
13324,리플레이:다시시작되는순간,202101,Romance
13325,밀레니엄:제1부여자를증오한남자들,201612,Thriller/Crime
13326,인크레더블2,201810,Animation/Family
13326,인크레더블2,201810,Animation/Family
13330,어쩌다룸메이트,201911,Romance
13332,현기증,201411,Animation/Family
13333,커넥트(2008),201803,Thriller/Crime
13336,지금만나러갑니다(2018),201804,Romance
13336,지금만나러갑니다(2018),201804,Romance
13342,레이크,201905,Horror
13344,그리고우린춤을추었다,202012,Drama
13346,세르지오앤세르게이,201810,Drama
13352,이웃의아내,202005,Romance
13356,그래비티,201504,SF/Fantasy
13359,혼숨,202001,Horror
13362,지.아이.제인(1997),202002,SF/Fantasy
13363,몬스터볼(2001),201808,Romance
13366,판타스틱썸머,202007,Romance
13369,엑소시스트:사탄의부활,201803,Horror
13370,몬스터호텔2,201601,Animation/Family
13370,몬스터호텔2,201601,Animation/Family
13377,쥬라기공원,201612,Horror
13378,연애의온도,201305,Romance
13379,데드풀,201701,SF/Fantasy
13385,흑사회2,201303,Thriller/Crime
13387,로제타,201905,Drama
13391,리얼스틸,201112,SF/Fantasy
13397,심야식당2(2017),201706,Drama
13397,심야식당2(2017),201706,Drama
13400,이집트왕자,201803,Animation/Family
13401,치어리딩클럽,202009,Comedy
13404,아멜리에(2001),202008,SF/Fantasy
13405,하나식당,201811,Drama
13407,"색,계[리마스터링]",201612,Romance
13413,"고흐,영원의문에서",202001,Drama
13417,디트로이트,201806,Thriller/Crime
13419,칼리더킬러,201804,Thriller/Crime
13422,아이킬드마이마더,201912,Drama
13427,터미네이터(1984),201908,SF/Fantasy
13429,크리미널체이스,201811,Action/Adventure
13430,구스범스:몬스터의역습,201811,SF/Fantasy
13432,타이거마스크,201912,Comedy
13437,요노스케이야기,201901,Drama
13438,잠자는숲속의미녀와야수,201407,SF/Fantasy
13440,드라큘라:전설의시작,201411,SF/Fantasy
13446,페이스오프,201707,Thriller/Crime
13453,퀸카가아니어도좋아,201612,Comedy
13455,또하나의약속,202002,Drama
13457,나는왕이로소이다,201209,Historical/War
13458,리메인,202009,Drama
13459,기사윌리엄(2001),201902,Action/Adventure
13460,미스슬로운,201704,Drama
13461,파이니스트아워,201607,Drama
13473,그강아지그고양이,201401,Romance
13475,스파이키드4:올더타임인더월드,202101,Action/Adventure
13477,본아이덴티티,201611,Action/Adventure
13482,쓰리빌보드,201804,Thriller/Crime
13484,아토믹블론드,201709,Action/Adventure
13489,라스칼라갈라콘서트:별들을다시보려고,202102,Other
13490,잔다라어게인:불멸의사랑파트2,201607,Romance
13491,살인의뢰[감독판],201504,Thriller/Crime
13492,델마,201808,SF/Fantasy
13493,"귀향,끝나지않은이야기",201709,Documentary
13496,걸,202101,Drama
13500,와일드라이프,202001,Drama
13503,남자가사랑할때,201403,Romance
13513,점박이한반도의공룡2:새로운낙원,201901,Animation/Family
13515,눈의여왕3:눈과불의마법대결,201701,SF/Fantasy
13518,12솔져스,201804,Historical/War
13523,파이널스코어,201812,Action/Adventure
13527,블러드퀀텀,202009,Horror
13532,모탈:레전드오브토르,202007,SF/Fantasy
13533,캠프살인사건의비밀,201707,Thriller/Crime
13535,박하사탕(1999),201708,Drama
13536,중앙역,201304,Drama
13540,명량,201412,Historical/War
13546,봉쇄수도원카르투시오,202012,Documentary
13548,공조,201702,Action/Adventure
13549,레거시오브라이즈,202012,Action/Adventure
13557,스파이서바이버[무삭제판],201612,Action/Adventure
13557,스파이서바이버[무삭제판],201612,Action/Adventure
13558,마셰티,201205,Action/Adventure
13561,욕망의대지(2008),202012,Thriller/Crime
13567,코렐라인:비밀의문,201404,SF/Fantasy
13570,윌리[우리말],201811,Historical/War
13574,운명,201911,Thriller/Crime
13575,알라딘-램프의신,202001,Romance
13579,그랜드부다페스트호텔,201406,Thriller/Crime
13580,사탄의인형:상속받은저주,201912,Horror
13582,히어로2,201611,Drama
13583,알.이.엠,201912,Thriller/Crime
13584,언덕길의아폴론(2018),201809,Drama
13586,이지라이더(1969),202004,Thriller/Crime
13591,엔드오브어건,201812,Thriller/Crime
13593,이벤트호라이즌,201308,SF/Fantasy
13594,몬스터즈,201405,Drama
13596,인스트루먼트오브워,201904,Historical/War
13599,아기코끼리덤보,201404,Animation/Family
13600,인베이젼2020,202007,SF/Fantasy
13603,프로스펙트,201904,SF/Fantasy
13604,싸움의기술,201306,Action/Adventure
13604,싸움의기술,201306,Action/Adventure
13604,싸움의기술,201306,Action/Adventure
13606,트롤1,201703,Documentary
13608,빅히어로,201702,Animation/Family
13608,빅히어로,201702,Animation/Family
13616,몽키킹VS구미호대결전,201709,SF/Fantasy
13619,8년,202009,Horror
13620,몬스터하우스[한글자막],201604,Animation/Family
13625,워리어,202003,SF/Fantasy
13626,최종병기활,201111,Historical/War
13630,명당[가치봄],202010,Historical/War
13636,빅샤크2:해저2만리,201906,Animation/Family
13643,가족(2004),201910,Comedy
13645,백악기꼬마공룡을찾아서,202009,Animation/Family
13646,마틸다(1996),201910,Animation/Family
13651,토미리존스의쓰리베리얼,201410,Action/Adventure
13653,더아이덴티티,201902,Drama
13655,희망에빠진남자들,202102,Romance
13656,퍼스트어벤져,201612,SF/Fantasy
13658,살아남은사람들,202102,Romance
13662,시간위의집,201704,Horror
13663,아우토반(2017),201704,Action/Adventure
13669,미쓰백,201811,Drama
13674,드레스메이커,201612,Drama
13675,그것,201710,Horror
13681,그놈이다,201611,Thriller/Crime
13683,파울라,201711,Drama
13684,금의위:3인의무사,202101,Drama
13690,인타임,201203,SF/Fantasy
13693,유령신부,201504,Thriller/Crime
13696,악의연대기,201506,Thriller/Crime
13697,수춘도,201808,Romance
13698,에이바,202009,Thriller/Crime
13700,메이데이(2018),201905,Action/Adventure
13708,완벽한가족,202101,Drama
13711,입영전야,201604,Comedy
13715,다크나이트라이즈,201503,Thriller/Crime
13716,우리들의완벽한세계,201904,Romance
13719,이프온리(2004),201712,SF/Fantasy
13721,사마에게,202002,Documentary
13733,베를린,201304,Animation/Family
13734,사랑이무서워,201307,Comedy
13735,마더,201305,Drama
13736,리지,201901,Thriller/Crime
13739,특별시민,201705,Drama
13740,논스톱:다마스커스타겟,201807,Historical/War
13741,정무대영웅:영예지상,202102,Other
13743,데스노트:라스트네임,201312,Thriller/Crime
13752,욕망의독:중독,201409,Thriller/Crime
13758,도묘필기2:잃어버린제국,201811,Other
13762,팅커벨2:팅커벨과잃어버린보물(2009),201812,Animation/Family
13766,리딕:헬리온최후의빛,201606,SF/Fantasy
13770,연가시[가치봄],202009,Horror
13771,크래쉬,201507,Drama
13776,글로리아의여정,202102,Drama
13778,알라딘2-돌아온자파[우리말],201407,Drama
13779,흑표천하,201303,Action/Adventure
13780,어쩌다아스널,202005,Drama
13784,로그,202012,Other
13790,은밀한,202103,Drama
13796,돈을갖고튀어라(1969),201908,Comedy
13799,쥬라기월드:폴른킹덤,201807,SF/Fantasy
13800,투엔드올워즈,201508,Historical/War
13808,택시(2015),202003,Comedy
13808,택시(2015),202003,Comedy
13810,황비홍-천하지남북영웅,201812,Action/Adventure
13813,마부(1961),201812,Romance
13816,신은죽지않았다2,201612,Drama
13819,아무도없다,202009,Thriller/Crime
13821,퍼펙트스톰,201504,Action/Adventure
13822,팜스윙스스와핑클럽,201801,Comedy
13828,오버더펜스,201703,Drama
13835,"예스,갓,예스",202011,Comedy
13838,법정스님의의자,201211,Documentary
13839,추룡,201808,Thriller/Crime
13841,뮤턴트:변종바이러스,201403,Horror
13848,사우스사이드위드유,201809,Romance
13849,시간이탈자,201605,Thriller/Crime
13851,나비잠,201809,Romance
13852,"은밀한계절,봄",201705,Romance
13868,돌멩이,202010,Drama
13869,투사부일체(2006),201802,Comedy
13878,디노소어어드벤쳐,202102,Action/Adventure
13879,리스타트,202103,Action/Adventure
13881,친구와연인사이,201302,Romance
13882,늑대와빨간재킷,202102,Thriller/Crime
13883,노팅힐,201611,Romance
13885,더블타겟,200711,Drama
13891,모텔리어,202012,Comedy
13893,잭스나이더의저스티스리그,202103,SF/Fantasy
13897,아이스에이지4:대륙이동설,201210,Animation/Family
13897,아이스에이지4:대륙이동설,201210,Animation/Family
13901,해피피트,201504,Animation/Family
13905,심장박동조작극,201712,Romance
13909,굿다이노,201809,Animation/Family
13909,굿다이노,201809,Animation/Family
13910,한솔로:스타워즈스토리,201810,SF/Fantasy
13921,변호인[가치봄],202009,Drama
13929,나의첫번째슈퍼스타,202007,Comedy
13932,샬롯의거미줄,201506,Animation/Family
13942,바스티유데이,202001,Action/Adventure
13944,안토니아스라인,201703,Comedy
13945,레고배트맨무비,201704,Animation/Family
13945,레고배트맨무비,201704,Animation/Family
13952,노트북,201504,Romance
13953,국두,201805,Drama
13964,메가샤크터미네이터,201706,SF/Fantasy
13965,사랑의병,202012,Drama
13966,해피엔딩프로젝트,201403,Drama
13967,블랙위도우:파이널챕터,202011,Thriller/Crime
13970,퇴마포송령:천녀유혼전,201905,SF/Fantasy
13972,화성은엄마가필요해[한글자막],201405,SF/Fantasy
13985,레디플레이어원,201804,SF/Fantasy
13994,체르노빌(2018),202102,Drama
13995,데인저러스메소드(2011),202008,Romance
14008,덕수리5형제(2014),202008,Comedy
14010,남과여:여전히찬란한,202010,Romance
14011,트루스오어데어,201806,Horror
14014,절벽위의트럼펫,201803,Romance
14016,메가몬스터샤크,201710,Horror
14018,"그래,가족",202006,Comedy
14019,미스터쉐프,201708,Comedy
14020,데스퍼레이트(1998),202004,Drama
14026,시라노:연애조작단,201208,Romance
14030,기억의밤,201712,Thriller/Crime
14032,샤오린:최후의결전,202006,Drama
14033,싸이코(1960),201312,Drama
14033,싸이코(1960),201312,Drama
14035,벨벳골드마인[무삭제],201407,Other
14041,정복자1453,201505,Action/Adventure
14043,와인미라클,201712,Comedy
14044,노화위룡,201412,Action/Adventure
14046,스턱인러브,201402,Romance
14047,워터릴리스,202008,Romance
14048,미션이스탄불5:더파이널,201901,Thriller/Crime
14050,피아니스트,201606,Drama
14052,안시성,201810,Historical/War
14053,굿윌헌팅,201403,Drama
14054,A-특공대,201505,Action/Adventure
14057,폴리스스토리2014,201611,Thriller/Crime
14059,스토커,201307,Drama
14059,스토커,201307,Drama
14059,스토커,201307,Drama
14065,브릭맨션:통제불능범죄구역,201611,Thriller/Crime
14066,세키가하라대전투,201906,Historical/War
14069,사랑한다고말해:키스하고싶어질땐,201612,Romance
14070,빅식,201808,Romance
14071,콜미바이유어네임,201805,Romance
14076,수상한교수,201908,Comedy
14083,무드인디고,201906,SF/Fantasy
14084,파워배틀와치카:와치가면의역습,201706,Animation/Family
14085,업사이드,201907,Comedy
14088,나쁜녀석들:포에버,202004,Action/Adventure
14090,컨택트,201703,SF/Fantasy
14093,퍼펙트이스케이프,202012,Drama
14094,삼손,201805,Drama
14095,더팩토리(2012),202103,Drama
14096,마이클클레이튼,202006,Drama
14097,우리오빠좀데려가,201902,Animation/Family
14101,미스터디즈(2002),201604,Comedy
14106,다이애나,201612,Drama
14109,국가부도의날,201812,Drama
14110,시네마천국[리마스터링],201604,Romance
14116,쥬만지,201706,SF/Fantasy
14119,나비효과(2004),201505,Drama
14119,나비효과(2004),201505,Drama
14122,조폭마누라(2001),201606,Comedy
14123,킹덤오브헤븐,201512,Action/Adventure
14125,애프터어스,201701,SF/Fantasy
14126,사라진시간(2019),202006,Thriller/Crime
14126,사라진시간(2019),202006,Thriller/Crime
14134,씨피버,202005,Horror
14137,다크나이트,201503,Thriller/Crime
14140,그것:두번째이야기,201910,Thriller/Crime
14157,몽키킹3:서유기여인왕국,201805,SF/Fantasy
14163,천지불패,202005,Action/Adventure
14164,어니스트씨프[별도편성][예고편],202102,Thriller/Crime
14167,부라더,201712,Comedy
14169,뉴욕라이브러리에서,201810,Documentary
14170,드라이빙미스데이지(1989),201809,Comedy
14172,닌자터틀,201412,Action/Adventure
14173,위오운더나잇,202001,Thriller/Crime
14178,애드아스트라,201912,SF/Fantasy
14179,파도인,202008,Comedy
14183,사랑의소용돌이(2014),202101,Romance
14185,퍼피위드러브,201908,Animation/Family
14202,아기돼지3형제와매직램프,201704,Animation/Family
14209,촉산2항마전,202004,SF/Fantasy
14211,지난여름갑자기,201605,Drama
14213,아메리칸스나이퍼,201711,Action/Adventure
14218,백투더비기닝,201912,SF/Fantasy
14220,성형일기,201510,Comedy
14224,씬시티,201403,Thriller/Crime
14229,무적철교삼(2018),202012,Action/Adventure
14238,칙파이트,202102,Comedy
14247,좀비월드,201612,Horror
14250,미션파서블,202103,Comedy
14253,람보2,201709,Historical/War
14258,파라노말포제션,201506,Horror
14261,좀비사파리,202103,Horror
14269,터미네이터3:라이즈오브더머신,202002,SF/Fantasy
14270,실종:사라진아이,201708,Drama
14271,빌로우:적과의동거,201703,Drama
14274,남극의쉐프,202006,Comedy
14277,블랙매스,201602,Thriller/Crime
14280,내니맥피:우리유모는마법사,201805,SF/Fantasy
14281,무서운이야기,201612,Horror
14282,삼진그룹영어토익반,202011,Drama
14283,대역전,201902,Action/Adventure
14287,라이온킹(2019),201910,Animation/Family
14287,라이온킹(2019),201910,Animation/Family
14287,라이온킹(2019),201910,Animation/Family
14289,조선주먹,202004,Action/Adventure
14292,언프렌드,201702,Thriller/Crime
14293,미쓰와이프,202008,Comedy
14294,"아이,로봇",201603,SF/Fantasy
14298,매기스플랜,201702,Comedy
14303,미비포유,201609,Romance
14308,기문둔갑,201808,Action/Adventure
14308,기문둔갑,201808,Action/Adventure
14308,기문둔갑,201808,Action/Adventure
14309,"당신,거기있어줄래요",201901,SF/Fantasy
14313,루프(2020),202102,Drama
14317,컨트롤러,201507,Romance
14318,데스체이싱,202007,Action/Adventure
14319,미션임파서블:폴아웃[다국어자막],201811,Action/Adventure
14320,추룡[무삭제판],202004,Thriller/Crime
14322,꽃보다남자(2008),201812,Romance
14324,로그워페어3:데스오브네이션,202009,Historical/War
14326,삼생삼세십리도화(2018),201801,Romance
14330,패닉룸,201112,Drama
14331,닌자의나라,201907,Drama
14332,해빙,201704,Thriller/Crime
14334,오즈의마법사(1939),201604,SF/Fantasy
14344,대호[가치봄],202011,Historical/War
14347,가장보통의연애,201911,Comedy
14348,러브이즈크라임,201506,Drama
14352,제이티르로이,202102,Drama
14354,오퍼나지:비밀의계단(2007),201904,Thriller/Crime
14355,"구름의저편,약속의장소",202010,Animation/Family
14366,갈매기,201812,Drama
14366,갈매기,201812,Drama
14371,다이버전트,201605,SF/Fantasy
14374,도묘필기3:제국의부활,201811,Other
14378,브레이브하트,201904,Historical/War
14380,알라딘(2019),201909,SF/Fantasy
14380,알라딘(2019),201909,SF/Fantasy
14380,알라딘(2019),201909,SF/Fantasy
14380,알라딘(2019),201909,SF/Fantasy
14381,스코어:영화음악의모든것,201711,Documentary
14382,인시던트,201703,SF/Fantasy
14384,주리,201303,Drama
14386,파라노말액티비티3,201201,Horror
14387,트랩트(2002),201902,Action/Adventure
14397,타샤튜더,201811,Documentary
14398,마이미씽발렌타인,202102,Comedy
14403,레온,201808,Comedy
14404,세인트조지,201809,Thriller/Crime
14405,"심슨가족,더무비[한글자막]",201512,Animation/Family
14407,차이나타운,201505,Thriller/Crime
14407,차이나타운,201505,Thriller/Crime
14409,포르노그래퍼,201612,Drama
14413,패스파인더(2011),201901,Action/Adventure
14425,버드맨,201701,Comedy
14426,피치퍼펙트:언프리티걸즈,201506,Other
14427,너의얼굴은,202103,Romance
14429,독전[가치봄],202010,Thriller/Crime
14431,히로인실격,201604,Romance
14434,새해전야,202103,Romance
14436,내가잠들기전에,201411,Thriller/Crime
14442,칼리토(1993),201810,Drama
14447,결백,202007,Drama
14448,리틀프린세스소피아,201704,SF/Fantasy
14449,메이헴,201802,Action/Adventure
14451,스위트홈,201605,SF/Fantasy
14452,캡틴아메리카:시빌워,201609,SF/Fantasy
14452,캡틴아메리카:시빌워,201609,SF/Fantasy
14454,카운트다운:쇼크웨이브,201811,Action/Adventure
14455,우리가잃어버릴청춘,201812,Romance
14459,2009로스트메모리즈(2002),202008,SF/Fantasy
14461,겟썸(2008),201702,Drama
14466,꼴통2인조,202004,Action/Adventure
14467,미녀삼총사,201206,Comedy
14475,오늘도어디선가말은태어난다,202103,Documentary
14477,더테러라이브,201809,Thriller/Crime
14478,국제수사,202010,Comedy
14482,절청풍운3,202102,Thriller/Crime
14483,고령화가족,201904,Comedy
14484,파리넬리(1994),201907,Drama
14489,더레이서,202103,Drama
14490,어드리프트:우리가함께한바다,201809,Romance
14498,디스트로이어,201910,Thriller/Crime
14499,라스트크리스마스,201912,Romance
14500,리틀프린세스소피아:신비한섬,201710,SF/Fantasy
14500,리틀프린세스소피아:신비한섬,201710,SF/Fantasy
14502,레인맨(1988),201908,Drama
14509,재심,201703,Drama
14512,보존상:천년의유혼,202005,Other
14513,소녀의세계,201812,Romance
14516,빅매치,201412,Action/Adventure
14520,엔테베작전,201806,Thriller/Crime
14522,살인의늪,201901,Thriller/Crime
14524,더서클,201707,SF/Fantasy
14527,가문의영광5-가문의귀환,201301,Comedy
14529,7번째내가죽던날,201706,Thriller/Crime
14530,설계,201910,Thriller/Crime
14531,신마적:독불장군엄동욱,201909,Action/Adventure
14537,황무지5월의고해,202011,Drama
14545,노프라블랜드,202102,Documentary
14548,블러드파더,201804,Thriller/Crime
14565,패터슨,201801,Drama
14568,팻걸(2001),201702,Drama
14569,고스트하우스,201809,Horror
14571,"벨과세바스찬,계속되는모험",201708,Drama
14573,욕창,202007,Drama
14582,침입자(2017),201909,Horror
14582,침입자(2017),201909,Horror
14582,침입자(2017),201909,Horror
14584,돈의맛,201612,Drama
14586,애프터웨딩인뉴욕,202005,Drama
14588,스노우화이트앤더헌츠맨,201209,SF/Fantasy
14589,뉴욕의가을,202003,Romance
14596,그린북,201903,Drama
