promo_scope,revised_segment_family,gender_derived,feature_name,feature_family,row_count,mean,median,q25,q75,segment_overall_mean,difference_vs_segment_overall,actual_repurchase_rate,actual_churn_rate,mean_gb_churn_risk,evidence_strength,interpretation,caveat
promo0,high_risk_activation_or_low_engagement,female,watch_time_min_w1,weekly_usage,130,0.5923076923076923,0.0,0.0,0.0,0.41025641025641024,0.18205128205128207,0.2692307692307692,0.7307692307692308,0.6241333257897554,moderate,Behavior difference within revised segment; use only for action personalization review.,"Descriptive EDA, not causality; subgroup size controls recommendation strength."
promo0,high_risk_activation_or_low_engagement,female,watch_time_min_w2,weekly_usage,130,2.576923076923077,0.0,0.0,0.0,2.688644688644689,-0.11172161172161177,0.2692307692307692,0.7307692307692308,0.6241333257897554,moderate,Behavior difference within revised segment; use only for action personalization review.,"Descriptive EDA, not causality; subgroup size controls recommendation strength."
promo0,high_risk_activation_or_low_engagement,female,watch_time_min_w3,weekly_usage,130,18.746153846153845,1.0,1.0,20.75,15.076923076923077,3.6692307692307686,0.2692307692307692,0.7307692307692308,0.6241333257897554,moderate,Behavior difference within revised segment; use only for action personalization review.,"Descriptive EDA, not causality; subgroup size controls recommendation strength."
promo0,high_risk_activation_or_low_engagement,female,watch_session_w1,weekly_sessions,130,0.2230769230769231,0.0,0.0,0.0,0.21611721611721613,0.006959706959706963,0.2692307692307692,0.7307692307692308,0.6241333257897554,weak,Behavior difference within revised segment; use only for action personalization review.,"Descriptive EDA, not causality; subgroup size controls recommendation strength."
promo0,high_risk_activation_or_low_engagement,female,watch_session_w2,weekly_sessions,130,0.3153846153846154,0.0,0.0,0.0,0.31135531135531136,0.004029304029304015,0.2692307692307692,0.7307692307692308,0.6241333257897554,weak,Behavior difference within revised segment; use only for action personalization review.,"Descriptive EDA, not causality; subgroup size controls recommendation strength."
promo0,high_risk_activation_or_low_engagement,female,watch_session_w3,weekly_sessions,130,1.3461538461538463,1.0,1.0,1.0,1.3626373626373627,-0.016483516483516425,0.2692307692307692,0.7307692307692308,0.6241333257897554,weak,Behavior difference within revised segment; use only for action personalization review.,"Descriptive EDA, not causality; subgroup size controls recommendation strength."
promo0,high_risk_activation_or_low_engagement,female,total_watch_time_min,usage_volume,130,21.915384615384614,2.0,1.0,29.5,18.175824175824175,3.7395604395604387,0.2692307692307692,0.7307692307692308,0.6241333257897554,moderate,Behavior difference within revised segment; use only for action personalization review.,"Descriptive EDA, not causality; subgroup size controls recommendation strength."
promo0,high_risk_activation_or_low_engagement,female,total_watch_count,usage_volume,130,1.8846153846153846,1.0,1.0,2.0,1.89010989010989,-0.005494505494505475,0.2692307692307692,0.7307692307692308,0.6241333257897554,weak,Behavior difference within revised segment; use only for action personalization review.,"Descriptive EDA, not causality; subgroup size controls recommendation strength."
promo0,high_risk_activation_or_low_engagement,female,watch_days,usage_frequency,130,1.4615384615384615,1.0,1.0,2.0,1.4322344322344323,0.0293040293040292,0.2692307692307692,0.7307692307692308,0.6241333257897554,weak,Behavior difference within revised segment; use only for action personalization review.,"Descriptive EDA, not causality; subgroup size controls recommendation strength."
promo0,high_risk_activation_or_low_engagement,female,log_retention_w2_ratio,retention_ratio,130,0.16149866757249312,0.0,0.0,0.0,0.1542877795317861,0.00721088804070702,0.2692307692307692,0.7307692307692308,0.6241333257897554,weak,Behavior difference within revised segment; use only for action personalization review.,"Descriptive EDA, not causality; subgroup size controls recommendation strength."
promo0,high_risk_activation_or_low_engagement,female,log_retention_w3_ratio,retention_ratio,130,1.4649037099044728,0.6931471805599453,0.6931471805599453,2.4393262605895116,1.3275237965759723,0.13737991332850052,0.2692307692307692,0.7307692307692308,0.6241333257897554,moderate,Behavior difference within revised segment; use only for action personalization review.,"Descriptive EDA, not causality; subgroup size controls recommendation strength."
promo0,high_risk_activation_or_low_engagement,female,active_ratio,usage_concentration,130,0.06959706959706957,0.0476190476190476,0.0476190476190476,0.0952380952380952,0.06820163963021104,0.0013954299668585274,0.2692307692307692,0.7307692307692308,0.6241333257897554,weak,Behavior difference within revised segment; use only for action personalization review.,"Descriptive EDA, not causality; subgroup size controls recommendation strength."
promo0,high_risk_activation_or_low_engagement,female,recency,recency_inactivity,130,2.9461538461538463,3.0,1.0,5.0,2.9267399267399266,0.01941391941391979,0.2692307692307692,0.7307692307692308,0.6241333257897554,weak,Behavior difference within revised segment; use only for action personalization review.,"Descriptive EDA, not causality; subgroup size controls recommendation strength."
promo0,high_risk_activation_or_low_engagement,female,max_inactive_gap_days,recency_inactivity,130,2.4076923076923076,0.0,0.0,3.0,2.5238095238095237,-0.11611721611721615,0.2692307692307692,0.7307692307692308,0.6241333257897554,moderate,Behavior difference within revised segment; use only for action personalization review.,"Descriptive EDA, not causality; subgroup size controls recommendation strength."
promo0,high_risk_activation_or_low_engagement,female,is_only_w1,early_usage_pattern,130,0.0,0.0,0.0,0.0,0.0,0.0,0.2692307692307692,0.7307692307692308,0.6241333257897554,weak,Behavior difference within revised segment; use only for action personalization review.,"Descriptive EDA, not causality; subgroup size controls recommendation strength."
promo0,high_risk_activation_or_low_engagement,female,is_only_w2,early_usage_pattern,130,0.0,0.0,0.0,0.0,0.0,0.0,0.2692307692307692,0.7307692307692308,0.6241333257897554,weak,Behavior difference within revised segment; use only for action personalization review.,"Descriptive EDA, not causality; subgroup size controls recommendation strength."
promo0,high_risk_activation_or_low_engagement,female,is_only_w3,early_usage_pattern,130,0.7307692307692307,1.0,0.0,1.0,0.7289377289377289,0.001831501831501825,0.2692307692307692,0.7307692307692308,0.6241333257897554,weak,Behavior difference within revised segment; use only for action personalization review.,"Descriptive EDA, not causality; subgroup size controls recommendation strength."
promo0,high_risk_activation_or_low_engagement,female,genre_diversity_count,genre_preference,130,1.4,1.0,1.0,2.0,1.3772893772893773,0.02271062271062263,0.2692307692307692,0.7307692307692308,0.6241333257897554,weak,Behavior difference within revised segment; use only for action personalization review.,"Descriptive EDA, not causality; subgroup size controls recommendation strength."
promo0,high_risk_activation_or_low_engagement,female,action_adventure_ratio,genre_preference,130,0.22401186052166325,0.0,0.0,0.39583333333333337,0.20582657109804714,0.018185289423616108,0.2692307692307692,0.7307692307692308,0.6241333257897554,weak,Behavior difference within revised segment; use only for action personalization review.,"Descriptive EDA, not causality; subgroup size controls recommendation strength."
promo0,high_risk_activation_or_low_engagement,female,family_animation_ratio,genre_preference,130,0.0543956043956044,0.0,0.0,0.0,0.05734345020059306,-0.0029478458049886636,0.2692307692307692,0.7307692307692308,0.6241333257897554,weak,Behavior difference within revised segment; use only for action personalization review.,"Descriptive EDA, not causality; subgroup size controls recommendation strength."
promo0,high_risk_activation_or_low_engagement,female,drama_ratio,genre_preference,130,0.09871794871794871,0.0,0.0,0.0,0.0898046398046398,0.00891330891330891,0.2692307692307692,0.7307692307692308,0.6241333257897554,weak,Behavior difference within revised segment; use only for action personalization review.,"Descriptive EDA, not causality; subgroup size controls recommendation strength."
promo0,high_risk_activation_or_low_engagement,female,thriller_crime_ratio,genre_preference,130,0.23757318059773055,0.0,0.0,0.3386524822695035,0.2293849784327299,0.008188202165000658,0.2692307692307692,0.7307692307692308,0.6241333257897554,weak,Behavior difference within revised segment; use only for action personalization review.,"Descriptive EDA, not causality; subgroup size controls recommendation strength."
promo0,high_risk_activation_or_low_engagement,female,sf_fantasy_ratio,genre_preference,130,0.0787123745819398,0.0,0.0,0.0,0.09230503795721187,-0.013592663375272068,0.2692307692307692,0.7307692307692308,0.6241333257897554,weak,Behavior difference within revised segment; use only for action personalization review.,"Descriptive EDA, not causality; subgroup size controls recommendation strength."
promo0,high_risk_activation_or_low_engagement,female,comedy_ratio,genre_preference,130,0.09376201093592398,0.0,0.0,0.0,0.1011809331685108,-0.007418922232586819,0.2692307692307692,0.7307692307692308,0.6241333257897554,weak,Behavior difference within revised segment; use only for action personalization review.,"Descriptive EDA, not causality; subgroup size controls recommendation strength."
promo0,high_risk_activation_or_low_engagement,female,romance_ratio,genre_preference,130,0.036316610925306574,0.0,0.0,0.0,0.03744014439666613,-0.0011235334713595585,0.2692307692307692,0.7307692307692308,0.6241333257897554,weak,Behavior difference within revised segment; use only for action personalization review.,"Descriptive EDA, not causality; subgroup size controls recommendation strength."
promo0,high_risk_activation_or_low_engagement,female,horror_ratio,genre_preference,130,0.03736263736263737,0.0,0.0,0.0,0.043435647662190345,-0.006073010299552976,0.2692307692307692,0.7307692307692308,0.6241333257897554,weak,Behavior difference within revised segment; use only for action personalization review.,"Descriptive EDA, not causality; subgroup size controls recommendation strength."
promo0,high_risk_activation_or_low_engagement,female,documentary_ratio,genre_preference,130,0.019230769230769232,0.0,0.0,0.0,0.027472527472527472,-0.00824175824175824,0.2692307692307692,0.7307692307692308,0.6241333257897554,weak,Behavior difference within revised segment; use only for action personalization review.,"Descriptive EDA, not causality; subgroup size controls recommendation strength."
promo0,high_risk_activation_or_low_engagement,female,historical_war_ratio,genre_preference,130,0.05629179814782476,0.0,0.0,0.0,0.04887831670891762,0.007413481438907146,0.2692307692307692,0.7307692307692308,0.6241333257897554,weak,Behavior difference within revised segment; use only for action personalization review.,"Descriptive EDA, not causality; subgroup size controls recommendation strength."
promo0,high_risk_activation_or_low_engagement,female,other_ratio,genre_preference,130,0.06362520458265139,0.0,0.0,0.0,0.06692775309796586,-0.003302548515314474,0.2692307692307692,0.7307692307692308,0.6241333257897554,weak,Behavior difference within revised segment; use only for action personalization review.,"Descriptive EDA, not causality; subgroup size controls recommendation strength."
promo0,high_risk_activation_or_low_engagement,male,watch_time_min_w1,weekly_usage,48,0.20833333333333334,0.0,0.0,0.0,0.41025641025641024,-0.2019230769230769,0.20833333333333334,0.7916666666666666,0.6437817138336378,strong,Behavior difference within revised segment; use only for action personalization review.,"Descriptive EDA, not causality; subgroup size controls recommendation strength."
promo0,high_risk_activation_or_low_engagement,male,watch_time_min_w2,weekly_usage,48,2.9791666666666665,0.0,0.0,0.0,2.688644688644689,0.29052197802197766,0.20833333333333334,0.7916666666666666,0.6437817138336378,strong,Behavior difference within revised segment; use only for action personalization review.,"Descriptive EDA, not causality; subgroup size controls recommendation strength."
promo0,high_risk_activation_or_low_engagement,male,watch_time_min_w3,weekly_usage,48,16.291666666666668,2.0,1.0,13.75,15.076923076923077,1.2147435897435912,0.20833333333333334,0.7916666666666666,0.6437817138336378,strong,Behavior difference within revised segment; use only for action personalization review.,"Descriptive EDA, not causality; subgroup size controls recommendation strength."
promo0,high_risk_activation_or_low_engagement,male,watch_session_w1,weekly_sessions,48,0.14583333333333334,0.0,0.0,0.0,0.21611721611721613,-0.07028388278388278,0.20833333333333334,0.7916666666666666,0.6437817138336378,moderate,Behavior difference within revised segment; use only for action personalization review.,"Descriptive EDA, not causality; subgroup size controls recommendation strength."
promo0,high_risk_activation_or_low_engagement,male,watch_session_w2,weekly_sessions,48,0.20833333333333334,0.0,0.0,0.0,0.31135531135531136,-0.10302197802197802,0.20833333333333334,0.7916666666666666,0.6437817138336378,moderate,Behavior difference within revised segment; use only for action personalization review.,"Descriptive EDA, not causality; subgroup size controls recommendation strength."
promo0,high_risk_activation_or_low_engagement,male,watch_session_w3,weekly_sessions,48,1.625,1.0,1.0,2.0,1.3626373626373627,0.2623626373626373,0.20833333333333334,0.7916666666666666,0.6437817138336378,strong,Behavior difference within revised segment; use only for action personalization review.,"Descriptive EDA, not causality; subgroup size controls recommendation strength."
promo0,high_risk_activation_or_low_engagement,male,total_watch_time_min,usage_volume,48,19.479166666666668,2.5,1.0,16.5,18.175824175824175,1.3033424908424927,0.20833333333333334,0.7916666666666666,0.6437817138336378,strong,Behavior difference within revised segment; use only for action personalization review.,"Descriptive EDA, not causality; subgroup size controls recommendation strength."
promo0,high_risk_activation_or_low_engagement,male,total_watch_count,usage_volume,48,1.9791666666666667,1.0,1.0,2.0,1.89010989010989,0.08905677655677668,0.20833333333333334,0.7916666666666666,0.6437817138336378,moderate,Behavior difference within revised segment; use only for action personalization review.,"Descriptive EDA, not causality; subgroup size controls recommendation strength."
promo0,high_risk_activation_or_low_engagement,male,watch_days,usage_frequency,48,1.375,1.0,1.0,1.0,1.4322344322344323,-0.05723443223443225,0.20833333333333334,0.7916666666666666,0.6437817138336378,moderate,Behavior difference within revised segment; use only for action personalization review.,"Descriptive EDA, not causality; subgroup size controls recommendation strength."
promo0,high_risk_activation_or_low_engagement,male,log_retention_w2_ratio,retention_ratio,48,0.2314565280379819,0.0,0.0,0.0,0.1542877795317861,0.07716874850619579,0.20833333333333334,0.7916666666666666,0.6437817138336378,moderate,Behavior difference within revised segment; use only for action personalization review.,"Descriptive EDA, not causality; subgroup size controls recommendation strength."
promo0,high_risk_activation_or_low_engagement,male,log_retention_w3_ratio,retention_ratio,48,1.431927068836573,0.6931471805599453,0.6931471805599453,1.6550183016325892,1.3275237965759723,0.10440327226060075,0.20833333333333334,0.7916666666666666,0.6437817138336378,moderate,Behavior difference within revised segment; use only for action personalization review.,"Descriptive EDA, not causality; subgroup size controls recommendation strength."
promo0,high_risk_activation_or_low_engagement,male,active_ratio,usage_concentration,48,0.06547619047619047,0.0476190476190476,0.0476190476190476,0.0476190476190476,0.06820163963021104,-0.002725449154020579,0.20833333333333334,0.7916666666666666,0.6437817138336378,moderate,Behavior difference within revised segment; use only for action personalization review.,"Descriptive EDA, not causality; subgroup size controls recommendation strength."
promo0,high_risk_activation_or_low_engagement,male,recency,recency_inactivity,48,2.7291666666666665,3.0,1.0,4.25,2.9267399267399266,-0.19757326007326004,0.20833333333333334,0.7916666666666666,0.6437817138336378,moderate,Behavior difference within revised segment; use only for action personalization review.,"Descriptive EDA, not causality; subgroup size controls recommendation strength."
promo0,high_risk_activation_or_low_engagement,male,max_inactive_gap_days,recency_inactivity,48,1.6666666666666667,0.0,0.0,0.0,2.5238095238095237,-0.857142857142857,0.20833333333333334,0.7916666666666666,0.6437817138336378,strong,Behavior difference within revised segment; use only for action personalization review.,"Descriptive EDA, not causality; subgroup size controls recommendation strength."
promo0,high_risk_activation_or_low_engagement,male,is_only_w1,early_usage_pattern,48,0.0,0.0,0.0,0.0,0.0,0.0,0.20833333333333334,0.7916666666666666,0.6437817138336378,moderate,Behavior difference within revised segment; use only for action personalization review.,"Descriptive EDA, not causality; subgroup size controls recommendation strength."
promo0,high_risk_activation_or_low_engagement,male,is_only_w2,early_usage_pattern,48,0.0,0.0,0.0,0.0,0.0,0.0,0.20833333333333334,0.7916666666666666,0.6437817138336378,moderate,Behavior difference within revised segment; use only for action personalization review.,"Descriptive EDA, not causality; subgroup size controls recommendation strength."
promo0,high_risk_activation_or_low_engagement,male,is_only_w3,early_usage_pattern,48,0.8125,1.0,1.0,1.0,0.7289377289377289,0.0835622710622711,0.20833333333333334,0.7916666666666666,0.6437817138336378,moderate,Behavior difference within revised segment; use only for action personalization review.,"Descriptive EDA, not causality; subgroup size controls recommendation strength."
promo0,high_risk_activation_or_low_engagement,male,genre_diversity_count,genre_preference,48,1.2916666666666667,1.0,1.0,2.0,1.3772893772893773,-0.08562271062271054,0.20833333333333334,0.7916666666666666,0.6437817138336378,moderate,Behavior difference within revised segment; use only for action personalization review.,"Descriptive EDA, not causality; subgroup size controls recommendation strength."
promo0,high_risk_activation_or_low_engagement,male,action_adventure_ratio,genre_preference,48,0.26310690943043885,0.0,0.0,0.6666666666666666,0.20582657109804714,0.05728033833239171,0.20833333333333334,0.7916666666666666,0.6437817138336378,moderate,Behavior difference within revised segment; use only for action personalization review.,"Descriptive EDA, not causality; subgroup size controls recommendation strength."
promo0,high_risk_activation_or_low_engagement,male,family_animation_ratio,genre_preference,48,0.01909722222222222,0.0,0.0,0.0,0.05734345020059306,-0.038246227978370836,0.20833333333333334,0.7916666666666666,0.6437817138336378,moderate,Behavior difference within revised segment; use only for action personalization review.,"Descriptive EDA, not causality; subgroup size controls recommendation strength."
promo0,high_risk_activation_or_low_engagement,male,drama_ratio,genre_preference,48,0.049999999999999996,0.0,0.0,0.0,0.0898046398046398,-0.03980463980463981,0.20833333333333334,0.7916666666666666,0.6437817138336378,moderate,Behavior difference within revised segment; use only for action personalization review.,"Descriptive EDA, not causality; subgroup size controls recommendation strength."
promo0,high_risk_activation_or_low_engagement,male,thriller_crime_ratio,genre_preference,48,0.26924603174603173,0.0,0.0,0.8178571428571428,0.2293849784327299,0.039861053313301836,0.20833333333333334,0.7916666666666666,0.6437817138336378,moderate,Behavior difference within revised segment; use only for action personalization review.,"Descriptive EDA, not causality; subgroup size controls recommendation strength."
promo0,high_risk_activation_or_low_engagement,male,sf_fantasy_ratio,genre_preference,48,0.08437499999999999,0.0,0.0,0.0,0.09230503795721187,-0.00793003795721188,0.20833333333333334,0.7916666666666666,0.6437817138336378,moderate,Behavior difference within revised segment; use only for action personalization review.,"Descriptive EDA, not causality; subgroup size controls recommendation strength."
promo0,high_risk_activation_or_low_engagement,male,comedy_ratio,genre_preference,48,0.075,0.0,0.0,0.0,0.1011809331685108,-0.026180933168510806,0.20833333333333334,0.7916666666666666,0.6437817138336378,moderate,Behavior difference within revised segment; use only for action personalization review.,"Descriptive EDA, not causality; subgroup size controls recommendation strength."
promo0,high_risk_activation_or_low_engagement,male,romance_ratio,genre_preference,48,0.026041666666666668,0.0,0.0,0.0,0.03744014439666613,-0.011398477729999464,0.20833333333333334,0.7916666666666666,0.6437817138336378,moderate,Behavior difference within revised segment; use only for action personalization review.,"Descriptive EDA, not causality; subgroup size controls recommendation strength."
promo0,high_risk_activation_or_low_engagement,male,horror_ratio,genre_preference,48,0.05034722222222222,0.0,0.0,0.0,0.043435647662190345,0.006911574560031872,0.20833333333333334,0.7916666666666666,0.6437817138336378,moderate,Behavior difference within revised segment; use only for action personalization review.,"Descriptive EDA, not causality; subgroup size controls recommendation strength."
promo0,high_risk_activation_or_low_engagement,male,documentary_ratio,genre_preference,48,0.020833333333333332,0.0,0.0,0.0,0.027472527472527472,-0.00663919413919414,0.20833333333333334,0.7916666666666666,0.6437817138336378,moderate,Behavior difference within revised segment; use only for action personalization review.,"Descriptive EDA, not causality; subgroup size controls recommendation strength."
promo0,high_risk_activation_or_low_engagement,male,historical_war_ratio,genre_preference,48,0.04820261437908496,0.0,0.0,0.0,0.04887831670891762,-0.0006757023298326545,0.20833333333333334,0.7916666666666666,0.6437817138336378,moderate,Behavior difference within revised segment; use only for action personalization review.,"Descriptive EDA, not causality; subgroup size controls recommendation strength."
promo0,high_risk_activation_or_low_engagement,male,other_ratio,genre_preference,48,0.09375,0.0,0.0,0.0,0.06692775309796586,0.026822246902034136,0.20833333333333334,0.7916666666666666,0.6437817138336378,moderate,Behavior difference within revised segment; use only for action personalization review.,"Descriptive EDA, not causality; subgroup size controls recommendation strength."
promo0,high_risk_activation_or_low_engagement,unknown_or_unreported,watch_time_min_w1,weekly_usage,95,0.2631578947368421,0.0,0.0,0.0,0.41025641025641024,-0.14709851551956815,0.24210526315789474,0.7578947368421053,0.6278295579365338,moderate,Behavior difference within revised segment; use only for action personalization review.,"Descriptive EDA, not causality; subgroup size controls recommendation strength."
promo0,high_risk_activation_or_low_engagement,unknown_or_unreported,watch_time_min_w2,weekly_usage,95,2.694736842105263,0.0,0.0,0.0,2.688644688644689,0.0060921534605742345,0.24210526315789474,0.7578947368421053,0.6278295579365338,weak,Behavior difference within revised segment; use only for action personalization review.,"Descriptive EDA, not causality; subgroup size controls recommendation strength."
promo0,high_risk_activation_or_low_engagement,unknown_or_unreported,watch_time_min_w3,weekly_usage,95,9.442105263157895,1.0,1.0,2.0,15.076923076923077,-5.634817813765181,0.24210526315789474,0.7578947368421053,0.6278295579365338,moderate,Behavior difference within revised segment; use only for action personalization review.,"Descriptive EDA, not causality; subgroup size controls recommendation strength."
promo0,high_risk_activation_or_low_engagement,unknown_or_unreported,watch_session_w1,weekly_sessions,95,0.24210526315789474,0.0,0.0,0.0,0.21611721611721613,0.025988047040678613,0.24210526315789474,0.7578947368421053,0.6278295579365338,weak,Behavior difference within revised segment; use only for action personalization review.,"Descriptive EDA, not causality; subgroup size controls recommendation strength."
promo0,high_risk_activation_or_low_engagement,unknown_or_unreported,watch_session_w2,weekly_sessions,95,0.35789473684210527,0.0,0.0,0.0,0.31135531135531136,0.046539425486793906,0.24210526315789474,0.7578947368421053,0.6278295579365338,weak,Behavior difference within revised segment; use only for action personalization review.,"Descriptive EDA, not causality; subgroup size controls recommendation strength."
promo0,high_risk_activation_or_low_engagement,unknown_or_unreported,watch_session_w3,weekly_sessions,95,1.2526315789473683,1.0,1.0,1.0,1.3626373626373627,-0.11000578368999436,0.24210526315789474,0.7578947368421053,0.6278295579365338,moderate,Behavior difference within revised segment; use only for action personalization review.,"Descriptive EDA, not causality; subgroup size controls recommendation strength."
promo0,high_risk_activation_or_low_engagement,unknown_or_unreported,total_watch_time_min,usage_volume,95,12.4,2.0,1.0,4.0,18.175824175824175,-5.775824175824175,0.24210526315789474,0.7578947368421053,0.6278295579365338,moderate,Behavior difference within revised segment; use only for action personalization review.,"Descriptive EDA, not causality; subgroup size controls recommendation strength."
promo0,high_risk_activation_or_low_engagement,unknown_or_unreported,total_watch_count,usage_volume,95,1.8526315789473684,1.0,1.0,2.0,1.89010989010989,-0.03747831116252165,0.24210526315789474,0.7578947368421053,0.6278295579365338,weak,Behavior difference within revised segment; use only for action personalization review.,"Descriptive EDA, not causality; subgroup size controls recommendation strength."
promo0,high_risk_activation_or_low_engagement,unknown_or_unreported,watch_days,usage_frequency,95,1.4210526315789473,1.0,1.0,2.0,1.4322344322344323,-0.011181800655484908,0.24210526315789474,0.7578947368421053,0.6278295579365338,weak,Behavior difference within revised segment; use only for action personalization review.,"Descriptive EDA, not causality; subgroup size controls recommendation strength."
promo0,high_risk_activation_or_low_engagement,unknown_or_unreported,log_retention_w2_ratio,retention_ratio,95,0.1054297229676882,0.0,0.0,0.0,0.1542877795317861,-0.048858056564097904,0.24210526315789474,0.7578947368421053,0.6278295579365338,weak,Behavior difference within revised segment; use only for action personalization review.,"Descriptive EDA, not causality; subgroup size controls recommendation strength."
promo0,high_risk_activation_or_low_engagement,unknown_or_unreported,log_retention_w3_ratio,retention_ratio,95,1.0867791039316146,0.6931471805599453,0.6931471805599453,1.0986122886681098,1.3275237965759723,-0.24074469264435772,0.24210526315789474,0.7578947368421053,0.6278295579365338,moderate,Behavior difference within revised segment; use only for action personalization review.,"Descriptive EDA, not causality; subgroup size controls recommendation strength."
promo0,high_risk_activation_or_low_engagement,unknown_or_unreported,active_ratio,usage_concentration,95,0.06766917293233078,0.0476190476190476,0.0476190476190476,0.0952380952380952,0.06820163963021104,-0.0005324666978802628,0.24210526315789474,0.7578947368421053,0.6278295579365338,weak,Behavior difference within revised segment; use only for action personalization review.,"Descriptive EDA, not causality; subgroup size controls recommendation strength."
promo0,high_risk_activation_or_low_engagement,unknown_or_unreported,recency,recency_inactivity,95,3.0,3.0,1.0,5.0,2.9267399267399266,0.07326007326007344,0.24210526315789474,0.7578947368421053,0.6278295579365338,weak,Behavior difference within revised segment; use only for action personalization review.,"Descriptive EDA, not causality; subgroup size controls recommendation strength."
promo0,high_risk_activation_or_low_engagement,unknown_or_unreported,max_inactive_gap_days,recency_inactivity,95,3.1157894736842104,0.0,0.0,5.0,2.5238095238095237,0.5919799498746867,0.24210526315789474,0.7578947368421053,0.6278295579365338,moderate,Behavior difference within revised segment; use only for action personalization review.,"Descriptive EDA, not causality; subgroup size controls recommendation strength."
promo0,high_risk_activation_or_low_engagement,unknown_or_unreported,is_only_w1,early_usage_pattern,95,0.0,0.0,0.0,0.0,0.0,0.0,0.24210526315789474,0.7578947368421053,0.6278295579365338,weak,Behavior difference within revised segment; use only for action personalization review.,"Descriptive EDA, not causality; subgroup size controls recommendation strength."
promo0,high_risk_activation_or_low_engagement,unknown_or_unreported,is_only_w2,early_usage_pattern,95,0.0,0.0,0.0,0.0,0.0,0.0,0.24210526315789474,0.7578947368421053,0.6278295579365338,weak,Behavior difference within revised segment; use only for action personalization review.,"Descriptive EDA, not causality; subgroup size controls recommendation strength."
promo0,high_risk_activation_or_low_engagement,unknown_or_unreported,is_only_w3,early_usage_pattern,95,0.6842105263157895,1.0,0.0,1.0,0.7289377289377289,-0.04472720262193941,0.24210526315789474,0.7578947368421053,0.6278295579365338,weak,Behavior difference within revised segment; use only for action personalization review.,"Descriptive EDA, not causality; subgroup size controls recommendation strength."
promo0,high_risk_activation_or_low_engagement,unknown_or_unreported,genre_diversity_count,genre_preference,95,1.3894736842105264,1.0,1.0,2.0,1.3772893772893773,0.012184306921149135,0.24210526315789474,0.7578947368421053,0.6278295579365338,weak,Behavior difference within revised segment; use only for action personalization review.,"Descriptive EDA, not causality; subgroup size controls recommendation strength."
promo0,high_risk_activation_or_low_engagement,unknown_or_unreported,action_adventure_ratio,genre_preference,95,0.1519997935714692,0.0,0.0,0.0,0.20582657109804714,-0.05382677752657794,0.24210526315789474,0.7578947368421053,0.6278295579365338,weak,Behavior difference within revised segment; use only for action personalization review.,"Descriptive EDA, not causality; subgroup size controls recommendation strength."
promo0,high_risk_activation_or_low_engagement,unknown_or_unreported,family_animation_ratio,genre_preference,95,0.0807017543859649,0.0,0.0,0.0,0.05734345020059306,0.02335830418537184,0.24210526315789474,0.7578947368421053,0.6278295579365338,weak,Behavior difference within revised segment; use only for action personalization review.,"Descriptive EDA, not causality; subgroup size controls recommendation strength."
promo0,high_risk_activation_or_low_engagement,unknown_or_unreported,drama_ratio,genre_preference,95,0.09771929824561404,0.0,0.0,0.0,0.0898046398046398,0.007914658440974234,0.24210526315789474,0.7578947368421053,0.6278295579365338,weak,Behavior difference within revised segment; use only for action personalization review.,"Descriptive EDA, not causality; subgroup size controls recommendation strength."
promo0,high_risk_activation_or_low_engagement,unknown_or_unreported,thriller_crime_ratio,genre_preference,95,0.19803974853285022,0.0,0.0,0.0,0.2293849784327299,-0.03134522989987967,0.24210526315789474,0.7578947368421053,0.6278295579365338,weak,Behavior difference within revised segment; use only for action personalization review.,"Descriptive EDA, not causality; subgroup size controls recommendation strength."
promo0,high_risk_activation_or_low_engagement,unknown_or_unreported,sf_fantasy_ratio,genre_preference,95,0.11491228070175438,0.0,0.0,0.0,0.09230503795721187,0.02260724274454251,0.24210526315789474,0.7578947368421053,0.6278295579365338,weak,Behavior difference within revised segment; use only for action personalization review.,"Descriptive EDA, not causality; subgroup size controls recommendation strength."
promo0,high_risk_activation_or_low_engagement,unknown_or_unreported,comedy_ratio,genre_preference,95,0.12456140350877191,0.0,0.0,0.0,0.1011809331685108,0.02338047034026111,0.24210526315789474,0.7578947368421053,0.6278295579365338,weak,Behavior difference within revised segment; use only for action personalization review.,"Descriptive EDA, not causality; subgroup size controls recommendation strength."
promo0,high_risk_activation_or_low_engagement,unknown_or_unreported,romance_ratio,genre_preference,95,0.04473684210526316,0.0,0.0,0.0,0.03744014439666613,0.007296697708597026,0.24210526315789474,0.7578947368421053,0.6278295579365338,weak,Behavior difference within revised segment; use only for action personalization review.,"Descriptive EDA, not causality; subgroup size controls recommendation strength."
promo0,high_risk_activation_or_low_engagement,unknown_or_unreported,horror_ratio,genre_preference,95,0.04825391882072044,0.0,0.0,0.0,0.043435647662190345,0.004818271158530098,0.24210526315789474,0.7578947368421053,0.6278295579365338,weak,Behavior difference within revised segment; use only for action personalization review.,"Descriptive EDA, not causality; subgroup size controls recommendation strength."
promo0,high_risk_activation_or_low_engagement,unknown_or_unreported,documentary_ratio,genre_preference,95,0.042105263157894736,0.0,0.0,0.0,0.027472527472527472,0.014632735685367264,0.24210526315789474,0.7578947368421053,0.6278295579365338,weak,Behavior difference within revised segment; use only for action personalization review.,"Descriptive EDA, not causality; subgroup size controls recommendation strength."
promo0,high_risk_activation_or_low_engagement,unknown_or_unreported,historical_war_ratio,genre_preference,95,0.03907496012759171,0.0,0.0,0.0,0.04887831670891762,-0.00980335658132591,0.24210526315789474,0.7578947368421053,0.6278295579365338,weak,Behavior difference within revised segment; use only for action personalization review.,"Descriptive EDA, not causality; subgroup size controls recommendation strength."
promo0,high_risk_activation_or_low_engagement,unknown_or_unreported,other_ratio,genre_preference,95,0.05789473684210526,0.0,0.0,0.0,0.06692775309796586,-0.009033016255860601,0.24210526315789474,0.7578947368421053,0.6278295579365338,weak,Behavior difference within revised segment; use only for action personalization review.,"Descriptive EDA, not causality; subgroup size controls recommendation strength."
promo0,high_risk_week3_inactivity_or_retention_decay,female,watch_time_min_w1,weekly_usage,819,101.56776556776556,74.0,5.5,138.0,97.43756613756614,4.130199430199426,0.3162393162393162,0.6837606837606838,0.6578801699013883,moderate,Behavior difference within revised segment; use only for action personalization review.,"Descriptive EDA, not causality; subgroup size controls recommendation strength."
promo0,high_risk_week3_inactivity_or_retention_decay,female,watch_time_min_w2,weekly_usage,819,23.783882783882785,0.0,0.0,13.0,22.210582010582012,1.5733007733007724,0.3162393162393162,0.6837606837606838,0.6578801699013883,moderate,Behavior difference within revised segment; use only for action personalization review.,"Descriptive EDA, not causality; subgroup size controls recommendation strength."
promo0,high_risk_week3_inactivity_or_retention_decay,female,watch_time_min_w3,weekly_usage,819,0.4945054945054945,0.0,0.0,0.0,0.6232804232804233,-0.1287749287749288,0.3162393162393162,0.6837606837606838,0.6578801699013883,moderate,Behavior difference within revised segment; use only for action personalization review.,"Descriptive EDA, not causality; subgroup size controls recommendation strength."
promo0,high_risk_week3_inactivity_or_retention_decay,female,watch_session_w1,weekly_sessions,819,2.642246642246642,2.0,1.0,4.0,2.628042328042328,0.014204314204314006,0.3162393162393162,0.6837606837606838,0.6578801699013883,weak,Behavior difference within revised segment; use only for action personalization review.,"Descriptive EDA, not causality; subgroup size controls recommendation strength."
promo0,high_risk_week3_inactivity_or_retention_decay,female,watch_session_w2,weekly_sessions,819,0.9218559218559218,0.0,0.0,1.0,0.9015873015873016,0.020268620268620197,0.3162393162393162,0.6837606837606838,0.6578801699013883,weak,Behavior difference within revised segment; use only for action personalization review.,"Descriptive EDA, not causality; subgroup size controls recommendation strength."
promo0,high_risk_week3_inactivity_or_retention_decay,female,watch_session_w3,weekly_sessions,819,0.11233211233211234,0.0,0.0,0.0,0.1052910052910053,0.007041107041107039,0.3162393162393162,0.6837606837606838,0.6578801699013883,weak,Behavior difference within revised segment; use only for action personalization review.,"Descriptive EDA, not causality; subgroup size controls recommendation strength."
promo0,high_risk_week3_inactivity_or_retention_decay,female,total_watch_time_min,usage_volume,819,125.84615384615384,90.0,12.0,174.5,120.27142857142857,5.574725274725267,0.3162393162393162,0.6837606837606838,0.6578801699013883,moderate,Behavior difference within revised segment; use only for action personalization review.,"Descriptive EDA, not causality; subgroup size controls recommendation strength."
promo0,high_risk_week3_inactivity_or_retention_decay,female,total_watch_count,usage_volume,819,3.6764346764346763,3.0,1.0,5.0,3.634920634920635,0.04151404151404137,0.3162393162393162,0.6837606837606838,0.6578801699013883,weak,Behavior difference within revised segment; use only for action personalization review.,"Descriptive EDA, not causality; subgroup size controls recommendation strength."
promo0,high_risk_week3_inactivity_or_retention_decay,female,watch_days,usage_frequency,819,2.1257631257631258,2.0,1.0,3.0,2.094179894179894,0.03158323158323162,0.3162393162393162,0.6837606837606838,0.6578801699013883,weak,Behavior difference within revised segment; use only for action personalization review.,"Descriptive EDA, not causality; subgroup size controls recommendation strength."
promo0,high_risk_week3_inactivity_or_retention_decay,female,log_retention_w2_ratio,retention_ratio,819,-2.2269928898863682,-2.3150076129926034,-4.5217885770490405,-0.48417979375264264,-2.1644135202958807,-0.06257936959048749,0.3162393162393162,0.6837606837606838,0.6578801699013883,weak,Behavior difference within revised segment; use only for action personalization review.,"Descriptive EDA, not causality; subgroup size controls recommendation strength."
promo0,high_risk_week3_inactivity_or_retention_decay,female,log_retention_w3_ratio,retention_ratio,819,-1.174923321610149,0.0,-2.3978952727983707,0.0,-1.1695044414256646,-0.0054188801844843315,0.3162393162393162,0.6837606837606838,0.6578801699013883,weak,Behavior difference within revised segment; use only for action personalization review.,"Descriptive EDA, not causality; subgroup size controls recommendation strength."
promo0,high_risk_week3_inactivity_or_retention_decay,female,active_ratio,usage_concentration,819,0.10122681551252977,0.0952380952380952,0.0476190476190476,0.1428571428571428,0.09972285210380444,0.0015039634087253284,0.3162393162393162,0.6837606837606838,0.6578801699013883,weak,Behavior difference within revised segment; use only for action personalization review.,"Descriptive EDA, not causality; subgroup size controls recommendation strength."
promo0,high_risk_week3_inactivity_or_retention_decay,female,recency,recency_inactivity,819,12.914529914529915,14.0,9.0,17.0,12.950264550264551,-0.0357346357346362,0.3162393162393162,0.6837606837606838,0.6578801699013883,weak,Behavior difference within revised segment; use only for action personalization review.,"Descriptive EDA, not causality; subgroup size controls recommendation strength."
promo0,high_risk_week3_inactivity_or_retention_decay,female,max_inactive_gap_days,recency_inactivity,819,2.8803418803418803,1.0,0.0,5.0,2.837037037037037,0.0433048433048433,0.3162393162393162,0.6837606837606838,0.6578801699013883,weak,Behavior difference within revised segment; use only for action personalization review.,"Descriptive EDA, not causality; subgroup size controls recommendation strength."
promo0,high_risk_week3_inactivity_or_retention_decay,female,is_only_w1,early_usage_pattern,819,0.5225885225885226,1.0,0.0,1.0,0.5206349206349207,0.0019536019536019467,0.3162393162393162,0.6837606837606838,0.6578801699013883,weak,Behavior difference within revised segment; use only for action personalization review.,"Descriptive EDA, not causality; subgroup size controls recommendation strength."
promo0,high_risk_week3_inactivity_or_retention_decay,female,is_only_w2,early_usage_pattern,819,0.11355311355311355,0.0,0.0,0.0,0.11957671957671957,-0.006023606023606021,0.3162393162393162,0.6837606837606838,0.6578801699013883,weak,Behavior difference within revised segment; use only for action personalization review.,"Descriptive EDA, not causality; subgroup size controls recommendation strength."
promo0,high_risk_week3_inactivity_or_retention_decay,female,is_only_w3,early_usage_pattern,819,0.0,0.0,0.0,0.0,0.0,0.0,0.3162393162393162,0.6837606837606838,0.6578801699013883,weak,Behavior difference within revised segment; use only for action personalization review.,"Descriptive EDA, not causality; subgroup size controls recommendation strength."
promo0,high_risk_week3_inactivity_or_retention_decay,female,genre_diversity_count,genre_preference,819,2.0476190476190474,2.0,1.0,3.0,2.022751322751323,0.024867724867724483,0.3162393162393162,0.6837606837606838,0.6578801699013883,weak,Behavior difference within revised segment; use only for action personalization review.,"Descriptive EDA, not causality; subgroup size controls recommendation strength."
promo0,high_risk_week3_inactivity_or_retention_decay,female,action_adventure_ratio,genre_preference,819,0.1679866828780768,0.0,0.0,0.16397849462365585,0.1607366605977684,0.00725002228030841,0.3162393162393162,0.6837606837606838,0.6578801699013883,weak,Behavior difference within revised segment; use only for action personalization review.,"Descriptive EDA, not causality; subgroup size controls recommendation strength."
promo0,high_risk_week3_inactivity_or_retention_decay,female,family_animation_ratio,genre_preference,819,0.08217931672116616,0.0,0.0,0.0,0.08276224446328972,-0.0005829277421235679,0.3162393162393162,0.6837606837606838,0.6578801699013883,weak,Behavior difference within revised segment; use only for action personalization review.,"Descriptive EDA, not causality; subgroup size controls recommendation strength."
promo0,high_risk_week3_inactivity_or_retention_decay,female,drama_ratio,genre_preference,819,0.1207531924912044,0.0,0.0,0.0099564097483653,0.12928019430724533,-0.008527001816040922,0.3162393162393162,0.6837606837606838,0.6578801699013883,weak,Behavior difference within revised segment; use only for action personalization review.,"Descriptive EDA, not causality; subgroup size controls recommendation strength."
promo0,high_risk_week3_inactivity_or_retention_decay,female,thriller_crime_ratio,genre_preference,819,0.18550494436446818,0.0,0.0,0.21202796543227342,0.18310579596484652,0.002399148399621659,0.3162393162393162,0.6837606837606838,0.6578801699013883,weak,Behavior difference within revised segment; use only for action personalization review.,"Descriptive EDA, not causality; subgroup size controls recommendation strength."
promo0,high_risk_week3_inactivity_or_retention_decay,female,sf_fantasy_ratio,genre_preference,819,0.16013882420051156,0.0,0.0,0.02748226950354605,0.1516839848857765,0.008454839314735063,0.3162393162393162,0.6837606837606838,0.6578801699013883,weak,Behavior difference within revised segment; use only for action personalization review.,"Descriptive EDA, not causality; subgroup size controls recommendation strength."
promo0,high_risk_week3_inactivity_or_retention_decay,female,comedy_ratio,genre_preference,819,0.09194994601152999,0.0,0.0,0.0,0.0894356834667884,0.0025142625447415884,0.3162393162393162,0.6837606837606838,0.6578801699013883,weak,Behavior difference within revised segment; use only for action personalization review.,"Descriptive EDA, not causality; subgroup size controls recommendation strength."
promo0,high_risk_week3_inactivity_or_retention_decay,female,romance_ratio,genre_preference,819,0.06685316299606464,0.0,0.0,0.0,0.06748591591316261,-0.0006327529170979673,0.3162393162393162,0.6837606837606838,0.6578801699013883,weak,Behavior difference within revised segment; use only for action personalization review.,"Descriptive EDA, not causality; subgroup size controls recommendation strength."
promo0,high_risk_week3_inactivity_or_retention_decay,female,horror_ratio,genre_preference,819,0.035736399968969504,0.0,0.0,0.0,0.04159607388950851,-0.005859673920539009,0.3162393162393162,0.6837606837606838,0.6578801699013883,weak,Behavior difference within revised segment; use only for action personalization review.,"Descriptive EDA, not causality; subgroup size controls recommendation strength."
promo0,high_risk_week3_inactivity_or_retention_decay,female,documentary_ratio,genre_preference,819,0.01773705953098354,0.0,0.0,0.0,0.01697942850664006,0.0007576310243434803,0.3162393162393162,0.6837606837606838,0.6578801699013883,weak,Behavior difference within revised segment; use only for action personalization review.,"Descriptive EDA, not causality; subgroup size controls recommendation strength."
promo0,high_risk_week3_inactivity_or_retention_decay,female,historical_war_ratio,genre_preference,819,0.05968618391740057,0.0,0.0,0.0,0.06275547702658736,-0.0030692931091867923,0.3162393162393162,0.6837606837606838,0.6578801699013883,weak,Behavior difference within revised segment; use only for action personalization review.,"Descriptive EDA, not causality; subgroup size controls recommendation strength."
promo0,high_risk_week3_inactivity_or_retention_decay,female,other_ratio,genre_preference,819,0.011474286919624639,0.0,0.0,0.0,0.014178540978386528,-0.002704254058761889,0.3162393162393162,0.6837606837606838,0.6578801699013883,weak,Behavior difference within revised segment; use only for action personalization review.,"Descriptive EDA, not causality; subgroup size controls recommendation strength."
promo0,high_risk_week3_inactivity_or_retention_decay,male,watch_time_min_w1,weekly_usage,500,97.162,65.0,3.0,132.25,97.43756613756614,-0.27556613756613046,0.314,0.6859999999999999,0.6598086653873558,moderate,Behavior difference within revised segment; use only for action personalization review.,"Descriptive EDA, not causality; subgroup size controls recommendation strength."
promo0,high_risk_week3_inactivity_or_retention_decay,male,watch_time_min_w2,weekly_usage,500,22.878,0.0,0.0,16.25,22.210582010582012,0.6674179894179879,0.314,0.6859999999999999,0.6598086653873558,moderate,Behavior difference within revised segment; use only for action personalization review.,"Descriptive EDA, not causality; subgroup size controls recommendation strength."
promo0,high_risk_week3_inactivity_or_retention_decay,male,watch_time_min_w3,weekly_usage,500,0.73,0.0,0.0,0.0,0.6232804232804233,0.10671957671957666,0.314,0.6859999999999999,0.6598086653873558,moderate,Behavior difference within revised segment; use only for action personalization review.,"Descriptive EDA, not causality; subgroup size controls recommendation strength."
promo0,high_risk_week3_inactivity_or_retention_decay,male,watch_session_w1,weekly_sessions,500,2.592,2.0,1.0,3.0,2.628042328042328,-0.0360423280423281,0.314,0.6859999999999999,0.6598086653873558,weak,Behavior difference within revised segment; use only for action personalization review.,"Descriptive EDA, not causality; subgroup size controls recommendation strength."
promo0,high_risk_week3_inactivity_or_retention_decay,male,watch_session_w2,weekly_sessions,500,0.918,0.0,0.0,1.0,0.9015873015873016,0.016412698412698434,0.314,0.6859999999999999,0.6598086653873558,weak,Behavior difference within revised segment; use only for action personalization review.,"Descriptive EDA, not causality; subgroup size controls recommendation strength."
promo0,high_risk_week3_inactivity_or_retention_decay,male,watch_session_w3,weekly_sessions,500,0.104,0.0,0.0,0.0,0.1052910052910053,-0.001291005291005301,0.314,0.6859999999999999,0.6598086653873558,weak,Behavior difference within revised segment; use only for action personalization review.,"Descriptive EDA, not causality; subgroup size controls recommendation strength."
promo0,high_risk_week3_inactivity_or_retention_decay,male,total_watch_time_min,usage_volume,500,120.77,82.5,8.0,171.25,120.27142857142857,0.4985714285714238,0.314,0.6859999999999999,0.6598086653873558,moderate,Behavior difference within revised segment; use only for action personalization review.,"Descriptive EDA, not causality; subgroup size controls recommendation strength."
promo0,high_risk_week3_inactivity_or_retention_decay,male,total_watch_count,usage_volume,500,3.614,3.0,1.0,5.0,3.634920634920635,-0.020920634920635006,0.314,0.6859999999999999,0.6598086653873558,weak,Behavior difference within revised segment; use only for action personalization review.,"Descriptive EDA, not causality; subgroup size controls recommendation strength."
promo0,high_risk_week3_inactivity_or_retention_decay,male,watch_days,usage_frequency,500,2.038,2.0,1.0,3.0,2.094179894179894,-0.05617989417989433,0.314,0.6859999999999999,0.6598086653873558,weak,Behavior difference within revised segment; use only for action personalization review.,"Descriptive EDA, not causality; subgroup size controls recommendation strength."
promo0,high_risk_week3_inactivity_or_retention_decay,male,log_retention_w2_ratio,retention_ratio,500,-2.0487400928305033,-1.9672079525574768,-4.406719247264254,-0.2899377132497474,-2.1644135202958807,0.11567342746537745,0.314,0.6859999999999999,0.6598086653873558,moderate,Behavior difference within revised segment; use only for action personalization review.,"Descriptive EDA, not causality; subgroup size controls recommendation strength."
promo0,high_risk_week3_inactivity_or_retention_decay,male,log_retention_w3_ratio,retention_ratio,500,-1.191639519642369,0.0,-2.484906649788001,0.0,-1.1695044414256646,-0.022135078216704462,0.314,0.6859999999999999,0.6598086653873558,weak,Behavior difference within revised segment; use only for action personalization review.,"Descriptive EDA, not causality; subgroup size controls recommendation strength."
promo0,high_risk_week3_inactivity_or_retention_decay,male,active_ratio,usage_concentration,500,0.09704761904761901,0.0952380952380952,0.0476190476190476,0.1428571428571428,0.09972285210380444,-0.0026752330561854304,0.314,0.6859999999999999,0.6598086653873558,weak,Behavior difference within revised segment; use only for action personalization review.,"Descriptive EDA, not causality; subgroup size controls recommendation strength."
promo0,high_risk_week3_inactivity_or_retention_decay,male,recency,recency_inactivity,500,13.104,14.0,10.0,17.0,12.950264550264551,0.15373544973544817,0.314,0.6859999999999999,0.6598086653873558,moderate,Behavior difference within revised segment; use only for action personalization review.,"Descriptive EDA, not causality; subgroup size controls recommendation strength."
promo0,high_risk_week3_inactivity_or_retention_decay,male,max_inactive_gap_days,recency_inactivity,500,2.694,1.0,0.0,5.0,2.837037037037037,-0.14303703703703707,0.314,0.6859999999999999,0.6598086653873558,moderate,Behavior difference within revised segment; use only for action personalization review.,"Descriptive EDA, not causality; subgroup size controls recommendation strength."
promo0,high_risk_week3_inactivity_or_retention_decay,male,is_only_w1,early_usage_pattern,500,0.532,1.0,0.0,1.0,0.5206349206349207,0.011365079365079356,0.314,0.6859999999999999,0.6598086653873558,weak,Behavior difference within revised segment; use only for action personalization review.,"Descriptive EDA, not causality; subgroup size controls recommendation strength."
promo0,high_risk_week3_inactivity_or_retention_decay,male,is_only_w2,early_usage_pattern,500,0.124,0.0,0.0,0.0,0.11957671957671957,0.004423280423280426,0.314,0.6859999999999999,0.6598086653873558,weak,Behavior difference within revised segment; use only for action personalization review.,"Descriptive EDA, not causality; subgroup size controls recommendation strength."
promo0,high_risk_week3_inactivity_or_retention_decay,male,is_only_w3,early_usage_pattern,500,0.0,0.0,0.0,0.0,0.0,0.0,0.314,0.6859999999999999,0.6598086653873558,weak,Behavior difference within revised segment; use only for action personalization review.,"Descriptive EDA, not causality; subgroup size controls recommendation strength."
promo0,high_risk_week3_inactivity_or_retention_decay,male,genre_diversity_count,genre_preference,500,2.006,2.0,1.0,3.0,2.022751322751323,-0.016751322751323183,0.314,0.6859999999999999,0.6598086653873558,weak,Behavior difference within revised segment; use only for action personalization review.,"Descriptive EDA, not causality; subgroup size controls recommendation strength."
promo0,high_risk_week3_inactivity_or_retention_decay,male,action_adventure_ratio,genre_preference,500,0.15133408386507605,0.0,0.0,0.13883928571428572,0.1607366605977684,-0.009402576732692347,0.314,0.6859999999999999,0.6598086653873558,weak,Behavior difference within revised segment; use only for action personalization review.,"Descriptive EDA, not causality; subgroup size controls recommendation strength."
promo0,high_risk_week3_inactivity_or_retention_decay,male,family_animation_ratio,genre_preference,500,0.07790240379118331,0.0,0.0,0.0,0.08276224446328972,-0.004859840672106416,0.314,0.6859999999999999,0.6598086653873558,weak,Behavior difference within revised segment; use only for action personalization review.,"Descriptive EDA, not causality; subgroup size controls recommendation strength."
promo0,high_risk_week3_inactivity_or_retention_decay,male,drama_ratio,genre_preference,500,0.1327575479640185,0.0,0.0,0.009127379765465474,0.12928019430724533,0.00347735365677318,0.314,0.6859999999999999,0.6598086653873558,weak,Behavior difference within revised segment; use only for action personalization review.,"Descriptive EDA, not causality; subgroup size controls recommendation strength."
promo0,high_risk_week3_inactivity_or_retention_decay,male,thriller_crime_ratio,genre_preference,500,0.18686552627335803,0.0,0.0,0.2836981790003874,0.18310579596484652,0.003759730308511511,0.314,0.6859999999999999,0.6598086653873558,weak,Behavior difference within revised segment; use only for action personalization review.,"Descriptive EDA, not causality; subgroup size controls recommendation strength."
promo0,high_risk_week3_inactivity_or_retention_decay,male,sf_fantasy_ratio,genre_preference,500,0.14654906076317453,0.0,0.0,0.04053738317757005,0.1516839848857765,-0.005134924122601969,0.314,0.6859999999999999,0.6598086653873558,weak,Behavior difference within revised segment; use only for action personalization review.,"Descriptive EDA, not causality; subgroup size controls recommendation strength."
promo0,high_risk_week3_inactivity_or_retention_decay,male,comedy_ratio,genre_preference,500,0.0965256299228734,0.0,0.0,0.0,0.0894356834667884,0.007089946456085003,0.314,0.6859999999999999,0.6598086653873558,weak,Behavior difference within revised segment; use only for action personalization review.,"Descriptive EDA, not causality; subgroup size controls recommendation strength."
promo0,high_risk_week3_inactivity_or_retention_decay,male,romance_ratio,genre_preference,500,0.06067594205239182,0.0,0.0,0.0,0.06748591591316261,-0.006809973860770792,0.314,0.6859999999999999,0.6598086653873558,weak,Behavior difference within revised segment; use only for action personalization review.,"Descriptive EDA, not causality; subgroup size controls recommendation strength."
promo0,high_risk_week3_inactivity_or_retention_decay,male,horror_ratio,genre_preference,500,0.04400133423997768,0.0,0.0,0.0,0.04159607388950851,0.002405260350469167,0.314,0.6859999999999999,0.6598086653873558,weak,Behavior difference within revised segment; use only for action personalization review.,"Descriptive EDA, not causality; subgroup size controls recommendation strength."
promo0,high_risk_week3_inactivity_or_retention_decay,male,documentary_ratio,genre_preference,500,0.012767764714531449,0.0,0.0,0.0,0.01697942850664006,-0.004211663792108612,0.314,0.6859999999999999,0.6598086653873558,weak,Behavior difference within revised segment; use only for action personalization review.,"Descriptive EDA, not causality; subgroup size controls recommendation strength."
promo0,high_risk_week3_inactivity_or_retention_decay,male,historical_war_ratio,genre_preference,500,0.07364392261177512,0.0,0.0,0.0,0.06275547702658736,0.010888445585187756,0.314,0.6859999999999999,0.6598086653873558,weak,Behavior difference within revised segment; use only for action personalization review.,"Descriptive EDA, not causality; subgroup size controls recommendation strength."
promo0,high_risk_week3_inactivity_or_retention_decay,male,other_ratio,genre_preference,500,0.016976783801640107,0.0,0.0,0.0,0.014178540978386528,0.0027982428232535793,0.314,0.6859999999999999,0.6598086653873558,weak,Behavior difference within revised segment; use only for action personalization review.,"Descriptive EDA, not causality; subgroup size controls recommendation strength."
promo0,high_risk_week3_inactivity_or_retention_decay,unknown_or_unreported,watch_time_min_w1,weekly_usage,571,91.75481611208406,75.0,5.0,131.5,97.43756613756614,-5.682750025482079,0.329246935201401,0.670753064798599,0.6422164841398453,moderate,Behavior difference within revised segment; use only for action personalization review.,"Descriptive EDA, not causality; subgroup size controls recommendation strength."
promo0,high_risk_week3_inactivity_or_retention_decay,unknown_or_unreported,watch_time_min_w2,weekly_usage,571,19.36952714535902,0.0,0.0,10.5,22.210582010582012,-2.8410548652229934,0.329246935201401,0.670753064798599,0.6422164841398453,moderate,Behavior difference within revised segment; use only for action personalization review.,"Descriptive EDA, not causality; subgroup size controls recommendation strength."
promo0,high_risk_week3_inactivity_or_retention_decay,unknown_or_unreported,watch_time_min_w3,weekly_usage,571,0.7145359019264448,0.0,0.0,0.0,0.6232804232804233,0.09125547864602146,0.329246935201401,0.670753064798599,0.6422164841398453,weak,Behavior difference within revised segment; use only for action personalization review.,"Descriptive EDA, not causality; subgroup size controls recommendation strength."
promo0,high_risk_week3_inactivity_or_retention_decay,unknown_or_unreported,watch_session_w1,weekly_sessions,571,2.63922942206655,2.0,1.0,4.0,2.628042328042328,0.0111870940242218,0.329246935201401,0.670753064798599,0.6422164841398453,weak,Behavior difference within revised segment; use only for action personalization review.,"Descriptive EDA, not causality; subgroup size controls recommendation strength."
promo0,high_risk_week3_inactivity_or_retention_decay,unknown_or_unreported,watch_session_w2,weekly_sessions,571,0.8581436077057794,0.0,0.0,1.0,0.9015873015873016,-0.04344369388152225,0.329246935201401,0.670753064798599,0.6422164841398453,weak,Behavior difference within revised segment; use only for action personalization review.,"Descriptive EDA, not causality; subgroup size controls recommendation strength."
promo0,high_risk_week3_inactivity_or_retention_decay,unknown_or_unreported,watch_session_w3,weekly_sessions,571,0.09632224168126094,0.0,0.0,0.0,0.1052910052910053,-0.008968763609744357,0.329246935201401,0.670753064798599,0.6422164841398453,weak,Behavior difference within revised segment; use only for action personalization review.,"Descriptive EDA, not causality; subgroup size controls recommendation strength."
promo0,high_risk_week3_inactivity_or_retention_decay,unknown_or_unreported,total_watch_time_min,usage_volume,571,111.83887915936953,88.0,10.0,163.5,120.27142857142857,-8.432549412059046,0.329246935201401,0.670753064798599,0.6422164841398453,moderate,Behavior difference within revised segment; use only for action personalization review.,"Descriptive EDA, not causality; subgroup size controls recommendation strength."
promo0,high_risk_week3_inactivity_or_retention_decay,unknown_or_unreported,total_watch_count,usage_volume,571,3.59369527145359,3.0,1.0,5.0,3.634920634920635,-0.04122536346704475,0.329246935201401,0.670753064798599,0.6422164841398453,weak,Behavior difference within revised segment; use only for action personalization review.,"Descriptive EDA, not causality; subgroup size controls recommendation strength."
promo0,high_risk_week3_inactivity_or_retention_decay,unknown_or_unreported,watch_days,usage_frequency,571,2.098073555166375,2.0,1.0,3.0,2.094179894179894,0.003893660986480807,0.329246935201401,0.670753064798599,0.6422164841398453,weak,Behavior difference within revised segment; use only for action personalization review.,"Descriptive EDA, not causality; subgroup size controls recommendation strength."
promo0,high_risk_week3_inactivity_or_retention_decay,unknown_or_unreported,log_retention_w2_ratio,retention_ratio,571,-2.175944536124392,-2.1400661634962708,-4.459994035484266,-0.4131443421489301,-2.1644135202958807,-0.011531015828511126,0.329246935201401,0.670753064798599,0.6422164841398453,weak,Behavior difference within revised segment; use only for action personalization review.,"Descriptive EDA, not causality; subgroup size controls recommendation strength."
promo0,high_risk_week3_inactivity_or_retention_decay,unknown_or_unreported,log_retention_w3_ratio,retention_ratio,571,-1.1423492715842554,0.0,-2.079441541679836,0.0,-1.1695044414256646,0.0271551698414092,0.329246935201401,0.670753064798599,0.6422164841398453,weak,Behavior difference within revised segment; use only for action personalization review.,"Descriptive EDA, not causality; subgroup size controls recommendation strength."
promo0,high_risk_week3_inactivity_or_retention_decay,unknown_or_unreported,active_ratio,usage_concentration,571,0.09990826453173209,0.0952380952380952,0.0476190476190476,0.1428571428571428,0.09972285210380444,0.00018541242792764756,0.329246935201401,0.670753064798599,0.6422164841398453,weak,Behavior difference within revised segment; use only for action personalization review.,"Descriptive EDA, not causality; subgroup size controls recommendation strength."
promo0,high_risk_week3_inactivity_or_retention_decay,unknown_or_unreported,recency,recency_inactivity,571,12.866900175131349,14.0,9.0,17.0,12.950264550264551,-0.08336437513320227,0.329246935201401,0.670753064798599,0.6422164841398453,weak,Behavior difference within revised segment; use only for action personalization review.,"Descriptive EDA, not causality; subgroup size controls recommendation strength."
promo0,high_risk_week3_inactivity_or_retention_decay,unknown_or_unreported,max_inactive_gap_days,recency_inactivity,571,2.9001751313485116,1.0,0.0,5.0,2.837037037037037,0.06313809431147455,0.329246935201401,0.670753064798599,0.6422164841398453,weak,Behavior difference within revised segment; use only for action personalization review.,"Descriptive EDA, not causality; subgroup size controls recommendation strength."
promo0,high_risk_week3_inactivity_or_retention_decay,unknown_or_unreported,is_only_w1,early_usage_pattern,571,0.5078809106830122,1.0,0.0,1.0,0.5206349206349207,-0.012754009951908452,0.329246935201401,0.670753064798599,0.6422164841398453,weak,Behavior difference within revised segment; use only for action personalization review.,"Descriptive EDA, not causality; subgroup size controls recommendation strength."
promo0,high_risk_week3_inactivity_or_retention_decay,unknown_or_unreported,is_only_w2,early_usage_pattern,571,0.1243432574430823,0.0,0.0,0.0,0.11957671957671957,0.004766537866362733,0.329246935201401,0.670753064798599,0.6422164841398453,weak,Behavior difference within revised segment; use only for action personalization review.,"Descriptive EDA, not causality; subgroup size controls recommendation strength."
promo0,high_risk_week3_inactivity_or_retention_decay,unknown_or_unreported,is_only_w3,early_usage_pattern,571,0.0,0.0,0.0,0.0,0.0,0.0,0.329246935201401,0.670753064798599,0.6422164841398453,weak,Behavior difference within revised segment; use only for action personalization review.,"Descriptive EDA, not causality; subgroup size controls recommendation strength."
promo0,high_risk_week3_inactivity_or_retention_decay,unknown_or_unreported,genre_diversity_count,genre_preference,571,2.001751313485114,2.0,1.0,3.0,2.022751322751323,-0.02100000926620904,0.329246935201401,0.670753064798599,0.6422164841398453,weak,Behavior difference within revised segment; use only for action personalization review.,"Descriptive EDA, not causality; subgroup size controls recommendation strength."
promo0,high_risk_week3_inactivity_or_retention_decay,unknown_or_unreported,action_adventure_ratio,genre_preference,571,0.15857119670770456,0.0,0.0,0.0928723858301323,0.1607366605977684,-0.0021654638900638346,0.329246935201401,0.670753064798599,0.6422164841398453,weak,Behavior difference within revised segment; use only for action personalization review.,"Descriptive EDA, not causality; subgroup size controls recommendation strength."
promo0,high_risk_week3_inactivity_or_retention_decay,unknown_or_unreported,family_animation_ratio,genre_preference,571,0.08785390498317136,0.0,0.0,0.0,0.08276224446328972,0.005091660519881636,0.329246935201401,0.670753064798599,0.6422164841398453,weak,Behavior difference within revised segment; use only for action personalization review.,"Descriptive EDA, not causality; subgroup size controls recommendation strength."
promo0,high_risk_week3_inactivity_or_retention_decay,unknown_or_unreported,drama_ratio,genre_preference,571,0.13846572435794752,0.0,0.0,0.0107256698159262,0.12928019430724533,0.00918553005070219,0.329246935201401,0.670753064798599,0.6422164841398453,weak,Behavior difference within revised segment; use only for action personalization review.,"Descriptive EDA, not causality; subgroup size controls recommendation strength."
promo0,high_risk_week3_inactivity_or_retention_decay,unknown_or_unreported,thriller_crime_ratio,genre_preference,571,0.17637240245600963,0.0,0.0,0.2091049382716049,0.18310579596484652,-0.0067333935088368935,0.329246935201401,0.670753064798599,0.6422164841398453,weak,Behavior difference within revised segment; use only for action personalization review.,"Descriptive EDA, not causality; subgroup size controls recommendation strength."
promo0,high_risk_week3_inactivity_or_retention_decay,unknown_or_unreported,sf_fantasy_ratio,genre_preference,571,0.1440534221231373,0.0,0.0,0.009117693900302551,0.1516839848857765,-0.007630562762639209,0.329246935201401,0.670753064798599,0.6422164841398453,weak,Behavior difference within revised segment; use only for action personalization review.,"Descriptive EDA, not causality; subgroup size controls recommendation strength."
promo0,high_risk_week3_inactivity_or_retention_decay,unknown_or_unreported,comedy_ratio,genre_preference,571,0.07962105255227729,0.0,0.0,0.0,0.0894356834667884,-0.00981463091451111,0.329246935201401,0.670753064798599,0.6422164841398453,weak,Behavior difference within revised segment; use only for action personalization review.,"Descriptive EDA, not causality; subgroup size controls recommendation strength."
promo0,high_risk_week3_inactivity_or_retention_decay,unknown_or_unreported,romance_ratio,genre_preference,571,0.07435668923976269,0.0,0.0,0.0,0.06748591591316261,0.006870773326600077,0.329246935201401,0.670753064798599,0.6422164841398453,weak,Behavior difference within revised segment; use only for action personalization review.,"Descriptive EDA, not causality; subgroup size controls recommendation strength."
promo0,high_risk_week3_inactivity_or_retention_decay,unknown_or_unreported,horror_ratio,genre_preference,571,0.04789457260349601,0.0,0.0,0.0,0.04159607388950851,0.006298498713987501,0.329246935201401,0.670753064798599,0.6422164841398453,weak,Behavior difference within revised segment; use only for action personalization review.,"Descriptive EDA, not causality; subgroup size controls recommendation strength."
promo0,high_risk_week3_inactivity_or_retention_decay,unknown_or_unreported,documentary_ratio,genre_preference,571,0.019580710620680324,0.0,0.0,0.0,0.01697942850664006,0.0026012821140402632,0.329246935201401,0.670753064798599,0.6422164841398453,weak,Behavior difference within revised segment; use only for action personalization review.,"Descriptive EDA, not causality; subgroup size controls recommendation strength."
promo0,high_risk_week3_inactivity_or_retention_decay,unknown_or_unreported,historical_war_ratio,genre_preference,571,0.057623302357288075,0.0,0.0,0.0,0.06275547702658736,-0.005132174669299286,0.329246935201401,0.670753064798599,0.6422164841398453,weak,Behavior difference within revised segment; use only for action personalization review.,"Descriptive EDA, not causality; subgroup size controls recommendation strength."
promo0,high_risk_week3_inactivity_or_retention_decay,unknown_or_unreported,other_ratio,genre_preference,571,0.01560702199852523,0.0,0.0,0.0,0.014178540978386528,0.001428481020138702,0.329246935201401,0.670753064798599,0.6422164841398453,weak,Behavior difference within revised segment; use only for action personalization review.,"Descriptive EDA, not causality; subgroup size controls recommendation strength."
promo0,mid_risk_retention_watchlist,female,watch_time_min_w1,weekly_usage,557,117.67504488330341,79.0,0.0,191.0,126.5397489539749,-8.864704070671479,0.578096947935368,0.42190305206463197,0.36082268492934816,moderate,Behavior difference within revised segment; use only for action personalization review.,"Descriptive EDA, not causality; subgroup size controls recommendation strength."
promo0,mid_risk_retention_watchlist,female,watch_time_min_w2,weekly_usage,557,67.25673249551167,32.0,0.0,109.0,66.61255230125523,0.6441801942564354,0.578096947935368,0.42190305206463197,0.36082268492934816,moderate,Behavior difference within revised segment; use only for action personalization review.,"Descriptive EDA, not causality; subgroup size controls recommendation strength."
promo0,mid_risk_retention_watchlist,female,watch_time_min_w3,weekly_usage,557,19.008976660682226,0.0,0.0,14.0,20.03765690376569,-1.028680243083464,0.578096947935368,0.42190305206463197,0.36082268492934816,moderate,Behavior difference within revised segment; use only for action personalization review.,"Descriptive EDA, not causality; subgroup size controls recommendation strength."
promo0,mid_risk_retention_watchlist,female,watch_session_w1,weekly_sessions,557,2.4685816876122084,1.0,0.0,4.0,2.7263598326359832,-0.25777814502377483,0.578096947935368,0.42190305206463197,0.36082268492934816,moderate,Behavior difference within revised segment; use only for action personalization review.,"Descriptive EDA, not causality; subgroup size controls recommendation strength."
promo0,mid_risk_retention_watchlist,female,watch_session_w2,weekly_sessions,557,1.8976660682226212,1.0,0.0,3.0,1.9297071129707113,-0.03204104474809011,0.578096947935368,0.42190305206463197,0.36082268492934816,weak,Behavior difference within revised segment; use only for action personalization review.,"Descriptive EDA, not causality; subgroup size controls recommendation strength."
promo0,mid_risk_retention_watchlist,female,watch_session_w3,weekly_sessions,557,0.8438061041292639,0.0,0.0,1.0,0.8686192468619247,-0.024813142732660776,0.578096947935368,0.42190305206463197,0.36082268492934816,weak,Behavior difference within revised segment; use only for action personalization review.,"Descriptive EDA, not causality; subgroup size controls recommendation strength."
promo0,mid_risk_retention_watchlist,female,total_watch_time_min,usage_volume,557,203.9407540394973,162.0,26.0,303.0,213.1899581589958,-9.2492041194985,0.578096947935368,0.42190305206463197,0.36082268492934816,moderate,Behavior difference within revised segment; use only for action personalization review.,"Descriptive EDA, not causality; subgroup size controls recommendation strength."
promo0,mid_risk_retention_watchlist,female,total_watch_count,usage_volume,557,5.210053859964093,4.0,2.0,7.0,5.524686192468619,-0.3146323325045257,0.578096947935368,0.42190305206463197,0.36082268492934816,moderate,Behavior difference within revised segment; use only for action personalization review.,"Descriptive EDA, not causality; subgroup size controls recommendation strength."
promo0,mid_risk_retention_watchlist,female,watch_days,usage_frequency,557,2.9245960502693,3.0,1.0,4.0,3.0426778242677823,-0.1180817739984823,0.578096947935368,0.42190305206463197,0.36082268492934816,moderate,Behavior difference within revised segment; use only for action personalization review.,"Descriptive EDA, not causality; subgroup size controls recommendation strength."
promo0,mid_risk_retention_watchlist,female,log_retention_w2_ratio,retention_ratio,557,-0.3212916777655161,0.0,-1.1526795099383855,0.3899609215721992,-0.4961240313658885,0.17483235360037241,0.578096947935368,0.42190305206463197,0.36082268492934816,moderate,Behavior difference within revised segment; use only for action personalization review.,"Descriptive EDA, not causality; subgroup size controls recommendation strength."
promo0,mid_risk_retention_watchlist,female,log_retention_w3_ratio,retention_ratio,557,-1.4820360064016855,-0.6931471805599453,-4.04305126783455,0.0,-1.4661579368050353,-0.01587806959665028,0.578096947935368,0.42190305206463197,0.36082268492934816,weak,Behavior difference within revised segment; use only for action personalization review.,"Descriptive EDA, not causality; subgroup size controls recommendation strength."
promo0,mid_risk_retention_watchlist,female,active_ratio,usage_concentration,557,0.13926647858425234,0.1428571428571428,0.0476190476190476,0.1904761904761904,0.1448894202032277,-0.005622941618975363,0.578096947935368,0.42190305206463197,0.36082268492934816,weak,Behavior difference within revised segment; use only for action personalization review.,"Descriptive EDA, not causality; subgroup size controls recommendation strength."
promo0,mid_risk_retention_watchlist,female,recency,recency_inactivity,557,8.714542190305206,7.0,3.0,13.0,8.265271966527196,0.44927022377800974,0.578096947935368,0.42190305206463197,0.36082268492934816,moderate,Behavior difference within revised segment; use only for action personalization review.,"Descriptive EDA, not causality; subgroup size controls recommendation strength."
promo0,mid_risk_retention_watchlist,female,max_inactive_gap_days,recency_inactivity,557,4.4614003590664275,5.0,0.0,7.0,4.797489539748954,-0.33608918068252613,0.578096947935368,0.42190305206463197,0.36082268492934816,moderate,Behavior difference within revised segment; use only for action personalization review.,"Descriptive EDA, not causality; subgroup size controls recommendation strength."
promo0,mid_risk_retention_watchlist,female,is_only_w1,early_usage_pattern,557,0.08797127468581688,0.0,0.0,0.0,0.10460251046025104,-0.016631235774434164,0.578096947935368,0.42190305206463197,0.36082268492934816,weak,Behavior difference within revised segment; use only for action personalization review.,"Descriptive EDA, not causality; subgroup size controls recommendation strength."
promo0,mid_risk_retention_watchlist,female,is_only_w2,early_usage_pattern,557,0.10771992818671454,0.0,0.0,0.0,0.09037656903765691,0.01734335914905763,0.578096947935368,0.42190305206463197,0.36082268492934816,weak,Behavior difference within revised segment; use only for action personalization review.,"Descriptive EDA, not causality; subgroup size controls recommendation strength."
promo0,mid_risk_retention_watchlist,female,is_only_w3,early_usage_pattern,557,0.07001795332136446,0.0,0.0,0.0,0.07447698744769875,-0.004459034126334291,0.578096947935368,0.42190305206463197,0.36082268492934816,weak,Behavior difference within revised segment; use only for action personalization review.,"Descriptive EDA, not causality; subgroup size controls recommendation strength."
promo0,mid_risk_retention_watchlist,female,genre_diversity_count,genre_preference,557,2.4847396768402152,2.0,1.0,4.0,2.600836820083682,-0.11609714324346676,0.578096947935368,0.42190305206463197,0.36082268492934816,moderate,Behavior difference within revised segment; use only for action personalization review.,"Descriptive EDA, not causality; subgroup size controls recommendation strength."
promo0,mid_risk_retention_watchlist,female,action_adventure_ratio,genre_preference,557,0.13378794002381705,0.0,0.0,0.13,0.14281820442972235,-0.009030264405905292,0.578096947935368,0.42190305206463197,0.36082268492934816,weak,Behavior difference within revised segment; use only for action personalization review.,"Descriptive EDA, not causality; subgroup size controls recommendation strength."
promo0,mid_risk_retention_watchlist,female,family_animation_ratio,genre_preference,557,0.0973179547417305,0.0,0.0,0.0,0.10152380655474046,-0.0042058518130099615,0.578096947935368,0.42190305206463197,0.36082268492934816,weak,Behavior difference within revised segment; use only for action personalization review.,"Descriptive EDA, not causality; subgroup size controls recommendation strength."
promo0,mid_risk_retention_watchlist,female,drama_ratio,genre_preference,557,0.11411949501870454,0.0,0.0,0.1078066914498141,0.1349329411673406,-0.020813446148636047,0.578096947935368,0.42190305206463197,0.36082268492934816,weak,Behavior difference within revised segment; use only for action personalization review.,"Descriptive EDA, not causality; subgroup size controls recommendation strength."
promo0,mid_risk_retention_watchlist,female,thriller_crime_ratio,genre_preference,557,0.15200332446220208,0.0,0.0,0.2023809523809523,0.1619824353002019,-0.009979110837999822,0.578096947935368,0.42190305206463197,0.36082268492934816,weak,Behavior difference within revised segment; use only for action personalization review.,"Descriptive EDA, not causality; subgroup size controls recommendation strength."
promo0,mid_risk_retention_watchlist,female,sf_fantasy_ratio,genre_preference,557,0.09898259926991355,0.0,0.0,0.0082644628099173,0.09827171416534705,0.0007108851045665027,0.578096947935368,0.42190305206463197,0.36082268492934816,weak,Behavior difference within revised segment; use only for action personalization review.,"Descriptive EDA, not causality; subgroup size controls recommendation strength."
promo0,mid_risk_retention_watchlist,female,comedy_ratio,genre_preference,557,0.07734349498739236,0.0,0.0,0.0036764705882352,0.07160805858520189,0.005735436402190472,0.578096947935368,0.42190305206463197,0.36082268492934816,weak,Behavior difference within revised segment; use only for action personalization review.,"Descriptive EDA, not causality; subgroup size controls recommendation strength."
promo0,mid_risk_retention_watchlist,female,romance_ratio,genre_preference,557,0.07161420079451476,0.0,0.0,0.0,0.07354680837502492,-0.0019326075805101567,0.578096947935368,0.42190305206463197,0.36082268492934816,weak,Behavior difference within revised segment; use only for action personalization review.,"Descriptive EDA, not causality; subgroup size controls recommendation strength."
promo0,mid_risk_retention_watchlist,female,horror_ratio,genre_preference,557,0.032454887166151254,0.0,0.0,0.0,0.0319920271457177,0.0004628600204335531,0.578096947935368,0.42190305206463197,0.36082268492934816,weak,Behavior difference within revised segment; use only for action personalization review.,"Descriptive EDA, not causality; subgroup size controls recommendation strength."
promo0,mid_risk_retention_watchlist,female,documentary_ratio,genre_preference,557,0.022525200030343303,0.0,0.0,0.0,0.018407414038153307,0.004117785992189996,0.578096947935368,0.42190305206463197,0.36082268492934816,weak,Behavior difference within revised segment; use only for action personalization review.,"Descriptive EDA, not causality; subgroup size controls recommendation strength."
promo0,mid_risk_retention_watchlist,female,historical_war_ratio,genre_preference,557,0.05794487986182089,0.0,0.0,0.0,0.0649617048229224,-0.007016824961101516,0.578096947935368,0.42190305206463197,0.36082268492934816,weak,Behavior difference within revised segment; use only for action personalization review.,"Descriptive EDA, not causality; subgroup size controls recommendation strength."
promo0,mid_risk_retention_watchlist,female,other_ratio,genre_preference,557,0.019823438365133138,0.0,0.0,0.0,0.02045697746583659,-0.0006335391007034515,0.578096947935368,0.42190305206463197,0.36082268492934816,weak,Behavior difference within revised segment; use only for action personalization review.,"Descriptive EDA, not causality; subgroup size controls recommendation strength."
promo0,mid_risk_retention_watchlist,male,watch_time_min_w1,weekly_usage,312,121.36217948717949,95.5,0.0,170.25,126.5397489539749,-5.177569466795404,0.5576923076923077,0.4423076923076923,0.36576834159634375,moderate,Behavior difference within revised segment; use only for action personalization review.,"Descriptive EDA, not causality; subgroup size controls recommendation strength."
promo0,mid_risk_retention_watchlist,male,watch_time_min_w2,weekly_usage,312,68.63141025641026,39.5,0.0,117.25,66.61255230125523,2.0188579551550276,0.5576923076923077,0.4423076923076923,0.36576834159634375,moderate,Behavior difference within revised segment; use only for action personalization review.,"Descriptive EDA, not causality; subgroup size controls recommendation strength."
promo0,mid_risk_retention_watchlist,male,watch_time_min_w3,weekly_usage,312,21.477564102564102,0.0,0.0,20.0,20.03765690376569,1.4399071987984122,0.5576923076923077,0.4423076923076923,0.36576834159634375,moderate,Behavior difference within revised segment; use only for action personalization review.,"Descriptive EDA, not causality; subgroup size controls recommendation strength."
promo0,mid_risk_retention_watchlist,male,watch_session_w1,weekly_sessions,312,2.644230769230769,2.0,0.0,4.0,2.7263598326359832,-0.08212906340521409,0.5576923076923077,0.4423076923076923,0.36576834159634375,weak,Behavior difference within revised segment; use only for action personalization review.,"Descriptive EDA, not causality; subgroup size controls recommendation strength."
promo0,mid_risk_retention_watchlist,male,watch_session_w2,weekly_sessions,312,1.8493589743589745,1.0,0.0,3.0,1.9297071129707113,-0.08034813861173684,0.5576923076923077,0.4423076923076923,0.36576834159634375,weak,Behavior difference within revised segment; use only for action personalization review.,"Descriptive EDA, not causality; subgroup size controls recommendation strength."
promo0,mid_risk_retention_watchlist,male,watch_session_w3,weekly_sessions,312,0.8942307692307693,0.0,0.0,1.0,0.8686192468619247,0.025611522368844564,0.5576923076923077,0.4423076923076923,0.36576834159634375,weak,Behavior difference within revised segment; use only for action personalization review.,"Descriptive EDA, not causality; subgroup size controls recommendation strength."
promo0,mid_risk_retention_watchlist,male,total_watch_time_min,usage_volume,312,211.47115384615384,155.0,52.75,313.25,213.1899581589958,-1.7188043128419679,0.5576923076923077,0.4423076923076923,0.36576834159634375,moderate,Behavior difference within revised segment; use only for action personalization review.,"Descriptive EDA, not causality; subgroup size controls recommendation strength."
promo0,mid_risk_retention_watchlist,male,total_watch_count,usage_volume,312,5.387820512820513,4.0,2.0,7.25,5.524686192468619,-0.13686567964810603,0.5576923076923077,0.4423076923076923,0.36576834159634375,moderate,Behavior difference within revised segment; use only for action personalization review.,"Descriptive EDA, not causality; subgroup size controls recommendation strength."
promo0,mid_risk_retention_watchlist,male,watch_days,usage_frequency,312,2.926282051282051,3.0,1.0,4.0,3.0426778242677823,-0.11639577298573123,0.5576923076923077,0.4423076923076923,0.36576834159634375,moderate,Behavior difference within revised segment; use only for action personalization review.,"Descriptive EDA, not causality; subgroup size controls recommendation strength."
promo0,mid_risk_retention_watchlist,male,log_retention_w2_ratio,retention_ratio,312,-0.420212189197258,-0.0095014735628076,-1.0997209379350763,0.4072318999139375,-0.4961240313658885,0.0759118421686305,0.5576923076923077,0.4423076923076923,0.36576834159634375,weak,Behavior difference within revised segment; use only for action personalization review.,"Descriptive EDA, not causality; subgroup size controls recommendation strength."
promo0,mid_risk_retention_watchlist,male,log_retention_w3_ratio,retention_ratio,312,-1.4651112440717378,-1.0896030359167705,-3.855410954009519,0.0,-1.4661579368050353,0.001046692733297494,0.5576923076923077,0.4423076923076923,0.36576834159634375,weak,Behavior difference within revised segment; use only for action personalization review.,"Descriptive EDA, not causality; subgroup size controls recommendation strength."
promo0,mid_risk_retention_watchlist,male,active_ratio,usage_concentration,312,0.13934676434676432,0.1428571428571428,0.0476190476190476,0.1904761904761904,0.1448894202032277,-0.00554265585646338,0.5576923076923077,0.4423076923076923,0.36576834159634375,weak,Behavior difference within revised segment; use only for action personalization review.,"Descriptive EDA, not causality; subgroup size controls recommendation strength."
promo0,mid_risk_retention_watchlist,male,recency,recency_inactivity,312,8.352564102564102,7.5,3.0,12.0,8.265271966527196,0.08729213603690589,0.5576923076923077,0.4423076923076923,0.36576834159634375,weak,Behavior difference within revised segment; use only for action personalization review.,"Descriptive EDA, not causality; subgroup size controls recommendation strength."
promo0,mid_risk_retention_watchlist,male,max_inactive_gap_days,recency_inactivity,312,4.592948717948718,5.0,0.0,7.0,4.797489539748954,-0.20454082180023558,0.5576923076923077,0.4423076923076923,0.36576834159634375,moderate,Behavior difference within revised segment; use only for action personalization review.,"Descriptive EDA, not causality; subgroup size controls recommendation strength."
promo0,mid_risk_retention_watchlist,male,is_only_w1,early_usage_pattern,312,0.10576923076923077,0.0,0.0,0.0,0.10460251046025104,0.0011667203089797268,0.5576923076923077,0.4423076923076923,0.36576834159634375,weak,Behavior difference within revised segment; use only for action personalization review.,"Descriptive EDA, not causality; subgroup size controls recommendation strength."
promo0,mid_risk_retention_watchlist,male,is_only_w2,early_usage_pattern,312,0.08974358974358974,0.0,0.0,0.0,0.09037656903765691,-0.0006329792940671652,0.5576923076923077,0.4423076923076923,0.36576834159634375,weak,Behavior difference within revised segment; use only for action personalization review.,"Descriptive EDA, not causality; subgroup size controls recommendation strength."
promo0,mid_risk_retention_watchlist,male,is_only_w3,early_usage_pattern,312,0.08974358974358974,0.0,0.0,0.0,0.07447698744769875,0.015266602295890996,0.5576923076923077,0.4423076923076923,0.36576834159634375,weak,Behavior difference within revised segment; use only for action personalization review.,"Descriptive EDA, not causality; subgroup size controls recommendation strength."
promo0,mid_risk_retention_watchlist,male,genre_diversity_count,genre_preference,312,2.46474358974359,2.0,1.0,3.0,2.600836820083682,-0.13609323034009213,0.5576923076923077,0.4423076923076923,0.36576834159634375,moderate,Behavior difference within revised segment; use only for action personalization review.,"Descriptive EDA, not causality; subgroup size controls recommendation strength."
promo0,mid_risk_retention_watchlist,male,action_adventure_ratio,genre_preference,312,0.1346970349099108,0.0,0.0,0.0737140391774187,0.14281820442972235,-0.008121169519811539,0.5576923076923077,0.4423076923076923,0.36576834159634375,weak,Behavior difference within revised segment; use only for action personalization review.,"Descriptive EDA, not causality; subgroup size controls recommendation strength."
promo0,mid_risk_retention_watchlist,male,family_animation_ratio,genre_preference,312,0.10451168519579962,0.0,0.0,0.0,0.10152380655474046,0.0029878786410591635,0.5576923076923077,0.4423076923076923,0.36576834159634375,weak,Behavior difference within revised segment; use only for action personalization review.,"Descriptive EDA, not causality; subgroup size controls recommendation strength."
promo0,mid_risk_retention_watchlist,male,drama_ratio,genre_preference,312,0.14015487682991137,0.0,0.0,0.1847060113741402,0.1349329411673406,0.005221935662570787,0.5576923076923077,0.4423076923076923,0.36576834159634375,weak,Behavior difference within revised segment; use only for action personalization review.,"Descriptive EDA, not causality; subgroup size controls recommendation strength."
promo0,mid_risk_retention_watchlist,male,thriller_crime_ratio,genre_preference,312,0.15294687166307303,0.0,0.0,0.21994010088272384,0.1619824353002019,-0.009035563637128874,0.5576923076923077,0.4423076923076923,0.36576834159634375,weak,Behavior difference within revised segment; use only for action personalization review.,"Descriptive EDA, not causality; subgroup size controls recommendation strength."
promo0,mid_risk_retention_watchlist,male,sf_fantasy_ratio,genre_preference,312,0.10286428907613325,0.0,0.0,0.0093559814697066,0.09827171416534705,0.0045925749107861985,0.5576923076923077,0.4423076923076923,0.36576834159634375,weak,Behavior difference within revised segment; use only for action personalization review.,"Descriptive EDA, not causality; subgroup size controls recommendation strength."
promo0,mid_risk_retention_watchlist,male,comedy_ratio,genre_preference,312,0.06690152098619614,0.0,0.0,0.0021842515592515,0.07160805858520189,-0.0047065375990057445,0.5576923076923077,0.4423076923076923,0.36576834159634375,weak,Behavior difference within revised segment; use only for action personalization review.,"Descriptive EDA, not causality; subgroup size controls recommendation strength."
promo0,mid_risk_retention_watchlist,male,romance_ratio,genre_preference,312,0.07764254823070513,0.0,0.0,0.0,0.07354680837502492,0.004095739855680208,0.5576923076923077,0.4423076923076923,0.36576834159634375,weak,Behavior difference within revised segment; use only for action personalization review.,"Descriptive EDA, not causality; subgroup size controls recommendation strength."
promo0,mid_risk_retention_watchlist,male,horror_ratio,genre_preference,312,0.028412273398072434,0.0,0.0,0.0,0.0319920271457177,-0.0035797537476452666,0.5576923076923077,0.4423076923076923,0.36576834159634375,weak,Behavior difference within revised segment; use only for action personalization review.,"Descriptive EDA, not causality; subgroup size controls recommendation strength."
promo0,mid_risk_retention_watchlist,male,documentary_ratio,genre_preference,312,0.012847641020759847,0.0,0.0,0.0,0.018407414038153307,-0.00555977301739346,0.5576923076923077,0.4423076923076923,0.36576834159634375,weak,Behavior difference within revised segment; use only for action personalization review.,"Descriptive EDA, not causality; subgroup size controls recommendation strength."
promo0,mid_risk_retention_watchlist,male,historical_war_ratio,genre_preference,312,0.06687220573490012,0.0,0.0,0.0,0.0649617048229224,0.001910500911977711,0.5576923076923077,0.4423076923076923,0.36576834159634375,weak,Behavior difference within revised segment; use only for action personalization review.,"Descriptive EDA, not causality; subgroup size controls recommendation strength."
promo0,mid_risk_retention_watchlist,male,other_ratio,genre_preference,312,0.028815719621204855,0.0,0.0,0.0,0.02045697746583659,0.008358742155368266,0.5576923076923077,0.4423076923076923,0.36576834159634375,weak,Behavior difference within revised segment; use only for action personalization review.,"Descriptive EDA, not causality; subgroup size controls recommendation strength."
promo0,mid_risk_retention_watchlist,unknown_or_unreported,watch_time_min_w1,weekly_usage,326,146.64110429447854,106.0,6.5,201.75,126.5397489539749,20.101355340503645,0.6165644171779141,0.3834355828220859,0.3656036851261126,strong,Behavior difference within revised segment; use only for action personalization review.,"Descriptive EDA, not causality; subgroup size controls recommendation strength."
promo0,mid_risk_retention_watchlist,unknown_or_unreported,watch_time_min_w2,weekly_usage,326,63.579754601226995,33.0,0.0,103.0,66.61255230125523,-3.0327977000282402,0.6165644171779141,0.3834355828220859,0.3656036851261126,strong,Behavior difference within revised segment; use only for action personalization review.,"Descriptive EDA, not causality; subgroup size controls recommendation strength."
promo0,mid_risk_retention_watchlist,unknown_or_unreported,watch_time_min_w3,weekly_usage,326,20.41717791411043,0.0,0.0,22.5,20.03765690376569,0.37952101034473884,0.6165644171779141,0.3834355828220859,0.3656036851261126,strong,Behavior difference within revised segment; use only for action personalization review.,"Descriptive EDA, not causality; subgroup size controls recommendation strength."
promo0,mid_risk_retention_watchlist,unknown_or_unreported,watch_session_w1,weekly_sessions,326,3.245398773006135,2.0,1.0,4.0,2.7263598326359832,0.5190389403701516,0.6165644171779141,0.3834355828220859,0.3656036851261126,strong,Behavior difference within revised segment; use only for action personalization review.,"Descriptive EDA, not causality; subgroup size controls recommendation strength."
promo0,mid_risk_retention_watchlist,unknown_or_unreported,watch_session_w2,weekly_sessions,326,2.061349693251534,2.0,0.0,3.0,1.9297071129707113,0.13164258028082254,0.6165644171779141,0.3834355828220859,0.3656036851261126,moderate,Behavior difference within revised segment; use only for action personalization review.,"Descriptive EDA, not causality; subgroup size controls recommendation strength."
promo0,mid_risk_retention_watchlist,unknown_or_unreported,watch_session_w3,weekly_sessions,326,0.8865030674846626,0.0,0.0,1.0,0.8686192468619247,0.017883820622737856,0.6165644171779141,0.3834355828220859,0.3656036851261126,moderate,Behavior difference within revised segment; use only for action personalization review.,"Descriptive EDA, not causality; subgroup size controls recommendation strength."
promo0,mid_risk_retention_watchlist,unknown_or_unreported,total_watch_time_min,usage_volume,326,230.63803680981596,179.5,97.75,310.5,213.1899581589958,17.44807865082015,0.6165644171779141,0.3834355828220859,0.3656036851261126,strong,Behavior difference within revised segment; use only for action personalization review.,"Descriptive EDA, not causality; subgroup size controls recommendation strength."
promo0,mid_risk_retention_watchlist,unknown_or_unreported,total_watch_count,usage_volume,326,6.193251533742331,5.0,3.0,8.0,5.524686192468619,0.6685653412737125,0.6165644171779141,0.3834355828220859,0.3656036851261126,strong,Behavior difference within revised segment; use only for action personalization review.,"Descriptive EDA, not causality; subgroup size controls recommendation strength."
promo0,mid_risk_retention_watchlist,unknown_or_unreported,watch_days,usage_frequency,326,3.355828220858896,3.0,2.0,4.0,3.0426778242677823,0.31315039659111354,0.6165644171779141,0.3834355828220859,0.3656036851261126,strong,Behavior difference within revised segment; use only for action personalization review.,"Descriptive EDA, not causality; subgroup size controls recommendation strength."
promo0,mid_risk_retention_watchlist,unknown_or_unreported,log_retention_w2_ratio,retention_ratio,326,-0.8674924844702451,-0.33686454735142185,-2.5185308360250342,0.48853812293445453,-0.4961240313658885,-0.37136845310435657,0.6165644171779141,0.3834355828220859,0.3656036851261126,strong,Behavior difference within revised segment; use only for action personalization review.,"Descriptive EDA, not causality; subgroup size controls recommendation strength."
promo0,mid_risk_retention_watchlist,unknown_or_unreported,log_retention_w3_ratio,retention_ratio,326,-1.440030585171461,-1.0125237348070186,-4.002745900565426,0.0,-1.4661579368050353,0.02612735163357427,0.6165644171779141,0.3834355828220859,0.3656036851261126,moderate,Behavior difference within revised segment; use only for action personalization review.,"Descriptive EDA, not causality; subgroup size controls recommendation strength."
promo0,mid_risk_retention_watchlist,unknown_or_unreported,active_ratio,usage_concentration,326,0.15980134385042355,0.1428571428571428,0.0952380952380952,0.1904761904761904,0.1448894202032277,0.014911923647195846,0.6165644171779141,0.3834355828220859,0.3656036851261126,moderate,Behavior difference within revised segment; use only for action personalization review.,"Descriptive EDA, not causality; subgroup size controls recommendation strength."
promo0,mid_risk_retention_watchlist,unknown_or_unreported,recency,recency_inactivity,326,7.414110429447852,7.0,4.0,11.0,8.265271966527196,-0.8511615370793439,0.6165644171779141,0.3834355828220859,0.3656036851261126,strong,Behavior difference within revised segment; use only for action personalization review.,"Descriptive EDA, not causality; subgroup size controls recommendation strength."
promo0,mid_risk_retention_watchlist,unknown_or_unreported,max_inactive_gap_days,recency_inactivity,326,5.567484662576687,6.0,3.0,7.0,4.797489539748954,0.7699951228277335,0.6165644171779141,0.3834355828220859,0.3656036851261126,strong,Behavior difference within revised segment; use only for action personalization review.,"Descriptive EDA, not causality; subgroup size controls recommendation strength."
promo0,mid_risk_retention_watchlist,unknown_or_unreported,is_only_w1,early_usage_pattern,326,0.13190184049079753,0.0,0.0,0.0,0.10460251046025104,0.027299330030546493,0.6165644171779141,0.3834355828220859,0.3656036851261126,moderate,Behavior difference within revised segment; use only for action personalization review.,"Descriptive EDA, not causality; subgroup size controls recommendation strength."
promo0,mid_risk_retention_watchlist,unknown_or_unreported,is_only_w2,early_usage_pattern,326,0.06134969325153374,0.0,0.0,0.0,0.09037656903765691,-0.029026875786123167,0.6165644171779141,0.3834355828220859,0.3656036851261126,moderate,Behavior difference within revised segment; use only for action personalization review.,"Descriptive EDA, not causality; subgroup size controls recommendation strength."
promo0,mid_risk_retention_watchlist,unknown_or_unreported,is_only_w3,early_usage_pattern,326,0.06748466257668712,0.0,0.0,0.0,0.07447698744769875,-0.006992324871011632,0.6165644171779141,0.3834355828220859,0.3656036851261126,moderate,Behavior difference within revised segment; use only for action personalization review.,"Descriptive EDA, not causality; subgroup size controls recommendation strength."
promo0,mid_risk_retention_watchlist,unknown_or_unreported,genre_diversity_count,genre_preference,326,2.9294478527607364,3.0,2.0,4.0,2.600836820083682,0.3286110326770544,0.6165644171779141,0.3834355828220859,0.3656036851261126,strong,Behavior difference within revised segment; use only for action personalization review.,"Descriptive EDA, not causality; subgroup size controls recommendation strength."
promo0,mid_risk_retention_watchlist,unknown_or_unreported,action_adventure_ratio,genre_preference,326,0.16601962211153354,0.0,0.0,0.21852207879398208,0.14281820442972235,0.023201417681811193,0.6165644171779141,0.3834355828220859,0.3656036851261126,moderate,Behavior difference within revised segment; use only for action personalization review.,"Descriptive EDA, not causality; subgroup size controls recommendation strength."
promo0,mid_risk_retention_watchlist,unknown_or_unreported,family_animation_ratio,genre_preference,326,0.10585031368307196,0.0,0.0,0.0,0.10152380655474046,0.004326507128331505,0.6165644171779141,0.3834355828220859,0.3656036851261126,moderate,Behavior difference within revised segment; use only for action personalization review.,"Descriptive EDA, not causality; subgroup size controls recommendation strength."
promo0,mid_risk_retention_watchlist,unknown_or_unreported,drama_ratio,genre_preference,326,0.16549688465834722,0.0,0.0,0.2800736497545008,0.1349329411673406,0.030563943491006634,0.6165644171779141,0.3834355828220859,0.3656036851261126,moderate,Behavior difference within revised segment; use only for action personalization review.,"Descriptive EDA, not causality; subgroup size controls recommendation strength."
promo0,mid_risk_retention_watchlist,unknown_or_unreported,thriller_crime_ratio,genre_preference,326,0.18768016717612251,0.0,0.0,0.29253466623669777,0.1619824353002019,0.025697731875920615,0.6165644171779141,0.3834355828220859,0.3656036851261126,moderate,Behavior difference within revised segment; use only for action personalization review.,"Descriptive EDA, not causality; subgroup size controls recommendation strength."
promo0,mid_risk_retention_watchlist,unknown_or_unreported,sf_fantasy_ratio,genre_preference,326,0.09266175595857148,0.0,0.0,0.0232558139534883,0.09827171416534705,-0.005609958206775567,0.6165644171779141,0.3834355828220859,0.3656036851261126,moderate,Behavior difference within revised segment; use only for action personalization review.,"Descriptive EDA, not causality; subgroup size controls recommendation strength."
promo0,mid_risk_retention_watchlist,unknown_or_unreported,comedy_ratio,genre_preference,326,0.06631297163694944,0.0,0.0,0.003269607230621775,0.07160805858520189,-0.005295086948252453,0.6165644171779141,0.3834355828220859,0.3656036851261126,moderate,Behavior difference within revised segment; use only for action personalization review.,"Descriptive EDA, not causality; subgroup size controls recommendation strength."
promo0,mid_risk_retention_watchlist,unknown_or_unreported,romance_ratio,genre_preference,326,0.07292899115837442,0.0,0.0,0.0,0.07354680837502492,-0.0006178172166504958,0.6165644171779141,0.3834355828220859,0.3656036851261126,moderate,Behavior difference within revised segment; use only for action personalization review.,"Descriptive EDA, not causality; subgroup size controls recommendation strength."
promo0,mid_risk_retention_watchlist,unknown_or_unreported,horror_ratio,genre_preference,326,0.034627211617754,0.0,0.0,0.0,0.0319920271457177,0.0026351844720362977,0.6165644171779141,0.3834355828220859,0.3656036851261126,moderate,Behavior difference within revised segment; use only for action personalization review.,"Descriptive EDA, not causality; subgroup size controls recommendation strength."
promo0,mid_risk_retention_watchlist,unknown_or_unreported,documentary_ratio,genre_preference,326,0.016692820123358616,0.0,0.0,0.0,0.018407414038153307,-0.0017145939147946918,0.6165644171779141,0.3834355828220859,0.3656036851261126,moderate,Behavior difference within revised segment; use only for action personalization review.,"Descriptive EDA, not causality; subgroup size controls recommendation strength."
promo0,mid_risk_retention_watchlist,unknown_or_unreported,historical_war_ratio,genre_preference,326,0.07512211960450674,0.0,0.0,0.0007621951219512,0.0649617048229224,0.010160414781584332,0.6165644171779141,0.3834355828220859,0.3656036851261126,moderate,Behavior difference within revised segment; use only for action personalization review.,"Descriptive EDA, not causality; subgroup size controls recommendation strength."
promo0,mid_risk_retention_watchlist,unknown_or_unreported,other_ratio,genre_preference,326,0.013539657608833279,0.0,0.0,0.0,0.02045697746583659,-0.00691731985700331,0.6165644171779141,0.3834355828220859,0.3656036851261126,moderate,Behavior difference within revised segment; use only for action personalization review.,"Descriptive EDA, not causality; subgroup size controls recommendation strength."
promo0,other_needs_review_residual,female,watch_time_min_w1,weekly_usage,2590,75.54324324324324,1.0,0.0,106.0,76.54421536888738,-1.0009721256441395,0.9131274131274131,0.08687258687258692,0.11316917314390157,moderate,Behavior difference within revised segment; use only for action personalization review.,"Descriptive EDA, not causality; subgroup size controls recommendation strength."
promo0,other_needs_review_residual,female,watch_time_min_w2,weekly_usage,2590,88.21119691119691,10.0,0.0,123.0,88.90816152666554,-0.6969646154686302,0.9131274131274131,0.08687258687258692,0.11316917314390157,moderate,Behavior difference within revised segment; use only for action personalization review.,"Descriptive EDA, not causality; subgroup size controls recommendation strength."
promo0,other_needs_review_residual,female,watch_time_min_w3,weekly_usage,2590,97.13088803088803,54.0,0.0,143.0,92.52853978531266,4.602348245575371,0.9131274131274131,0.08687258687258692,0.11316917314390157,moderate,Behavior difference within revised segment; use only for action personalization review.,"Descriptive EDA, not causality; subgroup size controls recommendation strength."
promo0,other_needs_review_residual,female,watch_session_w1,weekly_sessions,2590,1.6980694980694981,1.0,0.0,2.0,1.6938149599591072,0.004254538110390893,0.9131274131274131,0.08687258687258692,0.11316917314390157,weak,Behavior difference within revised segment; use only for action personalization review.,"Descriptive EDA, not causality; subgroup size controls recommendation strength."
promo0,other_needs_review_residual,female,watch_session_w2,weekly_sessions,2590,1.9212355212355212,1.0,0.0,3.0,1.945817004600443,-0.02458148336492183,0.9131274131274131,0.08687258687258692,0.11316917314390157,weak,Behavior difference within revised segment; use only for action personalization review.,"Descriptive EDA, not causality; subgroup size controls recommendation strength."
promo0,other_needs_review_residual,female,watch_session_w3,weekly_sessions,2590,2.1590733590733593,2.0,0.0,3.0,2.143806440620208,0.015266918453151312,0.9131274131274131,0.08687258687258692,0.11316917314390157,weak,Behavior difference within revised segment; use only for action personalization review.,"Descriptive EDA, not causality; subgroup size controls recommendation strength."
promo0,other_needs_review_residual,female,total_watch_time_min,usage_volume,2590,260.8853281853282,203.5,93.25,360.0,257.98091668086556,2.9044115044626437,0.9131274131274131,0.08687258687258692,0.11316917314390157,moderate,Behavior difference within revised segment; use only for action personalization review.,"Descriptive EDA, not causality; subgroup size controls recommendation strength."
promo0,other_needs_review_residual,female,total_watch_count,usage_volume,2590,5.778378378378378,5.0,2.0,8.0,5.7834384051797585,-0.005060026801380069,0.9131274131274131,0.08687258687258692,0.11316917314390157,weak,Behavior difference within revised segment; use only for action personalization review.,"Descriptive EDA, not causality; subgroup size controls recommendation strength."
promo0,other_needs_review_residual,female,watch_days,usage_frequency,2590,3.0196911196911196,3.0,2.0,4.0,3.0034077355597204,0.01628338413139918,0.9131274131274131,0.08687258687258692,0.11316917314390157,weak,Behavior difference within revised segment; use only for action personalization review.,"Descriptive EDA, not causality; subgroup size controls recommendation strength."
promo0,other_needs_review_residual,female,log_retention_w2_ratio,retention_ratio,2590,0.3234364905865045,0.0,-1.5722002225316314,2.9444389791664403,0.31838985519760576,0.0050466353888987125,0.9131274131274131,0.08687258687258692,0.11316917314390157,weak,Behavior difference within revised segment; use only for action personalization review.,"Descriptive EDA, not causality; subgroup size controls recommendation strength."
promo0,other_needs_review_residual,female,log_retention_w3_ratio,retention_ratio,2590,0.5870108035599024,0.2693718440959191,-2.1326084420567133,4.276666119016055,0.5419919779263299,0.04501882563357251,0.9131274131274131,0.08687258687258692,0.11316917314390157,weak,Behavior difference within revised segment; use only for action personalization review.,"Descriptive EDA, not causality; subgroup size controls recommendation strength."
promo0,other_needs_review_residual,female,active_ratio,usage_concentration,2590,0.1437948152233866,0.1428571428571428,0.0952380952380952,0.1904761904761904,0.14301941597903425,0.0007753992443523539,0.9131274131274131,0.08687258687258692,0.11316917314390157,weak,Behavior difference within revised segment; use only for action personalization review.,"Descriptive EDA, not causality; subgroup size controls recommendation strength."
promo0,other_needs_review_residual,female,recency,recency_inactivity,2590,5.559459459459459,4.0,1.0,8.0,5.681035951610155,-0.12157649215069544,0.9131274131274131,0.08687258687258692,0.11316917314390157,moderate,Behavior difference within revised segment; use only for action personalization review.,"Descriptive EDA, not causality; subgroup size controls recommendation strength."
promo0,other_needs_review_residual,female,max_inactive_gap_days,recency_inactivity,2590,5.986100386100386,6.0,1.0,9.0,5.813937638439257,0.1721627476611287,0.9131274131274131,0.08687258687258692,0.11316917314390157,moderate,Behavior difference within revised segment; use only for action personalization review.,"Descriptive EDA, not causality; subgroup size controls recommendation strength."
promo0,other_needs_review_residual,female,is_only_w1,early_usage_pattern,2590,0.0042471042471042475,0.0,0.0,0.0,0.005281990117566877,-0.0010348858704626292,0.9131274131274131,0.08687258687258692,0.11316917314390157,weak,Behavior difference within revised segment; use only for action personalization review.,"Descriptive EDA, not causality; subgroup size controls recommendation strength."
promo0,other_needs_review_residual,female,is_only_w2,early_usage_pattern,2590,0.10270270270270271,0.0,0.0,0.0,0.10172090645765888,0.0009817962450438256,0.9131274131274131,0.08687258687258692,0.11316917314390157,weak,Behavior difference within revised segment; use only for action personalization review.,"Descriptive EDA, not causality; subgroup size controls recommendation strength."
promo0,other_needs_review_residual,female,is_only_w3,early_usage_pattern,2590,0.1301158301158301,0.0,0.0,0.0,0.13324246038507412,-0.0031266302692440073,0.9131274131274131,0.08687258687258692,0.11316917314390157,weak,Behavior difference within revised segment; use only for action personalization review.,"Descriptive EDA, not causality; subgroup size controls recommendation strength."
promo0,other_needs_review_residual,female,genre_diversity_count,genre_preference,2590,2.764092664092664,3.0,2.0,4.0,2.7301073436701313,0.03398532042253288,0.9131274131274131,0.08687258687258692,0.11316917314390157,weak,Behavior difference within revised segment; use only for action personalization review.,"Descriptive EDA, not causality; subgroup size controls recommendation strength."
promo0,other_needs_review_residual,female,action_adventure_ratio,genre_preference,2590,0.07938058802240862,0.0,0.0,0.0082644628099173,0.0757453436308116,0.0036352443915970145,0.9131274131274131,0.08687258687258692,0.11316917314390157,weak,Behavior difference within revised segment; use only for action personalization review.,"Descriptive EDA, not causality; subgroup size controls recommendation strength."
promo0,other_needs_review_residual,female,family_animation_ratio,genre_preference,2590,0.11208705356967381,0.0,0.0,0.0029455272104429503,0.11642654010095792,-0.0043394865312841036,0.9131274131274131,0.08687258687258692,0.11316917314390157,weak,Behavior difference within revised segment; use only for action personalization review.,"Descriptive EDA, not causality; subgroup size controls recommendation strength."
promo0,other_needs_review_residual,female,drama_ratio,genre_preference,2590,0.19192406389595928,0.0012529453283578,0.0,0.3062743506493506,0.1898775468731715,0.002046517022787797,0.9131274131274131,0.08687258687258692,0.11316917314390157,weak,Behavior difference within revised segment; use only for action personalization review.,"Descriptive EDA, not causality; subgroup size controls recommendation strength."
promo0,other_needs_review_residual,female,thriller_crime_ratio,genre_preference,2590,0.08515841449210801,0.0,0.0,0.0510665804783451,0.08571484531725466,-0.000556430825146656,0.9131274131274131,0.08687258687258692,0.11316917314390157,weak,Behavior difference within revised segment; use only for action personalization review.,"Descriptive EDA, not causality; subgroup size controls recommendation strength."
promo0,other_needs_review_residual,female,sf_fantasy_ratio,genre_preference,2590,0.11552577681643159,0.0,0.0,0.020392107892107825,0.11023389981771188,0.005291876998719705,0.9131274131274131,0.08687258687258692,0.11316917314390157,weak,Behavior difference within revised segment; use only for action personalization review.,"Descriptive EDA, not causality; subgroup size controls recommendation strength."
promo0,other_needs_review_residual,female,comedy_ratio,genre_preference,2590,0.09417449859840805,0.0,0.0,0.035955598455598425,0.09382801042161891,0.0003464881767891448,0.9131274131274131,0.08687258687258692,0.11316917314390157,weak,Behavior difference within revised segment; use only for action personalization review.,"Descriptive EDA, not causality; subgroup size controls recommendation strength."
promo0,other_needs_review_residual,female,romance_ratio,genre_preference,2590,0.10267071114425773,0.0,0.0,0.0613841123248752,0.10185846035265914,0.0008122507915985927,0.9131274131274131,0.08687258687258692,0.11316917314390157,weak,Behavior difference within revised segment; use only for action personalization review.,"Descriptive EDA, not causality; subgroup size controls recommendation strength."
promo0,other_needs_review_residual,female,horror_ratio,genre_preference,2590,0.017705793871795352,0.0,0.0,0.0,0.0177007528212844,5.041050510953826e-06,0.9131274131274131,0.08687258687258692,0.11316917314390157,weak,Behavior difference within revised segment; use only for action personalization review.,"Descriptive EDA, not causality; subgroup size controls recommendation strength."
promo0,other_needs_review_residual,female,documentary_ratio,genre_preference,2590,0.01738400963775449,0.0,0.0,0.0,0.018830312862945422,-0.0014463032251909314,0.9131274131274131,0.08687258687258692,0.11316917314390157,weak,Behavior difference within revised segment; use only for action personalization review.,"Descriptive EDA, not causality; subgroup size controls recommendation strength."
promo0,other_needs_review_residual,female,historical_war_ratio,genre_preference,2590,0.06438246472383112,0.0,0.0,0.0,0.060922255975006924,0.0034602087488241964,0.9131274131274131,0.08687258687258692,0.11316917314390157,weak,Behavior difference within revised segment; use only for action personalization review.,"Descriptive EDA, not causality; subgroup size controls recommendation strength."
promo0,other_needs_review_residual,female,other_ratio,genre_preference,2590,0.027714733335479986,0.0,0.0,0.0,0.029015379926765,-0.001300646591285013,0.9131274131274131,0.08687258687258692,0.11316917314390157,weak,Behavior difference within revised segment; use only for action personalization review.,"Descriptive EDA, not causality; subgroup size controls recommendation strength."
promo0,other_needs_review_residual,male,watch_time_min_w1,weekly_usage,1367,81.44769568397952,1.0,0.0,111.0,76.54421536888738,4.903480315092139,0.9078273591806877,0.09217264081931231,0.11274932091542872,moderate,Behavior difference within revised segment; use only for action personalization review.,"Descriptive EDA, not causality; subgroup size controls recommendation strength."
promo0,other_needs_review_residual,male,watch_time_min_w2,weekly_usage,1367,88.72567666422823,4.0,0.0,123.0,88.90816152666554,-0.1824848624373061,0.9078273591806877,0.09217264081931231,0.11274932091542872,moderate,Behavior difference within revised segment; use only for action personalization review.,"Descriptive EDA, not causality; subgroup size controls recommendation strength."
promo0,other_needs_review_residual,male,watch_time_min_w3,weekly_usage,1367,93.75201170446233,54.0,0.0,138.0,92.52853978531266,1.2234719191496737,0.9078273591806877,0.09217264081931231,0.11274932091542872,moderate,Behavior difference within revised segment; use only for action personalization review.,"Descriptive EDA, not causality; subgroup size controls recommendation strength."
promo0,other_needs_review_residual,male,watch_session_w1,weekly_sessions,1367,1.7461594732991954,1.0,0.0,2.0,1.6938149599591072,0.05234451334008816,0.9078273591806877,0.09217264081931231,0.11274932091542872,weak,Behavior difference within revised segment; use only for action personalization review.,"Descriptive EDA, not causality; subgroup size controls recommendation strength."
promo0,other_needs_review_residual,male,watch_session_w2,weekly_sessions,1367,1.9356254572055596,1.0,0.0,3.0,1.945817004600443,-0.010191547394883482,0.9078273591806877,0.09217264081931231,0.11274932091542872,weak,Behavior difference within revised segment; use only for action personalization review.,"Descriptive EDA, not causality; subgroup size controls recommendation strength."
promo0,other_needs_review_residual,male,watch_session_w3,weekly_sessions,1367,2.2062911485003656,2.0,0.0,3.0,2.143806440620208,0.062484707880157586,0.9078273591806877,0.09217264081931231,0.11274932091542872,weak,Behavior difference within revised segment; use only for action personalization review.,"Descriptive EDA, not causality; subgroup size controls recommendation strength."
promo0,other_needs_review_residual,male,total_watch_time_min,usage_volume,1367,263.9253840526701,204.0,92.0,352.0,257.98091668086556,5.944467371804535,0.9078273591806877,0.09217264081931231,0.11274932091542872,moderate,Behavior difference within revised segment; use only for action personalization review.,"Descriptive EDA, not causality; subgroup size controls recommendation strength."
promo0,other_needs_review_residual,male,total_watch_count,usage_volume,1367,5.8880760790051205,5.0,2.0,8.0,5.7834384051797585,0.10463767382536204,0.9078273591806877,0.09217264081931231,0.11274932091542872,moderate,Behavior difference within revised segment; use only for action personalization review.,"Descriptive EDA, not causality; subgroup size controls recommendation strength."
promo0,other_needs_review_residual,male,watch_days,usage_frequency,1367,2.9970738844184344,3.0,2.0,4.0,3.0034077355597204,-0.00633385114128604,0.9078273591806877,0.09217264081931231,0.11274932091542872,weak,Behavior difference within revised segment; use only for action personalization review.,"Descriptive EDA, not causality; subgroup size controls recommendation strength."
promo0,other_needs_review_residual,male,log_retention_w2_ratio,retention_ratio,1367,0.2561927616631699,0.0,-1.6094379124341005,2.6390573296152584,0.31838985519760576,-0.062197093534435866,0.9078273591806877,0.09217264081931231,0.11274932091542872,weak,Behavior difference within revised segment; use only for action personalization review.,"Descriptive EDA, not causality; subgroup size controls recommendation strength."
promo0,other_needs_review_residual,male,log_retention_w3_ratio,retention_ratio,1367,0.6573029179710953,0.321381990897623,-1.932729942707999,4.337269381070008,0.5419919779263299,0.11531094004476539,0.9078273591806877,0.09217264081931231,0.11274932091542872,moderate,Behavior difference within revised segment; use only for action personalization review.,"Descriptive EDA, not causality; subgroup size controls recommendation strength."
promo0,other_needs_review_residual,male,active_ratio,usage_concentration,1367,0.14271780401992543,0.1428571428571428,0.0952380952380952,0.1904761904761904,0.14301941597903425,-0.0003016119591088273,0.9078273591806877,0.09217264081931231,0.11274932091542872,weak,Behavior difference within revised segment; use only for action personalization review.,"Descriptive EDA, not causality; subgroup size controls recommendation strength."
promo0,other_needs_review_residual,male,recency,recency_inactivity,1367,5.566203365032919,3.0,1.0,8.0,5.681035951610155,-0.1148325865772355,0.9078273591806877,0.09217264081931231,0.11274932091542872,moderate,Behavior difference within revised segment; use only for action personalization review.,"Descriptive EDA, not causality; subgroup size controls recommendation strength."
promo0,other_needs_review_residual,male,max_inactive_gap_days,recency_inactivity,1367,5.753474762253109,6.0,1.0,9.0,5.813937638439257,-0.060462876186147874,0.9078273591806877,0.09217264081931231,0.11274932091542872,weak,Behavior difference within revised segment; use only for action personalization review.,"Descriptive EDA, not causality; subgroup size controls recommendation strength."
promo0,other_needs_review_residual,male,is_only_w1,early_usage_pattern,1367,0.0043891733723482075,0.0,0.0,0.0,0.005281990117566877,-0.0008928167452186692,0.9078273591806877,0.09217264081931231,0.11274932091542872,weak,Behavior difference within revised segment; use only for action personalization review.,"Descriptive EDA, not causality; subgroup size controls recommendation strength."
promo0,other_needs_review_residual,male,is_only_w2,early_usage_pattern,1367,0.10021945866861741,0.0,0.0,0.0,0.10172090645765888,-0.001501447789041474,0.9078273591806877,0.09217264081931231,0.11274932091542872,weak,Behavior difference within revised segment; use only for action personalization review.,"Descriptive EDA, not causality; subgroup size controls recommendation strength."
promo0,other_needs_review_residual,male,is_only_w3,early_usage_pattern,1367,0.1433796634967081,0.0,0.0,0.0,0.13324246038507412,0.010137203111633991,0.9078273591806877,0.09217264081931231,0.11274932091542872,weak,Behavior difference within revised segment; use only for action personalization review.,"Descriptive EDA, not causality; subgroup size controls recommendation strength."
promo0,other_needs_review_residual,male,genre_diversity_count,genre_preference,1367,2.7125091441111926,3.0,1.0,4.0,2.7301073436701313,-0.01759819955893871,0.9078273591806877,0.09217264081931231,0.11274932091542872,weak,Behavior difference within revised segment; use only for action personalization review.,"Descriptive EDA, not causality; subgroup size controls recommendation strength."
promo0,other_needs_review_residual,male,action_adventure_ratio,genre_preference,1367,0.0763351828814261,0.0,0.0,0.0086206896551724,0.0757453436308116,0.0005898392506144962,0.9078273591806877,0.09217264081931231,0.11274932091542872,weak,Behavior difference within revised segment; use only for action personalization review.,"Descriptive EDA, not causality; subgroup size controls recommendation strength."
promo0,other_needs_review_residual,male,family_animation_ratio,genre_preference,1367,0.1256461613518116,0.0,0.0,0.00338986946129795,0.11642654010095792,0.009219621250853696,0.9078273591806877,0.09217264081931231,0.11274932091542872,weak,Behavior difference within revised segment; use only for action personalization review.,"Descriptive EDA, not causality; subgroup size controls recommendation strength."
promo0,other_needs_review_residual,male,drama_ratio,genre_preference,1367,0.1870499192830711,0.0,0.0,0.3009469489732647,0.1898775468731715,-0.0028276275901003844,0.9078273591806877,0.09217264081931231,0.11274932091542872,weak,Behavior difference within revised segment; use only for action personalization review.,"Descriptive EDA, not causality; subgroup size controls recommendation strength."
promo0,other_needs_review_residual,male,thriller_crime_ratio,genre_preference,1367,0.08856372123482247,0.0,0.0,0.04679144385026735,0.08571484531725466,0.0028488759175678002,0.9078273591806877,0.09217264081931231,0.11274932091542872,weak,Behavior difference within revised segment; use only for action personalization review.,"Descriptive EDA, not causality; subgroup size controls recommendation strength."
promo0,other_needs_review_residual,male,sf_fantasy_ratio,genre_preference,1367,0.0984721592748203,0.0,0.0,0.00503542510121455,0.11023389981771188,-0.011761740542891586,0.9078273591806877,0.09217264081931231,0.11274932091542872,weak,Behavior difference within revised segment; use only for action personalization review.,"Descriptive EDA, not causality; subgroup size controls recommendation strength."
promo0,other_needs_review_residual,male,comedy_ratio,genre_preference,1367,0.08893208102187954,0.0,0.0,0.014194737724149451,0.09382801042161891,-0.004895929399739374,0.9078273591806877,0.09217264081931231,0.11274932091542872,weak,Behavior difference within revised segment; use only for action personalization review.,"Descriptive EDA, not causality; subgroup size controls recommendation strength."
promo0,other_needs_review_residual,male,romance_ratio,genre_preference,1367,0.10069988159993598,0.0,0.0,0.0321199511666695,0.10185846035265914,-0.001158578752723155,0.9078273591806877,0.09217264081931231,0.11274932091542872,weak,Behavior difference within revised segment; use only for action personalization review.,"Descriptive EDA, not causality; subgroup size controls recommendation strength."
promo0,other_needs_review_residual,male,horror_ratio,genre_preference,1367,0.01997045653069092,0.0,0.0,0.0,0.0177007528212844,0.002269703709406521,0.9078273591806877,0.09217264081931231,0.11274932091542872,weak,Behavior difference within revised segment; use only for action personalization review.,"Descriptive EDA, not causality; subgroup size controls recommendation strength."
promo0,other_needs_review_residual,male,documentary_ratio,genre_preference,1367,0.017585798682348806,0.0,0.0,0.0,0.018830312862945422,-0.0012445141805966162,0.9078273591806877,0.09217264081931231,0.11274932091542872,weak,Behavior difference within revised segment; use only for action personalization review.,"Descriptive EDA, not causality; subgroup size controls recommendation strength."
promo0,other_needs_review_residual,male,historical_war_ratio,genre_preference,1367,0.06591192216451024,0.0,0.0,0.0,0.060922255975006924,0.004989666189503313,0.9078273591806877,0.09217264081931231,0.11274932091542872,weak,Behavior difference within revised segment; use only for action personalization review.,"Descriptive EDA, not causality; subgroup size controls recommendation strength."
promo0,other_needs_review_residual,male,other_ratio,genre_preference,1367,0.02988172841067409,0.0,0.0,0.0,0.029015379926765,0.0008663484839090928,0.9078273591806877,0.09217264081931231,0.11274932091542872,weak,Behavior difference within revised segment; use only for action personalization review.,"Descriptive EDA, not causality; subgroup size controls recommendation strength."
promo0,other_needs_review_residual,unknown_or_unreported,watch_time_min_w1,weekly_usage,1912,74.39435146443515,1.0,0.0,108.0,76.54421536888738,-2.149863904452232,0.9048117154811716,0.09518828451882844,0.11591060498428207,moderate,Behavior difference within revised segment; use only for action personalization review.,"Descriptive EDA, not causality; subgroup size controls recommendation strength."
promo0,other_needs_review_residual,unknown_or_unreported,watch_time_min_w2,weekly_usage,1912,89.98274058577405,8.0,0.0,123.0,88.90816152666554,1.0745790591085154,0.9048117154811716,0.09518828451882844,0.11591060498428207,moderate,Behavior difference within revised segment; use only for action personalization review.,"Descriptive EDA, not causality; subgroup size controls recommendation strength."
promo0,other_needs_review_residual,unknown_or_unreported,watch_time_min_w3,weekly_usage,1912,85.41945606694561,34.0,0.0,126.0,92.52853978531266,-7.109083718367046,0.9048117154811716,0.09518828451882844,0.11591060498428207,moderate,Behavior difference within revised segment; use only for action personalization review.,"Descriptive EDA, not causality; subgroup size controls recommendation strength."
promo0,other_needs_review_residual,unknown_or_unreported,watch_session_w1,weekly_sessions,1912,1.6506276150627615,1.0,0.0,2.0,1.6938149599591072,-0.04318734489634579,0.9048117154811716,0.09518828451882844,0.11591060498428207,weak,Behavior difference within revised segment; use only for action personalization review.,"Descriptive EDA, not causality; subgroup size controls recommendation strength."
promo0,other_needs_review_residual,unknown_or_unreported,watch_session_w2,weekly_sessions,1912,1.9864016736401673,1.0,0.0,3.0,1.945817004600443,0.04058466903972424,0.9048117154811716,0.09518828451882844,0.11591060498428207,weak,Behavior difference within revised segment; use only for action personalization review.,"Descriptive EDA, not causality; subgroup size controls recommendation strength."
promo0,other_needs_review_residual,unknown_or_unreported,watch_session_w3,weekly_sessions,1912,2.0784518828451883,1.0,0.0,3.0,2.143806440620208,-0.06535455777501964,0.9048117154811716,0.09518828451882844,0.11591060498428207,weak,Behavior difference within revised segment; use only for action personalization review.,"Descriptive EDA, not causality; subgroup size controls recommendation strength."
promo0,other_needs_review_residual,unknown_or_unreported,total_watch_time_min,usage_volume,1912,249.7965481171548,192.5,79.0,341.25,257.98091668086556,-8.184368563710763,0.9048117154811716,0.09518828451882844,0.11591060498428207,moderate,Behavior difference within revised segment; use only for action personalization review.,"Descriptive EDA, not causality; subgroup size controls recommendation strength."
promo0,other_needs_review_residual,unknown_or_unreported,total_watch_count,usage_volume,1912,5.7154811715481175,5.0,2.0,8.0,5.7834384051797585,-0.06795723363164097,0.9048117154811716,0.09518828451882844,0.11591060498428207,weak,Behavior difference within revised segment; use only for action personalization review.,"Descriptive EDA, not causality; subgroup size controls recommendation strength."
promo0,other_needs_review_residual,unknown_or_unreported,watch_days,usage_frequency,1912,2.9858786610878663,3.0,2.0,4.0,3.0034077355597204,-0.017529074471854145,0.9048117154811716,0.09518828451882844,0.11591060498428207,weak,Behavior difference within revised segment; use only for action personalization review.,"Descriptive EDA, not causality; subgroup size controls recommendation strength."
promo0,other_needs_review_residual,unknown_or_unreported,log_retention_w2_ratio,retention_ratio,1912,0.3560219897186968,0.0,-1.152223630694058,2.647830159568076,0.31838985519760576,0.03763213452109104,0.9048117154811716,0.09518828451882844,0.11591060498428207,weak,Behavior difference within revised segment; use only for action personalization review.,"Descriptive EDA, not causality; subgroup size controls recommendation strength."
promo0,other_needs_review_residual,unknown_or_unreported,log_retention_w3_ratio,retention_ratio,1912,0.39856686629863813,0.02260632750470445,-2.152666020577434,3.7286874749983316,0.5419919779263299,-0.14342511162769178,0.9048117154811716,0.09518828451882844,0.11591060498428207,moderate,Behavior difference within revised segment; use only for action personalization review.,"Descriptive EDA, not causality; subgroup size controls recommendation strength."
promo0,other_needs_review_residual,unknown_or_unreported,active_ratio,usage_concentration,1912,0.1421846981470412,0.1428571428571428,0.0952380952380952,0.1904761904761904,0.14301941597903425,-0.0008347178319930426,0.9048117154811716,0.09518828451882844,0.11591060498428207,weak,Behavior difference within revised segment; use only for action personalization review.,"Descriptive EDA, not causality; subgroup size controls recommendation strength."
promo0,other_needs_review_residual,unknown_or_unreported,recency,recency_inactivity,1912,5.927824267782427,4.0,1.0,8.0,5.681035951610155,0.24678831617227193,0.9048117154811716,0.09518828451882844,0.11591060498428207,moderate,Behavior difference within revised segment; use only for action personalization review.,"Descriptive EDA, not causality; subgroup size controls recommendation strength."
promo0,other_needs_review_residual,unknown_or_unreported,max_inactive_gap_days,recency_inactivity,1912,5.6239539748953975,5.5,1.0,9.0,5.813937638439257,-0.18998366354385965,0.9048117154811716,0.09518828451882844,0.11591060498428207,moderate,Behavior difference within revised segment; use only for action personalization review.,"Descriptive EDA, not causality; subgroup size controls recommendation strength."
promo0,other_needs_review_residual,unknown_or_unreported,is_only_w1,early_usage_pattern,1912,0.007322175732217573,0.0,0.0,0.0,0.005281990117566877,0.0020401856146506966,0.9048117154811716,0.09518828451882844,0.11591060498428207,weak,Behavior difference within revised segment; use only for action personalization review.,"Descriptive EDA, not causality; subgroup size controls recommendation strength."
promo0,other_needs_review_residual,unknown_or_unreported,is_only_w2,early_usage_pattern,1912,0.10146443514644352,0.0,0.0,0.0,0.10172090645765888,-0.00025647131121536715,0.9048117154811716,0.09518828451882844,0.11591060498428207,weak,Behavior difference within revised segment; use only for action personalization review.,"Descriptive EDA, not causality; subgroup size controls recommendation strength."
promo0,other_needs_review_residual,unknown_or_unreported,is_only_w3,early_usage_pattern,1912,0.13023012552301255,0.0,0.0,0.0,0.13324246038507412,-0.0030123348620615664,0.9048117154811716,0.09518828451882844,0.11591060498428207,weak,Behavior difference within revised segment; use only for action personalization review.,"Descriptive EDA, not causality; subgroup size controls recommendation strength."
promo0,other_needs_review_residual,unknown_or_unreported,genre_diversity_count,genre_preference,1912,2.696652719665272,3.0,1.0,4.0,2.7301073436701313,-0.03345462400485921,0.9048117154811716,0.09518828451882844,0.11591060498428207,weak,Behavior difference within revised segment; use only for action personalization review.,"Descriptive EDA, not causality; subgroup size controls recommendation strength."
promo0,other_needs_review_residual,unknown_or_unreported,action_adventure_ratio,genre_preference,1912,0.07039932206709493,0.0,0.0,0.00546082949308755,0.0757453436308116,-0.005346021563716677,0.9048117154811716,0.09518828451882844,0.11591060498428207,weak,Behavior difference within revised segment; use only for action personalization review.,"Descriptive EDA, not causality; subgroup size controls recommendation strength."
promo0,other_needs_review_residual,unknown_or_unreported,family_animation_ratio,genre_preference,1912,0.11571317601419472,0.0,0.0,0.0,0.11642654010095792,-0.0007133640867632018,0.9048117154811716,0.09518828451882844,0.11591060498428207,weak,Behavior difference within revised segment; use only for action personalization review.,"Descriptive EDA, not causality; subgroup size controls recommendation strength."
promo0,other_needs_review_residual,unknown_or_unreported,drama_ratio,genre_preference,1912,0.18912696519254743,0.0,0.0,0.3004812817935362,0.1898775468731715,-0.0007505816806240573,0.9048117154811716,0.09518828451882844,0.11591060498428207,weak,Behavior difference within revised segment; use only for action personalization review.,"Descriptive EDA, not causality; subgroup size controls recommendation strength."
promo0,other_needs_review_residual,unknown_or_unreported,thriller_crime_ratio,genre_preference,1912,0.08443176082866405,0.0,0.0,0.02779535864978895,0.08571484531725466,-0.0012830844885906162,0.9048117154811716,0.09518828451882844,0.11591060498428207,weak,Behavior difference within revised segment; use only for action personalization review.,"Descriptive EDA, not causality; subgroup size controls recommendation strength."
promo0,other_needs_review_residual,unknown_or_unreported,sf_fantasy_ratio,genre_preference,1912,0.11147466231533153,0.0,0.0,0.01248649791011125,0.11023389981771188,0.0012407624976196463,0.9048117154811716,0.09518828451882844,0.11591060498428207,weak,Behavior difference within revised segment; use only for action personalization review.,"Descriptive EDA, not causality; subgroup size controls recommendation strength."
promo0,other_needs_review_residual,unknown_or_unreported,comedy_ratio,genre_preference,1912,0.09685904133770668,0.0,0.0,0.04369122257053285,0.09382801042161891,0.003031030916087765,0.9048117154811716,0.09518828451882844,0.11591060498428207,weak,Behavior difference within revised segment; use only for action personalization review.,"Descriptive EDA, not causality; subgroup size controls recommendation strength."
promo0,other_needs_review_residual,unknown_or_unreported,romance_ratio,genre_preference,1912,0.10158651872333498,0.0,0.0,0.05601564870605573,0.10185846035265914,-0.00027194162932416,0.9048117154811716,0.09518828451882844,0.11591060498428207,weak,Behavior difference within revised segment; use only for action personalization review.,"Descriptive EDA, not causality; subgroup size controls recommendation strength."
promo0,other_needs_review_residual,unknown_or_unreported,horror_ratio,genre_preference,1912,0.016071181016063647,0.0,0.0,0.0,0.0177007528212844,-0.001629571805220751,0.9048117154811716,0.09518828451882844,0.11591060498428207,weak,Behavior difference within revised segment; use only for action personalization review.,"Descriptive EDA, not causality; subgroup size controls recommendation strength."
promo0,other_needs_review_residual,unknown_or_unreported,documentary_ratio,genre_preference,1912,0.021679254410079368,0.0,0.0,0.0,0.018830312862945422,0.0028489415471339465,0.9048117154811716,0.09518828451882844,0.11591060498428207,weak,Behavior difference within revised segment; use only for action personalization review.,"Descriptive EDA, not causality; subgroup size controls recommendation strength."
promo0,other_needs_review_residual,unknown_or_unreported,historical_war_ratio,genre_preference,1912,0.05266764596428221,0.0,0.0,0.0,0.060922255975006924,-0.008254610010724715,0.9048117154811716,0.09518828451882844,0.11591060498428207,weak,Behavior difference within revised segment; use only for action personalization review.,"Descriptive EDA, not causality; subgroup size controls recommendation strength."
promo0,other_needs_review_residual,unknown_or_unreported,other_ratio,genre_preference,1912,0.030157836147436792,0.0,0.0,0.0,0.029015379926765,0.0011424562206717934,0.9048117154811716,0.09518828451882844,0.11591060498428207,weak,Behavior difference within revised segment; use only for action personalization review.,"Descriptive EDA, not causality; subgroup size controls recommendation strength."
promo0,stable_usage_lower_risk,female,watch_time_min_w1,weekly_usage,895,167.47932960893854,117.0,13.0,250.0,167.40996948118007,0.06936012775847189,0.9441340782122905,0.05586592178770955,0.07187515387809303,weak,Behavior difference within revised segment; use only for action personalization review.,"Descriptive EDA, not causality; subgroup size controls recommendation strength."
promo0,stable_usage_lower_risk,female,watch_time_min_w2,weekly_usage,895,229.63798882681564,188.0,103.0,304.0,226.53153611393694,3.1064527128787063,0.9441340782122905,0.05586592178770955,0.07187515387809303,moderate,Behavior difference within revised segment; use only for action personalization review.,"Descriptive EDA, not causality; subgroup size controls recommendation strength."
promo0,stable_usage_lower_risk,female,watch_time_min_w3,weekly_usage,895,268.327374301676,202.0,119.0,327.5,268.324008138352,0.0033661633240171795,0.9441340782122905,0.05586592178770955,0.07187515387809303,weak,Behavior difference within revised segment; use only for action personalization review.,"Descriptive EDA, not causality; subgroup size controls recommendation strength."
promo0,stable_usage_lower_risk,female,watch_session_w1,weekly_sessions,895,3.535195530726257,3.0,1.0,5.0,3.4710071210579856,0.06418840966827144,0.9441340782122905,0.05586592178770955,0.07187515387809303,weak,Behavior difference within revised segment; use only for action personalization review.,"Descriptive EDA, not causality; subgroup size controls recommendation strength."
promo0,stable_usage_lower_risk,female,watch_session_w2,weekly_sessions,895,4.620111731843576,4.0,2.0,6.0,4.612410986775178,0.007700745068397907,0.9441340782122905,0.05586592178770955,0.07187515387809303,weak,Behavior difference within revised segment; use only for action personalization review.,"Descriptive EDA, not causality; subgroup size controls recommendation strength."
promo0,stable_usage_lower_risk,female,watch_session_w3,weekly_sessions,895,5.311731843575419,4.0,3.0,6.0,5.2029501525940995,0.10878169098131973,0.9441340782122905,0.05586592178770955,0.07187515387809303,moderate,Behavior difference within revised segment; use only for action personalization review.,"Descriptive EDA, not causality; subgroup size controls recommendation strength."
promo0,stable_usage_lower_risk,female,total_watch_time_min,usage_volume,895,665.4446927374302,564.0,412.5,838.0,662.265513733469,3.179179003961167,0.9441340782122905,0.05586592178770955,0.07187515387809303,moderate,Behavior difference within revised segment; use only for action personalization review.,"Descriptive EDA, not causality; subgroup size controls recommendation strength."
promo0,stable_usage_lower_risk,female,total_watch_count,usage_volume,895,13.46703910614525,11.0,9.0,16.0,13.286368260427263,0.1806708457179873,0.9441340782122905,0.05586592178770955,0.07187515387809303,moderate,Behavior difference within revised segment; use only for action personalization review.,"Descriptive EDA, not causality; subgroup size controls recommendation strength."
promo0,stable_usage_lower_risk,female,watch_days,usage_frequency,895,7.029050279329609,7.0,5.0,8.0,7.006612410986775,0.022437868342834122,0.9441340782122905,0.05586592178770955,0.07187515387809303,weak,Behavior difference within revised segment; use only for action personalization review.,"Descriptive EDA, not causality; subgroup size controls recommendation strength."
promo0,stable_usage_lower_risk,female,log_retention_w2_ratio,retention_ratio,895,1.1412011350008249,0.3869215303959953,-0.3784138503934399,1.9305921163322095,1.1100857786602385,0.031115356340586375,0.9441340782122905,0.05586592178770955,0.07187515387809303,weak,Behavior difference within revised segment; use only for action personalization review.,"Descriptive EDA, not causality; subgroup size controls recommendation strength."
promo0,stable_usage_lower_risk,female,log_retention_w3_ratio,retention_ratio,895,0.2220025479789053,0.0234385729720175,-0.6020958495950974,0.7897125870891681,0.24791353422758441,-0.025910986248679102,0.9441340782122905,0.05586592178770955,0.07187515387809303,weak,Behavior difference within revised segment; use only for action personalization review.,"Descriptive EDA, not causality; subgroup size controls recommendation strength."
promo0,stable_usage_lower_risk,female,active_ratio,usage_concentration,895,0.3347166799680766,0.3333333333333333,0.238095238095238,0.3809523809523809,0.33364821004698925,0.0010684699210873339,0.9441340782122905,0.05586592178770955,0.07187515387809303,weak,Behavior difference within revised segment; use only for action personalization review.,"Descriptive EDA, not causality; subgroup size controls recommendation strength."
promo0,stable_usage_lower_risk,female,recency,recency_inactivity,895,1.6692737430167597,1.0,0.0,3.0,1.600203458799593,0.06907028421716666,0.9441340782122905,0.05586592178770955,0.07187515387809303,weak,Behavior difference within revised segment; use only for action personalization review.,"Descriptive EDA, not causality; subgroup size controls recommendation strength."
promo0,stable_usage_lower_risk,female,max_inactive_gap_days,recency_inactivity,895,5.871508379888268,6.0,4.0,7.0,5.915564598168871,-0.0440562182806028,0.9441340782122905,0.05586592178770955,0.07187515387809303,weak,Behavior difference within revised segment; use only for action personalization review.,"Descriptive EDA, not causality; subgroup size controls recommendation strength."
promo0,stable_usage_lower_risk,female,is_only_w1,early_usage_pattern,895,0.0,0.0,0.0,0.0,0.0,0.0,0.9441340782122905,0.05586592178770955,0.07187515387809303,weak,Behavior difference within revised segment; use only for action personalization review.,"Descriptive EDA, not causality; subgroup size controls recommendation strength."
promo0,stable_usage_lower_risk,female,is_only_w2,early_usage_pattern,895,0.0,0.0,0.0,0.0,0.0,0.0,0.9441340782122905,0.05586592178770955,0.07187515387809303,weak,Behavior difference within revised segment; use only for action personalization review.,"Descriptive EDA, not causality; subgroup size controls recommendation strength."
promo0,stable_usage_lower_risk,female,is_only_w3,early_usage_pattern,895,0.008938547486033519,0.0,0.0,0.0,0.011190233977619531,-0.0022516864915860125,0.9441340782122905,0.05586592178770955,0.07187515387809303,weak,Behavior difference within revised segment; use only for action personalization review.,"Descriptive EDA, not causality; subgroup size controls recommendation strength."
promo0,stable_usage_lower_risk,female,genre_diversity_count,genre_preference,895,4.683798882681565,5.0,4.0,6.0,4.618006103763988,0.06579277891757673,0.9441340782122905,0.05586592178770955,0.07187515387809303,weak,Behavior difference within revised segment; use only for action personalization review.,"Descriptive EDA, not causality; subgroup size controls recommendation strength."
promo0,stable_usage_lower_risk,female,action_adventure_ratio,genre_preference,895,0.09034622806111546,0.0027322404371584,0.0,0.1466491227489808,0.09613920467847109,-0.00579297661735563,0.9441340782122905,0.05586592178770955,0.07187515387809303,weak,Behavior difference within revised segment; use only for action personalization review.,"Descriptive EDA, not causality; subgroup size controls recommendation strength."
promo0,stable_usage_lower_risk,female,family_animation_ratio,genre_preference,895,0.10597535385005946,0.0,0.0,0.07603584164449895,0.11346372593966202,-0.007488372089602555,0.9441340782122905,0.05586592178770955,0.07187515387809303,weak,Behavior difference within revised segment; use only for action personalization review.,"Descriptive EDA, not causality; subgroup size controls recommendation strength."
promo0,stable_usage_lower_risk,female,drama_ratio,genre_preference,895,0.18911384954523616,0.143507972665148,0.0,0.29431851264799114,0.18809327838887754,0.0010205711563586184,0.9441340782122905,0.05586592178770955,0.07187515387809303,weak,Behavior difference within revised segment; use only for action personalization review.,"Descriptive EDA, not causality; subgroup size controls recommendation strength."
promo0,stable_usage_lower_risk,female,thriller_crime_ratio,genre_preference,895,0.12974734288144174,0.0338541666666666,0.0,0.2145647321428571,0.12543623665961692,0.0043111062218248175,0.9441340782122905,0.05586592178770955,0.07187515387809303,weak,Behavior difference within revised segment; use only for action personalization review.,"Descriptive EDA, not causality; subgroup size controls recommendation strength."
promo0,stable_usage_lower_risk,female,sf_fantasy_ratio,genre_preference,895,0.12610252232219207,0.0,0.0,0.1865253608916282,0.12211565614997401,0.003986866172218065,0.9441340782122905,0.05586592178770955,0.07187515387809303,weak,Behavior difference within revised segment; use only for action personalization review.,"Descriptive EDA, not causality; subgroup size controls recommendation strength."
promo0,stable_usage_lower_risk,female,comedy_ratio,genre_preference,895,0.08945162775976662,0.0010493179433368,0.0,0.14138311778965135,0.0861920376903841,0.0032595900693825203,0.9441340782122905,0.05586592178770955,0.07187515387809303,weak,Behavior difference within revised segment; use only for action personalization review.,"Descriptive EDA, not causality; subgroup size controls recommendation strength."
promo0,stable_usage_lower_risk,female,romance_ratio,genre_preference,895,0.10139680274191934,0.0,0.0,0.16431935948589915,0.10447899287037148,-0.0030821901284521364,0.9441340782122905,0.05586592178770955,0.07187515387809303,weak,Behavior difference within revised segment; use only for action personalization review.,"Descriptive EDA, not causality; subgroup size controls recommendation strength."
promo0,stable_usage_lower_risk,female,horror_ratio,genre_preference,895,0.02530310861047327,0.0,0.0,0.0,0.027199113353329814,-0.0018960047428565434,0.9441340782122905,0.05586592178770955,0.07187515387809303,weak,Behavior difference within revised segment; use only for action personalization review.,"Descriptive EDA, not causality; subgroup size controls recommendation strength."
promo0,stable_usage_lower_risk,female,documentary_ratio,genre_preference,895,0.021367954168431517,0.0,0.0,0.0,0.019139537279983635,0.0022284168884478817,0.9441340782122905,0.05586592178770955,0.07187515387809303,weak,Behavior difference within revised segment; use only for action personalization review.,"Descriptive EDA, not causality; subgroup size controls recommendation strength."
promo0,stable_usage_lower_risk,female,historical_war_ratio,genre_preference,895,0.09574218795767697,0.0,0.0,0.1486280720384237,0.09352643963771402,0.0022157483199629485,0.9441340782122905,0.05586592178770955,0.07187515387809303,weak,Behavior difference within revised segment; use only for action personalization review.,"Descriptive EDA, not causality; subgroup size controls recommendation strength."
promo0,stable_usage_lower_risk,female,other_ratio,genre_preference,895,0.025453022101687237,0.0,0.0,0.0,0.024215777351615186,0.0012372447500720515,0.9441340782122905,0.05586592178770955,0.07187515387809303,weak,Behavior difference within revised segment; use only for action personalization review.,"Descriptive EDA, not causality; subgroup size controls recommendation strength."
promo0,stable_usage_lower_risk,male,watch_time_min_w1,weekly_usage,475,161.4821052631579,112.0,13.0,235.5,167.40996948118007,-5.927864218022165,0.9136842105263158,0.08631578947368423,0.07145168297460827,moderate,Behavior difference within revised segment; use only for action personalization review.,"Descriptive EDA, not causality; subgroup size controls recommendation strength."
promo0,stable_usage_lower_risk,male,watch_time_min_w2,weekly_usage,475,222.17684210526315,169.0,97.5,293.0,226.53153611393694,-4.354694008673789,0.9136842105263158,0.08631578947368423,0.07145168297460827,moderate,Behavior difference within revised segment; use only for action personalization review.,"Descriptive EDA, not causality; subgroup size controls recommendation strength."
promo0,stable_usage_lower_risk,male,watch_time_min_w3,weekly_usage,475,269.48842105263157,210.0,117.0,322.0,268.324008138352,1.1644129142795805,0.9136842105263158,0.08631578947368423,0.07145168297460827,moderate,Behavior difference within revised segment; use only for action personalization review.,"Descriptive EDA, not causality; subgroup size controls recommendation strength."
promo0,stable_usage_lower_risk,male,watch_session_w1,weekly_sessions,475,3.24,3.0,1.0,4.0,3.4710071210579856,-0.23100712105798538,0.9136842105263158,0.08631578947368423,0.07145168297460827,moderate,Behavior difference within revised segment; use only for action personalization review.,"Descriptive EDA, not causality; subgroup size controls recommendation strength."
promo0,stable_usage_lower_risk,male,watch_session_w2,weekly_sessions,475,4.6421052631578945,4.0,2.0,6.0,4.612410986775178,0.029694276382716822,0.9136842105263158,0.08631578947368423,0.07145168297460827,weak,Behavior difference within revised segment; use only for action personalization review.,"Descriptive EDA, not causality; subgroup size controls recommendation strength."
promo0,stable_usage_lower_risk,male,watch_session_w3,weekly_sessions,475,5.0884210526315785,4.0,3.0,6.0,5.2029501525940995,-0.11452909996252103,0.9136842105263158,0.08631578947368423,0.07145168297460827,moderate,Behavior difference within revised segment; use only for action personalization review.,"Descriptive EDA, not causality; subgroup size controls recommendation strength."
promo0,stable_usage_lower_risk,male,total_watch_time_min,usage_volume,475,653.1473684210526,568.0,385.5,833.5,662.265513733469,-9.118145312416345,0.9136842105263158,0.08631578947368423,0.07145168297460827,moderate,Behavior difference within revised segment; use only for action personalization review.,"Descriptive EDA, not causality; subgroup size controls recommendation strength."
promo0,stable_usage_lower_risk,male,total_watch_count,usage_volume,475,12.970526315789474,11.0,8.0,16.0,13.286368260427263,-0.31584194463778914,0.9136842105263158,0.08631578947368423,0.07145168297460827,moderate,Behavior difference within revised segment; use only for action personalization review.,"Descriptive EDA, not causality; subgroup size controls recommendation strength."
promo0,stable_usage_lower_risk,male,watch_days,usage_frequency,475,6.928421052631579,6.0,5.0,8.0,7.006612410986775,-0.07819135835519564,0.9136842105263158,0.08631578947368423,0.07145168297460827,weak,Behavior difference within revised segment; use only for action personalization review.,"Descriptive EDA, not causality; subgroup size controls recommendation strength."
promo0,stable_usage_lower_risk,male,log_retention_w2_ratio,retention_ratio,475,1.108452416158719,0.3344438383598201,-0.3371810330620429,1.7165689737669454,1.1100857786602385,-0.0016333625015194642,0.9136842105263158,0.08631578947368423,0.07145168297460827,weak,Behavior difference within revised segment; use only for action personalization review.,"Descriptive EDA, not causality; subgroup size controls recommendation strength."
promo0,stable_usage_lower_risk,male,log_retention_w3_ratio,retention_ratio,475,0.2965608865756839,0.1300531282481977,-0.5521036379483758,0.7432334648174315,0.24791353422758441,0.0486473523480995,0.9136842105263158,0.08631578947368423,0.07145168297460827,weak,Behavior difference within revised segment; use only for action personalization review.,"Descriptive EDA, not causality; subgroup size controls recommendation strength."
promo0,stable_usage_lower_risk,male,active_ratio,usage_concentration,475,0.3299248120300751,0.2857142857142857,0.238095238095238,0.3809523809523809,0.33364821004698925,-0.0037233980169141256,0.9136842105263158,0.08631578947368423,0.07145168297460827,weak,Behavior difference within revised segment; use only for action personalization review.,"Descriptive EDA, not causality; subgroup size controls recommendation strength."
promo0,stable_usage_lower_risk,male,recency,recency_inactivity,475,1.5347368421052632,1.0,0.0,3.0,1.600203458799593,-0.06546661669432985,0.9136842105263158,0.08631578947368423,0.07145168297460827,weak,Behavior difference within revised segment; use only for action personalization review.,"Descriptive EDA, not causality; subgroup size controls recommendation strength."
promo0,stable_usage_lower_risk,male,max_inactive_gap_days,recency_inactivity,475,5.930526315789474,6.0,4.0,7.0,5.915564598168871,0.014961717620603388,0.9136842105263158,0.08631578947368423,0.07145168297460827,weak,Behavior difference within revised segment; use only for action personalization review.,"Descriptive EDA, not causality; subgroup size controls recommendation strength."
promo0,stable_usage_lower_risk,male,is_only_w1,early_usage_pattern,475,0.0,0.0,0.0,0.0,0.0,0.0,0.9136842105263158,0.08631578947368423,0.07145168297460827,weak,Behavior difference within revised segment; use only for action personalization review.,"Descriptive EDA, not causality; subgroup size controls recommendation strength."
promo0,stable_usage_lower_risk,male,is_only_w2,early_usage_pattern,475,0.0,0.0,0.0,0.0,0.0,0.0,0.9136842105263158,0.08631578947368423,0.07145168297460827,weak,Behavior difference within revised segment; use only for action personalization review.,"Descriptive EDA, not causality; subgroup size controls recommendation strength."
promo0,stable_usage_lower_risk,male,is_only_w3,early_usage_pattern,475,0.014736842105263158,0.0,0.0,0.0,0.011190233977619531,0.0035466081276436263,0.9136842105263158,0.08631578947368423,0.07145168297460827,weak,Behavior difference within revised segment; use only for action personalization review.,"Descriptive EDA, not causality; subgroup size controls recommendation strength."
promo0,stable_usage_lower_risk,male,genre_diversity_count,genre_preference,475,4.461052631578947,4.0,3.0,6.0,4.618006103763988,-0.15695347218504097,0.9136842105263158,0.08631578947368423,0.07145168297460827,moderate,Behavior difference within revised segment; use only for action personalization review.,"Descriptive EDA, not causality; subgroup size controls recommendation strength."
promo0,stable_usage_lower_risk,male,action_adventure_ratio,genre_preference,475,0.09950480420561608,0.0,0.0,0.15391892077158245,0.09613920467847109,0.0033655995271449912,0.9136842105263158,0.08631578947368423,0.07145168297460827,weak,Behavior difference within revised segment; use only for action personalization review.,"Descriptive EDA, not causality; subgroup size controls recommendation strength."
promo0,stable_usage_lower_risk,male,family_animation_ratio,genre_preference,475,0.12943003841300443,0.0,0.0,0.13837283030831415,0.11346372593966202,0.015966312473342417,0.9136842105263158,0.08631578947368423,0.07145168297460827,weak,Behavior difference within revised segment; use only for action personalization review.,"Descriptive EDA, not causality; subgroup size controls recommendation strength."
promo0,stable_usage_lower_risk,male,drama_ratio,genre_preference,475,0.1761873213732781,0.1330603889457523,0.0,0.28363384188626906,0.18809327838887754,-0.011905957015599433,0.9136842105263158,0.08631578947368423,0.07145168297460827,weak,Behavior difference within revised segment; use only for action personalization review.,"Descriptive EDA, not causality; subgroup size controls recommendation strength."
promo0,stable_usage_lower_risk,male,thriller_crime_ratio,genre_preference,475,0.11337037597299254,0.00625,0.0,0.18889090469279146,0.12543623665961692,-0.01206586068662438,0.9136842105263158,0.08631578947368423,0.07145168297460827,weak,Behavior difference within revised segment; use only for action personalization review.,"Descriptive EDA, not causality; subgroup size controls recommendation strength."
promo0,stable_usage_lower_risk,male,sf_fantasy_ratio,genre_preference,475,0.11469949364564642,0.0,0.0,0.16501789998857447,0.12211565614997401,-0.007416162504327584,0.9136842105263158,0.08631578947368423,0.07145168297460827,weak,Behavior difference within revised segment; use only for action personalization review.,"Descriptive EDA, not causality; subgroup size controls recommendation strength."
promo0,stable_usage_lower_risk,male,comedy_ratio,genre_preference,475,0.09503011020555462,0.0,0.0,0.15933884297520662,0.0861920376903841,0.00883807251517052,0.9136842105263158,0.08631578947368423,0.07145168297460827,weak,Behavior difference within revised segment; use only for action personalization review.,"Descriptive EDA, not causality; subgroup size controls recommendation strength."
promo0,stable_usage_lower_risk,male,romance_ratio,genre_preference,475,0.12210439912921663,0.0015898251192368,0.0,0.18214199050161195,0.10447899287037148,0.01762540625884515,0.9136842105263158,0.08631578947368423,0.07145168297460827,weak,Behavior difference within revised segment; use only for action personalization review.,"Descriptive EDA, not causality; subgroup size controls recommendation strength."
promo0,stable_usage_lower_risk,male,horror_ratio,genre_preference,475,0.023826820914559958,0.0,0.0,0.0,0.027199113353329814,-0.003372292438769856,0.9136842105263158,0.08631578947368423,0.07145168297460827,weak,Behavior difference within revised segment; use only for action personalization review.,"Descriptive EDA, not causality; subgroup size controls recommendation strength."
promo0,stable_usage_lower_risk,male,documentary_ratio,genre_preference,475,0.021073472174054118,0.0,0.0,0.0,0.019139537279983635,0.0019339348940704826,0.9136842105263158,0.08631578947368423,0.07145168297460827,weak,Behavior difference within revised segment; use only for action personalization review.,"Descriptive EDA, not causality; subgroup size controls recommendation strength."
promo0,stable_usage_lower_risk,male,historical_war_ratio,genre_preference,475,0.08069332566811985,0.0,0.0,0.09731624160011079,0.09352643963771402,-0.012833113969594176,0.9136842105263158,0.08631578947368423,0.07145168297460827,weak,Behavior difference within revised segment; use only for action personalization review.,"Descriptive EDA, not causality; subgroup size controls recommendation strength."
promo0,stable_usage_lower_risk,male,other_ratio,genre_preference,475,0.024079838297957096,0.0,0.0,0.0,0.024215777351615186,-0.00013593905365808998,0.9136842105263158,0.08631578947368423,0.07145168297460827,weak,Behavior difference within revised segment; use only for action personalization review.,"Descriptive EDA, not causality; subgroup size controls recommendation strength."
promo0,stable_usage_lower_risk,unknown_or_unreported,watch_time_min_w1,weekly_usage,596,172.03020134228188,117.0,16.0,242.0,167.40996948118007,4.620231861101814,0.9278523489932886,0.07214765100671139,0.07014242607407639,moderate,Behavior difference within revised segment; use only for action personalization review.,"Descriptive EDA, not causality; subgroup size controls recommendation strength."
promo0,stable_usage_lower_risk,unknown_or_unreported,watch_time_min_w2,weekly_usage,596,225.33724832214764,187.5,107.0,290.25,226.53153611393694,-1.194287791789293,0.9278523489932886,0.07214765100671139,0.07014242607407639,moderate,Behavior difference within revised segment; use only for action personalization review.,"Descriptive EDA, not causality; subgroup size controls recommendation strength."
promo0,stable_usage_lower_risk,unknown_or_unreported,watch_time_min_w3,weekly_usage,596,267.3909395973154,212.0,116.75,344.0,268.324008138352,-0.9330685410365618,0.9278523489932886,0.07214765100671139,0.07014242607407639,moderate,Behavior difference within revised segment; use only for action personalization review.,"Descriptive EDA, not causality; subgroup size controls recommendation strength."
promo0,stable_usage_lower_risk,unknown_or_unreported,watch_session_w1,weekly_sessions,596,3.5587248322147653,3.0,1.0,5.0,3.4710071210579856,0.08771771115677973,0.9278523489932886,0.07214765100671139,0.07014242607407639,weak,Behavior difference within revised segment; use only for action personalization review.,"Descriptive EDA, not causality; subgroup size controls recommendation strength."
promo0,stable_usage_lower_risk,unknown_or_unreported,watch_session_w2,weekly_sessions,596,4.577181208053691,4.0,2.0,6.0,4.612410986775178,-0.03522977872148658,0.9278523489932886,0.07214765100671139,0.07014242607407639,weak,Behavior difference within revised segment; use only for action personalization review.,"Descriptive EDA, not causality; subgroup size controls recommendation strength."
promo0,stable_usage_lower_risk,unknown_or_unreported,watch_session_w3,weekly_sessions,596,5.130872483221476,4.0,3.0,6.0,5.2029501525940995,-0.07207766937262328,0.9278523489932886,0.07214765100671139,0.07014242607407639,weak,Behavior difference within revised segment; use only for action personalization review.,"Descriptive EDA, not causality; subgroup size controls recommendation strength."
promo0,stable_usage_lower_risk,unknown_or_unreported,total_watch_time_min,usage_volume,596,664.7583892617449,587.0,392.75,818.25,662.265513733469,2.492875528275931,0.9278523489932886,0.07214765100671139,0.07014242607407639,moderate,Behavior difference within revised segment; use only for action personalization review.,"Descriptive EDA, not causality; subgroup size controls recommendation strength."
promo0,stable_usage_lower_risk,unknown_or_unreported,total_watch_count,usage_volume,596,13.266778523489933,11.0,9.0,15.0,13.286368260427263,-0.01958973693733057,0.9278523489932886,0.07214765100671139,0.07014242607407639,weak,Behavior difference within revised segment; use only for action personalization review.,"Descriptive EDA, not causality; subgroup size controls recommendation strength."
promo0,stable_usage_lower_risk,unknown_or_unreported,watch_days,usage_frequency,596,7.035234899328859,6.0,5.0,8.0,7.006612410986775,0.028622488342084473,0.9278523489932886,0.07214765100671139,0.07014242607407639,weak,Behavior difference within revised segment; use only for action personalization review.,"Descriptive EDA, not causality; subgroup size controls recommendation strength."
promo0,stable_usage_lower_risk,unknown_or_unreported,log_retention_w2_ratio,retention_ratio,596,1.0646622942028505,0.37135779999334706,-0.3445797658161437,1.6691571471357227,1.1100857786602385,-0.045423484457387975,0.9278523489932886,0.07214765100671139,0.07014242607407639,weak,Behavior difference within revised segment; use only for action personalization review.,"Descriptive EDA, not causality; subgroup size controls recommendation strength."
promo0,stable_usage_lower_risk,unknown_or_unreported,log_retention_w3_ratio,retention_ratio,596,0.24805252806520264,0.0972753626601833,-0.6087415637972969,0.7954333997128129,0.24791353422758441,0.0001389938376182287,0.9278523489932886,0.07214765100671139,0.07014242607407639,weak,Behavior difference within revised segment; use only for action personalization review.,"Descriptive EDA, not causality; subgroup size controls recommendation strength."
promo0,stable_usage_lower_risk,unknown_or_unreported,active_ratio,usage_concentration,596,0.3350111856823266,0.2857142857142857,0.238095238095238,0.3809523809523809,0.33364821004698925,0.0013629756353373268,0.9278523489932886,0.07214765100671139,0.07014242607407639,weak,Behavior difference within revised segment; use only for action personalization review.,"Descriptive EDA, not causality; subgroup size controls recommendation strength."
promo0,stable_usage_lower_risk,unknown_or_unreported,recency,recency_inactivity,596,1.5486577181208054,1.0,0.0,3.0,1.600203458799593,-0.05154574067878759,0.9278523489932886,0.07214765100671139,0.07014242607407639,weak,Behavior difference within revised segment; use only for action personalization review.,"Descriptive EDA, not causality; subgroup size controls recommendation strength."
promo0,stable_usage_lower_risk,unknown_or_unreported,max_inactive_gap_days,recency_inactivity,596,5.969798657718121,6.0,4.0,7.0,5.915564598168871,0.05423405954925009,0.9278523489932886,0.07214765100671139,0.07014242607407639,weak,Behavior difference within revised segment; use only for action personalization review.,"Descriptive EDA, not causality; subgroup size controls recommendation strength."
promo0,stable_usage_lower_risk,unknown_or_unreported,is_only_w1,early_usage_pattern,596,0.0,0.0,0.0,0.0,0.0,0.0,0.9278523489932886,0.07214765100671139,0.07014242607407639,weak,Behavior difference within revised segment; use only for action personalization review.,"Descriptive EDA, not causality; subgroup size controls recommendation strength."
promo0,stable_usage_lower_risk,unknown_or_unreported,is_only_w2,early_usage_pattern,596,0.0,0.0,0.0,0.0,0.0,0.0,0.9278523489932886,0.07214765100671139,0.07014242607407639,weak,Behavior difference within revised segment; use only for action personalization review.,"Descriptive EDA, not causality; subgroup size controls recommendation strength."
promo0,stable_usage_lower_risk,unknown_or_unreported,is_only_w3,early_usage_pattern,596,0.01174496644295302,0.0,0.0,0.0,0.011190233977619531,0.0005547324653334892,0.9278523489932886,0.07214765100671139,0.07014242607407639,weak,Behavior difference within revised segment; use only for action personalization review.,"Descriptive EDA, not causality; subgroup size controls recommendation strength."
promo0,stable_usage_lower_risk,unknown_or_unreported,genre_diversity_count,genre_preference,596,4.644295302013423,4.0,4.0,6.0,4.618006103763988,0.026289198249434875,0.9278523489932886,0.07214765100671139,0.07014242607407639,weak,Behavior difference within revised segment; use only for action personalization review.,"Descriptive EDA, not causality; subgroup size controls recommendation strength."
promo0,stable_usage_lower_risk,unknown_or_unreported,action_adventure_ratio,genre_preference,596,0.10215607430454392,0.0060988830587958,0.0,0.16646666666666665,0.09613920467847109,0.006016869626072827,0.9278523489932886,0.07214765100671139,0.07014242607407639,weak,Behavior difference within revised segment; use only for action personalization review.,"Descriptive EDA, not causality; subgroup size controls recommendation strength."
promo0,stable_usage_lower_risk,unknown_or_unreported,family_animation_ratio,genre_preference,596,0.11198401888489126,0.0,0.0,0.11099834611336638,0.11346372593966202,-0.0014797070547707541,0.9278523489932886,0.07214765100671139,0.07014242607407639,weak,Behavior difference within revised segment; use only for action personalization review.,"Descriptive EDA, not causality; subgroup size controls recommendation strength."
promo0,stable_usage_lower_risk,unknown_or_unreported,drama_ratio,genre_preference,596,0.19604951731080508,0.14027398908857508,0.0,0.32972350230414743,0.18809327838887754,0.007956238921927539,0.9278523489932886,0.07214765100671139,0.07014242607407639,weak,Behavior difference within revised segment; use only for action personalization review.,"Descriptive EDA, not causality; subgroup size controls recommendation strength."
promo0,stable_usage_lower_risk,unknown_or_unreported,thriller_crime_ratio,genre_preference,596,0.128578591957626,0.05219780219780215,0.0,0.21418587833499098,0.12543623665961692,0.003142355298009075,0.9278523489932886,0.07214765100671139,0.07014242607407639,weak,Behavior difference within revised segment; use only for action personalization review.,"Descriptive EDA, not causality; subgroup size controls recommendation strength."
promo0,stable_usage_lower_risk,unknown_or_unreported,sf_fantasy_ratio,genre_preference,596,0.12203919971611565,0.0,0.0,0.16956307738906556,0.12211565614997401,-7.645643385835454e-05,0.9278523489932886,0.07214765100671139,0.07014242607407639,weak,Behavior difference within revised segment; use only for action personalization review.,"Descriptive EDA, not causality; subgroup size controls recommendation strength."
promo0,stable_usage_lower_risk,unknown_or_unreported,comedy_ratio,genre_preference,596,0.07425341762863352,0.0,0.0,0.12755233177418604,0.0861920376903841,-0.011938620061750574,0.9278523489932886,0.07214765100671139,0.07014242607407639,weak,Behavior difference within revised segment; use only for action personalization review.,"Descriptive EDA, not causality; subgroup size controls recommendation strength."
promo0,stable_usage_lower_risk,unknown_or_unreported,romance_ratio,genre_preference,596,0.09506035560864873,0.0,0.0,0.15297637211735468,0.10447899287037148,-0.009418637261722748,0.9278523489932886,0.07214765100671139,0.07014242607407639,weak,Behavior difference within revised segment; use only for action personalization review.,"Descriptive EDA, not causality; subgroup size controls recommendation strength."
promo0,stable_usage_lower_risk,unknown_or_unreported,horror_ratio,genre_preference,596,0.03273395085882023,0.0,0.0,0.0,0.027199113353329814,0.005534837505490414,0.9278523489932886,0.07214765100671139,0.07014242607407639,weak,Behavior difference within revised segment; use only for action personalization review.,"Descriptive EDA, not causality; subgroup size controls recommendation strength."
promo0,stable_usage_lower_risk,unknown_or_unreported,documentary_ratio,genre_preference,596,0.014251865820513274,0.0,0.0,0.0,0.019139537279983635,-0.004887671459470361,0.9278523489932886,0.07214765100671139,0.07014242607407639,weak,Behavior difference within revised segment; use only for action personalization review.,"Descriptive EDA, not causality; subgroup size controls recommendation strength."
promo0,stable_usage_lower_risk,unknown_or_unreported,historical_war_ratio,genre_preference,596,0.10042683290816773,0.0,0.0,0.16330155508029137,0.09352643963771402,0.006900393270453706,0.9278523489932886,0.07214765100671139,0.07014242607407639,weak,Behavior difference within revised segment; use only for action personalization review.,"Descriptive EDA, not causality; subgroup size controls recommendation strength."
promo0,stable_usage_lower_risk,unknown_or_unreported,other_ratio,genre_preference,596,0.0224661750012345,0.0,0.0,0.0,0.024215777351615186,-0.0017496023503806857,0.9278523489932886,0.07214765100671139,0.07014242607407639,weak,Behavior difference within revised segment; use only for action personalization review.,"Descriptive EDA, not causality; subgroup size controls recommendation strength."
promo1,high_risk_activation_or_low_engagement,female,watch_time_min_w1,weekly_usage,223,0.5067264573991032,0.0,0.0,0.0,0.4945945945945946,0.012131862804508564,0.242152466367713,0.757847533632287,0.7317993692018888,weak,Behavior difference within revised segment; use only for action personalization review.,"Descriptive EDA, not causality; subgroup size controls recommendation strength."
promo1,high_risk_activation_or_low_engagement,female,watch_time_min_w2,weekly_usage,223,9.035874439461884,0.0,0.0,0.0,8.962162162162162,0.07371227729972141,0.242152466367713,0.757847533632287,0.7317993692018888,weak,Behavior difference within revised segment; use only for action personalization review.,"Descriptive EDA, not causality; subgroup size controls recommendation strength."
promo1,high_risk_activation_or_low_engagement,female,watch_time_min_w3,weekly_usage,223,25.573991031390136,3.0,1.0,34.5,23.491891891891893,2.0820991394982435,0.242152466367713,0.757847533632287,0.7317993692018888,moderate,Behavior difference within revised segment; use only for action personalization review.,"Descriptive EDA, not causality; subgroup size controls recommendation strength."
promo1,high_risk_activation_or_low_engagement,female,watch_session_w1,weekly_sessions,223,0.2645739910313901,0.0,0.0,0.0,0.21621621621621623,0.04835777481517389,0.242152466367713,0.757847533632287,0.7317993692018888,weak,Behavior difference within revised segment; use only for action personalization review.,"Descriptive EDA, not causality; subgroup size controls recommendation strength."
promo1,high_risk_activation_or_low_engagement,female,watch_session_w2,weekly_sessions,223,0.3811659192825112,0.0,0.0,0.0,0.4135135135135135,-0.03234759423100231,0.242152466367713,0.757847533632287,0.7317993692018888,weak,Behavior difference within revised segment; use only for action personalization review.,"Descriptive EDA, not causality; subgroup size controls recommendation strength."
promo1,high_risk_activation_or_low_engagement,female,watch_session_w3,weekly_sessions,223,1.6233183856502242,1.0,1.0,2.0,1.572972972972973,0.050345412677251344,0.242152466367713,0.757847533632287,0.7317993692018888,weak,Behavior difference within revised segment; use only for action personalization review.,"Descriptive EDA, not causality; subgroup size controls recommendation strength."
promo1,high_risk_activation_or_low_engagement,female,total_watch_time_min,usage_volume,223,35.11659192825112,5.0,1.0,35.5,32.94864864864865,2.1679432796024685,0.242152466367713,0.757847533632287,0.7317993692018888,moderate,Behavior difference within revised segment; use only for action personalization review.,"Descriptive EDA, not causality; subgroup size controls recommendation strength."
promo1,high_risk_activation_or_low_engagement,female,total_watch_count,usage_volume,223,2.2690582959641254,1.0,1.0,3.0,2.2027027027027026,0.06635559326142282,0.242152466367713,0.757847533632287,0.7317993692018888,weak,Behavior difference within revised segment; use only for action personalization review.,"Descriptive EDA, not causality; subgroup size controls recommendation strength."
promo1,high_risk_activation_or_low_engagement,female,watch_days,usage_frequency,223,1.6726457399103138,1.0,1.0,2.0,1.6216216216216217,0.05102411828869213,0.242152466367713,0.757847533632287,0.7317993692018888,weak,Behavior difference within revised segment; use only for action personalization review.,"Descriptive EDA, not causality; subgroup size controls recommendation strength."
promo1,high_risk_activation_or_low_engagement,female,log_retention_w2_ratio,retention_ratio,223,0.38539317230311965,0.0,0.0,0.0,0.41720575750016403,-0.031812585197044385,0.242152466367713,0.757847533632287,0.7317993692018888,weak,Behavior difference within revised segment; use only for action personalization review.,"Descriptive EDA, not causality; subgroup size controls recommendation strength."
promo1,high_risk_activation_or_low_engagement,female,log_retention_w3_ratio,retention_ratio,223,1.5665129024312048,1.0986122886681098,0.6931471805599453,2.4849066497880004,1.4990590187904238,0.06745388364078098,0.242152466367713,0.757847533632287,0.7317993692018888,weak,Behavior difference within revised segment; use only for action personalization review.,"Descriptive EDA, not causality; subgroup size controls recommendation strength."
promo1,high_risk_activation_or_low_engagement,female,active_ratio,usage_concentration,223,0.07964979713858633,0.0476190476190476,0.0476190476190476,0.0952380952380952,0.07722007722007719,0.0024297199185091406,0.242152466367713,0.757847533632287,0.7317993692018888,weak,Behavior difference within revised segment; use only for action personalization review.,"Descriptive EDA, not causality; subgroup size controls recommendation strength."
promo1,high_risk_activation_or_low_engagement,female,recency,recency_inactivity,223,2.8340807174887894,3.0,1.0,5.0,2.791891891891892,0.042188825596897406,0.242152466367713,0.757847533632287,0.7317993692018888,weak,Behavior difference within revised segment; use only for action personalization review.,"Descriptive EDA, not causality; subgroup size controls recommendation strength."
promo1,high_risk_activation_or_low_engagement,female,max_inactive_gap_days,recency_inactivity,223,2.233183856502242,0.0,0.0,4.0,2.2,0.03318385650224176,0.242152466367713,0.757847533632287,0.7317993692018888,weak,Behavior difference within revised segment; use only for action personalization review.,"Descriptive EDA, not causality; subgroup size controls recommendation strength."
promo1,high_risk_activation_or_low_engagement,female,is_only_w1,early_usage_pattern,223,0.0,0.0,0.0,0.0,0.0,0.0,0.242152466367713,0.757847533632287,0.7317993692018888,weak,Behavior difference within revised segment; use only for action personalization review.,"Descriptive EDA, not causality; subgroup size controls recommendation strength."
promo1,high_risk_activation_or_low_engagement,female,is_only_w2,early_usage_pattern,223,0.0,0.0,0.0,0.0,0.0,0.0,0.242152466367713,0.757847533632287,0.7317993692018888,weak,Behavior difference within revised segment; use only for action personalization review.,"Descriptive EDA, not causality; subgroup size controls recommendation strength."
promo1,high_risk_activation_or_low_engagement,female,is_only_w3,early_usage_pattern,223,0.7309417040358744,1.0,0.0,1.0,0.7324324324324324,-0.0014907283965579499,0.242152466367713,0.757847533632287,0.7317993692018888,weak,Behavior difference within revised segment; use only for action personalization review.,"Descriptive EDA, not causality; subgroup size controls recommendation strength."
promo1,high_risk_activation_or_low_engagement,female,genre_diversity_count,genre_preference,223,1.547085201793722,1.0,1.0,2.0,1.5108108108108107,0.0362743909829113,0.242152466367713,0.757847533632287,0.7317993692018888,weak,Behavior difference within revised segment; use only for action personalization review.,"Descriptive EDA, not causality; subgroup size controls recommendation strength."
promo1,high_risk_activation_or_low_engagement,female,action_adventure_ratio,genre_preference,223,0.23539933075956096,0.0,0.0,0.4811320754716981,0.20523609734191584,0.030163233417645124,0.242152466367713,0.757847533632287,0.7317993692018888,weak,Behavior difference within revised segment; use only for action personalization review.,"Descriptive EDA, not causality; subgroup size controls recommendation strength."
promo1,high_risk_activation_or_low_engagement,female,family_animation_ratio,genre_preference,223,0.013247113364095231,0.0,0.0,0.0,0.014547777591255851,-0.0013006642271606202,0.242152466367713,0.757847533632287,0.7317993692018888,weak,Behavior difference within revised segment; use only for action personalization review.,"Descriptive EDA, not causality; subgroup size controls recommendation strength."
promo1,high_risk_activation_or_low_engagement,female,drama_ratio,genre_preference,223,0.06667547491060054,0.0,0.0,0.0,0.05971424846136471,0.00696122644923583,0.242152466367713,0.757847533632287,0.7317993692018888,weak,Behavior difference within revised segment; use only for action personalization review.,"Descriptive EDA, not causality; subgroup size controls recommendation strength."
promo1,high_risk_activation_or_low_engagement,female,thriller_crime_ratio,genre_preference,223,0.2305430729952367,0.0,0.0,0.4108333333333333,0.2330385339556446,-0.0024954609604079248,0.242152466367713,0.757847533632287,0.7317993692018888,weak,Behavior difference within revised segment; use only for action personalization review.,"Descriptive EDA, not causality; subgroup size controls recommendation strength."
promo1,high_risk_activation_or_low_engagement,female,sf_fantasy_ratio,genre_preference,223,0.12077178126795557,0.0,0.0,0.0,0.14558905204982306,-0.02481727078186749,0.242152466367713,0.757847533632287,0.7317993692018888,weak,Behavior difference within revised segment; use only for action personalization review.,"Descriptive EDA, not causality; subgroup size controls recommendation strength."
promo1,high_risk_activation_or_low_engagement,female,comedy_ratio,genre_preference,223,0.09440422124401136,0.0,0.0,0.0,0.11979966273577124,-0.025395441491759874,0.242152466367713,0.757847533632287,0.7317993692018888,weak,Behavior difference within revised segment; use only for action personalization review.,"Descriptive EDA, not causality; subgroup size controls recommendation strength."
promo1,high_risk_activation_or_low_engagement,female,romance_ratio,genre_preference,223,0.024450138799914586,0.0,0.0,0.0,0.02572860879312492,-0.0012784699932103342,0.242152466367713,0.757847533632287,0.7317993692018888,weak,Behavior difference within revised segment; use only for action personalization review.,"Descriptive EDA, not causality; subgroup size controls recommendation strength."
promo1,high_risk_activation_or_low_engagement,female,horror_ratio,genre_preference,223,0.05392426911875366,0.0,0.0,0.0,0.04457396447093709,0.009350304647816568,0.242152466367713,0.757847533632287,0.7317993692018888,weak,Behavior difference within revised segment; use only for action personalization review.,"Descriptive EDA, not causality; subgroup size controls recommendation strength."
promo1,high_risk_activation_or_low_engagement,female,documentary_ratio,genre_preference,223,0.05482019827156676,0.0,0.0,0.0,0.04832035380274558,0.006499844468821181,0.242152466367713,0.757847533632287,0.7317993692018888,weak,Behavior difference within revised segment; use only for action personalization review.,"Descriptive EDA, not causality; subgroup size controls recommendation strength."
promo1,high_risk_activation_or_low_engagement,female,historical_war_ratio,genre_preference,223,0.041191024012157865,0.0,0.0,0.0,0.04171805276633074,-0.0005270287541728758,0.242152466367713,0.757847533632287,0.7317993692018888,weak,Behavior difference within revised segment; use only for action personalization review.,"Descriptive EDA, not causality; subgroup size controls recommendation strength."
promo1,high_risk_activation_or_low_engagement,female,other_ratio,genre_preference,223,0.06457337525614684,0.0,0.0,0.0,0.06173364803108636,0.0028397272250604844,0.242152466367713,0.757847533632287,0.7317993692018888,weak,Behavior difference within revised segment; use only for action personalization review.,"Descriptive EDA, not causality; subgroup size controls recommendation strength."
promo1,high_risk_activation_or_low_engagement,male,watch_time_min_w1,weekly_usage,147,0.47619047619047616,0.0,0.0,0.0,0.4945945945945946,-0.01840411840411843,0.17687074829931973,0.8231292517006803,0.7315045126495331,moderate,Behavior difference within revised segment; use only for action personalization review.,"Descriptive EDA, not causality; subgroup size controls recommendation strength."
promo1,high_risk_activation_or_low_engagement,male,watch_time_min_w2,weekly_usage,147,8.850340136054422,0.0,0.0,0.0,8.962162162162162,-0.11182202610774006,0.17687074829931973,0.8231292517006803,0.7315045126495331,moderate,Behavior difference within revised segment; use only for action personalization review.,"Descriptive EDA, not causality; subgroup size controls recommendation strength."
promo1,high_risk_activation_or_low_engagement,male,watch_time_min_w3,weekly_usage,147,20.333333333333332,3.0,1.0,30.0,23.491891891891893,-3.1585585585585605,0.17687074829931973,0.8231292517006803,0.7315045126495331,strong,Behavior difference within revised segment; use only for action personalization review.,"Descriptive EDA, not causality; subgroup size controls recommendation strength."
promo1,high_risk_activation_or_low_engagement,male,watch_session_w1,weekly_sessions,147,0.14285714285714285,0.0,0.0,0.0,0.21621621621621623,-0.07335907335907338,0.17687074829931973,0.8231292517006803,0.7315045126495331,moderate,Behavior difference within revised segment; use only for action personalization review.,"Descriptive EDA, not causality; subgroup size controls recommendation strength."
promo1,high_risk_activation_or_low_engagement,male,watch_session_w2,weekly_sessions,147,0.46258503401360546,0.0,0.0,0.0,0.4135135135135135,0.04907152050009195,0.17687074829931973,0.8231292517006803,0.7315045126495331,moderate,Behavior difference within revised segment; use only for action personalization review.,"Descriptive EDA, not causality; subgroup size controls recommendation strength."
promo1,high_risk_activation_or_low_engagement,male,watch_session_w3,weekly_sessions,147,1.4965986394557824,1.0,1.0,2.0,1.572972972972973,-0.07637433351719047,0.17687074829931973,0.8231292517006803,0.7315045126495331,moderate,Behavior difference within revised segment; use only for action personalization review.,"Descriptive EDA, not causality; subgroup size controls recommendation strength."
promo1,high_risk_activation_or_low_engagement,male,total_watch_time_min,usage_volume,147,29.65986394557823,4.0,1.0,33.5,32.94864864864865,-3.2887847030704194,0.17687074829931973,0.8231292517006803,0.7315045126495331,strong,Behavior difference within revised segment; use only for action personalization review.,"Descriptive EDA, not causality; subgroup size controls recommendation strength."
promo1,high_risk_activation_or_low_engagement,male,total_watch_count,usage_volume,147,2.1020408163265305,1.0,1.0,3.0,2.2027027027027026,-0.10066188637617213,0.17687074829931973,0.8231292517006803,0.7315045126495331,moderate,Behavior difference within revised segment; use only for action personalization review.,"Descriptive EDA, not causality; subgroup size controls recommendation strength."
promo1,high_risk_activation_or_low_engagement,male,watch_days,usage_frequency,147,1.5442176870748299,1.0,1.0,2.0,1.6216216216216217,-0.07740393454679184,0.17687074829931973,0.8231292517006803,0.7315045126495331,moderate,Behavior difference within revised segment; use only for action personalization review.,"Descriptive EDA, not causality; subgroup size controls recommendation strength."
promo1,high_risk_activation_or_low_engagement,male,log_retention_w2_ratio,retention_ratio,147,0.4654656656562249,0.0,0.0,0.0,0.41720575750016403,0.04825990815606085,0.17687074829931973,0.8231292517006803,0.7315045126495331,moderate,Behavior difference within revised segment; use only for action personalization review.,"Descriptive EDA, not causality; subgroup size controls recommendation strength."
promo1,high_risk_activation_or_low_engagement,male,log_retention_w3_ratio,retention_ratio,147,1.396731018437403,0.6931471805599453,0.6931471805599453,2.6020033435383976,1.4990590187904238,-0.1023280003530207,0.17687074829931973,0.8231292517006803,0.7315045126495331,moderate,Behavior difference within revised segment; use only for action personalization review.,"Descriptive EDA, not causality; subgroup size controls recommendation strength."
promo1,high_risk_activation_or_low_engagement,male,active_ratio,usage_concentration,147,0.07353417557499187,0.0476190476190476,0.0476190476190476,0.0952380952380952,0.07722007722007719,-0.003685901645085324,0.17687074829931973,0.8231292517006803,0.7315045126495331,moderate,Behavior difference within revised segment; use only for action personalization review.,"Descriptive EDA, not causality; subgroup size controls recommendation strength."
promo1,high_risk_activation_or_low_engagement,male,recency,recency_inactivity,147,2.727891156462585,3.0,1.0,5.0,2.791891891891892,-0.06400073542930684,0.17687074829931973,0.8231292517006803,0.7315045126495331,moderate,Behavior difference within revised segment; use only for action personalization review.,"Descriptive EDA, not causality; subgroup size controls recommendation strength."
promo1,high_risk_activation_or_low_engagement,male,max_inactive_gap_days,recency_inactivity,147,2.1496598639455784,0.0,0.0,4.5,2.2,-0.05034013605442178,0.17687074829931973,0.8231292517006803,0.7315045126495331,moderate,Behavior difference within revised segment; use only for action personalization review.,"Descriptive EDA, not causality; subgroup size controls recommendation strength."
promo1,high_risk_activation_or_low_engagement,male,is_only_w1,early_usage_pattern,147,0.0,0.0,0.0,0.0,0.0,0.0,0.17687074829931973,0.8231292517006803,0.7315045126495331,moderate,Behavior difference within revised segment; use only for action personalization review.,"Descriptive EDA, not causality; subgroup size controls recommendation strength."
promo1,high_risk_activation_or_low_engagement,male,is_only_w2,early_usage_pattern,147,0.0,0.0,0.0,0.0,0.0,0.0,0.17687074829931973,0.8231292517006803,0.7315045126495331,moderate,Behavior difference within revised segment; use only for action personalization review.,"Descriptive EDA, not causality; subgroup size controls recommendation strength."
promo1,high_risk_activation_or_low_engagement,male,is_only_w3,early_usage_pattern,147,0.7346938775510204,1.0,0.0,1.0,0.7324324324324324,0.002261445118588057,0.17687074829931973,0.8231292517006803,0.7315045126495331,moderate,Behavior difference within revised segment; use only for action personalization review.,"Descriptive EDA, not causality; subgroup size controls recommendation strength."
promo1,high_risk_activation_or_low_engagement,male,genre_diversity_count,genre_preference,147,1.4557823129251701,1.0,1.0,2.0,1.5108108108108107,-0.05502849788564057,0.17687074829931973,0.8231292517006803,0.7315045126495331,moderate,Behavior difference within revised segment; use only for action personalization review.,"Descriptive EDA, not causality; subgroup size controls recommendation strength."
promo1,high_risk_activation_or_low_engagement,male,action_adventure_ratio,genre_preference,147,0.15947826705528412,0.0,0.0,0.0,0.20523609734191584,-0.04575783028663172,0.17687074829931973,0.8231292517006803,0.7315045126495331,moderate,Behavior difference within revised segment; use only for action personalization review.,"Descriptive EDA, not causality; subgroup size controls recommendation strength."
promo1,high_risk_activation_or_low_engagement,male,family_animation_ratio,genre_preference,147,0.01652089407191448,0.0,0.0,0.0,0.014547777591255851,0.001973116480658628,0.17687074829931973,0.8231292517006803,0.7315045126495331,moderate,Behavior difference within revised segment; use only for action personalization review.,"Descriptive EDA, not causality; subgroup size controls recommendation strength."
promo1,high_risk_activation_or_low_engagement,male,drama_ratio,genre_preference,147,0.04915402058259201,0.0,0.0,0.0,0.05971424846136471,-0.010560227878772699,0.17687074829931973,0.8231292517006803,0.7315045126495331,moderate,Behavior difference within revised segment; use only for action personalization review.,"Descriptive EDA, not causality; subgroup size controls recommendation strength."
promo1,high_risk_activation_or_low_engagement,male,thriller_crime_ratio,genre_preference,147,0.23682416520850832,0.0,0.0,0.46753246753246747,0.2330385339556446,0.0037856312528637137,0.17687074829931973,0.8231292517006803,0.7315045126495331,moderate,Behavior difference within revised segment; use only for action personalization review.,"Descriptive EDA, not causality; subgroup size controls recommendation strength."
promo1,high_risk_activation_or_low_engagement,male,sf_fantasy_ratio,genre_preference,147,0.18323702065088737,0.0,0.0,0.0,0.14558905204982306,0.03764796860106431,0.17687074829931973,0.8231292517006803,0.7315045126495331,moderate,Behavior difference within revised segment; use only for action personalization review.,"Descriptive EDA, not causality; subgroup size controls recommendation strength."
promo1,high_risk_activation_or_low_engagement,male,comedy_ratio,genre_preference,147,0.15832472023687638,0.0,0.0,0.0,0.11979966273577124,0.038525057501105145,0.17687074829931973,0.8231292517006803,0.7315045126495331,moderate,Behavior difference within revised segment; use only for action personalization review.,"Descriptive EDA, not causality; subgroup size controls recommendation strength."
promo1,high_risk_activation_or_low_engagement,male,romance_ratio,genre_preference,147,0.02766805646989979,0.0,0.0,0.0,0.02572860879312492,0.0019394476767748692,0.17687074829931973,0.8231292517006803,0.7315045126495331,moderate,Behavior difference within revised segment; use only for action personalization review.,"Descriptive EDA, not causality; subgroup size controls recommendation strength."
promo1,high_risk_activation_or_low_engagement,male,horror_ratio,genre_preference,147,0.03038948871268475,0.0,0.0,0.0,0.04457396447093709,-0.014184475758252338,0.17687074829931973,0.8231292517006803,0.7315045126495331,moderate,Behavior difference within revised segment; use only for action personalization review.,"Descriptive EDA, not causality; subgroup size controls recommendation strength."
promo1,high_risk_activation_or_low_engagement,male,documentary_ratio,genre_preference,147,0.03846004552691482,0.0,0.0,0.0,0.04832035380274558,-0.00986030827583076,0.17687074829931973,0.8231292517006803,0.7315045126495331,moderate,Behavior difference within revised segment; use only for action personalization review.,"Descriptive EDA, not causality; subgroup size controls recommendation strength."
promo1,high_risk_activation_or_low_engagement,male,historical_war_ratio,genre_preference,147,0.042517558971640605,0.0,0.0,0.0,0.04171805276633074,0.0007995062053098648,0.17687074829931973,0.8231292517006803,0.7315045126495331,moderate,Behavior difference within revised segment; use only for action personalization review.,"Descriptive EDA, not causality; subgroup size controls recommendation strength."
promo1,high_risk_activation_or_low_engagement,male,other_ratio,genre_preference,147,0.057425762512797324,0.0,0.0,0.0,0.06173364803108636,-0.004307885518289034,0.17687074829931973,0.8231292517006803,0.7315045126495331,moderate,Behavior difference within revised segment; use only for action personalization review.,"Descriptive EDA, not causality; subgroup size controls recommendation strength."
promo1,high_risk_week3_inactivity_or_retention_decay,female,watch_time_min_w1,weekly_usage,1163,96.49011177987963,66.0,3.0,141.0,97.82144743792921,-1.331335658049582,0.2553740326741187,0.7446259673258813,0.7416689072689622,moderate,Behavior difference within revised segment; use only for action personalization review.,"Descriptive EDA, not causality; subgroup size controls recommendation strength."
promo1,high_risk_week3_inactivity_or_retention_decay,female,watch_time_min_w2,weekly_usage,1163,23.411006018916595,0.0,0.0,15.0,23.967247754886422,-0.5562417359698273,0.2553740326741187,0.7446259673258813,0.7416689072689622,moderate,Behavior difference within revised segment; use only for action personalization review.,"Descriptive EDA, not causality; subgroup size controls recommendation strength."
promo1,high_risk_week3_inactivity_or_retention_decay,female,watch_time_min_w3,weekly_usage,1163,0.8168529664660361,0.0,0.0,0.0,0.9228737453777074,-0.10602077891167128,0.2553740326741187,0.7446259673258813,0.7416689072689622,moderate,Behavior difference within revised segment; use only for action personalization review.,"Descriptive EDA, not causality; subgroup size controls recommendation strength."
promo1,high_risk_week3_inactivity_or_retention_decay,female,watch_session_w1,weekly_sessions,1163,2.582975064488392,2.0,1.0,4.0,2.584257791864765,-0.0012827273763726943,0.2553740326741187,0.7446259673258813,0.7416689072689622,weak,Behavior difference within revised segment; use only for action personalization review.,"Descriptive EDA, not causality; subgroup size controls recommendation strength."
promo1,high_risk_week3_inactivity_or_retention_decay,female,watch_session_w2,weekly_sessions,1163,0.944969905417025,0.0,0.0,1.0,0.9313259376650819,0.013643967751943098,0.2553740326741187,0.7446259673258813,0.7416689072689622,weak,Behavior difference within revised segment; use only for action personalization review.,"Descriptive EDA, not causality; subgroup size controls recommendation strength."
promo1,high_risk_week3_inactivity_or_retention_decay,female,watch_session_w3,weekly_sessions,1163,0.12811693895098883,0.0,0.0,0.0,0.13787638668779714,-0.009759447736808313,0.2553740326741187,0.7446259673258813,0.7416689072689622,weak,Behavior difference within revised segment; use only for action personalization review.,"Descriptive EDA, not causality; subgroup size controls recommendation strength."
promo1,high_risk_week3_inactivity_or_retention_decay,female,total_watch_time_min,usage_volume,1163,120.71797076526225,83.0,10.0,179.0,122.71156893819334,-1.9935981729310868,0.2553740326741187,0.7446259673258813,0.7416689072689622,moderate,Behavior difference within revised segment; use only for action personalization review.,"Descriptive EDA, not causality; subgroup size controls recommendation strength."
promo1,high_risk_week3_inactivity_or_retention_decay,female,total_watch_count,usage_volume,1163,3.656061908856406,3.0,1.0,5.0,3.653460116217644,0.002601792638762035,0.2553740326741187,0.7446259673258813,0.7416689072689622,weak,Behavior difference within revised segment; use only for action personalization review.,"Descriptive EDA, not causality; subgroup size controls recommendation strength."
promo1,high_risk_week3_inactivity_or_retention_decay,female,watch_days,usage_frequency,1163,2.159071367153912,2.0,1.0,3.0,2.1341785525620707,0.02489281459184145,0.2553740326741187,0.7446259673258813,0.7416689072689622,weak,Behavior difference within revised segment; use only for action personalization review.,"Descriptive EDA, not causality; subgroup size controls recommendation strength."
promo1,high_risk_week3_inactivity_or_retention_decay,female,log_retention_w2_ratio,retention_ratio,1163,-1.996780635602915,-1.9993988340063,-4.372602437063659,-0.33587911674145976,-2.047190527013063,0.05040989141014807,0.2553740326741187,0.7446259673258813,0.7416689072689622,weak,Behavior difference within revised segment; use only for action personalization review.,"Descriptive EDA, not causality; subgroup size controls recommendation strength."
promo1,high_risk_week3_inactivity_or_retention_decay,female,log_retention_w3_ratio,retention_ratio,1163,-1.2106770274575438,0.0,-2.2781809199175935,0.0,-1.1797424286500011,-0.03093459880754268,0.2553740326741187,0.7446259673258813,0.7416689072689622,weak,Behavior difference within revised segment; use only for action personalization review.,"Descriptive EDA, not causality; subgroup size controls recommendation strength."
promo1,high_risk_week3_inactivity_or_retention_decay,female,active_ratio,usage_concentration,1163,0.10281292224542436,0.0952380952380952,0.0476190476190476,0.1428571428571428,0.10162755012200334,0.0011853721234210274,0.2553740326741187,0.7446259673258813,0.7416689072689622,weak,Behavior difference within revised segment; use only for action personalization review.,"Descriptive EDA, not causality; subgroup size controls recommendation strength."
promo1,high_risk_week3_inactivity_or_retention_decay,female,recency,recency_inactivity,1163,12.408426483233018,13.0,9.0,16.0,12.506603275224512,-0.09817679199149332,0.2553740326741187,0.7446259673258813,0.7416689072689622,weak,Behavior difference within revised segment; use only for action personalization review.,"Descriptive EDA, not causality; subgroup size controls recommendation strength."
promo1,high_risk_week3_inactivity_or_retention_decay,female,max_inactive_gap_days,recency_inactivity,1163,2.7343078245915735,1.0,0.0,5.0,2.774960380348653,-0.0406525557570796,0.2553740326741187,0.7446259673258813,0.7416689072689622,weak,Behavior difference within revised segment; use only for action personalization review.,"Descriptive EDA, not causality; subgroup size controls recommendation strength."
promo1,high_risk_week3_inactivity_or_retention_decay,female,is_only_w1,early_usage_pattern,1163,0.4823731728288908,0.0,0.0,1.0,0.49498151082937136,-0.012608338000480557,0.2553740326741187,0.7446259673258813,0.7416689072689622,weak,Behavior difference within revised segment; use only for action personalization review.,"Descriptive EDA, not causality; subgroup size controls recommendation strength."
promo1,high_risk_week3_inactivity_or_retention_decay,female,is_only_w2,early_usage_pattern,1163,0.14875322441960448,0.0,0.0,0.0,0.1421024828314844,0.006650741588120068,0.2553740326741187,0.7446259673258813,0.7416689072689622,weak,Behavior difference within revised segment; use only for action personalization review.,"Descriptive EDA, not causality; subgroup size controls recommendation strength."
promo1,high_risk_week3_inactivity_or_retention_decay,female,is_only_w3,early_usage_pattern,1163,0.0,0.0,0.0,0.0,0.0,0.0,0.2553740326741187,0.7446259673258813,0.7416689072689622,weak,Behavior difference within revised segment; use only for action personalization review.,"Descriptive EDA, not causality; subgroup size controls recommendation strength."
promo1,high_risk_week3_inactivity_or_retention_decay,female,genre_diversity_count,genre_preference,1163,2.0103181427343078,2.0,1.0,3.0,2.033280507131537,-0.02296236439722943,0.2553740326741187,0.7446259673258813,0.7416689072689622,weak,Behavior difference within revised segment; use only for action personalization review.,"Descriptive EDA, not causality; subgroup size controls recommendation strength."
promo1,high_risk_week3_inactivity_or_retention_decay,female,action_adventure_ratio,genre_preference,1163,0.17837345545046576,0.0,0.0,0.20936747572261588,0.1745646780103444,0.003808777440121369,0.2553740326741187,0.7446259673258813,0.7416689072689622,weak,Behavior difference within revised segment; use only for action personalization review.,"Descriptive EDA, not causality; subgroup size controls recommendation strength."
promo1,high_risk_week3_inactivity_or_retention_decay,female,family_animation_ratio,genre_preference,1163,0.0955445545685794,0.0,0.0,0.0,0.09550964718226819,3.4907386311205935e-05,0.2553740326741187,0.7446259673258813,0.7416689072689622,weak,Behavior difference within revised segment; use only for action personalization review.,"Descriptive EDA, not causality; subgroup size controls recommendation strength."
promo1,high_risk_week3_inactivity_or_retention_decay,female,drama_ratio,genre_preference,1163,0.10884129800537963,0.0,0.0,0.0,0.10882948076677944,1.1817238600192459e-05,0.2553740326741187,0.7446259673258813,0.7416689072689622,weak,Behavior difference within revised segment; use only for action personalization review.,"Descriptive EDA, not causality; subgroup size controls recommendation strength."
promo1,high_risk_week3_inactivity_or_retention_decay,female,thriller_crime_ratio,genre_preference,1163,0.19690431139423362,0.0,0.0,0.33060606060606057,0.19669222230211342,0.000212089092120199,0.2553740326741187,0.7446259673258813,0.7416689072689622,weak,Behavior difference within revised segment; use only for action personalization review.,"Descriptive EDA, not causality; subgroup size controls recommendation strength."
promo1,high_risk_week3_inactivity_or_retention_decay,female,sf_fantasy_ratio,genre_preference,1163,0.14496131888626126,0.0,0.0,0.00509172885572135,0.14286383562346067,0.002097483262800598,0.2553740326741187,0.7446259673258813,0.7416689072689622,weak,Behavior difference within revised segment; use only for action personalization review.,"Descriptive EDA, not causality; subgroup size controls recommendation strength."
promo1,high_risk_week3_inactivity_or_retention_decay,female,comedy_ratio,genre_preference,1163,0.0930086657260199,0.0,0.0,0.0,0.09193987912098034,0.0010687866050395622,0.2553740326741187,0.7446259673258813,0.7416689072689622,weak,Behavior difference within revised segment; use only for action personalization review.,"Descriptive EDA, not causality; subgroup size controls recommendation strength."
promo1,high_risk_week3_inactivity_or_retention_decay,female,romance_ratio,genre_preference,1163,0.05224544364060941,0.0,0.0,0.0,0.05182764333673202,0.0004178003038773914,0.2553740326741187,0.7446259673258813,0.7416689072689622,weak,Behavior difference within revised segment; use only for action personalization review.,"Descriptive EDA, not causality; subgroup size controls recommendation strength."
promo1,high_risk_week3_inactivity_or_retention_decay,female,horror_ratio,genre_preference,1163,0.041639882918705115,0.0,0.0,0.0,0.043311047617062885,-0.0016711646983577702,0.2553740326741187,0.7446259673258813,0.7416689072689622,weak,Behavior difference within revised segment; use only for action personalization review.,"Descriptive EDA, not causality; subgroup size controls recommendation strength."
promo1,high_risk_week3_inactivity_or_retention_decay,female,documentary_ratio,genre_preference,1163,0.018923403494785686,0.0,0.0,0.0,0.021009543591326507,-0.0020861400965408207,0.2553740326741187,0.7446259673258813,0.7416689072689622,weak,Behavior difference within revised segment; use only for action personalization review.,"Descriptive EDA, not causality; subgroup size controls recommendation strength."
promo1,high_risk_week3_inactivity_or_retention_decay,female,historical_war_ratio,genre_preference,1163,0.05782801877050105,0.0,0.0,0.0,0.060453638442754316,-0.0026256196722532696,0.2553740326741187,0.7446259673258813,0.7416689072689622,weak,Behavior difference within revised segment; use only for action personalization review.,"Descriptive EDA, not causality; subgroup size controls recommendation strength."
promo1,high_risk_week3_inactivity_or_retention_decay,female,other_ratio,genre_preference,1163,0.011729647144459133,0.0,0.0,0.0,0.01299838400617777,-0.001268736861718637,0.2553740326741187,0.7446259673258813,0.7416689072689622,weak,Behavior difference within revised segment; use only for action personalization review.,"Descriptive EDA, not causality; subgroup size controls recommendation strength."
promo1,high_risk_week3_inactivity_or_retention_decay,male,watch_time_min_w1,weekly_usage,730,99.94246575342466,69.0,4.0,143.5,97.82144743792921,2.121018315495448,0.2602739726027397,0.7397260273972603,0.7369792404178094,moderate,Behavior difference within revised segment; use only for action personalization review.,"Descriptive EDA, not causality; subgroup size controls recommendation strength."
promo1,high_risk_week3_inactivity_or_retention_decay,male,watch_time_min_w2,weekly_usage,730,24.853424657534248,0.0,0.0,12.0,23.967247754886422,0.8861769026478257,0.2602739726027397,0.7397260273972603,0.7369792404178094,moderate,Behavior difference within revised segment; use only for action personalization review.,"Descriptive EDA, not causality; subgroup size controls recommendation strength."
promo1,high_risk_week3_inactivity_or_retention_decay,male,watch_time_min_w3,weekly_usage,730,1.0917808219178082,0.0,0.0,0.0,0.9228737453777074,0.16890707654010084,0.2602739726027397,0.7397260273972603,0.7369792404178094,moderate,Behavior difference within revised segment; use only for action personalization review.,"Descriptive EDA, not causality; subgroup size controls recommendation strength."
promo1,high_risk_week3_inactivity_or_retention_decay,male,watch_session_w1,weekly_sessions,730,2.5863013698630137,2.0,1.0,4.0,2.584257791864765,0.0020435779982488356,0.2602739726027397,0.7397260273972603,0.7369792404178094,weak,Behavior difference within revised segment; use only for action personalization review.,"Descriptive EDA, not causality; subgroup size controls recommendation strength."
promo1,high_risk_week3_inactivity_or_retention_decay,male,watch_session_w2,weekly_sessions,730,0.9095890410958904,0.0,0.0,1.0,0.9313259376650819,-0.021736896569191422,0.2602739726027397,0.7397260273972603,0.7369792404178094,weak,Behavior difference within revised segment; use only for action personalization review.,"Descriptive EDA, not causality; subgroup size controls recommendation strength."
promo1,high_risk_week3_inactivity_or_retention_decay,male,watch_session_w3,weekly_sessions,730,0.15342465753424658,0.0,0.0,0.0,0.13787638668779714,0.015548270846449441,0.2602739726027397,0.7397260273972603,0.7369792404178094,weak,Behavior difference within revised segment; use only for action personalization review.,"Descriptive EDA, not causality; subgroup size controls recommendation strength."
promo1,high_risk_week3_inactivity_or_retention_decay,male,total_watch_time_min,usage_volume,730,125.88767123287671,88.0,12.0,177.75,122.71156893819334,3.176102294683375,0.2602739726027397,0.7397260273972603,0.7369792404178094,moderate,Behavior difference within revised segment; use only for action personalization review.,"Descriptive EDA, not causality; subgroup size controls recommendation strength."
promo1,high_risk_week3_inactivity_or_retention_decay,male,total_watch_count,usage_volume,730,3.649315068493151,3.0,1.0,5.0,3.653460116217644,-0.0041450477244930894,0.2602739726027397,0.7397260273972603,0.7369792404178094,weak,Behavior difference within revised segment; use only for action personalization review.,"Descriptive EDA, not causality; subgroup size controls recommendation strength."
promo1,high_risk_week3_inactivity_or_retention_decay,male,watch_days,usage_frequency,730,2.0945205479452054,2.0,1.0,3.0,2.1341785525620707,-0.039658004616865306,0.2602739726027397,0.7397260273972603,0.7369792404178094,weak,Behavior difference within revised segment; use only for action personalization review.,"Descriptive EDA, not causality; subgroup size controls recommendation strength."
promo1,high_risk_week3_inactivity_or_retention_decay,male,log_retention_w2_ratio,retention_ratio,730,-2.127501080040463,-2.302585092994045,-4.536620950509295,-0.32669465716799806,-2.047190527013063,-0.08031055302739976,0.2602739726027397,0.7397260273972603,0.7369792404178094,weak,Behavior difference within revised segment; use only for action personalization review.,"Descriptive EDA, not causality; subgroup size controls recommendation strength."
promo1,high_risk_week3_inactivity_or_retention_decay,male,log_retention_w3_ratio,retention_ratio,730,-1.1304589513716832,0.0,-2.19722457733622,0.0,-1.1797424286500011,0.049283477278317944,0.2602739726027397,0.7397260273972603,0.7369792404178094,weak,Behavior difference within revised segment; use only for action personalization review.,"Descriptive EDA, not causality; subgroup size controls recommendation strength."
promo1,high_risk_week3_inactivity_or_retention_decay,male,active_ratio,usage_concentration,730,0.09973907371167641,0.0952380952380952,0.0476190476190476,0.1428571428571428,0.10162755012200334,-0.0018884764103269253,0.2602739726027397,0.7397260273972603,0.7369792404178094,weak,Behavior difference within revised segment; use only for action personalization review.,"Descriptive EDA, not causality; subgroup size controls recommendation strength."
promo1,high_risk_week3_inactivity_or_retention_decay,male,recency,recency_inactivity,730,12.663013698630136,14.0,9.0,16.0,12.506603275224512,0.1564104234056245,0.2602739726027397,0.7397260273972603,0.7369792404178094,moderate,Behavior difference within revised segment; use only for action personalization review.,"Descriptive EDA, not causality; subgroup size controls recommendation strength."
promo1,high_risk_week3_inactivity_or_retention_decay,male,max_inactive_gap_days,recency_inactivity,730,2.83972602739726,1.0,0.0,5.0,2.774960380348653,0.0647656470486071,0.2602739726027397,0.7397260273972603,0.7369792404178094,weak,Behavior difference within revised segment; use only for action personalization review.,"Descriptive EDA, not causality; subgroup size controls recommendation strength."
promo1,high_risk_week3_inactivity_or_retention_decay,male,is_only_w1,early_usage_pattern,730,0.5150684931506849,1.0,0.0,1.0,0.49498151082937136,0.020086982321313562,0.2602739726027397,0.7397260273972603,0.7369792404178094,weak,Behavior difference within revised segment; use only for action personalization review.,"Descriptive EDA, not causality; subgroup size controls recommendation strength."
promo1,high_risk_week3_inactivity_or_retention_decay,male,is_only_w2,early_usage_pattern,730,0.13150684931506848,0.0,0.0,0.0,0.1421024828314844,-0.010595633516415931,0.2602739726027397,0.7397260273972603,0.7369792404178094,weak,Behavior difference within revised segment; use only for action personalization review.,"Descriptive EDA, not causality; subgroup size controls recommendation strength."
promo1,high_risk_week3_inactivity_or_retention_decay,male,is_only_w3,early_usage_pattern,730,0.0,0.0,0.0,0.0,0.0,0.0,0.2602739726027397,0.7397260273972603,0.7369792404178094,weak,Behavior difference within revised segment; use only for action personalization review.,"Descriptive EDA, not causality; subgroup size controls recommendation strength."
promo1,high_risk_week3_inactivity_or_retention_decay,male,genre_diversity_count,genre_preference,730,2.06986301369863,2.0,1.0,3.0,2.033280507131537,0.03658250656709283,0.2602739726027397,0.7397260273972603,0.7369792404178094,weak,Behavior difference within revised segment; use only for action personalization review.,"Descriptive EDA, not causality; subgroup size controls recommendation strength."
promo1,high_risk_week3_inactivity_or_retention_decay,male,action_adventure_ratio,genre_preference,730,0.1684967216228633,0.0,0.0,0.22059575919504287,0.1745646780103444,-0.006067956387481088,0.2602739726027397,0.7397260273972603,0.7369792404178094,weak,Behavior difference within revised segment; use only for action personalization review.,"Descriptive EDA, not causality; subgroup size controls recommendation strength."
promo1,high_risk_week3_inactivity_or_retention_decay,male,family_animation_ratio,genre_preference,730,0.09545403445585735,0.0,0.0,0.0,0.09550964718226819,-5.561272641084469e-05,0.2602739726027397,0.7397260273972603,0.7369792404178094,weak,Behavior difference within revised segment; use only for action personalization review.,"Descriptive EDA, not causality; subgroup size controls recommendation strength."
promo1,high_risk_week3_inactivity_or_retention_decay,male,drama_ratio,genre_preference,730,0.10881065412500955,0.0,0.0,0.0,0.10882948076677944,-1.8826641769886798e-05,0.2602739726027397,0.7397260273972603,0.7369792404178094,weak,Behavior difference within revised segment; use only for action personalization review.,"Descriptive EDA, not causality; subgroup size controls recommendation strength."
promo1,high_risk_week3_inactivity_or_retention_decay,male,thriller_crime_ratio,genre_preference,730,0.19635433241973566,0.0,0.0,0.33671171171171166,0.19669222230211342,-0.0003378898823777621,0.2602739726027397,0.7397260273972603,0.7369792404178094,weak,Behavior difference within revised segment; use only for action personalization review.,"Descriptive EDA, not causality; subgroup size controls recommendation strength."
promo1,high_risk_week3_inactivity_or_retention_decay,male,sf_fantasy_ratio,genre_preference,730,0.13952222872669756,0.0,0.0,0.00550356506238855,0.14286383562346067,-0.003341606896763105,0.2602739726027397,0.7397260273972603,0.7369792404178094,weak,Behavior difference within revised segment; use only for action personalization review.,"Descriptive EDA, not causality; subgroup size controls recommendation strength."
promo1,high_risk_week3_inactivity_or_retention_decay,male,comedy_ratio,genre_preference,730,0.09023714100911592,0.0,0.0,0.0,0.09193987912098034,-0.0017027381118644158,0.2602739726027397,0.7397260273972603,0.7369792404178094,weak,Behavior difference within revised segment; use only for action personalization review.,"Descriptive EDA, not causality; subgroup size controls recommendation strength."
promo1,high_risk_week3_inactivity_or_retention_decay,male,romance_ratio,genre_preference,730,0.051162024496445156,0.0,0.0,0.0,0.05182764333673202,-0.0006656188402868607,0.2602739726027397,0.7397260273972603,0.7369792404178094,weak,Behavior difference within revised segment; use only for action personalization review.,"Descriptive EDA, not causality; subgroup size controls recommendation strength."
promo1,high_risk_week3_inactivity_or_retention_decay,male,horror_ratio,genre_preference,730,0.0459734648008849,0.0,0.0,0.0,0.043311047617062885,0.0026624171838220134,0.2602739726027397,0.7397260273972603,0.7369792404178094,weak,Behavior difference within revised segment; use only for action personalization review.,"Descriptive EDA, not causality; subgroup size controls recommendation strength."
promo1,high_risk_week3_inactivity_or_retention_decay,male,documentary_ratio,genre_preference,730,0.024333079114993605,0.0,0.0,0.0,0.021009543591326507,0.0033235355236670983,0.2602739726027397,0.7397260273972603,0.7369792404178094,weak,Behavior difference within revised segment; use only for action personalization review.,"Descriptive EDA, not causality; subgroup size controls recommendation strength."
promo1,high_risk_week3_inactivity_or_retention_decay,male,historical_war_ratio,genre_preference,730,0.06463664622197425,0.0,0.0,0.0,0.060453638442754316,0.004183007779219934,0.2602739726027397,0.7397260273972603,0.7369792404178094,weak,Behavior difference within revised segment; use only for action personalization review.,"Descriptive EDA, not causality; subgroup size controls recommendation strength."
promo1,high_risk_week3_inactivity_or_retention_decay,male,other_ratio,genre_preference,730,0.015019673006422669,0.0,0.0,0.0,0.01299838400617777,0.0020212890002448986,0.2602739726027397,0.7397260273972603,0.7369792404178094,weak,Behavior difference within revised segment; use only for action personalization review.,"Descriptive EDA, not causality; subgroup size controls recommendation strength."
promo1,mid_risk_retention_watchlist,female,watch_time_min_w1,weekly_usage,820,116.71829268292683,82.0,0.0,170.0,119.0061115355233,-2.287818852596473,0.41585365853658535,0.5841463414634147,0.5263602374331753,moderate,Behavior difference within revised segment; use only for action personalization review.,"Descriptive EDA, not causality; subgroup size controls recommendation strength."
promo1,mid_risk_retention_watchlist,female,watch_time_min_w2,weekly_usage,820,72.57560975609756,33.5,0.0,111.25,72.45301757066463,0.12259218543293571,0.41585365853658535,0.5841463414634147,0.5263602374331753,moderate,Behavior difference within revised segment; use only for action personalization review.,"Descriptive EDA, not causality; subgroup size controls recommendation strength."
promo1,mid_risk_retention_watchlist,female,watch_time_min_w3,weekly_usage,820,37.41829268292683,1.0,0.0,69.25,37.15889992360581,0.2593927593210239,0.41585365853658535,0.5841463414634147,0.5263602374331753,moderate,Behavior difference within revised segment; use only for action personalization review.,"Descriptive EDA, not causality; subgroup size controls recommendation strength."
promo1,mid_risk_retention_watchlist,female,watch_session_w1,weekly_sessions,820,2.7109756097560975,2.0,0.0,4.0,2.6898395721925135,0.021136037563584065,0.41585365853658535,0.5841463414634147,0.5263602374331753,weak,Behavior difference within revised segment; use only for action personalization review.,"Descriptive EDA, not causality; subgroup size controls recommendation strength."
promo1,mid_risk_retention_watchlist,female,watch_session_w2,weekly_sessions,820,1.8792682926829267,1.0,0.0,3.0,1.888464476699771,-0.009196184016844189,0.41585365853658535,0.5841463414634147,0.5263602374331753,weak,Behavior difference within revised segment; use only for action personalization review.,"Descriptive EDA, not causality; subgroup size controls recommendation strength."
promo1,mid_risk_retention_watchlist,female,watch_session_w3,weekly_sessions,820,1.0963414634146342,1.0,0.0,2.0,1.076394194041253,0.019947269373381316,0.41585365853658535,0.5841463414634147,0.5263602374331753,weak,Behavior difference within revised segment; use only for action personalization review.,"Descriptive EDA, not causality; subgroup size controls recommendation strength."
promo1,mid_risk_retention_watchlist,female,total_watch_time_min,usage_volume,820,226.71219512195123,169.0,80.0,327.0,228.61802902979375,-1.9058339078425206,0.41585365853658535,0.5841463414634147,0.5263602374331753,moderate,Behavior difference within revised segment; use only for action personalization review.,"Descriptive EDA, not causality; subgroup size controls recommendation strength."
promo1,mid_risk_retention_watchlist,female,total_watch_count,usage_volume,820,5.6865853658536585,4.0,2.0,8.0,5.654698242933537,0.031887122920121413,0.41585365853658535,0.5841463414634147,0.5263602374331753,weak,Behavior difference within revised segment; use only for action personalization review.,"Descriptive EDA, not causality; subgroup size controls recommendation strength."
promo1,mid_risk_retention_watchlist,female,watch_days,usage_frequency,820,3.2219512195121953,3.0,2.0,4.0,3.26279602750191,-0.04084480798971457,0.41585365853658535,0.5841463414634147,0.5263602374331753,weak,Behavior difference within revised segment; use only for action personalization review.,"Descriptive EDA, not causality; subgroup size controls recommendation strength."
promo1,mid_risk_retention_watchlist,female,log_retention_w2_ratio,retention_ratio,820,-0.4412396657213448,-0.08171215830629361,-1.2782660527933247,0.4657558357450875,-0.5325528716886304,0.0913132059672856,0.41585365853658535,0.5841463414634147,0.5263602374331753,weak,Behavior difference within revised segment; use only for action personalization review.,"Descriptive EDA, not causality; subgroup size controls recommendation strength."
promo1,mid_risk_retention_watchlist,female,log_retention_w3_ratio,retention_ratio,820,-0.9656479281961307,-0.42096380549198825,-3.421791813831313,0.23313583199548193,-0.9960592620009813,0.030411333804850615,0.41585365853658535,0.5841463414634147,0.5263602374331753,weak,Behavior difference within revised segment; use only for action personalization review.,"Descriptive EDA, not causality; subgroup size controls recommendation strength."
promo1,mid_risk_retention_watchlist,female,active_ratio,usage_concentration,820,0.15342624854819972,0.1428571428571428,0.0952380952380952,0.1904761904761904,0.1553712394048528,-0.0019449908566530894,0.41585365853658535,0.5841463414634147,0.5263602374331753,weak,Behavior difference within revised segment; use only for action personalization review.,"Descriptive EDA, not causality; subgroup size controls recommendation strength."
promo1,mid_risk_retention_watchlist,female,recency,recency_inactivity,820,7.102439024390244,6.0,2.0,11.0,7.222307104660046,-0.11986808026980178,0.41585365853658535,0.5841463414634147,0.5263602374331753,moderate,Behavior difference within revised segment; use only for action personalization review.,"Descriptive EDA, not causality; subgroup size controls recommendation strength."
promo1,mid_risk_retention_watchlist,female,max_inactive_gap_days,recency_inactivity,820,5.130487804878049,5.5,1.0,8.0,5.021390374331551,0.10909743054649823,0.41585365853658535,0.5841463414634147,0.5263602374331753,moderate,Behavior difference within revised segment; use only for action personalization review.,"Descriptive EDA, not causality; subgroup size controls recommendation strength."
promo1,mid_risk_retention_watchlist,female,is_only_w1,early_usage_pattern,820,0.1073170731707317,0.0,0.0,0.0,0.12299465240641712,-0.015677579235685413,0.41585365853658535,0.5841463414634147,0.5263602374331753,weak,Behavior difference within revised segment; use only for action personalization review.,"Descriptive EDA, not causality; subgroup size controls recommendation strength."
promo1,mid_risk_retention_watchlist,female,is_only_w2,early_usage_pattern,820,0.06463414634146342,0.0,0.0,0.0,0.06493506493506493,-0.0003009185936015124,0.41585365853658535,0.5841463414634147,0.5263602374331753,weak,Behavior difference within revised segment; use only for action personalization review.,"Descriptive EDA, not causality; subgroup size controls recommendation strength."
promo1,mid_risk_retention_watchlist,female,is_only_w3,early_usage_pattern,820,0.10609756097560975,0.0,0.0,0.0,0.09396485867074103,0.012132702304868723,0.41585365853658535,0.5841463414634147,0.5263602374331753,weak,Behavior difference within revised segment; use only for action personalization review.,"Descriptive EDA, not causality; subgroup size controls recommendation strength."
promo1,mid_risk_retention_watchlist,female,genre_diversity_count,genre_preference,820,2.6134146341463413,2.0,2.0,4.0,2.6050420168067228,0.008372617339618582,0.41585365853658535,0.5841463414634147,0.5263602374331753,weak,Behavior difference within revised segment; use only for action personalization review.,"Descriptive EDA, not causality; subgroup size controls recommendation strength."
promo1,mid_risk_retention_watchlist,female,action_adventure_ratio,genre_preference,820,0.1462460114198283,0.0,0.0,0.19625850340136053,0.14403927955856538,0.0022067318612629117,0.41585365853658535,0.5841463414634147,0.5263602374331753,weak,Behavior difference within revised segment; use only for action personalization review.,"Descriptive EDA, not causality; subgroup size controls recommendation strength."
promo1,mid_risk_retention_watchlist,female,family_animation_ratio,genre_preference,820,0.09580941276781842,0.0,0.0,0.0,0.09869597898283038,-0.0028865662150119598,0.41585365853658535,0.5841463414634147,0.5263602374331753,weak,Behavior difference within revised segment; use only for action personalization review.,"Descriptive EDA, not causality; subgroup size controls recommendation strength."
promo1,mid_risk_retention_watchlist,female,drama_ratio,genre_preference,820,0.1317346530086849,0.0,0.0,0.14041940789473678,0.1329175695173878,-0.0011829165087029192,0.41585365853658535,0.5841463414634147,0.5263602374331753,weak,Behavior difference within revised segment; use only for action personalization review.,"Descriptive EDA, not causality; subgroup size controls recommendation strength."
promo1,mid_risk_retention_watchlist,female,thriller_crime_ratio,genre_preference,820,0.1758321082814732,0.0,0.0,0.2870776865814087,0.17272144960956504,0.0031106586719081564,0.41585365853658535,0.5841463414634147,0.5263602374331753,weak,Behavior difference within revised segment; use only for action personalization review.,"Descriptive EDA, not causality; subgroup size controls recommendation strength."
promo1,mid_risk_retention_watchlist,female,sf_fantasy_ratio,genre_preference,820,0.10850200906782764,0.0,0.0,0.0073999276585482755,0.11310328917961283,-0.0046012801117851915,0.41585365853658535,0.5841463414634147,0.5263602374331753,weak,Behavior difference within revised segment; use only for action personalization review.,"Descriptive EDA, not causality; subgroup size controls recommendation strength."
promo1,mid_risk_retention_watchlist,female,comedy_ratio,genre_preference,820,0.07448972275488613,0.0,0.0,0.002067225085910575,0.07670885909506465,-0.002219136340178521,0.41585365853658535,0.5841463414634147,0.5263602374331753,weak,Behavior difference within revised segment; use only for action personalization review.,"Descriptive EDA, not causality; subgroup size controls recommendation strength."
promo1,mid_risk_retention_watchlist,female,romance_ratio,genre_preference,820,0.0813301010096987,0.0,0.0,0.0,0.085590721793036,-0.004260620783337304,0.41585365853658535,0.5841463414634147,0.5263602374331753,weak,Behavior difference within revised segment; use only for action personalization review.,"Descriptive EDA, not causality; subgroup size controls recommendation strength."
promo1,mid_risk_retention_watchlist,female,horror_ratio,genre_preference,820,0.04469183474941629,0.0,0.0,0.0,0.038231439755454844,0.006460394993961449,0.41585365853658535,0.5841463414634147,0.5263602374331753,weak,Behavior difference within revised segment; use only for action personalization review.,"Descriptive EDA, not causality; subgroup size controls recommendation strength."
promo1,mid_risk_retention_watchlist,female,documentary_ratio,genre_preference,820,0.017577813590802793,0.0,0.0,0.0,0.01708943188336993,0.0004883817074328618,0.41585365853658535,0.5841463414634147,0.5263602374331753,weak,Behavior difference within revised segment; use only for action personalization review.,"Descriptive EDA, not causality; subgroup size controls recommendation strength."
promo1,mid_risk_retention_watchlist,female,historical_war_ratio,genre_preference,820,0.0615905151463106,0.0,0.0,0.0,0.06046856156884785,0.0011219535774627531,0.41585365853658535,0.5841463414634147,0.5263602374331753,weak,Behavior difference within revised segment; use only for action personalization review.,"Descriptive EDA, not causality; subgroup size controls recommendation strength."
promo1,mid_risk_retention_watchlist,female,other_ratio,genre_preference,820,0.01829337917886278,0.0,0.0,0.0,0.019180554273988664,-0.0008871750951258833,0.41585365853658535,0.5841463414634147,0.5263602374331753,weak,Behavior difference within revised segment; use only for action personalization review.,"Descriptive EDA, not causality; subgroup size controls recommendation strength."
promo1,mid_risk_retention_watchlist,male,watch_time_min_w1,weekly_usage,489,122.84253578732107,96.0,1.0,176.0,119.0061115355233,3.836424251797766,0.37014314928425357,0.6298568507157465,0.5297534262506425,moderate,Behavior difference within revised segment; use only for action personalization review.,"Descriptive EDA, not causality; subgroup size controls recommendation strength."
promo1,mid_risk_retention_watchlist,male,watch_time_min_w2,weekly_usage,489,72.24744376278119,31.0,0.0,116.0,72.45301757066463,-0.20557380788343949,0.37014314928425357,0.6298568507157465,0.5297534262506425,moderate,Behavior difference within revised segment; use only for action personalization review.,"Descriptive EDA, not causality; subgroup size controls recommendation strength."
promo1,mid_risk_retention_watchlist,male,watch_time_min_w3,weekly_usage,489,36.7239263803681,1.0,0.0,49.0,37.15889992360581,-0.4349735432377102,0.37014314928425357,0.6298568507157465,0.5297534262506425,moderate,Behavior difference within revised segment; use only for action personalization review.,"Descriptive EDA, not causality; subgroup size controls recommendation strength."
promo1,mid_risk_retention_watchlist,male,watch_session_w1,weekly_sessions,489,2.65439672801636,2.0,1.0,4.0,2.6898395721925135,-0.03544284417615362,0.37014314928425357,0.6298568507157465,0.5297534262506425,weak,Behavior difference within revised segment; use only for action personalization review.,"Descriptive EDA, not causality; subgroup size controls recommendation strength."
promo1,mid_risk_retention_watchlist,male,watch_session_w2,weekly_sessions,489,1.903885480572597,1.0,0.0,3.0,1.888464476699771,0.015421003872826189,0.37014314928425357,0.6298568507157465,0.5297534262506425,weak,Behavior difference within revised segment; use only for action personalization review.,"Descriptive EDA, not causality; subgroup size controls recommendation strength."
promo1,mid_risk_retention_watchlist,male,watch_session_w3,weekly_sessions,489,1.0429447852760736,1.0,0.0,2.0,1.076394194041253,-0.03344940876517932,0.37014314928425357,0.6298568507157465,0.5297534262506425,weak,Behavior difference within revised segment; use only for action personalization review.,"Descriptive EDA, not causality; subgroup size controls recommendation strength."
promo1,mid_risk_retention_watchlist,male,total_watch_time_min,usage_volume,489,231.81390593047036,172.0,81.0,323.0,228.61802902979375,3.195876900676609,0.37014314928425357,0.6298568507157465,0.5297534262506425,moderate,Behavior difference within revised segment; use only for action personalization review.,"Descriptive EDA, not causality; subgroup size controls recommendation strength."
promo1,mid_risk_retention_watchlist,male,total_watch_count,usage_volume,489,5.601226993865031,5.0,2.0,8.0,5.654698242933537,-0.05347124906850631,0.37014314928425357,0.6298568507157465,0.5297534262506425,weak,Behavior difference within revised segment; use only for action personalization review.,"Descriptive EDA, not causality; subgroup size controls recommendation strength."
promo1,mid_risk_retention_watchlist,male,watch_days,usage_frequency,489,3.331288343558282,3.0,2.0,4.0,3.26279602750191,0.06849231605637218,0.37014314928425357,0.6298568507157465,0.5297534262506425,weak,Behavior difference within revised segment; use only for action personalization review.,"Descriptive EDA, not causality; subgroup size controls recommendation strength."
promo1,mid_risk_retention_watchlist,male,log_retention_w2_ratio,retention_ratio,489,-0.685675221163424,-0.2281728997192117,-1.712978591374941,0.38155958725461,-0.5325528716886304,-0.15312234947479364,0.37014314928425357,0.6298568507157465,0.5297534262506425,moderate,Behavior difference within revised segment; use only for action personalization review.,"Descriptive EDA, not causality; subgroup size controls recommendation strength."
promo1,mid_risk_retention_watchlist,male,log_retention_w3_ratio,retention_ratio,489,-1.047055772675782,-0.38229804882663,-2.995732273553991,0.0,-0.9960592620009813,-0.05099651067480082,0.37014314928425357,0.6298568507157465,0.5297534262506425,weak,Behavior difference within revised segment; use only for action personalization review.,"Descriptive EDA, not causality; subgroup size controls recommendation strength."
promo1,mid_risk_retention_watchlist,male,active_ratio,usage_concentration,489,0.15863277826468003,0.1428571428571428,0.0952380952380952,0.1904761904761904,0.1553712394048528,0.0032615388598272177,0.37014314928425357,0.6298568507157465,0.5297534262506425,weak,Behavior difference within revised segment; use only for action personalization review.,"Descriptive EDA, not causality; subgroup size controls recommendation strength."
promo1,mid_risk_retention_watchlist,male,recency,recency_inactivity,489,7.423312883435583,6.0,2.0,11.0,7.222307104660046,0.20100577877553683,0.37014314928425357,0.6298568507157465,0.5297534262506425,moderate,Behavior difference within revised segment; use only for action personalization review.,"Descriptive EDA, not causality; subgroup size controls recommendation strength."
promo1,mid_risk_retention_watchlist,male,max_inactive_gap_days,recency_inactivity,489,4.838445807770961,5.0,1.0,7.0,5.021390374331551,-0.18294456656058955,0.37014314928425357,0.6298568507157465,0.5297534262506425,moderate,Behavior difference within revised segment; use only for action personalization review.,"Descriptive EDA, not causality; subgroup size controls recommendation strength."
promo1,mid_risk_retention_watchlist,male,is_only_w1,early_usage_pattern,489,0.1492842535787321,0.0,0.0,0.0,0.12299465240641712,0.026289601172314978,0.37014314928425357,0.6298568507157465,0.5297534262506425,weak,Behavior difference within revised segment; use only for action personalization review.,"Descriptive EDA, not causality; subgroup size controls recommendation strength."
promo1,mid_risk_retention_watchlist,male,is_only_w2,early_usage_pattern,489,0.065439672801636,0.0,0.0,0.0,0.06493506493506493,0.000504607866571069,0.37014314928425357,0.6298568507157465,0.5297534262506425,weak,Behavior difference within revised segment; use only for action personalization review.,"Descriptive EDA, not causality; subgroup size controls recommendation strength."
promo1,mid_risk_retention_watchlist,male,is_only_w3,early_usage_pattern,489,0.0736196319018405,0.0,0.0,0.0,0.09396485867074103,-0.020345226768900534,0.37014314928425357,0.6298568507157465,0.5297534262506425,weak,Behavior difference within revised segment; use only for action personalization review.,"Descriptive EDA, not causality; subgroup size controls recommendation strength."
promo1,mid_risk_retention_watchlist,male,genre_diversity_count,genre_preference,489,2.591002044989775,2.0,1.0,4.0,2.6050420168067228,-0.014039971816947716,0.37014314928425357,0.6298568507157465,0.5297534262506425,weak,Behavior difference within revised segment; use only for action personalization review.,"Descriptive EDA, not causality; subgroup size controls recommendation strength."
promo1,mid_risk_retention_watchlist,male,action_adventure_ratio,genre_preference,489,0.14033882940266437,0.0,0.0,0.1666666666666666,0.14403927955856538,-0.0037004501559010083,0.37014314928425357,0.6298568507157465,0.5297534262506425,weak,Behavior difference within revised segment; use only for action personalization review.,"Descriptive EDA, not causality; subgroup size controls recommendation strength."
promo1,mid_risk_retention_watchlist,male,family_animation_ratio,genre_preference,489,0.10353643766649052,0.0,0.0,0.0,0.09869597898283038,0.004840458683660148,0.37014314928425357,0.6298568507157465,0.5297534262506425,weak,Behavior difference within revised segment; use only for action personalization review.,"Descriptive EDA, not causality; subgroup size controls recommendation strength."
promo1,mid_risk_retention_watchlist,male,drama_ratio,genre_preference,489,0.1349011922927179,0.0,0.0,0.125,0.1329175695173878,0.001983622775330096,0.37014314928425357,0.6298568507157465,0.5297534262506425,weak,Behavior difference within revised segment; use only for action personalization review.,"Descriptive EDA, not causality; subgroup size controls recommendation strength."
promo1,mid_risk_retention_watchlist,male,thriller_crime_ratio,genre_preference,489,0.1675052121638295,0.0,0.0,0.2898172323759791,0.17272144960956504,-0.005216237445735544,0.37014314928425357,0.6298568507157465,0.5297534262506425,weak,Behavior difference within revised segment; use only for action personalization review.,"Descriptive EDA, not causality; subgroup size controls recommendation strength."
promo1,mid_risk_retention_watchlist,male,sf_fantasy_ratio,genre_preference,489,0.12081913721982523,0.0,0.0,0.0357142857142857,0.11310328917961283,0.0077158480402124,0.37014314928425357,0.6298568507157465,0.5297534262506425,weak,Behavior difference within revised segment; use only for action personalization review.,"Descriptive EDA, not causality; subgroup size controls recommendation strength."
promo1,mid_risk_retention_watchlist,male,comedy_ratio,genre_preference,489,0.08043011021765446,0.0,0.0,0.0,0.07670885909506465,0.003721251122589808,0.37014314928425357,0.6298568507157465,0.5297534262506425,weak,Behavior difference within revised segment; use only for action personalization review.,"Descriptive EDA, not causality; subgroup size controls recommendation strength."
promo1,mid_risk_retention_watchlist,male,romance_ratio,genre_preference,489,0.09273532106161797,0.0,0.0,0.0044247787610619,0.085590721793036,0.007144599268581964,0.37014314928425357,0.6298568507157465,0.5297534262506425,weak,Behavior difference within revised segment; use only for action personalization review.,"Descriptive EDA, not causality; subgroup size controls recommendation strength."
promo1,mid_risk_retention_watchlist,male,horror_ratio,genre_preference,489,0.027398057556991887,0.0,0.0,0.0,0.038231439755454844,-0.010833382198462957,0.37014314928425357,0.6298568507157465,0.5297534262506425,weak,Behavior difference within revised segment; use only for action personalization review.,"Descriptive EDA, not causality; subgroup size controls recommendation strength."
promo1,mid_risk_retention_watchlist,male,documentary_ratio,genre_preference,489,0.016270468692991726,0.0,0.0,0.0,0.01708943188336993,-0.0008189631903782052,0.37014314928425357,0.6298568507157465,0.5297534262506425,weak,Behavior difference within revised segment; use only for action personalization review.,"Descriptive EDA, not causality; subgroup size controls recommendation strength."
promo1,mid_risk_retention_watchlist,male,historical_war_ratio,genre_preference,489,0.05858716702177329,0.0,0.0,0.0,0.06046856156884785,-0.0018813945470745608,0.37014314928425357,0.6298568507157465,0.5297534262506425,weak,Behavior difference within revised segment; use only for action personalization review.,"Descriptive EDA, not causality; subgroup size controls recommendation strength."
promo1,mid_risk_retention_watchlist,male,other_ratio,genre_preference,489,0.02066825075252286,0.0,0.0,0.0,0.019180554273988664,0.001487696478534195,0.37014314928425357,0.6298568507157465,0.5297534262506425,weak,Behavior difference within revised segment; use only for action personalization review.,"Descriptive EDA, not causality; subgroup size controls recommendation strength."
promo1,other_needs_review_residual,female,watch_time_min_w1,weekly_usage,3903,83.4970535485524,1.0,0.0,113.0,80.12126954050213,3.3757840080502746,0.8227004868050217,0.17729951319497828,0.19404183939652933,moderate,Behavior difference within revised segment; use only for action personalization review.,"Descriptive EDA, not causality; subgroup size controls recommendation strength."
promo1,other_needs_review_residual,female,watch_time_min_w2,weekly_usage,3903,89.59953881629515,10.0,0.0,126.0,87.06221380072635,2.537325015568797,0.8227004868050217,0.17729951319497828,0.19404183939652933,moderate,Behavior difference within revised segment; use only for action personalization review.,"Descriptive EDA, not causality; subgroup size controls recommendation strength."
promo1,other_needs_review_residual,female,watch_time_min_w3,weekly_usage,3903,93.5321547527543,47.0,0.0,136.0,93.14195483972841,0.39019991302588153,0.8227004868050217,0.17729951319497828,0.19404183939652933,moderate,Behavior difference within revised segment; use only for action personalization review.,"Descriptive EDA, not causality; subgroup size controls recommendation strength."
promo1,other_needs_review_residual,female,watch_session_w1,weekly_sessions,3903,1.8570330514988471,1.0,0.0,3.0,1.7819358913627033,0.07509716013614387,0.8227004868050217,0.17729951319497828,0.19404183939652933,weak,Behavior difference within revised segment; use only for action personalization review.,"Descriptive EDA, not causality; subgroup size controls recommendation strength."
promo1,other_needs_review_residual,female,watch_session_w2,weekly_sessions,3903,1.994875736612862,1.0,0.0,3.0,1.993999684193905,0.0008760524189570518,0.8227004868050217,0.17729951319497828,0.19404183939652933,weak,Behavior difference within revised segment; use only for action personalization review.,"Descriptive EDA, not causality; subgroup size controls recommendation strength."
promo1,other_needs_review_residual,female,watch_session_w3,weekly_sessions,3903,2.1847296951063284,1.0,0.0,3.0,2.170377388283594,0.014352306822734473,0.8227004868050217,0.17729951319497828,0.19404183939652933,weak,Behavior difference within revised segment; use only for action personalization review.,"Descriptive EDA, not causality; subgroup size controls recommendation strength."
promo1,other_needs_review_residual,female,total_watch_time_min,usage_volume,3903,266.62874711760185,208.0,94.0,367.0,260.3254381809569,6.303308936644953,0.8227004868050217,0.17729951319497828,0.19404183939652933,moderate,Behavior difference within revised segment; use only for action personalization review.,"Descriptive EDA, not causality; subgroup size controls recommendation strength."
promo1,other_needs_review_residual,female,total_watch_count,usage_volume,3903,6.036638483218037,5.0,3.0,8.0,5.946312963840202,0.09032551937783495,0.8227004868050217,0.17729951319497828,0.19404183939652933,weak,Behavior difference within revised segment; use only for action personalization review.,"Descriptive EDA, not causality; subgroup size controls recommendation strength."
promo1,other_needs_review_residual,female,watch_days,usage_frequency,3903,3.128875224186523,3.0,2.0,4.0,3.077056687194063,0.051818536992460196,0.8227004868050217,0.17729951319497828,0.19404183939652933,weak,Behavior difference within revised segment; use only for action personalization review.,"Descriptive EDA, not causality; subgroup size controls recommendation strength."
promo1,other_needs_review_residual,female,log_retention_w2_ratio,retention_ratio,3903,0.2593438097036648,0.0,-1.5536169067463246,2.491276162676715,0.2770149530000864,-0.01767114329642161,0.8227004868050217,0.17729951319497828,0.19404183939652933,weak,Behavior difference within revised segment; use only for action personalization review.,"Descriptive EDA, not causality; subgroup size controls recommendation strength."
promo1,other_needs_review_residual,female,log_retention_w3_ratio,retention_ratio,3903,0.4884117182068467,0.0,-2.228545970322556,4.143134726391533,0.5175122268493441,-0.029100508642497358,0.8227004868050217,0.17729951319497828,0.19404183939652933,weak,Behavior difference within revised segment; use only for action personalization review.,"Descriptive EDA, not causality; subgroup size controls recommendation strength."
promo1,other_needs_review_residual,female,active_ratio,usage_concentration,3903,0.1489940582945963,0.1428571428571428,0.0952380952380952,0.1904761904761904,0.14652650891400296,0.002467549380593348,0.8227004868050217,0.17729951319497828,0.19404183939652933,weak,Behavior difference within revised segment; use only for action personalization review.,"Descriptive EDA, not causality; subgroup size controls recommendation strength."
promo1,other_needs_review_residual,female,recency,recency_inactivity,3903,5.790930053804765,4.0,1.0,8.0,5.80372651192168,-0.012796458116914877,0.8227004868050217,0.17729951319497828,0.19404183939652933,weak,Behavior difference within revised segment; use only for action personalization review.,"Descriptive EDA, not causality; subgroup size controls recommendation strength."
promo1,other_needs_review_residual,female,max_inactive_gap_days,recency_inactivity,3903,5.72764540097361,6.0,1.0,9.0,5.740723195957682,-0.013077794984072355,0.8227004868050217,0.17729951319497828,0.19404183939652933,weak,Behavior difference within revised segment; use only for action personalization review.,"Descriptive EDA, not causality; subgroup size controls recommendation strength."
promo1,other_needs_review_residual,female,is_only_w1,early_usage_pattern,3903,0.008198821419420958,0.0,0.0,0.0,0.008210958471498499,-1.2137052077540803e-05,0.8227004868050217,0.17729951319497828,0.19404183939652933,weak,Behavior difference within revised segment; use only for action personalization review.,"Descriptive EDA, not causality; subgroup size controls recommendation strength."
promo1,other_needs_review_residual,female,is_only_w2,early_usage_pattern,3903,0.09146810146041506,0.0,0.0,0.0,0.08826780356860887,0.003200297891806189,0.8227004868050217,0.17729951319497828,0.19404183939652933,weak,Behavior difference within revised segment; use only for action personalization review.,"Descriptive EDA, not causality; subgroup size controls recommendation strength."
promo1,other_needs_review_residual,female,is_only_w3,early_usage_pattern,3903,0.12708173200102485,0.0,0.0,0.0,0.129638402021159,-0.0025566700201341552,0.8227004868050217,0.17729951319497828,0.19404183939652933,weak,Behavior difference within revised segment; use only for action personalization review.,"Descriptive EDA, not causality; subgroup size controls recommendation strength."
promo1,other_needs_review_residual,female,genre_diversity_count,genre_preference,3903,2.8111708941839613,3.0,2.0,4.0,2.780514763934944,0.030656130249017366,0.8227004868050217,0.17729951319497828,0.19404183939652933,weak,Behavior difference within revised segment; use only for action personalization review.,"Descriptive EDA, not causality; subgroup size controls recommendation strength."
promo1,other_needs_review_residual,female,action_adventure_ratio,genre_preference,3903,0.07472399934275223,0.0,0.0,0.01262634314319415,0.07356613791376392,0.0011578614289883132,0.8227004868050217,0.17729951319497828,0.19404183939652933,weak,Behavior difference within revised segment; use only for action personalization review.,"Descriptive EDA, not causality; subgroup size controls recommendation strength."
promo1,other_needs_review_residual,female,family_animation_ratio,genre_preference,3903,0.11565002247852942,0.0,0.0,0.0059246275197195,0.11741907172377376,-0.0017690492452443474,0.8227004868050217,0.17729951319497828,0.19404183939652933,weak,Behavior difference within revised segment; use only for action personalization review.,"Descriptive EDA, not causality; subgroup size controls recommendation strength."
promo1,other_needs_review_residual,female,drama_ratio,genre_preference,3903,0.187983516726368,0.0025773195876288,0.0,0.2955747596524295,0.1899492875127101,-0.0019657707863420804,0.8227004868050217,0.17729951319497828,0.19404183939652933,weak,Behavior difference within revised segment; use only for action personalization review.,"Descriptive EDA, not causality; subgroup size controls recommendation strength."
promo1,other_needs_review_residual,female,thriller_crime_ratio,genre_preference,3903,0.08577422307663977,0.0,0.0,0.04386795944045585,0.0851427429595098,0.0006314801171299761,0.8227004868050217,0.17729951319497828,0.19404183939652933,weak,Behavior difference within revised segment; use only for action personalization review.,"Descriptive EDA, not causality; subgroup size controls recommendation strength."
promo1,other_needs_review_residual,female,sf_fantasy_ratio,genre_preference,3903,0.10737363016700974,0.0,0.0,0.0102566799915842,0.10424673737283761,0.003126892794172123,0.8227004868050217,0.17729951319497828,0.19404183939652933,weak,Behavior difference within revised segment; use only for action personalization review.,"Descriptive EDA, not causality; subgroup size controls recommendation strength."
promo1,other_needs_review_residual,female,comedy_ratio,genre_preference,3903,0.08890599729091202,0.0,0.0,0.023913871951219502,0.08612502936885676,0.0027809679220552608,0.8227004868050217,0.17729951319497828,0.19404183939652933,weak,Behavior difference within revised segment; use only for action personalization review.,"Descriptive EDA, not causality; subgroup size controls recommendation strength."
promo1,other_needs_review_residual,female,romance_ratio,genre_preference,3903,0.11056697291858697,0.0,0.0,0.0605213468535267,0.11069820988878654,-0.00013123697019956637,0.8227004868050217,0.17729951319497828,0.19404183939652933,weak,Behavior difference within revised segment; use only for action personalization review.,"Descriptive EDA, not causality; subgroup size controls recommendation strength."
promo1,other_needs_review_residual,female,horror_ratio,genre_preference,3903,0.018809050202983575,0.0,0.0,0.0,0.018636932861161984,0.00017211734182159127,0.8227004868050217,0.17729951319497828,0.19404183939652933,weak,Behavior difference within revised segment; use only for action personalization review.,"Descriptive EDA, not causality; subgroup size controls recommendation strength."
promo1,other_needs_review_residual,female,documentary_ratio,genre_preference,3903,0.016338455810823767,0.0,0.0,0.0,0.01659951598403351,-0.00026106017320974215,0.8227004868050217,0.17729951319497828,0.19404183939652933,weak,Behavior difference within revised segment; use only for action personalization review.,"Descriptive EDA, not causality; subgroup size controls recommendation strength."
promo1,other_needs_review_residual,female,historical_war_ratio,genre_preference,3903,0.061799431678460165,0.0,0.0,0.0,0.06161441111070649,0.00018502056775367148,0.8227004868050217,0.17729951319497828,0.19404183939652933,weak,Behavior difference within revised segment; use only for action personalization review.,"Descriptive EDA, not causality; subgroup size controls recommendation strength."
promo1,other_needs_review_residual,female,other_ratio,genre_preference,3903,0.025490021854461836,0.0,0.0,0.0,0.0267330144139179,-0.0012429925594560631,0.8227004868050217,0.17729951319497828,0.19404183939652933,weak,Behavior difference within revised segment; use only for action personalization review.,"Descriptive EDA, not causality; subgroup size controls recommendation strength."
promo1,other_needs_review_residual,male,watch_time_min_w1,weekly_usage,2428,74.69110378912686,1.0,0.0,105.25,80.12126954050213,-5.43016575137527,0.8134266886326195,0.18657331136738053,0.19412588958047225,moderate,Behavior difference within revised segment; use only for action personalization review.,"Descriptive EDA, not causality; subgroup size controls recommendation strength."
promo1,other_needs_review_residual,male,watch_time_min_w2,weekly_usage,2428,82.88756177924218,7.0,0.0,116.25,87.06221380072635,-4.174652021484178,0.8134266886326195,0.18657331136738053,0.19412588958047225,moderate,Behavior difference within revised segment; use only for action personalization review.,"Descriptive EDA, not causality; subgroup size controls recommendation strength."
promo1,other_needs_review_residual,male,watch_time_min_w3,weekly_usage,2428,92.51523887973642,49.0,0.0,134.0,93.14195483972841,-0.6267159599919978,0.8134266886326195,0.18657331136738053,0.19412588958047225,moderate,Behavior difference within revised segment; use only for action personalization review.,"Descriptive EDA, not causality; subgroup size controls recommendation strength."
promo1,other_needs_review_residual,male,watch_session_w1,weekly_sessions,2428,1.661861614497529,1.0,0.0,2.0,1.7819358913627033,-0.12007427686517436,0.8134266886326195,0.18657331136738053,0.19412588958047225,moderate,Behavior difference within revised segment; use only for action personalization review.,"Descriptive EDA, not causality; subgroup size controls recommendation strength."
promo1,other_needs_review_residual,male,watch_session_w2,weekly_sessions,2428,1.992998352553542,1.0,0.0,3.0,1.993999684193905,-0.001001331640362979,0.8134266886326195,0.18657331136738053,0.19412588958047225,weak,Behavior difference within revised segment; use only for action personalization review.,"Descriptive EDA, not causality; subgroup size controls recommendation strength."
promo1,other_needs_review_residual,male,watch_session_w3,weekly_sessions,2428,2.147034596375618,1.0,0.0,3.0,2.170377388283594,-0.023342791907976057,0.8134266886326195,0.18657331136738053,0.19412588958047225,weak,Behavior difference within revised segment; use only for action personalization review.,"Descriptive EDA, not causality; subgroup size controls recommendation strength."
promo1,other_needs_review_residual,male,total_watch_time_min,usage_volume,2428,250.09390444810543,186.5,83.0,348.0,260.3254381809569,-10.23153373285146,0.8134266886326195,0.18657331136738053,0.19412588958047225,moderate,Behavior difference within revised segment; use only for action personalization review.,"Descriptive EDA, not causality; subgroup size controls recommendation strength."
promo1,other_needs_review_residual,male,total_watch_count,usage_volume,2428,5.801894563426688,5.0,2.0,8.0,5.946312963840202,-0.14441840041351384,0.8134266886326195,0.18657331136738053,0.19412588958047225,moderate,Behavior difference within revised segment; use only for action personalization review.,"Descriptive EDA, not causality; subgroup size controls recommendation strength."
promo1,other_needs_review_residual,male,watch_days,usage_frequency,2428,2.993822075782537,3.0,2.0,4.0,3.077056687194063,-0.08323461141152588,0.8134266886326195,0.18657331136738053,0.19412588958047225,weak,Behavior difference within revised segment; use only for action personalization review.,"Descriptive EDA, not causality; subgroup size controls recommendation strength."
promo1,other_needs_review_residual,male,log_retention_w2_ratio,retention_ratio,2428,0.30486670523112236,0.0,-1.3624828373839555,2.4849066497880004,0.2770149530000864,0.027851752231035976,0.8134266886326195,0.18657331136738053,0.19412588958047225,weak,Behavior difference within revised segment; use only for action personalization review.,"Descriptive EDA, not causality; subgroup size controls recommendation strength."
promo1,other_needs_review_residual,male,log_retention_w3_ratio,retention_ratio,2428,0.5668441067931356,0.02957383625134725,-1.8392721270753167,4.158883083359672,0.5175122268493441,0.04933187994379151,0.8134266886326195,0.18657331136738053,0.19412588958047225,weak,Behavior difference within revised segment; use only for action personalization review.,"Descriptive EDA, not causality; subgroup size controls recommendation strength."
promo1,other_needs_review_residual,male,active_ratio,usage_concentration,2428,0.14256295598964455,0.1428571428571428,0.0952380952380952,0.1904761904761904,0.14652650891400296,-0.0039635529243584045,0.8134266886326195,0.18657331136738053,0.19412588958047225,weak,Behavior difference within revised segment; use only for action personalization review.,"Descriptive EDA, not causality; subgroup size controls recommendation strength."
promo1,other_needs_review_residual,male,recency,recency_inactivity,2428,5.824546952224052,4.0,1.0,8.0,5.80372651192168,0.020820440302371956,0.8134266886326195,0.18657331136738053,0.19412588958047225,weak,Behavior difference within revised segment; use only for action personalization review.,"Descriptive EDA, not causality; subgroup size controls recommendation strength."
promo1,other_needs_review_residual,male,max_inactive_gap_days,recency_inactivity,2428,5.7607084019769355,6.0,1.0,9.0,5.740723195957682,0.019985206019253354,0.8134266886326195,0.18657331136738053,0.19412588958047225,weak,Behavior difference within revised segment; use only for action personalization review.,"Descriptive EDA, not causality; subgroup size controls recommendation strength."
promo1,other_needs_review_residual,male,is_only_w1,early_usage_pattern,2428,0.008237232289950576,0.0,0.0,0.0,0.008210958471498499,2.6273818452077213e-05,0.8134266886326195,0.18657331136738053,0.19412588958047225,weak,Behavior difference within revised segment; use only for action personalization review.,"Descriptive EDA, not causality; subgroup size controls recommendation strength."
promo1,other_needs_review_residual,male,is_only_w2,early_usage_pattern,2428,0.08319604612850082,0.0,0.0,0.0,0.08826780356860887,-0.005071757440108057,0.8134266886326195,0.18657331136738053,0.19412588958047225,weak,Behavior difference within revised segment; use only for action personalization review.,"Descriptive EDA, not causality; subgroup size controls recommendation strength."
promo1,other_needs_review_residual,male,is_only_w3,early_usage_pattern,2428,0.13385502471169686,0.0,0.0,0.0,0.129638402021159,0.004216622690537852,0.8134266886326195,0.18657331136738053,0.19412588958047225,weak,Behavior difference within revised segment; use only for action personalization review.,"Descriptive EDA, not causality; subgroup size controls recommendation strength."
promo1,other_needs_review_residual,male,genre_diversity_count,genre_preference,2428,2.731054365733114,3.0,1.0,4.0,2.780514763934944,-0.049460398201830014,0.8134266886326195,0.18657331136738053,0.19412588958047225,weak,Behavior difference within revised segment; use only for action personalization review.,"Descriptive EDA, not causality; subgroup size controls recommendation strength."
promo1,other_needs_review_residual,male,action_adventure_ratio,genre_preference,2428,0.07176547857211903,0.0,0.0,0.008773991382687,0.07356613791376392,-0.001800659341644889,0.8134266886326195,0.18657331136738053,0.19412588958047225,weak,Behavior difference within revised segment; use only for action personalization review.,"Descriptive EDA, not causality; subgroup size controls recommendation strength."
promo1,other_needs_review_residual,male,family_animation_ratio,genre_preference,2428,0.1203595319163752,0.0,0.0,0.0042784458834412,0.11741907172377376,0.0029404601926014406,0.8134266886326195,0.18657331136738053,0.19412588958047225,weak,Behavior difference within revised segment; use only for action personalization review.,"Descriptive EDA, not causality; subgroup size controls recommendation strength."
promo1,other_needs_review_residual,male,drama_ratio,genre_preference,2428,0.19322269127802244,0.0,0.0,0.31944266495836,0.1899492875127101,0.0032734037653123493,0.8134266886326195,0.18657331136738053,0.19412588958047225,weak,Behavior difference within revised segment; use only for action personalization review.,"Descriptive EDA, not causality; subgroup size controls recommendation strength."
promo1,other_needs_review_residual,male,thriller_crime_ratio,genre_preference,2428,0.08419777532720361,0.0,0.0,0.03683278867102392,0.0851427429595098,-0.0009449676323061845,0.8134266886326195,0.18657331136738053,0.19412588958047225,weak,Behavior difference within revised segment; use only for action personalization review.,"Descriptive EDA, not causality; subgroup size controls recommendation strength."
promo1,other_needs_review_residual,male,sf_fantasy_ratio,genre_preference,2428,0.09902769888892643,0.0,0.0,0.005665859564164575,0.10424673737283761,-0.005219038483911184,0.8134266886326195,0.18657331136738053,0.19412588958047225,weak,Behavior difference within revised segment; use only for action personalization review.,"Descriptive EDA, not causality; subgroup size controls recommendation strength."
promo1,other_needs_review_residual,male,comedy_ratio,genre_preference,2428,0.08122719406419697,0.0,0.0,0.010025252525252526,0.08612502936885676,-0.004897835304659787,0.8134266886326195,0.18657331136738053,0.19412588958047225,weak,Behavior difference within revised segment; use only for action personalization review.,"Descriptive EDA, not causality; subgroup size controls recommendation strength."
promo1,other_needs_review_residual,male,romance_ratio,genre_preference,2428,0.11100035746476118,0.0,0.0,0.08239855259757042,0.11069820988878654,0.0003021475759746456,0.8134266886326195,0.18657331136738053,0.19412588958047225,weak,Behavior difference within revised segment; use only for action personalization review.,"Descriptive EDA, not causality; subgroup size controls recommendation strength."
promo1,other_needs_review_residual,male,horror_ratio,genre_preference,2428,0.018375606617584004,0.0,0.0,0.0,0.018636932861161984,-0.00026132624357797993,0.8134266886326195,0.18657331136738053,0.19412588958047225,weak,Behavior difference within revised segment; use only for action personalization review.,"Descriptive EDA, not causality; subgroup size controls recommendation strength."
promo1,other_needs_review_residual,male,documentary_ratio,genre_preference,2428,0.01703187573286601,0.0,0.0,0.0,0.01659951598403351,0.0004323597488324997,0.8134266886326195,0.18657331136738053,0.19412588958047225,weak,Behavior difference within revised segment; use only for action personalization review.,"Descriptive EDA, not causality; subgroup size controls recommendation strength."
promo1,other_needs_review_residual,male,historical_war_ratio,genre_preference,2428,0.0613677445317439,0.0,0.0,0.0,0.06161441111070649,-0.0002466665789625927,0.8134266886326195,0.18657331136738053,0.19412588958047225,weak,Behavior difference within revised segment; use only for action personalization review.,"Descriptive EDA, not causality; subgroup size controls recommendation strength."
promo1,other_needs_review_residual,male,other_ratio,genre_preference,2428,0.02875024000488319,0.0,0.0,0.0,0.0267330144139179,0.0020172255909652916,0.8134266886326195,0.18657331136738053,0.19412588958047225,weak,Behavior difference within revised segment; use only for action personalization review.,"Descriptive EDA, not causality; subgroup size controls recommendation strength."
promo1,other_needs_review_residual,unknown_or_unreported,watch_time_min_w1,weekly_usage,2,84.5,84.5,59.75,109.25,80.12126954050213,4.3787304594978735,1.0,0.0,0.13448218159214936,weak,Behavior difference within revised segment; use only for action personalization review.,"Descriptive EDA, not causality; subgroup size controls recommendation strength."
promo1,other_needs_review_residual,unknown_or_unreported,watch_time_min_w2,weekly_usage,2,203.5,203.5,155.25,251.75,87.06221380072635,116.43778619927365,1.0,0.0,0.13448218159214936,weak,Behavior difference within revised segment; use only for action personalization review.,"Descriptive EDA, not causality; subgroup size controls recommendation strength."
promo1,other_needs_review_residual,unknown_or_unreported,watch_time_min_w3,weekly_usage,2,92.5,92.5,46.25,138.75,93.14195483972841,-0.6419548397284132,1.0,0.0,0.13448218159214936,weak,Behavior difference within revised segment; use only for action personalization review.,"Descriptive EDA, not causality; subgroup size controls recommendation strength."
promo1,other_needs_review_residual,unknown_or_unreported,watch_session_w1,weekly_sessions,2,1.0,1.0,1.0,1.0,1.7819358913627033,-0.7819358913627033,1.0,0.0,0.13448218159214936,weak,Behavior difference within revised segment; use only for action personalization review.,"Descriptive EDA, not causality; subgroup size controls recommendation strength."
promo1,other_needs_review_residual,unknown_or_unreported,watch_session_w2,weekly_sessions,2,1.5,1.5,1.25,1.75,1.993999684193905,-0.49399968419390494,1.0,0.0,0.13448218159214936,weak,Behavior difference within revised segment; use only for action personalization review.,"Descriptive EDA, not causality; subgroup size controls recommendation strength."
promo1,other_needs_review_residual,unknown_or_unreported,watch_session_w3,weekly_sessions,2,2.5,2.5,1.25,3.75,2.170377388283594,0.32962261171640606,1.0,0.0,0.13448218159214936,weak,Behavior difference within revised segment; use only for action personalization review.,"Descriptive EDA, not causality; subgroup size controls recommendation strength."
promo1,other_needs_review_residual,unknown_or_unreported,total_watch_time_min,usage_volume,2,380.5,380.5,357.75,403.25,260.3254381809569,120.1745618190431,1.0,0.0,0.13448218159214936,weak,Behavior difference within revised segment; use only for action personalization review.,"Descriptive EDA, not causality; subgroup size controls recommendation strength."
promo1,other_needs_review_residual,unknown_or_unreported,total_watch_count,usage_volume,2,5.0,5.0,4.0,6.0,5.946312963840202,-0.9463129638402021,1.0,0.0,0.13448218159214936,weak,Behavior difference within revised segment; use only for action personalization review.,"Descriptive EDA, not causality; subgroup size controls recommendation strength."
promo1,other_needs_review_residual,unknown_or_unreported,watch_days,usage_frequency,2,3.0,3.0,2.5,3.5,3.077056687194063,-0.07705668719406278,1.0,0.0,0.13448218159214936,weak,Behavior difference within revised segment; use only for action personalization review.,"Descriptive EDA, not causality; subgroup size controls recommendation strength."
promo1,other_needs_review_residual,unknown_or_unreported,log_retention_w2_ratio,retention_ratio,2,0.9502238874892777,0.9502238874892777,0.363540168087534,1.5369076068910212,0.2770149530000864,0.6732089344891913,1.0,0.0,0.13448218159214936,weak,Behavior difference within revised segment; use only for action personalization review.,"Descriptive EDA, not causality; subgroup size controls recommendation strength."
promo1,other_needs_review_residual,unknown_or_unreported,log_retention_w3_ratio,retention_ratio,2,-2.581747409079951,-2.581747409079951,-4.144428836914417,-1.0190659812454848,0.5175122268493441,-3.099259635929295,1.0,0.0,0.13448218159214936,weak,Behavior difference within revised segment; use only for action personalization review.,"Descriptive EDA, not causality; subgroup size controls recommendation strength."
promo1,other_needs_review_residual,unknown_or_unreported,active_ratio,usage_concentration,2,0.1428571428571428,0.1428571428571428,0.11904761904761901,0.1666666666666666,0.14652650891400296,-0.0036693660568601627,1.0,0.0,0.13448218159214936,weak,Behavior difference within revised segment; use only for action personalization review.,"Descriptive EDA, not causality; subgroup size controls recommendation strength."
promo1,other_needs_review_residual,unknown_or_unreported,recency,recency_inactivity,2,5.5,5.5,4.75,6.25,5.80372651192168,-0.3037265119216803,1.0,0.0,0.13448218159214936,weak,Behavior difference within revised segment; use only for action personalization review.,"Descriptive EDA, not causality; subgroup size controls recommendation strength."
promo1,other_needs_review_residual,unknown_or_unreported,max_inactive_gap_days,recency_inactivity,2,7.0,7.0,7.0,7.0,5.740723195957682,1.259276804042318,1.0,0.0,0.13448218159214936,weak,Behavior difference within revised segment; use only for action personalization review.,"Descriptive EDA, not causality; subgroup size controls recommendation strength."
promo1,other_needs_review_residual,unknown_or_unreported,is_only_w1,early_usage_pattern,2,0.0,0.0,0.0,0.0,0.008210958471498499,-0.008210958471498499,1.0,0.0,0.13448218159214936,weak,Behavior difference within revised segment; use only for action personalization review.,"Descriptive EDA, not causality; subgroup size controls recommendation strength."
promo1,other_needs_review_residual,unknown_or_unreported,is_only_w2,early_usage_pattern,2,0.0,0.0,0.0,0.0,0.08826780356860887,-0.08826780356860887,1.0,0.0,0.13448218159214936,weak,Behavior difference within revised segment; use only for action personalization review.,"Descriptive EDA, not causality; subgroup size controls recommendation strength."
promo1,other_needs_review_residual,unknown_or_unreported,is_only_w3,early_usage_pattern,2,0.0,0.0,0.0,0.0,0.129638402021159,-0.129638402021159,1.0,0.0,0.13448218159214936,weak,Behavior difference within revised segment; use only for action personalization review.,"Descriptive EDA, not causality; subgroup size controls recommendation strength."
promo1,other_needs_review_residual,unknown_or_unreported,genre_diversity_count,genre_preference,2,3.0,3.0,2.5,3.5,2.780514763934944,0.2194852360650561,1.0,0.0,0.13448218159214936,weak,Behavior difference within revised segment; use only for action personalization review.,"Descriptive EDA, not causality; subgroup size controls recommendation strength."
promo1,other_needs_review_residual,unknown_or_unreported,action_adventure_ratio,genre_preference,2,0.0,0.0,0.0,0.0,0.07356613791376392,-0.07356613791376392,1.0,0.0,0.13448218159214936,weak,Behavior difference within revised segment; use only for action personalization review.,"Descriptive EDA, not causality; subgroup size controls recommendation strength."
promo1,other_needs_review_residual,unknown_or_unreported,family_animation_ratio,genre_preference,2,0.0,0.0,0.0,0.0,0.11741907172377376,-0.11741907172377376,1.0,0.0,0.13448218159214936,weak,Behavior difference within revised segment; use only for action personalization review.,"Descriptive EDA, not causality; subgroup size controls recommendation strength."
promo1,other_needs_review_residual,unknown_or_unreported,drama_ratio,genre_preference,2,0.05223880597014925,0.05223880597014925,0.026119402985074626,0.07835820895522388,0.1899492875127101,-0.13771048154256083,1.0,0.0,0.13448218159214936,weak,Behavior difference within revised segment; use only for action personalization review.,"Descriptive EDA, not causality; subgroup size controls recommendation strength."
promo1,other_needs_review_residual,unknown_or_unreported,thriller_crime_ratio,genre_preference,2,0.0,0.0,0.0,0.0,0.0851427429595098,-0.0851427429595098,1.0,0.0,0.13448218159214936,weak,Behavior difference within revised segment; use only for action personalization review.,"Descriptive EDA, not causality; subgroup size controls recommendation strength."
promo1,other_needs_review_residual,unknown_or_unreported,sf_fantasy_ratio,genre_preference,2,0.3380281690140845,0.3380281690140845,0.16901408450704225,0.5070422535211268,0.10424673737283761,0.23378143164124687,1.0,0.0,0.13448218159214936,weak,Behavior difference within revised segment; use only for action personalization review.,"Descriptive EDA, not causality; subgroup size controls recommendation strength."
promo1,other_needs_review_residual,unknown_or_unreported,comedy_ratio,genre_preference,2,0.6050381893350151,0.6050381893350151,0.45979608997267185,0.7502802886973583,0.08612502936885676,0.5189131599661583,1.0,0.0,0.13448218159214936,weak,Behavior difference within revised segment; use only for action personalization review.,"Descriptive EDA, not causality; subgroup size controls recommendation strength."
promo1,other_needs_review_residual,unknown_or_unreported,romance_ratio,genre_preference,2,0.0,0.0,0.0,0.0,0.11069820988878654,-0.11069820988878654,1.0,0.0,0.13448218159214936,weak,Behavior difference within revised segment; use only for action personalization review.,"Descriptive EDA, not causality; subgroup size controls recommendation strength."
promo1,other_needs_review_residual,unknown_or_unreported,horror_ratio,genre_preference,2,0.0,0.0,0.0,0.0,0.018636932861161984,-0.018636932861161984,1.0,0.0,0.13448218159214936,weak,Behavior difference within revised segment; use only for action personalization review.,"Descriptive EDA, not causality; subgroup size controls recommendation strength."
promo1,other_needs_review_residual,unknown_or_unreported,documentary_ratio,genre_preference,2,0.00117370892018775,0.00117370892018775,0.000586854460093875,0.0017605633802816251,0.01659951598403351,-0.01542580706384576,1.0,0.0,0.13448218159214936,weak,Behavior difference within revised segment; use only for action personalization review.,"Descriptive EDA, not causality; subgroup size controls recommendation strength."
promo1,other_needs_review_residual,unknown_or_unreported,historical_war_ratio,genre_preference,2,0.0,0.0,0.0,0.0,0.06161441111070649,-0.06161441111070649,1.0,0.0,0.13448218159214936,weak,Behavior difference within revised segment; use only for action personalization review.,"Descriptive EDA, not causality; subgroup size controls recommendation strength."
promo1,other_needs_review_residual,unknown_or_unreported,other_ratio,genre_preference,2,0.00352112676056335,0.00352112676056335,0.001760563380281675,0.005281690140845025,0.0267330144139179,-0.023211887653354548,1.0,0.0,0.13448218159214936,weak,Behavior difference within revised segment; use only for action personalization review.,"Descriptive EDA, not causality; subgroup size controls recommendation strength."
promo1,stable_usage_lower_risk,female,watch_time_min_w1,weekly_usage,1254,173.85885167464116,117.0,15.25,249.5,173.48524262131065,0.37360905333051164,0.8819776714513556,0.11802232854864436,0.13279438550409287,moderate,Behavior difference within revised segment; use only for action personalization review.,"Descriptive EDA, not causality; subgroup size controls recommendation strength."
promo1,stable_usage_lower_risk,female,watch_time_min_w2,weekly_usage,1254,239.04465709728868,194.0,102.25,320.75,236.57378689344674,2.4708702038419403,0.8819776714513556,0.11802232854864436,0.13279438550409287,moderate,Behavior difference within revised segment; use only for action personalization review.,"Descriptive EDA, not causality; subgroup size controls recommendation strength."
promo1,stable_usage_lower_risk,female,watch_time_min_w3,weekly_usage,1254,268.76874003189795,219.0,131.0,330.75,265.42921460730366,3.339525424594285,0.8819776714513556,0.11802232854864436,0.13279438550409287,moderate,Behavior difference within revised segment; use only for action personalization review.,"Descriptive EDA, not causality; subgroup size controls recommendation strength."
promo1,stable_usage_lower_risk,female,watch_session_w1,weekly_sessions,1254,3.4290271132376398,3.0,1.0,5.0,3.4317158579289644,-0.0026887446913246293,0.8819776714513556,0.11802232854864436,0.13279438550409287,weak,Behavior difference within revised segment; use only for action personalization review.,"Descriptive EDA, not causality; subgroup size controls recommendation strength."
promo1,stable_usage_lower_risk,female,watch_session_w2,weekly_sessions,1254,4.6650717703349285,4.0,2.0,6.0,4.620810405202601,0.04426136513232759,0.8819776714513556,0.11802232854864436,0.13279438550409287,weak,Behavior difference within revised segment; use only for action personalization review.,"Descriptive EDA, not causality; subgroup size controls recommendation strength."
promo1,stable_usage_lower_risk,female,watch_session_w3,weekly_sessions,1254,5.371610845295056,4.0,3.0,7.0,5.225112556278139,0.14649828901691642,0.8819776714513556,0.11802232854864436,0.13279438550409287,moderate,Behavior difference within revised segment; use only for action personalization review.,"Descriptive EDA, not causality; subgroup size controls recommendation strength."
promo1,stable_usage_lower_risk,female,total_watch_time_min,usage_volume,1254,681.6722488038278,580.0,398.25,875.0,675.488244122061,6.184004681766737,0.8819776714513556,0.11802232854864436,0.13279438550409287,moderate,Behavior difference within revised segment; use only for action personalization review.,"Descriptive EDA, not causality; subgroup size controls recommendation strength."
promo1,stable_usage_lower_risk,female,total_watch_count,usage_volume,1254,13.465709728867624,12.0,9.0,16.0,13.277638819409704,0.18807090945792027,0.8819776714513556,0.11802232854864436,0.13279438550409287,moderate,Behavior difference within revised segment; use only for action personalization review.,"Descriptive EDA, not causality; subgroup size controls recommendation strength."
promo1,stable_usage_lower_risk,female,watch_days,usage_frequency,1254,7.094098883572568,7.0,5.0,8.0,7.094047023511756,5.1860060811925734e-05,0.8819776714513556,0.11802232854864436,0.13279438550409287,weak,Behavior difference within revised segment; use only for action personalization review.,"Descriptive EDA, not causality; subgroup size controls recommendation strength."
promo1,stable_usage_lower_risk,female,log_retention_w2_ratio,retention_ratio,1254,1.068608282879875,0.43793093036204944,-0.3817570441204927,1.7487969538356736,1.042463910927647,0.026144371952228074,0.8819776714513556,0.11802232854864436,0.13279438550409287,weak,Behavior difference within revised segment; use only for action personalization review.,"Descriptive EDA, not causality; subgroup size controls recommendation strength."
promo1,stable_usage_lower_risk,female,log_retention_w3_ratio,retention_ratio,1254,0.27304678233036517,0.08492748426997895,-0.5328849794178232,0.758487510912033,0.2488649891800743,0.02418179315029087,0.8819776714513556,0.11802232854864436,0.13279438550409287,weak,Behavior difference within revised segment; use only for action personalization review.,"Descriptive EDA, not causality; subgroup size controls recommendation strength."
promo1,stable_usage_lower_risk,female,active_ratio,usage_concentration,1254,0.3378142325510746,0.3333333333333333,0.238095238095238,0.3809523809523809,0.33781176302436927,2.469526705350944e-06,0.8819776714513556,0.11802232854864436,0.13279438550409287,weak,Behavior difference within revised segment; use only for action personalization review.,"Descriptive EDA, not causality; subgroup size controls recommendation strength."
promo1,stable_usage_lower_risk,female,recency,recency_inactivity,1254,1.5303030303030303,1.0,0.0,2.0,1.5657828914457228,-0.035479861142692526,0.8819776714513556,0.11802232854864436,0.13279438550409287,weak,Behavior difference within revised segment; use only for action personalization review.,"Descriptive EDA, not causality; subgroup size controls recommendation strength."
promo1,stable_usage_lower_risk,female,max_inactive_gap_days,recency_inactivity,1254,5.891547049441786,6.0,4.0,7.0,5.934467233616808,-0.04292018417502241,0.8819776714513556,0.11802232854864436,0.13279438550409287,weak,Behavior difference within revised segment; use only for action personalization review.,"Descriptive EDA, not causality; subgroup size controls recommendation strength."
promo1,stable_usage_lower_risk,female,is_only_w1,early_usage_pattern,1254,0.0,0.0,0.0,0.0,0.0,0.0,0.8819776714513556,0.11802232854864436,0.13279438550409287,weak,Behavior difference within revised segment; use only for action personalization review.,"Descriptive EDA, not causality; subgroup size controls recommendation strength."
promo1,stable_usage_lower_risk,female,is_only_w2,early_usage_pattern,1254,0.0,0.0,0.0,0.0,0.0,0.0,0.8819776714513556,0.11802232854864436,0.13279438550409287,weak,Behavior difference within revised segment; use only for action personalization review.,"Descriptive EDA, not causality; subgroup size controls recommendation strength."
promo1,stable_usage_lower_risk,female,is_only_w3,early_usage_pattern,1254,0.007974481658692184,0.0,0.0,0.0,0.0065032516258129065,0.0014712300328792779,0.8819776714513556,0.11802232854864436,0.13279438550409287,weak,Behavior difference within revised segment; use only for action personalization review.,"Descriptive EDA, not causality; subgroup size controls recommendation strength."
promo1,stable_usage_lower_risk,female,genre_diversity_count,genre_preference,1254,4.672248803827751,5.0,3.0,6.0,4.680840420210105,-0.008591616382354061,0.8819776714513556,0.11802232854864436,0.13279438550409287,weak,Behavior difference within revised segment; use only for action personalization review.,"Descriptive EDA, not causality; subgroup size controls recommendation strength."
promo1,stable_usage_lower_risk,female,action_adventure_ratio,genre_preference,1254,0.09291480837482911,0.0022857889237199,0.0,0.15645303601507982,0.09478683147213585,-0.0018720230973067326,0.8819776714513556,0.11802232854864436,0.13279438550409287,weak,Behavior difference within revised segment; use only for action personalization review.,"Descriptive EDA, not causality; subgroup size controls recommendation strength."
promo1,stable_usage_lower_risk,female,family_animation_ratio,genre_preference,1254,0.1094396462410356,0.0,0.0,0.11041141897565071,0.10979260394563453,-0.0003529577045989357,0.8819776714513556,0.11802232854864436,0.13279438550409287,weak,Behavior difference within revised segment; use only for action personalization review.,"Descriptive EDA, not causality; subgroup size controls recommendation strength."
promo1,stable_usage_lower_risk,female,drama_ratio,genre_preference,1254,0.19546593170411328,0.1401159959383289,0.0,0.3058531397281822,0.19639005109980978,-0.0009241193956965044,0.8819776714513556,0.11802232854864436,0.13279438550409287,weak,Behavior difference within revised segment; use only for action personalization review.,"Descriptive EDA, not causality; subgroup size controls recommendation strength."
promo1,stable_usage_lower_risk,female,thriller_crime_ratio,genre_preference,1254,0.11718008219561875,0.0222884460172595,0.0,0.20397808403792778,0.11739170931736576,-0.00021162712174700726,0.8819776714513556,0.11802232854864436,0.13279438550409287,weak,Behavior difference within revised segment; use only for action personalization review.,"Descriptive EDA, not causality; subgroup size controls recommendation strength."
promo1,stable_usage_lower_risk,female,sf_fantasy_ratio,genre_preference,1254,0.11710364104469059,0.0,0.0,0.1548665932587327,0.11929153428540977,-0.002187893240719177,0.8819776714513556,0.11802232854864436,0.13279438550409287,weak,Behavior difference within revised segment; use only for action personalization review.,"Descriptive EDA, not causality; subgroup size controls recommendation strength."
promo1,stable_usage_lower_risk,female,comedy_ratio,genre_preference,1254,0.09209505798881892,0.00210305174701455,0.0,0.14408591151816522,0.08880396833186098,0.0032910896569579434,0.8819776714513556,0.11802232854864436,0.13279438550409287,weak,Behavior difference within revised segment; use only for action personalization review.,"Descriptive EDA, not causality; subgroup size controls recommendation strength."
promo1,stable_usage_lower_risk,female,romance_ratio,genre_preference,1254,0.11517752806618908,0.0035546729019160003,0.0,0.1875992019507869,0.11377588552163717,0.001401642544551912,0.8819776714513556,0.11802232854864436,0.13279438550409287,weak,Behavior difference within revised segment; use only for action personalization review.,"Descriptive EDA, not causality; subgroup size controls recommendation strength."
promo1,stable_usage_lower_risk,female,horror_ratio,genre_preference,1254,0.026052242778091084,0.0,0.0,0.0,0.025486715076408352,0.0005655277016827324,0.8819776714513556,0.11802232854864436,0.13279438550409287,weak,Behavior difference within revised segment; use only for action personalization review.,"Descriptive EDA, not causality; subgroup size controls recommendation strength."
promo1,stable_usage_lower_risk,female,documentary_ratio,genre_preference,1254,0.01614102063191519,0.0,0.0,0.0,0.017594150505055795,-0.0014531298731406059,0.8819776714513556,0.11802232854864436,0.13279438550409287,weak,Behavior difference within revised segment; use only for action personalization review.,"Descriptive EDA, not causality; subgroup size controls recommendation strength."
promo1,stable_usage_lower_risk,female,historical_war_ratio,genre_preference,1254,0.08739163382418033,0.0,0.0,0.1420517059346521,0.08576083161427717,0.001630802209903165,0.8819776714513556,0.11802232854864436,0.13279438550409287,weak,Behavior difference within revised segment; use only for action personalization review.,"Descriptive EDA, not causality; subgroup size controls recommendation strength."
promo1,stable_usage_lower_risk,female,other_ratio,genre_preference,1254,0.03103840715051798,0.0,0.0,0.0,0.030925718830404715,0.00011268832011326543,0.8819776714513556,0.11802232854864436,0.13279438550409287,weak,Behavior difference within revised segment; use only for action personalization review.,"Descriptive EDA, not causality; subgroup size controls recommendation strength."
promo1,stable_usage_lower_risk,male,watch_time_min_w1,weekly_usage,744,172.875,125.5,29.75,255.25,173.48524262131065,-0.6102426213106469,0.8776881720430108,0.12231182795698925,0.13628138856071903,moderate,Behavior difference within revised segment; use only for action personalization review.,"Descriptive EDA, not causality; subgroup size controls recommendation strength."
promo1,stable_usage_lower_risk,male,watch_time_min_w2,weekly_usage,744,232.55913978494624,197.0,104.75,310.0,236.57378689344674,-4.0146471085004976,0.8776881720430108,0.12231182795698925,0.13628138856071903,moderate,Behavior difference within revised segment; use only for action personalization review.,"Descriptive EDA, not causality; subgroup size controls recommendation strength."
promo1,stable_usage_lower_risk,male,watch_time_min_w3,weekly_usage,744,259.59005376344084,206.0,133.0,316.25,265.42921460730366,-5.839160843862828,0.8776881720430108,0.12231182795698925,0.13628138856071903,moderate,Behavior difference within revised segment; use only for action personalization review.,"Descriptive EDA, not causality; subgroup size controls recommendation strength."
promo1,stable_usage_lower_risk,male,watch_session_w1,weekly_sessions,744,3.4368279569892475,3.0,1.0,5.0,3.4317158579289644,0.005112099060283093,0.8776881720430108,0.12231182795698925,0.13628138856071903,weak,Behavior difference within revised segment; use only for action personalization review.,"Descriptive EDA, not causality; subgroup size controls recommendation strength."
promo1,stable_usage_lower_risk,male,watch_session_w2,weekly_sessions,744,4.547043010752688,4.0,2.0,6.0,4.620810405202601,-0.07376739444991287,0.8776881720430108,0.12231182795698925,0.13628138856071903,weak,Behavior difference within revised segment; use only for action personalization review.,"Descriptive EDA, not causality; subgroup size controls recommendation strength."
promo1,stable_usage_lower_risk,male,watch_session_w3,weekly_sessions,744,4.974462365591398,4.0,3.0,6.0,5.225112556278139,-0.2506501906867413,0.8776881720430108,0.12231182795698925,0.13628138856071903,moderate,Behavior difference within revised segment; use only for action personalization review.,"Descriptive EDA, not causality; subgroup size controls recommendation strength."
promo1,stable_usage_lower_risk,male,total_watch_time_min,usage_volume,744,665.0241935483871,593.5,416.5,823.0,675.488244122061,-10.464050573673944,0.8776881720430108,0.12231182795698925,0.13628138856071903,moderate,Behavior difference within revised segment; use only for action personalization review.,"Descriptive EDA, not causality; subgroup size controls recommendation strength."
promo1,stable_usage_lower_risk,male,total_watch_count,usage_volume,744,12.958333333333334,12.0,9.0,15.0,13.277638819409704,-0.3193054860763702,0.8776881720430108,0.12231182795698925,0.13628138856071903,moderate,Behavior difference within revised segment; use only for action personalization review.,"Descriptive EDA, not causality; subgroup size controls recommendation strength."
promo1,stable_usage_lower_risk,male,watch_days,usage_frequency,744,7.091397849462366,6.0,5.0,8.0,7.094047023511756,-0.002649174049389913,0.8776881720430108,0.12231182795698925,0.13628138856071903,weak,Behavior difference within revised segment; use only for action personalization review.,"Descriptive EDA, not causality; subgroup size controls recommendation strength."
promo1,stable_usage_lower_risk,male,log_retention_w2_ratio,retention_ratio,744,1.0001202461307597,0.3318964541784457,-0.41364012863513183,1.4386334515787498,1.042463910927647,-0.04234366479688734,0.8776881720430108,0.12231182795698925,0.13628138856071903,weak,Behavior difference within revised segment; use only for action personalization review.,"Descriptive EDA, not causality; subgroup size controls recommendation strength."
promo1,stable_usage_lower_risk,male,log_retention_w3_ratio,retention_ratio,744,0.20681365330187607,0.0629988917297481,-0.544811430905032,0.6941372808639695,0.2488649891800743,-0.04205133587819823,0.8776881720430108,0.12231182795698925,0.13628138856071903,weak,Behavior difference within revised segment; use only for action personalization review.,"Descriptive EDA, not causality; subgroup size controls recommendation strength."
promo1,stable_usage_lower_risk,male,active_ratio,usage_concentration,744,0.3376856118791602,0.2857142857142857,0.238095238095238,0.3809523809523809,0.33781176302436927,-0.00012615114520908577,0.8776881720430108,0.12231182795698925,0.13628138856071903,weak,Behavior difference within revised segment; use only for action personalization review.,"Descriptive EDA, not causality; subgroup size controls recommendation strength."
promo1,stable_usage_lower_risk,male,recency,recency_inactivity,744,1.6263440860215055,1.0,0.0,3.0,1.5657828914457228,0.060561194575782684,0.8776881720430108,0.12231182795698925,0.13628138856071903,weak,Behavior difference within revised segment; use only for action personalization review.,"Descriptive EDA, not causality; subgroup size controls recommendation strength."
promo1,stable_usage_lower_risk,male,max_inactive_gap_days,recency_inactivity,744,6.008064516129032,6.0,5.0,7.0,5.934467233616808,0.07359728251222375,0.8776881720430108,0.12231182795698925,0.13628138856071903,weak,Behavior difference within revised segment; use only for action personalization review.,"Descriptive EDA, not causality; subgroup size controls recommendation strength."
promo1,stable_usage_lower_risk,male,is_only_w1,early_usage_pattern,744,0.0,0.0,0.0,0.0,0.0,0.0,0.8776881720430108,0.12231182795698925,0.13628138856071903,weak,Behavior difference within revised segment; use only for action personalization review.,"Descriptive EDA, not causality; subgroup size controls recommendation strength."
promo1,stable_usage_lower_risk,male,is_only_w2,early_usage_pattern,744,0.0,0.0,0.0,0.0,0.0,0.0,0.8776881720430108,0.12231182795698925,0.13628138856071903,weak,Behavior difference within revised segment; use only for action personalization review.,"Descriptive EDA, not causality; subgroup size controls recommendation strength."
promo1,stable_usage_lower_risk,male,is_only_w3,early_usage_pattern,744,0.004032258064516129,0.0,0.0,0.0,0.0065032516258129065,-0.0024709935612967776,0.8776881720430108,0.12231182795698925,0.13628138856071903,weak,Behavior difference within revised segment; use only for action personalization review.,"Descriptive EDA, not causality; subgroup size controls recommendation strength."
promo1,stable_usage_lower_risk,male,genre_diversity_count,genre_preference,744,4.693548387096774,5.0,3.0,6.0,4.680840420210105,0.012707966886669197,0.8776881720430108,0.12231182795698925,0.13628138856071903,weak,Behavior difference within revised segment; use only for action personalization review.,"Descriptive EDA, not causality; subgroup size controls recommendation strength."
promo1,stable_usage_lower_risk,male,action_adventure_ratio,genre_preference,744,0.09787721360306295,0.0017757443681741,0.0,0.1634722158840262,0.09478683147213585,0.003090382130927105,0.8776881720430108,0.12231182795698925,0.13628138856071903,weak,Behavior difference within revised segment; use only for action personalization review.,"Descriptive EDA, not causality; subgroup size controls recommendation strength."
promo1,stable_usage_lower_risk,male,family_animation_ratio,genre_preference,744,0.11053507916809781,0.0,0.0,0.1242865829822351,0.10979260394563453,0.0007424752224632764,0.8776881720430108,0.12231182795698925,0.13628138856071903,weak,Behavior difference within revised segment; use only for action personalization review.,"Descriptive EDA, not causality; subgroup size controls recommendation strength."
promo1,stable_usage_lower_risk,male,drama_ratio,genre_preference,744,0.19816210563991168,0.142314313821938,0.0,0.33781683713229604,0.19639005109980978,0.0017720545401019028,0.8776881720430108,0.12231182795698925,0.13628138856071903,weak,Behavior difference within revised segment; use only for action personalization review.,"Descriptive EDA, not causality; subgroup size controls recommendation strength."
promo1,stable_usage_lower_risk,male,thriller_crime_ratio,genre_preference,744,0.11713895473435916,0.0188232645172478,0.0,0.2023584466381076,0.11739170931736576,-0.00025275458300659526,0.8776881720430108,0.12231182795698925,0.13628138856071903,weak,Behavior difference within revised segment; use only for action personalization review.,"Descriptive EDA, not causality; subgroup size controls recommendation strength."
promo1,stable_usage_lower_risk,male,sf_fantasy_ratio,genre_preference,744,0.12313953113775825,0.0,0.0,0.20642609167985257,0.11929153428540977,0.003847996852348476,0.8776881720430108,0.12231182795698925,0.13628138856071903,weak,Behavior difference within revised segment; use only for action personalization review.,"Descriptive EDA, not causality; subgroup size controls recommendation strength."
promo1,stable_usage_lower_risk,male,comedy_ratio,genre_preference,744,0.08337434616507565,0.0008926130113249,0.0,0.1488537938920167,0.08880396833186098,-0.005429622166785331,0.8776881720430108,0.12231182795698925,0.13628138856071903,weak,Behavior difference within revised segment; use only for action personalization review.,"Descriptive EDA, not causality; subgroup size controls recommendation strength."
promo1,stable_usage_lower_risk,male,romance_ratio,genre_preference,744,0.11155494136986858,0.00142787355736935,0.0,0.18820501952711088,0.11377588552163717,-0.0022209441517685863,0.8776881720430108,0.12231182795698925,0.13628138856071903,weak,Behavior difference within revised segment; use only for action personalization review.,"Descriptive EDA, not causality; subgroup size controls recommendation strength."
promo1,stable_usage_lower_risk,male,horror_ratio,genre_preference,744,0.024246040622951385,0.0,0.0,0.0,0.025486715076408352,-0.001240674453456967,0.8776881720430108,0.12231182795698925,0.13628138856071903,weak,Behavior difference within revised segment; use only for action personalization review.,"Descriptive EDA, not causality; subgroup size controls recommendation strength."
promo1,stable_usage_lower_risk,male,documentary_ratio,genre_preference,744,0.020067025520409794,0.0,0.0,0.0,0.017594150505055795,0.0024728750153539987,0.8776881720430108,0.12231182795698925,0.13628138856071903,weak,Behavior difference within revised segment; use only for action personalization review.,"Descriptive EDA, not causality; subgroup size controls recommendation strength."
promo1,stable_usage_lower_risk,male,historical_war_ratio,genre_preference,744,0.08312741072771229,0.0,0.0,0.10709231841510547,0.08576083161427717,-0.0026334208865648745,0.8776881720430108,0.12231182795698925,0.13628138856071903,weak,Behavior difference within revised segment; use only for action personalization review.,"Descriptive EDA, not causality; subgroup size controls recommendation strength."
promo1,stable_usage_lower_risk,male,other_ratio,genre_preference,744,0.0307773513107923,0.0,0.0,0.0,0.030925718830404715,-0.00014836751961241554,0.8776881720430108,0.12231182795698925,0.13628138856071903,weak,Behavior difference within revised segment; use only for action personalization review.,"Descriptive EDA, not causality; subgroup size controls recommendation strength."
promo1,stable_usage_lower_risk,unknown_or_unreported,watch_time_min_w1,weekly_usage,1,159.0,159.0,159.0,159.0,173.48524262131065,-14.485242621310647,1.0,0.0,0.1679204948747298,weak,Behavior difference within revised segment; use only for action personalization review.,"Descriptive EDA, not causality; subgroup size controls recommendation strength."
promo1,stable_usage_lower_risk,unknown_or_unreported,watch_time_min_w2,weekly_usage,1,125.0,125.0,125.0,125.0,236.57378689344674,-111.57378689344674,1.0,0.0,0.1679204948747298,weak,Behavior difference within revised segment; use only for action personalization review.,"Descriptive EDA, not causality; subgroup size controls recommendation strength."
promo1,stable_usage_lower_risk,unknown_or_unreported,watch_time_min_w3,weekly_usage,1,422.0,422.0,422.0,422.0,265.42921460730366,156.57078539269634,1.0,0.0,0.1679204948747298,weak,Behavior difference within revised segment; use only for action personalization review.,"Descriptive EDA, not causality; subgroup size controls recommendation strength."
promo1,stable_usage_lower_risk,unknown_or_unreported,watch_session_w1,weekly_sessions,1,3.0,3.0,3.0,3.0,3.4317158579289644,-0.4317158579289644,1.0,0.0,0.1679204948747298,weak,Behavior difference within revised segment; use only for action personalization review.,"Descriptive EDA, not causality; subgroup size controls recommendation strength."
promo1,stable_usage_lower_risk,unknown_or_unreported,watch_session_w2,weekly_sessions,1,4.0,4.0,4.0,4.0,4.620810405202601,-0.6208104052026009,1.0,0.0,0.1679204948747298,weak,Behavior difference within revised segment; use only for action personalization review.,"Descriptive EDA, not causality; subgroup size controls recommendation strength."
promo1,stable_usage_lower_risk,unknown_or_unreported,watch_session_w3,weekly_sessions,1,8.0,8.0,8.0,8.0,5.225112556278139,2.7748874437218607,1.0,0.0,0.1679204948747298,weak,Behavior difference within revised segment; use only for action personalization review.,"Descriptive EDA, not causality; subgroup size controls recommendation strength."
promo1,stable_usage_lower_risk,unknown_or_unreported,total_watch_time_min,usage_volume,1,706.0,706.0,706.0,706.0,675.488244122061,30.51175587793898,1.0,0.0,0.1679204948747298,weak,Behavior difference within revised segment; use only for action personalization review.,"Descriptive EDA, not causality; subgroup size controls recommendation strength."
promo1,stable_usage_lower_risk,unknown_or_unreported,total_watch_count,usage_volume,1,15.0,15.0,15.0,15.0,13.277638819409704,1.7223611805902959,1.0,0.0,0.1679204948747298,weak,Behavior difference within revised segment; use only for action personalization review.,"Descriptive EDA, not causality; subgroup size controls recommendation strength."
promo1,stable_usage_lower_risk,unknown_or_unreported,watch_days,usage_frequency,1,9.0,9.0,9.0,9.0,7.094047023511756,1.9059529764882441,1.0,0.0,0.1679204948747298,weak,Behavior difference within revised segment; use only for action personalization review.,"Descriptive EDA, not causality; subgroup size controls recommendation strength."
promo1,stable_usage_lower_risk,unknown_or_unreported,log_retention_w2_ratio,retention_ratio,1,-0.2388919082823489,-0.2388919082823489,-0.2388919082823489,-0.2388919082823489,1.042463910927647,-1.2813558192099959,1.0,0.0,0.1679204948747298,weak,Behavior difference within revised segment; use only for action personalization review.,"Descriptive EDA, not causality; subgroup size controls recommendation strength."
promo1,stable_usage_lower_risk,unknown_or_unreported,log_retention_w3_ratio,retention_ratio,1,1.2110902720948,1.2110902720948,1.2110902720948,1.2110902720948,0.2488649891800743,0.9622252829147258,1.0,0.0,0.1679204948747298,weak,Behavior difference within revised segment; use only for action personalization review.,"Descriptive EDA, not causality; subgroup size controls recommendation strength."
promo1,stable_usage_lower_risk,unknown_or_unreported,active_ratio,usage_concentration,1,0.4285714285714285,0.4285714285714285,0.4285714285714285,0.4285714285714285,0.33781176302436927,0.09075966554705922,1.0,0.0,0.1679204948747298,weak,Behavior difference within revised segment; use only for action personalization review.,"Descriptive EDA, not causality; subgroup size controls recommendation strength."
promo1,stable_usage_lower_risk,unknown_or_unreported,recency,recency_inactivity,1,1.0,1.0,1.0,1.0,1.5657828914457228,-0.5657828914457228,1.0,0.0,0.1679204948747298,weak,Behavior difference within revised segment; use only for action personalization review.,"Descriptive EDA, not causality; subgroup size controls recommendation strength."
promo1,stable_usage_lower_risk,unknown_or_unreported,max_inactive_gap_days,recency_inactivity,1,5.0,5.0,5.0,5.0,5.934467233616808,-0.9344672336168083,1.0,0.0,0.1679204948747298,weak,Behavior difference within revised segment; use only for action personalization review.,"Descriptive EDA, not causality; subgroup size controls recommendation strength."
promo1,stable_usage_lower_risk,unknown_or_unreported,is_only_w1,early_usage_pattern,1,0.0,0.0,0.0,0.0,0.0,0.0,1.0,0.0,0.1679204948747298,weak,Behavior difference within revised segment; use only for action personalization review.,"Descriptive EDA, not causality; subgroup size controls recommendation strength."
promo1,stable_usage_lower_risk,unknown_or_unreported,is_only_w2,early_usage_pattern,1,0.0,0.0,0.0,0.0,0.0,0.0,1.0,0.0,0.1679204948747298,weak,Behavior difference within revised segment; use only for action personalization review.,"Descriptive EDA, not causality; subgroup size controls recommendation strength."
promo1,stable_usage_lower_risk,unknown_or_unreported,is_only_w3,early_usage_pattern,1,0.0,0.0,0.0,0.0,0.0065032516258129065,-0.0065032516258129065,1.0,0.0,0.1679204948747298,weak,Behavior difference within revised segment; use only for action personalization review.,"Descriptive EDA, not causality; subgroup size controls recommendation strength."
promo1,stable_usage_lower_risk,unknown_or_unreported,genre_diversity_count,genre_preference,1,6.0,6.0,6.0,6.0,4.680840420210105,1.3191595797898952,1.0,0.0,0.1679204948747298,weak,Behavior difference within revised segment; use only for action personalization review.,"Descriptive EDA, not causality; subgroup size controls recommendation strength."
promo1,stable_usage_lower_risk,unknown_or_unreported,action_adventure_ratio,genre_preference,1,0.1430594900849858,0.1430594900849858,0.1430594900849858,0.1430594900849858,0.09478683147213585,0.04827265861284996,1.0,0.0,0.1679204948747298,weak,Behavior difference within revised segment; use only for action personalization review.,"Descriptive EDA, not causality; subgroup size controls recommendation strength."
promo1,stable_usage_lower_risk,unknown_or_unreported,family_animation_ratio,genre_preference,1,0.0,0.0,0.0,0.0,0.10979260394563453,-0.10979260394563453,1.0,0.0,0.1679204948747298,weak,Behavior difference within revised segment; use only for action personalization review.,"Descriptive EDA, not causality; subgroup size controls recommendation strength."
promo1,stable_usage_lower_risk,unknown_or_unreported,drama_ratio,genre_preference,1,0.036827195467422,0.036827195467422,0.036827195467422,0.036827195467422,0.19639005109980978,-0.15956285563238778,1.0,0.0,0.1679204948747298,weak,Behavior difference within revised segment; use only for action personalization review.,"Descriptive EDA, not causality; subgroup size controls recommendation strength."
promo1,stable_usage_lower_risk,unknown_or_unreported,thriller_crime_ratio,genre_preference,1,0.5708215297450425,0.5708215297450425,0.5708215297450425,0.5708215297450425,0.11739170931736576,0.45342982042767677,1.0,0.0,0.1679204948747298,weak,Behavior difference within revised segment; use only for action personalization review.,"Descriptive EDA, not causality; subgroup size controls recommendation strength."
promo1,stable_usage_lower_risk,unknown_or_unreported,sf_fantasy_ratio,genre_preference,1,0.0,0.0,0.0,0.0,0.11929153428540977,-0.11929153428540977,1.0,0.0,0.1679204948747298,weak,Behavior difference within revised segment; use only for action personalization review.,"Descriptive EDA, not causality; subgroup size controls recommendation strength."
promo1,stable_usage_lower_risk,unknown_or_unreported,comedy_ratio,genre_preference,1,0.0014164305949008,0.0014164305949008,0.0014164305949008,0.0014164305949008,0.08880396833186098,-0.08738753773696017,1.0,0.0,0.1679204948747298,weak,Behavior difference within revised segment; use only for action personalization review.,"Descriptive EDA, not causality; subgroup size controls recommendation strength."
promo1,stable_usage_lower_risk,unknown_or_unreported,romance_ratio,genre_preference,1,0.0084985835694051,0.0084985835694051,0.0084985835694051,0.0084985835694051,0.11377588552163717,-0.10527730195223207,1.0,0.0,0.1679204948747298,weak,Behavior difference within revised segment; use only for action personalization review.,"Descriptive EDA, not causality; subgroup size controls recommendation strength."
promo1,stable_usage_lower_risk,unknown_or_unreported,horror_ratio,genre_preference,1,0.2393767705382436,0.2393767705382436,0.2393767705382436,0.2393767705382436,0.025486715076408352,0.21389005546183526,1.0,0.0,0.1679204948747298,weak,Behavior difference within revised segment; use only for action personalization review.,"Descriptive EDA, not causality; subgroup size controls recommendation strength."
promo1,stable_usage_lower_risk,unknown_or_unreported,documentary_ratio,genre_preference,1,0.0,0.0,0.0,0.0,0.017594150505055795,-0.017594150505055795,1.0,0.0,0.1679204948747298,weak,Behavior difference within revised segment; use only for action personalization review.,"Descriptive EDA, not causality; subgroup size controls recommendation strength."
promo1,stable_usage_lower_risk,unknown_or_unreported,historical_war_ratio,genre_preference,1,0.0,0.0,0.0,0.0,0.08576083161427717,-0.08576083161427717,1.0,0.0,0.1679204948747298,weak,Behavior difference within revised segment; use only for action personalization review.,"Descriptive EDA, not causality; subgroup size controls recommendation strength."
promo1,stable_usage_lower_risk,unknown_or_unreported,other_ratio,genre_preference,1,0.0,0.0,0.0,0.0,0.030925718830404715,-0.030925718830404715,1.0,0.0,0.1679204948747298,weak,Behavior difference within revised segment; use only for action personalization review.,"Descriptive EDA, not causality; subgroup size controls recommendation strength."
