membership_row_id,source_file,source_row_number,reason_code,reason_detail,rule_name,all_reason_codes,is_repurchase_raw,reg_date_raw,end_date_raw,duration_days_stage02,duration_days_recomputed,age_raw,age_num,max_screen_raw,max_screen_num,price_raw,price_num,reg_hour_raw,reg_hour_num,nonstandard_duration_removed_flag,max_screen_invalid_removed_flag
4,_data/01_raw/Membership.csv,5,INVALID_AGE,"age is missing, unparsable, <10, >100, or 950.",R_AGE_01_PLAUSIBLE_10_100_EXCLUDE_950,INVALID_AGE,Y,21-03-01,21-04-01,31,31,,,1,1.0,100,100.0,11,11,0,0
139,_data/01_raw/Membership.csv,140,INVALID_AGE,"age is missing, unparsable, <10, >100, or 950.",R_AGE_01_PLAUSIBLE_10_100_EXCLUDE_950,INVALID_AGE,N,21-03-10,21-04-10,31,31,,,1,1.0,100,100.0,10,10,0,0
158,_data/01_raw/Membership.csv,159,INVALID_MAX_SCREEN,"max_screen is missing, unparsable, or not in 1/2/4.",R_MAX_SCREEN_01_KEEP_1_2_4,INVALID_MAX_SCREEN,N,21-03-02,21-04-03,32,32,40,40.0,,,10.99,10.99,7,7,0,1
164,_data/01_raw/Membership.csv,165,NONSTANDARD_DURATION_FOR_MONTHLY_SCOPE,"duration_days_recomputed is missing, zero, or not in 31/32; excluded from standard monthly-subscription official population.",R_DURATION_01_KEEP_31_32_ONLY,NONSTANDARD_DURATION_FOR_MONTHLY_SCOPE,Y,21-03-03,21-03-03,0,0,25,25.0,1,1.0,7900,7900.0,12,12,1,0
223,_data/01_raw/Membership.csv,224,NONSTANDARD_DURATION_FOR_MONTHLY_SCOPE,"duration_days_recomputed is missing, zero, or not in 31/32; excluded from standard monthly-subscription official population.",R_DURATION_01_KEEP_31_32_ONLY,NONSTANDARD_DURATION_FOR_MONTHLY_SCOPE,N,21-03-06,21-03-06,0,0,25,25.0,1,1.0,9.99,9.99,23,23,1,0
331,_data/01_raw/Membership.csv,332,NONSTANDARD_DURATION_FOR_MONTHLY_SCOPE,"duration_days_recomputed is missing, zero, or not in 31/32; excluded from standard monthly-subscription official population.",R_DURATION_01_KEEP_31_32_ONLY,NONSTANDARD_DURATION_FOR_MONTHLY_SCOPE,Y,21-03-07,21-03-07,0,0,35,35.0,1,1.0,100,100.0,7,7,1,0
344,_data/01_raw/Membership.csv,345,INVALID_AGE,"age is missing, unparsable, <10, >100, or 950.",R_AGE_01_PLAUSIBLE_10_100_EXCLUDE_950,INVALID_AGE,N,21-03-01,21-04-01,31,31,,,1,1.0,100,100.0,0,0,0,0
347,_data/01_raw/Membership.csv,348,INVALID_AGE,"age is missing, unparsable, <10, >100, or 950.",R_AGE_01_PLAUSIBLE_10_100_EXCLUDE_950,INVALID_AGE,Y,21-03-15,21-04-15,31,31,,,1,1.0,100,100.0,15,15,0,0
349,_data/01_raw/Membership.csv,350,INVALID_AGE,"age is missing, unparsable, <10, >100, or 950.",R_AGE_01_PLAUSIBLE_10_100_EXCLUDE_950,INVALID_AGE,Y,21-03-06,21-04-06,31,31,,,2,2.0,100,100.0,23,23,0,0
350,_data/01_raw/Membership.csv,351,NONSTANDARD_DURATION_FOR_MONTHLY_SCOPE,"duration_days_recomputed is missing, zero, or not in 31/32; excluded from standard monthly-subscription official population.",R_DURATION_01_KEEP_31_32_ONLY,NONSTANDARD_DURATION_FOR_MONTHLY_SCOPE,N,21-03-06,21-03-06,0,0,50,50.0,1,1.0,100,100.0,17,17,1,0
369,_data/01_raw/Membership.csv,370,NONSTANDARD_DURATION_FOR_MONTHLY_SCOPE,"duration_days_recomputed is missing, zero, or not in 31/32; excluded from standard monthly-subscription official population.",R_DURATION_01_KEEP_31_32_ONLY,NONSTANDARD_DURATION_FOR_MONTHLY_SCOPE,Y,21-03-01,21-03-03,2,2,40,40.0,2,2.0,10900,10900.0,18,18,1,0
430,_data/01_raw/Membership.csv,431,NONSTANDARD_DURATION_FOR_MONTHLY_SCOPE,"duration_days_recomputed is missing, zero, or not in 31/32; excluded from standard monthly-subscription official population.",R_DURATION_01_KEEP_31_32_ONLY,NONSTANDARD_DURATION_FOR_MONTHLY_SCOPE,Y,21-03-13,21-03-13,0,0,40,40.0,2,2.0,10900,10900.0,10,10,1,0
514,_data/01_raw/Membership.csv,515,NONSTANDARD_DURATION_FOR_MONTHLY_SCOPE,"duration_days_recomputed is missing, zero, or not in 31/32; excluded from standard monthly-subscription official population.",R_DURATION_01_KEEP_31_32_ONLY,NONSTANDARD_DURATION_FOR_MONTHLY_SCOPE,Y,21-03-10,21-03-10,0,0,25,25.0,1,1.0,7900,7900.0,7,7,1,0
570,_data/01_raw/Membership.csv,571,NONSTANDARD_DURATION_FOR_MONTHLY_SCOPE,"duration_days_recomputed is missing, zero, or not in 31/32; excluded from standard monthly-subscription official population.",R_DURATION_01_KEEP_31_32_ONLY,NONSTANDARD_DURATION_FOR_MONTHLY_SCOPE,Y,21-03-04,21-03-06,2,2,40,40.0,1,1.0,7900,7900.0,21,21,1,0
612,_data/01_raw/Membership.csv,613,NONSTANDARD_DURATION_FOR_MONTHLY_SCOPE,"duration_days_recomputed is missing, zero, or not in 31/32; excluded from standard monthly-subscription official population.",R_DURATION_01_KEEP_31_32_ONLY,NONSTANDARD_DURATION_FOR_MONTHLY_SCOPE,Y,21-03-11,21-03-11,0,0,50,50.0,2,2.0,10900,10900.0,21,21,1,0
619,_data/01_raw/Membership.csv,620,NONSTANDARD_DURATION_FOR_MONTHLY_SCOPE,"duration_days_recomputed is missing, zero, or not in 31/32; excluded from standard monthly-subscription official population.",R_DURATION_01_KEEP_31_32_ONLY,NONSTANDARD_DURATION_FOR_MONTHLY_SCOPE,N,21-03-07,21-03-07,0,0,30,30.0,1,1.0,100,100.0,18,18,1,0
641,_data/01_raw/Membership.csv,642,NONSTANDARD_DURATION_FOR_MONTHLY_SCOPE,"duration_days_recomputed is missing, zero, or not in 31/32; excluded from standard monthly-subscription official population.",R_DURATION_01_KEEP_31_32_ONLY,NONSTANDARD_DURATION_FOR_MONTHLY_SCOPE,N,21-03-09,21-03-09,0,0,40,40.0,1,1.0,7900,7900.0,18,18,1,0
643,_data/01_raw/Membership.csv,644,INVALID_MAX_SCREEN,"max_screen is missing, unparsable, or not in 1/2/4.",R_MAX_SCREEN_01_KEEP_1_2_4,INVALID_MAX_SCREEN,N,21-03-01,21-04-02,32,32,40,40.0,,,13.19,13.19,7,7,0,1
648,_data/01_raw/Membership.csv,649,NONSTANDARD_DURATION_FOR_MONTHLY_SCOPE,"duration_days_recomputed is missing, zero, or not in 31/32; excluded from standard monthly-subscription official population.",R_DURATION_01_KEEP_31_32_ONLY,NONSTANDARD_DURATION_FOR_MONTHLY_SCOPE,N,21-03-12,21-03-12,0,0,45,45.0,1,1.0,100,100.0,18,18,1,0
661,_data/01_raw/Membership.csv,662,NONSTANDARD_DURATION_FOR_MONTHLY_SCOPE,"duration_days_recomputed is missing, zero, or not in 31/32; excluded from standard monthly-subscription official population.",R_DURATION_01_KEEP_31_32_ONLY,NONSTANDARD_DURATION_FOR_MONTHLY_SCOPE,Y,21-03-09,21-03-10,1,1,35,35.0,1,1.0,100,100.0,22,22,1,0
720,_data/01_raw/Membership.csv,721,NONSTANDARD_DURATION_FOR_MONTHLY_SCOPE,"duration_days_recomputed is missing, zero, or not in 31/32; excluded from standard monthly-subscription official population.",R_DURATION_01_KEEP_31_32_ONLY,NONSTANDARD_DURATION_FOR_MONTHLY_SCOPE,Y,21-03-05,21-03-05,0,0,40,40.0,1,1.0,100,100.0,23,23,1,0
733,_data/01_raw/Membership.csv,734,NONSTANDARD_DURATION_FOR_MONTHLY_SCOPE,"duration_days_recomputed is missing, zero, or not in 31/32; excluded from standard monthly-subscription official population.",R_DURATION_01_KEEP_31_32_ONLY,NONSTANDARD_DURATION_FOR_MONTHLY_SCOPE,N,21-03-15,21-03-15,0,0,30,30.0,1,1.0,100,100.0,21,21,1,0
742,_data/01_raw/Membership.csv,743,NONSTANDARD_DURATION_FOR_MONTHLY_SCOPE,"duration_days_recomputed is missing, zero, or not in 31/32; excluded from standard monthly-subscription official population.",R_DURATION_01_KEEP_31_32_ONLY,NONSTANDARD_DURATION_FOR_MONTHLY_SCOPE,Y,21-03-07,21-03-07,0,0,25,25.0,1,1.0,9.99,9.99,23,23,1,0
757,_data/01_raw/Membership.csv,758,NONSTANDARD_DURATION_FOR_MONTHLY_SCOPE,"duration_days_recomputed is missing, zero, or not in 31/32; excluded from standard monthly-subscription official population.",R_DURATION_01_KEEP_31_32_ONLY,NONSTANDARD_DURATION_FOR_MONTHLY_SCOPE,Y,21-03-04,21-03-04,0,0,30,30.0,1,1.0,9.99,9.99,13,13,1,0
768,_data/01_raw/Membership.csv,769,NONSTANDARD_DURATION_FOR_MONTHLY_SCOPE,"duration_days_recomputed is missing, zero, or not in 31/32; excluded from standard monthly-subscription official population.",R_DURATION_01_KEEP_31_32_ONLY,NONSTANDARD_DURATION_FOR_MONTHLY_SCOPE,Y,21-03-09,21-03-12,3,3,40,40.0,1,1.0,7900,7900.0,22,22,1,0
784,_data/01_raw/Membership.csv,785,NONSTANDARD_DURATION_FOR_MONTHLY_SCOPE,"duration_days_recomputed is missing, zero, or not in 31/32; excluded from standard monthly-subscription official population.",R_DURATION_01_KEEP_31_32_ONLY,NONSTANDARD_DURATION_FOR_MONTHLY_SCOPE|INVALID_AGE,Y,21-03-06,21-03-06,0,0,,,1,1.0,9.99,9.99,0,0,1,0
795,_data/01_raw/Membership.csv,796,NONSTANDARD_DURATION_FOR_MONTHLY_SCOPE,"duration_days_recomputed is missing, zero, or not in 31/32; excluded from standard monthly-subscription official population.",R_DURATION_01_KEEP_31_32_ONLY,NONSTANDARD_DURATION_FOR_MONTHLY_SCOPE,Y,21-03-01,21-03-01,0,0,20,20.0,2,2.0,13.49,13.49,10,10,1,0
809,_data/01_raw/Membership.csv,810,NONSTANDARD_DURATION_FOR_MONTHLY_SCOPE,"duration_days_recomputed is missing, zero, or not in 31/32; excluded from standard monthly-subscription official population.",R_DURATION_01_KEEP_31_32_ONLY,NONSTANDARD_DURATION_FOR_MONTHLY_SCOPE,Y,21-03-09,21-03-09,0,0,40,40.0,1,1.0,7900,7900.0,11,11,1,0
812,_data/01_raw/Membership.csv,813,NONSTANDARD_DURATION_FOR_MONTHLY_SCOPE,"duration_days_recomputed is missing, zero, or not in 31/32; excluded from standard monthly-subscription official population.",R_DURATION_01_KEEP_31_32_ONLY,NONSTANDARD_DURATION_FOR_MONTHLY_SCOPE,Y,21-03-03,21-03-20,17,17,30,30.0,1,1.0,100,100.0,22,22,1,0
886,_data/01_raw/Membership.csv,887,NONSTANDARD_DURATION_FOR_MONTHLY_SCOPE,"duration_days_recomputed is missing, zero, or not in 31/32; excluded from standard monthly-subscription official population.",R_DURATION_01_KEEP_31_32_ONLY,NONSTANDARD_DURATION_FOR_MONTHLY_SCOPE,Y,21-03-04,21-03-04,0,0,35,35.0,1,1.0,7900,7900.0,11,11,1,0
901,_data/01_raw/Membership.csv,902,INVALID_MAX_SCREEN,"max_screen is missing, unparsable, or not in 1/2/4.",R_MAX_SCREEN_01_KEEP_1_2_4,INVALID_MAX_SCREEN,N,21-03-13,21-04-14,32,32,40,40.0,,,10.99,10.99,2,2,0,1
928,_data/01_raw/Membership.csv,929,NONSTANDARD_DURATION_FOR_MONTHLY_SCOPE,"duration_days_recomputed is missing, zero, or not in 31/32; excluded from standard monthly-subscription official population.",R_DURATION_01_KEEP_31_32_ONLY,NONSTANDARD_DURATION_FOR_MONTHLY_SCOPE,Y,21-03-01,21-03-04,3,3,40,40.0,1,1.0,7900,7900.0,17,17,1,0
939,_data/01_raw/Membership.csv,940,INVALID_AGE,"age is missing, unparsable, <10, >100, or 950.",R_AGE_01_PLAUSIBLE_10_100_EXCLUDE_950,INVALID_AGE,N,21-03-15,21-04-15,31,31,,,1,1.0,100,100.0,21,21,0,0
1042,_data/01_raw/Membership.csv,1043,NONSTANDARD_DURATION_FOR_MONTHLY_SCOPE,"duration_days_recomputed is missing, zero, or not in 31/32; excluded from standard monthly-subscription official population.",R_DURATION_01_KEEP_31_32_ONLY,NONSTANDARD_DURATION_FOR_MONTHLY_SCOPE,N,21-03-12,21-03-12,0,0,25,25.0,4,4.0,13900,13900.0,16,16,1,0
1047,_data/01_raw/Membership.csv,1048,INVALID_AGE,"age is missing, unparsable, <10, >100, or 950.",R_AGE_01_PLAUSIBLE_10_100_EXCLUDE_950,INVALID_AGE,Y,21-03-01,21-04-01,31,31,,,4,4.0,100,100.0,18,18,0,0
1089,_data/01_raw/Membership.csv,1090,NONSTANDARD_DURATION_FOR_MONTHLY_SCOPE,"duration_days_recomputed is missing, zero, or not in 31/32; excluded from standard monthly-subscription official population.",R_DURATION_01_KEEP_31_32_ONLY,NONSTANDARD_DURATION_FOR_MONTHLY_SCOPE,Y,21-03-05,21-03-05,0,0,40,40.0,1,1.0,9.99,9.99,22,22,1,0
1109,_data/01_raw/Membership.csv,1110,NONSTANDARD_DURATION_FOR_MONTHLY_SCOPE,"duration_days_recomputed is missing, zero, or not in 31/32; excluded from standard monthly-subscription official population.",R_DURATION_01_KEEP_31_32_ONLY,NONSTANDARD_DURATION_FOR_MONTHLY_SCOPE|INVALID_AGE,Y,21-03-06,21-03-06,0,0,,,1,1.0,10.99,10.99,0,0,1,0
1153,_data/01_raw/Membership.csv,1154,INVALID_AGE,"age is missing, unparsable, <10, >100, or 950.",R_AGE_01_PLAUSIBLE_10_100_EXCLUDE_950,INVALID_AGE,N,21-03-02,21-04-02,31,31,,,1,1.0,100,100.0,21,21,0,0
1196,_data/01_raw/Membership.csv,1197,NONSTANDARD_DURATION_FOR_MONTHLY_SCOPE,"duration_days_recomputed is missing, zero, or not in 31/32; excluded from standard monthly-subscription official population.",R_DURATION_01_KEEP_31_32_ONLY,NONSTANDARD_DURATION_FOR_MONTHLY_SCOPE,Y,21-03-07,21-03-13,6,6,30,30.0,1,1.0,100,100.0,18,18,1,0
1267,_data/01_raw/Membership.csv,1268,NONSTANDARD_DURATION_FOR_MONTHLY_SCOPE,"duration_days_recomputed is missing, zero, or not in 31/32; excluded from standard monthly-subscription official population.",R_DURATION_01_KEEP_31_32_ONLY,NONSTANDARD_DURATION_FOR_MONTHLY_SCOPE,N,21-03-13,21-03-13,0,0,25,25.0,1,1.0,100,100.0,20,20,1,0
1269,_data/01_raw/Membership.csv,1270,INVALID_AGE,"age is missing, unparsable, <10, >100, or 950.",R_AGE_01_PLAUSIBLE_10_100_EXCLUDE_950,INVALID_AGE,Y,21-03-02,21-04-02,31,31,,,4,4.0,100,100.0,9,9,0,0
1270,_data/01_raw/Membership.csv,1271,INVALID_AGE,"age is missing, unparsable, <10, >100, or 950.",R_AGE_01_PLAUSIBLE_10_100_EXCLUDE_950,INVALID_AGE,Y,21-03-02,21-04-03,32,32,,,1,1.0,9.99,9.99,4,4,0,0
1337,_data/01_raw/Membership.csv,1338,NONSTANDARD_DURATION_FOR_MONTHLY_SCOPE,"duration_days_recomputed is missing, zero, or not in 31/32; excluded from standard monthly-subscription official population.",R_DURATION_01_KEEP_31_32_ONLY,NONSTANDARD_DURATION_FOR_MONTHLY_SCOPE,Y,21-03-06,21-03-12,6,6,40,40.0,1,1.0,7900,7900.0,17,17,1,0
1357,_data/01_raw/Membership.csv,1358,NONSTANDARD_DURATION_FOR_MONTHLY_SCOPE,"duration_days_recomputed is missing, zero, or not in 31/32; excluded from standard monthly-subscription official population.",R_DURATION_01_KEEP_31_32_ONLY,NONSTANDARD_DURATION_FOR_MONTHLY_SCOPE,Y,21-03-05,21-03-05,0,0,40,40.0,1,1.0,7900,7900.0,19,19,1,0
1371,_data/01_raw/Membership.csv,1372,NONSTANDARD_DURATION_FOR_MONTHLY_SCOPE,"duration_days_recomputed is missing, zero, or not in 31/32; excluded from standard monthly-subscription official population.",R_DURATION_01_KEEP_31_32_ONLY,NONSTANDARD_DURATION_FOR_MONTHLY_SCOPE,Y,21-03-01,21-03-01,0,0,35,35.0,1,1.0,100,100.0,16,16,1,0
1427,_data/01_raw/Membership.csv,1428,NONSTANDARD_DURATION_FOR_MONTHLY_SCOPE,"duration_days_recomputed is missing, zero, or not in 31/32; excluded from standard monthly-subscription official population.",R_DURATION_01_KEEP_31_32_ONLY,NONSTANDARD_DURATION_FOR_MONTHLY_SCOPE,Y,21-03-13,21-03-13,0,0,40,40.0,1,1.0,7900,7900.0,22,22,1,0
1451,_data/01_raw/Membership.csv,1452,NONSTANDARD_DURATION_FOR_MONTHLY_SCOPE,"duration_days_recomputed is missing, zero, or not in 31/32; excluded from standard monthly-subscription official population.",R_DURATION_01_KEEP_31_32_ONLY,NONSTANDARD_DURATION_FOR_MONTHLY_SCOPE,Y,21-03-08,21-03-08,0,0,30,30.0,2,2.0,10900,10900.0,16,16,1,0
1459,_data/01_raw/Membership.csv,1460,INVALID_AGE,"age is missing, unparsable, <10, >100, or 950.",R_AGE_01_PLAUSIBLE_10_100_EXCLUDE_950,INVALID_AGE,Y,21-03-14,21-04-14,31,31,,,2,2.0,100,100.0,9,9,0,0
1492,_data/01_raw/Membership.csv,1493,INVALID_AGE,"age is missing, unparsable, <10, >100, or 950.",R_AGE_01_PLAUSIBLE_10_100_EXCLUDE_950,INVALID_AGE,Y,21-03-09,21-04-10,32,32,,,1,1.0,9.99,9.99,9,9,0,0
1525,_data/01_raw/Membership.csv,1526,NONSTANDARD_DURATION_FOR_MONTHLY_SCOPE,"duration_days_recomputed is missing, zero, or not in 31/32; excluded from standard monthly-subscription official population.",R_DURATION_01_KEEP_31_32_ONLY,NONSTANDARD_DURATION_FOR_MONTHLY_SCOPE,Y,21-03-05,21-03-05,0,0,40,40.0,1,1.0,7900,7900.0,17,17,1,0
1549,_data/01_raw/Membership.csv,1550,NONSTANDARD_DURATION_FOR_MONTHLY_SCOPE,"duration_days_recomputed is missing, zero, or not in 31/32; excluded from standard monthly-subscription official population.",R_DURATION_01_KEEP_31_32_ONLY,NONSTANDARD_DURATION_FOR_MONTHLY_SCOPE,Y,21-03-11,21-03-11,0,0,40,40.0,1,1.0,9.99,9.99,2,2,1,0
1583,_data/01_raw/Membership.csv,1584,INVALID_AGE,"age is missing, unparsable, <10, >100, or 950.",R_AGE_01_PLAUSIBLE_10_100_EXCLUDE_950,INVALID_AGE,Y,21-03-15,21-04-15,31,31,,,1,1.0,100,100.0,1,1,0,0
1594,_data/01_raw/Membership.csv,1595,INVALID_AGE,"age is missing, unparsable, <10, >100, or 950.",R_AGE_01_PLAUSIBLE_10_100_EXCLUDE_950,INVALID_AGE,Y,21-03-12,21-04-12,31,31,,,2,2.0,10900,10900.0,11,11,0,0
1603,_data/01_raw/Membership.csv,1604,NONSTANDARD_DURATION_FOR_MONTHLY_SCOPE,"duration_days_recomputed is missing, zero, or not in 31/32; excluded from standard monthly-subscription official population.",R_DURATION_01_KEEP_31_32_ONLY,NONSTANDARD_DURATION_FOR_MONTHLY_SCOPE,Y,21-03-09,21-03-09,0,0,40,40.0,2,2.0,13.49,13.49,0,0,1,0
1625,_data/01_raw/Membership.csv,1626,NONSTANDARD_DURATION_FOR_MONTHLY_SCOPE,"duration_days_recomputed is missing, zero, or not in 31/32; excluded from standard monthly-subscription official population.",R_DURATION_01_KEEP_31_32_ONLY,NONSTANDARD_DURATION_FOR_MONTHLY_SCOPE,Y,21-03-04,21-03-04,0,0,40,40.0,1,1.0,13750,13750.0,3,3,1,0
1638,_data/01_raw/Membership.csv,1639,NONSTANDARD_DURATION_FOR_MONTHLY_SCOPE,"duration_days_recomputed is missing, zero, or not in 31/32; excluded from standard monthly-subscription official population.",R_DURATION_01_KEEP_31_32_ONLY,NONSTANDARD_DURATION_FOR_MONTHLY_SCOPE,N,21-03-11,21-03-22,11,11,20,20.0,2,2.0,10900,10900.0,12,12,1,0
1671,_data/01_raw/Membership.csv,1672,INVALID_AGE,"age is missing, unparsable, <10, >100, or 950.",R_AGE_01_PLAUSIBLE_10_100_EXCLUDE_950,INVALID_AGE,Y,21-03-14,21-04-14,31,31,,,2,2.0,100,100.0,7,7,0,0
1690,_data/01_raw/Membership.csv,1691,NONSTANDARD_DURATION_FOR_MONTHLY_SCOPE,"duration_days_recomputed is missing, zero, or not in 31/32; excluded from standard monthly-subscription official population.",R_DURATION_01_KEEP_31_32_ONLY,NONSTANDARD_DURATION_FOR_MONTHLY_SCOPE,N,21-03-12,21-03-12,0,0,40,40.0,1,1.0,9.99,9.99,23,23,1,0
1722,_data/01_raw/Membership.csv,1723,NONSTANDARD_DURATION_FOR_MONTHLY_SCOPE,"duration_days_recomputed is missing, zero, or not in 31/32; excluded from standard monthly-subscription official population.",R_DURATION_01_KEEP_31_32_ONLY,NONSTANDARD_DURATION_FOR_MONTHLY_SCOPE,Y,21-03-06,21-03-06,0,0,50,50.0,4,4.0,100,100.0,18,18,1,0
1726,_data/01_raw/Membership.csv,1727,NONSTANDARD_DURATION_FOR_MONTHLY_SCOPE,"duration_days_recomputed is missing, zero, or not in 31/32; excluded from standard monthly-subscription official population.",R_DURATION_01_KEEP_31_32_ONLY,NONSTANDARD_DURATION_FOR_MONTHLY_SCOPE,Y,21-03-05,21-03-05,0,0,40,40.0,1,1.0,9.99,9.99,21,21,1,0
1748,_data/01_raw/Membership.csv,1749,NONSTANDARD_DURATION_FOR_MONTHLY_SCOPE,"duration_days_recomputed is missing, zero, or not in 31/32; excluded from standard monthly-subscription official population.",R_DURATION_01_KEEP_31_32_ONLY,NONSTANDARD_DURATION_FOR_MONTHLY_SCOPE,Y,21-03-06,21-03-06,0,0,40,40.0,1,1.0,9.99,9.99,1,1,1,0
1764,_data/01_raw/Membership.csv,1765,NONSTANDARD_DURATION_FOR_MONTHLY_SCOPE,"duration_days_recomputed is missing, zero, or not in 31/32; excluded from standard monthly-subscription official population.",R_DURATION_01_KEEP_31_32_ONLY,NONSTANDARD_DURATION_FOR_MONTHLY_SCOPE,Y,21-03-13,21-03-13,0,0,40,40.0,1,1.0,100,100.0,0,0,1,0
1785,_data/01_raw/Membership.csv,1786,NONSTANDARD_DURATION_FOR_MONTHLY_SCOPE,"duration_days_recomputed is missing, zero, or not in 31/32; excluded from standard monthly-subscription official population.",R_DURATION_01_KEEP_31_32_ONLY,NONSTANDARD_DURATION_FOR_MONTHLY_SCOPE,Y,21-03-07,21-03-08,1,1,25,25.0,4,4.0,13900,13900.0,23,23,1,0
1824,_data/01_raw/Membership.csv,1825,NONSTANDARD_DURATION_FOR_MONTHLY_SCOPE,"duration_days_recomputed is missing, zero, or not in 31/32; excluded from standard monthly-subscription official population.",R_DURATION_01_KEEP_31_32_ONLY,NONSTANDARD_DURATION_FOR_MONTHLY_SCOPE|INVALID_AGE,N,21-03-08,21-03-08,0,0,,,1,1.0,9.99,9.99,3,3,1,0
1833,_data/01_raw/Membership.csv,1834,INVALID_AGE,"age is missing, unparsable, <10, >100, or 950.",R_AGE_01_PLAUSIBLE_10_100_EXCLUDE_950,INVALID_AGE,Y,21-03-07,21-04-07,31,31,,,2,2.0,100,100.0,7,7,0,0
1838,_data/01_raw/Membership.csv,1839,NONSTANDARD_DURATION_FOR_MONTHLY_SCOPE,"duration_days_recomputed is missing, zero, or not in 31/32; excluded from standard monthly-subscription official population.",R_DURATION_01_KEEP_31_32_ONLY,NONSTANDARD_DURATION_FOR_MONTHLY_SCOPE,Y,21-03-11,21-03-11,0,0,25,25.0,1,1.0,100,100.0,13,13,1,0
1841,_data/01_raw/Membership.csv,1842,INVALID_MAX_SCREEN,"max_screen is missing, unparsable, or not in 1/2/4.",R_MAX_SCREEN_01_KEEP_1_2_4,INVALID_MAX_SCREEN,N,21-03-13,21-04-14,32,32,40,40.0,,,10.99,10.99,2,2,0,1
1848,_data/01_raw/Membership.csv,1849,NONSTANDARD_DURATION_FOR_MONTHLY_SCOPE,"duration_days_recomputed is missing, zero, or not in 31/32; excluded from standard monthly-subscription official population.",R_DURATION_01_KEEP_31_32_ONLY,NONSTANDARD_DURATION_FOR_MONTHLY_SCOPE,Y,21-03-11,21-03-11,0,0,15,15.0,1,1.0,3950,3950.0,11,11,1,0
1881,_data/01_raw/Membership.csv,1882,NONSTANDARD_DURATION_FOR_MONTHLY_SCOPE,"duration_days_recomputed is missing, zero, or not in 31/32; excluded from standard monthly-subscription official population.",R_DURATION_01_KEEP_31_32_ONLY,NONSTANDARD_DURATION_FOR_MONTHLY_SCOPE,Y,21-03-07,21-03-07,0,0,25,25.0,2,2.0,100,100.0,1,1,1,0
1971,_data/01_raw/Membership.csv,1972,NONSTANDARD_DURATION_FOR_MONTHLY_SCOPE,"duration_days_recomputed is missing, zero, or not in 31/32; excluded from standard monthly-subscription official population.",R_DURATION_01_KEEP_31_32_ONLY,NONSTANDARD_DURATION_FOR_MONTHLY_SCOPE,Y,21-03-08,21-03-09,1,1,40,40.0,2,2.0,10900,10900.0,14,14,1,0
1989,_data/01_raw/Membership.csv,1990,NONSTANDARD_DURATION_FOR_MONTHLY_SCOPE,"duration_days_recomputed is missing, zero, or not in 31/32; excluded from standard monthly-subscription official population.",R_DURATION_01_KEEP_31_32_ONLY,NONSTANDARD_DURATION_FOR_MONTHLY_SCOPE,Y,21-03-06,21-03-15,9,9,25,25.0,1,1.0,7900,7900.0,23,23,1,0
2008,_data/01_raw/Membership.csv,2009,NONSTANDARD_DURATION_FOR_MONTHLY_SCOPE,"duration_days_recomputed is missing, zero, or not in 31/32; excluded from standard monthly-subscription official population.",R_DURATION_01_KEEP_31_32_ONLY,NONSTANDARD_DURATION_FOR_MONTHLY_SCOPE,Y,21-03-05,21-03-06,1,1,30,30.0,1,1.0,100,100.0,21,21,1,0
2046,_data/01_raw/Membership.csv,2047,NONSTANDARD_DURATION_FOR_MONTHLY_SCOPE,"duration_days_recomputed is missing, zero, or not in 31/32; excluded from standard monthly-subscription official population.",R_DURATION_01_KEEP_31_32_ONLY,NONSTANDARD_DURATION_FOR_MONTHLY_SCOPE,Y,21-03-14,21-03-14,0,0,30,30.0,2,2.0,100,100.0,14,14,1,0
2104,_data/01_raw/Membership.csv,2105,NONSTANDARD_DURATION_FOR_MONTHLY_SCOPE,"duration_days_recomputed is missing, zero, or not in 31/32; excluded from standard monthly-subscription official population.",R_DURATION_01_KEEP_31_32_ONLY,NONSTANDARD_DURATION_FOR_MONTHLY_SCOPE,Y,21-03-02,21-03-05,3,3,30,30.0,1,1.0,7900,7900.0,10,10,1,0
2147,_data/01_raw/Membership.csv,2148,NONSTANDARD_DURATION_FOR_MONTHLY_SCOPE,"duration_days_recomputed is missing, zero, or not in 31/32; excluded from standard monthly-subscription official population.",R_DURATION_01_KEEP_31_32_ONLY,NONSTANDARD_DURATION_FOR_MONTHLY_SCOPE|INVALID_MAX_SCREEN,Y,21-03-08,21-03-08,0,0,40,40.0,,,13.19,13.19,16,16,1,1
2169,_data/01_raw/Membership.csv,2170,NONSTANDARD_DURATION_FOR_MONTHLY_SCOPE,"duration_days_recomputed is missing, zero, or not in 31/32; excluded from standard monthly-subscription official population.",R_DURATION_01_KEEP_31_32_ONLY,NONSTANDARD_DURATION_FOR_MONTHLY_SCOPE,Y,21-03-07,21-03-14,7,7,25,25.0,1,1.0,100,100.0,13,13,1,0
2171,_data/01_raw/Membership.csv,2172,NONSTANDARD_DURATION_FOR_MONTHLY_SCOPE,"duration_days_recomputed is missing, zero, or not in 31/32; excluded from standard monthly-subscription official population.",R_DURATION_01_KEEP_31_32_ONLY,NONSTANDARD_DURATION_FOR_MONTHLY_SCOPE,Y,21-03-14,21-03-14,0,0,40,40.0,1,1.0,7900,7900.0,14,14,1,0
2175,_data/01_raw/Membership.csv,2176,NONSTANDARD_DURATION_FOR_MONTHLY_SCOPE,"duration_days_recomputed is missing, zero, or not in 31/32; excluded from standard monthly-subscription official population.",R_DURATION_01_KEEP_31_32_ONLY,NONSTANDARD_DURATION_FOR_MONTHLY_SCOPE,Y,21-03-07,21-03-07,0,0,40,40.0,1,1.0,100,100.0,9,9,1,0
2239,_data/01_raw/Membership.csv,2240,NONSTANDARD_DURATION_FOR_MONTHLY_SCOPE,"duration_days_recomputed is missing, zero, or not in 31/32; excluded from standard monthly-subscription official population.",R_DURATION_01_KEEP_31_32_ONLY,NONSTANDARD_DURATION_FOR_MONTHLY_SCOPE,Y,21-03-01,21-03-01,0,0,35,35.0,1,1.0,9.99,9.99,11,11,1,0
2243,_data/01_raw/Membership.csv,2244,NONSTANDARD_DURATION_FOR_MONTHLY_SCOPE,"duration_days_recomputed is missing, zero, or not in 31/32; excluded from standard monthly-subscription official population.",R_DURATION_01_KEEP_31_32_ONLY,NONSTANDARD_DURATION_FOR_MONTHLY_SCOPE,Y,21-03-08,21-03-08,0,0,40,40.0,4,4.0,13900,13900.0,5,5,1,0
2244,_data/01_raw/Membership.csv,2245,NONSTANDARD_DURATION_FOR_MONTHLY_SCOPE,"duration_days_recomputed is missing, zero, or not in 31/32; excluded from standard monthly-subscription official population.",R_DURATION_01_KEEP_31_32_ONLY,NONSTANDARD_DURATION_FOR_MONTHLY_SCOPE,Y,21-03-13,21-03-13,0,0,30,30.0,1,1.0,9.99,9.99,16,16,1,0
2287,_data/01_raw/Membership.csv,2288,NONSTANDARD_DURATION_FOR_MONTHLY_SCOPE,"duration_days_recomputed is missing, zero, or not in 31/32; excluded from standard monthly-subscription official population.",R_DURATION_01_KEEP_31_32_ONLY,NONSTANDARD_DURATION_FOR_MONTHLY_SCOPE,Y,21-03-07,21-03-07,0,0,45,45.0,1,1.0,100,100.0,17,17,1,0
2309,_data/01_raw/Membership.csv,2310,NONSTANDARD_DURATION_FOR_MONTHLY_SCOPE,"duration_days_recomputed is missing, zero, or not in 31/32; excluded from standard monthly-subscription official population.",R_DURATION_01_KEEP_31_32_ONLY,NONSTANDARD_DURATION_FOR_MONTHLY_SCOPE,N,21-03-04,21-03-04,0,0,60,60.0,1,1.0,3950,3950.0,10,10,1,0
2340,_data/01_raw/Membership.csv,2341,INVALID_MAX_SCREEN,"max_screen is missing, unparsable, or not in 1/2/4.",R_MAX_SCREEN_01_KEEP_1_2_4,INVALID_MAX_SCREEN,Y,21-03-15,21-04-16,32,32,40,40.0,,,10.99,10.99,13,13,0,1
2432,_data/01_raw/Membership.csv,2433,NONSTANDARD_DURATION_FOR_MONTHLY_SCOPE,"duration_days_recomputed is missing, zero, or not in 31/32; excluded from standard monthly-subscription official population.",R_DURATION_01_KEEP_31_32_ONLY,NONSTANDARD_DURATION_FOR_MONTHLY_SCOPE,Y,21-03-02,21-03-04,2,2,35,35.0,1,1.0,7900,7900.0,12,12,1,0
2515,_data/01_raw/Membership.csv,2516,INVALID_MAX_SCREEN,"max_screen is missing, unparsable, or not in 1/2/4.",R_MAX_SCREEN_01_KEEP_1_2_4,INVALID_MAX_SCREEN,Y,21-03-06,21-04-07,32,32,40,40.0,3,3.0,26.39,26.39,21,21,0,1
2551,_data/01_raw/Membership.csv,2552,NONSTANDARD_DURATION_FOR_MONTHLY_SCOPE,"duration_days_recomputed is missing, zero, or not in 31/32; excluded from standard monthly-subscription official population.",R_DURATION_01_KEEP_31_32_ONLY,NONSTANDARD_DURATION_FOR_MONTHLY_SCOPE,Y,21-03-10,21-03-10,0,0,40,40.0,1,1.0,7900,7900.0,5,5,1,0
2552,_data/01_raw/Membership.csv,2553,NONSTANDARD_DURATION_FOR_MONTHLY_SCOPE,"duration_days_recomputed is missing, zero, or not in 31/32; excluded from standard monthly-subscription official population.",R_DURATION_01_KEEP_31_32_ONLY,NONSTANDARD_DURATION_FOR_MONTHLY_SCOPE,Y,21-03-10,21-03-10,0,0,20,20.0,4,4.0,13900,13900.0,11,11,1,0
2581,_data/01_raw/Membership.csv,2582,INVALID_AGE,"age is missing, unparsable, <10, >100, or 950.",R_AGE_01_PLAUSIBLE_10_100_EXCLUDE_950,INVALID_AGE,N,21-03-02,21-04-02,31,31,,,1,1.0,100,100.0,10,10,0,0
2606,_data/01_raw/Membership.csv,2607,INVALID_AGE,"age is missing, unparsable, <10, >100, or 950.",R_AGE_01_PLAUSIBLE_10_100_EXCLUDE_950,INVALID_AGE,Y,21-03-06,21-04-06,31,31,,,1,1.0,100,100.0,1,1,0,0
2634,_data/01_raw/Membership.csv,2635,NONSTANDARD_DURATION_FOR_MONTHLY_SCOPE,"duration_days_recomputed is missing, zero, or not in 31/32; excluded from standard monthly-subscription official population.",R_DURATION_01_KEEP_31_32_ONLY,NONSTANDARD_DURATION_FOR_MONTHLY_SCOPE,Y,21-03-02,21-03-14,12,12,40,40.0,1,1.0,7900,7900.0,7,7,1,0
2640,_data/01_raw/Membership.csv,2641,NONSTANDARD_DURATION_FOR_MONTHLY_SCOPE,"duration_days_recomputed is missing, zero, or not in 31/32; excluded from standard monthly-subscription official population.",R_DURATION_01_KEEP_31_32_ONLY,NONSTANDARD_DURATION_FOR_MONTHLY_SCOPE,Y,21-03-06,21-03-06,0,0,40,40.0,1,1.0,9.99,9.99,0,0,1,0
2658,_data/01_raw/Membership.csv,2659,NONSTANDARD_DURATION_FOR_MONTHLY_SCOPE,"duration_days_recomputed is missing, zero, or not in 31/32; excluded from standard monthly-subscription official population.",R_DURATION_01_KEEP_31_32_ONLY,NONSTANDARD_DURATION_FOR_MONTHLY_SCOPE,Y,21-03-07,21-03-07,0,0,40,40.0,1,1.0,9.99,9.99,1,1,1,0
2677,_data/01_raw/Membership.csv,2678,NONSTANDARD_DURATION_FOR_MONTHLY_SCOPE,"duration_days_recomputed is missing, zero, or not in 31/32; excluded from standard monthly-subscription official population.",R_DURATION_01_KEEP_31_32_ONLY,NONSTANDARD_DURATION_FOR_MONTHLY_SCOPE,Y,21-03-02,21-03-02,0,0,25,25.0,1,1.0,7900,7900.0,14,14,1,0
2679,_data/01_raw/Membership.csv,2680,NONSTANDARD_DURATION_FOR_MONTHLY_SCOPE,"duration_days_recomputed is missing, zero, or not in 31/32; excluded from standard monthly-subscription official population.",R_DURATION_01_KEEP_31_32_ONLY,NONSTANDARD_DURATION_FOR_MONTHLY_SCOPE,Y,21-03-04,21-03-04,0,0,40,40.0,2,2.0,13.49,13.49,12,12,1,0
2723,_data/01_raw/Membership.csv,2724,NONSTANDARD_DURATION_FOR_MONTHLY_SCOPE,"duration_days_recomputed is missing, zero, or not in 31/32; excluded from standard monthly-subscription official population.",R_DURATION_01_KEEP_31_32_ONLY,NONSTANDARD_DURATION_FOR_MONTHLY_SCOPE,Y,21-03-11,21-03-11,0,0,25,25.0,1,1.0,7900,7900.0,11,11,1,0
2797,_data/01_raw/Membership.csv,2798,INVALID_AGE,"age is missing, unparsable, <10, >100, or 950.",R_AGE_01_PLAUSIBLE_10_100_EXCLUDE_950,INVALID_AGE,Y,21-03-09,21-04-09,31,31,,,4,4.0,100,100.0,21,21,0,0
2800,_data/01_raw/Membership.csv,2801,NONSTANDARD_DURATION_FOR_MONTHLY_SCOPE,"duration_days_recomputed is missing, zero, or not in 31/32; excluded from standard monthly-subscription official population.",R_DURATION_01_KEEP_31_32_ONLY,NONSTANDARD_DURATION_FOR_MONTHLY_SCOPE,Y,21-03-08,21-03-09,1,1,40,40.0,1,1.0,9.99,9.99,14,14,1,0
2833,_data/01_raw/Membership.csv,2834,NONSTANDARD_DURATION_FOR_MONTHLY_SCOPE,"duration_days_recomputed is missing, zero, or not in 31/32; excluded from standard monthly-subscription official population.",R_DURATION_01_KEEP_31_32_ONLY,NONSTANDARD_DURATION_FOR_MONTHLY_SCOPE,Y,21-03-09,21-03-22,13,13,25,25.0,2,2.0,10900,10900.0,19,19,1,0
2854,_data/01_raw/Membership.csv,2855,NONSTANDARD_DURATION_FOR_MONTHLY_SCOPE,"duration_days_recomputed is missing, zero, or not in 31/32; excluded from standard monthly-subscription official population.",R_DURATION_01_KEEP_31_32_ONLY,NONSTANDARD_DURATION_FOR_MONTHLY_SCOPE,Y,21-03-07,21-03-07,0,0,40,40.0,1,1.0,9.99,9.99,13,13,1,0
2859,_data/01_raw/Membership.csv,2860,NONSTANDARD_DURATION_FOR_MONTHLY_SCOPE,"duration_days_recomputed is missing, zero, or not in 31/32; excluded from standard monthly-subscription official population.",R_DURATION_01_KEEP_31_32_ONLY,NONSTANDARD_DURATION_FOR_MONTHLY_SCOPE,Y,21-03-03,21-03-03,0,0,40,40.0,1,1.0,9.99,9.99,14,14,1,0
2878,_data/01_raw/Membership.csv,2879,NONSTANDARD_DURATION_FOR_MONTHLY_SCOPE,"duration_days_recomputed is missing, zero, or not in 31/32; excluded from standard monthly-subscription official population.",R_DURATION_01_KEEP_31_32_ONLY,NONSTANDARD_DURATION_FOR_MONTHLY_SCOPE,Y,21-03-08,21-03-08,0,0,40,40.0,1,1.0,7900,7900.0,14,14,1,0
2899,_data/01_raw/Membership.csv,2900,NONSTANDARD_DURATION_FOR_MONTHLY_SCOPE,"duration_days_recomputed is missing, zero, or not in 31/32; excluded from standard monthly-subscription official population.",R_DURATION_01_KEEP_31_32_ONLY,NONSTANDARD_DURATION_FOR_MONTHLY_SCOPE,Y,21-03-01,21-03-01,0,0,40,40.0,1,1.0,9.99,9.99,0,0,1,0
2911,_data/01_raw/Membership.csv,2912,NONSTANDARD_DURATION_FOR_MONTHLY_SCOPE,"duration_days_recomputed is missing, zero, or not in 31/32; excluded from standard monthly-subscription official population.",R_DURATION_01_KEEP_31_32_ONLY,NONSTANDARD_DURATION_FOR_MONTHLY_SCOPE,N,21-03-09,21-03-09,0,0,40,40.0,1,1.0,7900,7900.0,18,18,1,0
2949,_data/01_raw/Membership.csv,2950,NONSTANDARD_DURATION_FOR_MONTHLY_SCOPE,"duration_days_recomputed is missing, zero, or not in 31/32; excluded from standard monthly-subscription official population.",R_DURATION_01_KEEP_31_32_ONLY,NONSTANDARD_DURATION_FOR_MONTHLY_SCOPE,Y,21-03-07,21-03-16,9,9,50,50.0,1,1.0,100,100.0,21,21,1,0
2975,_data/01_raw/Membership.csv,2976,NONSTANDARD_DURATION_FOR_MONTHLY_SCOPE,"duration_days_recomputed is missing, zero, or not in 31/32; excluded from standard monthly-subscription official population.",R_DURATION_01_KEEP_31_32_ONLY,NONSTANDARD_DURATION_FOR_MONTHLY_SCOPE,Y,21-03-14,21-03-14,0,0,40,40.0,1,1.0,7900,7900.0,11,11,1,0
2995,_data/01_raw/Membership.csv,2996,NONSTANDARD_DURATION_FOR_MONTHLY_SCOPE,"duration_days_recomputed is missing, zero, or not in 31/32; excluded from standard monthly-subscription official population.",R_DURATION_01_KEEP_31_32_ONLY,NONSTANDARD_DURATION_FOR_MONTHLY_SCOPE,N,21-03-11,21-03-11,0,0,40,40.0,1,1.0,7900,7900.0,7,7,1,0
3017,_data/01_raw/Membership.csv,3018,NONSTANDARD_DURATION_FOR_MONTHLY_SCOPE,"duration_days_recomputed is missing, zero, or not in 31/32; excluded from standard monthly-subscription official population.",R_DURATION_01_KEEP_31_32_ONLY,NONSTANDARD_DURATION_FOR_MONTHLY_SCOPE,Y,21-03-13,21-03-13,0,0,40,40.0,1,1.0,9.99,9.99,21,21,1,0
3059,_data/01_raw/Membership.csv,3060,NONSTANDARD_DURATION_FOR_MONTHLY_SCOPE,"duration_days_recomputed is missing, zero, or not in 31/32; excluded from standard monthly-subscription official population.",R_DURATION_01_KEEP_31_32_ONLY,NONSTANDARD_DURATION_FOR_MONTHLY_SCOPE,Y,21-03-14,21-03-14,0,0,45,45.0,2,2.0,10900,10900.0,15,15,1,0
3060,_data/01_raw/Membership.csv,3061,NONSTANDARD_DURATION_FOR_MONTHLY_SCOPE,"duration_days_recomputed is missing, zero, or not in 31/32; excluded from standard monthly-subscription official population.",R_DURATION_01_KEEP_31_32_ONLY,NONSTANDARD_DURATION_FOR_MONTHLY_SCOPE,Y,21-03-04,21-03-04,0,0,20,20.0,4,4.0,13900,13900.0,11,11,1,0
3097,_data/01_raw/Membership.csv,3098,NONSTANDARD_DURATION_FOR_MONTHLY_SCOPE,"duration_days_recomputed is missing, zero, or not in 31/32; excluded from standard monthly-subscription official population.",R_DURATION_01_KEEP_31_32_ONLY,NONSTANDARD_DURATION_FOR_MONTHLY_SCOPE,Y,21-03-13,21-03-13,0,0,25,25.0,1,1.0,7900,7900.0,1,1,1,0
3148,_data/01_raw/Membership.csv,3149,NONSTANDARD_DURATION_FOR_MONTHLY_SCOPE,"duration_days_recomputed is missing, zero, or not in 31/32; excluded from standard monthly-subscription official population.",R_DURATION_01_KEEP_31_32_ONLY,NONSTANDARD_DURATION_FOR_MONTHLY_SCOPE,Y,21-03-15,21-03-15,0,0,25,25.0,1,1.0,7900,7900.0,10,10,1,0
3167,_data/01_raw/Membership.csv,3168,INVALID_AGE,"age is missing, unparsable, <10, >100, or 950.",R_AGE_01_PLAUSIBLE_10_100_EXCLUDE_950,INVALID_AGE,N,21-03-02,21-04-02,31,31,,,4,4.0,100,100.0,23,23,0,0
3171,_data/01_raw/Membership.csv,3172,NONSTANDARD_DURATION_FOR_MONTHLY_SCOPE,"duration_days_recomputed is missing, zero, or not in 31/32; excluded from standard monthly-subscription official population.",R_DURATION_01_KEEP_31_32_ONLY,NONSTANDARD_DURATION_FOR_MONTHLY_SCOPE,Y,21-03-13,21-03-13,0,0,40,40.0,1,1.0,7900,7900.0,12,12,1,0
3177,_data/01_raw/Membership.csv,3178,NONSTANDARD_DURATION_FOR_MONTHLY_SCOPE,"duration_days_recomputed is missing, zero, or not in 31/32; excluded from standard monthly-subscription official population.",R_DURATION_01_KEEP_31_32_ONLY,NONSTANDARD_DURATION_FOR_MONTHLY_SCOPE,Y,21-03-04,21-03-04,0,0,20,20.0,1,1.0,9.99,9.99,20,20,1,0
3231,_data/01_raw/Membership.csv,3232,NONSTANDARD_DURATION_FOR_MONTHLY_SCOPE,"duration_days_recomputed is missing, zero, or not in 31/32; excluded from standard monthly-subscription official population.",R_DURATION_01_KEEP_31_32_ONLY,NONSTANDARD_DURATION_FOR_MONTHLY_SCOPE,Y,21-03-08,21-03-08,0,0,45,45.0,1,1.0,7900,7900.0,22,22,1,0
3234,_data/01_raw/Membership.csv,3235,NONSTANDARD_DURATION_FOR_MONTHLY_SCOPE,"duration_days_recomputed is missing, zero, or not in 31/32; excluded from standard monthly-subscription official population.",R_DURATION_01_KEEP_31_32_ONLY,NONSTANDARD_DURATION_FOR_MONTHLY_SCOPE,Y,21-03-13,21-03-14,1,1,30,30.0,1,1.0,7900,7900.0,7,7,1,0
3257,_data/01_raw/Membership.csv,3258,NONSTANDARD_DURATION_FOR_MONTHLY_SCOPE,"duration_days_recomputed is missing, zero, or not in 31/32; excluded from standard monthly-subscription official population.",R_DURATION_01_KEEP_31_32_ONLY,NONSTANDARD_DURATION_FOR_MONTHLY_SCOPE,Y,21-03-10,21-03-10,0,0,40,40.0,2,2.0,10900,10900.0,15,15,1,0
3284,_data/01_raw/Membership.csv,3285,INVALID_AGE,"age is missing, unparsable, <10, >100, or 950.",R_AGE_01_PLAUSIBLE_10_100_EXCLUDE_950,INVALID_AGE,Y,21-03-01,21-04-01,31,31,,,4,4.0,100,100.0,18,18,0,0
3324,_data/01_raw/Membership.csv,3325,INVALID_AGE,"age is missing, unparsable, <10, >100, or 950.",R_AGE_01_PLAUSIBLE_10_100_EXCLUDE_950,INVALID_AGE,Y,21-03-04,21-04-04,31,31,,,1,1.0,100,100.0,19,19,0,0
3325,_data/01_raw/Membership.csv,3326,NONSTANDARD_DURATION_FOR_MONTHLY_SCOPE,"duration_days_recomputed is missing, zero, or not in 31/32; excluded from standard monthly-subscription official population.",R_DURATION_01_KEEP_31_32_ONLY,NONSTANDARD_DURATION_FOR_MONTHLY_SCOPE,N,21-03-04,21-03-05,1,1,40,40.0,2,2.0,13.49,13.49,23,23,1,0
3334,_data/01_raw/Membership.csv,3335,NONSTANDARD_DURATION_FOR_MONTHLY_SCOPE,"duration_days_recomputed is missing, zero, or not in 31/32; excluded from standard monthly-subscription official population.",R_DURATION_01_KEEP_31_32_ONLY,NONSTANDARD_DURATION_FOR_MONTHLY_SCOPE,Y,21-03-04,21-03-04,0,0,40,40.0,1,1.0,9.99,9.99,17,17,1,0
3365,_data/01_raw/Membership.csv,3366,INVALID_AGE,"age is missing, unparsable, <10, >100, or 950.",R_AGE_01_PLAUSIBLE_10_100_EXCLUDE_950,INVALID_AGE,Y,21-03-04,21-04-04,31,31,,,1,1.0,7900,7900.0,8,8,0,0
3375,_data/01_raw/Membership.csv,3376,INVALID_AGE,"age is missing, unparsable, <10, >100, or 950.",R_AGE_01_PLAUSIBLE_10_100_EXCLUDE_950,INVALID_AGE,Y,21-03-08,21-04-08,31,31,,,1,1.0,100,100.0,14,14,0,0
3380,_data/01_raw/Membership.csv,3381,NONSTANDARD_DURATION_FOR_MONTHLY_SCOPE,"duration_days_recomputed is missing, zero, or not in 31/32; excluded from standard monthly-subscription official population.",R_DURATION_01_KEEP_31_32_ONLY,NONSTANDARD_DURATION_FOR_MONTHLY_SCOPE,N,21-03-01,21-03-01,0,0,45,45.0,1,1.0,100,100.0,19,19,1,0
3393,_data/01_raw/Membership.csv,3394,NONSTANDARD_DURATION_FOR_MONTHLY_SCOPE,"duration_days_recomputed is missing, zero, or not in 31/32; excluded from standard monthly-subscription official population.",R_DURATION_01_KEEP_31_32_ONLY,NONSTANDARD_DURATION_FOR_MONTHLY_SCOPE,Y,21-03-13,21-03-13,0,0,40,40.0,2,2.0,10900,10900.0,10,10,1,0
3417,_data/01_raw/Membership.csv,3418,INVALID_AGE,"age is missing, unparsable, <10, >100, or 950.",R_AGE_01_PLAUSIBLE_10_100_EXCLUDE_950,INVALID_AGE,Y,21-03-06,21-04-07,32,32,,,1,1.0,9.99,9.99,21,21,0,0
3426,_data/01_raw/Membership.csv,3427,INVALID_AGE,"age is missing, unparsable, <10, >100, or 950.",R_AGE_01_PLAUSIBLE_10_100_EXCLUDE_950,INVALID_AGE,Y,21-03-02,21-04-03,32,32,,,2,2.0,13.49,13.49,0,0,0,0
3530,_data/01_raw/Membership.csv,3531,NONSTANDARD_DURATION_FOR_MONTHLY_SCOPE,"duration_days_recomputed is missing, zero, or not in 31/32; excluded from standard monthly-subscription official population.",R_DURATION_01_KEEP_31_32_ONLY,NONSTANDARD_DURATION_FOR_MONTHLY_SCOPE|INVALID_AGE,Y,21-03-03,21-03-03,0,0,,,1,1.0,7900,7900.0,20,20,1,0
3533,_data/01_raw/Membership.csv,3534,INVALID_MAX_SCREEN,"max_screen is missing, unparsable, or not in 1/2/4.",R_MAX_SCREEN_01_KEEP_1_2_4,INVALID_MAX_SCREEN,N,21-03-02,21-04-03,32,32,40,40.0,,,10.99,10.99,0,0,0,1
3575,_data/01_raw/Membership.csv,3576,NONSTANDARD_DURATION_FOR_MONTHLY_SCOPE,"duration_days_recomputed is missing, zero, or not in 31/32; excluded from standard monthly-subscription official population.",R_DURATION_01_KEEP_31_32_ONLY,NONSTANDARD_DURATION_FOR_MONTHLY_SCOPE,N,21-03-08,21-03-08,0,0,40,40.0,1,1.0,7900,7900.0,8,8,1,0
3698,_data/01_raw/Membership.csv,3699,NONSTANDARD_DURATION_FOR_MONTHLY_SCOPE,"duration_days_recomputed is missing, zero, or not in 31/32; excluded from standard monthly-subscription official population.",R_DURATION_01_KEEP_31_32_ONLY,NONSTANDARD_DURATION_FOR_MONTHLY_SCOPE,Y,21-03-02,21-03-14,12,12,30,30.0,2,2.0,5450,5450.0,12,12,1,0
3708,_data/01_raw/Membership.csv,3709,NONSTANDARD_DURATION_FOR_MONTHLY_SCOPE,"duration_days_recomputed is missing, zero, or not in 31/32; excluded from standard monthly-subscription official population.",R_DURATION_01_KEEP_31_32_ONLY,NONSTANDARD_DURATION_FOR_MONTHLY_SCOPE,Y,21-03-01,21-03-01,0,0,40,40.0,1,1.0,9.99,9.99,21,21,1,0
3754,_data/01_raw/Membership.csv,3755,NONSTANDARD_DURATION_FOR_MONTHLY_SCOPE,"duration_days_recomputed is missing, zero, or not in 31/32; excluded from standard monthly-subscription official population.",R_DURATION_01_KEEP_31_32_ONLY,NONSTANDARD_DURATION_FOR_MONTHLY_SCOPE,Y,21-03-14,21-03-14,0,0,40,40.0,1,1.0,7900,7900.0,21,21,1,0
3762,_data/01_raw/Membership.csv,3763,NONSTANDARD_DURATION_FOR_MONTHLY_SCOPE,"duration_days_recomputed is missing, zero, or not in 31/32; excluded from standard monthly-subscription official population.",R_DURATION_01_KEEP_31_32_ONLY,NONSTANDARD_DURATION_FOR_MONTHLY_SCOPE,Y,21-03-07,21-03-07,0,0,40,40.0,1,1.0,7900,7900.0,4,4,1,0
3843,_data/01_raw/Membership.csv,3844,NONSTANDARD_DURATION_FOR_MONTHLY_SCOPE,"duration_days_recomputed is missing, zero, or not in 31/32; excluded from standard monthly-subscription official population.",R_DURATION_01_KEEP_31_32_ONLY,NONSTANDARD_DURATION_FOR_MONTHLY_SCOPE,Y,21-03-01,21-03-01,0,0,25,25.0,1,1.0,7900,7900.0,19,19,1,0
3916,_data/01_raw/Membership.csv,3917,NONSTANDARD_DURATION_FOR_MONTHLY_SCOPE,"duration_days_recomputed is missing, zero, or not in 31/32; excluded from standard monthly-subscription official population.",R_DURATION_01_KEEP_31_32_ONLY,NONSTANDARD_DURATION_FOR_MONTHLY_SCOPE|INVALID_MAX_SCREEN,Y,21-03-08,21-03-10,2,2,40,40.0,,,10.99,10.99,19,19,1,1
3952,_data/01_raw/Membership.csv,3953,NONSTANDARD_DURATION_FOR_MONTHLY_SCOPE,"duration_days_recomputed is missing, zero, or not in 31/32; excluded from standard monthly-subscription official population.",R_DURATION_01_KEEP_31_32_ONLY,NONSTANDARD_DURATION_FOR_MONTHLY_SCOPE,Y,21-03-01,21-03-01,0,0,35,35.0,1,1.0,14.29,14.29,11,11,1,0
4026,_data/01_raw/Membership.csv,4027,NONSTANDARD_DURATION_FOR_MONTHLY_SCOPE,"duration_days_recomputed is missing, zero, or not in 31/32; excluded from standard monthly-subscription official population.",R_DURATION_01_KEEP_31_32_ONLY,NONSTANDARD_DURATION_FOR_MONTHLY_SCOPE,Y,21-03-02,21-03-11,9,9,35,35.0,1,1.0,7900,7900.0,12,12,1,0
4033,_data/01_raw/Membership.csv,4034,NONSTANDARD_DURATION_FOR_MONTHLY_SCOPE,"duration_days_recomputed is missing, zero, or not in 31/32; excluded from standard monthly-subscription official population.",R_DURATION_01_KEEP_31_32_ONLY,NONSTANDARD_DURATION_FOR_MONTHLY_SCOPE,Y,21-03-01,21-03-13,12,12,30,30.0,2,2.0,10900,10900.0,1,1,1,0
4069,_data/01_raw/Membership.csv,4070,INVALID_AGE,"age is missing, unparsable, <10, >100, or 950.",R_AGE_01_PLAUSIBLE_10_100_EXCLUDE_950,INVALID_AGE,N,21-03-09,21-04-09,31,31,,,1,1.0,100,100.0,21,21,0,0
4074,_data/01_raw/Membership.csv,4075,NONSTANDARD_DURATION_FOR_MONTHLY_SCOPE,"duration_days_recomputed is missing, zero, or not in 31/32; excluded from standard monthly-subscription official population.",R_DURATION_01_KEEP_31_32_ONLY,NONSTANDARD_DURATION_FOR_MONTHLY_SCOPE,Y,21-03-13,21-03-14,1,1,40,40.0,4,4.0,13900,13900.0,10,10,1,0
4093,_data/01_raw/Membership.csv,4094,NONSTANDARD_DURATION_FOR_MONTHLY_SCOPE,"duration_days_recomputed is missing, zero, or not in 31/32; excluded from standard monthly-subscription official population.",R_DURATION_01_KEEP_31_32_ONLY,NONSTANDARD_DURATION_FOR_MONTHLY_SCOPE,Y,21-03-14,21-03-20,6,6,50,50.0,1,1.0,7900,7900.0,7,7,1,0
4143,_data/01_raw/Membership.csv,4144,INVALID_AGE,"age is missing, unparsable, <10, >100, or 950.",R_AGE_01_PLAUSIBLE_10_100_EXCLUDE_950,INVALID_AGE,N,21-03-10,21-04-10,31,31,,,1,1.0,100,100.0,20,20,0,0
4144,_data/01_raw/Membership.csv,4145,NONSTANDARD_DURATION_FOR_MONTHLY_SCOPE,"duration_days_recomputed is missing, zero, or not in 31/32; excluded from standard monthly-subscription official population.",R_DURATION_01_KEEP_31_32_ONLY,NONSTANDARD_DURATION_FOR_MONTHLY_SCOPE,N,21-03-03,21-03-03,0,0,25,25.0,1,1.0,100,100.0,22,22,1,0
4145,_data/01_raw/Membership.csv,4146,INVALID_AGE,"age is missing, unparsable, <10, >100, or 950.",R_AGE_01_PLAUSIBLE_10_100_EXCLUDE_950,INVALID_AGE,Y,21-03-12,21-04-12,31,31,,,1,1.0,100,100.0,14,14,0,0
4161,_data/01_raw/Membership.csv,4162,NONSTANDARD_DURATION_FOR_MONTHLY_SCOPE,"duration_days_recomputed is missing, zero, or not in 31/32; excluded from standard monthly-subscription official population.",R_DURATION_01_KEEP_31_32_ONLY,NONSTANDARD_DURATION_FOR_MONTHLY_SCOPE,Y,21-03-08,21-03-08,0,0,40,40.0,2,2.0,13.49,13.49,1,1,1,0
4162,_data/01_raw/Membership.csv,4163,NONSTANDARD_DURATION_FOR_MONTHLY_SCOPE,"duration_days_recomputed is missing, zero, or not in 31/32; excluded from standard monthly-subscription official population.",R_DURATION_01_KEEP_31_32_ONLY,NONSTANDARD_DURATION_FOR_MONTHLY_SCOPE,Y,21-03-09,21-03-09,0,0,40,40.0,1,1.0,13.19,13.19,0,0,1,0
4196,_data/01_raw/Membership.csv,4197,NONSTANDARD_DURATION_FOR_MONTHLY_SCOPE,"duration_days_recomputed is missing, zero, or not in 31/32; excluded from standard monthly-subscription official population.",R_DURATION_01_KEEP_31_32_ONLY,NONSTANDARD_DURATION_FOR_MONTHLY_SCOPE,Y,21-03-14,21-03-14,0,0,40,40.0,1,1.0,7900,7900.0,21,21,1,0
4249,_data/01_raw/Membership.csv,4250,INVALID_AGE,"age is missing, unparsable, <10, >100, or 950.",R_AGE_01_PLAUSIBLE_10_100_EXCLUDE_950,INVALID_AGE,N,21-03-15,21-04-15,31,31,,,1,1.0,100,100.0,13,13,0,0
4323,_data/01_raw/Membership.csv,4324,INVALID_MAX_SCREEN,"max_screen is missing, unparsable, or not in 1/2/4.",R_MAX_SCREEN_01_KEEP_1_2_4,INVALID_MAX_SCREEN,Y,21-03-13,21-04-14,32,32,40,40.0,,,10.99,10.99,20,20,0,1
4340,_data/01_raw/Membership.csv,4341,INVALID_AGE,"age is missing, unparsable, <10, >100, or 950.",R_AGE_01_PLAUSIBLE_10_100_EXCLUDE_950,INVALID_AGE,N,21-03-06,21-04-06,31,31,0,0.0,2,2.0,10900,10900.0,22,22,0,0
4365,_data/01_raw/Membership.csv,4366,NONSTANDARD_DURATION_FOR_MONTHLY_SCOPE,"duration_days_recomputed is missing, zero, or not in 31/32; excluded from standard monthly-subscription official population.",R_DURATION_01_KEEP_31_32_ONLY,NONSTANDARD_DURATION_FOR_MONTHLY_SCOPE,Y,21-03-14,21-03-14,0,0,30,30.0,1,1.0,7900,7900.0,21,21,1,0
4433,_data/01_raw/Membership.csv,4434,INVALID_AGE,"age is missing, unparsable, <10, >100, or 950.",R_AGE_01_PLAUSIBLE_10_100_EXCLUDE_950,INVALID_AGE,Y,21-03-11,21-04-11,31,31,,,1,1.0,100,100.0,23,23,0,0
4456,_data/01_raw/Membership.csv,4457,INVALID_AGE,"age is missing, unparsable, <10, >100, or 950.",R_AGE_01_PLAUSIBLE_10_100_EXCLUDE_950,INVALID_AGE,N,21-03-09,21-04-09,31,31,,,1,1.0,100,100.0,17,17,0,0
4509,_data/01_raw/Membership.csv,4510,INVALID_AGE,"age is missing, unparsable, <10, >100, or 950.",R_AGE_01_PLAUSIBLE_10_100_EXCLUDE_950,INVALID_AGE,Y,21-03-01,21-04-01,31,31,,,4,4.0,100,100.0,13,13,0,0
4522,_data/01_raw/Membership.csv,4523,INVALID_MAX_SCREEN,"max_screen is missing, unparsable, or not in 1/2/4.",R_MAX_SCREEN_01_KEEP_1_2_4,INVALID_MAX_SCREEN,N,21-03-10,21-04-11,32,32,40,40.0,,,10.99,10.99,11,11,0,1
4560,_data/01_raw/Membership.csv,4561,NONSTANDARD_DURATION_FOR_MONTHLY_SCOPE,"duration_days_recomputed is missing, zero, or not in 31/32; excluded from standard monthly-subscription official population.",R_DURATION_01_KEEP_31_32_ONLY,NONSTANDARD_DURATION_FOR_MONTHLY_SCOPE|INVALID_MAX_SCREEN,Y,21-03-08,21-03-08,0,0,40,40.0,,,10.99,10.99,16,16,1,1
4621,_data/01_raw/Membership.csv,4622,NONSTANDARD_DURATION_FOR_MONTHLY_SCOPE,"duration_days_recomputed is missing, zero, or not in 31/32; excluded from standard monthly-subscription official population.",R_DURATION_01_KEEP_31_32_ONLY,NONSTANDARD_DURATION_FOR_MONTHLY_SCOPE,N,21-03-02,21-03-02,0,0,25,25.0,1,1.0,7900,7900.0,22,22,1,0
4622,_data/01_raw/Membership.csv,4623,NONSTANDARD_DURATION_FOR_MONTHLY_SCOPE,"duration_days_recomputed is missing, zero, or not in 31/32; excluded from standard monthly-subscription official population.",R_DURATION_01_KEEP_31_32_ONLY,NONSTANDARD_DURATION_FOR_MONTHLY_SCOPE,Y,21-03-07,21-03-07,0,0,40,40.0,2,2.0,13.49,13.49,18,18,1,0
4668,_data/01_raw/Membership.csv,4669,NONSTANDARD_DURATION_FOR_MONTHLY_SCOPE,"duration_days_recomputed is missing, zero, or not in 31/32; excluded from standard monthly-subscription official population.",R_DURATION_01_KEEP_31_32_ONLY,NONSTANDARD_DURATION_FOR_MONTHLY_SCOPE,Y,21-03-03,21-03-13,10,10,35,35.0,1,1.0,100,100.0,0,0,1,0
4684,_data/01_raw/Membership.csv,4685,NONSTANDARD_DURATION_FOR_MONTHLY_SCOPE,"duration_days_recomputed is missing, zero, or not in 31/32; excluded from standard monthly-subscription official population.",R_DURATION_01_KEEP_31_32_ONLY,NONSTANDARD_DURATION_FOR_MONTHLY_SCOPE,N,21-03-02,21-03-02,0,0,40,40.0,2,2.0,10900,10900.0,19,19,1,0
4716,_data/01_raw/Membership.csv,4717,INVALID_MAX_SCREEN,"max_screen is missing, unparsable, or not in 1/2/4.",R_MAX_SCREEN_01_KEEP_1_2_4,INVALID_MAX_SCREEN,Y,21-03-10,21-04-11,32,32,40,40.0,,,10.99,10.99,17,17,0,1
4790,_data/01_raw/Membership.csv,4791,NONSTANDARD_DURATION_FOR_MONTHLY_SCOPE,"duration_days_recomputed is missing, zero, or not in 31/32; excluded from standard monthly-subscription official population.",R_DURATION_01_KEEP_31_32_ONLY,NONSTANDARD_DURATION_FOR_MONTHLY_SCOPE,N,21-03-03,21-03-03,0,0,30,30.0,1,1.0,100,100.0,9,9,1,0
4814,_data/01_raw/Membership.csv,4815,NONSTANDARD_DURATION_FOR_MONTHLY_SCOPE,"duration_days_recomputed is missing, zero, or not in 31/32; excluded from standard monthly-subscription official population.",R_DURATION_01_KEEP_31_32_ONLY,NONSTANDARD_DURATION_FOR_MONTHLY_SCOPE,Y,21-03-02,21-03-02,0,0,40,40.0,2,2.0,13.49,13.49,14,14,1,0
4863,_data/01_raw/Membership.csv,4864,INVALID_AGE,"age is missing, unparsable, <10, >100, or 950.",R_AGE_01_PLAUSIBLE_10_100_EXCLUDE_950,INVALID_AGE,N,21-03-02,21-04-02,31,31,950,950.0,1,1.0,7900,7900.0,21,21,0,0
4880,_data/01_raw/Membership.csv,4881,NONSTANDARD_DURATION_FOR_MONTHLY_SCOPE,"duration_days_recomputed is missing, zero, or not in 31/32; excluded from standard monthly-subscription official population.",R_DURATION_01_KEEP_31_32_ONLY,NONSTANDARD_DURATION_FOR_MONTHLY_SCOPE,Y,21-03-02,21-03-04,2,2,40,40.0,2,2.0,10900,10900.0,15,15,1,0
4893,_data/01_raw/Membership.csv,4894,NONSTANDARD_DURATION_FOR_MONTHLY_SCOPE,"duration_days_recomputed is missing, zero, or not in 31/32; excluded from standard monthly-subscription official population.",R_DURATION_01_KEEP_31_32_ONLY,NONSTANDARD_DURATION_FOR_MONTHLY_SCOPE,Y,21-03-05,21-03-05,0,0,40,40.0,1,1.0,7900,7900.0,17,17,1,0
4894,_data/01_raw/Membership.csv,4895,NONSTANDARD_DURATION_FOR_MONTHLY_SCOPE,"duration_days_recomputed is missing, zero, or not in 31/32; excluded from standard monthly-subscription official population.",R_DURATION_01_KEEP_31_32_ONLY,NONSTANDARD_DURATION_FOR_MONTHLY_SCOPE,N,21-03-04,21-03-06,2,2,40,40.0,1,1.0,7900,7900.0,4,4,1,0
4914,_data/01_raw/Membership.csv,4915,NONSTANDARD_DURATION_FOR_MONTHLY_SCOPE,"duration_days_recomputed is missing, zero, or not in 31/32; excluded from standard monthly-subscription official population.",R_DURATION_01_KEEP_31_32_ONLY,NONSTANDARD_DURATION_FOR_MONTHLY_SCOPE,Y,21-03-14,21-03-14,0,0,45,45.0,1,1.0,100,100.0,20,20,1,0
4918,_data/01_raw/Membership.csv,4919,NONSTANDARD_DURATION_FOR_MONTHLY_SCOPE,"duration_days_recomputed is missing, zero, or not in 31/32; excluded from standard monthly-subscription official population.",R_DURATION_01_KEEP_31_32_ONLY,NONSTANDARD_DURATION_FOR_MONTHLY_SCOPE,N,21-03-01,21-03-01,0,0,40,40.0,1,1.0,9.99,9.99,0,0,1,0
4935,_data/01_raw/Membership.csv,4936,INVALID_AGE,"age is missing, unparsable, <10, >100, or 950.",R_AGE_01_PLAUSIBLE_10_100_EXCLUDE_950,INVALID_AGE,N,21-03-01,21-04-01,31,31,,,4,4.0,100,100.0,14,14,0,0
4953,_data/01_raw/Membership.csv,4954,INVALID_AGE,"age is missing, unparsable, <10, >100, or 950.",R_AGE_01_PLAUSIBLE_10_100_EXCLUDE_950,INVALID_AGE,N,21-03-09,21-04-09,31,31,,,4,4.0,100,100.0,23,23,0,0
5048,_data/01_raw/Membership.csv,5049,INVALID_AGE,"age is missing, unparsable, <10, >100, or 950.",R_AGE_01_PLAUSIBLE_10_100_EXCLUDE_950,INVALID_AGE,N,21-03-07,21-04-08,32,32,,,1,1.0,9.99,9.99,18,18,0,0
5051,_data/01_raw/Membership.csv,5052,NONSTANDARD_DURATION_FOR_MONTHLY_SCOPE,"duration_days_recomputed is missing, zero, or not in 31/32; excluded from standard monthly-subscription official population.",R_DURATION_01_KEEP_31_32_ONLY,NONSTANDARD_DURATION_FOR_MONTHLY_SCOPE|INVALID_AGE,Y,21-03-10,21-03-10,0,0,,,4,4.0,100,100.0,21,21,1,0
5063,_data/01_raw/Membership.csv,5064,NONSTANDARD_DURATION_FOR_MONTHLY_SCOPE,"duration_days_recomputed is missing, zero, or not in 31/32; excluded from standard monthly-subscription official population.",R_DURATION_01_KEEP_31_32_ONLY,NONSTANDARD_DURATION_FOR_MONTHLY_SCOPE,N,21-03-01,21-03-01,0,0,50,50.0,1,1.0,7900,7900.0,12,12,1,0
5065,_data/01_raw/Membership.csv,5066,NONSTANDARD_DURATION_FOR_MONTHLY_SCOPE,"duration_days_recomputed is missing, zero, or not in 31/32; excluded from standard monthly-subscription official population.",R_DURATION_01_KEEP_31_32_ONLY,NONSTANDARD_DURATION_FOR_MONTHLY_SCOPE,Y,21-03-06,21-03-07,1,1,25,25.0,2,2.0,13.49,13.49,1,1,1,0
5094,_data/01_raw/Membership.csv,5095,NONSTANDARD_DURATION_FOR_MONTHLY_SCOPE,"duration_days_recomputed is missing, zero, or not in 31/32; excluded from standard monthly-subscription official population.",R_DURATION_01_KEEP_31_32_ONLY,NONSTANDARD_DURATION_FOR_MONTHLY_SCOPE,N,21-03-05,21-03-11,6,6,50,50.0,1,1.0,7900,7900.0,9,9,1,0
5118,_data/01_raw/Membership.csv,5119,INVALID_MAX_SCREEN,"max_screen is missing, unparsable, or not in 1/2/4.",R_MAX_SCREEN_01_KEEP_1_2_4,INVALID_MAX_SCREEN,Y,21-03-07,21-04-08,32,32,40,40.0,,,10.99,10.99,20,20,0,1
5121,_data/01_raw/Membership.csv,5122,INVALID_AGE,"age is missing, unparsable, <10, >100, or 950.",R_AGE_01_PLAUSIBLE_10_100_EXCLUDE_950,INVALID_AGE,Y,21-03-14,21-04-14,31,31,,,2,2.0,100,100.0,12,12,0,0
5145,_data/01_raw/Membership.csv,5146,INVALID_MAX_SCREEN,"max_screen is missing, unparsable, or not in 1/2/4.",R_MAX_SCREEN_01_KEEP_1_2_4,INVALID_MAX_SCREEN,Y,21-03-03,21-04-04,32,32,30,30.0,3,3.0,16.49,16.49,0,0,0,1
5192,_data/01_raw/Membership.csv,5193,NONSTANDARD_DURATION_FOR_MONTHLY_SCOPE,"duration_days_recomputed is missing, zero, or not in 31/32; excluded from standard monthly-subscription official population.",R_DURATION_01_KEEP_31_32_ONLY,NONSTANDARD_DURATION_FOR_MONTHLY_SCOPE,Y,21-03-15,21-03-15,0,0,40,40.0,1,1.0,7900,7900.0,10,10,1,0
5275,_data/01_raw/Membership.csv,5276,NONSTANDARD_DURATION_FOR_MONTHLY_SCOPE,"duration_days_recomputed is missing, zero, or not in 31/32; excluded from standard monthly-subscription official population.",R_DURATION_01_KEEP_31_32_ONLY,NONSTANDARD_DURATION_FOR_MONTHLY_SCOPE,Y,21-03-04,21-03-22,18,18,30,30.0,1,1.0,7900,7900.0,15,15,1,0
5283,_data/01_raw/Membership.csv,5284,NONSTANDARD_DURATION_FOR_MONTHLY_SCOPE,"duration_days_recomputed is missing, zero, or not in 31/32; excluded from standard monthly-subscription official population.",R_DURATION_01_KEEP_31_32_ONLY,NONSTANDARD_DURATION_FOR_MONTHLY_SCOPE,Y,21-03-10,21-03-10,0,0,40,40.0,1,1.0,9.99,9.99,1,1,1,0
5316,_data/01_raw/Membership.csv,5317,NONSTANDARD_DURATION_FOR_MONTHLY_SCOPE,"duration_days_recomputed is missing, zero, or not in 31/32; excluded from standard monthly-subscription official population.",R_DURATION_01_KEEP_31_32_ONLY,NONSTANDARD_DURATION_FOR_MONTHLY_SCOPE,Y,21-03-06,21-03-06,0,0,40,40.0,1,1.0,9.99,9.99,9,9,1,0
5367,_data/01_raw/Membership.csv,5368,NONSTANDARD_DURATION_FOR_MONTHLY_SCOPE,"duration_days_recomputed is missing, zero, or not in 31/32; excluded from standard monthly-subscription official population.",R_DURATION_01_KEEP_31_32_ONLY,NONSTANDARD_DURATION_FOR_MONTHLY_SCOPE,Y,21-03-15,21-03-15,0,0,35,35.0,1,1.0,100,100.0,11,11,1,0
5432,_data/01_raw/Membership.csv,5433,NONSTANDARD_DURATION_FOR_MONTHLY_SCOPE,"duration_days_recomputed is missing, zero, or not in 31/32; excluded from standard monthly-subscription official population.",R_DURATION_01_KEEP_31_32_ONLY,NONSTANDARD_DURATION_FOR_MONTHLY_SCOPE,N,21-03-03,21-03-03,0,0,55,55.0,2,2.0,10900,10900.0,15,15,1,0
5444,_data/01_raw/Membership.csv,5445,NONSTANDARD_DURATION_FOR_MONTHLY_SCOPE,"duration_days_recomputed is missing, zero, or not in 31/32; excluded from standard monthly-subscription official population.",R_DURATION_01_KEEP_31_32_ONLY,NONSTANDARD_DURATION_FOR_MONTHLY_SCOPE,N,21-03-07,21-03-07,0,0,25,25.0,2,2.0,14.29,14.29,0,0,1,0
5487,_data/01_raw/Membership.csv,5488,INVALID_MAX_SCREEN,"max_screen is missing, unparsable, or not in 1/2/4.",R_MAX_SCREEN_01_KEEP_1_2_4,INVALID_MAX_SCREEN,Y,21-03-06,21-04-07,32,32,40,40.0,,,10.99,10.99,16,16,0,1
5499,_data/01_raw/Membership.csv,5500,INVALID_MAX_SCREEN,"max_screen is missing, unparsable, or not in 1/2/4.",R_MAX_SCREEN_01_KEEP_1_2_4,INVALID_MAX_SCREEN,Y,21-03-01,21-04-01,31,31,30,30.0,,,5900,5900.0,11,11,0,1
5606,_data/01_raw/Membership.csv,5607,NONSTANDARD_DURATION_FOR_MONTHLY_SCOPE,"duration_days_recomputed is missing, zero, or not in 31/32; excluded from standard monthly-subscription official population.",R_DURATION_01_KEEP_31_32_ONLY,NONSTANDARD_DURATION_FOR_MONTHLY_SCOPE,Y,21-03-06,21-03-06,0,0,20,20.0,1,1.0,9.99,9.99,9,9,1,0
5631,_data/01_raw/Membership.csv,5632,NONSTANDARD_DURATION_FOR_MONTHLY_SCOPE,"duration_days_recomputed is missing, zero, or not in 31/32; excluded from standard monthly-subscription official population.",R_DURATION_01_KEEP_31_32_ONLY,NONSTANDARD_DURATION_FOR_MONTHLY_SCOPE,Y,21-03-09,21-03-09,0,0,40,40.0,1,1.0,7900,7900.0,15,15,1,0
5741,_data/01_raw/Membership.csv,5742,NONSTANDARD_DURATION_FOR_MONTHLY_SCOPE,"duration_days_recomputed is missing, zero, or not in 31/32; excluded from standard monthly-subscription official population.",R_DURATION_01_KEEP_31_32_ONLY,NONSTANDARD_DURATION_FOR_MONTHLY_SCOPE,Y,21-03-03,21-03-03,0,0,30,30.0,2,2.0,10900,10900.0,11,11,1,0
5749,_data/01_raw/Membership.csv,5750,NONSTANDARD_DURATION_FOR_MONTHLY_SCOPE,"duration_days_recomputed is missing, zero, or not in 31/32; excluded from standard monthly-subscription official population.",R_DURATION_01_KEEP_31_32_ONLY,NONSTANDARD_DURATION_FOR_MONTHLY_SCOPE,Y,21-03-01,21-03-01,0,0,30,30.0,1,1.0,9.99,9.99,20,20,1,0
5761,_data/01_raw/Membership.csv,5762,NONSTANDARD_DURATION_FOR_MONTHLY_SCOPE,"duration_days_recomputed is missing, zero, or not in 31/32; excluded from standard monthly-subscription official population.",R_DURATION_01_KEEP_31_32_ONLY,NONSTANDARD_DURATION_FOR_MONTHLY_SCOPE,Y,21-03-03,21-03-03,0,0,40,40.0,1,1.0,7900,7900.0,11,11,1,0
5815,_data/01_raw/Membership.csv,5816,INVALID_MAX_SCREEN,"max_screen is missing, unparsable, or not in 1/2/4.",R_MAX_SCREEN_01_KEEP_1_2_4,INVALID_MAX_SCREEN,Y,21-03-10,21-04-10,31,31,25,25.0,3,3.0,16400,16400.0,10,10,0,1
5824,_data/01_raw/Membership.csv,5825,NONSTANDARD_DURATION_FOR_MONTHLY_SCOPE,"duration_days_recomputed is missing, zero, or not in 31/32; excluded from standard monthly-subscription official population.",R_DURATION_01_KEEP_31_32_ONLY,NONSTANDARD_DURATION_FOR_MONTHLY_SCOPE,Y,21-03-06,21-03-06,0,0,20,20.0,1,1.0,100,100.0,12,12,1,0
5856,_data/01_raw/Membership.csv,5857,NONSTANDARD_DURATION_FOR_MONTHLY_SCOPE,"duration_days_recomputed is missing, zero, or not in 31/32; excluded from standard monthly-subscription official population.",R_DURATION_01_KEEP_31_32_ONLY,NONSTANDARD_DURATION_FOR_MONTHLY_SCOPE,Y,21-03-01,21-03-01,0,0,50,50.0,1,1.0,3950,3950.0,11,11,1,0
5866,_data/01_raw/Membership.csv,5867,INVALID_MAX_SCREEN,"max_screen is missing, unparsable, or not in 1/2/4.",R_MAX_SCREEN_01_KEEP_1_2_4,INVALID_MAX_SCREEN,Y,21-03-06,21-04-07,32,32,40,40.0,3,3.0,21.99,21.99,10,10,0,1
5878,_data/01_raw/Membership.csv,5879,NONSTANDARD_DURATION_FOR_MONTHLY_SCOPE,"duration_days_recomputed is missing, zero, or not in 31/32; excluded from standard monthly-subscription official population.",R_DURATION_01_KEEP_31_32_ONLY,NONSTANDARD_DURATION_FOR_MONTHLY_SCOPE,Y,21-03-08,21-03-08,0,0,40,40.0,1,1.0,7900,7900.0,0,0,1,0
5954,_data/01_raw/Membership.csv,5955,NONSTANDARD_DURATION_FOR_MONTHLY_SCOPE,"duration_days_recomputed is missing, zero, or not in 31/32; excluded from standard monthly-subscription official population.",R_DURATION_01_KEEP_31_32_ONLY,NONSTANDARD_DURATION_FOR_MONTHLY_SCOPE,Y,21-03-03,21-03-03,0,0,25,25.0,1,1.0,3950,3950.0,11,11,1,0
5973,_data/01_raw/Membership.csv,5974,NONSTANDARD_DURATION_FOR_MONTHLY_SCOPE,"duration_days_recomputed is missing, zero, or not in 31/32; excluded from standard monthly-subscription official population.",R_DURATION_01_KEEP_31_32_ONLY,NONSTANDARD_DURATION_FOR_MONTHLY_SCOPE,Y,21-03-08,21-03-08,0,0,50,50.0,4,4.0,6950,6950.0,11,11,1,0
5986,_data/01_raw/Membership.csv,5987,NONSTANDARD_DURATION_FOR_MONTHLY_SCOPE,"duration_days_recomputed is missing, zero, or not in 31/32; excluded from standard monthly-subscription official population.",R_DURATION_01_KEEP_31_32_ONLY,NONSTANDARD_DURATION_FOR_MONTHLY_SCOPE,Y,21-03-07,21-03-07,0,0,30,30.0,1,1.0,7900,7900.0,3,3,1,0
5987,_data/01_raw/Membership.csv,5988,NONSTANDARD_DURATION_FOR_MONTHLY_SCOPE,"duration_days_recomputed is missing, zero, or not in 31/32; excluded from standard monthly-subscription official population.",R_DURATION_01_KEEP_31_32_ONLY,NONSTANDARD_DURATION_FOR_MONTHLY_SCOPE,N,21-03-07,21-03-10,3,3,40,40.0,1,1.0,9.99,9.99,16,16,1,0
5989,_data/01_raw/Membership.csv,5990,NONSTANDARD_DURATION_FOR_MONTHLY_SCOPE,"duration_days_recomputed is missing, zero, or not in 31/32; excluded from standard monthly-subscription official population.",R_DURATION_01_KEEP_31_32_ONLY,NONSTANDARD_DURATION_FOR_MONTHLY_SCOPE,Y,21-03-02,21-03-02,0,0,20,20.0,2,2.0,10900,10900.0,12,12,1,0
6035,_data/01_raw/Membership.csv,6036,INVALID_AGE,"age is missing, unparsable, <10, >100, or 950.",R_AGE_01_PLAUSIBLE_10_100_EXCLUDE_950,INVALID_AGE,Y,21-03-07,21-04-07,31,31,,,2,2.0,100,100.0,0,0,0,0
6113,_data/01_raw/Membership.csv,6114,INVALID_AGE,"age is missing, unparsable, <10, >100, or 950.",R_AGE_01_PLAUSIBLE_10_100_EXCLUDE_950,INVALID_AGE,N,21-03-14,21-04-14,31,31,,,1,1.0,100,100.0,3,3,0,0
6145,_data/01_raw/Membership.csv,6146,NONSTANDARD_DURATION_FOR_MONTHLY_SCOPE,"duration_days_recomputed is missing, zero, or not in 31/32; excluded from standard monthly-subscription official population.",R_DURATION_01_KEEP_31_32_ONLY,NONSTANDARD_DURATION_FOR_MONTHLY_SCOPE,Y,21-03-13,21-03-13,0,0,40,40.0,1,1.0,9.99,9.99,10,10,1,0
6176,_data/01_raw/Membership.csv,6177,NONSTANDARD_DURATION_FOR_MONTHLY_SCOPE,"duration_days_recomputed is missing, zero, or not in 31/32; excluded from standard monthly-subscription official population.",R_DURATION_01_KEEP_31_32_ONLY,NONSTANDARD_DURATION_FOR_MONTHLY_SCOPE,Y,21-03-02,21-03-02,0,0,40,40.0,1,1.0,9.99,9.99,8,8,1,0
6213,_data/01_raw/Membership.csv,6214,INVALID_MAX_SCREEN,"max_screen is missing, unparsable, or not in 1/2/4.",R_MAX_SCREEN_01_KEEP_1_2_4,INVALID_MAX_SCREEN,N,21-03-14,21-04-15,32,32,40,40.0,,,13.19,13.19,12,12,0,1
6230,_data/01_raw/Membership.csv,6231,NONSTANDARD_DURATION_FOR_MONTHLY_SCOPE,"duration_days_recomputed is missing, zero, or not in 31/32; excluded from standard monthly-subscription official population.",R_DURATION_01_KEEP_31_32_ONLY,NONSTANDARD_DURATION_FOR_MONTHLY_SCOPE,Y,21-03-07,21-03-07,0,0,15,15.0,4,4.0,6950,6950.0,10,10,1,0
6248,_data/01_raw/Membership.csv,6249,NONSTANDARD_DURATION_FOR_MONTHLY_SCOPE,"duration_days_recomputed is missing, zero, or not in 31/32; excluded from standard monthly-subscription official population.",R_DURATION_01_KEEP_31_32_ONLY,NONSTANDARD_DURATION_FOR_MONTHLY_SCOPE|INVALID_AGE,Y,21-03-07,21-03-07,0,0,,,1,1.0,9.99,9.99,8,8,1,0
6284,_data/01_raw/Membership.csv,6285,NONSTANDARD_DURATION_FOR_MONTHLY_SCOPE,"duration_days_recomputed is missing, zero, or not in 31/32; excluded from standard monthly-subscription official population.",R_DURATION_01_KEEP_31_32_ONLY,NONSTANDARD_DURATION_FOR_MONTHLY_SCOPE,Y,21-03-05,21-03-05,0,0,45,45.0,1,1.0,7900,7900.0,19,19,1,0
6338,_data/01_raw/Membership.csv,6339,NONSTANDARD_DURATION_FOR_MONTHLY_SCOPE,"duration_days_recomputed is missing, zero, or not in 31/32; excluded from standard monthly-subscription official population.",R_DURATION_01_KEEP_31_32_ONLY,NONSTANDARD_DURATION_FOR_MONTHLY_SCOPE,Y,21-03-06,21-03-10,4,4,45,45.0,1,1.0,7900,7900.0,23,23,1,0
6380,_data/01_raw/Membership.csv,6381,NONSTANDARD_DURATION_FOR_MONTHLY_SCOPE,"duration_days_recomputed is missing, zero, or not in 31/32; excluded from standard monthly-subscription official population.",R_DURATION_01_KEEP_31_32_ONLY,NONSTANDARD_DURATION_FOR_MONTHLY_SCOPE,N,21-03-05,21-03-07,2,2,40,40.0,1,1.0,9.99,9.99,15,15,1,0
6401,_data/01_raw/Membership.csv,6402,NONSTANDARD_DURATION_FOR_MONTHLY_SCOPE,"duration_days_recomputed is missing, zero, or not in 31/32; excluded from standard monthly-subscription official population.",R_DURATION_01_KEEP_31_32_ONLY,NONSTANDARD_DURATION_FOR_MONTHLY_SCOPE,Y,21-03-04,21-03-04,0,0,40,40.0,1,1.0,7900,7900.0,23,23,1,0
6421,_data/01_raw/Membership.csv,6422,NONSTANDARD_DURATION_FOR_MONTHLY_SCOPE,"duration_days_recomputed is missing, zero, or not in 31/32; excluded from standard monthly-subscription official population.",R_DURATION_01_KEEP_31_32_ONLY,NONSTANDARD_DURATION_FOR_MONTHLY_SCOPE|INVALID_AGE,Y,21-03-01,21-03-01,0,0,,,1,1.0,9.99,9.99,21,21,1,0
6469,_data/01_raw/Membership.csv,6470,NONSTANDARD_DURATION_FOR_MONTHLY_SCOPE,"duration_days_recomputed is missing, zero, or not in 31/32; excluded from standard monthly-subscription official population.",R_DURATION_01_KEEP_31_32_ONLY,NONSTANDARD_DURATION_FOR_MONTHLY_SCOPE,Y,21-03-06,21-03-06,0,0,60,60.0,1,1.0,100,100.0,22,22,1,0
6474,_data/01_raw/Membership.csv,6475,NONSTANDARD_DURATION_FOR_MONTHLY_SCOPE,"duration_days_recomputed is missing, zero, or not in 31/32; excluded from standard monthly-subscription official population.",R_DURATION_01_KEEP_31_32_ONLY,NONSTANDARD_DURATION_FOR_MONTHLY_SCOPE,N,21-03-12,21-03-12,0,0,35,35.0,1,1.0,100,100.0,0,0,1,0
6481,_data/01_raw/Membership.csv,6482,NONSTANDARD_DURATION_FOR_MONTHLY_SCOPE,"duration_days_recomputed is missing, zero, or not in 31/32; excluded from standard monthly-subscription official population.",R_DURATION_01_KEEP_31_32_ONLY,NONSTANDARD_DURATION_FOR_MONTHLY_SCOPE,Y,21-03-11,21-03-11,0,0,40,40.0,2,2.0,10900,10900.0,0,0,1,0
6492,_data/01_raw/Membership.csv,6493,NONSTANDARD_DURATION_FOR_MONTHLY_SCOPE,"duration_days_recomputed is missing, zero, or not in 31/32; excluded from standard monthly-subscription official population.",R_DURATION_01_KEEP_31_32_ONLY,NONSTANDARD_DURATION_FOR_MONTHLY_SCOPE,Y,21-03-10,21-03-10,0,0,40,40.0,1,1.0,7900,7900.0,22,22,1,0
6499,_data/01_raw/Membership.csv,6500,NONSTANDARD_DURATION_FOR_MONTHLY_SCOPE,"duration_days_recomputed is missing, zero, or not in 31/32; excluded from standard monthly-subscription official population.",R_DURATION_01_KEEP_31_32_ONLY,NONSTANDARD_DURATION_FOR_MONTHLY_SCOPE,Y,21-03-01,21-03-01,0,0,40,40.0,1,1.0,100,100.0,18,18,1,0
6569,_data/01_raw/Membership.csv,6570,INVALID_AGE,"age is missing, unparsable, <10, >100, or 950.",R_AGE_01_PLAUSIBLE_10_100_EXCLUDE_950,INVALID_AGE,Y,21-03-14,21-04-14,31,31,,,1,1.0,100,100.0,15,15,0,0
6587,_data/01_raw/Membership.csv,6588,NONSTANDARD_DURATION_FOR_MONTHLY_SCOPE,"duration_days_recomputed is missing, zero, or not in 31/32; excluded from standard monthly-subscription official population.",R_DURATION_01_KEEP_31_32_ONLY,NONSTANDARD_DURATION_FOR_MONTHLY_SCOPE,Y,21-03-06,21-03-06,0,0,40,40.0,1,1.0,7900,7900.0,6,6,1,0
6603,_data/01_raw/Membership.csv,6604,NONSTANDARD_DURATION_FOR_MONTHLY_SCOPE,"duration_days_recomputed is missing, zero, or not in 31/32; excluded from standard monthly-subscription official population.",R_DURATION_01_KEEP_31_32_ONLY,NONSTANDARD_DURATION_FOR_MONTHLY_SCOPE,N,21-03-02,21-03-02,0,0,35,35.0,1,1.0,9.99,9.99,19,19,1,0
6631,_data/01_raw/Membership.csv,6632,NONSTANDARD_DURATION_FOR_MONTHLY_SCOPE,"duration_days_recomputed is missing, zero, or not in 31/32; excluded from standard monthly-subscription official population.",R_DURATION_01_KEEP_31_32_ONLY,NONSTANDARD_DURATION_FOR_MONTHLY_SCOPE,Y,21-03-06,21-03-06,0,0,40,40.0,1,1.0,7900,7900.0,9,9,1,0
6676,_data/01_raw/Membership.csv,6677,INVALID_MAX_SCREEN,"max_screen is missing, unparsable, or not in 1/2/4.",R_MAX_SCREEN_01_KEEP_1_2_4,INVALID_MAX_SCREEN,Y,21-03-08,21-04-09,32,32,40,40.0,,,10.99,10.99,1,1,0,1
6712,_data/01_raw/Membership.csv,6713,NONSTANDARD_DURATION_FOR_MONTHLY_SCOPE,"duration_days_recomputed is missing, zero, or not in 31/32; excluded from standard monthly-subscription official population.",R_DURATION_01_KEEP_31_32_ONLY,NONSTANDARD_DURATION_FOR_MONTHLY_SCOPE,N,21-03-06,21-03-11,5,5,40,40.0,1,1.0,7900,7900.0,22,22,1,0
6743,_data/01_raw/Membership.csv,6744,NONSTANDARD_DURATION_FOR_MONTHLY_SCOPE,"duration_days_recomputed is missing, zero, or not in 31/32; excluded from standard monthly-subscription official population.",R_DURATION_01_KEEP_31_32_ONLY,NONSTANDARD_DURATION_FOR_MONTHLY_SCOPE,Y,21-03-06,21-03-06,0,0,40,40.0,1,1.0,7900,7900.0,23,23,1,0
6748,_data/01_raw/Membership.csv,6749,NONSTANDARD_DURATION_FOR_MONTHLY_SCOPE,"duration_days_recomputed is missing, zero, or not in 31/32; excluded from standard monthly-subscription official population.",R_DURATION_01_KEEP_31_32_ONLY,NONSTANDARD_DURATION_FOR_MONTHLY_SCOPE,Y,21-03-14,21-03-14,0,0,20,20.0,2,2.0,10900,10900.0,21,21,1,0
6751,_data/01_raw/Membership.csv,6752,NONSTANDARD_DURATION_FOR_MONTHLY_SCOPE,"duration_days_recomputed is missing, zero, or not in 31/32; excluded from standard monthly-subscription official population.",R_DURATION_01_KEEP_31_32_ONLY,NONSTANDARD_DURATION_FOR_MONTHLY_SCOPE,Y,21-03-07,21-03-07,0,0,50,50.0,2,2.0,100,100.0,9,9,1,0
6775,_data/01_raw/Membership.csv,6776,NONSTANDARD_DURATION_FOR_MONTHLY_SCOPE,"duration_days_recomputed is missing, zero, or not in 31/32; excluded from standard monthly-subscription official population.",R_DURATION_01_KEEP_31_32_ONLY,NONSTANDARD_DURATION_FOR_MONTHLY_SCOPE,Y,21-03-14,21-03-14,0,0,20,20.0,1,1.0,9.99,9.99,4,4,1,0
6828,_data/01_raw/Membership.csv,6829,INVALID_AGE,"age is missing, unparsable, <10, >100, or 950.",R_AGE_01_PLAUSIBLE_10_100_EXCLUDE_950,INVALID_AGE,N,21-03-14,21-04-14,31,31,,,2,2.0,100,100.0,14,14,0,0
6843,_data/01_raw/Membership.csv,6844,NONSTANDARD_DURATION_FOR_MONTHLY_SCOPE,"duration_days_recomputed is missing, zero, or not in 31/32; excluded from standard monthly-subscription official population.",R_DURATION_01_KEEP_31_32_ONLY,NONSTANDARD_DURATION_FOR_MONTHLY_SCOPE,Y,21-03-04,21-03-04,0,0,40,40.0,1,1.0,9.99,9.99,1,1,1,0
6864,_data/01_raw/Membership.csv,6865,INVALID_MAX_SCREEN,"max_screen is missing, unparsable, or not in 1/2/4.",R_MAX_SCREEN_01_KEEP_1_2_4,INVALID_MAX_SCREEN,Y,21-03-15,21-04-16,32,32,40,40.0,,,10.99,10.99,10,10,0,1
6874,_data/01_raw/Membership.csv,6875,INVALID_AGE,"age is missing, unparsable, <10, >100, or 950.",R_AGE_01_PLAUSIBLE_10_100_EXCLUDE_950,INVALID_AGE,N,21-03-01,21-04-01,31,31,,,2,2.0,100,100.0,16,16,0,0
6913,_data/01_raw/Membership.csv,6914,NONSTANDARD_DURATION_FOR_MONTHLY_SCOPE,"duration_days_recomputed is missing, zero, or not in 31/32; excluded from standard monthly-subscription official population.",R_DURATION_01_KEEP_31_32_ONLY,NONSTANDARD_DURATION_FOR_MONTHLY_SCOPE,Y,21-03-01,21-03-01,0,0,25,25.0,1,1.0,100,100.0,10,10,1,0
6934,_data/01_raw/Membership.csv,6935,NONSTANDARD_DURATION_FOR_MONTHLY_SCOPE,"duration_days_recomputed is missing, zero, or not in 31/32; excluded from standard monthly-subscription official population.",R_DURATION_01_KEEP_31_32_ONLY,NONSTANDARD_DURATION_FOR_MONTHLY_SCOPE,Y,21-03-01,21-03-01,0,0,25,25.0,1,1.0,7900,7900.0,19,19,1,0
6941,_data/01_raw/Membership.csv,6942,NONSTANDARD_DURATION_FOR_MONTHLY_SCOPE,"duration_days_recomputed is missing, zero, or not in 31/32; excluded from standard monthly-subscription official population.",R_DURATION_01_KEEP_31_32_ONLY,NONSTANDARD_DURATION_FOR_MONTHLY_SCOPE,Y,21-03-04,21-03-04,0,0,25,25.0,1,1.0,9.99,9.99,10,10,1,0
6949,_data/01_raw/Membership.csv,6950,INVALID_AGE,"age is missing, unparsable, <10, >100, or 950.",R_AGE_01_PLAUSIBLE_10_100_EXCLUDE_950,INVALID_AGE,Y,21-03-02,21-04-02,31,31,,,2,2.0,100,100.0,3,3,0,0
6989,_data/01_raw/Membership.csv,6990,INVALID_MAX_SCREEN,"max_screen is missing, unparsable, or not in 1/2/4.",R_MAX_SCREEN_01_KEEP_1_2_4,INVALID_MAX_SCREEN,Y,21-03-02,21-04-03,32,32,40,40.0,,,10.99,10.99,4,4,0,1
6999,_data/01_raw/Membership.csv,7000,INVALID_AGE,"age is missing, unparsable, <10, >100, or 950.",R_AGE_01_PLAUSIBLE_10_100_EXCLUDE_950,INVALID_AGE,Y,21-03-05,21-04-05,31,31,,,1,1.0,7900,7900.0,19,19,0,0
7009,_data/01_raw/Membership.csv,7010,NONSTANDARD_DURATION_FOR_MONTHLY_SCOPE,"duration_days_recomputed is missing, zero, or not in 31/32; excluded from standard monthly-subscription official population.",R_DURATION_01_KEEP_31_32_ONLY,NONSTANDARD_DURATION_FOR_MONTHLY_SCOPE,Y,21-03-07,21-03-07,0,0,50,50.0,1,1.0,100,100.0,19,19,1,0
7022,_data/01_raw/Membership.csv,7023,NONSTANDARD_DURATION_FOR_MONTHLY_SCOPE,"duration_days_recomputed is missing, zero, or not in 31/32; excluded from standard monthly-subscription official population.",R_DURATION_01_KEEP_31_32_ONLY,NONSTANDARD_DURATION_FOR_MONTHLY_SCOPE,Y,21-03-08,21-03-08,0,0,40,40.0,1,1.0,7900,7900.0,10,10,1,0
7044,_data/01_raw/Membership.csv,7045,NONSTANDARD_DURATION_FOR_MONTHLY_SCOPE,"duration_days_recomputed is missing, zero, or not in 31/32; excluded from standard monthly-subscription official population.",R_DURATION_01_KEEP_31_32_ONLY,NONSTANDARD_DURATION_FOR_MONTHLY_SCOPE,Y,21-03-07,21-03-07,0,0,40,40.0,1,1.0,7900,7900.0,18,18,1,0
7080,_data/01_raw/Membership.csv,7081,NONSTANDARD_DURATION_FOR_MONTHLY_SCOPE,"duration_days_recomputed is missing, zero, or not in 31/32; excluded from standard monthly-subscription official population.",R_DURATION_01_KEEP_31_32_ONLY,NONSTANDARD_DURATION_FOR_MONTHLY_SCOPE,Y,21-03-07,21-03-07,0,0,20,20.0,1,1.0,7900,7900.0,22,22,1,0
7100,_data/01_raw/Membership.csv,7101,NONSTANDARD_DURATION_FOR_MONTHLY_SCOPE,"duration_days_recomputed is missing, zero, or not in 31/32; excluded from standard monthly-subscription official population.",R_DURATION_01_KEEP_31_32_ONLY,NONSTANDARD_DURATION_FOR_MONTHLY_SCOPE,Y,21-03-10,21-03-10,0,0,50,50.0,1,1.0,3950,3950.0,10,10,1,0
7152,_data/01_raw/Membership.csv,7153,NONSTANDARD_DURATION_FOR_MONTHLY_SCOPE,"duration_days_recomputed is missing, zero, or not in 31/32; excluded from standard monthly-subscription official population.",R_DURATION_01_KEEP_31_32_ONLY,NONSTANDARD_DURATION_FOR_MONTHLY_SCOPE,Y,21-03-08,21-03-12,4,4,40,40.0,1,1.0,100,100.0,0,0,1,0
7158,_data/01_raw/Membership.csv,7159,NONSTANDARD_DURATION_FOR_MONTHLY_SCOPE,"duration_days_recomputed is missing, zero, or not in 31/32; excluded from standard monthly-subscription official population.",R_DURATION_01_KEEP_31_32_ONLY,NONSTANDARD_DURATION_FOR_MONTHLY_SCOPE,Y,21-03-02,21-03-02,0,0,40,40.0,4,4.0,16.49,16.49,19,19,1,0
7182,_data/01_raw/Membership.csv,7183,NONSTANDARD_DURATION_FOR_MONTHLY_SCOPE,"duration_days_recomputed is missing, zero, or not in 31/32; excluded from standard monthly-subscription official population.",R_DURATION_01_KEEP_31_32_ONLY,NONSTANDARD_DURATION_FOR_MONTHLY_SCOPE,Y,21-03-04,21-03-06,2,2,60,60.0,2,2.0,10900,10900.0,9,9,1,0
7283,_data/01_raw/Membership.csv,7284,NONSTANDARD_DURATION_FOR_MONTHLY_SCOPE,"duration_days_recomputed is missing, zero, or not in 31/32; excluded from standard monthly-subscription official population.",R_DURATION_01_KEEP_31_32_ONLY,NONSTANDARD_DURATION_FOR_MONTHLY_SCOPE,Y,21-03-11,21-03-11,0,0,40,40.0,1,1.0,7900,7900.0,22,22,1,0
7312,_data/01_raw/Membership.csv,7313,NONSTANDARD_DURATION_FOR_MONTHLY_SCOPE,"duration_days_recomputed is missing, zero, or not in 31/32; excluded from standard monthly-subscription official population.",R_DURATION_01_KEEP_31_32_ONLY,NONSTANDARD_DURATION_FOR_MONTHLY_SCOPE,N,21-03-04,21-03-04,0,0,35,35.0,1,1.0,7900,7900.0,14,14,1,0
7318,_data/01_raw/Membership.csv,7319,INVALID_MAX_SCREEN,"max_screen is missing, unparsable, or not in 1/2/4.",R_MAX_SCREEN_01_KEEP_1_2_4,INVALID_MAX_SCREEN,Y,21-03-13,21-04-14,32,32,30,30.0,,,10.99,10.99,16,16,0,1
7329,_data/01_raw/Membership.csv,7330,NONSTANDARD_DURATION_FOR_MONTHLY_SCOPE,"duration_days_recomputed is missing, zero, or not in 31/32; excluded from standard monthly-subscription official population.",R_DURATION_01_KEEP_31_32_ONLY,NONSTANDARD_DURATION_FOR_MONTHLY_SCOPE,N,21-03-06,21-03-06,0,0,25,25.0,2,2.0,13.49,13.49,23,23,1,0
7349,_data/01_raw/Membership.csv,7350,NONSTANDARD_DURATION_FOR_MONTHLY_SCOPE,"duration_days_recomputed is missing, zero, or not in 31/32; excluded from standard monthly-subscription official population.",R_DURATION_01_KEEP_31_32_ONLY,NONSTANDARD_DURATION_FOR_MONTHLY_SCOPE,Y,21-03-02,21-03-02,0,0,40,40.0,2,2.0,10900,10900.0,16,16,1,0
7405,_data/01_raw/Membership.csv,7406,INVALID_AGE,"age is missing, unparsable, <10, >100, or 950.",R_AGE_01_PLAUSIBLE_10_100_EXCLUDE_950,INVALID_AGE,Y,21-03-13,21-04-13,31,31,,,4,4.0,100,100.0,9,9,0,0
7457,_data/01_raw/Membership.csv,7458,NONSTANDARD_DURATION_FOR_MONTHLY_SCOPE,"duration_days_recomputed is missing, zero, or not in 31/32; excluded from standard monthly-subscription official population.",R_DURATION_01_KEEP_31_32_ONLY,NONSTANDARD_DURATION_FOR_MONTHLY_SCOPE,Y,21-03-05,21-03-07,2,2,40,40.0,2,2.0,10900,10900.0,9,9,1,0
7493,_data/01_raw/Membership.csv,7494,INVALID_AGE,"age is missing, unparsable, <10, >100, or 950.",R_AGE_01_PLAUSIBLE_10_100_EXCLUDE_950,INVALID_AGE,Y,21-03-06,21-04-06,31,31,,,1,1.0,7900,7900.0,15,15,0,0
7568,_data/01_raw/Membership.csv,7569,NONSTANDARD_DURATION_FOR_MONTHLY_SCOPE,"duration_days_recomputed is missing, zero, or not in 31/32; excluded from standard monthly-subscription official population.",R_DURATION_01_KEEP_31_32_ONLY,NONSTANDARD_DURATION_FOR_MONTHLY_SCOPE,Y,21-03-14,21-03-14,0,0,20,20.0,1,1.0,9.99,9.99,2,2,1,0
7572,_data/01_raw/Membership.csv,7573,NONSTANDARD_DURATION_FOR_MONTHLY_SCOPE,"duration_days_recomputed is missing, zero, or not in 31/32; excluded from standard monthly-subscription official population.",R_DURATION_01_KEEP_31_32_ONLY,NONSTANDARD_DURATION_FOR_MONTHLY_SCOPE,N,21-03-12,21-03-12,0,0,35,35.0,1,1.0,100,100.0,13,13,1,0
7602,_data/01_raw/Membership.csv,7603,NONSTANDARD_DURATION_FOR_MONTHLY_SCOPE,"duration_days_recomputed is missing, zero, or not in 31/32; excluded from standard monthly-subscription official population.",R_DURATION_01_KEEP_31_32_ONLY,NONSTANDARD_DURATION_FOR_MONTHLY_SCOPE,Y,21-03-08,21-03-08,0,0,35,35.0,1,1.0,7900,7900.0,20,20,1,0
7613,_data/01_raw/Membership.csv,7614,INVALID_AGE,"age is missing, unparsable, <10, >100, or 950.",R_AGE_01_PLAUSIBLE_10_100_EXCLUDE_950,INVALID_AGE,Y,21-03-06,21-04-06,31,31,,,1,1.0,100,100.0,0,0,0,0
7643,_data/01_raw/Membership.csv,7644,INVALID_AGE,"age is missing, unparsable, <10, >100, or 950.",R_AGE_01_PLAUSIBLE_10_100_EXCLUDE_950,INVALID_AGE,Y,21-03-01,21-04-01,31,31,,,1,1.0,100,100.0,15,15,0,0
7682,_data/01_raw/Membership.csv,7683,NONSTANDARD_DURATION_FOR_MONTHLY_SCOPE,"duration_days_recomputed is missing, zero, or not in 31/32; excluded from standard monthly-subscription official population.",R_DURATION_01_KEEP_31_32_ONLY,NONSTANDARD_DURATION_FOR_MONTHLY_SCOPE,Y,21-03-04,21-03-06,2,2,60,60.0,1,1.0,100,100.0,7,7,1,0
7707,_data/01_raw/Membership.csv,7708,NONSTANDARD_DURATION_FOR_MONTHLY_SCOPE,"duration_days_recomputed is missing, zero, or not in 31/32; excluded from standard monthly-subscription official population.",R_DURATION_01_KEEP_31_32_ONLY,NONSTANDARD_DURATION_FOR_MONTHLY_SCOPE,Y,21-03-06,21-03-06,0,0,40,40.0,1,1.0,7900,7900.0,20,20,1,0
7751,_data/01_raw/Membership.csv,7752,NONSTANDARD_DURATION_FOR_MONTHLY_SCOPE,"duration_days_recomputed is missing, zero, or not in 31/32; excluded from standard monthly-subscription official population.",R_DURATION_01_KEEP_31_32_ONLY,NONSTANDARD_DURATION_FOR_MONTHLY_SCOPE,Y,21-03-13,21-03-13,0,0,40,40.0,1,1.0,7900,7900.0,11,11,1,0
7759,_data/01_raw/Membership.csv,7760,NONSTANDARD_DURATION_FOR_MONTHLY_SCOPE,"duration_days_recomputed is missing, zero, or not in 31/32; excluded from standard monthly-subscription official population.",R_DURATION_01_KEEP_31_32_ONLY,NONSTANDARD_DURATION_FOR_MONTHLY_SCOPE,Y,21-03-02,21-03-02,0,0,25,25.0,1,1.0,7900,7900.0,0,0,1,0
7769,_data/01_raw/Membership.csv,7770,NONSTANDARD_DURATION_FOR_MONTHLY_SCOPE,"duration_days_recomputed is missing, zero, or not in 31/32; excluded from standard monthly-subscription official population.",R_DURATION_01_KEEP_31_32_ONLY,NONSTANDARD_DURATION_FOR_MONTHLY_SCOPE,Y,21-03-05,21-03-05,0,0,20,20.0,1,1.0,9.99,9.99,2,2,1,0
7796,_data/01_raw/Membership.csv,7797,NONSTANDARD_DURATION_FOR_MONTHLY_SCOPE,"duration_days_recomputed is missing, zero, or not in 31/32; excluded from standard monthly-subscription official population.",R_DURATION_01_KEEP_31_32_ONLY,NONSTANDARD_DURATION_FOR_MONTHLY_SCOPE,Y,21-03-01,21-03-01,0,0,40,40.0,4,4.0,13900,13900.0,10,10,1,0
7804,_data/01_raw/Membership.csv,7805,NONSTANDARD_DURATION_FOR_MONTHLY_SCOPE,"duration_days_recomputed is missing, zero, or not in 31/32; excluded from standard monthly-subscription official population.",R_DURATION_01_KEEP_31_32_ONLY,NONSTANDARD_DURATION_FOR_MONTHLY_SCOPE,Y,21-03-04,21-03-05,1,1,40,40.0,4,4.0,16.49,16.49,9,9,1,0
7816,_data/01_raw/Membership.csv,7817,NONSTANDARD_DURATION_FOR_MONTHLY_SCOPE,"duration_days_recomputed is missing, zero, or not in 31/32; excluded from standard monthly-subscription official population.",R_DURATION_01_KEEP_31_32_ONLY,NONSTANDARD_DURATION_FOR_MONTHLY_SCOPE|INVALID_MAX_SCREEN,Y,21-03-06,21-03-06,0,0,25,25.0,,,10.99,10.99,23,23,1,1
7877,_data/01_raw/Membership.csv,7878,NONSTANDARD_DURATION_FOR_MONTHLY_SCOPE,"duration_days_recomputed is missing, zero, or not in 31/32; excluded from standard monthly-subscription official population.",R_DURATION_01_KEEP_31_32_ONLY,NONSTANDARD_DURATION_FOR_MONTHLY_SCOPE,Y,21-03-06,21-03-06,0,0,25,25.0,1,1.0,10.99,10.99,0,0,1,0
7883,_data/01_raw/Membership.csv,7884,NONSTANDARD_DURATION_FOR_MONTHLY_SCOPE,"duration_days_recomputed is missing, zero, or not in 31/32; excluded from standard monthly-subscription official population.",R_DURATION_01_KEEP_31_32_ONLY,NONSTANDARD_DURATION_FOR_MONTHLY_SCOPE,Y,21-03-03,21-03-03,0,0,50,50.0,1,1.0,7900,7900.0,8,8,1,0
7967,_data/01_raw/Membership.csv,7968,INVALID_AGE,"age is missing, unparsable, <10, >100, or 950.",R_AGE_01_PLAUSIBLE_10_100_EXCLUDE_950,INVALID_AGE,Y,21-03-13,21-04-13,31,31,,,1,1.0,100,100.0,19,19,0,0
7968,_data/01_raw/Membership.csv,7969,INVALID_AGE,"age is missing, unparsable, <10, >100, or 950.",R_AGE_01_PLAUSIBLE_10_100_EXCLUDE_950,INVALID_AGE,N,21-03-12,21-04-13,32,32,,,1,1.0,9.99,9.99,1,1,0,0
8029,_data/01_raw/Membership.csv,8030,NONSTANDARD_DURATION_FOR_MONTHLY_SCOPE,"duration_days_recomputed is missing, zero, or not in 31/32; excluded from standard monthly-subscription official population.",R_DURATION_01_KEEP_31_32_ONLY,NONSTANDARD_DURATION_FOR_MONTHLY_SCOPE,Y,21-03-04,21-03-06,2,2,65,65.0,1,1.0,7900,7900.0,14,14,1,0
8032,_data/01_raw/Membership.csv,8033,NONSTANDARD_DURATION_FOR_MONTHLY_SCOPE,"duration_days_recomputed is missing, zero, or not in 31/32; excluded from standard monthly-subscription official population.",R_DURATION_01_KEEP_31_32_ONLY,NONSTANDARD_DURATION_FOR_MONTHLY_SCOPE|INVALID_AGE,Y,21-03-03,21-03-03,0,0,,,2,2.0,10900,10900.0,20,20,1,0
8044,_data/01_raw/Membership.csv,8045,NONSTANDARD_DURATION_FOR_MONTHLY_SCOPE,"duration_days_recomputed is missing, zero, or not in 31/32; excluded from standard monthly-subscription official population.",R_DURATION_01_KEEP_31_32_ONLY,NONSTANDARD_DURATION_FOR_MONTHLY_SCOPE,Y,21-03-14,21-03-14,0,0,30,30.0,1,1.0,100,100.0,15,15,1,0
8091,_data/01_raw/Membership.csv,8092,NONSTANDARD_DURATION_FOR_MONTHLY_SCOPE,"duration_days_recomputed is missing, zero, or not in 31/32; excluded from standard monthly-subscription official population.",R_DURATION_01_KEEP_31_32_ONLY,NONSTANDARD_DURATION_FOR_MONTHLY_SCOPE,Y,21-03-02,21-03-02,0,0,40,40.0,1,1.0,9.99,9.99,1,1,1,0
8142,_data/01_raw/Membership.csv,8143,NONSTANDARD_DURATION_FOR_MONTHLY_SCOPE,"duration_days_recomputed is missing, zero, or not in 31/32; excluded from standard monthly-subscription official population.",R_DURATION_01_KEEP_31_32_ONLY,NONSTANDARD_DURATION_FOR_MONTHLY_SCOPE,N,21-03-09,21-03-09,0,0,35,35.0,1,1.0,100,100.0,18,18,1,0
8149,_data/01_raw/Membership.csv,8150,NONSTANDARD_DURATION_FOR_MONTHLY_SCOPE,"duration_days_recomputed is missing, zero, or not in 31/32; excluded from standard monthly-subscription official population.",R_DURATION_01_KEEP_31_32_ONLY,NONSTANDARD_DURATION_FOR_MONTHLY_SCOPE,Y,21-03-01,21-03-01,0,0,45,45.0,4,4.0,100,100.0,18,18,1,0
8173,_data/01_raw/Membership.csv,8174,NONSTANDARD_DURATION_FOR_MONTHLY_SCOPE,"duration_days_recomputed is missing, zero, or not in 31/32; excluded from standard monthly-subscription official population.",R_DURATION_01_KEEP_31_32_ONLY,NONSTANDARD_DURATION_FOR_MONTHLY_SCOPE|INVALID_AGE,Y,21-03-05,21-03-05,0,0,,,1,1.0,9.99,9.99,23,23,1,0
8183,_data/01_raw/Membership.csv,8184,INVALID_MAX_SCREEN,"max_screen is missing, unparsable, or not in 1/2/4.",R_MAX_SCREEN_01_KEEP_1_2_4,INVALID_MAX_SCREEN,N,21-03-05,21-04-05,31,31,25,25.0,3,3.0,10400,10400.0,11,11,0,1
8202,_data/01_raw/Membership.csv,8203,NONSTANDARD_DURATION_FOR_MONTHLY_SCOPE,"duration_days_recomputed is missing, zero, or not in 31/32; excluded from standard monthly-subscription official population.",R_DURATION_01_KEEP_31_32_ONLY,NONSTANDARD_DURATION_FOR_MONTHLY_SCOPE,N,21-03-13,21-03-13,0,0,45,45.0,1,1.0,100,100.0,22,22,1,0
8210,_data/01_raw/Membership.csv,8211,INVALID_AGE,"age is missing, unparsable, <10, >100, or 950.",R_AGE_01_PLAUSIBLE_10_100_EXCLUDE_950,INVALID_AGE,Y,21-03-08,21-04-08,31,31,,,2,2.0,100,100.0,22,22,0,0
8244,_data/01_raw/Membership.csv,8245,NONSTANDARD_DURATION_FOR_MONTHLY_SCOPE,"duration_days_recomputed is missing, zero, or not in 31/32; excluded from standard monthly-subscription official population.",R_DURATION_01_KEEP_31_32_ONLY,NONSTANDARD_DURATION_FOR_MONTHLY_SCOPE,Y,21-03-15,21-03-15,0,0,55,55.0,1,1.0,7900,7900.0,9,9,1,0
8247,_data/01_raw/Membership.csv,8248,INVALID_AGE,"age is missing, unparsable, <10, >100, or 950.",R_AGE_01_PLAUSIBLE_10_100_EXCLUDE_950,INVALID_AGE,N,21-03-09,21-04-09,31,31,,,1,1.0,100,100.0,19,19,0,0
8267,_data/01_raw/Membership.csv,8268,NONSTANDARD_DURATION_FOR_MONTHLY_SCOPE,"duration_days_recomputed is missing, zero, or not in 31/32; excluded from standard monthly-subscription official population.",R_DURATION_01_KEEP_31_32_ONLY,NONSTANDARD_DURATION_FOR_MONTHLY_SCOPE,Y,21-03-14,21-03-14,0,0,45,45.0,1,1.0,7900,7900.0,23,23,1,0
8291,_data/01_raw/Membership.csv,8292,NONSTANDARD_DURATION_FOR_MONTHLY_SCOPE,"duration_days_recomputed is missing, zero, or not in 31/32; excluded from standard monthly-subscription official population.",R_DURATION_01_KEEP_31_32_ONLY,NONSTANDARD_DURATION_FOR_MONTHLY_SCOPE,Y,21-03-01,21-03-14,13,13,40,40.0,2,2.0,10900,10900.0,13,13,1,0
8299,_data/01_raw/Membership.csv,8300,INVALID_MAX_SCREEN,"max_screen is missing, unparsable, or not in 1/2/4.",R_MAX_SCREEN_01_KEEP_1_2_4,INVALID_MAX_SCREEN,Y,21-03-10,21-04-11,32,32,40,40.0,3,3.0,16.49,16.49,9,9,0,1
8331,_data/01_raw/Membership.csv,8332,NONSTANDARD_DURATION_FOR_MONTHLY_SCOPE,"duration_days_recomputed is missing, zero, or not in 31/32; excluded from standard monthly-subscription official population.",R_DURATION_01_KEEP_31_32_ONLY,NONSTANDARD_DURATION_FOR_MONTHLY_SCOPE,Y,21-03-01,21-03-01,0,0,40,40.0,1,1.0,7900,7900.0,15,15,1,0
8339,_data/01_raw/Membership.csv,8340,NONSTANDARD_DURATION_FOR_MONTHLY_SCOPE,"duration_days_recomputed is missing, zero, or not in 31/32; excluded from standard monthly-subscription official population.",R_DURATION_01_KEEP_31_32_ONLY,NONSTANDARD_DURATION_FOR_MONTHLY_SCOPE,Y,21-03-08,21-03-08,0,0,40,40.0,1,1.0,9.99,9.99,1,1,1,0
8351,_data/01_raw/Membership.csv,8352,NONSTANDARD_DURATION_FOR_MONTHLY_SCOPE,"duration_days_recomputed is missing, zero, or not in 31/32; excluded from standard monthly-subscription official population.",R_DURATION_01_KEEP_31_32_ONLY,NONSTANDARD_DURATION_FOR_MONTHLY_SCOPE,Y,21-03-12,21-03-12,0,0,35,35.0,1,1.0,7900,7900.0,15,15,1,0
8397,_data/01_raw/Membership.csv,8398,INVALID_MAX_SCREEN,"max_screen is missing, unparsable, or not in 1/2/4.",R_MAX_SCREEN_01_KEEP_1_2_4,INVALID_MAX_SCREEN,Y,21-03-14,21-04-15,32,32,40,40.0,,,10.99,10.99,3,3,0,1
8406,_data/01_raw/Membership.csv,8407,NONSTANDARD_DURATION_FOR_MONTHLY_SCOPE,"duration_days_recomputed is missing, zero, or not in 31/32; excluded from standard monthly-subscription official population.",R_DURATION_01_KEEP_31_32_ONLY,NONSTANDARD_DURATION_FOR_MONTHLY_SCOPE,Y,21-03-01,21-03-01,0,0,45,45.0,4,4.0,13900,13900.0,21,21,1,0
8422,_data/01_raw/Membership.csv,8423,NONSTANDARD_DURATION_FOR_MONTHLY_SCOPE,"duration_days_recomputed is missing, zero, or not in 31/32; excluded from standard monthly-subscription official population.",R_DURATION_01_KEEP_31_32_ONLY,NONSTANDARD_DURATION_FOR_MONTHLY_SCOPE,Y,21-03-11,21-03-11,0,0,40,40.0,1,1.0,7900,7900.0,16,16,1,0
8437,_data/01_raw/Membership.csv,8438,INVALID_AGE,"age is missing, unparsable, <10, >100, or 950.",R_AGE_01_PLAUSIBLE_10_100_EXCLUDE_950,INVALID_AGE,Y,21-03-02,21-04-02,31,31,,,1,1.0,100,100.0,17,17,0,0
8456,_data/01_raw/Membership.csv,8457,NONSTANDARD_DURATION_FOR_MONTHLY_SCOPE,"duration_days_recomputed is missing, zero, or not in 31/32; excluded from standard monthly-subscription official population.",R_DURATION_01_KEEP_31_32_ONLY,NONSTANDARD_DURATION_FOR_MONTHLY_SCOPE,Y,21-03-01,21-03-21,20,20,40,40.0,2,2.0,10900,10900.0,19,19,1,0
8476,_data/01_raw/Membership.csv,8477,INVALID_AGE,"age is missing, unparsable, <10, >100, or 950.",R_AGE_01_PLAUSIBLE_10_100_EXCLUDE_950,INVALID_AGE,Y,21-03-12,21-04-12,31,31,,,1,1.0,7900,7900.0,16,16,0,0
8516,_data/01_raw/Membership.csv,8517,NONSTANDARD_DURATION_FOR_MONTHLY_SCOPE,"duration_days_recomputed is missing, zero, or not in 31/32; excluded from standard monthly-subscription official population.",R_DURATION_01_KEEP_31_32_ONLY,NONSTANDARD_DURATION_FOR_MONTHLY_SCOPE,N,21-03-01,21-03-01,0,0,40,40.0,1,1.0,7900,7900.0,0,0,1,0
8545,_data/01_raw/Membership.csv,8546,NONSTANDARD_DURATION_FOR_MONTHLY_SCOPE,"duration_days_recomputed is missing, zero, or not in 31/32; excluded from standard monthly-subscription official population.",R_DURATION_01_KEEP_31_32_ONLY,NONSTANDARD_DURATION_FOR_MONTHLY_SCOPE,Y,21-03-03,21-03-03,0,0,25,25.0,4,4.0,6950,6950.0,11,11,1,0
8547,_data/01_raw/Membership.csv,8548,NONSTANDARD_DURATION_FOR_MONTHLY_SCOPE,"duration_days_recomputed is missing, zero, or not in 31/32; excluded from standard monthly-subscription official population.",R_DURATION_01_KEEP_31_32_ONLY,NONSTANDARD_DURATION_FOR_MONTHLY_SCOPE|INVALID_AGE|INVALID_MAX_SCREEN,Y,21-03-06,21-03-06,0,0,,,,,10.99,10.99,0,0,1,1
8611,_data/01_raw/Membership.csv,8612,NONSTANDARD_DURATION_FOR_MONTHLY_SCOPE,"duration_days_recomputed is missing, zero, or not in 31/32; excluded from standard monthly-subscription official population.",R_DURATION_01_KEEP_31_32_ONLY,NONSTANDARD_DURATION_FOR_MONTHLY_SCOPE,Y,21-03-04,21-03-04,0,0,40,40.0,1,1.0,7900,7900.0,15,15,1,0
8652,_data/01_raw/Membership.csv,8653,NONSTANDARD_DURATION_FOR_MONTHLY_SCOPE,"duration_days_recomputed is missing, zero, or not in 31/32; excluded from standard monthly-subscription official population.",R_DURATION_01_KEEP_31_32_ONLY,NONSTANDARD_DURATION_FOR_MONTHLY_SCOPE,Y,21-03-02,21-03-03,1,1,40,40.0,1,1.0,100,100.0,21,21,1,0
8773,_data/01_raw/Membership.csv,8774,INVALID_AGE,"age is missing, unparsable, <10, >100, or 950.",R_AGE_01_PLAUSIBLE_10_100_EXCLUDE_950,INVALID_AGE,N,21-03-03,21-04-03,31,31,,,2,2.0,100,100.0,22,22,0,0
8787,_data/01_raw/Membership.csv,8788,NONSTANDARD_DURATION_FOR_MONTHLY_SCOPE,"duration_days_recomputed is missing, zero, or not in 31/32; excluded from standard monthly-subscription official population.",R_DURATION_01_KEEP_31_32_ONLY,NONSTANDARD_DURATION_FOR_MONTHLY_SCOPE,Y,21-03-01,21-03-09,8,8,35,35.0,1,1.0,7900,7900.0,14,14,1,0
8793,_data/01_raw/Membership.csv,8794,NONSTANDARD_DURATION_FOR_MONTHLY_SCOPE,"duration_days_recomputed is missing, zero, or not in 31/32; excluded from standard monthly-subscription official population.",R_DURATION_01_KEEP_31_32_ONLY,NONSTANDARD_DURATION_FOR_MONTHLY_SCOPE,Y,21-03-04,21-03-04,0,0,30,30.0,1,1.0,9.99,9.99,9,9,1,0
8801,_data/01_raw/Membership.csv,8802,INVALID_MAX_SCREEN,"max_screen is missing, unparsable, or not in 1/2/4.",R_MAX_SCREEN_01_KEEP_1_2_4,INVALID_MAX_SCREEN,Y,21-03-02,21-04-03,32,32,20,20.0,,,10.99,10.99,6,6,0,1
8825,_data/01_raw/Membership.csv,8826,INVALID_MAX_SCREEN,"max_screen is missing, unparsable, or not in 1/2/4.",R_MAX_SCREEN_01_KEEP_1_2_4,INVALID_MAX_SCREEN,Y,21-03-10,21-04-11,32,32,30,30.0,,,16.49,16.49,3,3,0,1
8846,_data/01_raw/Membership.csv,8847,NONSTANDARD_DURATION_FOR_MONTHLY_SCOPE,"duration_days_recomputed is missing, zero, or not in 31/32; excluded from standard monthly-subscription official population.",R_DURATION_01_KEEP_31_32_ONLY,NONSTANDARD_DURATION_FOR_MONTHLY_SCOPE,Y,21-03-14,21-03-14,0,0,30,30.0,1,1.0,7900,7900.0,18,18,1,0
8897,_data/01_raw/Membership.csv,8898,INVALID_AGE,"age is missing, unparsable, <10, >100, or 950.",R_AGE_01_PLAUSIBLE_10_100_EXCLUDE_950,INVALID_AGE,N,21-03-07,21-04-07,31,31,,,2,2.0,10900,10900.0,9,9,0,0
8901,_data/01_raw/Membership.csv,8902,INVALID_AGE,"age is missing, unparsable, <10, >100, or 950.",R_AGE_01_PLAUSIBLE_10_100_EXCLUDE_950,INVALID_AGE,Y,21-03-14,21-04-14,31,31,,,1,1.0,100,100.0,0,0,0,0
8996,_data/01_raw/Membership.csv,8997,NONSTANDARD_DURATION_FOR_MONTHLY_SCOPE,"duration_days_recomputed is missing, zero, or not in 31/32; excluded from standard monthly-subscription official population.",R_DURATION_01_KEEP_31_32_ONLY,NONSTANDARD_DURATION_FOR_MONTHLY_SCOPE|INVALID_AGE,N,21-03-12,21-03-12,0,0,,,1,1.0,9.99,9.99,22,22,1,0
9000,_data/01_raw/Membership.csv,9001,NONSTANDARD_DURATION_FOR_MONTHLY_SCOPE,"duration_days_recomputed is missing, zero, or not in 31/32; excluded from standard monthly-subscription official population.",R_DURATION_01_KEEP_31_32_ONLY,NONSTANDARD_DURATION_FOR_MONTHLY_SCOPE,Y,21-03-02,21-03-02,0,0,40,40.0,4,4.0,16.49,16.49,1,1,1,0
9017,_data/01_raw/Membership.csv,9018,NONSTANDARD_DURATION_FOR_MONTHLY_SCOPE,"duration_days_recomputed is missing, zero, or not in 31/32; excluded from standard monthly-subscription official population.",R_DURATION_01_KEEP_31_32_ONLY,NONSTANDARD_DURATION_FOR_MONTHLY_SCOPE,Y,21-03-06,21-03-06,0,0,55,55.0,1,1.0,100,100.0,20,20,1,0
9026,_data/01_raw/Membership.csv,9027,INVALID_MAX_SCREEN,"max_screen is missing, unparsable, or not in 1/2/4.",R_MAX_SCREEN_01_KEEP_1_2_4,INVALID_MAX_SCREEN,Y,21-03-14,21-04-15,32,32,20,20.0,,,10.99,10.99,4,4,0,1
9036,_data/01_raw/Membership.csv,9037,INVALID_AGE,"age is missing, unparsable, <10, >100, or 950.",R_AGE_01_PLAUSIBLE_10_100_EXCLUDE_950,INVALID_AGE,Y,21-03-04,21-04-04,31,31,,,1,1.0,100,100.0,22,22,0,0
9040,_data/01_raw/Membership.csv,9041,INVALID_MAX_SCREEN,"max_screen is missing, unparsable, or not in 1/2/4.",R_MAX_SCREEN_01_KEEP_1_2_4,INVALID_MAX_SCREEN,Y,21-03-06,21-04-07,32,32,40,40.0,,,10.99,10.99,0,0,0,1
9048,_data/01_raw/Membership.csv,9049,INVALID_AGE,"age is missing, unparsable, <10, >100, or 950.",R_AGE_01_PLAUSIBLE_10_100_EXCLUDE_950,INVALID_AGE,Y,21-03-02,21-04-02,31,31,,,2,2.0,100,100.0,5,5,0,0
9052,_data/01_raw/Membership.csv,9053,NONSTANDARD_DURATION_FOR_MONTHLY_SCOPE,"duration_days_recomputed is missing, zero, or not in 31/32; excluded from standard monthly-subscription official population.",R_DURATION_01_KEEP_31_32_ONLY,NONSTANDARD_DURATION_FOR_MONTHLY_SCOPE|INVALID_AGE,Y,21-03-07,21-03-07,0,0,,,1,1.0,9.99,9.99,1,1,1,0
9081,_data/01_raw/Membership.csv,9082,NONSTANDARD_DURATION_FOR_MONTHLY_SCOPE,"duration_days_recomputed is missing, zero, or not in 31/32; excluded from standard monthly-subscription official population.",R_DURATION_01_KEEP_31_32_ONLY,NONSTANDARD_DURATION_FOR_MONTHLY_SCOPE,N,21-03-10,21-03-10,0,0,40,40.0,1,1.0,9.99,9.99,7,7,1,0
9133,_data/01_raw/Membership.csv,9134,NONSTANDARD_DURATION_FOR_MONTHLY_SCOPE,"duration_days_recomputed is missing, zero, or not in 31/32; excluded from standard monthly-subscription official population.",R_DURATION_01_KEEP_31_32_ONLY,NONSTANDARD_DURATION_FOR_MONTHLY_SCOPE,Y,21-03-15,21-03-15,0,0,20,20.0,4,4.0,13900,13900.0,15,15,1,0
9136,_data/01_raw/Membership.csv,9137,NONSTANDARD_DURATION_FOR_MONTHLY_SCOPE,"duration_days_recomputed is missing, zero, or not in 31/32; excluded from standard monthly-subscription official population.",R_DURATION_01_KEEP_31_32_ONLY,NONSTANDARD_DURATION_FOR_MONTHLY_SCOPE,N,21-03-09,21-03-09,0,0,45,45.0,2,2.0,100,100.0,22,22,1,0
9138,_data/01_raw/Membership.csv,9139,INVALID_AGE,"age is missing, unparsable, <10, >100, or 950.",R_AGE_01_PLAUSIBLE_10_100_EXCLUDE_950,INVALID_AGE,Y,21-03-04,21-04-04,31,31,120,120.0,4,4.0,13900,13900.0,0,0,0,0
9195,_data/01_raw/Membership.csv,9196,INVALID_AGE,"age is missing, unparsable, <10, >100, or 950.",R_AGE_01_PLAUSIBLE_10_100_EXCLUDE_950,INVALID_AGE,N,21-03-02,21-04-02,31,31,,,4,4.0,100,100.0,21,21,0,0
9227,_data/01_raw/Membership.csv,9228,NONSTANDARD_DURATION_FOR_MONTHLY_SCOPE,"duration_days_recomputed is missing, zero, or not in 31/32; excluded from standard monthly-subscription official population.",R_DURATION_01_KEEP_31_32_ONLY,NONSTANDARD_DURATION_FOR_MONTHLY_SCOPE,Y,21-03-01,21-03-01,0,0,40,40.0,1,1.0,9.99,9.99,13,13,1,0
9244,_data/01_raw/Membership.csv,9245,NONSTANDARD_DURATION_FOR_MONTHLY_SCOPE,"duration_days_recomputed is missing, zero, or not in 31/32; excluded from standard monthly-subscription official population.",R_DURATION_01_KEEP_31_32_ONLY,NONSTANDARD_DURATION_FOR_MONTHLY_SCOPE,Y,21-03-01,21-03-02,1,1,55,55.0,2,2.0,10900,10900.0,22,22,1,0
9248,_data/01_raw/Membership.csv,9249,NONSTANDARD_DURATION_FOR_MONTHLY_SCOPE,"duration_days_recomputed is missing, zero, or not in 31/32; excluded from standard monthly-subscription official population.",R_DURATION_01_KEEP_31_32_ONLY,NONSTANDARD_DURATION_FOR_MONTHLY_SCOPE,Y,21-03-07,21-03-07,0,0,40,40.0,4,4.0,16.49,16.49,22,22,1,0
9292,_data/01_raw/Membership.csv,9293,NONSTANDARD_DURATION_FOR_MONTHLY_SCOPE,"duration_days_recomputed is missing, zero, or not in 31/32; excluded from standard monthly-subscription official population.",R_DURATION_01_KEEP_31_32_ONLY,NONSTANDARD_DURATION_FOR_MONTHLY_SCOPE,Y,21-03-11,21-03-11,0,0,40,40.0,2,2.0,13.49,13.49,11,11,1,0
9336,_data/01_raw/Membership.csv,9337,NONSTANDARD_DURATION_FOR_MONTHLY_SCOPE,"duration_days_recomputed is missing, zero, or not in 31/32; excluded from standard monthly-subscription official population.",R_DURATION_01_KEEP_31_32_ONLY,NONSTANDARD_DURATION_FOR_MONTHLY_SCOPE,Y,21-03-13,21-03-13,0,0,30,30.0,1,1.0,7900,7900.0,20,20,1,0
9358,_data/01_raw/Membership.csv,9359,NONSTANDARD_DURATION_FOR_MONTHLY_SCOPE,"duration_days_recomputed is missing, zero, or not in 31/32; excluded from standard monthly-subscription official population.",R_DURATION_01_KEEP_31_32_ONLY,NONSTANDARD_DURATION_FOR_MONTHLY_SCOPE,Y,21-03-01,21-03-01,0,0,45,45.0,1,1.0,7900,7900.0,15,15,1,0
9428,_data/01_raw/Membership.csv,9429,INVALID_AGE,"age is missing, unparsable, <10, >100, or 950.",R_AGE_01_PLAUSIBLE_10_100_EXCLUDE_950,INVALID_AGE,Y,21-03-02,21-04-02,31,31,,,1,1.0,100,100.0,15,15,0,0
9432,_data/01_raw/Membership.csv,9433,INVALID_AGE,"age is missing, unparsable, <10, >100, or 950.",R_AGE_01_PLAUSIBLE_10_100_EXCLUDE_950,INVALID_AGE,Y,21-03-07,21-04-07,31,31,0,0.0,2,2.0,10900,10900.0,23,23,0,0
9461,_data/01_raw/Membership.csv,9462,NONSTANDARD_DURATION_FOR_MONTHLY_SCOPE,"duration_days_recomputed is missing, zero, or not in 31/32; excluded from standard monthly-subscription official population.",R_DURATION_01_KEEP_31_32_ONLY,NONSTANDARD_DURATION_FOR_MONTHLY_SCOPE,Y,21-03-02,21-03-04,2,2,40,40.0,2,2.0,10900,10900.0,20,20,1,0
9542,_data/01_raw/Membership.csv,9543,NONSTANDARD_DURATION_FOR_MONTHLY_SCOPE,"duration_days_recomputed is missing, zero, or not in 31/32; excluded from standard monthly-subscription official population.",R_DURATION_01_KEEP_31_32_ONLY,NONSTANDARD_DURATION_FOR_MONTHLY_SCOPE,N,21-03-09,21-03-09,0,0,20,20.0,4,4.0,16.49,16.49,9,9,1,0
9576,_data/01_raw/Membership.csv,9577,NONSTANDARD_DURATION_FOR_MONTHLY_SCOPE,"duration_days_recomputed is missing, zero, or not in 31/32; excluded from standard monthly-subscription official population.",R_DURATION_01_KEEP_31_32_ONLY,NONSTANDARD_DURATION_FOR_MONTHLY_SCOPE,Y,21-03-03,21-03-03,0,0,35,35.0,1,1.0,7900,7900.0,10,10,1,0
9578,_data/01_raw/Membership.csv,9579,NONSTANDARD_DURATION_FOR_MONTHLY_SCOPE,"duration_days_recomputed is missing, zero, or not in 31/32; excluded from standard monthly-subscription official population.",R_DURATION_01_KEEP_31_32_ONLY,NONSTANDARD_DURATION_FOR_MONTHLY_SCOPE,Y,21-03-01,21-03-01,0,0,40,40.0,1,1.0,9.99,9.99,19,19,1,0
9595,_data/01_raw/Membership.csv,9596,NONSTANDARD_DURATION_FOR_MONTHLY_SCOPE,"duration_days_recomputed is missing, zero, or not in 31/32; excluded from standard monthly-subscription official population.",R_DURATION_01_KEEP_31_32_ONLY,NONSTANDARD_DURATION_FOR_MONTHLY_SCOPE,Y,21-03-03,21-03-23,20,20,40,40.0,1,1.0,100,100.0,0,0,1,0
9598,_data/01_raw/Membership.csv,9599,NONSTANDARD_DURATION_FOR_MONTHLY_SCOPE,"duration_days_recomputed is missing, zero, or not in 31/32; excluded from standard monthly-subscription official population.",R_DURATION_01_KEEP_31_32_ONLY,NONSTANDARD_DURATION_FOR_MONTHLY_SCOPE,Y,21-03-15,21-03-15,0,0,35,35.0,4,4.0,16.49,16.49,10,10,1,0
9601,_data/01_raw/Membership.csv,9602,INVALID_AGE,"age is missing, unparsable, <10, >100, or 950.",R_AGE_01_PLAUSIBLE_10_100_EXCLUDE_950,INVALID_AGE,Y,21-03-12,21-04-12,31,31,,,1,1.0,100,100.0,0,0,0,0
9603,_data/01_raw/Membership.csv,9604,NONSTANDARD_DURATION_FOR_MONTHLY_SCOPE,"duration_days_recomputed is missing, zero, or not in 31/32; excluded from standard monthly-subscription official population.",R_DURATION_01_KEEP_31_32_ONLY,NONSTANDARD_DURATION_FOR_MONTHLY_SCOPE,Y,21-03-07,21-03-07,0,0,40,40.0,1,1.0,9.99,9.99,18,18,1,0
9614,_data/01_raw/Membership.csv,9615,NONSTANDARD_DURATION_FOR_MONTHLY_SCOPE,"duration_days_recomputed is missing, zero, or not in 31/32; excluded from standard monthly-subscription official population.",R_DURATION_01_KEEP_31_32_ONLY,NONSTANDARD_DURATION_FOR_MONTHLY_SCOPE,N,21-03-02,21-03-02,0,0,40,40.0,1,1.0,7900,7900.0,11,11,1,0
9615,_data/01_raw/Membership.csv,9616,INVALID_MAX_SCREEN,"max_screen is missing, unparsable, or not in 1/2/4.",R_MAX_SCREEN_01_KEEP_1_2_4,INVALID_MAX_SCREEN,N,21-03-02,21-04-03,32,32,40,40.0,,,10.99,10.99,6,6,0,1
9632,_data/01_raw/Membership.csv,9633,NONSTANDARD_DURATION_FOR_MONTHLY_SCOPE,"duration_days_recomputed is missing, zero, or not in 31/32; excluded from standard monthly-subscription official population.",R_DURATION_01_KEEP_31_32_ONLY,NONSTANDARD_DURATION_FOR_MONTHLY_SCOPE,Y,21-03-12,21-03-12,0,0,25,25.0,1,1.0,100,100.0,19,19,1,0
9652,_data/01_raw/Membership.csv,9653,NONSTANDARD_DURATION_FOR_MONTHLY_SCOPE,"duration_days_recomputed is missing, zero, or not in 31/32; excluded from standard monthly-subscription official population.",R_DURATION_01_KEEP_31_32_ONLY,NONSTANDARD_DURATION_FOR_MONTHLY_SCOPE,Y,21-03-06,21-03-06,0,0,40,40.0,4,4.0,16.49,16.49,18,18,1,0
9654,_data/01_raw/Membership.csv,9655,NONSTANDARD_DURATION_FOR_MONTHLY_SCOPE,"duration_days_recomputed is missing, zero, or not in 31/32; excluded from standard monthly-subscription official population.",R_DURATION_01_KEEP_31_32_ONLY,NONSTANDARD_DURATION_FOR_MONTHLY_SCOPE,Y,21-03-06,21-03-06,0,0,40,40.0,4,4.0,13900,13900.0,8,8,1,0
9657,_data/01_raw/Membership.csv,9658,NONSTANDARD_DURATION_FOR_MONTHLY_SCOPE,"duration_days_recomputed is missing, zero, or not in 31/32; excluded from standard monthly-subscription official population.",R_DURATION_01_KEEP_31_32_ONLY,NONSTANDARD_DURATION_FOR_MONTHLY_SCOPE,Y,21-03-13,21-03-13,0,0,40,40.0,1,1.0,9.99,9.99,3,3,1,0
9674,_data/01_raw/Membership.csv,9675,INVALID_MAX_SCREEN,"max_screen is missing, unparsable, or not in 1/2/4.",R_MAX_SCREEN_01_KEEP_1_2_4,INVALID_MAX_SCREEN,Y,21-03-15,21-04-16,32,32,25,25.0,,,10.99,10.99,16,16,0,1
9678,_data/01_raw/Membership.csv,9679,INVALID_AGE,"age is missing, unparsable, <10, >100, or 950.",R_AGE_01_PLAUSIBLE_10_100_EXCLUDE_950,INVALID_AGE,Y,21-03-07,21-04-07,31,31,,,1,1.0,100,100.0,15,15,0,0
9707,_data/01_raw/Membership.csv,9708,INVALID_AGE,"age is missing, unparsable, <10, >100, or 950.",R_AGE_01_PLAUSIBLE_10_100_EXCLUDE_950,INVALID_AGE,Y,21-03-06,21-04-06,31,31,,,1,1.0,7900,7900.0,11,11,0,0
9746,_data/01_raw/Membership.csv,9747,INVALID_AGE,"age is missing, unparsable, <10, >100, or 950.",R_AGE_01_PLAUSIBLE_10_100_EXCLUDE_950,INVALID_AGE,N,21-03-01,21-04-01,31,31,,,4,4.0,100,100.0,20,20,0,0
9789,_data/01_raw/Membership.csv,9790,NONSTANDARD_DURATION_FOR_MONTHLY_SCOPE,"duration_days_recomputed is missing, zero, or not in 31/32; excluded from standard monthly-subscription official population.",R_DURATION_01_KEEP_31_32_ONLY,NONSTANDARD_DURATION_FOR_MONTHLY_SCOPE,Y,21-03-15,21-03-15,0,0,30,30.0,1,1.0,7900,7900.0,19,19,1,0
9797,_data/01_raw/Membership.csv,9798,NONSTANDARD_DURATION_FOR_MONTHLY_SCOPE,"duration_days_recomputed is missing, zero, or not in 31/32; excluded from standard monthly-subscription official population.",R_DURATION_01_KEEP_31_32_ONLY,NONSTANDARD_DURATION_FOR_MONTHLY_SCOPE,Y,21-03-14,21-03-14,0,0,40,40.0,1,1.0,7900,7900.0,0,0,1,0
9820,_data/01_raw/Membership.csv,9821,NONSTANDARD_DURATION_FOR_MONTHLY_SCOPE,"duration_days_recomputed is missing, zero, or not in 31/32; excluded from standard monthly-subscription official population.",R_DURATION_01_KEEP_31_32_ONLY,NONSTANDARD_DURATION_FOR_MONTHLY_SCOPE,Y,21-03-10,21-03-10,0,0,40,40.0,1,1.0,9.99,9.99,13,13,1,0
9846,_data/01_raw/Membership.csv,9847,NONSTANDARD_DURATION_FOR_MONTHLY_SCOPE,"duration_days_recomputed is missing, zero, or not in 31/32; excluded from standard monthly-subscription official population.",R_DURATION_01_KEEP_31_32_ONLY,NONSTANDARD_DURATION_FOR_MONTHLY_SCOPE,Y,21-03-06,21-03-06,0,0,40,40.0,2,2.0,13.49,13.49,15,15,1,0
9889,_data/01_raw/Membership.csv,9890,INVALID_MAX_SCREEN,"max_screen is missing, unparsable, or not in 1/2/4.",R_MAX_SCREEN_01_KEEP_1_2_4,INVALID_MAX_SCREEN,N,21-03-14,21-04-14,31,31,35,35.0,,,6900,6900.0,11,11,0,1
9898,_data/01_raw/Membership.csv,9899,NONSTANDARD_DURATION_FOR_MONTHLY_SCOPE,"duration_days_recomputed is missing, zero, or not in 31/32; excluded from standard monthly-subscription official population.",R_DURATION_01_KEEP_31_32_ONLY,NONSTANDARD_DURATION_FOR_MONTHLY_SCOPE,Y,21-03-08,21-03-08,0,0,40,40.0,1,1.0,7900,7900.0,9,9,1,0
9914,_data/01_raw/Membership.csv,9915,NONSTANDARD_DURATION_FOR_MONTHLY_SCOPE,"duration_days_recomputed is missing, zero, or not in 31/32; excluded from standard monthly-subscription official population.",R_DURATION_01_KEEP_31_32_ONLY,NONSTANDARD_DURATION_FOR_MONTHLY_SCOPE,Y,21-03-02,21-03-02,0,0,40,40.0,2,2.0,10900,10900.0,10,10,1,0
9930,_data/01_raw/Membership.csv,9931,NONSTANDARD_DURATION_FOR_MONTHLY_SCOPE,"duration_days_recomputed is missing, zero, or not in 31/32; excluded from standard monthly-subscription official population.",R_DURATION_01_KEEP_31_32_ONLY,NONSTANDARD_DURATION_FOR_MONTHLY_SCOPE,Y,21-03-10,21-03-10,0,0,40,40.0,4,4.0,13900,13900.0,2,2,1,0
9942,_data/01_raw/Membership.csv,9943,NONSTANDARD_DURATION_FOR_MONTHLY_SCOPE,"duration_days_recomputed is missing, zero, or not in 31/32; excluded from standard monthly-subscription official population.",R_DURATION_01_KEEP_31_32_ONLY,NONSTANDARD_DURATION_FOR_MONTHLY_SCOPE,Y,21-03-04,21-03-04,0,0,40,40.0,1,1.0,7900,7900.0,14,14,1,0
9952,_data/01_raw/Membership.csv,9953,NONSTANDARD_DURATION_FOR_MONTHLY_SCOPE,"duration_days_recomputed is missing, zero, or not in 31/32; excluded from standard monthly-subscription official population.",R_DURATION_01_KEEP_31_32_ONLY,NONSTANDARD_DURATION_FOR_MONTHLY_SCOPE,Y,21-03-14,21-03-14,0,0,35,35.0,1,1.0,9.99,9.99,16,16,1,0
9967,_data/01_raw/Membership.csv,9968,INVALID_AGE,"age is missing, unparsable, <10, >100, or 950.",R_AGE_01_PLAUSIBLE_10_100_EXCLUDE_950,INVALID_AGE,N,21-03-08,21-04-08,31,31,,,4,4.0,100,100.0,11,11,0,0
9983,_data/01_raw/Membership.csv,9984,NONSTANDARD_DURATION_FOR_MONTHLY_SCOPE,"duration_days_recomputed is missing, zero, or not in 31/32; excluded from standard monthly-subscription official population.",R_DURATION_01_KEEP_31_32_ONLY,NONSTANDARD_DURATION_FOR_MONTHLY_SCOPE,Y,21-03-05,21-03-05,0,0,40,40.0,1,1.0,7900,7900.0,14,14,1,0
10060,_data/01_raw/Membership.csv,10061,NONSTANDARD_DURATION_FOR_MONTHLY_SCOPE,"duration_days_recomputed is missing, zero, or not in 31/32; excluded from standard monthly-subscription official population.",R_DURATION_01_KEEP_31_32_ONLY,NONSTANDARD_DURATION_FOR_MONTHLY_SCOPE,Y,21-03-10,21-03-10,0,0,40,40.0,4,4.0,13900,13900.0,5,5,1,0
10087,_data/01_raw/Membership.csv,10088,NONSTANDARD_DURATION_FOR_MONTHLY_SCOPE,"duration_days_recomputed is missing, zero, or not in 31/32; excluded from standard monthly-subscription official population.",R_DURATION_01_KEEP_31_32_ONLY,NONSTANDARD_DURATION_FOR_MONTHLY_SCOPE,N,21-03-03,21-03-03,0,0,40,40.0,1,1.0,9.99,9.99,16,16,1,0
10092,_data/01_raw/Membership.csv,10093,INVALID_AGE,"age is missing, unparsable, <10, >100, or 950.",R_AGE_01_PLAUSIBLE_10_100_EXCLUDE_950,INVALID_AGE,Y,21-03-02,21-04-02,31,31,,,4,4.0,100,100.0,0,0,0,0
10118,_data/01_raw/Membership.csv,10119,NONSTANDARD_DURATION_FOR_MONTHLY_SCOPE,"duration_days_recomputed is missing, zero, or not in 31/32; excluded from standard monthly-subscription official population.",R_DURATION_01_KEEP_31_32_ONLY,NONSTANDARD_DURATION_FOR_MONTHLY_SCOPE,N,21-03-02,21-03-18,16,16,30,30.0,1,1.0,7900,7900.0,22,22,1,0
10124,_data/01_raw/Membership.csv,10125,NONSTANDARD_DURATION_FOR_MONTHLY_SCOPE,"duration_days_recomputed is missing, zero, or not in 31/32; excluded from standard monthly-subscription official population.",R_DURATION_01_KEEP_31_32_ONLY,NONSTANDARD_DURATION_FOR_MONTHLY_SCOPE,Y,21-03-01,21-03-01,0,0,20,20.0,4,4.0,16.49,16.49,11,11,1,0
10190,_data/01_raw/Membership.csv,10191,INVALID_AGE,"age is missing, unparsable, <10, >100, or 950.",R_AGE_01_PLAUSIBLE_10_100_EXCLUDE_950,INVALID_AGE,N,21-03-08,21-04-08,31,31,,,1,1.0,100,100.0,1,1,0,0
10408,_data/01_raw/Membership.csv,10409,NONSTANDARD_DURATION_FOR_MONTHLY_SCOPE,"duration_days_recomputed is missing, zero, or not in 31/32; excluded from standard monthly-subscription official population.",R_DURATION_01_KEEP_31_32_ONLY,NONSTANDARD_DURATION_FOR_MONTHLY_SCOPE,Y,21-03-07,21-03-07,0,0,30,30.0,1,1.0,100,100.0,12,12,1,0
10447,_data/01_raw/Membership.csv,10448,INVALID_MAX_SCREEN,"max_screen is missing, unparsable, or not in 1/2/4.",R_MAX_SCREEN_01_KEEP_1_2_4,INVALID_MAX_SCREEN,Y,21-03-13,21-04-14,32,32,40,40.0,,,10.99,10.99,14,14,0,1
10453,_data/01_raw/Membership.csv,10454,INVALID_AGE,"age is missing, unparsable, <10, >100, or 950.",R_AGE_01_PLAUSIBLE_10_100_EXCLUDE_950,INVALID_AGE,Y,21-03-01,21-04-01,31,31,,,1,1.0,100,100.0,19,19,0,0
10523,_data/01_raw/Membership.csv,10524,NONSTANDARD_DURATION_FOR_MONTHLY_SCOPE,"duration_days_recomputed is missing, zero, or not in 31/32; excluded from standard monthly-subscription official population.",R_DURATION_01_KEEP_31_32_ONLY,NONSTANDARD_DURATION_FOR_MONTHLY_SCOPE,Y,21-03-14,21-03-14,0,0,30,30.0,4,4.0,13900,13900.0,21,21,1,0
10549,_data/01_raw/Membership.csv,10550,NONSTANDARD_DURATION_FOR_MONTHLY_SCOPE,"duration_days_recomputed is missing, zero, or not in 31/32; excluded from standard monthly-subscription official population.",R_DURATION_01_KEEP_31_32_ONLY,NONSTANDARD_DURATION_FOR_MONTHLY_SCOPE,Y,21-03-02,21-03-02,0,0,40,40.0,1,1.0,9.99,9.99,6,6,1,0
10555,_data/01_raw/Membership.csv,10556,NONSTANDARD_DURATION_FOR_MONTHLY_SCOPE,"duration_days_recomputed is missing, zero, or not in 31/32; excluded from standard monthly-subscription official population.",R_DURATION_01_KEEP_31_32_ONLY,NONSTANDARD_DURATION_FOR_MONTHLY_SCOPE,Y,21-03-05,21-03-07,2,2,40,40.0,2,2.0,13.49,13.49,11,11,1,0
10591,_data/01_raw/Membership.csv,10592,NONSTANDARD_DURATION_FOR_MONTHLY_SCOPE,"duration_days_recomputed is missing, zero, or not in 31/32; excluded from standard monthly-subscription official population.",R_DURATION_01_KEEP_31_32_ONLY,NONSTANDARD_DURATION_FOR_MONTHLY_SCOPE,Y,21-03-06,21-03-06,0,0,30,30.0,1,1.0,9.99,9.99,13,13,1,0
10602,_data/01_raw/Membership.csv,10603,NONSTANDARD_DURATION_FOR_MONTHLY_SCOPE,"duration_days_recomputed is missing, zero, or not in 31/32; excluded from standard monthly-subscription official population.",R_DURATION_01_KEEP_31_32_ONLY,NONSTANDARD_DURATION_FOR_MONTHLY_SCOPE,Y,21-03-12,21-03-12,0,0,25,25.0,1,1.0,7900,7900.0,1,1,1,0
10611,_data/01_raw/Membership.csv,10612,NONSTANDARD_DURATION_FOR_MONTHLY_SCOPE,"duration_days_recomputed is missing, zero, or not in 31/32; excluded from standard monthly-subscription official population.",R_DURATION_01_KEEP_31_32_ONLY,NONSTANDARD_DURATION_FOR_MONTHLY_SCOPE,Y,21-03-01,21-03-01,0,0,40,40.0,1,1.0,7900,7900.0,10,10,1,0
10615,_data/01_raw/Membership.csv,10616,NONSTANDARD_DURATION_FOR_MONTHLY_SCOPE,"duration_days_recomputed is missing, zero, or not in 31/32; excluded from standard monthly-subscription official population.",R_DURATION_01_KEEP_31_32_ONLY,NONSTANDARD_DURATION_FOR_MONTHLY_SCOPE,Y,21-03-14,21-03-17,3,3,30,30.0,1,1.0,7900,7900.0,13,13,1,0
10644,_data/01_raw/Membership.csv,10645,NONSTANDARD_DURATION_FOR_MONTHLY_SCOPE,"duration_days_recomputed is missing, zero, or not in 31/32; excluded from standard monthly-subscription official population.",R_DURATION_01_KEEP_31_32_ONLY,NONSTANDARD_DURATION_FOR_MONTHLY_SCOPE,Y,21-03-07,21-03-07,0,0,40,40.0,2,2.0,10900,10900.0,0,0,1,0
10645,_data/01_raw/Membership.csv,10646,NONSTANDARD_DURATION_FOR_MONTHLY_SCOPE,"duration_days_recomputed is missing, zero, or not in 31/32; excluded from standard monthly-subscription official population.",R_DURATION_01_KEEP_31_32_ONLY,NONSTANDARD_DURATION_FOR_MONTHLY_SCOPE,Y,21-03-07,21-03-07,0,0,30,30.0,4,4.0,16.49,16.49,1,1,1,0
10664,_data/01_raw/Membership.csv,10665,INVALID_AGE,"age is missing, unparsable, <10, >100, or 950.",R_AGE_01_PLAUSIBLE_10_100_EXCLUDE_950,INVALID_AGE,Y,21-03-12,21-04-12,31,31,,,1,1.0,100,100.0,6,6,0,0
10665,_data/01_raw/Membership.csv,10666,NONSTANDARD_DURATION_FOR_MONTHLY_SCOPE,"duration_days_recomputed is missing, zero, or not in 31/32; excluded from standard monthly-subscription official population.",R_DURATION_01_KEEP_31_32_ONLY,NONSTANDARD_DURATION_FOR_MONTHLY_SCOPE,Y,21-03-10,21-03-10,0,0,30,30.0,4,4.0,13900,13900.0,19,19,1,0
10713,_data/01_raw/Membership.csv,10714,NONSTANDARD_DURATION_FOR_MONTHLY_SCOPE,"duration_days_recomputed is missing, zero, or not in 31/32; excluded from standard monthly-subscription official population.",R_DURATION_01_KEEP_31_32_ONLY,NONSTANDARD_DURATION_FOR_MONTHLY_SCOPE,Y,21-03-08,21-03-08,0,0,40,40.0,1,1.0,7900,7900.0,22,22,1,0
10737,_data/01_raw/Membership.csv,10738,NONSTANDARD_DURATION_FOR_MONTHLY_SCOPE,"duration_days_recomputed is missing, zero, or not in 31/32; excluded from standard monthly-subscription official population.",R_DURATION_01_KEEP_31_32_ONLY,NONSTANDARD_DURATION_FOR_MONTHLY_SCOPE,Y,21-03-15,21-03-15,0,0,25,25.0,1,1.0,9.99,9.99,12,12,1,0
10751,_data/01_raw/Membership.csv,10752,INVALID_MAX_SCREEN,"max_screen is missing, unparsable, or not in 1/2/4.",R_MAX_SCREEN_01_KEEP_1_2_4,INVALID_MAX_SCREEN,Y,21-03-14,21-04-15,32,32,40,40.0,,,10.99,10.99,8,8,0,1
10755,_data/01_raw/Membership.csv,10756,INVALID_AGE,"age is missing, unparsable, <10, >100, or 950.",R_AGE_01_PLAUSIBLE_10_100_EXCLUDE_950,INVALID_AGE,Y,21-03-13,21-04-13,31,31,,,1,1.0,100,100.0,10,10,0,0
10759,_data/01_raw/Membership.csv,10760,NONSTANDARD_DURATION_FOR_MONTHLY_SCOPE,"duration_days_recomputed is missing, zero, or not in 31/32; excluded from standard monthly-subscription official population.",R_DURATION_01_KEEP_31_32_ONLY,NONSTANDARD_DURATION_FOR_MONTHLY_SCOPE,Y,21-03-07,21-03-10,3,3,60,60.0,2,2.0,10900,10900.0,18,18,1,0
10798,_data/01_raw/Membership.csv,10799,INVALID_MAX_SCREEN,"max_screen is missing, unparsable, or not in 1/2/4.",R_MAX_SCREEN_01_KEEP_1_2_4,INVALID_MAX_SCREEN,Y,21-03-11,21-04-12,32,32,25,25.0,,,10.99,10.99,23,23,0,1
10807,_data/01_raw/Membership.csv,10808,NONSTANDARD_DURATION_FOR_MONTHLY_SCOPE,"duration_days_recomputed is missing, zero, or not in 31/32; excluded from standard monthly-subscription official population.",R_DURATION_01_KEEP_31_32_ONLY,NONSTANDARD_DURATION_FOR_MONTHLY_SCOPE,N,21-03-06,21-03-06,0,0,40,40.0,1,1.0,7900,7900.0,17,17,1,0
10818,_data/01_raw/Membership.csv,10819,NONSTANDARD_DURATION_FOR_MONTHLY_SCOPE,"duration_days_recomputed is missing, zero, or not in 31/32; excluded from standard monthly-subscription official population.",R_DURATION_01_KEEP_31_32_ONLY,NONSTANDARD_DURATION_FOR_MONTHLY_SCOPE,Y,21-03-05,21-03-05,0,0,35,35.0,1,1.0,9.99,9.99,22,22,1,0
10825,_data/01_raw/Membership.csv,10826,NONSTANDARD_DURATION_FOR_MONTHLY_SCOPE,"duration_days_recomputed is missing, zero, or not in 31/32; excluded from standard monthly-subscription official population.",R_DURATION_01_KEEP_31_32_ONLY,NONSTANDARD_DURATION_FOR_MONTHLY_SCOPE|INVALID_AGE,Y,21-03-04,21-03-04,0,0,,,4,4.0,13900,13900.0,10,10,1,0
10887,_data/01_raw/Membership.csv,10888,INVALID_AGE,"age is missing, unparsable, <10, >100, or 950.",R_AGE_01_PLAUSIBLE_10_100_EXCLUDE_950,INVALID_AGE,N,21-03-11,21-04-11,31,31,,,1,1.0,100,100.0,12,12,0,0
10896,_data/01_raw/Membership.csv,10897,NONSTANDARD_DURATION_FOR_MONTHLY_SCOPE,"duration_days_recomputed is missing, zero, or not in 31/32; excluded from standard monthly-subscription official population.",R_DURATION_01_KEEP_31_32_ONLY,NONSTANDARD_DURATION_FOR_MONTHLY_SCOPE,Y,21-03-03,21-03-05,2,2,25,25.0,1,1.0,7900,7900.0,11,11,1,0
10904,_data/01_raw/Membership.csv,10905,NONSTANDARD_DURATION_FOR_MONTHLY_SCOPE,"duration_days_recomputed is missing, zero, or not in 31/32; excluded from standard monthly-subscription official population.",R_DURATION_01_KEEP_31_32_ONLY,NONSTANDARD_DURATION_FOR_MONTHLY_SCOPE,Y,21-03-15,21-03-16,1,1,40,40.0,1,1.0,7900,7900.0,23,23,1,0
10924,_data/01_raw/Membership.csv,10925,NONSTANDARD_DURATION_FOR_MONTHLY_SCOPE,"duration_days_recomputed is missing, zero, or not in 31/32; excluded from standard monthly-subscription official population.",R_DURATION_01_KEEP_31_32_ONLY,NONSTANDARD_DURATION_FOR_MONTHLY_SCOPE,Y,21-03-05,21-03-05,0,0,40,40.0,2,2.0,13.49,13.49,14,14,1,0
10942,_data/01_raw/Membership.csv,10943,INVALID_AGE,"age is missing, unparsable, <10, >100, or 950.",R_AGE_01_PLAUSIBLE_10_100_EXCLUDE_950,INVALID_AGE|INVALID_MAX_SCREEN,Y,21-03-08,21-04-08,31,31,5,5.0,,,5900,5900.0,11,11,0,1
10999,_data/01_raw/Membership.csv,11000,INVALID_AGE,"age is missing, unparsable, <10, >100, or 950.",R_AGE_01_PLAUSIBLE_10_100_EXCLUDE_950,INVALID_AGE,Y,21-03-06,21-04-06,31,31,,,1,1.0,100,100.0,18,18,0,0
11029,_data/01_raw/Membership.csv,11030,NONSTANDARD_DURATION_FOR_MONTHLY_SCOPE,"duration_days_recomputed is missing, zero, or not in 31/32; excluded from standard monthly-subscription official population.",R_DURATION_01_KEEP_31_32_ONLY,NONSTANDARD_DURATION_FOR_MONTHLY_SCOPE,N,21-03-14,21-03-14,0,0,40,40.0,1,1.0,100,100.0,21,21,1,0
11066,_data/01_raw/Membership.csv,11067,NONSTANDARD_DURATION_FOR_MONTHLY_SCOPE,"duration_days_recomputed is missing, zero, or not in 31/32; excluded from standard monthly-subscription official population.",R_DURATION_01_KEEP_31_32_ONLY,NONSTANDARD_DURATION_FOR_MONTHLY_SCOPE,N,21-03-05,21-03-06,1,1,35,35.0,1,1.0,100,100.0,12,12,1,0
11092,_data/01_raw/Membership.csv,11093,NONSTANDARD_DURATION_FOR_MONTHLY_SCOPE,"duration_days_recomputed is missing, zero, or not in 31/32; excluded from standard monthly-subscription official population.",R_DURATION_01_KEEP_31_32_ONLY,NONSTANDARD_DURATION_FOR_MONTHLY_SCOPE,N,21-03-10,21-03-20,10,10,20,20.0,2,2.0,100,100.0,18,18,1,0
11102,_data/01_raw/Membership.csv,11103,INVALID_AGE,"age is missing, unparsable, <10, >100, or 950.",R_AGE_01_PLAUSIBLE_10_100_EXCLUDE_950,INVALID_AGE,Y,21-03-13,21-04-13,31,31,,,2,2.0,100,100.0,19,19,0,0
11108,_data/01_raw/Membership.csv,11109,NONSTANDARD_DURATION_FOR_MONTHLY_SCOPE,"duration_days_recomputed is missing, zero, or not in 31/32; excluded from standard monthly-subscription official population.",R_DURATION_01_KEEP_31_32_ONLY,NONSTANDARD_DURATION_FOR_MONTHLY_SCOPE|INVALID_AGE,Y,21-03-14,21-03-14,0,0,,,1,1.0,3350,3350.0,11,11,1,0
11113,_data/01_raw/Membership.csv,11114,INVALID_AGE,"age is missing, unparsable, <10, >100, or 950.",R_AGE_01_PLAUSIBLE_10_100_EXCLUDE_950,INVALID_AGE,Y,21-03-07,21-04-07,31,31,,,4,4.0,100,100.0,1,1,0,0
11200,_data/01_raw/Membership.csv,11201,INVALID_AGE,"age is missing, unparsable, <10, >100, or 950.",R_AGE_01_PLAUSIBLE_10_100_EXCLUDE_950,INVALID_AGE,Y,21-03-01,21-04-01,31,31,,,4,4.0,100,100.0,18,18,0,0
11263,_data/01_raw/Membership.csv,11264,INVALID_AGE,"age is missing, unparsable, <10, >100, or 950.",R_AGE_01_PLAUSIBLE_10_100_EXCLUDE_950,INVALID_AGE,Y,21-03-01,21-04-01,31,31,,,4,4.0,100,100.0,17,17,0,0
11266,_data/01_raw/Membership.csv,11267,NONSTANDARD_DURATION_FOR_MONTHLY_SCOPE,"duration_days_recomputed is missing, zero, or not in 31/32; excluded from standard monthly-subscription official population.",R_DURATION_01_KEEP_31_32_ONLY,NONSTANDARD_DURATION_FOR_MONTHLY_SCOPE,Y,21-03-06,21-03-07,1,1,35,35.0,2,2.0,13.49,13.49,21,21,1,0
11295,_data/01_raw/Membership.csv,11296,NONSTANDARD_DURATION_FOR_MONTHLY_SCOPE,"duration_days_recomputed is missing, zero, or not in 31/32; excluded from standard monthly-subscription official population.",R_DURATION_01_KEEP_31_32_ONLY,NONSTANDARD_DURATION_FOR_MONTHLY_SCOPE,Y,21-03-13,21-03-13,0,0,40,40.0,4,4.0,13900,13900.0,21,21,1,0
11320,_data/01_raw/Membership.csv,11321,NONSTANDARD_DURATION_FOR_MONTHLY_SCOPE,"duration_days_recomputed is missing, zero, or not in 31/32; excluded from standard monthly-subscription official population.",R_DURATION_01_KEEP_31_32_ONLY,NONSTANDARD_DURATION_FOR_MONTHLY_SCOPE,Y,21-03-06,21-03-06,0,0,45,45.0,1,1.0,100,100.0,8,8,1,0
11364,_data/01_raw/Membership.csv,11365,NONSTANDARD_DURATION_FOR_MONTHLY_SCOPE,"duration_days_recomputed is missing, zero, or not in 31/32; excluded from standard monthly-subscription official population.",R_DURATION_01_KEEP_31_32_ONLY,NONSTANDARD_DURATION_FOR_MONTHLY_SCOPE,Y,21-03-01,21-03-01,0,0,30,30.0,1,1.0,7900,7900.0,15,15,1,0
11441,_data/01_raw/Membership.csv,11442,NONSTANDARD_DURATION_FOR_MONTHLY_SCOPE,"duration_days_recomputed is missing, zero, or not in 31/32; excluded from standard monthly-subscription official population.",R_DURATION_01_KEEP_31_32_ONLY,NONSTANDARD_DURATION_FOR_MONTHLY_SCOPE|INVALID_AGE,N,21-03-02,21-03-02,0,0,,,4,4.0,100,100.0,21,21,1,0
11462,_data/01_raw/Membership.csv,11463,INVALID_MAX_SCREEN,"max_screen is missing, unparsable, or not in 1/2/4.",R_MAX_SCREEN_01_KEEP_1_2_4,INVALID_MAX_SCREEN,N,21-03-04,21-04-04,31,31,30,30.0,,,5900,5900.0,11,11,0,1
11466,_data/01_raw/Membership.csv,11467,NONSTANDARD_DURATION_FOR_MONTHLY_SCOPE,"duration_days_recomputed is missing, zero, or not in 31/32; excluded from standard monthly-subscription official population.",R_DURATION_01_KEEP_31_32_ONLY,NONSTANDARD_DURATION_FOR_MONTHLY_SCOPE,Y,21-03-05,21-03-07,2,2,25,25.0,2,2.0,10900,10900.0,22,22,1,0
11493,_data/01_raw/Membership.csv,11494,NONSTANDARD_DURATION_FOR_MONTHLY_SCOPE,"duration_days_recomputed is missing, zero, or not in 31/32; excluded from standard monthly-subscription official population.",R_DURATION_01_KEEP_31_32_ONLY,NONSTANDARD_DURATION_FOR_MONTHLY_SCOPE,Y,21-03-12,21-03-12,0,0,40,40.0,2,2.0,13.49,13.49,5,5,1,0
11553,_data/01_raw/Membership.csv,11554,NONSTANDARD_DURATION_FOR_MONTHLY_SCOPE,"duration_days_recomputed is missing, zero, or not in 31/32; excluded from standard monthly-subscription official population.",R_DURATION_01_KEEP_31_32_ONLY,NONSTANDARD_DURATION_FOR_MONTHLY_SCOPE,Y,21-03-15,21-03-15,0,0,40,40.0,4,4.0,13900,13900.0,11,11,1,0
11566,_data/01_raw/Membership.csv,11567,NONSTANDARD_DURATION_FOR_MONTHLY_SCOPE,"duration_days_recomputed is missing, zero, or not in 31/32; excluded from standard monthly-subscription official population.",R_DURATION_01_KEEP_31_32_ONLY,NONSTANDARD_DURATION_FOR_MONTHLY_SCOPE|INVALID_AGE|INVALID_MAX_SCREEN,Y,21-03-07,21-03-07,0,0,,,,,10.99,10.99,1,1,1,1
11586,_data/01_raw/Membership.csv,11587,NONSTANDARD_DURATION_FOR_MONTHLY_SCOPE,"duration_days_recomputed is missing, zero, or not in 31/32; excluded from standard monthly-subscription official population.",R_DURATION_01_KEEP_31_32_ONLY,NONSTANDARD_DURATION_FOR_MONTHLY_SCOPE,Y,21-03-01,21-03-09,8,8,50,50.0,1,1.0,7900,7900.0,17,17,1,0
11602,_data/01_raw/Membership.csv,11603,NONSTANDARD_DURATION_FOR_MONTHLY_SCOPE,"duration_days_recomputed is missing, zero, or not in 31/32; excluded from standard monthly-subscription official population.",R_DURATION_01_KEEP_31_32_ONLY,NONSTANDARD_DURATION_FOR_MONTHLY_SCOPE,Y,21-03-15,21-03-15,0,0,45,45.0,1,1.0,100,100.0,9,9,1,0
11647,_data/01_raw/Membership.csv,11648,NONSTANDARD_DURATION_FOR_MONTHLY_SCOPE,"duration_days_recomputed is missing, zero, or not in 31/32; excluded from standard monthly-subscription official population.",R_DURATION_01_KEEP_31_32_ONLY,NONSTANDARD_DURATION_FOR_MONTHLY_SCOPE,Y,21-03-07,21-03-07,0,0,40,40.0,1,1.0,9.99,9.99,14,14,1,0
11649,_data/01_raw/Membership.csv,11650,NONSTANDARD_DURATION_FOR_MONTHLY_SCOPE,"duration_days_recomputed is missing, zero, or not in 31/32; excluded from standard monthly-subscription official population.",R_DURATION_01_KEEP_31_32_ONLY,NONSTANDARD_DURATION_FOR_MONTHLY_SCOPE,Y,21-03-01,21-03-01,0,0,30,30.0,1,1.0,14.29,14.29,16,16,1,0
11695,_data/01_raw/Membership.csv,11696,NONSTANDARD_DURATION_FOR_MONTHLY_SCOPE,"duration_days_recomputed is missing, zero, or not in 31/32; excluded from standard monthly-subscription official population.",R_DURATION_01_KEEP_31_32_ONLY,NONSTANDARD_DURATION_FOR_MONTHLY_SCOPE|INVALID_AGE,N,21-03-10,21-03-10,0,0,,,4,4.0,13900,13900.0,9,9,1,0
11724,_data/01_raw/Membership.csv,11725,INVALID_AGE,"age is missing, unparsable, <10, >100, or 950.",R_AGE_01_PLAUSIBLE_10_100_EXCLUDE_950,INVALID_AGE,Y,21-03-01,21-04-01,31,31,,,1,1.0,100,100.0,13,13,0,0
11738,_data/01_raw/Membership.csv,11739,NONSTANDARD_DURATION_FOR_MONTHLY_SCOPE,"duration_days_recomputed is missing, zero, or not in 31/32; excluded from standard monthly-subscription official population.",R_DURATION_01_KEEP_31_32_ONLY,NONSTANDARD_DURATION_FOR_MONTHLY_SCOPE,N,21-03-10,21-03-10,0,0,45,45.0,1,1.0,100,100.0,8,8,1,0
11740,_data/01_raw/Membership.csv,11741,INVALID_AGE,"age is missing, unparsable, <10, >100, or 950.",R_AGE_01_PLAUSIBLE_10_100_EXCLUDE_950,INVALID_AGE,Y,21-03-15,21-04-15,31,31,,,4,4.0,100,100.0,13,13,0,0
11819,_data/01_raw/Membership.csv,11820,INVALID_MAX_SCREEN,"max_screen is missing, unparsable, or not in 1/2/4.",R_MAX_SCREEN_01_KEEP_1_2_4,INVALID_MAX_SCREEN,Y,21-03-13,21-04-14,32,32,40,40.0,,,10.99,10.99,14,14,0,1
11869,_data/01_raw/Membership.csv,11870,NONSTANDARD_DURATION_FOR_MONTHLY_SCOPE,"duration_days_recomputed is missing, zero, or not in 31/32; excluded from standard monthly-subscription official population.",R_DURATION_01_KEEP_31_32_ONLY,NONSTANDARD_DURATION_FOR_MONTHLY_SCOPE,Y,21-03-09,21-03-09,0,0,40,40.0,2,2.0,13.49,13.49,13,13,1,0
11870,_data/01_raw/Membership.csv,11871,NONSTANDARD_DURATION_FOR_MONTHLY_SCOPE,"duration_days_recomputed is missing, zero, or not in 31/32; excluded from standard monthly-subscription official population.",R_DURATION_01_KEEP_31_32_ONLY,NONSTANDARD_DURATION_FOR_MONTHLY_SCOPE,Y,21-03-14,21-03-14,0,0,30,30.0,1,1.0,7900,7900.0,17,17,1,0
11878,_data/01_raw/Membership.csv,11879,NONSTANDARD_DURATION_FOR_MONTHLY_SCOPE,"duration_days_recomputed is missing, zero, or not in 31/32; excluded from standard monthly-subscription official population.",R_DURATION_01_KEEP_31_32_ONLY,NONSTANDARD_DURATION_FOR_MONTHLY_SCOPE,Y,21-03-11,21-03-11,0,0,40,40.0,1,1.0,9.99,9.99,0,0,1,0
11952,_data/01_raw/Membership.csv,11953,INVALID_AGE,"age is missing, unparsable, <10, >100, or 950.",R_AGE_01_PLAUSIBLE_10_100_EXCLUDE_950,INVALID_AGE,Y,21-03-09,21-04-09,31,31,,,4,4.0,100,100.0,3,3,0,0
11973,_data/01_raw/Membership.csv,11974,NONSTANDARD_DURATION_FOR_MONTHLY_SCOPE,"duration_days_recomputed is missing, zero, or not in 31/32; excluded from standard monthly-subscription official population.",R_DURATION_01_KEEP_31_32_ONLY,NONSTANDARD_DURATION_FOR_MONTHLY_SCOPE,N,21-03-09,21-03-10,1,1,50,50.0,1,1.0,100,100.0,22,22,1,0
11976,_data/01_raw/Membership.csv,11977,NONSTANDARD_DURATION_FOR_MONTHLY_SCOPE,"duration_days_recomputed is missing, zero, or not in 31/32; excluded from standard monthly-subscription official population.",R_DURATION_01_KEEP_31_32_ONLY,NONSTANDARD_DURATION_FOR_MONTHLY_SCOPE,Y,21-03-08,21-03-08,0,0,50,50.0,1,1.0,100,100.0,8,8,1,0
12011,_data/01_raw/Membership.csv,12012,INVALID_MAX_SCREEN,"max_screen is missing, unparsable, or not in 1/2/4.",R_MAX_SCREEN_01_KEEP_1_2_4,INVALID_MAX_SCREEN,Y,21-03-10,21-04-11,32,32,40,40.0,,,13.19,13.19,17,17,0,1
12025,_data/01_raw/Membership.csv,12026,INVALID_MAX_SCREEN,"max_screen is missing, unparsable, or not in 1/2/4.",R_MAX_SCREEN_01_KEEP_1_2_4,INVALID_MAX_SCREEN,N,21-03-08,21-04-09,32,32,25,25.0,,,10.99,10.99,0,0,0,1
12034,_data/01_raw/Membership.csv,12035,NONSTANDARD_DURATION_FOR_MONTHLY_SCOPE,"duration_days_recomputed is missing, zero, or not in 31/32; excluded from standard monthly-subscription official population.",R_DURATION_01_KEEP_31_32_ONLY,NONSTANDARD_DURATION_FOR_MONTHLY_SCOPE,Y,21-03-01,21-03-01,0,0,30,30.0,1,1.0,100,100.0,8,8,1,0
12079,_data/01_raw/Membership.csv,12080,NONSTANDARD_DURATION_FOR_MONTHLY_SCOPE,"duration_days_recomputed is missing, zero, or not in 31/32; excluded from standard monthly-subscription official population.",R_DURATION_01_KEEP_31_32_ONLY,NONSTANDARD_DURATION_FOR_MONTHLY_SCOPE,Y,21-03-12,21-03-13,1,1,25,25.0,1,1.0,100,100.0,20,20,1,0
12088,_data/01_raw/Membership.csv,12089,NONSTANDARD_DURATION_FOR_MONTHLY_SCOPE,"duration_days_recomputed is missing, zero, or not in 31/32; excluded from standard monthly-subscription official population.",R_DURATION_01_KEEP_31_32_ONLY,NONSTANDARD_DURATION_FOR_MONTHLY_SCOPE,Y,21-03-01,21-03-01,0,0,45,45.0,1,1.0,3950,3950.0,10,10,1,0
12143,_data/01_raw/Membership.csv,12144,NONSTANDARD_DURATION_FOR_MONTHLY_SCOPE,"duration_days_recomputed is missing, zero, or not in 31/32; excluded from standard monthly-subscription official population.",R_DURATION_01_KEEP_31_32_ONLY,NONSTANDARD_DURATION_FOR_MONTHLY_SCOPE,N,21-03-04,21-03-04,0,0,35,35.0,1,1.0,7900,7900.0,13,13,1,0
12215,_data/01_raw/Membership.csv,12216,NONSTANDARD_DURATION_FOR_MONTHLY_SCOPE,"duration_days_recomputed is missing, zero, or not in 31/32; excluded from standard monthly-subscription official population.",R_DURATION_01_KEEP_31_32_ONLY,NONSTANDARD_DURATION_FOR_MONTHLY_SCOPE,Y,21-03-01,21-03-01,0,0,60,60.0,1,1.0,7900,7900.0,5,5,1,0
12242,_data/01_raw/Membership.csv,12243,INVALID_MAX_SCREEN,"max_screen is missing, unparsable, or not in 1/2/4.",R_MAX_SCREEN_01_KEEP_1_2_4,INVALID_MAX_SCREEN,Y,21-03-06,21-04-07,32,32,40,40.0,3,3.0,27.49,27.49,2,2,0,1
12292,_data/01_raw/Membership.csv,12293,INVALID_MAX_SCREEN,"max_screen is missing, unparsable, or not in 1/2/4.",R_MAX_SCREEN_01_KEEP_1_2_4,INVALID_MAX_SCREEN,Y,21-03-04,21-04-05,32,32,30,30.0,,,10.99,10.99,23,23,0,1
12390,_data/01_raw/Membership.csv,12391,NONSTANDARD_DURATION_FOR_MONTHLY_SCOPE,"duration_days_recomputed is missing, zero, or not in 31/32; excluded from standard monthly-subscription official population.",R_DURATION_01_KEEP_31_32_ONLY,NONSTANDARD_DURATION_FOR_MONTHLY_SCOPE,Y,21-03-13,21-03-14,1,1,25,25.0,2,2.0,10900,10900.0,1,1,1,0
12410,_data/01_raw/Membership.csv,12411,INVALID_MAX_SCREEN,"max_screen is missing, unparsable, or not in 1/2/4.",R_MAX_SCREEN_01_KEEP_1_2_4,INVALID_MAX_SCREEN,Y,21-03-13,21-04-14,32,32,25,25.0,3,3.0,16.49,16.49,12,12,0,1
12435,_data/01_raw/Membership.csv,12436,NONSTANDARD_DURATION_FOR_MONTHLY_SCOPE,"duration_days_recomputed is missing, zero, or not in 31/32; excluded from standard monthly-subscription official population.",R_DURATION_01_KEEP_31_32_ONLY,NONSTANDARD_DURATION_FOR_MONTHLY_SCOPE,N,21-03-08,21-03-08,0,0,45,45.0,1,1.0,7900,7900.0,10,10,1,0
12541,_data/01_raw/Membership.csv,12542,INVALID_AGE,"age is missing, unparsable, <10, >100, or 950.",R_AGE_01_PLAUSIBLE_10_100_EXCLUDE_950,INVALID_AGE,N,21-03-08,21-04-08,31,31,,,4,4.0,100,100.0,0,0,0,0
12551,_data/01_raw/Membership.csv,12552,NONSTANDARD_DURATION_FOR_MONTHLY_SCOPE,"duration_days_recomputed is missing, zero, or not in 31/32; excluded from standard monthly-subscription official population.",R_DURATION_01_KEEP_31_32_ONLY,NONSTANDARD_DURATION_FOR_MONTHLY_SCOPE,Y,21-03-09,21-03-09,0,0,40,40.0,4,4.0,16.49,16.49,16,16,1,0
12562,_data/01_raw/Membership.csv,12563,NONSTANDARD_DURATION_FOR_MONTHLY_SCOPE,"duration_days_recomputed is missing, zero, or not in 31/32; excluded from standard monthly-subscription official population.",R_DURATION_01_KEEP_31_32_ONLY,NONSTANDARD_DURATION_FOR_MONTHLY_SCOPE,Y,21-03-08,21-03-08,0,0,40,40.0,1,1.0,7900,7900.0,0,0,1,0
12568,_data/01_raw/Membership.csv,12569,NONSTANDARD_DURATION_FOR_MONTHLY_SCOPE,"duration_days_recomputed is missing, zero, or not in 31/32; excluded from standard monthly-subscription official population.",R_DURATION_01_KEEP_31_32_ONLY,NONSTANDARD_DURATION_FOR_MONTHLY_SCOPE,Y,21-03-13,21-03-14,1,1,30,30.0,1,1.0,100,100.0,18,18,1,0
12577,_data/01_raw/Membership.csv,12578,INVALID_AGE,"age is missing, unparsable, <10, >100, or 950.",R_AGE_01_PLAUSIBLE_10_100_EXCLUDE_950,INVALID_AGE,Y,21-03-01,21-04-02,32,32,,,2,2.0,13.49,13.49,15,15,0,0
12587,_data/01_raw/Membership.csv,12588,NONSTANDARD_DURATION_FOR_MONTHLY_SCOPE,"duration_days_recomputed is missing, zero, or not in 31/32; excluded from standard monthly-subscription official population.",R_DURATION_01_KEEP_31_32_ONLY,NONSTANDARD_DURATION_FOR_MONTHLY_SCOPE,Y,21-03-03,21-03-03,0,0,50,50.0,4,4.0,13900,13900.0,20,20,1,0
12618,_data/01_raw/Membership.csv,12619,NONSTANDARD_DURATION_FOR_MONTHLY_SCOPE,"duration_days_recomputed is missing, zero, or not in 31/32; excluded from standard monthly-subscription official population.",R_DURATION_01_KEEP_31_32_ONLY,NONSTANDARD_DURATION_FOR_MONTHLY_SCOPE,Y,21-03-05,21-03-05,0,0,40,40.0,1,1.0,9.99,9.99,12,12,1,0
12620,_data/01_raw/Membership.csv,12621,INVALID_MAX_SCREEN,"max_screen is missing, unparsable, or not in 1/2/4.",R_MAX_SCREEN_01_KEEP_1_2_4,INVALID_MAX_SCREEN,Y,21-03-03,21-04-03,31,31,35,35.0,,,6900,6900.0,11,11,0,1
12630,_data/01_raw/Membership.csv,12631,NONSTANDARD_DURATION_FOR_MONTHLY_SCOPE,"duration_days_recomputed is missing, zero, or not in 31/32; excluded from standard monthly-subscription official population.",R_DURATION_01_KEEP_31_32_ONLY,NONSTANDARD_DURATION_FOR_MONTHLY_SCOPE,Y,21-03-06,21-03-06,0,0,60,60.0,1,1.0,100,100.0,10,10,1,0
12654,_data/01_raw/Membership.csv,12655,NONSTANDARD_DURATION_FOR_MONTHLY_SCOPE,"duration_days_recomputed is missing, zero, or not in 31/32; excluded from standard monthly-subscription official population.",R_DURATION_01_KEEP_31_32_ONLY,NONSTANDARD_DURATION_FOR_MONTHLY_SCOPE,Y,21-03-07,21-03-08,1,1,40,40.0,1,1.0,7900,7900.0,15,15,1,0
12673,_data/01_raw/Membership.csv,12674,NONSTANDARD_DURATION_FOR_MONTHLY_SCOPE,"duration_days_recomputed is missing, zero, or not in 31/32; excluded from standard monthly-subscription official population.",R_DURATION_01_KEEP_31_32_ONLY,NONSTANDARD_DURATION_FOR_MONTHLY_SCOPE,Y,21-03-14,21-03-14,0,0,35,35.0,2,2.0,10900,10900.0,18,18,1,0
12693,_data/01_raw/Membership.csv,12694,INVALID_AGE,"age is missing, unparsable, <10, >100, or 950.",R_AGE_01_PLAUSIBLE_10_100_EXCLUDE_950,INVALID_AGE,Y,21-03-08,21-04-08,31,31,,,1,1.0,100,100.0,11,11,0,0
12738,_data/01_raw/Membership.csv,12739,NONSTANDARD_DURATION_FOR_MONTHLY_SCOPE,"duration_days_recomputed is missing, zero, or not in 31/32; excluded from standard monthly-subscription official population.",R_DURATION_01_KEEP_31_32_ONLY,NONSTANDARD_DURATION_FOR_MONTHLY_SCOPE,Y,21-03-03,21-03-03,0,0,40,40.0,1,1.0,9.99,9.99,21,21,1,0
12788,_data/01_raw/Membership.csv,12789,NONSTANDARD_DURATION_FOR_MONTHLY_SCOPE,"duration_days_recomputed is missing, zero, or not in 31/32; excluded from standard monthly-subscription official population.",R_DURATION_01_KEEP_31_32_ONLY,NONSTANDARD_DURATION_FOR_MONTHLY_SCOPE,Y,21-03-04,21-03-04,0,0,40,40.0,1,1.0,9.99,9.99,21,21,1,0
12796,_data/01_raw/Membership.csv,12797,INVALID_AGE,"age is missing, unparsable, <10, >100, or 950.",R_AGE_01_PLAUSIBLE_10_100_EXCLUDE_950,INVALID_AGE,Y,21-03-05,21-04-05,31,31,,,1,1.0,100,100.0,21,21,0,0
12799,_data/01_raw/Membership.csv,12800,NONSTANDARD_DURATION_FOR_MONTHLY_SCOPE,"duration_days_recomputed is missing, zero, or not in 31/32; excluded from standard monthly-subscription official population.",R_DURATION_01_KEEP_31_32_ONLY,NONSTANDARD_DURATION_FOR_MONTHLY_SCOPE,Y,21-03-13,21-03-13,0,0,35,35.0,1,1.0,100,100.0,23,23,1,0
12848,_data/01_raw/Membership.csv,12849,NONSTANDARD_DURATION_FOR_MONTHLY_SCOPE,"duration_days_recomputed is missing, zero, or not in 31/32; excluded from standard monthly-subscription official population.",R_DURATION_01_KEEP_31_32_ONLY,NONSTANDARD_DURATION_FOR_MONTHLY_SCOPE,Y,21-03-10,21-03-10,0,0,40,40.0,2,2.0,10900,10900.0,12,12,1,0
12854,_data/01_raw/Membership.csv,12855,NONSTANDARD_DURATION_FOR_MONTHLY_SCOPE,"duration_days_recomputed is missing, zero, or not in 31/32; excluded from standard monthly-subscription official population.",R_DURATION_01_KEEP_31_32_ONLY,NONSTANDARD_DURATION_FOR_MONTHLY_SCOPE,Y,21-03-13,21-03-13,0,0,40,40.0,1,1.0,7900,7900.0,0,0,1,0
12910,_data/01_raw/Membership.csv,12911,NONSTANDARD_DURATION_FOR_MONTHLY_SCOPE,"duration_days_recomputed is missing, zero, or not in 31/32; excluded from standard monthly-subscription official population.",R_DURATION_01_KEEP_31_32_ONLY,NONSTANDARD_DURATION_FOR_MONTHLY_SCOPE,Y,21-03-01,21-03-01,0,0,35,35.0,2,2.0,10900,10900.0,20,20,1,0
12941,_data/01_raw/Membership.csv,12942,INVALID_MAX_SCREEN,"max_screen is missing, unparsable, or not in 1/2/4.",R_MAX_SCREEN_01_KEEP_1_2_4,INVALID_MAX_SCREEN,Y,21-03-14,21-04-14,31,31,40,40.0,,,5900,5900.0,11,11,0,1
13005,_data/01_raw/Membership.csv,13006,NONSTANDARD_DURATION_FOR_MONTHLY_SCOPE,"duration_days_recomputed is missing, zero, or not in 31/32; excluded from standard monthly-subscription official population.",R_DURATION_01_KEEP_31_32_ONLY,NONSTANDARD_DURATION_FOR_MONTHLY_SCOPE,Y,21-03-06,21-03-06,0,0,35,35.0,1,1.0,7900,7900.0,17,17,1,0
13021,_data/01_raw/Membership.csv,13022,NONSTANDARD_DURATION_FOR_MONTHLY_SCOPE,"duration_days_recomputed is missing, zero, or not in 31/32; excluded from standard monthly-subscription official population.",R_DURATION_01_KEEP_31_32_ONLY,NONSTANDARD_DURATION_FOR_MONTHLY_SCOPE,N,21-03-05,21-03-05,0,0,40,40.0,1,1.0,7900,7900.0,15,15,1,0
13028,_data/01_raw/Membership.csv,13029,NONSTANDARD_DURATION_FOR_MONTHLY_SCOPE,"duration_days_recomputed is missing, zero, or not in 31/32; excluded from standard monthly-subscription official population.",R_DURATION_01_KEEP_31_32_ONLY,NONSTANDARD_DURATION_FOR_MONTHLY_SCOPE,Y,21-03-10,21-03-10,0,0,20,20.0,1,1.0,9.99,9.99,7,7,1,0
13033,_data/01_raw/Membership.csv,13034,NONSTANDARD_DURATION_FOR_MONTHLY_SCOPE,"duration_days_recomputed is missing, zero, or not in 31/32; excluded from standard monthly-subscription official population.",R_DURATION_01_KEEP_31_32_ONLY,NONSTANDARD_DURATION_FOR_MONTHLY_SCOPE,Y,21-03-08,21-03-08,0,0,30,30.0,1,1.0,7900,7900.0,22,22,1,0
13042,_data/01_raw/Membership.csv,13043,INVALID_AGE,"age is missing, unparsable, <10, >100, or 950.",R_AGE_01_PLAUSIBLE_10_100_EXCLUDE_950,INVALID_AGE,Y,21-03-06,21-04-06,31,31,,,2,2.0,100,100.0,13,13,0,0
13056,_data/01_raw/Membership.csv,13057,INVALID_MAX_SCREEN,"max_screen is missing, unparsable, or not in 1/2/4.",R_MAX_SCREEN_01_KEEP_1_2_4,INVALID_MAX_SCREEN,Y,21-03-02,21-04-02,31,31,35,35.0,,,5900,5900.0,11,11,0,1
13072,_data/01_raw/Membership.csv,13073,NONSTANDARD_DURATION_FOR_MONTHLY_SCOPE,"duration_days_recomputed is missing, zero, or not in 31/32; excluded from standard monthly-subscription official population.",R_DURATION_01_KEEP_31_32_ONLY,NONSTANDARD_DURATION_FOR_MONTHLY_SCOPE,Y,21-03-01,21-03-01,0,0,40,40.0,2,2.0,10900,10900.0,14,14,1,0
13073,_data/01_raw/Membership.csv,13074,INVALID_AGE,"age is missing, unparsable, <10, >100, or 950.",R_AGE_01_PLAUSIBLE_10_100_EXCLUDE_950,INVALID_AGE,Y,21-03-01,21-04-01,31,31,,,4,4.0,100,100.0,12,12,0,0
13083,_data/01_raw/Membership.csv,13084,INVALID_AGE,"age is missing, unparsable, <10, >100, or 950.",R_AGE_01_PLAUSIBLE_10_100_EXCLUDE_950,INVALID_AGE,Y,21-03-07,21-04-08,32,32,,,1,1.0,9.99,9.99,14,14,0,0
13123,_data/01_raw/Membership.csv,13124,INVALID_MAX_SCREEN,"max_screen is missing, unparsable, or not in 1/2/4.",R_MAX_SCREEN_01_KEEP_1_2_4,INVALID_MAX_SCREEN,Y,21-03-15,21-04-16,32,32,40,40.0,,,16.49,16.49,16,16,0,1
13160,_data/01_raw/Membership.csv,13161,NONSTANDARD_DURATION_FOR_MONTHLY_SCOPE,"duration_days_recomputed is missing, zero, or not in 31/32; excluded from standard monthly-subscription official population.",R_DURATION_01_KEEP_31_32_ONLY,NONSTANDARD_DURATION_FOR_MONTHLY_SCOPE,N,21-03-12,21-03-12,0,0,40,40.0,2,2.0,13.49,13.49,1,1,1,0
13185,_data/01_raw/Membership.csv,13186,NONSTANDARD_DURATION_FOR_MONTHLY_SCOPE,"duration_days_recomputed is missing, zero, or not in 31/32; excluded from standard monthly-subscription official population.",R_DURATION_01_KEEP_31_32_ONLY,NONSTANDARD_DURATION_FOR_MONTHLY_SCOPE,Y,21-03-05,21-03-05,0,0,20,20.0,1,1.0,100,100.0,20,20,1,0
13187,_data/01_raw/Membership.csv,13188,NONSTANDARD_DURATION_FOR_MONTHLY_SCOPE,"duration_days_recomputed is missing, zero, or not in 31/32; excluded from standard monthly-subscription official population.",R_DURATION_01_KEEP_31_32_ONLY,NONSTANDARD_DURATION_FOR_MONTHLY_SCOPE|INVALID_AGE,Y,21-03-01,21-03-01,0,0,,,4,4.0,100,100.0,13,13,1,0
13191,_data/01_raw/Membership.csv,13192,INVALID_AGE,"age is missing, unparsable, <10, >100, or 950.",R_AGE_01_PLAUSIBLE_10_100_EXCLUDE_950,INVALID_AGE,Y,21-03-08,21-04-08,31,31,,,1,1.0,7900,7900.0,22,22,0,0
13215,_data/01_raw/Membership.csv,13216,INVALID_AGE,"age is missing, unparsable, <10, >100, or 950.",R_AGE_01_PLAUSIBLE_10_100_EXCLUDE_950,INVALID_AGE,Y,21-03-01,21-04-01,31,31,,,4,4.0,100,100.0,8,8,0,0
13243,_data/01_raw/Membership.csv,13244,INVALID_AGE,"age is missing, unparsable, <10, >100, or 950.",R_AGE_01_PLAUSIBLE_10_100_EXCLUDE_950,INVALID_AGE,Y,21-03-03,21-04-03,31,31,,,1,1.0,100,100.0,22,22,0,0
13261,_data/01_raw/Membership.csv,13262,INVALID_AGE,"age is missing, unparsable, <10, >100, or 950.",R_AGE_01_PLAUSIBLE_10_100_EXCLUDE_950,INVALID_AGE,Y,21-03-02,21-04-02,31,31,,,1,1.0,100,100.0,0,0,0,0
13262,_data/01_raw/Membership.csv,13263,NONSTANDARD_DURATION_FOR_MONTHLY_SCOPE,"duration_days_recomputed is missing, zero, or not in 31/32; excluded from standard monthly-subscription official population.",R_DURATION_01_KEEP_31_32_ONLY,NONSTANDARD_DURATION_FOR_MONTHLY_SCOPE,Y,21-03-04,21-03-04,0,0,40,40.0,2,2.0,10900,10900.0,21,21,1,0
13263,_data/01_raw/Membership.csv,13264,NONSTANDARD_DURATION_FOR_MONTHLY_SCOPE,"duration_days_recomputed is missing, zero, or not in 31/32; excluded from standard monthly-subscription official population.",R_DURATION_01_KEEP_31_32_ONLY,NONSTANDARD_DURATION_FOR_MONTHLY_SCOPE,Y,21-03-04,21-03-04,0,0,40,40.0,1,1.0,9.99,9.99,16,16,1,0
13264,_data/01_raw/Membership.csv,13265,INVALID_AGE,"age is missing, unparsable, <10, >100, or 950.",R_AGE_01_PLAUSIBLE_10_100_EXCLUDE_950,INVALID_AGE,Y,21-03-01,21-04-01,31,31,,,1,1.0,100,100.0,20,20,0,0
13280,_data/01_raw/Membership.csv,13281,NONSTANDARD_DURATION_FOR_MONTHLY_SCOPE,"duration_days_recomputed is missing, zero, or not in 31/32; excluded from standard monthly-subscription official population.",R_DURATION_01_KEEP_31_32_ONLY,NONSTANDARD_DURATION_FOR_MONTHLY_SCOPE,N,21-03-01,21-03-01,0,0,35,35.0,1,1.0,100,100.0,20,20,1,0
13375,_data/01_raw/Membership.csv,13376,NONSTANDARD_DURATION_FOR_MONTHLY_SCOPE,"duration_days_recomputed is missing, zero, or not in 31/32; excluded from standard monthly-subscription official population.",R_DURATION_01_KEEP_31_32_ONLY,NONSTANDARD_DURATION_FOR_MONTHLY_SCOPE,Y,21-03-10,21-03-14,4,4,60,60.0,1,1.0,7900,7900.0,16,16,1,0
13402,_data/01_raw/Membership.csv,13403,NONSTANDARD_DURATION_FOR_MONTHLY_SCOPE,"duration_days_recomputed is missing, zero, or not in 31/32; excluded from standard monthly-subscription official population.",R_DURATION_01_KEEP_31_32_ONLY,NONSTANDARD_DURATION_FOR_MONTHLY_SCOPE,Y,21-03-01,21-03-01,0,0,40,40.0,1,1.0,7900,7900.0,12,12,1,0
13434,_data/01_raw/Membership.csv,13435,NONSTANDARD_DURATION_FOR_MONTHLY_SCOPE,"duration_days_recomputed is missing, zero, or not in 31/32; excluded from standard monthly-subscription official population.",R_DURATION_01_KEEP_31_32_ONLY,NONSTANDARD_DURATION_FOR_MONTHLY_SCOPE,Y,21-03-06,21-03-20,14,14,30,30.0,1,1.0,100,100.0,19,19,1,0
13483,_data/01_raw/Membership.csv,13484,NONSTANDARD_DURATION_FOR_MONTHLY_SCOPE,"duration_days_recomputed is missing, zero, or not in 31/32; excluded from standard monthly-subscription official population.",R_DURATION_01_KEEP_31_32_ONLY,NONSTANDARD_DURATION_FOR_MONTHLY_SCOPE,Y,21-03-05,21-03-05,0,0,40,40.0,1,1.0,7900,7900.0,9,9,1,0
13502,_data/01_raw/Membership.csv,13503,INVALID_AGE,"age is missing, unparsable, <10, >100, or 950.",R_AGE_01_PLAUSIBLE_10_100_EXCLUDE_950,INVALID_AGE,Y,21-03-06,21-04-06,31,31,,,1,1.0,100,100.0,1,1,0,0
13515,_data/01_raw/Membership.csv,13516,INVALID_MAX_SCREEN,"max_screen is missing, unparsable, or not in 1/2/4.",R_MAX_SCREEN_01_KEEP_1_2_4,INVALID_MAX_SCREEN,Y,21-03-05,21-04-06,32,32,25,25.0,,,10.99,10.99,23,23,0,1
13530,_data/01_raw/Membership.csv,13531,INVALID_AGE,"age is missing, unparsable, <10, >100, or 950.",R_AGE_01_PLAUSIBLE_10_100_EXCLUDE_950,INVALID_AGE,Y,21-03-13,21-04-13,31,31,,,4,4.0,100,100.0,22,22,0,0
13547,_data/01_raw/Membership.csv,13548,INVALID_MAX_SCREEN,"max_screen is missing, unparsable, or not in 1/2/4.",R_MAX_SCREEN_01_KEEP_1_2_4,INVALID_MAX_SCREEN,N,21-03-02,21-04-02,31,31,20,20.0,,,6900,6900.0,11,11,0,1
13563,_data/01_raw/Membership.csv,13564,INVALID_AGE,"age is missing, unparsable, <10, >100, or 950.",R_AGE_01_PLAUSIBLE_10_100_EXCLUDE_950,INVALID_AGE,Y,21-03-12,21-04-12,31,31,,,4,4.0,100,100.0,10,10,0,0
13596,_data/01_raw/Membership.csv,13597,NONSTANDARD_DURATION_FOR_MONTHLY_SCOPE,"duration_days_recomputed is missing, zero, or not in 31/32; excluded from standard monthly-subscription official population.",R_DURATION_01_KEEP_31_32_ONLY,NONSTANDARD_DURATION_FOR_MONTHLY_SCOPE,Y,21-03-09,21-03-09,0,0,35,35.0,1,1.0,7900,7900.0,23,23,1,0
13607,_data/01_raw/Membership.csv,13608,INVALID_AGE,"age is missing, unparsable, <10, >100, or 950.",R_AGE_01_PLAUSIBLE_10_100_EXCLUDE_950,INVALID_AGE,N,21-03-12,21-04-12,31,31,,,1,1.0,7900,7900.0,11,11,0,0
13620,_data/01_raw/Membership.csv,13621,INVALID_AGE,"age is missing, unparsable, <10, >100, or 950.",R_AGE_01_PLAUSIBLE_10_100_EXCLUDE_950,INVALID_AGE,N,21-03-07,21-04-07,31,31,,,4,4.0,100,100.0,12,12,0,0
13658,_data/01_raw/Membership.csv,13659,NONSTANDARD_DURATION_FOR_MONTHLY_SCOPE,"duration_days_recomputed is missing, zero, or not in 31/32; excluded from standard monthly-subscription official population.",R_DURATION_01_KEEP_31_32_ONLY,NONSTANDARD_DURATION_FOR_MONTHLY_SCOPE,Y,21-03-03,21-03-03,0,0,20,20.0,1,1.0,9.99,9.99,21,21,1,0
13686,_data/01_raw/Membership.csv,13687,NONSTANDARD_DURATION_FOR_MONTHLY_SCOPE,"duration_days_recomputed is missing, zero, or not in 31/32; excluded from standard monthly-subscription official population.",R_DURATION_01_KEEP_31_32_ONLY,NONSTANDARD_DURATION_FOR_MONTHLY_SCOPE,N,21-03-06,21-03-06,0,0,20,20.0,1,1.0,7900,7900.0,16,16,1,0
13706,_data/01_raw/Membership.csv,13707,NONSTANDARD_DURATION_FOR_MONTHLY_SCOPE,"duration_days_recomputed is missing, zero, or not in 31/32; excluded from standard monthly-subscription official population.",R_DURATION_01_KEEP_31_32_ONLY,NONSTANDARD_DURATION_FOR_MONTHLY_SCOPE,Y,21-03-01,21-03-03,2,2,35,35.0,1,1.0,7900,7900.0,3,3,1,0
13719,_data/01_raw/Membership.csv,13720,NONSTANDARD_DURATION_FOR_MONTHLY_SCOPE,"duration_days_recomputed is missing, zero, or not in 31/32; excluded from standard monthly-subscription official population.",R_DURATION_01_KEEP_31_32_ONLY,NONSTANDARD_DURATION_FOR_MONTHLY_SCOPE,N,21-03-01,21-03-02,1,1,40,40.0,1,1.0,9.99,9.99,22,22,1,0
13722,_data/01_raw/Membership.csv,13723,NONSTANDARD_DURATION_FOR_MONTHLY_SCOPE,"duration_days_recomputed is missing, zero, or not in 31/32; excluded from standard monthly-subscription official population.",R_DURATION_01_KEEP_31_32_ONLY,NONSTANDARD_DURATION_FOR_MONTHLY_SCOPE,Y,21-03-02,21-03-02,0,0,25,25.0,4,4.0,13900,13900.0,12,12,1,0
13800,_data/01_raw/Membership.csv,13801,NONSTANDARD_DURATION_FOR_MONTHLY_SCOPE,"duration_days_recomputed is missing, zero, or not in 31/32; excluded from standard monthly-subscription official population.",R_DURATION_01_KEEP_31_32_ONLY,NONSTANDARD_DURATION_FOR_MONTHLY_SCOPE,Y,21-03-15,21-03-15,0,0,40,40.0,1,1.0,7900,7900.0,20,20,1,0
13821,_data/01_raw/Membership.csv,13822,NONSTANDARD_DURATION_FOR_MONTHLY_SCOPE,"duration_days_recomputed is missing, zero, or not in 31/32; excluded from standard monthly-subscription official population.",R_DURATION_01_KEEP_31_32_ONLY,NONSTANDARD_DURATION_FOR_MONTHLY_SCOPE,N,21-03-11,21-03-11,0,0,15,15.0,2,2.0,10900,10900.0,8,8,1,0
13843,_data/01_raw/Membership.csv,13844,NONSTANDARD_DURATION_FOR_MONTHLY_SCOPE,"duration_days_recomputed is missing, zero, or not in 31/32; excluded from standard monthly-subscription official population.",R_DURATION_01_KEEP_31_32_ONLY,NONSTANDARD_DURATION_FOR_MONTHLY_SCOPE,Y,21-03-09,21-03-09,0,0,40,40.0,1,1.0,9.99,9.99,18,18,1,0
13857,_data/01_raw/Membership.csv,13858,NONSTANDARD_DURATION_FOR_MONTHLY_SCOPE,"duration_days_recomputed is missing, zero, or not in 31/32; excluded from standard monthly-subscription official population.",R_DURATION_01_KEEP_31_32_ONLY,NONSTANDARD_DURATION_FOR_MONTHLY_SCOPE,Y,21-03-11,21-03-11,0,0,45,45.0,1,1.0,100,100.0,9,9,1,0
13877,_data/01_raw/Membership.csv,13878,INVALID_AGE,"age is missing, unparsable, <10, >100, or 950.",R_AGE_01_PLAUSIBLE_10_100_EXCLUDE_950,INVALID_AGE,Y,21-03-01,21-04-01,31,31,,,4,4.0,100,100.0,17,17,0,0
13932,_data/01_raw/Membership.csv,13933,NONSTANDARD_DURATION_FOR_MONTHLY_SCOPE,"duration_days_recomputed is missing, zero, or not in 31/32; excluded from standard monthly-subscription official population.",R_DURATION_01_KEEP_31_32_ONLY,NONSTANDARD_DURATION_FOR_MONTHLY_SCOPE,Y,21-03-01,21-03-01,0,0,55,55.0,4,4.0,13900,13900.0,11,11,1,0
13935,_data/01_raw/Membership.csv,13936,NONSTANDARD_DURATION_FOR_MONTHLY_SCOPE,"duration_days_recomputed is missing, zero, or not in 31/32; excluded from standard monthly-subscription official population.",R_DURATION_01_KEEP_31_32_ONLY,NONSTANDARD_DURATION_FOR_MONTHLY_SCOPE,N,21-03-07,21-03-07,0,0,35,35.0,1,1.0,100,100.0,12,12,1,0
14013,_data/01_raw/Membership.csv,14014,NONSTANDARD_DURATION_FOR_MONTHLY_SCOPE,"duration_days_recomputed is missing, zero, or not in 31/32; excluded from standard monthly-subscription official population.",R_DURATION_01_KEEP_31_32_ONLY,NONSTANDARD_DURATION_FOR_MONTHLY_SCOPE,Y,21-03-11,21-03-11,0,0,60,60.0,1,1.0,100,100.0,20,20,1,0
14047,_data/01_raw/Membership.csv,14048,NONSTANDARD_DURATION_FOR_MONTHLY_SCOPE,"duration_days_recomputed is missing, zero, or not in 31/32; excluded from standard monthly-subscription official population.",R_DURATION_01_KEEP_31_32_ONLY,NONSTANDARD_DURATION_FOR_MONTHLY_SCOPE,N,21-03-12,21-03-12,0,0,35,35.0,1,1.0,7900,7900.0,21,21,1,0
14053,_data/01_raw/Membership.csv,14054,NONSTANDARD_DURATION_FOR_MONTHLY_SCOPE,"duration_days_recomputed is missing, zero, or not in 31/32; excluded from standard monthly-subscription official population.",R_DURATION_01_KEEP_31_32_ONLY,NONSTANDARD_DURATION_FOR_MONTHLY_SCOPE,Y,21-03-04,21-03-04,0,0,40,40.0,1,1.0,9.99,9.99,23,23,1,0
14055,_data/01_raw/Membership.csv,14056,NONSTANDARD_DURATION_FOR_MONTHLY_SCOPE,"duration_days_recomputed is missing, zero, or not in 31/32; excluded from standard monthly-subscription official population.",R_DURATION_01_KEEP_31_32_ONLY,NONSTANDARD_DURATION_FOR_MONTHLY_SCOPE,Y,21-03-03,21-03-03,0,0,40,40.0,1,1.0,7900,7900.0,20,20,1,0
14073,_data/01_raw/Membership.csv,14074,NONSTANDARD_DURATION_FOR_MONTHLY_SCOPE,"duration_days_recomputed is missing, zero, or not in 31/32; excluded from standard monthly-subscription official population.",R_DURATION_01_KEEP_31_32_ONLY,NONSTANDARD_DURATION_FOR_MONTHLY_SCOPE,Y,21-03-05,21-03-08,3,3,40,40.0,1,1.0,9.99,9.99,3,3,1,0
14123,_data/01_raw/Membership.csv,14124,INVALID_AGE,"age is missing, unparsable, <10, >100, or 950.",R_AGE_01_PLAUSIBLE_10_100_EXCLUDE_950,INVALID_AGE,N,21-03-03,21-04-03,31,31,,,1,1.0,100,100.0,1,1,0,0
14223,_data/01_raw/Membership.csv,14224,NONSTANDARD_DURATION_FOR_MONTHLY_SCOPE,"duration_days_recomputed is missing, zero, or not in 31/32; excluded from standard monthly-subscription official population.",R_DURATION_01_KEEP_31_32_ONLY,NONSTANDARD_DURATION_FOR_MONTHLY_SCOPE,Y,21-03-04,21-03-05,1,1,40,40.0,1,1.0,7900,7900.0,15,15,1,0
14250,_data/01_raw/Membership.csv,14251,NONSTANDARD_DURATION_FOR_MONTHLY_SCOPE,"duration_days_recomputed is missing, zero, or not in 31/32; excluded from standard monthly-subscription official population.",R_DURATION_01_KEEP_31_32_ONLY,NONSTANDARD_DURATION_FOR_MONTHLY_SCOPE,Y,21-03-07,21-03-07,0,0,40,40.0,1,1.0,9.99,9.99,12,12,1,0
14265,_data/01_raw/Membership.csv,14266,NONSTANDARD_DURATION_FOR_MONTHLY_SCOPE,"duration_days_recomputed is missing, zero, or not in 31/32; excluded from standard monthly-subscription official population.",R_DURATION_01_KEEP_31_32_ONLY,NONSTANDARD_DURATION_FOR_MONTHLY_SCOPE,Y,21-03-10,21-03-10,0,0,40,40.0,1,1.0,7900,7900.0,10,10,1,0
14267,_data/01_raw/Membership.csv,14268,NONSTANDARD_DURATION_FOR_MONTHLY_SCOPE,"duration_days_recomputed is missing, zero, or not in 31/32; excluded from standard monthly-subscription official population.",R_DURATION_01_KEEP_31_32_ONLY,NONSTANDARD_DURATION_FOR_MONTHLY_SCOPE,Y,21-03-03,21-03-03,0,0,40,40.0,4,4.0,16.49,16.49,21,21,1,0
14292,_data/01_raw/Membership.csv,14293,INVALID_AGE,"age is missing, unparsable, <10, >100, or 950.",R_AGE_01_PLAUSIBLE_10_100_EXCLUDE_950,INVALID_AGE,Y,21-03-01,21-04-01,31,31,,,4,4.0,100,100.0,12,12,0,0
14361,_data/01_raw/Membership.csv,14362,INVALID_AGE,"age is missing, unparsable, <10, >100, or 950.",R_AGE_01_PLAUSIBLE_10_100_EXCLUDE_950,INVALID_AGE,Y,21-03-01,21-04-01,31,31,,,1,1.0,100,100.0,20,20,0,0
14405,_data/01_raw/Membership.csv,14406,NONSTANDARD_DURATION_FOR_MONTHLY_SCOPE,"duration_days_recomputed is missing, zero, or not in 31/32; excluded from standard monthly-subscription official population.",R_DURATION_01_KEEP_31_32_ONLY,NONSTANDARD_DURATION_FOR_MONTHLY_SCOPE,Y,21-03-10,21-03-21,11,11,40,40.0,1,1.0,3950,3950.0,11,11,1,0
14414,_data/01_raw/Membership.csv,14415,INVALID_AGE,"age is missing, unparsable, <10, >100, or 950.",R_AGE_01_PLAUSIBLE_10_100_EXCLUDE_950,INVALID_AGE,Y,21-03-15,21-04-16,32,32,,,1,1.0,9.99,9.99,17,17,0,0
14431,_data/01_raw/Membership.csv,14432,NONSTANDARD_DURATION_FOR_MONTHLY_SCOPE,"duration_days_recomputed is missing, zero, or not in 31/32; excluded from standard monthly-subscription official population.",R_DURATION_01_KEEP_31_32_ONLY,NONSTANDARD_DURATION_FOR_MONTHLY_SCOPE,Y,21-03-01,21-03-01,0,0,35,35.0,1,1.0,7900,7900.0,13,13,1,0
14445,_data/01_raw/Membership.csv,14446,INVALID_AGE,"age is missing, unparsable, <10, >100, or 950.",R_AGE_01_PLAUSIBLE_10_100_EXCLUDE_950,INVALID_AGE,Y,21-03-06,21-04-06,31,31,,,1,1.0,100,100.0,15,15,0,0
14446,_data/01_raw/Membership.csv,14447,NONSTANDARD_DURATION_FOR_MONTHLY_SCOPE,"duration_days_recomputed is missing, zero, or not in 31/32; excluded from standard monthly-subscription official population.",R_DURATION_01_KEEP_31_32_ONLY,NONSTANDARD_DURATION_FOR_MONTHLY_SCOPE,Y,21-03-06,21-03-06,0,0,20,20.0,2,2.0,10900,10900.0,21,21,1,0
14502,_data/01_raw/Membership.csv,14503,NONSTANDARD_DURATION_FOR_MONTHLY_SCOPE,"duration_days_recomputed is missing, zero, or not in 31/32; excluded from standard monthly-subscription official population.",R_DURATION_01_KEEP_31_32_ONLY,NONSTANDARD_DURATION_FOR_MONTHLY_SCOPE|INVALID_MAX_SCREEN,N,21-03-06,21-03-06,0,0,40,40.0,,,10.99,10.99,3,3,1,1
14552,_data/01_raw/Membership.csv,14553,NONSTANDARD_DURATION_FOR_MONTHLY_SCOPE,"duration_days_recomputed is missing, zero, or not in 31/32; excluded from standard monthly-subscription official population.",R_DURATION_01_KEEP_31_32_ONLY,NONSTANDARD_DURATION_FOR_MONTHLY_SCOPE,Y,21-03-02,21-03-02,0,0,50,50.0,1,1.0,100,100.0,9,9,1,0
14554,_data/01_raw/Membership.csv,14555,NONSTANDARD_DURATION_FOR_MONTHLY_SCOPE,"duration_days_recomputed is missing, zero, or not in 31/32; excluded from standard monthly-subscription official population.",R_DURATION_01_KEEP_31_32_ONLY,NONSTANDARD_DURATION_FOR_MONTHLY_SCOPE,Y,21-03-15,21-03-15,0,0,50,50.0,4,4.0,13900,13900.0,0,0,1,0
14563,_data/01_raw/Membership.csv,14564,NONSTANDARD_DURATION_FOR_MONTHLY_SCOPE,"duration_days_recomputed is missing, zero, or not in 31/32; excluded from standard monthly-subscription official population.",R_DURATION_01_KEEP_31_32_ONLY,NONSTANDARD_DURATION_FOR_MONTHLY_SCOPE,Y,21-03-01,21-03-01,0,0,40,40.0,1,1.0,7900,7900.0,13,13,1,0
14566,_data/01_raw/Membership.csv,14567,NONSTANDARD_DURATION_FOR_MONTHLY_SCOPE,"duration_days_recomputed is missing, zero, or not in 31/32; excluded from standard monthly-subscription official population.",R_DURATION_01_KEEP_31_32_ONLY,NONSTANDARD_DURATION_FOR_MONTHLY_SCOPE,Y,21-03-14,21-03-14,0,0,40,40.0,1,1.0,9.99,9.99,15,15,1,0
14578,_data/01_raw/Membership.csv,14579,INVALID_AGE,"age is missing, unparsable, <10, >100, or 950.",R_AGE_01_PLAUSIBLE_10_100_EXCLUDE_950,INVALID_AGE,Y,21-03-13,21-04-14,32,32,,,1,1.0,9.99,9.99,0,0,0,0
14630,_data/01_raw/Membership.csv,14631,INVALID_AGE,"age is missing, unparsable, <10, >100, or 950.",R_AGE_01_PLAUSIBLE_10_100_EXCLUDE_950,INVALID_AGE,N,21-03-13,21-04-14,32,32,,,1,1.0,9.99,9.99,11,11,0,0
14643,_data/01_raw/Membership.csv,14644,NONSTANDARD_DURATION_FOR_MONTHLY_SCOPE,"duration_days_recomputed is missing, zero, or not in 31/32; excluded from standard monthly-subscription official population.",R_DURATION_01_KEEP_31_32_ONLY,NONSTANDARD_DURATION_FOR_MONTHLY_SCOPE,Y,21-03-02,21-03-02,0,0,40,40.0,1,1.0,7900,7900.0,10,10,1,0
14668,_data/01_raw/Membership.csv,14669,NONSTANDARD_DURATION_FOR_MONTHLY_SCOPE,"duration_days_recomputed is missing, zero, or not in 31/32; excluded from standard monthly-subscription official population.",R_DURATION_01_KEEP_31_32_ONLY,NONSTANDARD_DURATION_FOR_MONTHLY_SCOPE,Y,21-03-12,21-03-13,1,1,45,45.0,1,1.0,7900,7900.0,21,21,1,0
14683,_data/01_raw/Membership.csv,14684,NONSTANDARD_DURATION_FOR_MONTHLY_SCOPE,"duration_days_recomputed is missing, zero, or not in 31/32; excluded from standard monthly-subscription official population.",R_DURATION_01_KEEP_31_32_ONLY,NONSTANDARD_DURATION_FOR_MONTHLY_SCOPE,Y,21-03-01,21-03-02,1,1,30,30.0,1,1.0,7900,7900.0,12,12,1,0
14701,_data/01_raw/Membership.csv,14702,NONSTANDARD_DURATION_FOR_MONTHLY_SCOPE,"duration_days_recomputed is missing, zero, or not in 31/32; excluded from standard monthly-subscription official population.",R_DURATION_01_KEEP_31_32_ONLY,NONSTANDARD_DURATION_FOR_MONTHLY_SCOPE,Y,21-03-07,21-03-07,0,0,30,30.0,1,1.0,6700,6700.0,8,8,1,0
14709,_data/01_raw/Membership.csv,14710,NONSTANDARD_DURATION_FOR_MONTHLY_SCOPE,"duration_days_recomputed is missing, zero, or not in 31/32; excluded from standard monthly-subscription official population.",R_DURATION_01_KEEP_31_32_ONLY,NONSTANDARD_DURATION_FOR_MONTHLY_SCOPE,Y,21-03-09,21-03-13,4,4,40,40.0,1,1.0,7900,7900.0,12,12,1,0
14806,_data/01_raw/Membership.csv,14807,NONSTANDARD_DURATION_FOR_MONTHLY_SCOPE,"duration_days_recomputed is missing, zero, or not in 31/32; excluded from standard monthly-subscription official population.",R_DURATION_01_KEEP_31_32_ONLY,NONSTANDARD_DURATION_FOR_MONTHLY_SCOPE,N,21-03-15,21-03-18,3,3,45,45.0,2,2.0,100,100.0,18,18,1,0
14893,_data/01_raw/Membership.csv,14894,NONSTANDARD_DURATION_FOR_MONTHLY_SCOPE,"duration_days_recomputed is missing, zero, or not in 31/32; excluded from standard monthly-subscription official population.",R_DURATION_01_KEEP_31_32_ONLY,NONSTANDARD_DURATION_FOR_MONTHLY_SCOPE,Y,21-03-07,21-03-07,0,0,40,40.0,4,4.0,16.49,16.49,1,1,1,0
14896,_data/01_raw/Membership.csv,14897,NONSTANDARD_DURATION_FOR_MONTHLY_SCOPE,"duration_days_recomputed is missing, zero, or not in 31/32; excluded from standard monthly-subscription official population.",R_DURATION_01_KEEP_31_32_ONLY,NONSTANDARD_DURATION_FOR_MONTHLY_SCOPE,Y,21-03-12,21-03-12,0,0,70,70.0,1,1.0,7900,7900.0,10,10,1,0
14930,_data/01_raw/Membership.csv,14931,NONSTANDARD_DURATION_FOR_MONTHLY_SCOPE,"duration_days_recomputed is missing, zero, or not in 31/32; excluded from standard monthly-subscription official population.",R_DURATION_01_KEEP_31_32_ONLY,NONSTANDARD_DURATION_FOR_MONTHLY_SCOPE,Y,21-03-14,21-03-14,0,0,20,20.0,1,1.0,9.99,9.99,0,0,1,0
14987,_data/01_raw/Membership.csv,14988,NONSTANDARD_DURATION_FOR_MONTHLY_SCOPE,"duration_days_recomputed is missing, zero, or not in 31/32; excluded from standard monthly-subscription official population.",R_DURATION_01_KEEP_31_32_ONLY,NONSTANDARD_DURATION_FOR_MONTHLY_SCOPE,Y,21-03-03,21-03-14,11,11,40,40.0,1,1.0,7900,7900.0,15,15,1,0
15012,_data/01_raw/Membership.csv,15013,NONSTANDARD_DURATION_FOR_MONTHLY_SCOPE,"duration_days_recomputed is missing, zero, or not in 31/32; excluded from standard monthly-subscription official population.",R_DURATION_01_KEEP_31_32_ONLY,NONSTANDARD_DURATION_FOR_MONTHLY_SCOPE,Y,21-03-01,21-03-02,1,1,35,35.0,1,1.0,7900,7900.0,15,15,1,0
15044,_data/01_raw/Membership.csv,15045,NONSTANDARD_DURATION_FOR_MONTHLY_SCOPE,"duration_days_recomputed is missing, zero, or not in 31/32; excluded from standard monthly-subscription official population.",R_DURATION_01_KEEP_31_32_ONLY,NONSTANDARD_DURATION_FOR_MONTHLY_SCOPE,Y,21-03-02,21-03-02,0,0,80,80.0,1,1.0,7900,7900.0,11,11,1,0
15045,_data/01_raw/Membership.csv,15046,INVALID_MAX_SCREEN,"max_screen is missing, unparsable, or not in 1/2/4.",R_MAX_SCREEN_01_KEEP_1_2_4,INVALID_MAX_SCREEN,Y,21-03-02,21-04-02,31,31,40,40.0,,,5900,5900.0,11,11,0,1
15066,_data/01_raw/Membership.csv,15067,INVALID_AGE,"age is missing, unparsable, <10, >100, or 950.",R_AGE_01_PLAUSIBLE_10_100_EXCLUDE_950,INVALID_AGE,Y,21-03-09,21-04-09,31,31,,,2,2.0,100,100.0,9,9,0,0
15099,_data/01_raw/Membership.csv,15100,NONSTANDARD_DURATION_FOR_MONTHLY_SCOPE,"duration_days_recomputed is missing, zero, or not in 31/32; excluded from standard monthly-subscription official population.",R_DURATION_01_KEEP_31_32_ONLY,NONSTANDARD_DURATION_FOR_MONTHLY_SCOPE|INVALID_AGE,N,21-03-04,21-03-04,0,0,,,1,1.0,9.99,9.99,13,13,1,0
15114,_data/01_raw/Membership.csv,15115,NONSTANDARD_DURATION_FOR_MONTHLY_SCOPE,"duration_days_recomputed is missing, zero, or not in 31/32; excluded from standard monthly-subscription official population.",R_DURATION_01_KEEP_31_32_ONLY,NONSTANDARD_DURATION_FOR_MONTHLY_SCOPE,Y,21-03-09,21-03-09,0,0,40,40.0,2,2.0,13.49,13.49,18,18,1,0
15136,_data/01_raw/Membership.csv,15137,NONSTANDARD_DURATION_FOR_MONTHLY_SCOPE,"duration_days_recomputed is missing, zero, or not in 31/32; excluded from standard monthly-subscription official population.",R_DURATION_01_KEEP_31_32_ONLY,NONSTANDARD_DURATION_FOR_MONTHLY_SCOPE,Y,21-03-08,21-03-08,0,0,40,40.0,2,2.0,13.49,13.49,14,14,1,0
15145,_data/01_raw/Membership.csv,15146,INVALID_MAX_SCREEN,"max_screen is missing, unparsable, or not in 1/2/4.",R_MAX_SCREEN_01_KEEP_1_2_4,INVALID_MAX_SCREEN,Y,21-03-14,21-04-15,32,32,40,40.0,,,10.99,10.99,6,6,0,1
15200,_data/01_raw/Membership.csv,15201,NONSTANDARD_DURATION_FOR_MONTHLY_SCOPE,"duration_days_recomputed is missing, zero, or not in 31/32; excluded from standard monthly-subscription official population.",R_DURATION_01_KEEP_31_32_ONLY,NONSTANDARD_DURATION_FOR_MONTHLY_SCOPE,Y,21-03-10,21-03-10,0,0,65,65.0,4,4.0,6950,6950.0,10,10,1,0
15208,_data/01_raw/Membership.csv,15209,NONSTANDARD_DURATION_FOR_MONTHLY_SCOPE,"duration_days_recomputed is missing, zero, or not in 31/32; excluded from standard monthly-subscription official population.",R_DURATION_01_KEEP_31_32_ONLY,NONSTANDARD_DURATION_FOR_MONTHLY_SCOPE,N,21-03-05,21-03-06,1,1,40,40.0,1,1.0,9.99,9.99,23,23,1,0
15221,_data/01_raw/Membership.csv,15222,NONSTANDARD_DURATION_FOR_MONTHLY_SCOPE,"duration_days_recomputed is missing, zero, or not in 31/32; excluded from standard monthly-subscription official population.",R_DURATION_01_KEEP_31_32_ONLY,NONSTANDARD_DURATION_FOR_MONTHLY_SCOPE,N,21-03-10,21-03-10,0,0,40,40.0,2,2.0,13.49,13.49,2,2,1,0
15232,_data/01_raw/Membership.csv,15233,NONSTANDARD_DURATION_FOR_MONTHLY_SCOPE,"duration_days_recomputed is missing, zero, or not in 31/32; excluded from standard monthly-subscription official population.",R_DURATION_01_KEEP_31_32_ONLY,NONSTANDARD_DURATION_FOR_MONTHLY_SCOPE,Y,21-03-03,21-03-03,0,0,40,40.0,1,1.0,9.99,9.99,10,10,1,0
15314,_data/01_raw/Membership.csv,15315,INVALID_AGE,"age is missing, unparsable, <10, >100, or 950.",R_AGE_01_PLAUSIBLE_10_100_EXCLUDE_950,INVALID_AGE,Y,21-03-11,21-04-12,32,32,,,1,1.0,9.99,9.99,7,7,0,0
15336,_data/01_raw/Membership.csv,15337,NONSTANDARD_DURATION_FOR_MONTHLY_SCOPE,"duration_days_recomputed is missing, zero, or not in 31/32; excluded from standard monthly-subscription official population.",R_DURATION_01_KEEP_31_32_ONLY,NONSTANDARD_DURATION_FOR_MONTHLY_SCOPE,N,21-03-15,21-03-16,1,1,35,35.0,1,1.0,7900,7900.0,1,1,1,0
15341,_data/01_raw/Membership.csv,15342,NONSTANDARD_DURATION_FOR_MONTHLY_SCOPE,"duration_days_recomputed is missing, zero, or not in 31/32; excluded from standard monthly-subscription official population.",R_DURATION_01_KEEP_31_32_ONLY,NONSTANDARD_DURATION_FOR_MONTHLY_SCOPE,N,21-03-10,21-03-10,0,0,30,30.0,1,1.0,7900,7900.0,17,17,1,0
15357,_data/01_raw/Membership.csv,15358,NONSTANDARD_DURATION_FOR_MONTHLY_SCOPE,"duration_days_recomputed is missing, zero, or not in 31/32; excluded from standard monthly-subscription official population.",R_DURATION_01_KEEP_31_32_ONLY,NONSTANDARD_DURATION_FOR_MONTHLY_SCOPE,Y,21-03-13,21-03-13,0,0,40,40.0,1,1.0,9.99,9.99,21,21,1,0
15361,_data/01_raw/Membership.csv,15362,NONSTANDARD_DURATION_FOR_MONTHLY_SCOPE,"duration_days_recomputed is missing, zero, or not in 31/32; excluded from standard monthly-subscription official population.",R_DURATION_01_KEEP_31_32_ONLY,NONSTANDARD_DURATION_FOR_MONTHLY_SCOPE,Y,21-03-12,21-03-13,1,1,30,30.0,1,1.0,100,100.0,12,12,1,0
15377,_data/01_raw/Membership.csv,15378,INVALID_MAX_SCREEN,"max_screen is missing, unparsable, or not in 1/2/4.",R_MAX_SCREEN_01_KEEP_1_2_4,INVALID_MAX_SCREEN,Y,21-03-13,21-04-14,32,32,40,40.0,,,10.99,10.99,9,9,0,1
15398,_data/01_raw/Membership.csv,15399,NONSTANDARD_DURATION_FOR_MONTHLY_SCOPE,"duration_days_recomputed is missing, zero, or not in 31/32; excluded from standard monthly-subscription official population.",R_DURATION_01_KEEP_31_32_ONLY,NONSTANDARD_DURATION_FOR_MONTHLY_SCOPE,N,21-03-07,21-03-07,0,0,40,40.0,4,4.0,13900,13900.0,0,0,1,0
15454,_data/01_raw/Membership.csv,15455,NONSTANDARD_DURATION_FOR_MONTHLY_SCOPE,"duration_days_recomputed is missing, zero, or not in 31/32; excluded from standard monthly-subscription official population.",R_DURATION_01_KEEP_31_32_ONLY,NONSTANDARD_DURATION_FOR_MONTHLY_SCOPE,Y,21-03-07,21-03-07,0,0,20,20.0,1,1.0,7900,7900.0,17,17,1,0
15458,_data/01_raw/Membership.csv,15459,NONSTANDARD_DURATION_FOR_MONTHLY_SCOPE,"duration_days_recomputed is missing, zero, or not in 31/32; excluded from standard monthly-subscription official population.",R_DURATION_01_KEEP_31_32_ONLY,NONSTANDARD_DURATION_FOR_MONTHLY_SCOPE|INVALID_AGE,Y,21-03-02,21-03-02,0,0,,,2,2.0,13.49,13.49,11,11,1,0
15476,_data/01_raw/Membership.csv,15477,INVALID_MAX_SCREEN,"max_screen is missing, unparsable, or not in 1/2/4.",R_MAX_SCREEN_01_KEEP_1_2_4,INVALID_MAX_SCREEN,N,21-03-15,21-04-16,32,32,40,40.0,,,10.99,10.99,17,17,0,1
15482,_data/01_raw/Membership.csv,15483,NONSTANDARD_DURATION_FOR_MONTHLY_SCOPE,"duration_days_recomputed is missing, zero, or not in 31/32; excluded from standard monthly-subscription official population.",R_DURATION_01_KEEP_31_32_ONLY,NONSTANDARD_DURATION_FOR_MONTHLY_SCOPE,Y,21-03-04,21-03-06,2,2,30,30.0,1,1.0,7900,7900.0,20,20,1,0
15535,_data/01_raw/Membership.csv,15536,NONSTANDARD_DURATION_FOR_MONTHLY_SCOPE,"duration_days_recomputed is missing, zero, or not in 31/32; excluded from standard monthly-subscription official population.",R_DURATION_01_KEEP_31_32_ONLY,NONSTANDARD_DURATION_FOR_MONTHLY_SCOPE,Y,21-03-10,21-03-10,0,0,40,40.0,1,1.0,9.99,9.99,17,17,1,0
15610,_data/01_raw/Membership.csv,15611,INVALID_AGE,"age is missing, unparsable, <10, >100, or 950.",R_AGE_01_PLAUSIBLE_10_100_EXCLUDE_950,INVALID_AGE,N,21-03-01,21-04-01,31,31,,,1,1.0,100,100.0,19,19,0,0
15654,_data/01_raw/Membership.csv,15655,INVALID_AGE,"age is missing, unparsable, <10, >100, or 950.",R_AGE_01_PLAUSIBLE_10_100_EXCLUDE_950,INVALID_AGE,N,21-03-03,21-04-03,31,31,,,4,4.0,100,100.0,20,20,0,0
15655,_data/01_raw/Membership.csv,15656,NONSTANDARD_DURATION_FOR_MONTHLY_SCOPE,"duration_days_recomputed is missing, zero, or not in 31/32; excluded from standard monthly-subscription official population.",R_DURATION_01_KEEP_31_32_ONLY,NONSTANDARD_DURATION_FOR_MONTHLY_SCOPE,Y,21-03-03,21-03-07,4,4,40,40.0,2,2.0,10900,10900.0,14,14,1,0
15662,_data/01_raw/Membership.csv,15663,NONSTANDARD_DURATION_FOR_MONTHLY_SCOPE,"duration_days_recomputed is missing, zero, or not in 31/32; excluded from standard monthly-subscription official population.",R_DURATION_01_KEEP_31_32_ONLY,NONSTANDARD_DURATION_FOR_MONTHLY_SCOPE,Y,21-03-09,21-03-09,0,0,40,40.0,2,2.0,13.49,13.49,18,18,1,0
15670,_data/01_raw/Membership.csv,15671,INVALID_AGE,"age is missing, unparsable, <10, >100, or 950.",R_AGE_01_PLAUSIBLE_10_100_EXCLUDE_950,INVALID_AGE,Y,21-03-01,21-04-01,31,31,,,4,4.0,100,100.0,23,23,0,0
15718,_data/01_raw/Membership.csv,15719,NONSTANDARD_DURATION_FOR_MONTHLY_SCOPE,"duration_days_recomputed is missing, zero, or not in 31/32; excluded from standard monthly-subscription official population.",R_DURATION_01_KEEP_31_32_ONLY,NONSTANDARD_DURATION_FOR_MONTHLY_SCOPE,N,21-03-09,21-03-09,0,0,40,40.0,1,1.0,10.99,10.99,0,0,1,0
15755,_data/01_raw/Membership.csv,15756,NONSTANDARD_DURATION_FOR_MONTHLY_SCOPE,"duration_days_recomputed is missing, zero, or not in 31/32; excluded from standard monthly-subscription official population.",R_DURATION_01_KEEP_31_32_ONLY,NONSTANDARD_DURATION_FOR_MONTHLY_SCOPE,Y,21-03-01,21-03-01,0,0,55,55.0,1,1.0,100,100.0,19,19,1,0
15758,_data/01_raw/Membership.csv,15759,INVALID_AGE,"age is missing, unparsable, <10, >100, or 950.",R_AGE_01_PLAUSIBLE_10_100_EXCLUDE_950,INVALID_AGE,N,21-03-05,21-04-06,32,32,,,1,1.0,9.99,9.99,11,11,0,0
15850,_data/01_raw/Membership.csv,15851,NONSTANDARD_DURATION_FOR_MONTHLY_SCOPE,"duration_days_recomputed is missing, zero, or not in 31/32; excluded from standard monthly-subscription official population.",R_DURATION_01_KEEP_31_32_ONLY,NONSTANDARD_DURATION_FOR_MONTHLY_SCOPE,Y,21-03-13,21-03-15,2,2,35,35.0,2,2.0,10900,10900.0,23,23,1,0
15854,_data/01_raw/Membership.csv,15855,INVALID_AGE,"age is missing, unparsable, <10, >100, or 950.",R_AGE_01_PLAUSIBLE_10_100_EXCLUDE_950,INVALID_AGE,Y,21-03-02,21-04-02,31,31,,,4,4.0,100,100.0,19,19,0,0
15879,_data/01_raw/Membership.csv,15880,INVALID_MAX_SCREEN,"max_screen is missing, unparsable, or not in 1/2/4.",R_MAX_SCREEN_01_KEEP_1_2_4,INVALID_MAX_SCREEN,Y,21-03-13,21-04-14,32,32,40,40.0,,,10.99,10.99,23,23,0,1
15892,_data/01_raw/Membership.csv,15893,NONSTANDARD_DURATION_FOR_MONTHLY_SCOPE,"duration_days_recomputed is missing, zero, or not in 31/32; excluded from standard monthly-subscription official population.",R_DURATION_01_KEEP_31_32_ONLY,NONSTANDARD_DURATION_FOR_MONTHLY_SCOPE,Y,21-03-14,21-03-14,0,0,25,25.0,1,1.0,9.99,9.99,21,21,1,0
15897,_data/01_raw/Membership.csv,15898,NONSTANDARD_DURATION_FOR_MONTHLY_SCOPE,"duration_days_recomputed is missing, zero, or not in 31/32; excluded from standard monthly-subscription official population.",R_DURATION_01_KEEP_31_32_ONLY,NONSTANDARD_DURATION_FOR_MONTHLY_SCOPE,Y,21-03-01,21-03-14,13,13,35,35.0,1,1.0,7900,7900.0,0,0,1,0
15931,_data/01_raw/Membership.csv,15932,NONSTANDARD_DURATION_FOR_MONTHLY_SCOPE,"duration_days_recomputed is missing, zero, or not in 31/32; excluded from standard monthly-subscription official population.",R_DURATION_01_KEEP_31_32_ONLY,NONSTANDARD_DURATION_FOR_MONTHLY_SCOPE,N,21-03-06,21-03-06,0,0,25,25.0,1,1.0,9.99,9.99,16,16,1,0
15942,_data/01_raw/Membership.csv,15943,NONSTANDARD_DURATION_FOR_MONTHLY_SCOPE,"duration_days_recomputed is missing, zero, or not in 31/32; excluded from standard monthly-subscription official population.",R_DURATION_01_KEEP_31_32_ONLY,NONSTANDARD_DURATION_FOR_MONTHLY_SCOPE,Y,21-03-02,21-03-02,0,0,30,30.0,1,1.0,7900,7900.0,16,16,1,0
15973,_data/01_raw/Membership.csv,15974,NONSTANDARD_DURATION_FOR_MONTHLY_SCOPE,"duration_days_recomputed is missing, zero, or not in 31/32; excluded from standard monthly-subscription official population.",R_DURATION_01_KEEP_31_32_ONLY,NONSTANDARD_DURATION_FOR_MONTHLY_SCOPE,Y,21-03-15,21-03-15,0,0,40,40.0,1,1.0,7900,7900.0,11,11,1,0
15976,_data/01_raw/Membership.csv,15977,INVALID_AGE,"age is missing, unparsable, <10, >100, or 950.",R_AGE_01_PLAUSIBLE_10_100_EXCLUDE_950,INVALID_AGE,Y,21-03-01,21-04-01,31,31,,,1,1.0,100,100.0,0,0,0,0
15978,_data/01_raw/Membership.csv,15979,INVALID_MAX_SCREEN,"max_screen is missing, unparsable, or not in 1/2/4.",R_MAX_SCREEN_01_KEEP_1_2_4,INVALID_MAX_SCREEN,N,21-03-14,21-04-15,32,32,30,30.0,,,10.99,10.99,17,17,0,1
15993,_data/01_raw/Membership.csv,15994,INVALID_AGE,"age is missing, unparsable, <10, >100, or 950.",R_AGE_01_PLAUSIBLE_10_100_EXCLUDE_950,INVALID_AGE,Y,21-03-11,21-04-11,31,31,,,1,1.0,100,100.0,9,9,0,0
16008,_data/01_raw/Membership.csv,16009,NONSTANDARD_DURATION_FOR_MONTHLY_SCOPE,"duration_days_recomputed is missing, zero, or not in 31/32; excluded from standard monthly-subscription official population.",R_DURATION_01_KEEP_31_32_ONLY,NONSTANDARD_DURATION_FOR_MONTHLY_SCOPE,Y,21-03-13,21-03-14,1,1,40,40.0,1,1.0,100,100.0,14,14,1,0
16027,_data/01_raw/Membership.csv,16028,INVALID_MAX_SCREEN,"max_screen is missing, unparsable, or not in 1/2/4.",R_MAX_SCREEN_01_KEEP_1_2_4,INVALID_MAX_SCREEN,Y,21-03-06,21-04-06,31,31,40,40.0,,,5900,5900.0,10,10,0,1
16039,_data/01_raw/Membership.csv,16040,NONSTANDARD_DURATION_FOR_MONTHLY_SCOPE,"duration_days_recomputed is missing, zero, or not in 31/32; excluded from standard monthly-subscription official population.",R_DURATION_01_KEEP_31_32_ONLY,NONSTANDARD_DURATION_FOR_MONTHLY_SCOPE|INVALID_AGE,Y,21-03-03,21-03-08,5,5,,,2,2.0,10900,10900.0,18,18,1,0
16065,_data/01_raw/Membership.csv,16066,NONSTANDARD_DURATION_FOR_MONTHLY_SCOPE,"duration_days_recomputed is missing, zero, or not in 31/32; excluded from standard monthly-subscription official population.",R_DURATION_01_KEEP_31_32_ONLY,NONSTANDARD_DURATION_FOR_MONTHLY_SCOPE,Y,21-03-15,21-03-15,0,0,40,40.0,1,1.0,7900,7900.0,22,22,1,0
16075,_data/01_raw/Membership.csv,16076,NONSTANDARD_DURATION_FOR_MONTHLY_SCOPE,"duration_days_recomputed is missing, zero, or not in 31/32; excluded from standard monthly-subscription official population.",R_DURATION_01_KEEP_31_32_ONLY,NONSTANDARD_DURATION_FOR_MONTHLY_SCOPE,N,21-03-12,21-03-12,0,0,40,40.0,1,1.0,7900,7900.0,16,16,1,0
16135,_data/01_raw/Membership.csv,16136,NONSTANDARD_DURATION_FOR_MONTHLY_SCOPE,"duration_days_recomputed is missing, zero, or not in 31/32; excluded from standard monthly-subscription official population.",R_DURATION_01_KEEP_31_32_ONLY,NONSTANDARD_DURATION_FOR_MONTHLY_SCOPE,Y,21-03-09,21-03-09,0,0,40,40.0,1,1.0,7900,7900.0,18,18,1,0
16138,_data/01_raw/Membership.csv,16139,NONSTANDARD_DURATION_FOR_MONTHLY_SCOPE,"duration_days_recomputed is missing, zero, or not in 31/32; excluded from standard monthly-subscription official population.",R_DURATION_01_KEEP_31_32_ONLY,NONSTANDARD_DURATION_FOR_MONTHLY_SCOPE,Y,21-03-10,21-03-10,0,0,40,40.0,2,2.0,10900,10900.0,22,22,1,0
16190,_data/01_raw/Membership.csv,16191,NONSTANDARD_DURATION_FOR_MONTHLY_SCOPE,"duration_days_recomputed is missing, zero, or not in 31/32; excluded from standard monthly-subscription official population.",R_DURATION_01_KEEP_31_32_ONLY,NONSTANDARD_DURATION_FOR_MONTHLY_SCOPE,Y,21-03-03,21-03-03,0,0,40,40.0,1,1.0,7900,7900.0,10,10,1,0
16235,_data/01_raw/Membership.csv,16236,NONSTANDARD_DURATION_FOR_MONTHLY_SCOPE,"duration_days_recomputed is missing, zero, or not in 31/32; excluded from standard monthly-subscription official population.",R_DURATION_01_KEEP_31_32_ONLY,NONSTANDARD_DURATION_FOR_MONTHLY_SCOPE,Y,21-03-03,21-03-06,3,3,45,45.0,2,2.0,10900,10900.0,17,17,1,0
16280,_data/01_raw/Membership.csv,16281,INVALID_AGE,"age is missing, unparsable, <10, >100, or 950.",R_AGE_01_PLAUSIBLE_10_100_EXCLUDE_950,INVALID_AGE,Y,21-03-02,21-04-02,31,31,,,1,1.0,100,100.0,23,23,0,0
16282,_data/01_raw/Membership.csv,16283,NONSTANDARD_DURATION_FOR_MONTHLY_SCOPE,"duration_days_recomputed is missing, zero, or not in 31/32; excluded from standard monthly-subscription official population.",R_DURATION_01_KEEP_31_32_ONLY,NONSTANDARD_DURATION_FOR_MONTHLY_SCOPE,Y,21-03-01,21-03-01,0,0,40,40.0,1,1.0,9.99,9.99,13,13,1,0
16325,_data/01_raw/Membership.csv,16326,INVALID_MAX_SCREEN,"max_screen is missing, unparsable, or not in 1/2/4.",R_MAX_SCREEN_01_KEEP_1_2_4,INVALID_MAX_SCREEN,Y,21-03-03,21-04-04,32,32,35,35.0,,,7.69,7.69,22,22,0,1
16349,_data/01_raw/Membership.csv,16350,INVALID_MAX_SCREEN,"max_screen is missing, unparsable, or not in 1/2/4.",R_MAX_SCREEN_01_KEEP_1_2_4,INVALID_MAX_SCREEN,Y,21-03-11,21-04-11,31,31,25,25.0,,,6900,6900.0,11,11,0,1
16402,_data/01_raw/Membership.csv,16403,NONSTANDARD_DURATION_FOR_MONTHLY_SCOPE,"duration_days_recomputed is missing, zero, or not in 31/32; excluded from standard monthly-subscription official population.",R_DURATION_01_KEEP_31_32_ONLY,NONSTANDARD_DURATION_FOR_MONTHLY_SCOPE,Y,21-03-05,21-03-05,0,0,40,40.0,4,4.0,13900,13900.0,21,21,1,0
16445,_data/01_raw/Membership.csv,16446,NONSTANDARD_DURATION_FOR_MONTHLY_SCOPE,"duration_days_recomputed is missing, zero, or not in 31/32; excluded from standard monthly-subscription official population.",R_DURATION_01_KEEP_31_32_ONLY,NONSTANDARD_DURATION_FOR_MONTHLY_SCOPE,Y,21-03-15,21-03-15,0,0,40,40.0,1,1.0,9.99,9.99,12,12,1,0
16456,_data/01_raw/Membership.csv,16457,INVALID_AGE,"age is missing, unparsable, <10, >100, or 950.",R_AGE_01_PLAUSIBLE_10_100_EXCLUDE_950,INVALID_AGE,Y,21-03-01,21-04-01,31,31,,,1,1.0,7900,7900.0,7,7,0,0
16604,_data/01_raw/Membership.csv,16605,NONSTANDARD_DURATION_FOR_MONTHLY_SCOPE,"duration_days_recomputed is missing, zero, or not in 31/32; excluded from standard monthly-subscription official population.",R_DURATION_01_KEEP_31_32_ONLY,NONSTANDARD_DURATION_FOR_MONTHLY_SCOPE,Y,21-03-13,21-03-13,0,0,35,35.0,4,4.0,13900,13900.0,10,10,1,0
16615,_data/01_raw/Membership.csv,16616,NONSTANDARD_DURATION_FOR_MONTHLY_SCOPE,"duration_days_recomputed is missing, zero, or not in 31/32; excluded from standard monthly-subscription official population.",R_DURATION_01_KEEP_31_32_ONLY,NONSTANDARD_DURATION_FOR_MONTHLY_SCOPE,Y,21-03-10,21-03-10,0,0,80,80.0,1,1.0,7900,7900.0,11,11,1,0
16649,_data/01_raw/Membership.csv,16650,INVALID_AGE,"age is missing, unparsable, <10, >100, or 950.",R_AGE_01_PLAUSIBLE_10_100_EXCLUDE_950,INVALID_AGE,Y,21-03-03,21-04-03,31,31,,,4,4.0,100,100.0,9,9,0,0
16669,_data/01_raw/Membership.csv,16670,INVALID_AGE,"age is missing, unparsable, <10, >100, or 950.",R_AGE_01_PLAUSIBLE_10_100_EXCLUDE_950,INVALID_AGE,Y,21-03-02,21-04-02,31,31,,,1,1.0,7900,7900.0,12,12,0,0
16699,_data/01_raw/Membership.csv,16700,INVALID_MAX_SCREEN,"max_screen is missing, unparsable, or not in 1/2/4.",R_MAX_SCREEN_01_KEEP_1_2_4,INVALID_MAX_SCREEN,Y,21-03-05,21-04-06,32,32,25,25.0,,,10.99,10.99,22,22,0,1
16709,_data/01_raw/Membership.csv,16710,INVALID_AGE,"age is missing, unparsable, <10, >100, or 950.",R_AGE_01_PLAUSIBLE_10_100_EXCLUDE_950,INVALID_AGE,Y,21-03-04,21-04-05,32,32,,,1,1.0,9.99,9.99,11,11,0,0
16759,_data/01_raw/Membership.csv,16760,NONSTANDARD_DURATION_FOR_MONTHLY_SCOPE,"duration_days_recomputed is missing, zero, or not in 31/32; excluded from standard monthly-subscription official population.",R_DURATION_01_KEEP_31_32_ONLY,NONSTANDARD_DURATION_FOR_MONTHLY_SCOPE,Y,21-03-04,21-03-07,3,3,20,20.0,1,1.0,7900,7900.0,11,11,1,0
16768,_data/01_raw/Membership.csv,16769,INVALID_AGE,"age is missing, unparsable, <10, >100, or 950.",R_AGE_01_PLAUSIBLE_10_100_EXCLUDE_950,INVALID_AGE,N,21-03-05,21-04-05,31,31,,,4,4.0,100,100.0,22,22,0,0
16769,_data/01_raw/Membership.csv,16770,NONSTANDARD_DURATION_FOR_MONTHLY_SCOPE,"duration_days_recomputed is missing, zero, or not in 31/32; excluded from standard monthly-subscription official population.",R_DURATION_01_KEEP_31_32_ONLY,NONSTANDARD_DURATION_FOR_MONTHLY_SCOPE,Y,21-03-01,21-03-01,0,0,40,40.0,4,4.0,13900,13900.0,9,9,1,0
16802,_data/01_raw/Membership.csv,16803,INVALID_AGE,"age is missing, unparsable, <10, >100, or 950.",R_AGE_01_PLAUSIBLE_10_100_EXCLUDE_950,INVALID_AGE,Y,21-03-01,21-04-01,31,31,,,4,4.0,100,100.0,18,18,0,0
16954,_data/01_raw/Membership.csv,16955,NONSTANDARD_DURATION_FOR_MONTHLY_SCOPE,"duration_days_recomputed is missing, zero, or not in 31/32; excluded from standard monthly-subscription official population.",R_DURATION_01_KEEP_31_32_ONLY,NONSTANDARD_DURATION_FOR_MONTHLY_SCOPE,Y,21-03-01,21-03-01,0,0,40,40.0,2,2.0,10900,10900.0,12,12,1,0
17076,_data/01_raw/Membership.csv,17077,NONSTANDARD_DURATION_FOR_MONTHLY_SCOPE,"duration_days_recomputed is missing, zero, or not in 31/32; excluded from standard monthly-subscription official population.",R_DURATION_01_KEEP_31_32_ONLY,NONSTANDARD_DURATION_FOR_MONTHLY_SCOPE,Y,21-03-15,21-03-15,0,0,45,45.0,1,1.0,7900,7900.0,10,10,1,0
17181,_data/01_raw/Membership.csv,17182,NONSTANDARD_DURATION_FOR_MONTHLY_SCOPE,"duration_days_recomputed is missing, zero, or not in 31/32; excluded from standard monthly-subscription official population.",R_DURATION_01_KEEP_31_32_ONLY,NONSTANDARD_DURATION_FOR_MONTHLY_SCOPE|INVALID_AGE,Y,21-03-08,21-03-08,0,0,,,4,4.0,16.49,16.49,19,19,1,0
17204,_data/01_raw/Membership.csv,17205,INVALID_MAX_SCREEN,"max_screen is missing, unparsable, or not in 1/2/4.",R_MAX_SCREEN_01_KEEP_1_2_4,INVALID_MAX_SCREEN,Y,21-03-08,21-04-09,32,32,40,40.0,,,10.99,10.99,23,23,0,1
17209,_data/01_raw/Membership.csv,17210,NONSTANDARD_DURATION_FOR_MONTHLY_SCOPE,"duration_days_recomputed is missing, zero, or not in 31/32; excluded from standard monthly-subscription official population.",R_DURATION_01_KEEP_31_32_ONLY,NONSTANDARD_DURATION_FOR_MONTHLY_SCOPE,N,21-03-03,21-03-03,0,0,30,30.0,2,2.0,13.49,13.49,20,20,1,0
17242,_data/01_raw/Membership.csv,17243,NONSTANDARD_DURATION_FOR_MONTHLY_SCOPE,"duration_days_recomputed is missing, zero, or not in 31/32; excluded from standard monthly-subscription official population.",R_DURATION_01_KEEP_31_32_ONLY,NONSTANDARD_DURATION_FOR_MONTHLY_SCOPE|INVALID_AGE,N,21-03-02,21-03-02,0,0,,,1,1.0,9.99,9.99,8,8,1,0
17259,_data/01_raw/Membership.csv,17260,NONSTANDARD_DURATION_FOR_MONTHLY_SCOPE,"duration_days_recomputed is missing, zero, or not in 31/32; excluded from standard monthly-subscription official population.",R_DURATION_01_KEEP_31_32_ONLY,NONSTANDARD_DURATION_FOR_MONTHLY_SCOPE,Y,21-03-11,21-03-20,9,9,35,35.0,2,2.0,10900,10900.0,20,20,1,0
17264,_data/01_raw/Membership.csv,17265,NONSTANDARD_DURATION_FOR_MONTHLY_SCOPE,"duration_days_recomputed is missing, zero, or not in 31/32; excluded from standard monthly-subscription official population.",R_DURATION_01_KEEP_31_32_ONLY,NONSTANDARD_DURATION_FOR_MONTHLY_SCOPE,Y,21-03-10,21-03-10,0,0,50,50.0,1,1.0,100,100.0,18,18,1,0
17280,_data/01_raw/Membership.csv,17281,NONSTANDARD_DURATION_FOR_MONTHLY_SCOPE,"duration_days_recomputed is missing, zero, or not in 31/32; excluded from standard monthly-subscription official population.",R_DURATION_01_KEEP_31_32_ONLY,NONSTANDARD_DURATION_FOR_MONTHLY_SCOPE|INVALID_MAX_SCREEN,N,21-03-02,21-03-08,6,6,40,40.0,,,10.99,10.99,18,18,1,1
17297,_data/01_raw/Membership.csv,17298,NONSTANDARD_DURATION_FOR_MONTHLY_SCOPE,"duration_days_recomputed is missing, zero, or not in 31/32; excluded from standard monthly-subscription official population.",R_DURATION_01_KEEP_31_32_ONLY,NONSTANDARD_DURATION_FOR_MONTHLY_SCOPE,Y,21-03-10,21-03-10,0,0,45,45.0,2,2.0,10900,10900.0,10,10,1,0
17316,_data/01_raw/Membership.csv,17317,NONSTANDARD_DURATION_FOR_MONTHLY_SCOPE,"duration_days_recomputed is missing, zero, or not in 31/32; excluded from standard monthly-subscription official population.",R_DURATION_01_KEEP_31_32_ONLY,NONSTANDARD_DURATION_FOR_MONTHLY_SCOPE,N,21-03-10,21-03-15,5,5,25,25.0,1,1.0,100,100.0,13,13,1,0
17374,_data/01_raw/Membership.csv,17375,NONSTANDARD_DURATION_FOR_MONTHLY_SCOPE,"duration_days_recomputed is missing, zero, or not in 31/32; excluded from standard monthly-subscription official population.",R_DURATION_01_KEEP_31_32_ONLY,NONSTANDARD_DURATION_FOR_MONTHLY_SCOPE,Y,21-03-06,21-03-13,7,7,20,20.0,1,1.0,7900,7900.0,12,12,1,0
17375,_data/01_raw/Membership.csv,17376,NONSTANDARD_DURATION_FOR_MONTHLY_SCOPE,"duration_days_recomputed is missing, zero, or not in 31/32; excluded from standard monthly-subscription official population.",R_DURATION_01_KEEP_31_32_ONLY,NONSTANDARD_DURATION_FOR_MONTHLY_SCOPE,Y,21-03-08,21-03-08,0,0,30,30.0,4,4.0,13900,13900.0,20,20,1,0
17386,_data/01_raw/Membership.csv,17387,NONSTANDARD_DURATION_FOR_MONTHLY_SCOPE,"duration_days_recomputed is missing, zero, or not in 31/32; excluded from standard monthly-subscription official population.",R_DURATION_01_KEEP_31_32_ONLY,NONSTANDARD_DURATION_FOR_MONTHLY_SCOPE,Y,21-03-08,21-03-21,13,13,30,30.0,1,1.0,7900,7900.0,2,2,1,0
17417,_data/01_raw/Membership.csv,17418,NONSTANDARD_DURATION_FOR_MONTHLY_SCOPE,"duration_days_recomputed is missing, zero, or not in 31/32; excluded from standard monthly-subscription official population.",R_DURATION_01_KEEP_31_32_ONLY,NONSTANDARD_DURATION_FOR_MONTHLY_SCOPE,Y,21-03-06,21-03-06,0,0,40,40.0,4,4.0,13900,13900.0,22,22,1,0
17431,_data/01_raw/Membership.csv,17432,NONSTANDARD_DURATION_FOR_MONTHLY_SCOPE,"duration_days_recomputed is missing, zero, or not in 31/32; excluded from standard monthly-subscription official population.",R_DURATION_01_KEEP_31_32_ONLY,NONSTANDARD_DURATION_FOR_MONTHLY_SCOPE,Y,21-03-08,21-03-08,0,0,40,40.0,1,1.0,9.99,9.99,23,23,1,0
17480,_data/01_raw/Membership.csv,17481,NONSTANDARD_DURATION_FOR_MONTHLY_SCOPE,"duration_days_recomputed is missing, zero, or not in 31/32; excluded from standard monthly-subscription official population.",R_DURATION_01_KEEP_31_32_ONLY,NONSTANDARD_DURATION_FOR_MONTHLY_SCOPE,N,21-03-12,21-03-12,0,0,40,40.0,1,1.0,9.99,9.99,22,22,1,0
17485,_data/01_raw/Membership.csv,17486,NONSTANDARD_DURATION_FOR_MONTHLY_SCOPE,"duration_days_recomputed is missing, zero, or not in 31/32; excluded from standard monthly-subscription official population.",R_DURATION_01_KEEP_31_32_ONLY,NONSTANDARD_DURATION_FOR_MONTHLY_SCOPE,N,21-03-10,21-03-10,0,0,40,40.0,2,2.0,10900,10900.0,9,9,1,0
17488,_data/01_raw/Membership.csv,17489,INVALID_AGE,"age is missing, unparsable, <10, >100, or 950.",R_AGE_01_PLAUSIBLE_10_100_EXCLUDE_950,INVALID_AGE,Y,21-03-01,21-04-01,31,31,,,4,4.0,100,100.0,22,22,0,0
17494,_data/01_raw/Membership.csv,17495,NONSTANDARD_DURATION_FOR_MONTHLY_SCOPE,"duration_days_recomputed is missing, zero, or not in 31/32; excluded from standard monthly-subscription official population.",R_DURATION_01_KEEP_31_32_ONLY,NONSTANDARD_DURATION_FOR_MONTHLY_SCOPE,N,21-03-06,21-03-06,0,0,25,25.0,1,1.0,7900,7900.0,16,16,1,0
17498,_data/01_raw/Membership.csv,17499,INVALID_AGE,"age is missing, unparsable, <10, >100, or 950.",R_AGE_01_PLAUSIBLE_10_100_EXCLUDE_950,INVALID_AGE,Y,21-03-10,21-04-11,32,32,,,2,2.0,13.49,13.49,13,13,0,0
17507,_data/01_raw/Membership.csv,17508,NONSTANDARD_DURATION_FOR_MONTHLY_SCOPE,"duration_days_recomputed is missing, zero, or not in 31/32; excluded from standard monthly-subscription official population.",R_DURATION_01_KEEP_31_32_ONLY,NONSTANDARD_DURATION_FOR_MONTHLY_SCOPE,Y,21-03-09,21-03-09,0,0,40,40.0,4,4.0,16.49,16.49,15,15,1,0
17527,_data/01_raw/Membership.csv,17528,NONSTANDARD_DURATION_FOR_MONTHLY_SCOPE,"duration_days_recomputed is missing, zero, or not in 31/32; excluded from standard monthly-subscription official population.",R_DURATION_01_KEEP_31_32_ONLY,NONSTANDARD_DURATION_FOR_MONTHLY_SCOPE,N,21-03-08,21-03-08,0,0,40,40.0,1,1.0,9.99,9.99,11,11,1,0
17571,_data/01_raw/Membership.csv,17572,NONSTANDARD_DURATION_FOR_MONTHLY_SCOPE,"duration_days_recomputed is missing, zero, or not in 31/32; excluded from standard monthly-subscription official population.",R_DURATION_01_KEEP_31_32_ONLY,NONSTANDARD_DURATION_FOR_MONTHLY_SCOPE,Y,21-03-05,21-03-06,1,1,35,35.0,1,1.0,7900,7900.0,13,13,1,0
17574,_data/01_raw/Membership.csv,17575,INVALID_MAX_SCREEN,"max_screen is missing, unparsable, or not in 1/2/4.",R_MAX_SCREEN_01_KEEP_1_2_4,INVALID_MAX_SCREEN,Y,21-03-12,21-04-13,32,32,25,25.0,,,10.99,10.99,23,23,0,1
17611,_data/01_raw/Membership.csv,17612,NONSTANDARD_DURATION_FOR_MONTHLY_SCOPE,"duration_days_recomputed is missing, zero, or not in 31/32; excluded from standard monthly-subscription official population.",R_DURATION_01_KEEP_31_32_ONLY,NONSTANDARD_DURATION_FOR_MONTHLY_SCOPE,Y,21-03-14,21-03-14,0,0,45,45.0,1,1.0,7900,7900.0,14,14,1,0
17612,_data/01_raw/Membership.csv,17613,NONSTANDARD_DURATION_FOR_MONTHLY_SCOPE,"duration_days_recomputed is missing, zero, or not in 31/32; excluded from standard monthly-subscription official population.",R_DURATION_01_KEEP_31_32_ONLY,NONSTANDARD_DURATION_FOR_MONTHLY_SCOPE,Y,21-03-02,21-03-02,0,0,40,40.0,2,2.0,13.49,13.49,1,1,1,0
17618,_data/01_raw/Membership.csv,17619,INVALID_AGE,"age is missing, unparsable, <10, >100, or 950.",R_AGE_01_PLAUSIBLE_10_100_EXCLUDE_950,INVALID_AGE,N,21-03-15,21-04-15,31,31,,,4,4.0,100,100.0,18,18,0,0
17662,_data/01_raw/Membership.csv,17663,INVALID_AGE,"age is missing, unparsable, <10, >100, or 950.",R_AGE_01_PLAUSIBLE_10_100_EXCLUDE_950,INVALID_AGE,N,21-03-12,21-04-12,31,31,,,1,1.0,7900,7900.0,14,14,0,0
17700,_data/01_raw/Membership.csv,17701,INVALID_AGE,"age is missing, unparsable, <10, >100, or 950.",R_AGE_01_PLAUSIBLE_10_100_EXCLUDE_950,INVALID_AGE,N,21-03-06,21-04-06,31,31,,,1,1.0,100,100.0,10,10,0,0
17702,_data/01_raw/Membership.csv,17703,NONSTANDARD_DURATION_FOR_MONTHLY_SCOPE,"duration_days_recomputed is missing, zero, or not in 31/32; excluded from standard monthly-subscription official population.",R_DURATION_01_KEEP_31_32_ONLY,NONSTANDARD_DURATION_FOR_MONTHLY_SCOPE,Y,21-03-01,21-03-01,0,0,25,25.0,1,1.0,9.99,9.99,10,10,1,0
17721,_data/01_raw/Membership.csv,17722,NONSTANDARD_DURATION_FOR_MONTHLY_SCOPE,"duration_days_recomputed is missing, zero, or not in 31/32; excluded from standard monthly-subscription official population.",R_DURATION_01_KEEP_31_32_ONLY,NONSTANDARD_DURATION_FOR_MONTHLY_SCOPE,Y,21-03-02,21-03-02,0,0,40,40.0,1,1.0,9.99,9.99,20,20,1,0
17739,_data/01_raw/Membership.csv,17740,NONSTANDARD_DURATION_FOR_MONTHLY_SCOPE,"duration_days_recomputed is missing, zero, or not in 31/32; excluded from standard monthly-subscription official population.",R_DURATION_01_KEEP_31_32_ONLY,NONSTANDARD_DURATION_FOR_MONTHLY_SCOPE,Y,21-03-11,21-03-11,0,0,40,40.0,1,1.0,7900,7900.0,11,11,1,0
17761,_data/01_raw/Membership.csv,17762,NONSTANDARD_DURATION_FOR_MONTHLY_SCOPE,"duration_days_recomputed is missing, zero, or not in 31/32; excluded from standard monthly-subscription official population.",R_DURATION_01_KEEP_31_32_ONLY,NONSTANDARD_DURATION_FOR_MONTHLY_SCOPE|INVALID_AGE,Y,21-03-01,21-03-01,0,0,,,1,1.0,9.99,9.99,22,22,1,0
17827,_data/01_raw/Membership.csv,17828,NONSTANDARD_DURATION_FOR_MONTHLY_SCOPE,"duration_days_recomputed is missing, zero, or not in 31/32; excluded from standard monthly-subscription official population.",R_DURATION_01_KEEP_31_32_ONLY,NONSTANDARD_DURATION_FOR_MONTHLY_SCOPE,Y,21-03-06,21-03-06,0,0,40,40.0,1,1.0,9.99,9.99,0,0,1,0
17838,_data/01_raw/Membership.csv,17839,NONSTANDARD_DURATION_FOR_MONTHLY_SCOPE,"duration_days_recomputed is missing, zero, or not in 31/32; excluded from standard monthly-subscription official population.",R_DURATION_01_KEEP_31_32_ONLY,NONSTANDARD_DURATION_FOR_MONTHLY_SCOPE,N,21-03-07,21-03-07,0,0,40,40.0,1,1.0,9.99,9.99,15,15,1,0
17862,_data/01_raw/Membership.csv,17863,NONSTANDARD_DURATION_FOR_MONTHLY_SCOPE,"duration_days_recomputed is missing, zero, or not in 31/32; excluded from standard monthly-subscription official population.",R_DURATION_01_KEEP_31_32_ONLY,NONSTANDARD_DURATION_FOR_MONTHLY_SCOPE,N,21-03-06,21-03-06,0,0,40,40.0,1,1.0,7900,7900.0,9,9,1,0
17863,_data/01_raw/Membership.csv,17864,NONSTANDARD_DURATION_FOR_MONTHLY_SCOPE,"duration_days_recomputed is missing, zero, or not in 31/32; excluded from standard monthly-subscription official population.",R_DURATION_01_KEEP_31_32_ONLY,NONSTANDARD_DURATION_FOR_MONTHLY_SCOPE|INVALID_AGE,Y,21-03-07,21-03-07,0,0,0,0.0,2,2.0,10900,10900.0,14,14,1,0
17892,_data/01_raw/Membership.csv,17893,NONSTANDARD_DURATION_FOR_MONTHLY_SCOPE,"duration_days_recomputed is missing, zero, or not in 31/32; excluded from standard monthly-subscription official population.",R_DURATION_01_KEEP_31_32_ONLY,NONSTANDARD_DURATION_FOR_MONTHLY_SCOPE,N,21-03-10,21-03-10,0,0,40,40.0,4,4.0,13900,13900.0,22,22,1,0
17899,_data/01_raw/Membership.csv,17900,INVALID_MAX_SCREEN,"max_screen is missing, unparsable, or not in 1/2/4.",R_MAX_SCREEN_01_KEEP_1_2_4,INVALID_MAX_SCREEN,Y,21-03-07,21-04-08,32,32,40,40.0,3,3.0,19.79,19.79,22,22,0,1
17900,_data/01_raw/Membership.csv,17901,INVALID_MAX_SCREEN,"max_screen is missing, unparsable, or not in 1/2/4.",R_MAX_SCREEN_01_KEEP_1_2_4,INVALID_MAX_SCREEN,N,21-03-09,21-04-10,32,32,40,40.0,,,10.99,10.99,23,23,0,1
17911,_data/01_raw/Membership.csv,17912,INVALID_AGE,"age is missing, unparsable, <10, >100, or 950.",R_AGE_01_PLAUSIBLE_10_100_EXCLUDE_950,INVALID_AGE,N,21-03-01,21-04-01,31,31,,,4,4.0,100,100.0,23,23,0,0
17918,_data/01_raw/Membership.csv,17919,INVALID_AGE,"age is missing, unparsable, <10, >100, or 950.",R_AGE_01_PLAUSIBLE_10_100_EXCLUDE_950,INVALID_AGE,Y,21-03-02,21-04-02,31,31,,,4,4.0,100,100.0,0,0,0,0
17971,_data/01_raw/Membership.csv,17972,INVALID_AGE,"age is missing, unparsable, <10, >100, or 950.",R_AGE_01_PLAUSIBLE_10_100_EXCLUDE_950,INVALID_AGE,N,21-03-14,21-04-14,31,31,,,4,4.0,100,100.0,16,16,0,0
17976,_data/01_raw/Membership.csv,17977,NONSTANDARD_DURATION_FOR_MONTHLY_SCOPE,"duration_days_recomputed is missing, zero, or not in 31/32; excluded from standard monthly-subscription official population.",R_DURATION_01_KEEP_31_32_ONLY,NONSTANDARD_DURATION_FOR_MONTHLY_SCOPE,Y,21-03-13,21-03-20,7,7,35,35.0,1,1.0,100,100.0,23,23,1,0
18044,_data/01_raw/Membership.csv,18045,INVALID_AGE,"age is missing, unparsable, <10, >100, or 950.",R_AGE_01_PLAUSIBLE_10_100_EXCLUDE_950,INVALID_AGE,N,21-03-06,21-04-06,31,31,,,1,1.0,100,100.0,15,15,0,0
18173,_data/01_raw/Membership.csv,18174,INVALID_AGE,"age is missing, unparsable, <10, >100, or 950.",R_AGE_01_PLAUSIBLE_10_100_EXCLUDE_950,INVALID_AGE,Y,21-03-07,21-04-07,31,31,,,1,1.0,100,100.0,2,2,0,0
18191,_data/01_raw/Membership.csv,18192,NONSTANDARD_DURATION_FOR_MONTHLY_SCOPE,"duration_days_recomputed is missing, zero, or not in 31/32; excluded from standard monthly-subscription official population.",R_DURATION_01_KEEP_31_32_ONLY,NONSTANDARD_DURATION_FOR_MONTHLY_SCOPE,Y,21-03-12,21-03-12,0,0,35,35.0,1,1.0,100,100.0,1,1,1,0
18202,_data/01_raw/Membership.csv,18203,NONSTANDARD_DURATION_FOR_MONTHLY_SCOPE,"duration_days_recomputed is missing, zero, or not in 31/32; excluded from standard monthly-subscription official population.",R_DURATION_01_KEEP_31_32_ONLY,NONSTANDARD_DURATION_FOR_MONTHLY_SCOPE,Y,21-03-02,21-03-02,0,0,40,40.0,1,1.0,100,100.0,15,15,1,0
18213,_data/01_raw/Membership.csv,18214,INVALID_MAX_SCREEN,"max_screen is missing, unparsable, or not in 1/2/4.",R_MAX_SCREEN_01_KEEP_1_2_4,INVALID_MAX_SCREEN,Y,21-03-02,21-04-03,32,32,40,40.0,,,10.99,10.99,1,1,0,1
18220,_data/01_raw/Membership.csv,18221,INVALID_AGE,"age is missing, unparsable, <10, >100, or 950.",R_AGE_01_PLAUSIBLE_10_100_EXCLUDE_950,INVALID_AGE,Y,21-03-08,21-04-08,31,31,,,4,4.0,100,100.0,16,16,0,0
18228,_data/01_raw/Membership.csv,18229,NONSTANDARD_DURATION_FOR_MONTHLY_SCOPE,"duration_days_recomputed is missing, zero, or not in 31/32; excluded from standard monthly-subscription official population.",R_DURATION_01_KEEP_31_32_ONLY,NONSTANDARD_DURATION_FOR_MONTHLY_SCOPE,Y,21-03-01,21-03-01,0,0,40,40.0,2,2.0,13.49,13.49,2,2,1,0
18231,_data/01_raw/Membership.csv,18232,INVALID_AGE,"age is missing, unparsable, <10, >100, or 950.",R_AGE_01_PLAUSIBLE_10_100_EXCLUDE_950,INVALID_AGE,N,21-03-10,21-04-10,31,31,,,1,1.0,3950,3950.0,10,10,0,0
18253,_data/01_raw/Membership.csv,18254,INVALID_MAX_SCREEN,"max_screen is missing, unparsable, or not in 1/2/4.",R_MAX_SCREEN_01_KEEP_1_2_4,INVALID_MAX_SCREEN,Y,21-03-10,21-04-11,32,32,40,40.0,,,10.99,10.99,19,19,0,1
18291,_data/01_raw/Membership.csv,18292,NONSTANDARD_DURATION_FOR_MONTHLY_SCOPE,"duration_days_recomputed is missing, zero, or not in 31/32; excluded from standard monthly-subscription official population.",R_DURATION_01_KEEP_31_32_ONLY,NONSTANDARD_DURATION_FOR_MONTHLY_SCOPE,Y,21-03-01,21-03-01,0,0,40,40.0,1,1.0,9.99,9.99,21,21,1,0
18328,_data/01_raw/Membership.csv,18329,INVALID_AGE,"age is missing, unparsable, <10, >100, or 950.",R_AGE_01_PLAUSIBLE_10_100_EXCLUDE_950,INVALID_AGE,N,21-03-03,21-04-03,31,31,,,4,4.0,100,100.0,17,17,0,0
18333,_data/01_raw/Membership.csv,18334,NONSTANDARD_DURATION_FOR_MONTHLY_SCOPE,"duration_days_recomputed is missing, zero, or not in 31/32; excluded from standard monthly-subscription official population.",R_DURATION_01_KEEP_31_32_ONLY,NONSTANDARD_DURATION_FOR_MONTHLY_SCOPE,Y,21-03-04,21-03-04,0,0,40,40.0,1,1.0,13.19,13.19,14,14,1,0
18381,_data/01_raw/Membership.csv,18382,NONSTANDARD_DURATION_FOR_MONTHLY_SCOPE,"duration_days_recomputed is missing, zero, or not in 31/32; excluded from standard monthly-subscription official population.",R_DURATION_01_KEEP_31_32_ONLY,NONSTANDARD_DURATION_FOR_MONTHLY_SCOPE,Y,21-03-14,21-03-14,0,0,40,40.0,1,1.0,9.99,9.99,2,2,1,0
18471,_data/01_raw/Membership.csv,18472,NONSTANDARD_DURATION_FOR_MONTHLY_SCOPE,"duration_days_recomputed is missing, zero, or not in 31/32; excluded from standard monthly-subscription official population.",R_DURATION_01_KEEP_31_32_ONLY,NONSTANDARD_DURATION_FOR_MONTHLY_SCOPE,Y,21-03-01,21-03-01,0,0,40,40.0,1,1.0,9.99,9.99,1,1,1,0
18514,_data/01_raw/Membership.csv,18515,NONSTANDARD_DURATION_FOR_MONTHLY_SCOPE,"duration_days_recomputed is missing, zero, or not in 31/32; excluded from standard monthly-subscription official population.",R_DURATION_01_KEEP_31_32_ONLY,NONSTANDARD_DURATION_FOR_MONTHLY_SCOPE,Y,21-03-02,21-03-02,0,0,40,40.0,1,1.0,10.99,10.99,10,10,1,0
18524,_data/01_raw/Membership.csv,18525,INVALID_AGE,"age is missing, unparsable, <10, >100, or 950.",R_AGE_01_PLAUSIBLE_10_100_EXCLUDE_950,INVALID_AGE,N,21-03-07,21-04-07,31,31,,,1,1.0,100,100.0,6,6,0,0
18541,_data/01_raw/Membership.csv,18542,NONSTANDARD_DURATION_FOR_MONTHLY_SCOPE,"duration_days_recomputed is missing, zero, or not in 31/32; excluded from standard monthly-subscription official population.",R_DURATION_01_KEEP_31_32_ONLY,NONSTANDARD_DURATION_FOR_MONTHLY_SCOPE,Y,21-03-02,21-03-02,0,0,25,25.0,4,4.0,16.49,16.49,9,9,1,0
18555,_data/01_raw/Membership.csv,18556,NONSTANDARD_DURATION_FOR_MONTHLY_SCOPE,"duration_days_recomputed is missing, zero, or not in 31/32; excluded from standard monthly-subscription official population.",R_DURATION_01_KEEP_31_32_ONLY,NONSTANDARD_DURATION_FOR_MONTHLY_SCOPE,Y,21-03-09,21-03-09,0,0,20,20.0,1,1.0,7900,7900.0,0,0,1,0
18575,_data/01_raw/Membership.csv,18576,NONSTANDARD_DURATION_FOR_MONTHLY_SCOPE,"duration_days_recomputed is missing, zero, or not in 31/32; excluded from standard monthly-subscription official population.",R_DURATION_01_KEEP_31_32_ONLY,NONSTANDARD_DURATION_FOR_MONTHLY_SCOPE,Y,21-03-06,21-03-06,0,0,40,40.0,2,2.0,13.49,13.49,18,18,1,0
18599,_data/01_raw/Membership.csv,18600,NONSTANDARD_DURATION_FOR_MONTHLY_SCOPE,"duration_days_recomputed is missing, zero, or not in 31/32; excluded from standard monthly-subscription official population.",R_DURATION_01_KEEP_31_32_ONLY,NONSTANDARD_DURATION_FOR_MONTHLY_SCOPE,Y,21-03-04,21-03-04,0,0,30,30.0,1,1.0,9.99,9.99,11,11,1,0
18645,_data/01_raw/Membership.csv,18646,INVALID_AGE,"age is missing, unparsable, <10, >100, or 950.",R_AGE_01_PLAUSIBLE_10_100_EXCLUDE_950,INVALID_AGE,N,21-03-03,21-04-03,31,31,,,4,4.0,100,100.0,18,18,0,0
18685,_data/01_raw/Membership.csv,18686,NONSTANDARD_DURATION_FOR_MONTHLY_SCOPE,"duration_days_recomputed is missing, zero, or not in 31/32; excluded from standard monthly-subscription official population.",R_DURATION_01_KEEP_31_32_ONLY,NONSTANDARD_DURATION_FOR_MONTHLY_SCOPE|INVALID_AGE|INVALID_MAX_SCREEN,Y,21-03-09,21-03-09,0,0,,,,,10.99,10.99,0,0,1,1
18766,_data/01_raw/Membership.csv,18767,INVALID_AGE,"age is missing, unparsable, <10, >100, or 950.",R_AGE_01_PLAUSIBLE_10_100_EXCLUDE_950,INVALID_AGE,Y,21-03-01,21-04-01,31,31,,,1,1.0,7900,7900.0,13,13,0,0
18779,_data/01_raw/Membership.csv,18780,NONSTANDARD_DURATION_FOR_MONTHLY_SCOPE,"duration_days_recomputed is missing, zero, or not in 31/32; excluded from standard monthly-subscription official population.",R_DURATION_01_KEEP_31_32_ONLY,NONSTANDARD_DURATION_FOR_MONTHLY_SCOPE|INVALID_AGE,N,21-03-08,21-03-08,0,0,,,1,1.0,7900,7900.0,12,12,1,0
18792,_data/01_raw/Membership.csv,18793,NONSTANDARD_DURATION_FOR_MONTHLY_SCOPE,"duration_days_recomputed is missing, zero, or not in 31/32; excluded from standard monthly-subscription official population.",R_DURATION_01_KEEP_31_32_ONLY,NONSTANDARD_DURATION_FOR_MONTHLY_SCOPE,N,21-03-09,21-03-09,0,0,40,40.0,1,1.0,7900,7900.0,19,19,1,0
18856,_data/01_raw/Membership.csv,18857,NONSTANDARD_DURATION_FOR_MONTHLY_SCOPE,"duration_days_recomputed is missing, zero, or not in 31/32; excluded from standard monthly-subscription official population.",R_DURATION_01_KEEP_31_32_ONLY,NONSTANDARD_DURATION_FOR_MONTHLY_SCOPE,Y,21-03-14,21-03-14,0,0,50,50.0,2,2.0,10900,10900.0,20,20,1,0
18870,_data/01_raw/Membership.csv,18871,NONSTANDARD_DURATION_FOR_MONTHLY_SCOPE,"duration_days_recomputed is missing, zero, or not in 31/32; excluded from standard monthly-subscription official population.",R_DURATION_01_KEEP_31_32_ONLY,NONSTANDARD_DURATION_FOR_MONTHLY_SCOPE,Y,21-03-01,21-03-01,0,0,35,35.0,1,1.0,100,100.0,22,22,1,0
18898,_data/01_raw/Membership.csv,18899,NONSTANDARD_DURATION_FOR_MONTHLY_SCOPE,"duration_days_recomputed is missing, zero, or not in 31/32; excluded from standard monthly-subscription official population.",R_DURATION_01_KEEP_31_32_ONLY,NONSTANDARD_DURATION_FOR_MONTHLY_SCOPE,N,21-03-06,21-03-06,0,0,40,40.0,1,1.0,7900,7900.0,0,0,1,0
18907,_data/01_raw/Membership.csv,18908,NONSTANDARD_DURATION_FOR_MONTHLY_SCOPE,"duration_days_recomputed is missing, zero, or not in 31/32; excluded from standard monthly-subscription official population.",R_DURATION_01_KEEP_31_32_ONLY,NONSTANDARD_DURATION_FOR_MONTHLY_SCOPE,N,21-03-06,21-03-06,0,0,40,40.0,4,4.0,16.49,16.49,0,0,1,0
18914,_data/01_raw/Membership.csv,18915,NONSTANDARD_DURATION_FOR_MONTHLY_SCOPE,"duration_days_recomputed is missing, zero, or not in 31/32; excluded from standard monthly-subscription official population.",R_DURATION_01_KEEP_31_32_ONLY,NONSTANDARD_DURATION_FOR_MONTHLY_SCOPE,Y,21-03-02,21-03-02,0,0,40,40.0,2,2.0,10900,10900.0,14,14,1,0
18922,_data/01_raw/Membership.csv,18923,NONSTANDARD_DURATION_FOR_MONTHLY_SCOPE,"duration_days_recomputed is missing, zero, or not in 31/32; excluded from standard monthly-subscription official population.",R_DURATION_01_KEEP_31_32_ONLY,NONSTANDARD_DURATION_FOR_MONTHLY_SCOPE,Y,21-03-01,21-03-10,9,9,40,40.0,1,1.0,9.99,9.99,22,22,1,0
18998,_data/01_raw/Membership.csv,18999,INVALID_AGE,"age is missing, unparsable, <10, >100, or 950.",R_AGE_01_PLAUSIBLE_10_100_EXCLUDE_950,INVALID_AGE,Y,21-03-11,21-04-11,31,31,,,1,1.0,100,100.0,22,22,0,0
19045,_data/01_raw/Membership.csv,19046,INVALID_AGE,"age is missing, unparsable, <10, >100, or 950.",R_AGE_01_PLAUSIBLE_10_100_EXCLUDE_950,INVALID_AGE,Y,21-03-13,21-04-14,32,32,,,1,1.0,9.99,9.99,17,17,0,0
19067,_data/01_raw/Membership.csv,19068,INVALID_AGE,"age is missing, unparsable, <10, >100, or 950.",R_AGE_01_PLAUSIBLE_10_100_EXCLUDE_950,INVALID_AGE,Y,21-03-01,21-04-01,31,31,,,4,4.0,100,100.0,18,18,0,0
19072,_data/01_raw/Membership.csv,19073,NONSTANDARD_DURATION_FOR_MONTHLY_SCOPE,"duration_days_recomputed is missing, zero, or not in 31/32; excluded from standard monthly-subscription official population.",R_DURATION_01_KEEP_31_32_ONLY,NONSTANDARD_DURATION_FOR_MONTHLY_SCOPE,Y,21-03-02,21-03-02,0,0,35,35.0,1,1.0,7900,7900.0,13,13,1,0
19092,_data/01_raw/Membership.csv,19093,NONSTANDARD_DURATION_FOR_MONTHLY_SCOPE,"duration_days_recomputed is missing, zero, or not in 31/32; excluded from standard monthly-subscription official population.",R_DURATION_01_KEEP_31_32_ONLY,NONSTANDARD_DURATION_FOR_MONTHLY_SCOPE,Y,21-03-06,21-03-06,0,0,40,40.0,1,1.0,9.99,9.99,10,10,1,0
19145,_data/01_raw/Membership.csv,19146,NONSTANDARD_DURATION_FOR_MONTHLY_SCOPE,"duration_days_recomputed is missing, zero, or not in 31/32; excluded from standard monthly-subscription official population.",R_DURATION_01_KEEP_31_32_ONLY,NONSTANDARD_DURATION_FOR_MONTHLY_SCOPE,Y,21-03-01,21-03-10,9,9,40,40.0,1,1.0,7900,7900.0,19,19,1,0
19150,_data/01_raw/Membership.csv,19151,INVALID_AGE,"age is missing, unparsable, <10, >100, or 950.",R_AGE_01_PLAUSIBLE_10_100_EXCLUDE_950,INVALID_AGE,N,21-03-15,21-04-15,31,31,,,1,1.0,100,100.0,20,20,0,0
19215,_data/01_raw/Membership.csv,19216,NONSTANDARD_DURATION_FOR_MONTHLY_SCOPE,"duration_days_recomputed is missing, zero, or not in 31/32; excluded from standard monthly-subscription official population.",R_DURATION_01_KEEP_31_32_ONLY,NONSTANDARD_DURATION_FOR_MONTHLY_SCOPE,Y,21-03-14,21-03-14,0,0,25,25.0,1,1.0,7900,7900.0,21,21,1,0
19283,_data/01_raw/Membership.csv,19284,NONSTANDARD_DURATION_FOR_MONTHLY_SCOPE,"duration_days_recomputed is missing, zero, or not in 31/32; excluded from standard monthly-subscription official population.",R_DURATION_01_KEEP_31_32_ONLY,NONSTANDARD_DURATION_FOR_MONTHLY_SCOPE,Y,21-03-13,21-03-13,0,0,40,40.0,1,1.0,9.99,9.99,0,0,1,0
19316,_data/01_raw/Membership.csv,19317,INVALID_MAX_SCREEN,"max_screen is missing, unparsable, or not in 1/2/4.",R_MAX_SCREEN_01_KEEP_1_2_4,INVALID_MAX_SCREEN,N,21-03-12,21-04-13,32,32,40,40.0,,,10.99,10.99,19,19,0,1
19362,_data/01_raw/Membership.csv,19363,NONSTANDARD_DURATION_FOR_MONTHLY_SCOPE,"duration_days_recomputed is missing, zero, or not in 31/32; excluded from standard monthly-subscription official population.",R_DURATION_01_KEEP_31_32_ONLY,NONSTANDARD_DURATION_FOR_MONTHLY_SCOPE,Y,21-03-14,21-03-14,0,0,20,20.0,4,4.0,13900,13900.0,23,23,1,0
19388,_data/01_raw/Membership.csv,19389,NONSTANDARD_DURATION_FOR_MONTHLY_SCOPE,"duration_days_recomputed is missing, zero, or not in 31/32; excluded from standard monthly-subscription official population.",R_DURATION_01_KEEP_31_32_ONLY,NONSTANDARD_DURATION_FOR_MONTHLY_SCOPE|INVALID_AGE,Y,21-03-08,21-03-08,0,0,,,4,4.0,13900,13900.0,9,9,1,0
19395,_data/01_raw/Membership.csv,19396,INVALID_AGE,"age is missing, unparsable, <10, >100, or 950.",R_AGE_01_PLAUSIBLE_10_100_EXCLUDE_950,INVALID_AGE,N,21-03-14,21-04-14,31,31,,,1,1.0,100,100.0,21,21,0,0
19400,_data/01_raw/Membership.csv,19401,NONSTANDARD_DURATION_FOR_MONTHLY_SCOPE,"duration_days_recomputed is missing, zero, or not in 31/32; excluded from standard monthly-subscription official population.",R_DURATION_01_KEEP_31_32_ONLY,NONSTANDARD_DURATION_FOR_MONTHLY_SCOPE,Y,21-03-05,21-03-05,0,0,30,30.0,1,1.0,100,100.0,12,12,1,0
19425,_data/01_raw/Membership.csv,19426,NONSTANDARD_DURATION_FOR_MONTHLY_SCOPE,"duration_days_recomputed is missing, zero, or not in 31/32; excluded from standard monthly-subscription official population.",R_DURATION_01_KEEP_31_32_ONLY,NONSTANDARD_DURATION_FOR_MONTHLY_SCOPE,N,21-03-07,21-03-07,0,0,40,40.0,2,2.0,13.49,13.49,21,21,1,0
19459,_data/01_raw/Membership.csv,19460,NONSTANDARD_DURATION_FOR_MONTHLY_SCOPE,"duration_days_recomputed is missing, zero, or not in 31/32; excluded from standard monthly-subscription official population.",R_DURATION_01_KEEP_31_32_ONLY,NONSTANDARD_DURATION_FOR_MONTHLY_SCOPE,Y,21-03-13,21-03-13,0,0,40,40.0,1,1.0,7900,7900.0,9,9,1,0
19484,_data/01_raw/Membership.csv,19485,NONSTANDARD_DURATION_FOR_MONTHLY_SCOPE,"duration_days_recomputed is missing, zero, or not in 31/32; excluded from standard monthly-subscription official population.",R_DURATION_01_KEEP_31_32_ONLY,NONSTANDARD_DURATION_FOR_MONTHLY_SCOPE,Y,21-03-08,21-03-08,0,0,35,35.0,1,1.0,7900,7900.0,10,10,1,0
19512,_data/01_raw/Membership.csv,19513,INVALID_AGE,"age is missing, unparsable, <10, >100, or 950.",R_AGE_01_PLAUSIBLE_10_100_EXCLUDE_950,INVALID_AGE,Y,21-03-01,21-04-01,31,31,,,4,4.0,100,100.0,13,13,0,0
19556,_data/01_raw/Membership.csv,19557,NONSTANDARD_DURATION_FOR_MONTHLY_SCOPE,"duration_days_recomputed is missing, zero, or not in 31/32; excluded from standard monthly-subscription official population.",R_DURATION_01_KEEP_31_32_ONLY,NONSTANDARD_DURATION_FOR_MONTHLY_SCOPE,Y,21-03-04,21-03-05,1,1,35,35.0,1,1.0,100,100.0,19,19,1,0
19628,_data/01_raw/Membership.csv,19629,NONSTANDARD_DURATION_FOR_MONTHLY_SCOPE,"duration_days_recomputed is missing, zero, or not in 31/32; excluded from standard monthly-subscription official population.",R_DURATION_01_KEEP_31_32_ONLY,NONSTANDARD_DURATION_FOR_MONTHLY_SCOPE,N,21-03-10,21-03-10,0,0,15,15.0,4,4.0,6950,6950.0,10,10,1,0
19631,_data/01_raw/Membership.csv,19632,INVALID_MAX_SCREEN,"max_screen is missing, unparsable, or not in 1/2/4.",R_MAX_SCREEN_01_KEEP_1_2_4,INVALID_MAX_SCREEN,Y,21-03-06,21-04-07,32,32,40,40.0,,,10.99,10.99,5,5,0,1
19633,_data/01_raw/Membership.csv,19634,NONSTANDARD_DURATION_FOR_MONTHLY_SCOPE,"duration_days_recomputed is missing, zero, or not in 31/32; excluded from standard monthly-subscription official population.",R_DURATION_01_KEEP_31_32_ONLY,NONSTANDARD_DURATION_FOR_MONTHLY_SCOPE,Y,21-03-12,21-03-12,0,0,35,35.0,1,1.0,7900,7900.0,12,12,1,0
19657,_data/01_raw/Membership.csv,19658,NONSTANDARD_DURATION_FOR_MONTHLY_SCOPE,"duration_days_recomputed is missing, zero, or not in 31/32; excluded from standard monthly-subscription official population.",R_DURATION_01_KEEP_31_32_ONLY,NONSTANDARD_DURATION_FOR_MONTHLY_SCOPE,N,21-03-11,21-03-11,0,0,40,40.0,1,1.0,7900,7900.0,18,18,1,0
19692,_data/01_raw/Membership.csv,19693,NONSTANDARD_DURATION_FOR_MONTHLY_SCOPE,"duration_days_recomputed is missing, zero, or not in 31/32; excluded from standard monthly-subscription official population.",R_DURATION_01_KEEP_31_32_ONLY,NONSTANDARD_DURATION_FOR_MONTHLY_SCOPE,Y,21-03-02,21-03-02,0,0,40,40.0,1,1.0,9.99,9.99,6,6,1,0
19732,_data/01_raw/Membership.csv,19733,NONSTANDARD_DURATION_FOR_MONTHLY_SCOPE,"duration_days_recomputed is missing, zero, or not in 31/32; excluded from standard monthly-subscription official population.",R_DURATION_01_KEEP_31_32_ONLY,NONSTANDARD_DURATION_FOR_MONTHLY_SCOPE,Y,21-03-08,21-03-09,1,1,25,25.0,1,1.0,9.99,9.99,17,17,1,0
19771,_data/01_raw/Membership.csv,19772,INVALID_AGE,"age is missing, unparsable, <10, >100, or 950.",R_AGE_01_PLAUSIBLE_10_100_EXCLUDE_950,INVALID_AGE,Y,21-03-02,21-04-02,31,31,,,1,1.0,100,100.0,22,22,0,0
19792,_data/01_raw/Membership.csv,19793,NONSTANDARD_DURATION_FOR_MONTHLY_SCOPE,"duration_days_recomputed is missing, zero, or not in 31/32; excluded from standard monthly-subscription official population.",R_DURATION_01_KEEP_31_32_ONLY,NONSTANDARD_DURATION_FOR_MONTHLY_SCOPE,Y,21-03-05,21-03-05,0,0,40,40.0,1,1.0,9.99,9.99,16,16,1,0
19799,_data/01_raw/Membership.csv,19800,NONSTANDARD_DURATION_FOR_MONTHLY_SCOPE,"duration_days_recomputed is missing, zero, or not in 31/32; excluded from standard monthly-subscription official population.",R_DURATION_01_KEEP_31_32_ONLY,NONSTANDARD_DURATION_FOR_MONTHLY_SCOPE,Y,21-03-12,21-03-12,0,0,40,40.0,4,4.0,16.49,16.49,18,18,1,0
19801,_data/01_raw/Membership.csv,19802,INVALID_MAX_SCREEN,"max_screen is missing, unparsable, or not in 1/2/4.",R_MAX_SCREEN_01_KEEP_1_2_4,INVALID_MAX_SCREEN,N,21-03-01,21-04-02,32,32,40,40.0,,,10.99,10.99,20,20,0,1
19807,_data/01_raw/Membership.csv,19808,NONSTANDARD_DURATION_FOR_MONTHLY_SCOPE,"duration_days_recomputed is missing, zero, or not in 31/32; excluded from standard monthly-subscription official population.",R_DURATION_01_KEEP_31_32_ONLY,NONSTANDARD_DURATION_FOR_MONTHLY_SCOPE|INVALID_AGE,Y,21-03-10,21-03-10,0,0,,,2,2.0,13.49,13.49,23,23,1,0
19898,_data/01_raw/Membership.csv,19899,NONSTANDARD_DURATION_FOR_MONTHLY_SCOPE,"duration_days_recomputed is missing, zero, or not in 31/32; excluded from standard monthly-subscription official population.",R_DURATION_01_KEEP_31_32_ONLY,NONSTANDARD_DURATION_FOR_MONTHLY_SCOPE,Y,21-03-15,21-03-15,0,0,45,45.0,1,1.0,7900,7900.0,11,11,1,0
19924,_data/01_raw/Membership.csv,19925,NONSTANDARD_DURATION_FOR_MONTHLY_SCOPE,"duration_days_recomputed is missing, zero, or not in 31/32; excluded from standard monthly-subscription official population.",R_DURATION_01_KEEP_31_32_ONLY,NONSTANDARD_DURATION_FOR_MONTHLY_SCOPE,Y,21-03-11,21-03-11,0,0,40,40.0,2,2.0,13.49,13.49,13,13,1,0
19940,_data/01_raw/Membership.csv,19941,NONSTANDARD_DURATION_FOR_MONTHLY_SCOPE,"duration_days_recomputed is missing, zero, or not in 31/32; excluded from standard monthly-subscription official population.",R_DURATION_01_KEEP_31_32_ONLY,NONSTANDARD_DURATION_FOR_MONTHLY_SCOPE,N,21-03-01,21-03-01,0,0,40,40.0,1,1.0,9.99,9.99,13,13,1,0
19947,_data/01_raw/Membership.csv,19948,NONSTANDARD_DURATION_FOR_MONTHLY_SCOPE,"duration_days_recomputed is missing, zero, or not in 31/32; excluded from standard monthly-subscription official population.",R_DURATION_01_KEEP_31_32_ONLY,NONSTANDARD_DURATION_FOR_MONTHLY_SCOPE,Y,21-03-10,21-03-10,0,0,25,25.0,1,1.0,9.99,9.99,21,21,1,0
19963,_data/01_raw/Membership.csv,19964,INVALID_AGE,"age is missing, unparsable, <10, >100, or 950.",R_AGE_01_PLAUSIBLE_10_100_EXCLUDE_950,INVALID_AGE,Y,21-03-02,21-04-02,31,31,,,4,4.0,100,100.0,21,21,0,0
19967,_data/01_raw/Membership.csv,19968,NONSTANDARD_DURATION_FOR_MONTHLY_SCOPE,"duration_days_recomputed is missing, zero, or not in 31/32; excluded from standard monthly-subscription official population.",R_DURATION_01_KEEP_31_32_ONLY,NONSTANDARD_DURATION_FOR_MONTHLY_SCOPE,Y,21-03-06,21-03-06,0,0,40,40.0,2,2.0,10900,10900.0,15,15,1,0
19983,_data/01_raw/Membership.csv,19984,INVALID_AGE,"age is missing, unparsable, <10, >100, or 950.",R_AGE_01_PLAUSIBLE_10_100_EXCLUDE_950,INVALID_AGE,N,21-03-12,21-04-12,31,31,,,2,2.0,100,100.0,19,19,0,0
20000,_data/01_raw/Membership.csv,20001,NONSTANDARD_DURATION_FOR_MONTHLY_SCOPE,"duration_days_recomputed is missing, zero, or not in 31/32; excluded from standard monthly-subscription official population.",R_DURATION_01_KEEP_31_32_ONLY,NONSTANDARD_DURATION_FOR_MONTHLY_SCOPE,N,21-03-10,21-03-10,0,0,40,40.0,1,1.0,7900,7900.0,10,10,1,0
20062,_data/01_raw/Membership.csv,20063,INVALID_AGE,"age is missing, unparsable, <10, >100, or 950.",R_AGE_01_PLAUSIBLE_10_100_EXCLUDE_950,INVALID_AGE,Y,21-03-13,21-04-13,31,31,,,4,4.0,100,100.0,22,22,0,0
20131,_data/01_raw/Membership.csv,20132,INVALID_MAX_SCREEN,"max_screen is missing, unparsable, or not in 1/2/4.",R_MAX_SCREEN_01_KEEP_1_2_4,INVALID_MAX_SCREEN,Y,21-03-05,21-04-06,32,32,30,30.0,,,10.99,10.99,22,22,0,1
20155,_data/01_raw/Membership.csv,20156,NONSTANDARD_DURATION_FOR_MONTHLY_SCOPE,"duration_days_recomputed is missing, zero, or not in 31/32; excluded from standard monthly-subscription official population.",R_DURATION_01_KEEP_31_32_ONLY,NONSTANDARD_DURATION_FOR_MONTHLY_SCOPE,N,21-03-01,21-03-01,0,0,40,40.0,1,1.0,9.99,9.99,19,19,1,0
20170,_data/01_raw/Membership.csv,20171,INVALID_AGE,"age is missing, unparsable, <10, >100, or 950.",R_AGE_01_PLAUSIBLE_10_100_EXCLUDE_950,INVALID_AGE,Y,21-03-09,21-04-09,31,31,,,2,2.0,100,100.0,11,11,0,0
20297,_data/01_raw/Membership.csv,20298,INVALID_MAX_SCREEN,"max_screen is missing, unparsable, or not in 1/2/4.",R_MAX_SCREEN_01_KEEP_1_2_4,INVALID_MAX_SCREEN,Y,21-03-13,21-04-14,32,32,40,40.0,,,10.99,10.99,16,16,0,1
20303,_data/01_raw/Membership.csv,20304,INVALID_AGE,"age is missing, unparsable, <10, >100, or 950.",R_AGE_01_PLAUSIBLE_10_100_EXCLUDE_950,INVALID_AGE,Y,21-03-05,21-04-05,31,31,,,1,1.0,100,100.0,4,4,0,0
20337,_data/01_raw/Membership.csv,20338,INVALID_AGE,"age is missing, unparsable, <10, >100, or 950.",R_AGE_01_PLAUSIBLE_10_100_EXCLUDE_950,INVALID_AGE,Y,21-03-04,21-04-04,31,31,,,1,1.0,100,100.0,12,12,0,0
20473,_data/01_raw/Membership.csv,20474,NONSTANDARD_DURATION_FOR_MONTHLY_SCOPE,"duration_days_recomputed is missing, zero, or not in 31/32; excluded from standard monthly-subscription official population.",R_DURATION_01_KEEP_31_32_ONLY,NONSTANDARD_DURATION_FOR_MONTHLY_SCOPE|INVALID_AGE,Y,21-03-04,21-03-04,0,0,,,4,4.0,13900,13900.0,11,11,1,0
20548,_data/01_raw/Membership.csv,20549,INVALID_AGE,"age is missing, unparsable, <10, >100, or 950.",R_AGE_01_PLAUSIBLE_10_100_EXCLUDE_950,INVALID_AGE,Y,21-03-03,21-04-03,31,31,,,4,4.0,100,100.0,9,9,0,0
20555,_data/01_raw/Membership.csv,20556,INVALID_MAX_SCREEN,"max_screen is missing, unparsable, or not in 1/2/4.",R_MAX_SCREEN_01_KEEP_1_2_4,INVALID_MAX_SCREEN,N,21-03-03,21-04-03,31,31,35,35.0,,,6900,6900.0,11,11,0,1
20598,_data/01_raw/Membership.csv,20599,NONSTANDARD_DURATION_FOR_MONTHLY_SCOPE,"duration_days_recomputed is missing, zero, or not in 31/32; excluded from standard monthly-subscription official population.",R_DURATION_01_KEEP_31_32_ONLY,NONSTANDARD_DURATION_FOR_MONTHLY_SCOPE,Y,21-03-12,21-03-12,0,0,40,40.0,2,2.0,13.49,13.49,13,13,1,0
20680,_data/01_raw/Membership.csv,20681,NONSTANDARD_DURATION_FOR_MONTHLY_SCOPE,"duration_days_recomputed is missing, zero, or not in 31/32; excluded from standard monthly-subscription official population.",R_DURATION_01_KEEP_31_32_ONLY,NONSTANDARD_DURATION_FOR_MONTHLY_SCOPE,Y,21-03-15,21-03-15,0,0,30,30.0,2,2.0,10900,10900.0,21,21,1,0
20751,_data/01_raw/Membership.csv,20752,INVALID_AGE,"age is missing, unparsable, <10, >100, or 950.",R_AGE_01_PLAUSIBLE_10_100_EXCLUDE_950,INVALID_AGE,N,21-03-04,21-04-04,31,31,,,1,1.0,7900,7900.0,23,23,0,0
20828,_data/01_raw/Membership.csv,20829,NONSTANDARD_DURATION_FOR_MONTHLY_SCOPE,"duration_days_recomputed is missing, zero, or not in 31/32; excluded from standard monthly-subscription official population.",R_DURATION_01_KEEP_31_32_ONLY,NONSTANDARD_DURATION_FOR_MONTHLY_SCOPE,Y,21-03-01,21-03-05,4,4,40,40.0,1,1.0,7900,7900.0,0,0,1,0
20846,_data/01_raw/Membership.csv,20847,INVALID_MAX_SCREEN,"max_screen is missing, unparsable, or not in 1/2/4.",R_MAX_SCREEN_01_KEEP_1_2_4,INVALID_MAX_SCREEN,Y,21-03-08,21-04-09,32,32,40,40.0,,,10.99,10.99,12,12,0,1
20864,_data/01_raw/Membership.csv,20865,INVALID_AGE,"age is missing, unparsable, <10, >100, or 950.",R_AGE_01_PLAUSIBLE_10_100_EXCLUDE_950,INVALID_AGE,N,21-03-01,21-04-01,31,31,,,4,4.0,100,100.0,13,13,0,0
20872,_data/01_raw/Membership.csv,20873,INVALID_MAX_SCREEN,"max_screen is missing, unparsable, or not in 1/2/4.",R_MAX_SCREEN_01_KEEP_1_2_4,INVALID_MAX_SCREEN,N,21-03-13,21-04-14,32,32,30,30.0,,,10.99,10.99,12,12,0,1
20898,_data/01_raw/Membership.csv,20899,INVALID_AGE,"age is missing, unparsable, <10, >100, or 950.",R_AGE_01_PLAUSIBLE_10_100_EXCLUDE_950,INVALID_AGE,Y,21-03-10,21-04-10,31,31,0,0.0,2,2.0,10900,10900.0,20,20,0,0
20904,_data/01_raw/Membership.csv,20905,NONSTANDARD_DURATION_FOR_MONTHLY_SCOPE,"duration_days_recomputed is missing, zero, or not in 31/32; excluded from standard monthly-subscription official population.",R_DURATION_01_KEEP_31_32_ONLY,NONSTANDARD_DURATION_FOR_MONTHLY_SCOPE,Y,21-03-01,21-03-02,1,1,60,60.0,1,1.0,7900,7900.0,18,18,1,0
20938,_data/01_raw/Membership.csv,20939,NONSTANDARD_DURATION_FOR_MONTHLY_SCOPE,"duration_days_recomputed is missing, zero, or not in 31/32; excluded from standard monthly-subscription official population.",R_DURATION_01_KEEP_31_32_ONLY,NONSTANDARD_DURATION_FOR_MONTHLY_SCOPE,Y,21-03-13,21-03-13,0,0,40,40.0,2,2.0,13.49,13.49,15,15,1,0
20953,_data/01_raw/Membership.csv,20954,NONSTANDARD_DURATION_FOR_MONTHLY_SCOPE,"duration_days_recomputed is missing, zero, or not in 31/32; excluded from standard monthly-subscription official population.",R_DURATION_01_KEEP_31_32_ONLY,NONSTANDARD_DURATION_FOR_MONTHLY_SCOPE|INVALID_AGE,Y,21-03-05,21-03-05,0,0,,,1,1.0,100,100.0,11,11,1,0
20972,_data/01_raw/Membership.csv,20973,NONSTANDARD_DURATION_FOR_MONTHLY_SCOPE,"duration_days_recomputed is missing, zero, or not in 31/32; excluded from standard monthly-subscription official population.",R_DURATION_01_KEEP_31_32_ONLY,NONSTANDARD_DURATION_FOR_MONTHLY_SCOPE,Y,21-03-01,21-03-04,3,3,25,25.0,1,1.0,9.99,9.99,10,10,1,0
21040,_data/01_raw/Membership.csv,21041,NONSTANDARD_DURATION_FOR_MONTHLY_SCOPE,"duration_days_recomputed is missing, zero, or not in 31/32; excluded from standard monthly-subscription official population.",R_DURATION_01_KEEP_31_32_ONLY,NONSTANDARD_DURATION_FOR_MONTHLY_SCOPE,Y,21-03-01,21-03-09,8,8,35,35.0,1,1.0,100,100.0,0,0,1,0
21050,_data/01_raw/Membership.csv,21051,NONSTANDARD_DURATION_FOR_MONTHLY_SCOPE,"duration_days_recomputed is missing, zero, or not in 31/32; excluded from standard monthly-subscription official population.",R_DURATION_01_KEEP_31_32_ONLY,NONSTANDARD_DURATION_FOR_MONTHLY_SCOPE,Y,21-03-06,21-03-06,0,0,40,40.0,1,1.0,9.99,9.99,23,23,1,0
21054,_data/01_raw/Membership.csv,21055,NONSTANDARD_DURATION_FOR_MONTHLY_SCOPE,"duration_days_recomputed is missing, zero, or not in 31/32; excluded from standard monthly-subscription official population.",R_DURATION_01_KEEP_31_32_ONLY,NONSTANDARD_DURATION_FOR_MONTHLY_SCOPE,Y,21-03-01,21-03-01,0,0,30,30.0,4,4.0,6950,6950.0,10,10,1,0
21099,_data/01_raw/Membership.csv,21100,NONSTANDARD_DURATION_FOR_MONTHLY_SCOPE,"duration_days_recomputed is missing, zero, or not in 31/32; excluded from standard monthly-subscription official population.",R_DURATION_01_KEEP_31_32_ONLY,NONSTANDARD_DURATION_FOR_MONTHLY_SCOPE,Y,21-03-02,21-03-07,5,5,40,40.0,1,1.0,7900,7900.0,13,13,1,0
21101,_data/01_raw/Membership.csv,21102,NONSTANDARD_DURATION_FOR_MONTHLY_SCOPE,"duration_days_recomputed is missing, zero, or not in 31/32; excluded from standard monthly-subscription official population.",R_DURATION_01_KEEP_31_32_ONLY,NONSTANDARD_DURATION_FOR_MONTHLY_SCOPE,Y,21-03-10,21-03-10,0,0,40,40.0,1,1.0,7900,7900.0,12,12,1,0
21140,_data/01_raw/Membership.csv,21141,NONSTANDARD_DURATION_FOR_MONTHLY_SCOPE,"duration_days_recomputed is missing, zero, or not in 31/32; excluded from standard monthly-subscription official population.",R_DURATION_01_KEEP_31_32_ONLY,NONSTANDARD_DURATION_FOR_MONTHLY_SCOPE,Y,21-03-15,21-03-15,0,0,40,40.0,4,4.0,13900,13900.0,1,1,1,0
21144,_data/01_raw/Membership.csv,21145,NONSTANDARD_DURATION_FOR_MONTHLY_SCOPE,"duration_days_recomputed is missing, zero, or not in 31/32; excluded from standard monthly-subscription official population.",R_DURATION_01_KEEP_31_32_ONLY,NONSTANDARD_DURATION_FOR_MONTHLY_SCOPE,Y,21-03-03,21-03-03,0,0,50,50.0,1,1.0,7900,7900.0,18,18,1,0
21172,_data/01_raw/Membership.csv,21173,NONSTANDARD_DURATION_FOR_MONTHLY_SCOPE,"duration_days_recomputed is missing, zero, or not in 31/32; excluded from standard monthly-subscription official population.",R_DURATION_01_KEEP_31_32_ONLY,NONSTANDARD_DURATION_FOR_MONTHLY_SCOPE,Y,21-03-14,21-03-14,0,0,30,30.0,2,2.0,10900,10900.0,10,10,1,0
21192,_data/01_raw/Membership.csv,21193,NONSTANDARD_DURATION_FOR_MONTHLY_SCOPE,"duration_days_recomputed is missing, zero, or not in 31/32; excluded from standard monthly-subscription official population.",R_DURATION_01_KEEP_31_32_ONLY,NONSTANDARD_DURATION_FOR_MONTHLY_SCOPE,Y,21-03-02,21-03-02,0,0,30,30.0,1,1.0,7900,7900.0,11,11,1,0
21284,_data/01_raw/Membership.csv,21285,NONSTANDARD_DURATION_FOR_MONTHLY_SCOPE,"duration_days_recomputed is missing, zero, or not in 31/32; excluded from standard monthly-subscription official population.",R_DURATION_01_KEEP_31_32_ONLY,NONSTANDARD_DURATION_FOR_MONTHLY_SCOPE,Y,21-03-13,21-03-13,0,0,45,45.0,1,1.0,9.99,9.99,8,8,1,0
21307,_data/01_raw/Membership.csv,21308,NONSTANDARD_DURATION_FOR_MONTHLY_SCOPE,"duration_days_recomputed is missing, zero, or not in 31/32; excluded from standard monthly-subscription official population.",R_DURATION_01_KEEP_31_32_ONLY,NONSTANDARD_DURATION_FOR_MONTHLY_SCOPE,N,21-03-01,21-03-17,16,16,25,25.0,1,1.0,7900,7900.0,18,18,1,0
21345,_data/01_raw/Membership.csv,21346,INVALID_AGE,"age is missing, unparsable, <10, >100, or 950.",R_AGE_01_PLAUSIBLE_10_100_EXCLUDE_950,INVALID_AGE,N,21-03-06,21-04-06,31,31,,,1,1.0,7900,7900.0,13,13,0,0
21391,_data/01_raw/Membership.csv,21392,NONSTANDARD_DURATION_FOR_MONTHLY_SCOPE,"duration_days_recomputed is missing, zero, or not in 31/32; excluded from standard monthly-subscription official population.",R_DURATION_01_KEEP_31_32_ONLY,NONSTANDARD_DURATION_FOR_MONTHLY_SCOPE,Y,21-03-14,21-03-14,0,0,30,30.0,1,1.0,100,100.0,13,13,1,0
21535,_data/01_raw/Membership.csv,21536,NONSTANDARD_DURATION_FOR_MONTHLY_SCOPE,"duration_days_recomputed is missing, zero, or not in 31/32; excluded from standard monthly-subscription official population.",R_DURATION_01_KEEP_31_32_ONLY,NONSTANDARD_DURATION_FOR_MONTHLY_SCOPE,N,21-03-08,21-03-08,0,0,40,40.0,1,1.0,7900,7900.0,21,21,1,0
21548,_data/01_raw/Membership.csv,21549,NONSTANDARD_DURATION_FOR_MONTHLY_SCOPE,"duration_days_recomputed is missing, zero, or not in 31/32; excluded from standard monthly-subscription official population.",R_DURATION_01_KEEP_31_32_ONLY,NONSTANDARD_DURATION_FOR_MONTHLY_SCOPE,Y,21-03-05,21-03-05,0,0,30,30.0,1,1.0,7900,7900.0,16,16,1,0
21570,_data/01_raw/Membership.csv,21571,NONSTANDARD_DURATION_FOR_MONTHLY_SCOPE,"duration_days_recomputed is missing, zero, or not in 31/32; excluded from standard monthly-subscription official population.",R_DURATION_01_KEEP_31_32_ONLY,NONSTANDARD_DURATION_FOR_MONTHLY_SCOPE,Y,21-03-08,21-03-08,0,0,35,35.0,1,1.0,100,100.0,9,9,1,0
21631,_data/01_raw/Membership.csv,21632,NONSTANDARD_DURATION_FOR_MONTHLY_SCOPE,"duration_days_recomputed is missing, zero, or not in 31/32; excluded from standard monthly-subscription official population.",R_DURATION_01_KEEP_31_32_ONLY,NONSTANDARD_DURATION_FOR_MONTHLY_SCOPE|INVALID_AGE,Y,21-03-06,21-03-08,2,2,,,2,2.0,10900,10900.0,19,19,1,0
21676,_data/01_raw/Membership.csv,21677,NONSTANDARD_DURATION_FOR_MONTHLY_SCOPE,"duration_days_recomputed is missing, zero, or not in 31/32; excluded from standard monthly-subscription official population.",R_DURATION_01_KEEP_31_32_ONLY,NONSTANDARD_DURATION_FOR_MONTHLY_SCOPE,N,21-03-07,21-03-07,0,0,40,40.0,1,1.0,7900,7900.0,18,18,1,0
21696,_data/01_raw/Membership.csv,21697,NONSTANDARD_DURATION_FOR_MONTHLY_SCOPE,"duration_days_recomputed is missing, zero, or not in 31/32; excluded from standard monthly-subscription official population.",R_DURATION_01_KEEP_31_32_ONLY,NONSTANDARD_DURATION_FOR_MONTHLY_SCOPE,Y,21-03-06,21-03-06,0,0,20,20.0,1,1.0,7900,7900.0,1,1,1,0
21844,_data/01_raw/Membership.csv,21845,NONSTANDARD_DURATION_FOR_MONTHLY_SCOPE,"duration_days_recomputed is missing, zero, or not in 31/32; excluded from standard monthly-subscription official population.",R_DURATION_01_KEEP_31_32_ONLY,NONSTANDARD_DURATION_FOR_MONTHLY_SCOPE,Y,21-03-03,21-03-03,0,0,40,40.0,1,1.0,7900,7900.0,20,20,1,0
22016,_data/01_raw/Membership.csv,22017,NONSTANDARD_DURATION_FOR_MONTHLY_SCOPE,"duration_days_recomputed is missing, zero, or not in 31/32; excluded from standard monthly-subscription official population.",R_DURATION_01_KEEP_31_32_ONLY,NONSTANDARD_DURATION_FOR_MONTHLY_SCOPE,Y,21-03-13,21-03-13,0,0,30,30.0,1,1.0,7900,7900.0,11,11,1,0
22032,_data/01_raw/Membership.csv,22033,NONSTANDARD_DURATION_FOR_MONTHLY_SCOPE,"duration_days_recomputed is missing, zero, or not in 31/32; excluded from standard monthly-subscription official population.",R_DURATION_01_KEEP_31_32_ONLY,NONSTANDARD_DURATION_FOR_MONTHLY_SCOPE,Y,21-03-14,21-03-14,0,0,40,40.0,1,1.0,7900,7900.0,1,1,1,0
22043,_data/01_raw/Membership.csv,22044,NONSTANDARD_DURATION_FOR_MONTHLY_SCOPE,"duration_days_recomputed is missing, zero, or not in 31/32; excluded from standard monthly-subscription official population.",R_DURATION_01_KEEP_31_32_ONLY,NONSTANDARD_DURATION_FOR_MONTHLY_SCOPE,N,21-03-12,21-03-12,0,0,40,40.0,2,2.0,13.49,13.49,22,22,1,0
22046,_data/01_raw/Membership.csv,22047,INVALID_AGE,"age is missing, unparsable, <10, >100, or 950.",R_AGE_01_PLAUSIBLE_10_100_EXCLUDE_950,INVALID_AGE,N,21-03-11,21-04-11,31,31,,,1,1.0,100,100.0,8,8,0,0
22052,_data/01_raw/Membership.csv,22053,INVALID_AGE,"age is missing, unparsable, <10, >100, or 950.",R_AGE_01_PLAUSIBLE_10_100_EXCLUDE_950,INVALID_AGE,N,21-03-06,21-04-07,32,32,,,2,2.0,13.49,13.49,23,23,0,0
22075,_data/01_raw/Membership.csv,22076,INVALID_AGE,"age is missing, unparsable, <10, >100, or 950.",R_AGE_01_PLAUSIBLE_10_100_EXCLUDE_950,INVALID_AGE,Y,21-03-07,21-04-07,31,31,,,1,1.0,7900,7900.0,21,21,0,0
22125,_data/01_raw/Membership.csv,22126,NONSTANDARD_DURATION_FOR_MONTHLY_SCOPE,"duration_days_recomputed is missing, zero, or not in 31/32; excluded from standard monthly-subscription official population.",R_DURATION_01_KEEP_31_32_ONLY,NONSTANDARD_DURATION_FOR_MONTHLY_SCOPE,Y,21-03-15,21-03-15,0,0,40,40.0,2,2.0,13.49,13.49,15,15,1,0
22186,_data/01_raw/Membership.csv,22187,NONSTANDARD_DURATION_FOR_MONTHLY_SCOPE,"duration_days_recomputed is missing, zero, or not in 31/32; excluded from standard monthly-subscription official population.",R_DURATION_01_KEEP_31_32_ONLY,NONSTANDARD_DURATION_FOR_MONTHLY_SCOPE,Y,21-03-11,21-03-11,0,0,40,40.0,4,4.0,16.49,16.49,12,12,1,0
22198,_data/01_raw/Membership.csv,22199,NONSTANDARD_DURATION_FOR_MONTHLY_SCOPE,"duration_days_recomputed is missing, zero, or not in 31/32; excluded from standard monthly-subscription official population.",R_DURATION_01_KEEP_31_32_ONLY,NONSTANDARD_DURATION_FOR_MONTHLY_SCOPE,Y,21-03-04,21-03-12,8,8,50,50.0,2,2.0,100,100.0,23,23,1,0
22232,_data/01_raw/Membership.csv,22233,INVALID_AGE,"age is missing, unparsable, <10, >100, or 950.",R_AGE_01_PLAUSIBLE_10_100_EXCLUDE_950,INVALID_AGE,N,21-03-02,21-04-02,31,31,,,1,1.0,100,100.0,22,22,0,0
22258,_data/01_raw/Membership.csv,22259,NONSTANDARD_DURATION_FOR_MONTHLY_SCOPE,"duration_days_recomputed is missing, zero, or not in 31/32; excluded from standard monthly-subscription official population.",R_DURATION_01_KEEP_31_32_ONLY,NONSTANDARD_DURATION_FOR_MONTHLY_SCOPE,Y,21-03-09,21-03-09,0,0,40,40.0,2,2.0,10900,10900.0,20,20,1,0
22268,_data/01_raw/Membership.csv,22269,INVALID_AGE,"age is missing, unparsable, <10, >100, or 950.",R_AGE_01_PLAUSIBLE_10_100_EXCLUDE_950,INVALID_AGE,Y,21-03-13,21-04-13,31,31,,,4,4.0,100,100.0,18,18,0,0
22276,_data/01_raw/Membership.csv,22277,INVALID_AGE,"age is missing, unparsable, <10, >100, or 950.",R_AGE_01_PLAUSIBLE_10_100_EXCLUDE_950,INVALID_AGE,Y,21-03-13,21-04-13,31,31,0,0.0,2,2.0,10900,10900.0,23,23,0,0
22301,_data/01_raw/Membership.csv,22302,NONSTANDARD_DURATION_FOR_MONTHLY_SCOPE,"duration_days_recomputed is missing, zero, or not in 31/32; excluded from standard monthly-subscription official population.",R_DURATION_01_KEEP_31_32_ONLY,NONSTANDARD_DURATION_FOR_MONTHLY_SCOPE,Y,21-03-08,21-03-08,0,0,40,40.0,1,1.0,7900,7900.0,11,11,1,0
22316,_data/01_raw/Membership.csv,22317,NONSTANDARD_DURATION_FOR_MONTHLY_SCOPE,"duration_days_recomputed is missing, zero, or not in 31/32; excluded from standard monthly-subscription official population.",R_DURATION_01_KEEP_31_32_ONLY,NONSTANDARD_DURATION_FOR_MONTHLY_SCOPE,Y,21-03-02,21-03-02,0,0,65,65.0,1,1.0,7900,7900.0,19,19,1,0
22326,_data/01_raw/Membership.csv,22327,NONSTANDARD_DURATION_FOR_MONTHLY_SCOPE,"duration_days_recomputed is missing, zero, or not in 31/32; excluded from standard monthly-subscription official population.",R_DURATION_01_KEEP_31_32_ONLY,NONSTANDARD_DURATION_FOR_MONTHLY_SCOPE,Y,21-03-01,21-03-09,8,8,35,35.0,1,1.0,7900,7900.0,20,20,1,0
22329,_data/01_raw/Membership.csv,22330,INVALID_AGE,"age is missing, unparsable, <10, >100, or 950.",R_AGE_01_PLAUSIBLE_10_100_EXCLUDE_950,INVALID_AGE,Y,21-03-10,21-04-10,31,31,,,1,1.0,7900,7900.0,22,22,0,0
22356,_data/01_raw/Membership.csv,22357,NONSTANDARD_DURATION_FOR_MONTHLY_SCOPE,"duration_days_recomputed is missing, zero, or not in 31/32; excluded from standard monthly-subscription official population.",R_DURATION_01_KEEP_31_32_ONLY,NONSTANDARD_DURATION_FOR_MONTHLY_SCOPE,Y,21-03-01,21-03-01,0,0,20,20.0,4,4.0,13900,13900.0,12,12,1,0
22378,_data/01_raw/Membership.csv,22379,NONSTANDARD_DURATION_FOR_MONTHLY_SCOPE,"duration_days_recomputed is missing, zero, or not in 31/32; excluded from standard monthly-subscription official population.",R_DURATION_01_KEEP_31_32_ONLY,NONSTANDARD_DURATION_FOR_MONTHLY_SCOPE,N,21-03-05,21-03-05,0,0,40,40.0,1,1.0,7900,7900.0,17,17,1,0
22379,_data/01_raw/Membership.csv,22380,INVALID_AGE,"age is missing, unparsable, <10, >100, or 950.",R_AGE_01_PLAUSIBLE_10_100_EXCLUDE_950,INVALID_AGE,N,21-03-13,21-04-13,31,31,,,1,1.0,100,100.0,3,3,0,0
22428,_data/01_raw/Membership.csv,22429,INVALID_AGE,"age is missing, unparsable, <10, >100, or 950.",R_AGE_01_PLAUSIBLE_10_100_EXCLUDE_950,INVALID_AGE,Y,21-03-12,21-04-12,31,31,,,1,1.0,7900,7900.0,18,18,0,0
22455,_data/01_raw/Membership.csv,22456,NONSTANDARD_DURATION_FOR_MONTHLY_SCOPE,"duration_days_recomputed is missing, zero, or not in 31/32; excluded from standard monthly-subscription official population.",R_DURATION_01_KEEP_31_32_ONLY,NONSTANDARD_DURATION_FOR_MONTHLY_SCOPE,N,21-03-12,21-03-20,8,8,50,50.0,1,1.0,7900,7900.0,10,10,1,0
22491,_data/01_raw/Membership.csv,22492,NONSTANDARD_DURATION_FOR_MONTHLY_SCOPE,"duration_days_recomputed is missing, zero, or not in 31/32; excluded from standard monthly-subscription official population.",R_DURATION_01_KEEP_31_32_ONLY,NONSTANDARD_DURATION_FOR_MONTHLY_SCOPE,Y,21-03-08,21-03-08,0,0,45,45.0,1,1.0,100,100.0,9,9,1,0
22502,_data/01_raw/Membership.csv,22503,INVALID_MAX_SCREEN,"max_screen is missing, unparsable, or not in 1/2/4.",R_MAX_SCREEN_01_KEEP_1_2_4,INVALID_MAX_SCREEN,Y,21-03-10,21-04-10,31,31,35,35.0,,,6900,6900.0,11,11,0,1
22510,_data/01_raw/Membership.csv,22511,INVALID_AGE,"age is missing, unparsable, <10, >100, or 950.",R_AGE_01_PLAUSIBLE_10_100_EXCLUDE_950,INVALID_AGE,Y,21-03-01,21-04-01,31,31,,,4,4.0,100,100.0,13,13,0,0
22578,_data/01_raw/Membership.csv,22579,NONSTANDARD_DURATION_FOR_MONTHLY_SCOPE,"duration_days_recomputed is missing, zero, or not in 31/32; excluded from standard monthly-subscription official population.",R_DURATION_01_KEEP_31_32_ONLY,NONSTANDARD_DURATION_FOR_MONTHLY_SCOPE,Y,21-03-02,21-03-02,0,0,40,40.0,2,2.0,13.49,13.49,23,23,1,0
22585,_data/01_raw/Membership.csv,22586,NONSTANDARD_DURATION_FOR_MONTHLY_SCOPE,"duration_days_recomputed is missing, zero, or not in 31/32; excluded from standard monthly-subscription official population.",R_DURATION_01_KEEP_31_32_ONLY,NONSTANDARD_DURATION_FOR_MONTHLY_SCOPE|INVALID_AGE,Y,21-03-07,21-03-07,0,0,,,1,1.0,7900,7900.0,20,20,1,0
22622,_data/01_raw/Membership.csv,22623,INVALID_AGE,"age is missing, unparsable, <10, >100, or 950.",R_AGE_01_PLAUSIBLE_10_100_EXCLUDE_950,INVALID_AGE,Y,21-03-06,21-04-06,31,31,,,1,1.0,100,100.0,17,17,0,0
22672,_data/01_raw/Membership.csv,22673,NONSTANDARD_DURATION_FOR_MONTHLY_SCOPE,"duration_days_recomputed is missing, zero, or not in 31/32; excluded from standard monthly-subscription official population.",R_DURATION_01_KEEP_31_32_ONLY,NONSTANDARD_DURATION_FOR_MONTHLY_SCOPE,Y,21-03-02,21-03-02,0,0,40,40.0,2,2.0,10900,10900.0,12,12,1,0
22726,_data/01_raw/Membership.csv,22727,NONSTANDARD_DURATION_FOR_MONTHLY_SCOPE,"duration_days_recomputed is missing, zero, or not in 31/32; excluded from standard monthly-subscription official population.",R_DURATION_01_KEEP_31_32_ONLY,NONSTANDARD_DURATION_FOR_MONTHLY_SCOPE,Y,21-03-04,21-03-04,0,0,40,40.0,1,1.0,7900,7900.0,14,14,1,0
22728,_data/01_raw/Membership.csv,22729,INVALID_AGE,"age is missing, unparsable, <10, >100, or 950.",R_AGE_01_PLAUSIBLE_10_100_EXCLUDE_950,INVALID_AGE,N,21-03-08,21-04-08,31,31,,,1,1.0,100,100.0,9,9,0,0
22810,_data/01_raw/Membership.csv,22811,NONSTANDARD_DURATION_FOR_MONTHLY_SCOPE,"duration_days_recomputed is missing, zero, or not in 31/32; excluded from standard monthly-subscription official population.",R_DURATION_01_KEEP_31_32_ONLY,NONSTANDARD_DURATION_FOR_MONTHLY_SCOPE|INVALID_AGE,N,21-03-05,21-03-05,0,0,,,2,2.0,13.49,13.49,8,8,1,0
22847,_data/01_raw/Membership.csv,22848,INVALID_AGE,"age is missing, unparsable, <10, >100, or 950.",R_AGE_01_PLAUSIBLE_10_100_EXCLUDE_950,INVALID_AGE,Y,21-03-01,21-04-01,31,31,,,4,4.0,100,100.0,12,12,0,0
22918,_data/01_raw/Membership.csv,22919,NONSTANDARD_DURATION_FOR_MONTHLY_SCOPE,"duration_days_recomputed is missing, zero, or not in 31/32; excluded from standard monthly-subscription official population.",R_DURATION_01_KEEP_31_32_ONLY,NONSTANDARD_DURATION_FOR_MONTHLY_SCOPE,N,21-03-15,21-03-15,0,0,30,30.0,2,2.0,10900,10900.0,14,14,1,0
23058,_data/01_raw/Membership.csv,23059,NONSTANDARD_DURATION_FOR_MONTHLY_SCOPE,"duration_days_recomputed is missing, zero, or not in 31/32; excluded from standard monthly-subscription official population.",R_DURATION_01_KEEP_31_32_ONLY,NONSTANDARD_DURATION_FOR_MONTHLY_SCOPE,Y,21-03-07,21-03-07,0,0,40,40.0,1,1.0,10.99,10.99,15,15,1,0
23079,_data/01_raw/Membership.csv,23080,NONSTANDARD_DURATION_FOR_MONTHLY_SCOPE,"duration_days_recomputed is missing, zero, or not in 31/32; excluded from standard monthly-subscription official population.",R_DURATION_01_KEEP_31_32_ONLY,NONSTANDARD_DURATION_FOR_MONTHLY_SCOPE,Y,21-03-12,21-03-16,4,4,25,25.0,2,2.0,10900,10900.0,22,22,1,0
23105,_data/01_raw/Membership.csv,23106,NONSTANDARD_DURATION_FOR_MONTHLY_SCOPE,"duration_days_recomputed is missing, zero, or not in 31/32; excluded from standard monthly-subscription official population.",R_DURATION_01_KEEP_31_32_ONLY,NONSTANDARD_DURATION_FOR_MONTHLY_SCOPE,Y,21-03-02,21-03-02,0,0,45,45.0,1,1.0,100,100.0,22,22,1,0
23185,_data/01_raw/Membership.csv,23186,NONSTANDARD_DURATION_FOR_MONTHLY_SCOPE,"duration_days_recomputed is missing, zero, or not in 31/32; excluded from standard monthly-subscription official population.",R_DURATION_01_KEEP_31_32_ONLY,NONSTANDARD_DURATION_FOR_MONTHLY_SCOPE,Y,21-03-06,21-03-06,0,0,40,40.0,1,1.0,9.99,9.99,12,12,1,0
23300,_data/01_raw/Membership.csv,23301,INVALID_AGE,"age is missing, unparsable, <10, >100, or 950.",R_AGE_01_PLAUSIBLE_10_100_EXCLUDE_950,INVALID_AGE,Y,21-03-01,21-04-01,31,31,,,4,4.0,100,100.0,20,20,0,0
23397,_data/01_raw/Membership.csv,23398,INVALID_AGE,"age is missing, unparsable, <10, >100, or 950.",R_AGE_01_PLAUSIBLE_10_100_EXCLUDE_950,INVALID_AGE,N,21-03-08,21-04-08,31,31,,,2,2.0,100,100.0,11,11,0,0
23403,_data/01_raw/Membership.csv,23404,NONSTANDARD_DURATION_FOR_MONTHLY_SCOPE,"duration_days_recomputed is missing, zero, or not in 31/32; excluded from standard monthly-subscription official population.",R_DURATION_01_KEEP_31_32_ONLY,NONSTANDARD_DURATION_FOR_MONTHLY_SCOPE,N,21-03-09,21-03-09,0,0,50,50.0,1,1.0,100,100.0,18,18,1,0
23538,_data/01_raw/Membership.csv,23539,NONSTANDARD_DURATION_FOR_MONTHLY_SCOPE,"duration_days_recomputed is missing, zero, or not in 31/32; excluded from standard monthly-subscription official population.",R_DURATION_01_KEEP_31_32_ONLY,NONSTANDARD_DURATION_FOR_MONTHLY_SCOPE,Y,21-03-01,21-03-07,6,6,40,40.0,2,2.0,13.49,13.49,17,17,1,0
23568,_data/01_raw/Membership.csv,23569,INVALID_AGE,"age is missing, unparsable, <10, >100, or 950.",R_AGE_01_PLAUSIBLE_10_100_EXCLUDE_950,INVALID_AGE,Y,21-03-13,21-04-13,31,31,,,1,1.0,100,100.0,0,0,0,0
23646,_data/01_raw/Membership.csv,23647,NONSTANDARD_DURATION_FOR_MONTHLY_SCOPE,"duration_days_recomputed is missing, zero, or not in 31/32; excluded from standard monthly-subscription official population.",R_DURATION_01_KEEP_31_32_ONLY,NONSTANDARD_DURATION_FOR_MONTHLY_SCOPE,Y,21-03-14,21-03-16,2,2,55,55.0,1,1.0,100,100.0,22,22,1,0
23718,_data/01_raw/Membership.csv,23719,NONSTANDARD_DURATION_FOR_MONTHLY_SCOPE,"duration_days_recomputed is missing, zero, or not in 31/32; excluded from standard monthly-subscription official population.",R_DURATION_01_KEEP_31_32_ONLY,NONSTANDARD_DURATION_FOR_MONTHLY_SCOPE,Y,21-03-06,21-03-06,0,0,40,40.0,2,2.0,13.49,13.49,0,0,1,0
23726,_data/01_raw/Membership.csv,23727,NONSTANDARD_DURATION_FOR_MONTHLY_SCOPE,"duration_days_recomputed is missing, zero, or not in 31/32; excluded from standard monthly-subscription official population.",R_DURATION_01_KEEP_31_32_ONLY,NONSTANDARD_DURATION_FOR_MONTHLY_SCOPE,Y,21-03-01,21-03-01,0,0,35,35.0,1,1.0,7900,7900.0,17,17,1,0
23750,_data/01_raw/Membership.csv,23751,INVALID_AGE,"age is missing, unparsable, <10, >100, or 950.",R_AGE_01_PLAUSIBLE_10_100_EXCLUDE_950,INVALID_AGE,Y,21-03-01,21-04-01,31,31,,,1,1.0,100,100.0,18,18,0,0
23963,_data/01_raw/Membership.csv,23964,NONSTANDARD_DURATION_FOR_MONTHLY_SCOPE,"duration_days_recomputed is missing, zero, or not in 31/32; excluded from standard monthly-subscription official population.",R_DURATION_01_KEEP_31_32_ONLY,NONSTANDARD_DURATION_FOR_MONTHLY_SCOPE,N,21-03-04,21-03-04,0,0,40,40.0,1,1.0,7900,7900.0,21,21,1,0
24021,_data/01_raw/Membership.csv,24022,NONSTANDARD_DURATION_FOR_MONTHLY_SCOPE,"duration_days_recomputed is missing, zero, or not in 31/32; excluded from standard monthly-subscription official population.",R_DURATION_01_KEEP_31_32_ONLY,NONSTANDARD_DURATION_FOR_MONTHLY_SCOPE,Y,21-03-06,21-03-23,17,17,20,20.0,1,1.0,7900,7900.0,23,23,1,0
24052,_data/01_raw/Membership.csv,24053,NONSTANDARD_DURATION_FOR_MONTHLY_SCOPE,"duration_days_recomputed is missing, zero, or not in 31/32; excluded from standard monthly-subscription official population.",R_DURATION_01_KEEP_31_32_ONLY,NONSTANDARD_DURATION_FOR_MONTHLY_SCOPE,Y,21-03-02,21-03-02,0,0,45,45.0,4,4.0,13900,13900.0,11,11,1,0
24068,_data/01_raw/Membership.csv,24069,INVALID_MAX_SCREEN,"max_screen is missing, unparsable, or not in 1/2/4.",R_MAX_SCREEN_01_KEEP_1_2_4,INVALID_MAX_SCREEN,Y,21-03-10,21-04-10,31,31,45,45.0,,,6900,6900.0,11,11,0,1
