side,relative_path,file_name,extension,size_bytes,modified_time,sha256,file_role
PUBLIC,PUBLIC\(Tree)PUBLIC_structure_snapshot_20260521_175230\(Tree)PUBLIC_structure_snapshot_20260521_175230.zip,(Tree)PUBLIC_structure_snapshot_20260521_175230.zip,.zip,19832,2026-05-21T17:54:49,2efc3458211366fb2667ff01e3ad51604680a02cdf07345b3f267eca42c9467f,zip
PUBLIC,PUBLIC\(Tree)PUBLIC_structure_snapshot_20260521_175230\PUBLIC_file_inventory.txt,PUBLIC_file_inventory.txt,.txt,69951,2026-05-21T17:52:30,41bcef59d1062dbd5fcd39f6a00c54ce40a1cd77976f48bdd4549848f6027d95,other
PUBLIC,PUBLIC\(Tree)PUBLIC_structure_snapshot_20260521_175230\PUBLIC_folder_depth4.txt,PUBLIC_folder_depth4.txt,.txt,6848,2026-05-21T17:52:30,c65d22dbd9d79ad1a32ba674beb4dfa5680c6a68db0368c01de863eb31d2bccf,other
PUBLIC,PUBLIC\(Tree)PUBLIC_structure_snapshot_20260521_175230\PUBLIC_key_artifacts.txt,PUBLIC_key_artifacts.txt,.txt,50743,2026-05-21T17:52:31,43b71e05e5d9d97197711a42c4b557ab4cb73347c8c4f859f1c58ed9df182d53,other
PUBLIC,PUBLIC\(Tree)PUBLIC_structure_snapshot_20260521_175230\PUBLIC_tree_full.txt,PUBLIC_tree_full.txt,.txt,55050,2026-05-21T17:52:30,d10a8fbc33f738a600f95038410dd34bbda13c5328d2523b0b6b13c680a3532f,other
PUBLIC,PUBLIC\data\06_model_input_promo_0.csv,06_model_input_promo_0.csv,.csv,5993802,2026-05-20T14:39:46,8fb3662dc1b2ed6deb2db8eedcde18bbd715439db097c70954e9a7a45c1b4a7c,csv
PUBLIC,PUBLIC\data\06_model_input_promo_1.csv,06_model_input_promo_1.csv,.csv,6397348,2026-05-20T14:39:47,09306871a7989d63b6913e1623d9ffdabd82be994cd3aa850fa34d6844bc6596,csv
PUBLIC,PUBLIC\data\_archive\260520_input_lineage\06_expanded_dataset_log_retention.csv,06_expanded_dataset_log_retention.csv,.csv,12958570,2026-05-21T17:37:37,6ff84c4f57df53e82eea85b798aba2aea091f3cac4ebb709a146bee22ab15909,csv
PUBLIC,PUBLIC\data\_archive\260520_input_lineage\06_expanded_dataset_promo_0_log_retention.csv,06_expanded_dataset_promo_0_log_retention.csv,.csv,6269242,2026-05-21T17:37:37,11bd5fbcf01b017a471f316b0bc8ba475ae82d9aeab2cef0f29a4bfee55ac112,csv
PUBLIC,PUBLIC\data\_archive\260520_input_lineage\06_expanded_dataset_promo_1_log_retention.csv,06_expanded_dataset_promo_1_log_retention.csv,.csv,6690807,2026-05-21T17:37:37,e8473959970dcfae29fa4e680ef43f89d195340e29f4c841de1f0469a97cdf5c,csv
PUBLIC,PUBLIC\data\_archive\260520_input_lineage\06_log_retention_validation.csv,06_log_retention_validation.csv,.csv,1092,2026-05-21T17:37:37,59b079be6cbc9de68071261e92f7ea27ba4b952ab4b8b255af4051a35fbebe86,csv
PUBLIC,PUBLIC\data\_archive\260520_input_lineage\260520_input_lineage_reason.md,260520_input_lineage_reason.md,.md,464,2026-05-21T17:37:37,fbc81b8d580dc9bd6e2413ba5f58aac17b03c85947c4a68a1390f9c1776047f8,md
PUBLIC,PUBLIC\data\_archive\260520_raw_reference\260520_raw_Membership_v2_with_derived_features.csv,260520_raw_Membership_v2_with_derived_features.csv,.csv,13815967,2026-05-21T17:37:37,4a519991a247eeca3ab0becff5114e57d7a5efeb30ec99fde6ad127bd4f23fd2,csv
PUBLIC,PUBLIC\data\_archive\260520_raw_reference\260520_raw_reference_reason.md,260520_raw_reference_reason.md,.md,437,2026-05-21T17:37:37,caff8ebc4176d63949d21ce777c3ee8ca5d678c9a94bb4e326d513f928fc7e8d,md
PUBLIC,PUBLIC\handoff\PUBLIC_11_12_emergency_model_restructure_260520\PUBLIC_11_12_emergency_model_restructure_final_checks.csv,PUBLIC_11_12_emergency_model_restructure_final_checks.csv,.csv,3603,2026-05-21T17:37:37,9e0e750445aeebbe048c579051240de798ed1f208903d832f0a049069739bce0,csv
PUBLIC,PUBLIC\handoff\PUBLIC_11_12_emergency_model_restructure_260520\PUBLIC_11_12_emergency_model_restructure_zip_inventory.csv,PUBLIC_11_12_emergency_model_restructure_zip_inventory.csv,.csv,3373,2026-05-21T17:37:37,c67babbbe151ae7a08aac14cd30ecb37f4a24f7b53a89fc1a02808bb1109b32d,csv
PUBLIC,PUBLIC\handoff\PUBLIC_11_12_emergency_model_restructure_260520\PUBLIC_detected_model_result_candidates.csv,PUBLIC_detected_model_result_candidates.csv,.csv,2277,2026-05-21T17:37:37,3e14f9dbab0c292e10befc5e8be921478bbdccf562b0ec059a3ee255b5f164c7,csv
PUBLIC,PUBLIC\handoff\PUBLIC_11_12_emergency_model_restructure_260520\PUBLIC_inventory_before_11_12_restructure.csv,PUBLIC_inventory_before_11_12_restructure.csv,.csv,21357,2026-05-21T17:37:37,f37da051fed9ccdbb99079a92b6b8596935e55af15c8ffca39f7d22f6dd0bbc4,csv
PUBLIC,PUBLIC\handoff\PUBLIC_11_12_emergency_model_restructure_260520\README.md,README.md,.md,4839,2026-05-21T17:37:37,96c1f1bddfa3bf2d4f84975d77600dc95ba21d91a1ae5be5342554f687398623,md
PUBLIC,PUBLIC\handoff\PUBLIC_11_12_emergency_model_restructure_260520\run_public_11_12_restructure.py,run_public_11_12_restructure.py,.py,36381,2026-05-21T17:37:37,32a6cd8d6e969a9f1f7ef1bcd7186b44fdbceca36abdf8a1584e4ec28dbfd8a7,other
PUBLIC,PUBLIC\handoff\PUBLIC_12_four_model_comparison_review_260520\12_input_file_validation.csv,12_input_file_validation.csv,.csv,1070,2026-05-21T17:37:37,7e8804c2eb1e0670829ac218fb3cf430d37561a929c5116eb0249e9a0486dd90,csv
PUBLIC,PUBLIC\handoff\PUBLIC_12_four_model_comparison_review_260520\apply_high_auc_leakage_steering.py,apply_high_auc_leakage_steering.py,.py,33737,2026-05-21T17:37:37,1bb3bef7b7ebb74578a1f5fa0bc2f88440c3b63e71e5ac1074f28e0efbdcf73b,other
PUBLIC,PUBLIC\handoff\PUBLIC_12_four_model_comparison_review_260520\PUBLIC_12_four_model_comparison_review_final_checks.csv,PUBLIC_12_four_model_comparison_review_final_checks.csv,.csv,4626,2026-05-21T17:37:37,79ac0423392c24ee04dfa834fbe8cbe77c7bece1677d96bf6644bd81d6081d84,csv
PUBLIC,PUBLIC\handoff\PUBLIC_12_four_model_comparison_review_260520\PUBLIC_12_four_model_comparison_review_zip_inventory.csv,PUBLIC_12_four_model_comparison_review_zip_inventory.csv,.csv,1722,2026-05-21T17:37:37,b0cef404cacea5e0d0395728194761be61833658dfa6497c2d2ee9f5dad372fe,csv
PUBLIC,PUBLIC\handoff\PUBLIC_12_four_model_comparison_review_260520\README.md,README.md,.md,3930,2026-05-21T17:37:37,7014b49e7e798f437d0888aead2e354c5a37fedcafcf572cee3a12a768f544b4,md
PUBLIC,PUBLIC\handoff\PUBLIC_12_four_model_comparison_review_260520\run_public_12_four_model_comparison_review.py,run_public_12_four_model_comparison_review.py,.py,39395,2026-05-21T17:37:37,c1f8694f7378c79b46c14a1b211f01c0ce50050cbaf3e7a2de4923de66ee3397,other
PUBLIC,PUBLIC\handoff\PUBLIC_12_review_hotfix_user_confirmed_260520\PUBLIC_12_review_hotfix_user_confirmed_final_checks.csv,PUBLIC_12_review_hotfix_user_confirmed_final_checks.csv,.csv,4015,2026-05-21T17:37:37,220bf6303fc38afa1a9ef232ea689cb7b89c808dceeb71227ece2a7034c8d41f,csv
PUBLIC,PUBLIC\handoff\PUBLIC_12_review_hotfix_user_confirmed_260520\PUBLIC_12_review_hotfix_user_confirmed_zip_inventory.csv,PUBLIC_12_review_hotfix_user_confirmed_zip_inventory.csv,.csv,1271,2026-05-21T17:37:37,3eec6626bc44678ca5efccb51b646b1cc4ed10afe3d7c9833ee94de3983737ae,csv
PUBLIC,PUBLIC\handoff\PUBLIC_12_review_hotfix_user_confirmed_260520\README.md,README.md,.md,1280,2026-05-21T17:37:37,aa2ff4563201e1322b2284fb9aaa60e37434ccbdd7573a363c1cd484f04a6ca1,md
PUBLIC,PUBLIC\handoff\PUBLIC_12_review_hotfix_user_confirmed_patch_260520\PUBLIC_12_review_hotfix_user_confirmed_patch_final_checks.csv,PUBLIC_12_review_hotfix_user_confirmed_patch_final_checks.csv,.csv,2974,2026-05-21T17:37:37,0c144acc3a70445a1e40e3c8af5a7d0067b28ef2bfad4f4202bf57cf40e5e0cf,csv
PUBLIC,PUBLIC\handoff\PUBLIC_12_review_hotfix_user_confirmed_patch_260520\PUBLIC_12_review_hotfix_user_confirmed_patch_summary.md,PUBLIC_12_review_hotfix_user_confirmed_patch_summary.md,.md,2506,2026-05-21T17:37:37,0174c236f1cbb0e9dc784627d93932634ba2e75a81491853a88e3351a424a3a2,md
PUBLIC,PUBLIC\handoff\PUBLIC_12_review_hotfix_user_confirmed_patch_260520\PUBLIC_12_review_hotfix_user_confirmed_patch_zip_inventory.csv,PUBLIC_12_review_hotfix_user_confirmed_patch_zip_inventory.csv,.csv,1020,2026-05-21T17:37:37,2d1068fa49ebc8abe65d7726f0ec1efa7a3946efdc42cd5ed3f89ffdce9768b7,csv
PUBLIC,PUBLIC\handoff\PUBLIC_15_four_model_oof_score_generation_260520\15_oof_input_validation.csv,15_oof_input_validation.csv,.csv,2906,2026-05-21T17:37:37,b4b9e59026fe531060db45afc4873ea2faafa27a7406edf052293ff63b7e1a13,csv
PUBLIC,PUBLIC\handoff\PUBLIC_15_four_model_oof_score_generation_260520\15_source_fingerprint_before_after.csv,15_source_fingerprint_before_after.csv,.csv,4816,2026-05-21T17:37:37,86447bd5bb4a1bc05981796b99a6bbceac4c7e909986a58cefc200aa9d8ced94,csv
PUBLIC,PUBLIC\handoff\PUBLIC_15_four_model_oof_score_generation_260520\PUBLIC_15_four_model_oof_score_generation_final_checks.csv,PUBLIC_15_four_model_oof_score_generation_final_checks.csv,.csv,3787,2026-05-21T17:37:37,3a41ead6ea6d38dbb871cd9dd6862cbe4714af3965fe56ca8f4287ea940278d6,csv
PUBLIC,PUBLIC\handoff\PUBLIC_15_four_model_oof_score_generation_260520\PUBLIC_15_four_model_oof_score_generation_zip_inventory.csv,PUBLIC_15_four_model_oof_score_generation_zip_inventory.csv,.csv,2098,2026-05-21T17:37:37,ff9abc8738a6a17f76922fabdff0e86fdbc516c1699d6b5e4dd6ee3d8f4c460f,csv
PUBLIC,PUBLIC\handoff\PUBLIC_15_four_model_oof_score_generation_260520\README.md,README.md,.md,2378,2026-05-21T17:37:37,d0a8a0d4351af993473c900af933fd6da36a8e262efb6b3ebf89120c313016c3,md
PUBLIC,PUBLIC\handoff\PUBLIC_15_oof_score_hotfix_260520\15_existing_oof_artifact_validation.csv,15_existing_oof_artifact_validation.csv,.csv,4324,2026-05-21T17:37:37,974434de5861c04c68f60b06550106bc8cf6b6249a155c039cd9738500e240d2,csv
PUBLIC,PUBLIC\handoff\PUBLIC_15_oof_score_hotfix_260520\15_existing_oof_inventory_before_hotfix.csv,15_existing_oof_inventory_before_hotfix.csv,.csv,2495,2026-05-21T17:37:37,28d78af157036bfebe8cc6c3ba23637be626126eb0b3e731132f79a994229bb1,csv
PUBLIC,PUBLIC\handoff\PUBLIC_15_oof_score_hotfix_260520\15_oof_hotfix_input_validation.csv,15_oof_hotfix_input_validation.csv,.csv,3092,2026-05-21T17:37:37,394d734d745ef8aa689687fe778ade0145d370dfa3c3c5dfdfe86d42f6b6e53e,csv
PUBLIC,PUBLIC\handoff\PUBLIC_15_oof_score_hotfix_260520\15_source_fingerprint_before_after.csv,15_source_fingerprint_before_after.csv,.csv,9173,2026-05-21T17:37:37,273674e8f7aaa7aa5252549b8a4669905db1d09a68538c93a6e00e0b29a89b48,csv
PUBLIC,PUBLIC\handoff\PUBLIC_15_oof_score_hotfix_260520\__pycache__\public_15_oof_hotfix_runner.cpython-310.pyc,public_15_oof_hotfix_runner.cpython-310.pyc,.pyc,45249,2026-05-21T17:37:37,12b871597fbe54ba2cfd28e50b4d16776e7fe8095adb784bc4873818e39a3c67,other
PUBLIC,PUBLIC\handoff\PUBLIC_15_oof_score_hotfix_260520\public_15_oof_hotfix_runner.py,public_15_oof_hotfix_runner.py,.py,63094,2026-05-21T17:37:37,d9d11ac4910a1d46eb0871ae6c5f8ad8f6cd13b5bb356834492615724ac9d42e,other
PUBLIC,PUBLIC\handoff\PUBLIC_15_oof_score_hotfix_260520\PUBLIC_15_oof_score_hotfix_final_checks.csv,PUBLIC_15_oof_score_hotfix_final_checks.csv,.csv,5580,2026-05-21T17:37:37,3ca4e109df4b779c7a1779f60c81dce3037c77568fce0da0f09e2c40d7986c35,csv
PUBLIC,PUBLIC\handoff\PUBLIC_15_oof_score_hotfix_260520\PUBLIC_15_oof_score_hotfix_zip_inventory.csv,PUBLIC_15_oof_score_hotfix_zip_inventory.csv,.csv,2379,2026-05-21T17:37:37,8e5057efe9b5c8a2f7fc275f9e2727b529f5af69b965d22cd1d27231b5f1292e,csv
PUBLIC,PUBLIC\handoff\PUBLIC_15_oof_score_hotfix_260520\README.md,README.md,.md,4052,2026-05-21T17:37:37,45b5e3d3ba586db465030f84899bb4f25a0238ccfe8cd4033342265adb2cdc6f,md
PUBLIC,PUBLIC\handoff\PUBLIC_16_four_model_SHAP_candidate_interpretation_260520\16_shap_environment_check.csv,16_shap_environment_check.csv,.csv,284,2026-05-21T17:37:37,434b858f7b40471ab7f193df49e763e3a415f04f32c7bd989cd9d4e8dac75ba9,csv
PUBLIC,PUBLIC\handoff\PUBLIC_16_four_model_SHAP_candidate_interpretation_260520\16_shap_input_validation.csv,16_shap_input_validation.csv,.csv,4994,2026-05-21T17:37:37,2b40f85a4ac2159006663901e009828442ee3d73a6adaab6c4584381975a3abb,csv
PUBLIC,PUBLIC\handoff\PUBLIC_16_four_model_SHAP_candidate_interpretation_260520\16_source_fingerprint_before_after.csv,16_source_fingerprint_before_after.csv,.csv,5199,2026-05-21T17:37:37,6227f2d167a18f8104e8e634ee44a13922984c09ba1aef80113ec2911dd69526,csv
PUBLIC,PUBLIC\handoff\PUBLIC_16_four_model_SHAP_candidate_interpretation_260520\__pycache__\public_16_shap_candidate_interpretation_runner.cpython-310.pyc,public_16_shap_candidate_interpretation_runner.cpython-310.pyc,.pyc,47454,2026-05-21T17:37:37,88eff5376fcfe7f770be1a87ec3c0e790b2f0966914323eb67108d0ead9eb4e2,other
PUBLIC,PUBLIC\handoff\PUBLIC_16_four_model_SHAP_candidate_interpretation_260520\PUBLIC_16_four_model_SHAP_candidate_interpretation_final_checks.csv,PUBLIC_16_four_model_SHAP_candidate_interpretation_final_checks.csv,.csv,5081,2026-05-21T17:37:37,2275dc8aaf510e3b917b2620fc305ecd9c8c931c8c1e0c281c7d3c971d00ecc2,csv
PUBLIC,PUBLIC\handoff\PUBLIC_16_four_model_SHAP_candidate_interpretation_260520\PUBLIC_16_four_model_SHAP_candidate_interpretation_zip_inventory.csv,PUBLIC_16_four_model_SHAP_candidate_interpretation_zip_inventory.csv,.csv,3427,2026-05-21T17:37:37,dd5a0ecf41924bac09ea00ba6c90754242ca04a738670ad6ada91da6d9cd7fa6,csv
PUBLIC,PUBLIC\handoff\PUBLIC_16_four_model_SHAP_candidate_interpretation_260520\public_16_shap_candidate_interpretation_runner.py,public_16_shap_candidate_interpretation_runner.py,.py,76127,2026-05-21T17:37:37,02dcb1fb12bc0cef0cc3f2205ef4a8e2231b05fafd676ec240e7ee53c0470786,other
PUBLIC,PUBLIC\handoff\PUBLIC_16_four_model_SHAP_candidate_interpretation_260520\README.md,README.md,.md,1806,2026-05-21T17:37:37,4ad9ec96ba481e059822baa55abcf3f2e13376befa43fababe6d2f6857344bc5,md
PUBLIC,PUBLIC\handoff\PUBLIC_16b_feature_family_mapping_hotfix_260520\16b_input_validation.csv,16b_input_validation.csv,.csv,1981,2026-05-21T17:37:37,2df8c3f6d109ffece05432f14049f8464870a631ae7c3316453f4df205c86364,csv
PUBLIC,PUBLIC\handoff\PUBLIC_16b_feature_family_mapping_hotfix_260520\16b_source_fingerprint_before_after.csv,16b_source_fingerprint_before_after.csv,.csv,8076,2026-05-21T17:37:37,293e5e178b20b1ad2e0db9906d254ca23be7a42fc709ddd20ce6d30eeb9b3a65,csv
PUBLIC,PUBLIC\handoff\PUBLIC_16b_feature_family_mapping_hotfix_260520\__pycache__\public_16b_feature_family_mapping_hotfix_runner.cpython-310.pyc,public_16b_feature_family_mapping_hotfix_runner.cpython-310.pyc,.pyc,37204,2026-05-21T17:37:37,966a417b9bd4e5bc77ed8cce8f7be5b347ee81da8d1b12fb7b11882acfc6729c,other
PUBLIC,PUBLIC\handoff\PUBLIC_16b_feature_family_mapping_hotfix_260520\PUBLIC_16b_feature_family_mapping_hotfix_final_checks.csv,PUBLIC_16b_feature_family_mapping_hotfix_final_checks.csv,.csv,4902,2026-05-21T17:37:37,37a93d5d2abbf5c739d068376cd90449517e1e14862c6ebae87d3482ffa39061,csv
PUBLIC,PUBLIC\handoff\PUBLIC_16b_feature_family_mapping_hotfix_260520\public_16b_feature_family_mapping_hotfix_runner.py,public_16b_feature_family_mapping_hotfix_runner.py,.py,52802,2026-05-21T17:37:37,a3efefd899517bc7acc796d07cc462bc2ef4ec85ab3f2acb6866e6e8d5e99637,other
PUBLIC,PUBLIC\handoff\PUBLIC_16b_feature_family_mapping_hotfix_260520\PUBLIC_16b_feature_family_mapping_hotfix_zip_inventory.csv,PUBLIC_16b_feature_family_mapping_hotfix_zip_inventory.csv,.csv,2205,2026-05-21T17:37:37,7801a96b01c222ac2069f389f6a47c7abec1ba1472a6c9b400d81a9c01440a87,csv
PUBLIC,PUBLIC\handoff\PUBLIC_16b_feature_family_mapping_hotfix_260520\README.md,README.md,.md,1666,2026-05-21T17:37:37,95bd7a719ba0ab9d011514987bd29f673456d0ceea9add574c6821e9cadc55c1,md
PUBLIC,PUBLIC\handoff\PUBLIC_16b_feature_family_mapping_hotfix_acceptance_patch_260520\16b_acceptance_input_validation.csv,16b_acceptance_input_validation.csv,.csv,2884,2026-05-21T17:37:37,792e15a9552dcf15f5bdf75558127aa91657e97cda918fbdabb7b0e5ae4477c7,csv
PUBLIC,PUBLIC\handoff\PUBLIC_16b_feature_family_mapping_hotfix_acceptance_patch_260520\16b_final_acceptance_memo.md,16b_final_acceptance_memo.md,.md,3651,2026-05-21T17:37:37,9bdffceba7afa8cee36c055ca2de51987b7ceb72595be60cf19da06d71311c88,md
PUBLIC,PUBLIC\handoff\PUBLIC_16b_feature_family_mapping_hotfix_acceptance_patch_260520\16b_mapping_acceptance_summary.csv,16b_mapping_acceptance_summary.csv,.csv,3083,2026-05-21T17:37:37,4168f1549606fa3d94671dc8d73458a30fc5b47ca372eac035cd7a6aba0582b9,csv
PUBLIC,PUBLIC\handoff\PUBLIC_16b_feature_family_mapping_hotfix_acceptance_patch_260520\16b_source_fingerprint_status_interpretation.csv,16b_source_fingerprint_status_interpretation.csv,.csv,1743,2026-05-21T17:37:37,ffe0962cdc0801d178d386215b0424b014113d87f33e5fa21d7eb54e76df8ba8,csv
PUBLIC,PUBLIC\handoff\PUBLIC_16b_feature_family_mapping_hotfix_acceptance_patch_260520\PUBLIC_16b_feature_family_mapping_hotfix_acceptance_patch_final_checks.csv,PUBLIC_16b_feature_family_mapping_hotfix_acceptance_patch_final_checks.csv,.csv,2662,2026-05-21T17:37:37,d41fdcf70c0f53bd5bcff3ddc22c7c39d522f78ce03231a0f70524db82e139fe,csv
PUBLIC,PUBLIC\handoff\PUBLIC_16b_feature_family_mapping_hotfix_acceptance_patch_260520\PUBLIC_16b_feature_family_mapping_hotfix_acceptance_patch_zip_inventory.csv,PUBLIC_16b_feature_family_mapping_hotfix_acceptance_patch_zip_inventory.csv,.csv,650,2026-05-21T17:37:37,d897039bc361e96b5da7d12ab82f6b80ffeae4fc661c2e23f957d92b61931f7a,csv
PUBLIC,PUBLIC\handoff\PUBLIC_17_demographic_action_layer_hotfix_260520\17_demographic_action_layer_hotfix_helper.py,17_demographic_action_layer_hotfix_helper.py,.py,70563,2026-05-21T17:37:37,e196f9b42d5d590f2c7a8d756291fdde993b645d2a32603e74c605385f7ee106,other
PUBLIC,PUBLIC\handoff\PUBLIC_17_demographic_action_layer_hotfix_260520\17_demographic_action_layer_quality_helper.py,17_demographic_action_layer_quality_helper.py,.py,50593,2026-05-21T17:37:37,3f9b94af393d32a1e4a070403a9a7d23e37f0cbede812cd918260ab469e66aaa,other
PUBLIC,PUBLIC\handoff\PUBLIC_17_demographic_action_layer_hotfix_260520\17_demographic_hotfix_input_validation.csv,17_demographic_hotfix_input_validation.csv,.csv,2470,2026-05-21T17:37:37,2472c97c5f8807bc15fe0adb2312fdf8cd3cb9d192fb198f30885f0d28c9b641,csv
PUBLIC,PUBLIC\handoff\PUBLIC_17_demographic_action_layer_hotfix_260520\17_demographic_hotfix_source_fingerprint_before_after.csv,17_demographic_hotfix_source_fingerprint_before_after.csv,.csv,6419,2026-05-21T17:37:37,ab5a733586e44c22f736cde64aad90c552c9ddfea368d3fd818f5339d95a52b3,csv
PUBLIC,PUBLIC\handoff\PUBLIC_17_demographic_action_layer_hotfix_260520\__pycache__\17_demographic_action_layer_hotfix_helper.cpython-310.pyc,17_demographic_action_layer_hotfix_helper.cpython-310.pyc,.pyc,48256,2026-05-21T17:37:37,14c1a53c40a5b792bc3e8d21412cef0ec49eff5aff1f8cb1982e472a49e544e5,other
PUBLIC,PUBLIC\handoff\PUBLIC_17_demographic_action_layer_hotfix_260520\__pycache__\17_demographic_action_layer_quality_helper.cpython-310.pyc,17_demographic_action_layer_quality_helper.cpython-310.pyc,.pyc,40070,2026-05-21T17:37:37,e5e113148dfb5b56d8b55877eefb145fc1c71962f752f921c40986cdc7ad78fe,other
PUBLIC,PUBLIC\handoff\PUBLIC_17_demographic_action_layer_hotfix_260520\PUBLIC_17_demographic_action_layer_hotfix_final_checks.csv,PUBLIC_17_demographic_action_layer_hotfix_final_checks.csv,.csv,1851,2026-05-21T17:37:37,7ccbd107ede6dc7b7298faa1e1e79b8b28047b09a8e578a12f8a3f33921b1981,csv
PUBLIC,PUBLIC\handoff\PUBLIC_17_demographic_action_layer_hotfix_260520\PUBLIC_17_demographic_action_layer_hotfix_zip_inventory.csv,PUBLIC_17_demographic_action_layer_hotfix_zip_inventory.csv,.csv,1251,2026-05-21T17:37:37,ce427a15cb4c937a3d4af30e1cf208449ef973f2d93da3ca07881a3b9a23d1ae,csv
PUBLIC,PUBLIC\handoff\PUBLIC_17_demographic_action_layer_hotfix_260520\README.md,README.md,.md,907,2026-05-21T17:37:37,1133de66ac5686c7ad12b9fe473ca3ea7bad8fccbf7734defee70ea473fcd0e0,md
PUBLIC,PUBLIC\handoff\PUBLIC_17_promo_scope_oof_behavior_segmentation_260520\17_input_validation.csv,17_input_validation.csv,.csv,4151,2026-05-21T17:37:37,f9ea0b6d23ac4c62ebe4e32a3664db30e1fe99ffabe1da796eaf0654c8e85ccc,csv
PUBLIC,PUBLIC\handoff\PUBLIC_17_promo_scope_oof_behavior_segmentation_260520\17_source_fingerprint_before_after.csv,17_source_fingerprint_before_after.csv,.csv,12649,2026-05-21T17:37:37,db91c2256f67e1c983f2534a5de0deddbca4a7510ceb744368ff6daae729cfb0,csv
PUBLIC,PUBLIC\handoff\PUBLIC_17_promo_scope_oof_behavior_segmentation_260520\__pycache__\public_17_segmentation_design_runner.cpython-310.pyc,public_17_segmentation_design_runner.cpython-310.pyc,.pyc,63416,2026-05-21T17:37:37,0f2a93ba102c85395b87aa545db13501c29c9ddaf73691e6ecd510943a59156a,other
PUBLIC,PUBLIC\handoff\PUBLIC_17_promo_scope_oof_behavior_segmentation_260520\PUBLIC_17_promo_scope_oof_behavior_segmentation_final_checks.csv,PUBLIC_17_promo_scope_oof_behavior_segmentation_final_checks.csv,.csv,6312,2026-05-21T17:37:37,55b5baa7b29ec578f5b04a4f7fd88cd10384fbeade12a258a4064e6bd305a8aa,csv
PUBLIC,PUBLIC\handoff\PUBLIC_17_promo_scope_oof_behavior_segmentation_260520\PUBLIC_17_promo_scope_oof_behavior_segmentation_zip_inventory.csv,PUBLIC_17_promo_scope_oof_behavior_segmentation_zip_inventory.csv,.csv,3181,2026-05-21T17:37:37,fa5f372a99d587fd7e3414f0a81c850d35ff82de6835dc4046472b91f379819f,csv
PUBLIC,PUBLIC\handoff\PUBLIC_17_promo_scope_oof_behavior_segmentation_260520\public_17_segmentation_design_runner.py,public_17_segmentation_design_runner.py,.py,87403,2026-05-21T17:37:37,2c03cc7849641d7f59e6f0d4cee772670ae8e9aa4799579f5d46fe78380c07d3,other
PUBLIC,PUBLIC\handoff\PUBLIC_17_promo_scope_oof_behavior_segmentation_260520\README.md,README.md,.md,1289,2026-05-21T17:37:37,d7d1ca15216601076c51ca8cfcb96359bfe7bb2a2fe7370abdc0bacec4bb6b58,md
PUBLIC,PUBLIC\handoff\PUBLIC_17_segmentation_quality_hotfix_260520\17_quality_hotfix_input_validation.csv,17_quality_hotfix_input_validation.csv,.csv,5714,2026-05-21T17:37:37,71df124fe2fa60bc34ff1f7339130cc15ab744f9534aa78b6f4c375db8fad2df,csv
PUBLIC,PUBLIC\handoff\PUBLIC_17_segmentation_quality_hotfix_260520\17_quality_hotfix_source_fingerprint_before_after.csv,17_quality_hotfix_source_fingerprint_before_after.csv,.csv,14065,2026-05-21T17:37:37,f869f00009704be23892e3e08ab1fa32e919c542a20cb86b9ab68eda2be0100e,csv
PUBLIC,PUBLIC\handoff\PUBLIC_17_segmentation_quality_hotfix_260520\__pycache__\quality_hotfix_helper.cpython-310.pyc,quality_hotfix_helper.cpython-310.pyc,.pyc,61724,2026-05-21T17:37:37,a465f696f9f370b3677c7ebe6c17d36c71c0891bfb2d94a0c1a5bddf3a6f7382,other
PUBLIC,PUBLIC\handoff\PUBLIC_17_segmentation_quality_hotfix_260520\PUBLIC_17_segmentation_quality_hotfix_final_checks.csv,PUBLIC_17_segmentation_quality_hotfix_final_checks.csv,.csv,2616,2026-05-21T17:37:37,2f34300c2c16b86608fb00a66c26ba1c40dcd6aeb7cd93eaf63f863b653a9612,csv
PUBLIC,PUBLIC\handoff\PUBLIC_17_segmentation_quality_hotfix_260520\PUBLIC_17_segmentation_quality_hotfix_zip_inventory.csv,PUBLIC_17_segmentation_quality_hotfix_zip_inventory.csv,.csv,1228,2026-05-21T17:37:37,b02dad6a5de3381186c4fd97a2813caa7c5402a54c147842353a3fa9b0e66c11,csv
PUBLIC,PUBLIC\handoff\PUBLIC_17_segmentation_quality_hotfix_260520\quality_hotfix_helper.py,quality_hotfix_helper.py,.py,78383,2026-05-21T17:37:37,28d5f009a814276a5d289fc08b541b69baae1582a901e7f12a9006bd150b2265,other
PUBLIC,PUBLIC\handoff\PUBLIC_17_segmentation_quality_hotfix_260520\README.md,README.md,.md,1647,2026-05-21T17:37:37,67d4197c396d8dcfafe59267b2746361f464b88b34d3923430359d2e0f1578bf,md
PUBLIC,PUBLIC\handoff\PUBLIC_17_segmentation_semantic_hotfix_260520\17_hotfix_input_validation.csv,17_hotfix_input_validation.csv,.csv,4458,2026-05-21T17:37:37,1fc50636253fd00273a9e8d9721b119b95168a42d52e20b27e57390f5fac2e75,csv
PUBLIC,PUBLIC\handoff\PUBLIC_17_segmentation_semantic_hotfix_260520\17_hotfix_source_fingerprint_before_after.csv,17_hotfix_source_fingerprint_before_after.csv,.csv,13499,2026-05-21T17:37:37,c129a9c0f83643ca0699bbbf7a64b73b17d408ee873ccd2b3a58208b6b9daa44,csv
PUBLIC,PUBLIC\handoff\PUBLIC_17_segmentation_semantic_hotfix_260520\__pycache__\public_17_semantic_hotfix_runner.cpython-310.pyc,public_17_semantic_hotfix_runner.cpython-310.pyc,.pyc,61687,2026-05-21T17:37:37,407ddc4b8c713e911dc208d67ef481aae9ad7f87189243f55e833d630bc790ac,other
PUBLIC,PUBLIC\handoff\PUBLIC_17_segmentation_semantic_hotfix_260520\PUBLIC_17_segmentation_semantic_hotfix_final_checks.csv,PUBLIC_17_segmentation_semantic_hotfix_final_checks.csv,.csv,6249,2026-05-21T17:37:37,4fa0d671ff6339ff95137de60f91ca11cb27cfd4ae8679bed7cc464d48d859e1,csv
PUBLIC,PUBLIC\handoff\PUBLIC_17_segmentation_semantic_hotfix_260520\PUBLIC_17_segmentation_semantic_hotfix_zip_inventory.csv,PUBLIC_17_segmentation_semantic_hotfix_zip_inventory.csv,.csv,3487,2026-05-21T17:37:37,8735e136ebc0e1e77d0cfe751c816ddec9e9dc05b0455f9283bc5a1cc7c0a4ee,csv
PUBLIC,PUBLIC\handoff\PUBLIC_17_segmentation_semantic_hotfix_260520\public_17_semantic_hotfix_runner.py,public_17_semantic_hotfix_runner.py,.py,83590,2026-05-21T17:37:37,e261ab11665a034cf3d696e8a4ca226c7b118e8bd480af4f46f1b5f84c0d03ce,other
PUBLIC,PUBLIC\handoff\PUBLIC_17_segmentation_semantic_hotfix_260520\README.md,README.md,.md,1303,2026-05-21T17:37:37,484d63fc43404927f14debd25b76a981a2e16757b79bd2ad640f937ed39dd9c3,md
PUBLIC,PUBLIC\handoff\PUBLIC_18_business_storyline_260520\18_business_storyline_helper.py,18_business_storyline_helper.py,.py,54822,2026-05-21T17:37:37,794f1b9ba69c5f60ffcf0b34b06716be9703d8c1858f77a1815bc550773eb88b,other
PUBLIC,PUBLIC\handoff\PUBLIC_18_business_storyline_260520\18_input_validation.csv,18_input_validation.csv,.csv,5441,2026-05-21T17:37:37,193ad4fe0f62189c4b0e19e326bd16f52f831912a5fccd1256a22989e17bffd7,csv
PUBLIC,PUBLIC\handoff\PUBLIC_18_business_storyline_260520\18_source_fingerprint_before_after.csv,18_source_fingerprint_before_after.csv,.csv,11784,2026-05-21T17:37:37,d00fbc51098316158fce152ed7a78a216d946cc9440fc257ed259bd68e39e4da,csv
PUBLIC,PUBLIC\handoff\PUBLIC_18_business_storyline_260520\__pycache__\18_business_storyline_helper.cpython-310.pyc,18_business_storyline_helper.cpython-310.pyc,.pyc,49653,2026-05-21T17:37:37,63c2d6338f573a872554263c3e2d115f665ebf536679851eece0d74643b1c4f1,other
PUBLIC,PUBLIC\handoff\PUBLIC_18_business_storyline_260520\PUBLIC_18_business_storyline_final_checks.csv,PUBLIC_18_business_storyline_final_checks.csv,.csv,2027,2026-05-21T17:37:37,04a568d9dcba9ea8483b37f93aa94c99c8d21470a18672ef9ecb26ce02d59068,csv
PUBLIC,PUBLIC\handoff\PUBLIC_18_business_storyline_260520\PUBLIC_18_business_storyline_zip_inventory.csv,PUBLIC_18_business_storyline_zip_inventory.csv,.csv,953,2026-05-21T17:37:37,b8b45118ca6a20dfd8fae163beea6b6f521c82c67bb007ce15e77ebf5c773d21,csv
PUBLIC,PUBLIC\handoff\PUBLIC_18_business_storyline_260520\README.md,README.md,.md,836,2026-05-21T17:37:37,35b34c9fdcd52efeacbb85b5c01304ca2bb6a8715c789fc2bc4f02fcfff5baa2,md
PUBLIC,PUBLIC\handoff\PUBLIC_18_business_storyline_polish_hotfix_260520\18_hotfix_input_validation.csv,18_hotfix_input_validation.csv,.csv,6101,2026-05-21T17:37:37,6f3d5a1e6b10e04331c28260402996e4ce165937068b91226b7ea3d40cf45444,csv
PUBLIC,PUBLIC\handoff\PUBLIC_18_business_storyline_polish_hotfix_260520\18_hotfix_source_fingerprint_before_after.csv,18_hotfix_source_fingerprint_before_after.csv,.csv,2694,2026-05-21T17:37:37,2addd2b9bad36da15bbb9908c8e5f8b124424ce40a11418cff981a7c51ca8521,csv
PUBLIC,PUBLIC\handoff\PUBLIC_18_business_storyline_polish_hotfix_260520\PUBLIC_18_business_storyline_polish_hotfix_final_checks.csv,PUBLIC_18_business_storyline_polish_hotfix_final_checks.csv,.csv,2857,2026-05-21T17:37:37,b7ec024b4f89b271bd2cb70047ffe4b87219a9d401b246a30ca1ad8ccfb51707,csv
PUBLIC,PUBLIC\handoff\PUBLIC_18_business_storyline_polish_hotfix_260520\PUBLIC_18_business_storyline_polish_hotfix_zip_inventory.csv,PUBLIC_18_business_storyline_polish_hotfix_zip_inventory.csv,.csv,4616,2026-05-21T17:37:37,febc3ddf07a38b7405d55b16d9bc3754ea289f361a24a9aad03abd48d34eec26,csv
PUBLIC,PUBLIC\handoff\PUBLIC_18_business_storyline_polish_hotfix_260520\README.md,README.md,.md,2713,2026-05-21T17:37:37,35ad52a8f520bedb35b194a60f9f3b0b0de4ac8e52360fdf5edc58d8b5e88cc8,md
PUBLIC,PUBLIC\handoff\PUBLIC_lineage_snapshot_20260520_155450\PUBLIC_folder_summary_depth3.csv,PUBLIC_folder_summary_depth3.csv,.csv,4261,2026-05-20T15:54:50,e02cae38738b43f0ff4ea31f6d1da93ae2355108c62675f6580e16df1cb9fdc3,csv
PUBLIC,PUBLIC\handoff\PUBLIC_lineage_snapshot_20260520_155450\PUBLIC_inventory_full.csv,PUBLIC_inventory_full.csv,.csv,25357,2026-05-20T15:54:50,477c852d0a0ca464512f5fcfaacb43c2d1c139812757f0c70895a8d491e63fb9,csv
PUBLIC,PUBLIC\handoff\PUBLIC_lineage_snapshot_20260520_155450\PUBLIC_key_artifact_inventory.csv,PUBLIC_key_artifact_inventory.csv,.csv,12518,2026-05-20T15:54:50,4fe6baa917202b9685e4a47fe41200fb6332fe4284c4d6874bbc1786d2f596f7,csv
PUBLIC,PUBLIC\handoff\PUBLIC_lineage_snapshot_20260520_155450\PUBLIC_note_copy.md,PUBLIC_note_copy.md,.md,63374,2026-05-20T15:53:55,17b569922976e032579dd6f6ba7542ea8b348c2ce68c0c5aaa0fd11400b07ba7,md
PUBLIC,PUBLIC\handoff\PUBLIC_lineage_snapshot_20260520_155450\PUBLIC_notebook_inventory.csv,PUBLIC_notebook_inventory.csv,.csv,1972,2026-05-20T15:54:50,c824222163462e0f91f82a48b349b3757996b85f1ae929a013eeb3ba592521bc,csv
PUBLIC,PUBLIC\handoff\PUBLIC_lineage_snapshot_20260520_155450\PUBLIC_tree_full.txt,PUBLIC_tree_full.txt,.txt,20244,2026-05-20T15:54:50,542f6584346bf7a6fd0447ce0eaa7409fc8fd14650ec5cae842c686f897611d9,other
PUBLIC,PUBLIC\handoff\PUBLIC_lineage_snapshot_20260520_155450\README.md,README.md,.md,444,2026-05-20T15:54:50,4c966a138b8e37bd287f177bb6b586e9a0ee11d1dd258b7bc541756d41eb2245,md
PUBLIC,PUBLIC\handoff\PUBLIC_pipeline_realignment_260520\misnumbered_06_model_artifacts_audit.csv,misnumbered_06_model_artifacts_audit.csv,.csv,5455,2026-05-20T15:53:56,86557822c70780e2da039b91d4299e68366dd8f3869e5246d4b0da08024683ad,csv
PUBLIC,PUBLIC\handoff\PUBLIC_pipeline_realignment_260520\PUBLIC_06xy_notebook_relocation_260520.csv,PUBLIC_06xy_notebook_relocation_260520.csv,.csv,433,2026-05-20T15:53:04,34e0fb55cbf94b9194ac3865c0ca08bbab0577c23cd148d252299306c5c4a7b5,csv
PUBLIC,PUBLIC\handoff\PUBLIC_pipeline_realignment_260520\PUBLIC_existing_inventory_before_realignment.csv,PUBLIC_existing_inventory_before_realignment.csv,.csv,52404,2026-05-20T15:53:56,645af9dc4151de9cbcd090ab060ae99855d1bcf74d6974052e581a79f0283419,csv
PUBLIC,PUBLIC\handoff\PUBLIC_pipeline_realignment_260520\PUBLIC_pipeline_realignment_final_checks.csv,PUBLIC_pipeline_realignment_final_checks.csv,.csv,2299,2026-05-20T15:53:04,1594406b5d55628fd77d43f0d110e7377e59a21f768789b212267f176048080b,csv
PUBLIC,PUBLIC\handoff\PUBLIC_pipeline_realignment_260520\PUBLIC_pipeline_realignment_zip_inventory.csv,PUBLIC_pipeline_realignment_zip_inventory.csv,.csv,1510,2026-05-20T15:53:58,8bd7455e84722a942bed9779df92b0bbc2ba75f4fc29ca0d91d1d5a2ec59b87f,csv
PUBLIC,PUBLIC\handoff\PUBLIC_pipeline_realignment_260520\PUBLIC_pipeline_stage_map_260520.csv,PUBLIC_pipeline_stage_map_260520.csv,.csv,8841,2026-05-20T15:53:56,8e2a38249793de251078d75a923c2e3f46a3d5d21827cf23041a922fdd0e8500,csv
PUBLIC,PUBLIC\handoff\PUBLIC_pipeline_realignment_260520\README.md,README.md,.md,2652,2026-05-20T15:53:56,bf69af54468c0259a8eeb4bae5839d138f6522d7e3d25f94c242b2746124b530,md
PUBLIC,PUBLIC\handoff\PUBLIC_pipeline_realignment_260520\run_realignment_260520.py,run_realignment_260520.py,.py,32866,2026-05-20T15:53:56,a6edf16f6c449a4a21b0e9a5fa2bfca3bd782b70397ab1ce41c55c680cb9cca7,other
PUBLIC,PUBLIC\handoff\PUBLIC_structure_correction_2_260520\PUBLIC_99_model_selections_manifest.csv,PUBLIC_99_model_selections_manifest.csv,.csv,6582,2026-05-20T16:08:10,a4b22d73fa7690fa4c46d460b2abcad6c5b4e1f500484134b85f600e50026662,csv
PUBLIC,PUBLIC\handoff\PUBLIC_structure_correction_2_260520\PUBLIC_inventory_before_correction2.csv,PUBLIC_inventory_before_correction2.csv,.csv,56072,2026-05-20T16:08:10,00e92d04bfd6850ca81e1d2fc081697159a7036eb48159ed18f39efd00e09316,csv
PUBLIC,PUBLIC\handoff\PUBLIC_structure_correction_2_260520\PUBLIC_results_model_reference_manifest.csv,PUBLIC_results_model_reference_manifest.csv,.csv,3152,2026-05-20T16:08:10,8cc952ab08058b1d318b479823e2930b3a2aa23ac8fc45f07ccd9b82f7b7da3c,csv
PUBLIC,PUBLIC\handoff\PUBLIC_structure_correction_2_260520\PUBLIC_structure_correction_2_final_checks.csv,PUBLIC_structure_correction_2_final_checks.csv,.csv,4056,2026-05-20T16:10:14,8003fe6bce686c793057117f77a586804a2c1fbbdead04fec7907e677e05a7e9,csv
PUBLIC,PUBLIC\handoff\PUBLIC_structure_correction_2_260520\PUBLIC_structure_correction_2_zip_inventory.csv,PUBLIC_structure_correction_2_zip_inventory.csv,.csv,1624,2026-05-20T16:10:14,91a54bc772f45f83e271e9f0c42c2e895f8cc6f8dd8491355666adf5927a5946,csv
PUBLIC,PUBLIC\handoff\PUBLIC_structure_correction_2_260520\README.md,README.md,.md,6503,2026-05-20T16:10:14,cd95a7caffa88973ea6b4434fd4529d523bfaf92dd3d16f88807c866d279c405,md
PUBLIC,PUBLIC\note.md,note.md,.md,136156,2026-05-21T17:38:46,b3d70c83a311fe279c58b4dc7e4e33bb81a068c60386352397d31e9ec408fd55,md
PUBLIC,PUBLIC\notebooks\06_dataset_260520\06x_dataset_generation_260515.ipynb,06x_dataset_generation_260515.ipynb,.ipynb,49286,2026-05-20T13:33:51,980ce31ee4a9611a2d5abcd7413183d7262ea62bdab701f162c0e60688c48e83,notebook
PUBLIC,PUBLIC\notebooks\06_dataset_260520\06y_promo_split_260520.ipynb,06y_promo_split_260520.ipynb,.ipynb,18001,2026-05-20T13:34:11,be3d003bc1d8055e090df1f8af160a73cccc7084b23aa484500766e7c9d0afa3,notebook
PUBLIC,PUBLIC\notebooks\06_dataset_260520\README.md,README.md,.md,2289,2026-05-20T16:08:10,8325b3196c0d0393a0326e069bc921240cedb3181263e1102df55833c37cc09f,md
PUBLIC,PUBLIC\notebooks\06z_gb_promo0_logretention_only.ipynb,06z_gb_promo0_logretention_only.ipynb,.ipynb,49630,2026-05-21T17:37:39,cb40477dbe745787d5eeff5284fa33e234be70a59ad068bdeea04b0797e70b69,notebook
PUBLIC,PUBLIC\notebooks\07_feature_mapping_AARRR_260520\README.md,README.md,.md,1351,2026-05-20T16:08:10,0c367d7a1bb3a66d19eb24c691a10d2b0bb10aff8e98a1e72ef963dea62ec114,md
PUBLIC,PUBLIC\notebooks\08_promotion_nonpromotion_EDA_260520\README.md,README.md,.md,1422,2026-05-20T16:08:10,5784945c3b4341a5cd8242742865d8f20c38c545357892e40ff3fc7b07ee815d,md
PUBLIC,PUBLIC\notebooks\09_promotion_repurchase_2x2_EDA_260520\README.md,README.md,.md,1422,2026-05-20T16:08:10,05d6bc5e0e0ae8e2a37079f9a355766967152a673ba88c90f866a8cbf3103bd7,md
PUBLIC,PUBLIC\notebooks\10_feature_distribution_redundancy_pre_audit_260520\README.md,README.md,.md,1445,2026-05-20T16:08:10,73d417c27884ce12e5a08aa9dbe53af8d294e14e7e5d1855babf37960be5dd60,md
PUBLIC,PUBLIC\notebooks\11_baseline_growth_comparison_260520\11_lr_baseline_promo0.ipynb,11_lr_baseline_promo0.ipynb,.ipynb,36581,2026-05-21T17:37:37,b9f52dbfdb9b4d3d8566d9eb0ffa2d85848c02d06baeb4bb32f2fece46fce8d5,notebook
PUBLIC,PUBLIC\notebooks\11_baseline_growth_comparison_260520\11_lr_baseline_promo1.ipynb,11_lr_baseline_promo1.ipynb,.ipynb,36670,2026-05-21T17:37:37,318f722ed7880626d79cde533346dcbb74b67fb186c668ffc8f753fae58b5a30,notebook
PUBLIC,PUBLIC\notebooks\11_baseline_growth_comparison_260520\README.md,README.md,.md,985,2026-05-20T17:02:28,7cd25f4f6eef5f0265f7b5350cfe94ef8f21591e5bef370f32c8d4b04fe2e14b,md
PUBLIC,PUBLIC\notebooks\12_model_family_comparison_260520\12_gradientboosting_promo0.ipynb,12_gradientboosting_promo0.ipynb,.ipynb,49572,2026-05-21T17:37:37,cc70918a1e61cea45fd27b6fdaf7a127235aa363aaf56814a48734d16d1978ac,notebook
PUBLIC,PUBLIC\notebooks\12_model_family_comparison_260520\12_gradientboosting_promo1.ipynb,12_gradientboosting_promo1.ipynb,.ipynb,49695,2026-05-21T17:37:37,4f1ae1f6b0b47444d02a7846115da456cf37f98cf24862fc4070895357eb9008,notebook
PUBLIC,PUBLIC\notebooks\12_model_family_comparison_260520\README.md,README.md,.md,863,2026-05-20T17:02:28,fce80a9ffdbedd7a88d13d8f8c844311a82898226f54e1ffe4a8cd89208600e2,md
PUBLIC,PUBLIC\notebooks\14_candidate_tuning_260520\README.md,README.md,.md,1390,2026-05-20T16:08:10,eac0298abbc59bb475a4adb3e300d1736f6c80e8a22a5a6892bef0731f77ebbd,md
PUBLIC,PUBLIC\notebooks\15_oof_score_or_sensitivity_260520\15_four_model_oof_score_generation_260520.ipynb,15_four_model_oof_score_generation_260520.ipynb,.ipynb,13765,2026-05-21T17:37:37,bfac0db4324999b4e827c0dcec98cadbc1112b38c7be21763f10813487652a4f,notebook
PUBLIC,PUBLIC\notebooks\15_oof_score_or_sensitivity_260520\15_four_model_oof_score_generation_260520_executed.ipynb,15_four_model_oof_score_generation_260520_executed.ipynb,.ipynb,25682,2026-05-21T17:37:37,e315464952dfca8984b8cd9d3889a2ea84d1983ca126ad07cb06fc4438800183,notebook
PUBLIC,PUBLIC\notebooks\15_oof_score_or_sensitivity_260520\15_four_model_oof_score_generation_hotfix_260520.ipynb,15_four_model_oof_score_generation_hotfix_260520.ipynb,.ipynb,1035,2026-05-21T17:37:37,2fb9743989104857cee05d7191b23b202eb8143daef7711d64b17b4e8521b1ca,notebook
PUBLIC,PUBLIC\notebooks\15_oof_score_or_sensitivity_260520\15_four_model_oof_score_generation_hotfix_260520_executed.ipynb,15_four_model_oof_score_generation_hotfix_260520_executed.ipynb,.ipynb,3572,2026-05-21T17:37:37,e363f5fdc9d03dff25de76855958b7ab1bb34509a9ef23eb99812d95a083147c,notebook
PUBLIC,PUBLIC\notebooks\15_oof_score_or_sensitivity_260520\README.md,README.md,.md,1393,2026-05-20T16:08:10,42e6422252c0dc388205a65e776a97fe08b7936de02fa450d612f18a926660dd,md
PUBLIC,PUBLIC\notebooks\16_SHAP_candidate_interpretation_260520\16_four_model_SHAP_candidate_interpretation_260520.ipynb,16_four_model_SHAP_candidate_interpretation_260520.ipynb,.ipynb,1473,2026-05-21T17:37:37,fbfeb9c63167cd60869324d5009e2483f922c1dc1ff1e1e0c8f6c4bad14c68da,notebook
PUBLIC,PUBLIC\notebooks\16_SHAP_candidate_interpretation_260520\16_four_model_SHAP_candidate_interpretation_260520_executed.ipynb,16_four_model_SHAP_candidate_interpretation_260520_executed.ipynb,.ipynb,3871,2026-05-21T17:37:37,92bd09b93c5c29acf4fddc8084b43eef229227b89ff5fb81d6b8be6393289232,notebook
PUBLIC,PUBLIC\notebooks\16_SHAP_candidate_interpretation_260520\16b_feature_family_mapping_hotfix_260520.ipynb,16b_feature_family_mapping_hotfix_260520.ipynb,.ipynb,1404,2026-05-21T17:37:37,5dcdbecbc6f17f6ba9773ffedb2ae3c286451766a1b7643c9bf438977d133b26,notebook
PUBLIC,PUBLIC\notebooks\16_SHAP_candidate_interpretation_260520\16b_feature_family_mapping_hotfix_260520_executed.ipynb,16b_feature_family_mapping_hotfix_260520_executed.ipynb,.ipynb,2240,2026-05-21T17:37:37,349e577efddef2ec7cb9cacc4ae493295e92203c9e1de5c89528e43bbfe5d3d5,notebook
PUBLIC,PUBLIC\notebooks\16_SHAP_candidate_interpretation_260520\README.md,README.md,.md,1355,2026-05-20T16:08:10,3cf96e4a74ac23ba6db207c789939a227ed69b05b2818f665948f67554c31b46,md
PUBLIC,PUBLIC\notebooks\17_segmentation_design_260520\17_demographic_action_layer_hotfix_260520.ipynb,17_demographic_action_layer_hotfix_260520.ipynb,.ipynb,1468,2026-05-21T17:37:37,56b084a90ee0c3a0601085d5772fd0f68052391676d8a2c8c250f1a45ebddbac,notebook
PUBLIC,PUBLIC\notebooks\17_segmentation_design_260520\17_demographic_action_layer_hotfix_260520_executed.ipynb,17_demographic_action_layer_hotfix_260520_executed.ipynb,.ipynb,2637,2026-05-21T17:37:37,90f9fa423052737c617969089133bfb476e5aca7a2722ee1666d7104daaf2ec3,notebook
PUBLIC,PUBLIC\notebooks\17_segmentation_design_260520\17_promo_scope_oof_behavior_segmentation_260520.ipynb,17_promo_scope_oof_behavior_segmentation_260520.ipynb,.ipynb,1412,2026-05-21T17:37:37,78bec0fd1549d97ac3b08068f5049707e50949e1eb465d619a95430dcabb5689,notebook
PUBLIC,PUBLIC\notebooks\17_segmentation_design_260520\17_promo_scope_oof_behavior_segmentation_260520_executed.ipynb,17_promo_scope_oof_behavior_segmentation_260520_executed.ipynb,.ipynb,2161,2026-05-21T17:37:37,b507b5496bfbdb032eea2c698d7fd9ebee8fada459abb31b5d2d94bb60fec3ba,notebook
PUBLIC,PUBLIC\notebooks\17_segmentation_design_260520\17_promo_scope_oof_behavior_segmentation_hotfix_260520.ipynb,17_promo_scope_oof_behavior_segmentation_hotfix_260520.ipynb,.ipynb,1296,2026-05-21T17:37:37,b64cffe12d4fffbab9ec377ba67519942cfd2928e1167bc5af975a488b694992,notebook
PUBLIC,PUBLIC\notebooks\17_segmentation_design_260520\17_promo_scope_oof_behavior_segmentation_hotfix_260520_executed.ipynb,17_promo_scope_oof_behavior_segmentation_hotfix_260520_executed.ipynb,.ipynb,2547,2026-05-21T17:37:37,7499ef4b923846e9a57e5d3084e1e19ad5b730f55b280c11a2492a37c00dd5a1,notebook
PUBLIC,PUBLIC\notebooks\17_segmentation_design_260520\17_segmentation_quality_hotfix_260520.ipynb,17_segmentation_quality_hotfix_260520.ipynb,.ipynb,1355,2026-05-21T17:37:37,022e51bb556c96ce78abbb38c3d11a3dbc9c4160f9ef71d0c54c6ef3aa827da8,notebook
PUBLIC,PUBLIC\notebooks\17_segmentation_design_260520\17_segmentation_quality_hotfix_260520_executed.ipynb,17_segmentation_quality_hotfix_260520_executed.ipynb,.ipynb,2521,2026-05-21T17:37:37,0428f321c4ee7656ef9f2442dfbd8de9cfc439de003244c3925904e3abfd1fe6,notebook
PUBLIC,PUBLIC\notebooks\17_segmentation_design_260520\README.md,README.md,.md,1407,2026-05-20T16:08:10,30bbb836711de924f3d98febd930a272b1cfa04311aed76882d21432be5c9747,md
PUBLIC,PUBLIC\notebooks\18_business_recommendation_storyline_260520\18_business_storyline_and_visual_guide_260520.ipynb,18_business_storyline_and_visual_guide_260520.ipynb,.ipynb,1250,2026-05-21T17:37:37,42573f78f8f1abb4d9e81d120ed14a406c593fd3e353c54e13ca290a484647fc,notebook
PUBLIC,PUBLIC\notebooks\18_business_recommendation_storyline_260520\18_business_storyline_and_visual_guide_260520_executed.ipynb,18_business_storyline_and_visual_guide_260520_executed.ipynb,.ipynb,2206,2026-05-21T17:37:37,d5968ad73a56709ede41d299fb80c3bfbecbec16fc6c65bb2282d3db38d9a297,notebook
PUBLIC,PUBLIC\notebooks\18_business_recommendation_storyline_260520\18_business_storyline_polish_hotfix_260520.ipynb,18_business_storyline_polish_hotfix_260520.ipynb,.ipynb,8394,2026-05-21T17:37:37,facd523d3f7db77ff6ac82034550d11d0d737bde8ee0b26e715e35c66d65b156,notebook
PUBLIC,PUBLIC\notebooks\18_business_recommendation_storyline_260520\18_business_storyline_polish_hotfix_260520_executed.ipynb,18_business_storyline_polish_hotfix_260520_executed.ipynb,.ipynb,11946,2026-05-21T17:37:37,41f98f78d8a8adf96451cfeded1eac0f0af7926f031878a2b226041691876bdc,notebook
PUBLIC,PUBLIC\notebooks\18_business_recommendation_storyline_260520\README.md,README.md,.md,1475,2026-05-20T16:08:10,8f2c4cb23b0b345e41f56b5b19d485913fa6ebf464cfeb0029e6601991530079,md
PUBLIC,PUBLIC\README.md,README.md,.md,807,2026-05-20T15:52:37,256f619eacea1d7592e412986cad6879840cbd1c64bc06d31a72eff613ea3cb0,md
PUBLIC,PUBLIC\reports\business\18_business_recommendation_storyline_260520\18_business_storyline_memo.md,18_business_storyline_memo.md,.md,22831,2026-05-21T17:37:37,89666a984bebea908c5e9b769ca492cc4b2a298c4ac13f6ea926dc873ae4ba2f,md
PUBLIC,PUBLIC\reports\business\18_business_recommendation_storyline_260520\18_canonical_segment_set_for_storyline.csv,18_canonical_segment_set_for_storyline.csv,.csv,2869,2026-05-21T17:37:37,e3ee95dfb1b159c15a45436b690defa7bdcc9b1bd347c391295d551dd54736d5,csv
PUBLIC,PUBLIC\reports\business\18_business_recommendation_storyline_260520\18_dashboard_handoff_datamart.csv,18_dashboard_handoff_datamart.csv,.csv,3291,2026-05-21T17:37:37,908182a2bd43b58451921c7c7d616975e51d071a5914374160401e0f548a3b56,csv
PUBLIC,PUBLIC\reports\business\18_business_recommendation_storyline_260520\18_demographic_action_candidate_selection.csv,18_demographic_action_candidate_selection.csv,.csv,22508,2026-05-21T17:37:37,ce8b06b251bc405fc67372105573c2525485ba4ab57f5e9b21142d70a245dda5,csv
PUBLIC,PUBLIC\reports\business\18_business_recommendation_storyline_260520\18_presentation_talking_points.md,18_presentation_talking_points.md,.md,3799,2026-05-21T17:37:37,867dcb233a7b0e4d8e2bff6df7147fa90c069f552980623b522a02dd6f37d0dd,md
PUBLIC,PUBLIC\reports\business\18_business_recommendation_storyline_260520\18_promo1_vs_promo0_storyline_comparison.csv,18_promo1_vs_promo0_storyline_comparison.csv,.csv,2693,2026-05-21T17:37:37,ea998a40abb275c96481b40e955f4f4dd1380b0b9e3d3db25e7c609df2761fdc,csv
PUBLIC,PUBLIC\reports\business\18_business_recommendation_storyline_260520\18_safe_unsafe_wording.csv,18_safe_unsafe_wording.csv,.csv,1753,2026-05-21T17:37:37,3ee5c20361f183e0310dce1a423c492aaa955c6e17abbc68c5bcf4399db716e8,csv
PUBLIC,PUBLIC\reports\business\18_business_recommendation_storyline_260520\18_segment_business_action_matrix.csv,18_segment_business_action_matrix.csv,.csv,6685,2026-05-21T17:37:37,f933150aa0204b8f9ede384eecd46b0b92e3040b3454c7c88b298b2d5b2a6341,csv
PUBLIC,PUBLIC\reports\business\18_business_recommendation_storyline_260520\18_segment_visual_guide_v2.html,18_segment_visual_guide_v2.html,.html,13571,2026-05-21T17:37:37,3fc72908712105c37d43334dfa5d6b27ae54a3c7fab28d0b81f93b5166a7223b,html
PUBLIC,PUBLIC\reports\business\18_business_recommendation_storyline_260520\README.md,README.md,.md,1352,2026-05-21T17:37:37,b0633180b3a2f5fc45276be4abe50a9295ef93dfddbd70f4243dbfb818e8195c,md
PUBLIC,PUBLIC\reports\business\18_business_recommendation_storyline_hotfix_260520\18_business_storyline_memo_hotfix.md,18_business_storyline_memo_hotfix.md,.md,25945,2026-05-21T17:37:37,d7ac45ea779d68b992e7681b10169c81ae79d55f809ae55ba378551894682a72,md
PUBLIC,PUBLIC\reports\business\18_business_recommendation_storyline_hotfix_260520\18_dashboard_handoff_datamart_hotfix.csv,18_dashboard_handoff_datamart_hotfix.csv,.csv,3088,2026-05-21T17:37:37,ecbdb0d491da6c4364417e9e6c5e56a9d995f70ceb003c77b56b323bd88f7cb3,csv
PUBLIC,PUBLIC\reports\business\18_business_recommendation_storyline_hotfix_260520\18_demographic_action_candidate_shortlist_hotfix.csv,18_demographic_action_candidate_shortlist_hotfix.csv,.csv,6030,2026-05-21T17:37:37,1e911c2abfe802a4005301b0029ef041d84f5f0689f667d26316e7de13a4cba1,csv
PUBLIC,PUBLIC\reports\business\18_business_recommendation_storyline_hotfix_260520\18_existing_storyline_quality_audit.csv,18_existing_storyline_quality_audit.csv,.csv,3281,2026-05-21T17:37:37,9a07e3837c0d50da6a1c6ac315d79f6d796d4b70ac6ac49f5c0c7425d13f6d9d,csv
PUBLIC,PUBLIC\reports\business\18_business_recommendation_storyline_hotfix_260520\18_presentation_talking_points_hotfix.md,18_presentation_talking_points_hotfix.md,.md,11452,2026-05-21T17:37:37,dcc195c96c8da83002aa543a1161ea79f113848429ad535a573f8f2f8cd866e5,md
PUBLIC,PUBLIC\reports\business\18_business_recommendation_storyline_hotfix_260520\18_promo0_comparison_reference_hotfix.csv,18_promo0_comparison_reference_hotfix.csv,.csv,2192,2026-05-21T17:37:37,00803a9a3d6041affbd59852960654a449e2ddbb6fc337b91f086f585ccabd48,csv
PUBLIC,PUBLIC\reports\business\18_business_recommendation_storyline_hotfix_260520\18_promo1_main_business_action_matrix_hotfix.csv,18_promo1_main_business_action_matrix_hotfix.csv,.csv,3490,2026-05-21T17:37:37,178186ff7012d1e165bb1b566ee74160e5f75bcf8012704e26898a8e9e250721,csv
PUBLIC,PUBLIC\reports\business\18_business_recommendation_storyline_hotfix_260520\18_safe_unsafe_wording_hotfix.csv,18_safe_unsafe_wording_hotfix.csv,.csv,2761,2026-05-21T17:37:37,f9816fa40cc0732d92262a5d7e17eec154c2759b9eda8e333cfaa25feff11dc8,csv
PUBLIC,PUBLIC\reports\business\18_business_recommendation_storyline_hotfix_260520\18_segment_visual_guide_v2_polished.html,18_segment_visual_guide_v2_polished.html,.html,51223,2026-05-21T17:37:37,fc744468ac848680004453682e8c1376d97f33efc7413e2e87a7dbe62643b329,html
PUBLIC,PUBLIC\reports\business\18_business_recommendation_storyline_hotfix_260520\18_storyline_comparison_clean_hotfix.csv,18_storyline_comparison_clean_hotfix.csv,.csv,2167,2026-05-21T17:37:37,f0382355ef67f8088af21e4689e15efc4bade845a012faae14c6f4fe7e2a0190,csv
PUBLIC,PUBLIC\reports\business\18_business_recommendation_storyline_hotfix_260520\README.md,README.md,.md,5776,2026-05-21T17:37:37,aebaffbeab1a1c47c3ed720f54c4bd3ea519ad40aa24ac358ad8324071dcaa58,md
PUBLIC,PUBLIC\reports\figures\16_SHAP_candidate_interpretation_260520\16_fig_family_importance_by_scope.png,16_fig_family_importance_by_scope.png,.png,145161,2026-05-21T17:37:37,7debe9f8b97640a7a7d3e523c04edc8ef78a811d720044e19c2bd4f22c48c408,figure
PUBLIC,PUBLIC\reports\figures\16_SHAP_candidate_interpretation_260520\16_fig_gb_promo0_top20_shap_bar.png,16_fig_gb_promo0_top20_shap_bar.png,.png,77047,2026-05-21T17:37:37,fb2fcb5f5edd5fd72ebc660af003c0f4871ef75eedf6f2ae762951f5b47ea685,figure
PUBLIC,PUBLIC\reports\figures\16_SHAP_candidate_interpretation_260520\16_fig_gb_promo1_top20_shap_bar.png,16_fig_gb_promo1_top20_shap_bar.png,.png,79413,2026-05-21T17:37:37,2192f362bd2ee3b6a6dac399ab8ff58cc7a0b5f91d8de1bf69f25ed5962d305c,figure
PUBLIC,PUBLIC\reports\figures\16_SHAP_candidate_interpretation_260520\16_fig_lr_promo0_top20_coef_bar.png,16_fig_lr_promo0_top20_coef_bar.png,.png,82501,2026-05-21T17:37:37,d99da76969da3058e1fe7f53cf9087a4209b90f8e514d52fb77f9060f6c1667f,figure
PUBLIC,PUBLIC\reports\figures\16_SHAP_candidate_interpretation_260520\16_fig_lr_promo1_top20_coef_bar.png,16_fig_lr_promo1_top20_coef_bar.png,.png,79089,2026-05-21T17:37:37,7ea25feb7b0658d921c256e82350930945c6875395fdf56e202c5966372c41b7,figure
PUBLIC,PUBLIC\reports\figures\16_SHAP_candidate_interpretation_260520\16_fig_promo1_vs_promo0_family_comparison.png,16_fig_promo1_vs_promo0_family_comparison.png,.png,124440,2026-05-21T17:37:37,aac00334023e02513396ec48c7e01eda37c73b0f8c0b46f5e7804406eb8034cc,figure
PUBLIC,PUBLIC\results\11_baseline_growth_comparison_260520\emergency_four_model_reference\gradient_boosting_promo0\feature_manifest_used.csv,feature_manifest_used.csv,.csv,1818,2026-05-21T17:37:37,b2843a36ff3ea9fa9cb5e4ec91743573f063cb8eec4780117e45ea005a9afa70,csv
PUBLIC,PUBLIC\results\11_baseline_growth_comparison_260520\emergency_four_model_reference\gradient_boosting_promo0\final_result.csv,final_result.csv,.csv,1098,2026-05-21T17:37:37,5a92d7f0bca048d633bd5b945ee044c946186082031825de68da32cfeb65a14e,csv
PUBLIC,PUBLIC\results\11_baseline_growth_comparison_260520\emergency_four_model_reference\gradient_boosting_promo0\SOURCE_POINTER.txt,SOURCE_POINTER.txt,.txt,558,2026-05-21T17:37:37,8fa3b7cea9c621ed84fa4cd3cd7e29293fe85a5e0006b61cfe02636eb8af032b,other
PUBLIC,PUBLIC\results\11_baseline_growth_comparison_260520\emergency_four_model_reference\gradient_boosting_promo0\trials_all.csv,trials_all.csv,.csv,14385,2026-05-21T17:37:37,355eee14be0c36a4715dadcdb4b918918a2579af62c8e8d7f814337d3898291a,csv
PUBLIC,PUBLIC\results\11_baseline_growth_comparison_260520\emergency_four_model_reference\gradient_boosting_promo1\feature_manifest_used.csv,feature_manifest_used.csv,.csv,1818,2026-05-21T17:37:37,b2843a36ff3ea9fa9cb5e4ec91743573f063cb8eec4780117e45ea005a9afa70,csv
PUBLIC,PUBLIC\results\11_baseline_growth_comparison_260520\emergency_four_model_reference\gradient_boosting_promo1\final_result.csv,final_result.csv,.csv,1130,2026-05-21T17:37:37,cb67141fe1c0ef0482cb0b6f40764c862b044f8de8ff069dc8994da7b41c5210,csv
PUBLIC,PUBLIC\results\11_baseline_growth_comparison_260520\emergency_four_model_reference\gradient_boosting_promo1\SOURCE_POINTER.txt,SOURCE_POINTER.txt,.txt,558,2026-05-21T17:37:37,4833361cf8745493c95b4daf867374dc724d8d427d8e8b1d0285514f90958dcf,other
PUBLIC,PUBLIC\results\11_baseline_growth_comparison_260520\emergency_four_model_reference\gradient_boosting_promo1\trials_all.csv,trials_all.csv,.csv,14408,2026-05-21T17:37:37,c125274e6aa6d297686583b04a6d36819e460b1b2637dac1ee4eecdf7c0d28b1,csv
PUBLIC,PUBLIC\results\11_baseline_growth_comparison_260520\emergency_four_model_reference\logistic_regression_promo0\feature_manifest_used.csv,feature_manifest_used.csv,.csv,1818,2026-05-21T17:37:37,b2843a36ff3ea9fa9cb5e4ec91743573f063cb8eec4780117e45ea005a9afa70,csv
PUBLIC,PUBLIC\results\11_baseline_growth_comparison_260520\emergency_four_model_reference\logistic_regression_promo0\final_result.csv,final_result.csv,.csv,926,2026-05-21T17:37:37,0e16f6e79fd3b3adc3587e425323e315ad522041c85bfbd0d1c9a1cd24f34999,csv
PUBLIC,PUBLIC\results\11_baseline_growth_comparison_260520\emergency_four_model_reference\logistic_regression_promo0\SOURCE_POINTER.txt,SOURCE_POINTER.txt,.txt,558,2026-05-21T17:37:37,f4aa2c26d28294c9399f326abbed108f5a3270d545c03be5e74296e0bb28342d,other
PUBLIC,PUBLIC\results\11_baseline_growth_comparison_260520\emergency_four_model_reference\logistic_regression_promo0\trials_all.csv,trials_all.csv,.csv,11590,2026-05-21T17:37:37,b41726a03e93c5c5e12359ba038ce536c7347c58b894f8c5b608f72835d5dcf5,csv
PUBLIC,PUBLIC\results\11_baseline_growth_comparison_260520\emergency_four_model_reference\logistic_regression_promo1\feature_manifest_used.csv,feature_manifest_used.csv,.csv,1818,2026-05-21T17:37:37,b2843a36ff3ea9fa9cb5e4ec91743573f063cb8eec4780117e45ea005a9afa70,csv
PUBLIC,PUBLIC\results\11_baseline_growth_comparison_260520\emergency_four_model_reference\logistic_regression_promo1\final_result.csv,final_result.csv,.csv,930,2026-05-21T17:37:37,ee1b84fb352cfcd91c5beb75c39fed692e9f29ebca3e983a31b51a07675d9bcf,csv
PUBLIC,PUBLIC\results\11_baseline_growth_comparison_260520\emergency_four_model_reference\logistic_regression_promo1\SOURCE_POINTER.txt,SOURCE_POINTER.txt,.txt,558,2026-05-21T17:37:37,9c85eadcd7f7a946a2605b169e49221f42ec034900f265e8cfe18f369dc46aed,other
PUBLIC,PUBLIC\results\11_baseline_growth_comparison_260520\emergency_four_model_reference\logistic_regression_promo1\trials_all.csv,trials_all.csv,.csv,11675,2026-05-21T17:37:37,ae18babb375dc15251e2a7fcd9ce41f4e6d18763f9c9a862c07ad349b9155942,csv
PUBLIC,PUBLIC\results\11_baseline_growth_comparison_260520\lr_baseline_promo0\feature_manifest_used.csv,feature_manifest_used.csv,.csv,1818,2026-05-21T17:37:37,b2843a36ff3ea9fa9cb5e4ec91743573f063cb8eec4780117e45ea005a9afa70,csv
PUBLIC,PUBLIC\results\11_baseline_growth_comparison_260520\lr_baseline_promo0\final_result.csv,final_result.csv,.csv,926,2026-05-21T17:37:37,0e16f6e79fd3b3adc3587e425323e315ad522041c85bfbd0d1c9a1cd24f34999,csv
PUBLIC,PUBLIC\results\11_baseline_growth_comparison_260520\lr_baseline_promo0\trials_all.csv,trials_all.csv,.csv,11590,2026-05-21T17:37:37,b41726a03e93c5c5e12359ba038ce536c7347c58b894f8c5b608f72835d5dcf5,csv
PUBLIC,PUBLIC\results\11_baseline_growth_comparison_260520\lr_baseline_promo1\feature_manifest_used.csv,feature_manifest_used.csv,.csv,1818,2026-05-21T17:37:37,b2843a36ff3ea9fa9cb5e4ec91743573f063cb8eec4780117e45ea005a9afa70,csv
PUBLIC,PUBLIC\results\11_baseline_growth_comparison_260520\lr_baseline_promo1\final_result.csv,final_result.csv,.csv,930,2026-05-21T17:37:37,ee1b84fb352cfcd91c5beb75c39fed692e9f29ebca3e983a31b51a07675d9bcf,csv
PUBLIC,PUBLIC\results\11_baseline_growth_comparison_260520\lr_baseline_promo1\trials_all.csv,trials_all.csv,.csv,11675,2026-05-21T17:37:37,ae18babb375dc15251e2a7fcd9ce41f4e6d18763f9c9a862c07ad349b9155942,csv
PUBLIC,PUBLIC\results\11_baseline_growth_comparison_260520\README.md,README.md,.md,2645,2026-05-21T17:37:37,48435665103572bfa7eb36260e767f28b76110c9385fb6414d95653a181f271e,md
PUBLIC,PUBLIC\results\12_model_family_comparison_260520\four_model_comparison_review\12_final_result_metric_summary.csv,12_final_result_metric_summary.csv,.csv,2994,2026-05-21T17:37:37,0b05887661e2dcf13d98cff532fd73da2c331d1487eaf7ffeda542d2f83314a7,csv
PUBLIC,PUBLIC\results\12_model_family_comparison_260520\four_model_comparison_review\12_high_auc_suspicion_audit.csv,12_high_auc_suspicion_audit.csv,.csv,2763,2026-05-21T17:37:37,9dc881ab8fc0be6225d2b690b8546530111c043fd7adf51dcd526fb8b883b7bc,csv
PUBLIC,PUBLIC\results\12_model_family_comparison_260520\four_model_comparison_review\12_leakage_proxy_feature_audit.csv,12_leakage_proxy_feature_audit.csv,.csv,2347,2026-05-21T17:37:37,202872bc42eac253e7511b737058d1b9d22f4fefa2dc0e40c77078461ad3e688,csv
PUBLIC,PUBLIC\results\12_model_family_comparison_260520\four_model_comparison_review\12_log_retention_condition_check.csv,12_log_retention_condition_check.csv,.csv,1562,2026-05-21T17:37:37,ce50d001620ebca434f37ea14cd2a9a9bb96b6925696eeb8417decc4feb43eeb,csv
PUBLIC,PUBLIC\results\12_model_family_comparison_260520\four_model_comparison_review\12_oof_readiness_decision.csv,12_oof_readiness_decision.csv,.csv,2573,2026-05-21T17:37:37,2b1a076bbcf25f2dfa3fcf0001d655eff28469c657b3f7192c01dfc9a488d0a7,csv
PUBLIC,PUBLIC\results\12_model_family_comparison_260520\four_model_comparison_review\12_scopewise_gb_vs_lr_comparison.csv,12_scopewise_gb_vs_lr_comparison.csv,.csv,1752,2026-05-21T17:37:37,789e4fd910f301e3aee1da5f0c54828a4f8d62e88db7433451e4b0df6dc74667,csv
PUBLIC,PUBLIC\results\12_model_family_comparison_260520\four_model_comparison_review\12_split_policy_audit.csv,12_split_policy_audit.csv,.csv,1672,2026-05-21T17:37:37,a2a75afdb96f1740beb512b99de93c88acc69e9eb8f5dee65354b948652db5bd,csv
PUBLIC,PUBLIC\results\12_model_family_comparison_260520\four_model_comparison_review\12_trials_overfit_stability_summary.csv,12_trials_overfit_stability_summary.csv,.csv,1313,2026-05-21T17:37:37,a9ae7d6cc5dbf7fcb90f5f932a4e5be47818026411050672be90ef60a225d5d5,csv
PUBLIC,PUBLIC\results\12_model_family_comparison_260520\four_model_comparison_review\README.md,README.md,.md,5283,2026-05-21T17:37:37,e1ed4e698036bbe14b5510db8b94103187cce64709a4bc4c108c73d671d598fd,md
PUBLIC,PUBLIC\results\12_model_family_comparison_260520\four_model_comparison_review_hotfix_user_confirmed\12_hotfix_summary.md,12_hotfix_summary.md,.md,3360,2026-05-21T17:37:37,f1fec7b5e549800b4001c045ceec94259c9484e59ac2fa2dcb750a0aac58afd9,md
PUBLIC,PUBLIC\results\12_model_family_comparison_260520\four_model_comparison_review_hotfix_user_confirmed\12_is_churn_prevented_policy_correction.csv,12_is_churn_prevented_policy_correction.csv,.csv,1108,2026-05-21T17:37:37,66d0725d919afcd28c6925ccc551ef90da79600d2311c120a7235c1ba371a132,csv
PUBLIC,PUBLIC\results\12_model_family_comparison_260520\four_model_comparison_review_hotfix_user_confirmed\12_metric_interpretation_correction.csv,12_metric_interpretation_correction.csv,.csv,2027,2026-05-21T17:37:37,b75c090c058ccd2e1c8bb4cc8d04662b472e75fd4e06a6cc420a29db11d52603,csv
PUBLIC,PUBLIC\results\12_model_family_comparison_260520\four_model_comparison_review_hotfix_user_confirmed\12_oof_readiness_user_confirmed_update.csv,12_oof_readiness_user_confirmed_update.csv,.csv,2531,2026-05-21T17:37:37,f6a49e78fa6d22e41e1fb734589bb28b31ed0e35181f5ed8e0fa26d11aff987b,csv
PUBLIC,PUBLIC\results\12_model_family_comparison_260520\four_model_comparison_review_hotfix_user_confirmed\12_split_policy_usernum_correction.csv,12_split_policy_usernum_correction.csv,.csv,3224,2026-05-21T17:37:37,a82319ba766abccbb929090440198d450087598f486894f697b8d6f52902353f,csv
PUBLIC,PUBLIC\results\12_model_family_comparison_260520\four_model_comparison_review_hotfix_user_confirmed\README.md,README.md,.md,3802,2026-05-21T17:37:37,4fea68385e768a1a83c7189c031afd28917413c76c15537d92054f272c5e5c09,md
PUBLIC,PUBLIC\results\12_model_family_comparison_260520\four_model_comparison_summary\12_four_model_comparison_input_manifest.csv,12_four_model_comparison_input_manifest.csv,.csv,1104,2026-05-21T17:37:37,98a18394f0ee0966512d58aaedc3602905c20b7773805a0abbbe1483cfbd022f,csv
PUBLIC,PUBLIC\results\12_model_family_comparison_260520\four_model_comparison_summary\12_four_model_metric_preview.csv,12_four_model_metric_preview.csv,.csv,1748,2026-05-21T17:37:37,1596cbb647bb3ec46c303d3ae52edbc7f3bf8ccddb278be57576e67d40efd6f2,csv
PUBLIC,PUBLIC\results\12_model_family_comparison_260520\gradientboosting_promo0\feature_manifest_used.csv,feature_manifest_used.csv,.csv,1818,2026-05-21T17:37:37,b2843a36ff3ea9fa9cb5e4ec91743573f063cb8eec4780117e45ea005a9afa70,csv
PUBLIC,PUBLIC\results\12_model_family_comparison_260520\gradientboosting_promo0\final_result.csv,final_result.csv,.csv,1098,2026-05-21T17:37:37,5a92d7f0bca048d633bd5b945ee044c946186082031825de68da32cfeb65a14e,csv
PUBLIC,PUBLIC\results\12_model_family_comparison_260520\gradientboosting_promo0\trials_all.csv,trials_all.csv,.csv,14385,2026-05-21T17:37:37,355eee14be0c36a4715dadcdb4b918918a2579af62c8e8d7f814337d3898291a,csv
PUBLIC,PUBLIC\results\12_model_family_comparison_260520\gradientboosting_promo1\feature_manifest_used.csv,feature_manifest_used.csv,.csv,1818,2026-05-21T17:37:37,b2843a36ff3ea9fa9cb5e4ec91743573f063cb8eec4780117e45ea005a9afa70,csv
PUBLIC,PUBLIC\results\12_model_family_comparison_260520\gradientboosting_promo1\final_result.csv,final_result.csv,.csv,1130,2026-05-21T17:37:37,cb67141fe1c0ef0482cb0b6f40764c862b044f8de8ff069dc8994da7b41c5210,csv
PUBLIC,PUBLIC\results\12_model_family_comparison_260520\gradientboosting_promo1\trials_all.csv,trials_all.csv,.csv,14408,2026-05-21T17:37:37,c125274e6aa6d297686583b04a6d36819e460b1b2637dac1ee4eecdf7c0d28b1,csv
PUBLIC,PUBLIC\results\12_model_family_comparison_260520\README.md,README.md,.md,1933,2026-05-21T17:37:37,a75e0a01259127e8f10b19ef507b16969bbf9d456b0974b293e913958b4cbed9,md
PUBLIC,PUBLIC\results\15_oof_score_or_sensitivity_260520\four_model_oof_scores\15_gb_lr_high_risk_overlap.csv,15_gb_lr_high_risk_overlap.csv,.csv,280,2026-05-21T17:37:37,34b3c42b15b6c8803f9c51686191a0399ea5940d295e95f8052c2449f66e6bbb,csv
PUBLIC,PUBLIC\results\15_oof_score_or_sensitivity_260520\four_model_oof_scores\15_model_config_extraction.csv,15_model_config_extraction.csv,.csv,1708,2026-05-21T17:37:37,f0ffe5264ec0f96663c5564b4783672446fc15a0eb5600d064c1074d9a4b713b,csv
PUBLIC,PUBLIC\results\15_oof_score_or_sensitivity_260520\four_model_oof_scores\15_oof_feature_policy_check.csv,15_oof_feature_policy_check.csv,.csv,930,2026-05-21T17:37:37,2dec73829671e0790cae0b0d953ec2f4aec4d641d243669a828f10636a44a471,csv
PUBLIC,PUBLIC\results\15_oof_score_or_sensitivity_260520\four_model_oof_scores\15_oof_fold_distribution_check.csv,15_oof_fold_distribution_check.csv,.csv,1271,2026-05-21T17:37:37,d3b6fe71d392e9b42b3629fd65c14c3e8466b82b0ad42f2ea1c8cdcc377468b4,csv
PUBLIC,PUBLIC\results\15_oof_score_or_sensitivity_260520\four_model_oof_scores\15_oof_metric_summary.csv,15_oof_metric_summary.csv,.csv,968,2026-05-21T17:37:37,0614dd7684bbd6bebb0c91489b769017c374f28fdc0bd0dc90bdddddddf2459b,csv
PUBLIC,PUBLIC\results\15_oof_score_or_sensitivity_260520\four_model_oof_scores\15_oof_readiness_for_shap_segmentation.csv,15_oof_readiness_for_shap_segmentation.csv,.csv,445,2026-05-21T17:37:37,5650000f69f61b89d4a1f5704511e023a1410d0a9eb3153a781138e5323e7403,csv
PUBLIC,PUBLIC\results\15_oof_score_or_sensitivity_260520\four_model_oof_scores\15_oof_score_long.csv,15_oof_score_long.csv,.csv,8258221,2026-05-21T17:37:37,cd770fa2ea41ae069df1dc6bfd9722d5d13157ecc72c4d74d4dd3077116cab85,csv
PUBLIC,PUBLIC\results\15_oof_score_or_sensitivity_260520\four_model_oof_scores\15_oof_score_wide_promo0.csv,15_oof_score_wide_promo0.csv,.csv,1964936,2026-05-21T17:37:37,09c6798f6c9108331c273ee84836e35364d8530110202dd4f083132bd642164d,csv
PUBLIC,PUBLIC\results\15_oof_score_or_sensitivity_260520\four_model_oof_scores\15_oof_score_wide_promo1.csv,15_oof_score_wide_promo1.csv,.csv,2089906,2026-05-21T17:37:37,9c07d881c474c394dc5e6fb869478bd57861309c02c093127230853e021a6e88,csv
PUBLIC,PUBLIC\results\15_oof_score_or_sensitivity_260520\four_model_oof_scores\15_oof_split_policy_check.csv,15_oof_split_policy_check.csv,.csv,1260,2026-05-21T17:37:37,75f640cd15b83422233fef795f4c7c651fe079afd1aa1cb1533c9bed890b0bb4,csv
PUBLIC,PUBLIC\results\15_oof_score_or_sensitivity_260520\four_model_oof_scores\README.md,README.md,.md,3869,2026-05-21T17:37:37,f7fd6d9a5d0a0d41d61810e0970918b12bd4543480efdd1aa7e7eeabfe41d7fa,md
PUBLIC,PUBLIC\results\15_oof_score_or_sensitivity_260520\four_model_oof_scores_hotfix_260520\15_gb_lr_high_risk_overlap.csv,15_gb_lr_high_risk_overlap.csv,.csv,1456,2026-05-21T17:37:37,f3906ad29e1cbb45f0f0d0e79574b59dddb5574cb25d676225aabd5cd82525c3,csv
PUBLIC,PUBLIC\results\15_oof_score_or_sensitivity_260520\four_model_oof_scores_hotfix_260520\15_model_config_extraction.csv,15_model_config_extraction.csv,.csv,1679,2026-05-21T17:37:37,55da1d0984a02fa084cbd95f608f4bd68aa8c81103b71bc960f839deace6e1ed,csv
PUBLIC,PUBLIC\results\15_oof_score_or_sensitivity_260520\four_model_oof_scores_hotfix_260520\15_oof_feature_policy_check.csv,15_oof_feature_policy_check.csv,.csv,985,2026-05-21T17:37:37,e00c6dc1ad7c9cae1f665fbf6c30f059ec06997bbf12bfb93d4ec1c80deaaa1a,csv
PUBLIC,PUBLIC\results\15_oof_score_or_sensitivity_260520\four_model_oof_scores_hotfix_260520\15_oof_fold_distribution_check.csv,15_oof_fold_distribution_check.csv,.csv,2968,2026-05-21T17:37:37,03a0d8d3ffa541ad78336144f8ef3f82bdf76665387a4e4dd69e70afd31a8a83,csv
PUBLIC,PUBLIC\results\15_oof_score_or_sensitivity_260520\four_model_oof_scores_hotfix_260520\15_oof_metric_summary.csv,15_oof_metric_summary.csv,.csv,1235,2026-05-21T17:37:37,b7ab83f13f520042506d38cb96983bd7c05d4a7f54ca9523ba8d8528b142a5bf,csv
PUBLIC,PUBLIC\results\15_oof_score_or_sensitivity_260520\four_model_oof_scores_hotfix_260520\15_oof_readiness_for_shap_segmentation.csv,15_oof_readiness_for_shap_segmentation.csv,.csv,2227,2026-05-21T17:37:37,777b8d3bf2452c8f13dce7885944802c10f800a90842b4b117a3e53ee7015b9d,csv
PUBLIC,PUBLIC\results\15_oof_score_or_sensitivity_260520\four_model_oof_scores_hotfix_260520\15_oof_score_long.csv,15_oof_score_long.csv,.csv,13852127,2026-05-21T17:37:37,3ddd6ba3ddac3f9ca1a4a2cdbc4cc8e816d23a6ca110071a40e51512a0a4531f,csv
PUBLIC,PUBLIC\results\15_oof_score_or_sensitivity_260520\four_model_oof_scores_hotfix_260520\15_oof_score_wide.csv,15_oof_score_wide.csv,.csv,6227550,2026-05-21T17:37:37,1f3af6a7d7baf8a1536f40510796b07125e8410f43bfb3dcac63f17e970ad452,csv
PUBLIC,PUBLIC\results\15_oof_score_or_sensitivity_260520\four_model_oof_scores_hotfix_260520\15_oof_score_wide_promo0.csv,15_oof_score_wide_promo0.csv,.csv,3019403,2026-05-21T17:37:37,faf40d90f82a4469f73cd3fb241a278500c3947760e29e5378cbfb7190539738,csv
PUBLIC,PUBLIC\results\15_oof_score_or_sensitivity_260520\four_model_oof_scores_hotfix_260520\15_oof_score_wide_promo1.csv,15_oof_score_wide_promo1.csv,.csv,3208441,2026-05-21T17:37:37,07786fd8fb2532ed59f98c0113f961e0650735f0763cb04e24b77db4552f5adf,csv
PUBLIC,PUBLIC\results\15_oof_score_or_sensitivity_260520\four_model_oof_scores_hotfix_260520\15_oof_split_policy_check.csv,15_oof_split_policy_check.csv,.csv,884,2026-05-21T17:37:37,4605ad5c9ee3564c5801bf43c2cdaf284b4b2c8599a15299dc4dffcbac18a963,csv
PUBLIC,PUBLIC\results\15_oof_score_or_sensitivity_260520\four_model_oof_scores_hotfix_260520\README.md,README.md,.md,3948,2026-05-21T17:37:37,aa1ca0a630020ddfa150c575f16109a7a45a45f6752230b57c9343f6da588921,md
PUBLIC,PUBLIC\results\16_SHAP_candidate_interpretation_260520\16b_feature_family_mapping_hotfix_260520\16b_family_importance_before_after_comparison.csv,16b_family_importance_before_after_comparison.csv,.csv,9244,2026-05-21T17:37:37,8bf87c9ecbfa02a52169ca137916a11dc61740bd7c2465f3ed1ecfcd64c9dacd,csv
PUBLIC,PUBLIC\results\16_SHAP_candidate_interpretation_260520\16b_feature_family_mapping_hotfix_260520\16b_family_interpretation_handoff_for_17.csv,16b_family_interpretation_handoff_for_17.csv,.csv,3689,2026-05-21T17:37:37,36df3af350f1718c5c77d1e9e385eb2b490f1ed7330902b25b2f36b230c5a944,csv
PUBLIC,PUBLIC\results\16_SHAP_candidate_interpretation_260520\16b_feature_family_mapping_hotfix_260520\16b_family_mapping_change_log.csv,16b_family_mapping_change_log.csv,.csv,5528,2026-05-21T17:37:37,20ebced80a47492111e5620dcfc06dcc368b3b348f3d6693bc4c6314ea588a57,csv
PUBLIC,PUBLIC\results\16_SHAP_candidate_interpretation_260520\16b_feature_family_mapping_hotfix_260520\16b_feature_family_mapping_hotfix.csv,16b_feature_family_mapping_hotfix.csv,.csv,19822,2026-05-21T17:37:37,0c7927ef264afa462e54f153ce30057c8dc6b8c0f48ce70e5122f36358c024ae,csv
PUBLIC,PUBLIC\results\16_SHAP_candidate_interpretation_260520\16b_feature_family_mapping_hotfix_260520\16b_promo1_vs_promo0_shap_comparison_hotfix.csv,16b_promo1_vs_promo0_shap_comparison_hotfix.csv,.csv,49574,2026-05-21T17:37:37,4ba75788c760671d67f53e19de98952b2507df47bffdaa6ad12a074933ecd42b,csv
PUBLIC,PUBLIC\results\16_SHAP_candidate_interpretation_260520\16b_feature_family_mapping_hotfix_260520\16b_shap_family_importance_hotfix.csv,16b_shap_family_importance_hotfix.csv,.csv,9239,2026-05-21T17:37:37,1fb89776e04beea9ad45ff6d407f91bea1ca0b83bcf475b9171ebfd1a013ba32,csv
PUBLIC,PUBLIC\results\16_SHAP_candidate_interpretation_260520\16b_feature_family_mapping_hotfix_260520\16b_shap_global_importance_with_hotfix_family.csv,16b_shap_global_importance_with_hotfix_family.csv,.csv,66192,2026-05-21T17:37:37,e8bda78280627a3e0a798690fea8ad767b8d929d89b341cd831ef2691b1c9281,csv
PUBLIC,PUBLIC\results\16_SHAP_candidate_interpretation_260520\16b_feature_family_mapping_hotfix_260520\16b_technical_unknown_inventory.csv,16b_technical_unknown_inventory.csv,.csv,3465,2026-05-21T17:37:37,e11160dbe4c9b3a13740ff608ad52e67b7732c0cb40034d1cc4386bbe4d95e38,csv
PUBLIC,PUBLIC\results\16_SHAP_candidate_interpretation_260520\16b_feature_family_mapping_hotfix_260520\README.md,README.md,.md,3109,2026-05-21T17:37:37,ed893d3492ece4597d9a1e57e3d8d68abfcdbf8705fa9104411bf77b9162f609,md
PUBLIC,PUBLIC\results\16_SHAP_candidate_interpretation_260520\four_model_shap_interpretation\16_demographic_context_audit_for_shap.csv,16_demographic_context_audit_for_shap.csv,.csv,3795,2026-05-21T17:37:37,4d04a5a47b1dc2b13c57b8a5ed4bcd049ba34488aafe60c4fcac17f097943916,csv
PUBLIC,PUBLIC\results\16_SHAP_candidate_interpretation_260520\four_model_shap_interpretation\16_feature_family_mapping_for_shap.csv,16_feature_family_mapping_for_shap.csv,.csv,12628,2026-05-21T17:37:37,1f117182fd9debcd8872e737e63ea373be76402e39ce235055c6d1040f9bb77a,csv
PUBLIC,PUBLIC\results\16_SHAP_candidate_interpretation_260520\four_model_shap_interpretation\16_is_churn_prevented_interpretation_audit.csv,16_is_churn_prevented_interpretation_audit.csv,.csv,1520,2026-05-21T17:37:37,d4a948525ed8a63535e121691b3aa9bb95b28d45a13e000ddfe2da48330f60f2,csv
PUBLIC,PUBLIC\results\16_SHAP_candidate_interpretation_260520\four_model_shap_interpretation\16_lr_coefficient_summary.csv,16_lr_coefficient_summary.csv,.csv,39910,2026-05-21T17:37:37,8340dd6f66cd55e2a6bfa7386d65ebabcd68cf12a1703a0e4504b68a6e0e1fd0,csv
PUBLIC,PUBLIC\results\16_SHAP_candidate_interpretation_260520\four_model_shap_interpretation\16_model_config_and_feature_manifest.csv,16_model_config_and_feature_manifest.csv,.csv,2505,2026-05-21T17:37:37,3d3916ef3b23b69f5db57498a78fd3263c7a8e39a4e1ab397e41f371809c73d3,csv
PUBLIC,PUBLIC\results\16_SHAP_candidate_interpretation_260520\four_model_shap_interpretation\16_promo1_vs_promo0_shap_comparison.csv,16_promo1_vs_promo0_shap_comparison.csv,.csv,48296,2026-05-21T17:37:37,5bbe1ef587cdd952d0f27b15608f81602c873cf7eedaf7b078c3ea16289390db,csv
PUBLIC,PUBLIC\results\16_SHAP_candidate_interpretation_260520\four_model_shap_interpretation\16_readiness_for_segmentation.csv,16_readiness_for_segmentation.csv,.csv,1850,2026-05-21T17:37:37,6351c6afae48062943fae0efc87dd233df134d527f5c0333a49e2eb77d598e39,csv
PUBLIC,PUBLIC\results\16_SHAP_candidate_interpretation_260520\four_model_shap_interpretation\16_shap_direction_summary.csv,16_shap_direction_summary.csv,.csv,80526,2026-05-21T17:37:37,f19baeaaa7ee61dff5c70115601bed0de168442c70cf3cceb600a38ecde045f9,csv
PUBLIC,PUBLIC\results\16_SHAP_candidate_interpretation_260520\four_model_shap_interpretation\16_shap_execution_plan.csv,16_shap_execution_plan.csv,.csv,553,2026-05-21T17:37:37,3c904b743753b45351fe7591031e61a0eb6b7d8f7aefa1feb39792578546a0c7,csv
PUBLIC,PUBLIC\results\16_SHAP_candidate_interpretation_260520\four_model_shap_interpretation\16_shap_family_importance.csv,16_shap_family_importance.csv,.csv,6515,2026-05-21T17:37:37,4eabf77e8f439f14babd56630d3d07953cbfec1c58e9234fdb6070210d547c7d,csv
PUBLIC,PUBLIC\results\16_SHAP_candidate_interpretation_260520\four_model_shap_interpretation\16_shap_feature_policy_check.csv,16_shap_feature_policy_check.csv,.csv,917,2026-05-21T17:37:37,cee01176a50868a18bc3ad4ee16e636c2b8bad00b3bebbf8e89d6da8b08de61e,csv
PUBLIC,PUBLIC\results\16_SHAP_candidate_interpretation_260520\four_model_shap_interpretation\16_shap_global_importance.csv,16_shap_global_importance.csv,.csv,48469,2026-05-21T17:37:37,94218bf019a217f5c0658e200980655715e3bac15b3c157dcc6de758c775efb9,csv
PUBLIC,PUBLIC\results\16_SHAP_candidate_interpretation_260520\four_model_shap_interpretation\README.md,README.md,.md,3700,2026-05-21T17:37:37,2731cbf9b34c38d076509f4040f8383cdb77969573e2a27e3750b2ac22354a42,md
PUBLIC,PUBLIC\results\17_segmentation_design_260520\promo_scope_oof_behavior_segments\17_base_datamart_validation.csv,17_base_datamart_validation.csv,.csv,389,2026-05-21T17:37:37,8de0179078262331bd5cab51f278b764816d987a88964aae69cf3bd7c05e0225,csv
PUBLIC,PUBLIC\results\17_segmentation_design_260520\promo_scope_oof_behavior_segments\17_internal_multiflag_assignment.csv,17_internal_multiflag_assignment.csv,.csv,2917446,2026-05-21T17:37:37,e84fd4aff12384ebaf877411b2efe69963006668a9768f8ba6ef0bd6a0ee35cd,csv
PUBLIC,PUBLIC\results\17_segmentation_design_260520\promo_scope_oof_behavior_segments\17_internal_multiflag_definitions.csv,17_internal_multiflag_definitions.csv,.csv,8585,2026-05-21T17:37:37,f17568f4f2bc75f11c5d8d3839d5642bc2bc64c799175d3bc8cc2376826de12f,csv
PUBLIC,PUBLIC\results\17_segmentation_design_260520\promo_scope_oof_behavior_segments\17_readiness_for_18_business_storyline.csv,17_readiness_for_18_business_storyline.csv,.csv,1187,2026-05-21T17:37:37,17e58e5b246766bbd3c3124c608a42b14b26180d947e2a79e3665a6d78617b3d,csv
PUBLIC,PUBLIC\results\17_segmentation_design_260520\promo_scope_oof_behavior_segments\17_representative_segment_assignment.csv,17_representative_segment_assignment.csv,.csv,4123234,2026-05-21T17:37:37,85403429f93180698eced2e4fe029beccfd5eff186921935c083a80fb4f29b25,csv
PUBLIC,PUBLIC\results\17_segmentation_design_260520\promo_scope_oof_behavior_segments\17_representative_segment_rules.csv,17_representative_segment_rules.csv,.csv,4820,2026-05-21T17:37:37,029cb84b735f0cea5617df0ab17254fb732ad2ea0451fcdb8f0f135d57c60bcd,csv
PUBLIC,PUBLIC\results\17_segmentation_design_260520\promo_scope_oof_behavior_segments\17_segment_action_personalization_matrix.csv,17_segment_action_personalization_matrix.csv,.csv,6934,2026-05-21T17:37:37,9acb794522b31a4e6299bf8a61a505c118081c60b8912b10df5a7051762099b4,csv
PUBLIC,PUBLIC\results\17_segmentation_design_260520\promo_scope_oof_behavior_segments\17_segment_age_gender_behavior_profile.csv,17_segment_age_gender_behavior_profile.csv,.csv,260357,2026-05-21T17:37:37,bed62ad06b09a0800b834f333e53594308ad85f3ae9b90bc67a8f1e28cedd46e,csv
PUBLIC,PUBLIC\results\17_segmentation_design_260520\promo_scope_oof_behavior_segments\17_segment_business_action_candidates.csv,17_segment_business_action_candidates.csv,.csv,6676,2026-05-21T17:37:37,591bf357c712095cc90bb783b50ffafbd507eb263ed6e97a6c582dabc782a73a,csv
PUBLIC,PUBLIC\results\17_segmentation_design_260520\promo_scope_oof_behavior_segments\17_segment_caveat_and_rejected_alternatives.md,17_segment_caveat_and_rejected_alternatives.md,.md,1136,2026-05-21T17:37:37,1c3d08fc8af1847c5617f4e78597b613a82d2b1a0382ab3b683221dd594999c6,md
PUBLIC,PUBLIC\results\17_segmentation_design_260520\promo_scope_oof_behavior_segments\17_segment_demographic_profile.csv,17_segment_demographic_profile.csv,.csv,42906,2026-05-21T17:37:37,65834be0c84b776ed908efa8073961659acd6a4af77e400b1154a4e39da01308,csv
PUBLIC,PUBLIC\results\17_segmentation_design_260520\promo_scope_oof_behavior_segments\17_segment_feature_profile.csv,17_segment_feature_profile.csv,.csv,296215,2026-05-21T17:37:37,13be6d5aff74ea5a7bc82a33248be6912684d2050651b22ec7cdedd9c1f226fc,csv
PUBLIC,PUBLIC\results\17_segmentation_design_260520\promo_scope_oof_behavior_segments\17_segment_rationale_evidence_table.csv,17_segment_rationale_evidence_table.csv,.csv,22007,2026-05-21T17:37:37,876ef3cd451bc8a01d910b2d04356cec1b527b183ed35648f287b3683b480891,csv
PUBLIC,PUBLIC\results\17_segmentation_design_260520\promo_scope_oof_behavior_segments\17_segment_rationale_memo_for_executives.md,17_segment_rationale_memo_for_executives.md,.md,7929,2026-05-21T17:37:37,d654f567085258e3891b5cb38e3119f6251f64527f9696801a4b71b57674e53d,md
PUBLIC,PUBLIC\results\17_segmentation_design_260520\promo_scope_oof_behavior_segments\17_segment_SHAP_family_evidence_link.csv,17_segment_SHAP_family_evidence_link.csv,.csv,11214,2026-05-21T17:37:37,74d8626e022b948b52cd8ab190da35e501aca3cdf7510d3527b9f64170bed1bb,csv
PUBLIC,PUBLIC\results\17_segmentation_design_260520\promo_scope_oof_behavior_segments\17_segment_summary.csv,17_segment_summary.csv,.csv,6784,2026-05-21T17:37:37,d56a58555fd12930387f07ce612daef5ee212847678cb857a435a812800bb0b3,csv
PUBLIC,PUBLIC\results\17_segmentation_design_260520\promo_scope_oof_behavior_segments\17_segmentation_base_datamart.csv,17_segmentation_base_datamart.csv,.csv,15754590,2026-05-21T17:37:37,f308768a6e04b3900c4a0ac9722b1226b18bb3a67ff45aa2c20cc7444b0ccddf,csv
PUBLIC,PUBLIC\results\17_segmentation_design_260520\promo_scope_oof_behavior_segments\README.md,README.md,.md,2415,2026-05-21T17:37:37,2e88dfaec2f99ee4564c651d242279f73e70e027003394037a2b9b3e9f4d69c7,md
PUBLIC,PUBLIC\results\17_segmentation_design_260520\promo_scope_oof_behavior_segments_demographic_hotfix_260520\17_age_gender_behavior_profile_skipped_features.csv,17_age_gender_behavior_profile_skipped_features.csv,.csv,3096,2026-05-21T17:37:37,7625f900a0b75b40225fc8707abcfcde69ea5bb0928ee45ddffb10f9d767db85,csv
PUBLIC,PUBLIC\results\17_segmentation_design_260520\promo_scope_oof_behavior_segments_demographic_hotfix_260520\17_age_group_audit.csv,17_age_group_audit.csv,.csv,2571,2026-05-21T17:37:37,1642ad8d12d5e2da4fb7c158302f799e065b980f15c0fd5b7aef3419560e9173,csv
PUBLIC,PUBLIC\results\17_segmentation_design_260520\promo_scope_oof_behavior_segments_demographic_hotfix_260520\17_demographic_hotfix_summary.csv,17_demographic_hotfix_summary.csv,.csv,1301,2026-05-21T17:37:37,5162a517df757e9ea34628b205289c0eb2cf35fe596870e815a573ced39900c1,csv
PUBLIC,PUBLIC\results\17_segmentation_design_260520\promo_scope_oof_behavior_segments_demographic_hotfix_260520\17_demographic_source_column_audit.csv,17_demographic_source_column_audit.csv,.csv,7240,2026-05-21T17:37:37,153ce3e0caec0b12afdf757916a045b691b8c425983edcb1a4f07ccc21d3d0f1,csv
PUBLIC,PUBLIC\results\17_segmentation_design_260520\promo_scope_oof_behavior_segments_demographic_hotfix_260520\17_gender_derivation_audit.csv,17_gender_derivation_audit.csv,.csv,421,2026-05-21T17:37:37,0e363798a483b3e492c75d2b9606f327067536ba287864fa315638a0ea9d8d09,csv
PUBLIC,PUBLIC\results\17_segmentation_design_260520\promo_scope_oof_behavior_segments_demographic_hotfix_260520\17_readiness_for_18_business_storyline_demographic_hotfix.csv,17_readiness_for_18_business_storyline_demographic_hotfix.csv,.csv,1421,2026-05-21T17:37:37,c41b636d712089e04ae8a2a7b40062c6e154b8b8244afa3bbb901a36556d44c1,csv
PUBLIC,PUBLIC\results\17_segmentation_design_260520\promo_scope_oof_behavior_segments_demographic_hotfix_260520\17_representative_segment_size_policy_before_after_demographic_hotfix.csv,17_representative_segment_size_policy_before_after_demographic_hotfix.csv,.csv,5212,2026-05-21T17:37:37,8103d09fad48af910a218f2f3c23487a392bbf42f1e9026f3621442b734efe09,csv
PUBLIC,PUBLIC\results\17_segmentation_design_260520\promo_scope_oof_behavior_segments_demographic_hotfix_260520\17_segment_action_personalization_matrix_demographic_hotfix.csv,17_segment_action_personalization_matrix_demographic_hotfix.csv,.csv,32674,2026-05-21T17:37:37,c09b1702674735706afbdc0b3e16b0a5b0d887ad80e862d376dd61e5908f7a3b,csv
PUBLIC,PUBLIC\results\17_segmentation_design_260520\promo_scope_oof_behavior_segments_demographic_hotfix_260520\17_segment_age_behavior_profile_demographic_hotfix.csv,17_segment_age_behavior_profile_demographic_hotfix.csv,.csv,777495,2026-05-21T17:37:37,ff82774e9af5aa629aa503c4ebe7cba644f866a082c1387f309a3b9df007c92a,csv
PUBLIC,PUBLIC\results\17_segmentation_design_260520\promo_scope_oof_behavior_segments_demographic_hotfix_260520\17_segment_age_gender_behavior_profile_demographic_hotfix.csv,17_segment_age_gender_behavior_profile_demographic_hotfix.csv,.csv,1192264,2026-05-21T17:37:37,a1ce69123b26dd61f97c5968454feb078b96acab252b63fabac3584b4c0523ed,csv
PUBLIC,PUBLIC\results\17_segmentation_design_260520\promo_scope_oof_behavior_segments_demographic_hotfix_260520\17_segment_demographic_profile_demographic_hotfix.csv,17_segment_demographic_profile_demographic_hotfix.csv,.csv,42801,2026-05-21T17:37:37,daa1d6e0913cdf5d4c4d1bbef1c73c3cc949b7d2d04824a06e089bf431fec5df,csv
PUBLIC,PUBLIC\results\17_segmentation_design_260520\promo_scope_oof_behavior_segments_demographic_hotfix_260520\17_segment_gender_behavior_profile_demographic_hotfix.csv,17_segment_gender_behavior_profile_demographic_hotfix.csv,.csv,310625,2026-05-21T17:37:37,6fa7ad19023a17febab50013b5906238a5f68ac7c42be38338d927a0ce34daff,csv
PUBLIC,PUBLIC\results\17_segmentation_design_260520\promo_scope_oof_behavior_segments_demographic_hotfix_260520\17_segment_rationale_demographic_action_supplement.md,17_segment_rationale_demographic_action_supplement.md,.md,15084,2026-05-21T17:37:37,9a4919d557decb354e3dc8d40c3d0c2069fc86d72f48ad4ab3b7c75711a21895,md
PUBLIC,PUBLIC\results\17_segmentation_design_260520\promo_scope_oof_behavior_segments_demographic_hotfix_260520\README.md,README.md,.md,1725,2026-05-21T17:37:37,f6bf686f7a2dba3ecfaa41e3b1e3d63c9d7e6830bc58b8b4b0635c157c98da0e,md
PUBLIC,PUBLIC\results\17_segmentation_design_260520\promo_scope_oof_behavior_segments_hotfix_260520\17_content_preference_signal_audit.csv,17_content_preference_signal_audit.csv,.csv,3758,2026-05-21T17:37:37,29c771e67836a923a3e4e774afc2d65d72116e977b35a4f5241bebfcd0290be3,csv
PUBLIC,PUBLIC\results\17_segmentation_design_260520\promo_scope_oof_behavior_segments_hotfix_260520\17_hotfix_revalidation_passes.csv,17_hotfix_revalidation_passes.csv,.csv,1729,2026-05-21T17:37:37,15c4267540dae71f94b709a786e166fb0f0b8232633e4b9786e2b3686d2db919,csv
PUBLIC,PUBLIC\results\17_segmentation_design_260520\promo_scope_oof_behavior_segments_hotfix_260520\17_other_needs_review_decomposition.csv,17_other_needs_review_decomposition.csv,.csv,6457,2026-05-21T17:37:37,1acc47fce156dda5a7836123ac0b2d9adeaaaefd73500ff40e4d2e2b86dba3ad,csv
PUBLIC,PUBLIC\results\17_segmentation_design_260520\promo_scope_oof_behavior_segments_hotfix_260520\17_readiness_for_18_business_storyline_hotfix.csv,17_readiness_for_18_business_storyline_hotfix.csv,.csv,1116,2026-05-21T17:37:37,01bb0bd3fd239393086091778294c855334d87c9f0db3412b604f07439ca149b,csv
PUBLIC,PUBLIC\results\17_segmentation_design_260520\promo_scope_oof_behavior_segments_hotfix_260520\17_representative_segment_assignment_hotfix.csv,17_representative_segment_assignment_hotfix.csv,.csv,3062152,2026-05-21T17:37:37,6dc256ba9e91973ecb5136b85b1b02ca8826ffad1397bf51821df11925df59a7,csv
PUBLIC,PUBLIC\results\17_segmentation_design_260520\promo_scope_oof_behavior_segments_hotfix_260520\17_representative_segment_rules_hotfix.csv,17_representative_segment_rules_hotfix.csv,.csv,5143,2026-05-21T17:37:37,a63d37facd71272c594cc4b07d4a774d4b0c86225eb7d63d4e05433000830d21,csv
PUBLIC,PUBLIC\results\17_segmentation_design_260520\promo_scope_oof_behavior_segments_hotfix_260520\17_segment_action_personalization_matrix_hotfix.csv,17_segment_action_personalization_matrix_hotfix.csv,.csv,6812,2026-05-21T14:02:45,66bd02e66be82f1e3fcd5419619f4cff4de56d35a44ac92e8e3b7b000fd18303,csv
PUBLIC,PUBLIC\results\17_segmentation_design_260520\promo_scope_oof_behavior_segments_hotfix_260520\17_segment_age_gender_behavior_profile_hotfix.csv,17_segment_age_gender_behavior_profile_hotfix.csv,.csv,202,2026-05-21T14:02:45,8e9e8aba01ca8d1f3527dbee976f14a1a6a284fafa31d9e77e839f8d7d807ec4,csv
PUBLIC,PUBLIC\results\17_segmentation_design_260520\promo_scope_oof_behavior_segments_hotfix_260520\17_segment_assignment_before_after_comparison.csv,17_segment_assignment_before_after_comparison.csv,.csv,2539,2026-05-21T14:02:44,10399aecf14a90ac563c9500f02929dacde6b3c3f8ddb9ccd3a13c0cc5665bab,csv
PUBLIC,PUBLIC\results\17_segmentation_design_260520\promo_scope_oof_behavior_segments_hotfix_260520\17_segment_business_action_candidates_hotfix.csv,17_segment_business_action_candidates_hotfix.csv,.csv,6382,2026-05-21T14:02:45,0679b20972a52933d00359544254aacf9ac00c490fdde1c98ee04c3f23a95ae7,csv
PUBLIC,PUBLIC\results\17_segmentation_design_260520\promo_scope_oof_behavior_segments_hotfix_260520\17_segment_caveat_and_rejected_alternatives_hotfix.md,17_segment_caveat_and_rejected_alternatives_hotfix.md,.md,1127,2026-05-21T14:02:45,3461172788b19e53bbe7decb9f800bfdfcb172ada27fd26bf41c668e79dcf2c9,md
PUBLIC,PUBLIC\results\17_segmentation_design_260520\promo_scope_oof_behavior_segments_hotfix_260520\17_segment_demographic_profile_hotfix.csv,17_segment_demographic_profile_hotfix.csv,.csv,2681,2026-05-21T14:02:45,e514aa80a2c562532a0aec2bdbb6667e81f8c9943fb9ae4252b6200e1b87f2d7,csv
PUBLIC,PUBLIC\results\17_segmentation_design_260520\promo_scope_oof_behavior_segments_hotfix_260520\17_segment_feature_profile_hotfix.csv,17_segment_feature_profile_hotfix.csv,.csv,4557,2026-05-21T14:02:45,dafda13bc1ff8fb225b4a8c8b68601930fcfda284f73aa0283285013064ac6fd,csv
PUBLIC,PUBLIC\results\17_segmentation_design_260520\promo_scope_oof_behavior_segments_hotfix_260520\17_segment_rationale_evidence_table_hotfix.csv,17_segment_rationale_evidence_table_hotfix.csv,.csv,22025,2026-05-21T14:02:45,bc6441195d835ada431418267a202461c863ced7b9a85fa58fe14711995ee0c9,csv
PUBLIC,PUBLIC\results\17_segmentation_design_260520\promo_scope_oof_behavior_segments_hotfix_260520\17_segment_rationale_memo_for_executives_hotfix.md,17_segment_rationale_memo_for_executives_hotfix.md,.md,28025,2026-05-21T14:02:45,6f7370e750f5998cf21f1cc2616d0f86c5b53397a8290dd5ea9ff531faf64301,md
PUBLIC,PUBLIC\results\17_segmentation_design_260520\promo_scope_oof_behavior_segments_hotfix_260520\17_segment_SHAP_family_evidence_link_hotfix.csv,17_segment_SHAP_family_evidence_link_hotfix.csv,.csv,13036,2026-05-21T14:02:45,725f02548640ea5486e663992c9acca461a377dac58c9e9b851b9cea13be19b1,csv
PUBLIC,PUBLIC\results\17_segmentation_design_260520\promo_scope_oof_behavior_segments_hotfix_260520\17_segment_summary_hotfix.csv,17_segment_summary_hotfix.csv,.csv,6924,2026-05-21T14:02:45,2cb97fc1908754a863f48af4e88197f88d3cc5a103f0fb382f0946efc28f2114,csv
PUBLIC,PUBLIC\results\17_segmentation_design_260520\promo_scope_oof_behavior_segments_hotfix_260520\README.md,README.md,.md,1919,2026-05-21T14:02:45,ef8154fc71ee580498290bb189a0cdea5990d56b64a81099d123957ae4758b70,md
PUBLIC,PUBLIC\results\17_segmentation_design_260520\promo_scope_oof_behavior_segments_quality_hotfix_260520\17_other_needs_review_decomposition_quality_hotfix.csv,17_other_needs_review_decomposition_quality_hotfix.csv,.csv,4463,2026-05-21T15:09:19,c8f3d905702dd49fb0aa0a5a9af1b31ed59df2542642a7ec17841648d75af285,csv
PUBLIC,PUBLIC\results\17_segmentation_design_260520\promo_scope_oof_behavior_segments_quality_hotfix_260520\17_promo1_vs_promo0_segment_differential_analysis.csv,17_promo1_vs_promo0_segment_differential_analysis.csv,.csv,3506,2026-05-21T15:09:19,afe0a643263825baf72770bb40fafa021d7cbd8a88833adfc2ed1e2c172a2561,csv
PUBLIC,PUBLIC\results\17_segmentation_design_260520\promo_scope_oof_behavior_segments_quality_hotfix_260520\17_quality_revalidation_passes.csv,17_quality_revalidation_passes.csv,.csv,7380,2026-05-21T15:09:19,6f36797f2429e0a92bfd1bb206dd5f47f6026d3e66ada4bf03bcc2beb8751006,csv
PUBLIC,PUBLIC\results\17_segmentation_design_260520\promo_scope_oof_behavior_segments_quality_hotfix_260520\17_readiness_for_18_quality_hotfix.csv,17_readiness_for_18_quality_hotfix.csv,.csv,1931,2026-05-21T15:09:20,b9165986c86b68dcd9b5f8dfafcefb5f982e1fe26a2d83272b5e15e3de51974e,csv
PUBLIC,PUBLIC\results\17_segmentation_design_260520\promo_scope_oof_behavior_segments_quality_hotfix_260520\17_revised_representative_segment_proposal.csv,17_revised_representative_segment_proposal.csv,.csv,6077,2026-05-21T15:09:20,058b9e501299c6192288f43aba8083d75aa1b0eee83b5755d4994cb21f95df38,csv
PUBLIC,PUBLIC\results\17_segmentation_design_260520\promo_scope_oof_behavior_segments_quality_hotfix_260520\17_revised_segment_assignment_simulation.csv,17_revised_segment_assignment_simulation.csv,.csv,6056881,2026-05-21T15:09:20,852b8ef893f22cb78709cd46de7d467de6b1c77b50ab559c39886504b51b1e4b,csv
PUBLIC,PUBLIC\results\17_segmentation_design_260520\promo_scope_oof_behavior_segments_quality_hotfix_260520\17_revised_segment_demographic_action_bridge.csv,17_revised_segment_demographic_action_bridge.csv,.csv,3800,2026-05-21T15:09:20,427fc21636d4f34563e942cd2ed0d60ae544d2294fe3673363d7fe7c7ff79db6,csv
PUBLIC,PUBLIC\results\17_segmentation_design_260520\promo_scope_oof_behavior_segments_quality_hotfix_260520\17_revised_segment_summary_simulation.csv,17_revised_segment_summary_simulation.csv,.csv,4778,2026-05-21T15:09:20,e332ac818ba51734a356a4b13c875d04240bb4a4446ae7ebe89b98e2c711b52c,csv
PUBLIC,PUBLIC\results\17_segmentation_design_260520\promo_scope_oof_behavior_segments_quality_hotfix_260520\17_segment_quality_audit.csv,17_segment_quality_audit.csv,.csv,8998,2026-05-21T15:09:19,768b4ecebb05564dde8922eb3b82c7c3a18b0afbbca0f9618b5160a7a0aabc2e,csv
PUBLIC,PUBLIC\results\17_segmentation_design_260520\promo_scope_oof_behavior_segments_quality_hotfix_260520\17_segment_quality_hotfix_evidence_table.csv,17_segment_quality_hotfix_evidence_table.csv,.csv,17581,2026-05-21T15:09:20,68ca68673ae67d2b4371ea362f9b5f9dabb3522fb88f1932e18833916fadadf1,csv
PUBLIC,PUBLIC\results\17_segmentation_design_260520\promo_scope_oof_behavior_segments_quality_hotfix_260520\17_segment_quality_hotfix_rationale_memo_for_executives.md,17_segment_quality_hotfix_rationale_memo_for_executives.md,.md,21283,2026-05-21T15:09:20,bbfbed3ac3c35cfae6763c1f6441cbda6906a330d521609592d88b124199d902,md
PUBLIC,PUBLIC\results\17_segmentation_design_260520\promo_scope_oof_behavior_segments_quality_hotfix_260520\17_small_segment_merge_policy.csv,17_small_segment_merge_policy.csv,.csv,5015,2026-05-21T15:09:19,12c31718fb1b84ed46ed33d219f4a38fcbb44ddd9cfe8e502981c59283a14ff9,csv
PUBLIC,PUBLIC\results\17_segmentation_design_260520\promo_scope_oof_behavior_segments_quality_hotfix_260520\README.md,README.md,.md,2243,2026-05-21T15:09:20,c6cc4471b31b79651cc4f9a64cff6022d3605574eb2150831bc5ee3542e2d357,md
PUBLIC,PUBLIC\results\_06_log_retention_distribution_eda_260520\06_fig_01_log_retention_histograms.png,06_fig_01_log_retention_histograms.png,.png,156478,2026-05-20T13:46:22,3134ec7bf4fd7f6fcd69970f27c2955670ae78591ca20edaa4dc9f5d8e5aed65,figure
PUBLIC,PUBLIC\results\_06_log_retention_distribution_eda_260520\06_fig_02_log_retention_boxplot_by_dataset.png,06_fig_02_log_retention_boxplot_by_dataset.png,.png,52004,2026-05-20T13:46:22,8e11aaa7f179ca1e329e77d8766aff1c6e4afbf8ea29cb9e5a3bfb5cebd1e66e,figure
PUBLIC,PUBLIC\results\_06_log_retention_distribution_eda_260520\06_fig_03_overall_raw_vs_log_histograms.png,06_fig_03_overall_raw_vs_log_histograms.png,.png,133585,2026-05-20T13:46:23,13205b6e1eb727a063b534fe2d31c696e5b98fd2cea623677f57c76008686a06,figure
PUBLIC,PUBLIC\results\_06_log_retention_distribution_eda_260520\06_log_retention_baseline_direction_summary.csv,06_log_retention_baseline_direction_summary.csv,.csv,816,2026-05-20T13:46:23,ec8a8577a0b77fbafc16385fd08eac4e4b3f534db6b68c3fd601833861a03177,csv
PUBLIC,PUBLIC\results\_06_log_retention_distribution_eda_260520\06_log_retention_distribution_summary.csv,06_log_retention_distribution_summary.csv,.csv,3066,2026-05-20T13:46:21,ee18c153ed9f6f4cf969508261fb920aef4e1e3618d376f938052120f4363405,csv
PUBLIC,PUBLIC\results\_06_log_retention_distribution_eda_260520\README.md,README.md,.md,768,2026-05-20T15:53:04,89c36a655eaa01b00cd00af34ff90630a118dbb8efb875faca5a4d6ee74ce340,md
PUBLIC,PUBLIC\results\_06_model_notebook_prep_260520\06_existing_folder_inventory.csv,06_existing_folder_inventory.csv,.csv,2819,2026-05-20T15:53:04,0f124d206c290b969f30ddb4e11ab1cd57d1a05c016da72919a7be2720d095f6,csv
PUBLIC,PUBLIC\results\_06_model_notebook_prep_260520\06_feature_manifest.csv,06_feature_manifest.csv,.csv,10312,2026-05-20T15:32:10,c4651097646c7e6dbceb4d90914e49d764ea303500f84a8e1ac12090e6ec6145,csv
PUBLIC,PUBLIC\results\_06_model_notebook_prep_260520\06_input_validation.csv,06_input_validation.csv,.csv,826,2026-05-20T15:53:04,7f8b2374420b8be82efe5b433f2fd9a561b5c24f49ab0e744be9d6d3c6bff100,csv
PUBLIC,PUBLIC\results\_06_model_notebook_prep_260520\06_log_retention_input_inventory.csv,06_log_retention_input_inventory.csv,.csv,446,2026-05-20T15:53:04,147f096b02e9d524f6261f8dffc3c19ba56f6644287f9a1a75a65875ddc90faf,csv
PUBLIC,PUBLIC\results\_06_model_notebook_prep_260520\06_log_retention_input_profile.csv,06_log_retention_input_profile.csv,.csv,709,2026-05-20T14:39:46,2dc43868ae7d818483202dc07f4d35ca95cba81e2491b459d470797970d9a920,csv
PUBLIC,PUBLIC\results\_06_model_notebook_prep_260520\06_manual_execution_guide.md,06_manual_execution_guide.md,.md,1991,2026-05-20T15:53:04,bd0af8ae5438c69c0d1e62f69e9c62a21da5e534c6baf5c6d42676c835ef1769,md
PUBLIC,PUBLIC\results\_06_model_notebook_prep_260520\06_model_notebook_prep_final_checks.csv,06_model_notebook_prep_final_checks.csv,.csv,3911,2026-05-20T15:53:04,be66374b6f50e3d3d54d144279c0e6e94863de68ad6a2f3c442f2a274e2c0321,csv
PUBLIC,PUBLIC\results\_06_model_notebook_prep_260520\06_model_notebook_prep_memo.md,06_model_notebook_prep_memo.md,.md,2093,2026-05-20T15:53:04,ed550adad6432542a971c3e8934ad0a861be5e1ea0fb80a644291750d40e4df0,md
PUBLIC,PUBLIC\results\_06_model_notebook_prep_260520\06_notebook_prep_review_zip_inventory.csv,06_notebook_prep_review_zip_inventory.csv,.csv,3099,2026-05-20T15:53:04,5a3f8f9a0f117e5d67785a532106e278708c28e903d04fa0997d0be6860735fe,csv
PUBLIC,PUBLIC\results\_06_model_notebook_prep_260520\06_notebook_static_checks.csv,06_notebook_static_checks.csv,.csv,1398,2026-05-20T15:53:04,478706b3b40d36279e2ce73dc550727e16342ed28566855ad49f4bc72bf6a0d5,csv
PUBLIC,PUBLIC\results\_06_model_notebook_prep_260520\note_tail_PUBLIC_model_notebook_prep_260520.md,note_tail_PUBLIC_model_notebook_prep_260520.md,.md,7859,2026-05-20T15:53:04,1697f75e7b8a5eb736f1c82f4be54ad0df7d4049e752821e095456d761043292,md
PUBLIC,PUBLIC\results\_06_model_notebook_prep_260520\prepare_model_notebooks_260520.py,prepare_model_notebooks_260520.py,.py,48736,2026-05-20T15:53:04,4a9acf15ff78ee537143d90f06e6a298350be422b55cd380df5c155fd9b58407,other
PUBLIC,PUBLIC\results\_06x_dataset_generation_260515\06x_caveat_register.csv,06x_caveat_register.csv,.csv,778,2026-05-20T13:33:48,e04b690546a72d772df46e4f0b3f4d7ed5d7810d3ab1f4814e5bf586d8e8e1ef,csv
PUBLIC,PUBLIC\results\_06x_dataset_generation_260515\06x_cold_start_hotfix_diff_summary.csv,06x_cold_start_hotfix_diff_summary.csv,.csv,1091,2026-05-20T13:33:48,0d5e2f03565ca731569ef7b8927b91f06468ab282b9ad0a79e59e2fe02b8db71,csv
PUBLIC,PUBLIC\results\_06x_dataset_generation_260515\06x_cold_start_hotfix_print_summary.txt,06x_cold_start_hotfix_print_summary.txt,.txt,553,2026-05-20T13:33:48,8429447c01e3404707b004bd3e2cf13d2e438e9c940257f5175c544cccef7542,other
PUBLIC,PUBLIC\results\_06x_dataset_generation_260515\06x_cold_start_hotfix_validation.csv,06x_cold_start_hotfix_validation.csv,.csv,400,2026-05-20T13:33:47,06ff16dd9d61581175c84c5107908f3f13164b0f4a76838a6d0933269234422d,csv
PUBLIC,PUBLIC\results\_06x_dataset_generation_260515\06x_cold_start_mismatch_cause_analysis.csv,06x_cold_start_mismatch_cause_analysis.csv,.csv,1384,2026-05-20T13:33:47,84382dab874d55c63873f73f8dc924b08c88f0dccbcc7951208c0cb87a3e3f9c,csv
PUBLIC,PUBLIC\results\_06x_dataset_generation_260515\06x_conservative_dataset.csv,06x_conservative_dataset.csv,.csv,4866739,2026-05-20T13:33:47,5a5e96bf4df205e6400bd391636fa143bd0d84a632a65124d8f83b6146b75733,csv
PUBLIC,PUBLIC\results\_06x_dataset_generation_260515\06x_dataset_comparison_summary.csv,06x_dataset_comparison_summary.csv,.csv,289,2026-05-20T13:33:48,0edf92ba63f9698e8e5fd0cd7c3d5a8ae925cf271198b01865b9b931e1e56180,csv
PUBLIC,PUBLIC\results\_06x_dataset_generation_260515\06x_dataset_schema_conservative.csv,06x_dataset_schema_conservative.csv,.csv,1527,2026-05-20T13:33:48,43e0bdadafec7ba4b41db84353c077a17a8a1bd917677d017dda4d6b327be71a,csv
PUBLIC,PUBLIC\results\_06x_dataset_generation_260515\06x_dataset_schema_expanded.csv,06x_dataset_schema_expanded.csv,.csv,8038,2026-05-20T13:33:48,9a38f4e3d22179916c34fb1384aaf47d8b4901b341b3afd4e54479f9ebe6e60e,csv
PUBLIC,PUBLIC\results\_06x_dataset_generation_260515\06x_excluded_columns_audit.csv,06x_excluded_columns_audit.csv,.csv,1392,2026-05-20T13:33:48,5f9abb5c0254b21d43cda134251879bacc48e1cc904ffbb4d877123f7c84cab6,csv
PUBLIC,PUBLIC\results\_06x_dataset_generation_260515\06x_expanded_dataset.csv,06x_expanded_dataset.csv,.csv,12191995,2026-05-20T13:33:48,7920fdeeefda8f956df473902d0d3b8d0041fa13f260532c50b494589dac0ab9,csv
PUBLIC,PUBLIC\results\_06x_dataset_generation_260515\06x_feature_name_mapping.csv,06x_feature_name_mapping.csv,.csv,5490,2026-05-20T13:33:48,6819181e72ad2738bf91dd203374aa37f1cb90f151aa31d7bfebb2b6d33e5261,csv
PUBLIC,PUBLIC\results\_06x_dataset_generation_260515\06x_final_checks.csv,06x_final_checks.csv,.csv,1546,2026-05-20T15:53:01,6d87b06faa3f9ecd429369456864245031225c9a8911a70588d516866c4b2918,csv
PUBLIC,PUBLIC\results\_06x_dataset_generation_260515\06x_fixed_feature_validation.csv,06x_fixed_feature_validation.csv,.csv,868,2026-05-20T13:33:47,a8c85f41561d28a4ef4817619863e255fca075ceccfc8f26ee18bcd6c2b0fe58,csv
PUBLIC,PUBLIC\results\_06x_dataset_generation_260515\06x_model_feature_lists.csv,06x_model_feature_lists.csv,.csv,12902,2026-05-20T13:33:48,ca01ba97fa6aa12f728808cfbc230a462f720810bd7b56e7484c3258c786f370,csv
PUBLIC,PUBLIC\results\_06x_dataset_generation_260515\06x_review_zip_inventory.csv,06x_review_zip_inventory.csv,.csv,1809,2026-05-20T15:53:01,910dadf108b5e8e69581deb52be7642d5e6c07ad9e599430766f8bb6493947c6,csv
PUBLIC,PUBLIC\results\_06x_dataset_generation_260515\06x_row_policy_audit.csv,06x_row_policy_audit.csv,.csv,214,2026-05-20T13:33:47,fa97774fd8a1011a76bf57d28b56d020f0363598231f3f582e55d4b32ab0f178,csv
PUBLIC,PUBLIC\results\_06x_dataset_generation_260515\06x_scope_feature_policy.csv,06x_scope_feature_policy.csv,.csv,757,2026-05-20T13:33:48,44cd7aabc58dba72890a41131b546c16a70295ea468ec6b6c13415827867ef11,csv
PUBLIC,PUBLIC\results\_06x_dataset_generation_260515\06x_source_master_profile.csv,06x_source_master_profile.csv,.csv,218,2026-05-20T13:33:47,fdeb1092e8cb9a929a8f3df6820692d240be48b0b8be538cdd8b0dc3685a0b22,csv
PUBLIC,PUBLIC\results\_06x_dataset_generation_260515\note_tail_copy.md,note_tail_copy.md,.md,5795,2026-05-20T13:33:48,420ad9ebb550ba83703ae3bcbddf173807ae99437a43b84cda823551fbe02bc0,md
PUBLIC,PUBLIC\results\_06x_dataset_generation_260515\README.md,README.md,.md,1886,2026-05-20T13:33:48,8e00eae38997f67576686c44c1b21b785a6863dc619c18d1ed78621b2f791d27,md
PUBLIC,PUBLIC\results\_06y_promo_split_260520\06y_expanded_dataset_promo_0.csv,06y_expanded_dataset_promo_0.csv,.csv,5896640,2026-05-20T13:34:09,b3265a3c62b9adacad0b0a85aefc16fb6a7214acf52b122e3082e119c1e96557,csv
PUBLIC,PUBLIC\results\_06y_promo_split_260520\06y_expanded_dataset_promo_1.csv,06y_expanded_dataset_promo_1.csv,.csv,6295394,2026-05-20T13:34:09,12159c01ca2c07b261505d982ee658509b808c271b09ae694cee3f39d5308493,csv
PUBLIC,PUBLIC\results\_06y_promo_split_260520\06y_final_checks.csv,06y_final_checks.csv,.csv,860,2026-05-20T15:53:04,ed402c23701fd382328fa112a7f524888222232f93c17a1c361a29a8878fd5ee,csv
PUBLIC,PUBLIC\results\_06y_promo_split_260520\06y_promo_split_print_summary.txt,06y_promo_split_print_summary.txt,.txt,220,2026-05-20T13:34:09,80ee908e17d10bfbaf530fc44eb3b791797f754048672a99023a9c410d009b92,other
PUBLIC,PUBLIC\results\_06y_promo_split_260520\06y_promo_split_summary.csv,06y_promo_split_summary.csv,.csv,277,2026-05-20T13:34:09,0108cbcc52ca89328426267ff5ecaa4b918bc9165dcbdde8f85b1ea8872da773,csv
PUBLIC,PUBLIC\results\_06y_promo_split_260520\06y_review_zip_inventory.csv,06y_review_zip_inventory.csv,.csv,865,2026-05-20T15:53:04,61fe721fb43987108c8bcc7437d2b01c9d70fb389fb2b7f7dbb02034392f4a76,csv
PUBLIC,PUBLIC\results\_06y_promo_split_260520\06y_schema_check.csv,06y_schema_check.csv,.csv,3804,2026-05-20T13:34:09,b00f3956d1519b68178c5264e3515c30055c7e99ecc1a5a0c755ee5642e7e70f,csv
PUBLIC,PUBLIC\results\_06y_promo_split_260520\06y_source_profile.csv,06y_source_profile.csv,.csv,251,2026-05-20T13:34:08,36633907e4aed2f04d3f7696f778c5e83d0ed0562df53158345819ac26dece5e,csv
PUBLIC,PUBLIC\results\_06y_promo_split_260520\06y_target_distribution_by_split.csv,06y_target_distribution_by_split.csv,.csv,177,2026-05-20T13:34:09,da97508d08152417be95d707997873d5da51ea643714c46548c7008470f3c744,csv
PUBLIC,PUBLIC\results\_06y_promo_split_260520\note_tail_copy.md,note_tail_copy.md,.md,4639,2026-05-20T13:34:09,f0d0b4c9af768e794c3d0a512e28fc47831a14f695008c3c0ad48dc16c4a76b5,md
PUBLIC,PUBLIC\results\_06y_promo_split_260520\README.md,README.md,.md,671,2026-05-20T13:34:09,a413ce35216ccb88a3fbb83d04ce8dc4bb48b15f11c4832d504664d1a586d2fc,md
PUBLIC,PUBLIC\zip\_06x_dataset_generation_260515_review_package.zip,_06x_dataset_generation_260515_review_package.zip,.zip,6831724,2026-05-20T13:33:50,0fed6c4092e303b5a4d7045e0dcd0dc4550653209a0ca49fe90b428c7dea17d4,zip
PUBLIC,PUBLIC\zip\_06y_promo_split_260520_review_package.zip,_06y_promo_split_260520_review_package.zip,.zip,4425907,2026-05-20T13:34:10,74f56e41c714c99d9357b7ff565b6c200c5a97f78a827830f606a4706a79a2dd,zip
PUBLIC,PUBLIC\zip\PUBLIC_11_12_emergency_model_restructure_260520_review_package.zip,PUBLIC_11_12_emergency_model_restructure_260520_review_package.zip,.zip,79789,2026-05-20T17:02:28,ba9c5dd28fd8bf2b54bebe73ff5975062f09b349b57936171747f8cef4a767cf,zip
PUBLIC,PUBLIC\zip\PUBLIC_12_four_model_comparison_review_260520_review_package.zip,PUBLIC_12_four_model_comparison_review_260520_review_package.zip,.zip,56245,2026-05-20T17:57:45,06be5a6f653a50c3cf8515b4177d9a9234843c343bf4744b1b643f16d4e17b3f,zip
PUBLIC,PUBLIC\zip\PUBLIC_12_review_hotfix_user_confirmed_260520_review_package.zip,PUBLIC_12_review_hotfix_user_confirmed_260520_review_package.zip,.zip,37388,2026-05-20T19:51:20,41438fc6023f9cbb9193522124cdd1f43addcf0d418ed305fd3ca1c0c831e967,zip
PUBLIC,PUBLIC\zip\PUBLIC_12_review_hotfix_user_confirmed_patch_260520_review_package.zip,PUBLIC_12_review_hotfix_user_confirmed_patch_260520_review_package.zip,.zip,35248,2026-05-20T20:16:04,7a2c09481efc0eaf724df3fe0a085f109935416c84a1e8213ffd39bc3db497b1,zip
PUBLIC,PUBLIC\zip\PUBLIC_15_four_model_oof_score_generation_260520_review_package.zip,PUBLIC_15_four_model_oof_score_generation_260520_review_package.zip,.zip,10427,2026-05-20T20:55:42,84a2c60945394e8526aab380633a7813a9fd4417cb1a60150e057d784c265ec1,zip
PUBLIC,PUBLIC\zip\PUBLIC_15_oof_score_hotfix_260520_review_package.zip,PUBLIC_15_oof_score_hotfix_260520_review_package.zip,.zip,11713238,2026-05-20T21:30:23,abc43c7b5ef3cc0c184ff8fb6c2bfcfa7fa1c9fc3c8d79ed0adb46c063af9aba,zip
PUBLIC,PUBLIC\zip\PUBLIC_16_four_model_SHAP_candidate_interpretation_260520_review_package.zip,PUBLIC_16_four_model_SHAP_candidate_interpretation_260520_review_package.zip,.zip,609245,2026-05-20T22:00:23,8c14313293d0f9ec2bbdae34fb6b91c98cdd72847c4987c7c42c8c25af1a9e86,zip
PUBLIC,PUBLIC\zip\PUBLIC_16b_feature_family_mapping_hotfix_260520_review_package.zip,PUBLIC_16b_feature_family_mapping_hotfix_260520_review_package.zip,.zip,80318,2026-05-20T22:19:41,95389417183a2e31c31476bf8424c84ce82b3c6e83a2ceb1ae434f688b87b755,zip
PUBLIC,PUBLIC\zip\PUBLIC_16b_feature_family_mapping_hotfix_acceptance_patch_260520_review_package.zip,PUBLIC_16b_feature_family_mapping_hotfix_acceptance_patch_260520_review_package.zip,.zip,56056,2026-05-20T22:43:29,c91e615e66fa67b9b0da75a75d512a634f9dc0f501303bf3ffea61c0be78f5ff,zip
PUBLIC,PUBLIC\zip\PUBLIC_17_demographic_action_layer_hotfix_260520_review_package.zip,PUBLIC_17_demographic_action_layer_hotfix_260520_review_package.zip,.zip,181009,2026-05-21T15:59:46,bb6bc986c0a67510bd607cac1b68bf78f48a9122fb9ac594c3881d55de73bab1,zip
PUBLIC,PUBLIC\zip\PUBLIC_17_promo_scope_oof_behavior_segmentation_260520_review_package.zip,PUBLIC_17_promo_scope_oof_behavior_segmentation_260520_review_package.zip,.zip,7842323,2026-05-21T12:57:25,15444dd9be17cb67b41c1a69f2f9d84120da8bce2f617683e6f652517c0ee04b,zip
PUBLIC,PUBLIC\zip\PUBLIC_17_segmentation_quality_hotfix_260520_review_package.zip,PUBLIC_17_segmentation_quality_hotfix_260520_review_package.zip,.zip,719040,2026-05-21T15:09:21,f77a577dedd4af5b5c0a9cb87cbdafdc5ee5f135d2c03d2aa32035fe0b881658,zip
PUBLIC,PUBLIC\zip\PUBLIC_17_segmentation_semantic_hotfix_260520_review_package.zip,PUBLIC_17_segmentation_semantic_hotfix_260520_review_package.zip,.zip,658619,2026-05-21T14:03:27,f1dcf4ddc537a93f74fa23747dd704a86a605a1d0b55d93870def12aaa7afb0a,zip
PUBLIC,PUBLIC\zip\PUBLIC_18_business_storyline_260520_review_package.zip,PUBLIC_18_business_storyline_260520_review_package.zip,.zip,79372,2026-05-21T16:38:23,9325687b16d063a031a72df1bbc6fca66eed931ab9cff32df3022c83fe7e8b05,zip
PUBLIC,PUBLIC\zip\PUBLIC_18_business_storyline_polish_hotfix_260520_review_package.zip,PUBLIC_18_business_storyline_polish_hotfix_260520_review_package.zip,.zip,53574,2026-05-21T17:30:00,f257a7d7673b563e183d0c963cb72765c25b4af7e6af3f68f5a3a43ccdd54a1b,zip
