expected_record,found_in_files,found_in_note,file_path,model_name,dataset_scope,feature_set,metric_auc,train_valid_gap_or_overfit_metric,reason_for_not_selecting_if_available,evidence_status
CatBoost rerun/result should be reflected if actual result exists,True,True,park.ingyeom\reports\audits\15x_payment_device_sensitivity_260516\15x_model_availability.csv,CatBoost,,,,,See 14x/15x/16x/17x source files; this package does not infer beyond file evidence.,file_note_match
CatBoost rerun/result should be reflected if actual result exists,True,True,park.ingyeom\reports\audits\15x_payment_device_sensitivity_260516\15x_model_run_plan.csv,CatBoost,overall_without_promotion,expanded_no_payment_device,,,See 14x/15x/16x/17x source files; this package does not infer beyond file evidence.,file_note_match
CatBoost rerun/result should be reflected if actual result exists,True,True,park.ingyeom\reports\audits\15x_payment_device_sensitivity_260516\15x_model_run_plan.csv,CatBoost,overall_with_promotion,expanded_no_payment_device,,,See 14x/15x/16x/17x source files; this package does not infer beyond file evidence.,file_note_match
CatBoost rerun/result should be reflected if actual result exists,True,True,park.ingyeom\reports\audits\15x_payment_device_sensitivity_260516\15x_model_run_plan.csv,CatBoost,promotion_only,expanded_no_payment_device,,,See 14x/15x/16x/17x source files; this package does not infer beyond file evidence.,file_note_match
CatBoost rerun/result should be reflected if actual result exists,True,True,park.ingyeom\reports\audits\15x_payment_device_sensitivity_260516\15x_model_run_plan.csv,CatBoost,nonpromotion_only,expanded_no_payment_device,,,See 14x/15x/16x/17x source files; this package does not infer beyond file evidence.,file_note_match
CatBoost rerun/result should be reflected if actual result exists,True,True,park.ingyeom\reports\audits\15x_payment_device_sensitivity_260516\15x_model_summary_by_scope.csv,CatBoost,overall_without_promotion,expanded_no_payment_device,0.8726647096867026,0.0212646367273618,See 14x/15x/16x/17x source files; this package does not infer beyond file evidence.,file_note_match
CatBoost rerun/result should be reflected if actual result exists,True,True,park.ingyeom\reports\audits\15x_payment_device_sensitivity_260516\15x_model_summary_by_scope.csv,CatBoost,overall_with_promotion,expanded_no_payment_device,0.8778380974040094,0.0207406061234441,See 14x/15x/16x/17x source files; this package does not infer beyond file evidence.,file_note_match
CatBoost rerun/result should be reflected if actual result exists,True,True,park.ingyeom\reports\audits\15x_payment_device_sensitivity_260516\15x_model_summary_by_scope.csv,CatBoost,promotion_only,expanded_no_payment_device,0.861347339153776,0.0408437064814751,See 14x/15x/16x/17x source files; this package does not infer beyond file evidence.,file_note_match
CatBoost rerun/result should be reflected if actual result exists,True,True,park.ingyeom\reports\audits\15x_payment_device_sensitivity_260516\15x_model_summary_by_scope.csv,CatBoost,nonpromotion_only,expanded_no_payment_device,0.8864878252566246,0.0390877753219086,See 14x/15x/16x/17x source files; this package does not infer beyond file evidence.,file_note_match
CatBoost rerun/result should be reflected if actual result exists,True,True,park.ingyeom\reports\audits\15x_payment_device_sensitivity_260516\15x_payment_removed_vs_original_comparison.csv,CatBoost,overall_without_promotion,,0.8632427314692961,0.0062926798796589,See 14x/15x/16x/17x source files; this package does not infer beyond file evidence.,file_note_match
CatBoost rerun/result should be reflected if actual result exists,True,True,park.ingyeom\reports\audits\15x_payment_device_sensitivity_260516\15x_payment_removed_vs_original_comparison.csv,CatBoost,overall_with_promotion,,0.8676213912567694,0.0058389697275407,See 14x/15x/16x/17x source files; this package does not infer beyond file evidence.,file_note_match
CatBoost rerun/result should be reflected if actual result exists,True,True,park.ingyeom\reports\audits\15x_payment_device_sensitivity_260516\15x_payment_removed_vs_original_comparison.csv,CatBoost,promotion_only,,0.851458838275098,0.0123772058041514,See 14x/15x/16x/17x source files; this package does not infer beyond file evidence.,file_note_match
CatBoost rerun/result should be reflected if actual result exists,True,True,park.ingyeom\reports\audits\15x_payment_device_sensitivity_260516\15x_payment_removed_vs_original_comparison.csv,CatBoost,nonpromotion_only,,0.8786574847705189,0.0120433969901861,See 14x/15x/16x/17x source files; this package does not infer beyond file evidence.,file_note_match
CatBoost rerun/result should be reflected if actual result exists,True,True,park.ingyeom\reports\interpretation\16x_SHAP_candidate_interpretation_260516\16x_SHAP_candidate_plan.csv,CatBoost,nonpromotion_only,expanded_no_payment_device,,,See 14x/15x/16x/17x source files; this package does not infer beyond file evidence.,file_note_match
CatBoost rerun/result should be reflected if actual result exists,True,True,park.ingyeom\reports\models\12x_model_family_comparison_260516\12x_calibration_decile_summary.csv,CatBoost,nonpromotion_only,conservative_safe_22,,,See 14x/15x/16x/17x source files; this package does not infer beyond file evidence.,file_note_match
CatBoost rerun/result should be reflected if actual result exists,True,True,park.ingyeom\reports\models\12x_model_family_comparison_260516\12x_calibration_decile_summary.csv,CatBoost,nonpromotion_only,conservative_safe_22,,,See 14x/15x/16x/17x source files; this package does not infer beyond file evidence.,file_note_match
CatBoost rerun/result should be reflected if actual result exists,True,True,park.ingyeom\reports\models\12x_model_family_comparison_260516\12x_calibration_decile_summary.csv,CatBoost,nonpromotion_only,conservative_safe_22,,,See 14x/15x/16x/17x source files; this package does not infer beyond file evidence.,file_note_match
CatBoost rerun/result should be reflected if actual result exists,True,True,park.ingyeom\reports\models\12x_model_family_comparison_260516\12x_calibration_decile_summary.csv,CatBoost,nonpromotion_only,conservative_safe_22,,,See 14x/15x/16x/17x source files; this package does not infer beyond file evidence.,file_note_match
CatBoost rerun/result should be reflected if actual result exists,True,True,park.ingyeom\reports\models\12x_model_family_comparison_260516\12x_calibration_decile_summary.csv,CatBoost,nonpromotion_only,conservative_safe_22,,,See 14x/15x/16x/17x source files; this package does not infer beyond file evidence.,file_note_match
CatBoost rerun/result should be reflected if actual result exists,True,True,park.ingyeom\reports\models\12x_model_family_comparison_260516\12x_calibration_decile_summary.csv,CatBoost,nonpromotion_only,conservative_safe_22,,,See 14x/15x/16x/17x source files; this package does not infer beyond file evidence.,file_note_match
CatBoost rerun/result should be reflected if actual result exists,True,True,park.ingyeom\reports\models\12x_model_family_comparison_260516\12x_calibration_decile_summary.csv,CatBoost,nonpromotion_only,conservative_safe_22,,,See 14x/15x/16x/17x source files; this package does not infer beyond file evidence.,file_note_match
CatBoost rerun/result should be reflected if actual result exists,True,True,park.ingyeom\reports\models\12x_model_family_comparison_260516\12x_calibration_decile_summary.csv,CatBoost,nonpromotion_only,conservative_safe_22,,,See 14x/15x/16x/17x source files; this package does not infer beyond file evidence.,file_note_match
CatBoost rerun/result should be reflected if actual result exists,True,True,park.ingyeom\reports\models\12x_model_family_comparison_260516\12x_calibration_decile_summary.csv,CatBoost,nonpromotion_only,conservative_safe_22,,,See 14x/15x/16x/17x source files; this package does not infer beyond file evidence.,file_note_match
CatBoost rerun/result should be reflected if actual result exists,True,True,park.ingyeom\reports\models\12x_model_family_comparison_260516\12x_calibration_decile_summary.csv,CatBoost,nonpromotion_only,conservative_safe_22,,,See 14x/15x/16x/17x source files; this package does not infer beyond file evidence.,file_note_match
CatBoost rerun/result should be reflected if actual result exists,True,True,park.ingyeom\reports\models\12x_model_family_comparison_260516\12x_calibration_decile_summary.csv,CatBoost,nonpromotion_only,conservative_safe_22,,,See 14x/15x/16x/17x source files; this package does not infer beyond file evidence.,file_note_match
CatBoost rerun/result should be reflected if actual result exists,True,True,park.ingyeom\reports\models\12x_model_family_comparison_260516\12x_calibration_decile_summary.csv,CatBoost,nonpromotion_only,conservative_safe_22,,,See 14x/15x/16x/17x source files; this package does not infer beyond file evidence.,file_note_match
CatBoost rerun/result should be reflected if actual result exists,True,True,park.ingyeom\reports\models\12x_model_family_comparison_260516\12x_calibration_decile_summary.csv,CatBoost,nonpromotion_only,conservative_safe_22,,,See 14x/15x/16x/17x source files; this package does not infer beyond file evidence.,file_note_match
CatBoost rerun/result should be reflected if actual result exists,True,True,park.ingyeom\reports\models\12x_model_family_comparison_260516\12x_calibration_decile_summary.csv,CatBoost,nonpromotion_only,conservative_safe_22,,,See 14x/15x/16x/17x source files; this package does not infer beyond file evidence.,file_note_match
CatBoost rerun/result should be reflected if actual result exists,True,True,park.ingyeom\reports\models\12x_model_family_comparison_260516\12x_calibration_decile_summary.csv,CatBoost,nonpromotion_only,conservative_safe_22,,,See 14x/15x/16x/17x source files; this package does not infer beyond file evidence.,file_note_match
CatBoost rerun/result should be reflected if actual result exists,True,True,park.ingyeom\reports\models\12x_model_family_comparison_260516\12x_calibration_decile_summary.csv,CatBoost,nonpromotion_only,conservative_safe_22,,,See 14x/15x/16x/17x source files; this package does not infer beyond file evidence.,file_note_match
CatBoost rerun/result should be reflected if actual result exists,True,True,park.ingyeom\reports\models\12x_model_family_comparison_260516\12x_calibration_decile_summary.csv,CatBoost,nonpromotion_only,conservative_safe_22,,,See 14x/15x/16x/17x source files; this package does not infer beyond file evidence.,file_note_match
CatBoost rerun/result should be reflected if actual result exists,True,True,park.ingyeom\reports\models\12x_model_family_comparison_260516\12x_calibration_decile_summary.csv,CatBoost,nonpromotion_only,conservative_safe_22,,,See 14x/15x/16x/17x source files; this package does not infer beyond file evidence.,file_note_match
CatBoost rerun/result should be reflected if actual result exists,True,True,park.ingyeom\reports\models\12x_model_family_comparison_260516\12x_calibration_decile_summary.csv,CatBoost,nonpromotion_only,conservative_safe_22,,,See 14x/15x/16x/17x source files; this package does not infer beyond file evidence.,file_note_match
CatBoost rerun/result should be reflected if actual result exists,True,True,park.ingyeom\reports\models\12x_model_family_comparison_260516\12x_calibration_decile_summary.csv,CatBoost,nonpromotion_only,conservative_safe_22,,,See 14x/15x/16x/17x source files; this package does not infer beyond file evidence.,file_note_match
CatBoost rerun/result should be reflected if actual result exists,True,True,park.ingyeom\reports\models\12x_model_family_comparison_260516\12x_calibration_decile_summary.csv,CatBoost,overall_with_promotion,conservative_safe_22,,,See 14x/15x/16x/17x source files; this package does not infer beyond file evidence.,file_note_match
CatBoost rerun/result should be reflected if actual result exists,True,True,park.ingyeom\reports\models\12x_model_family_comparison_260516\12x_calibration_decile_summary.csv,CatBoost,overall_with_promotion,conservative_safe_22,,,See 14x/15x/16x/17x source files; this package does not infer beyond file evidence.,file_note_match
CatBoost rerun/result should be reflected if actual result exists,True,True,park.ingyeom\reports\models\12x_model_family_comparison_260516\12x_calibration_decile_summary.csv,CatBoost,overall_with_promotion,conservative_safe_22,,,See 14x/15x/16x/17x source files; this package does not infer beyond file evidence.,file_note_match
CatBoost rerun/result should be reflected if actual result exists,True,True,park.ingyeom\reports\models\12x_model_family_comparison_260516\12x_calibration_decile_summary.csv,CatBoost,overall_with_promotion,conservative_safe_22,,,See 14x/15x/16x/17x source files; this package does not infer beyond file evidence.,file_note_match
CatBoost rerun/result should be reflected if actual result exists,True,True,park.ingyeom\reports\models\12x_model_family_comparison_260516\12x_calibration_decile_summary.csv,CatBoost,overall_with_promotion,conservative_safe_22,,,See 14x/15x/16x/17x source files; this package does not infer beyond file evidence.,file_note_match
CatBoost rerun/result should be reflected if actual result exists,True,True,park.ingyeom\reports\models\12x_model_family_comparison_260516\12x_calibration_decile_summary.csv,CatBoost,overall_with_promotion,conservative_safe_22,,,See 14x/15x/16x/17x source files; this package does not infer beyond file evidence.,file_note_match
CatBoost rerun/result should be reflected if actual result exists,True,True,park.ingyeom\reports\models\12x_model_family_comparison_260516\12x_calibration_decile_summary.csv,CatBoost,overall_with_promotion,conservative_safe_22,,,See 14x/15x/16x/17x source files; this package does not infer beyond file evidence.,file_note_match
CatBoost rerun/result should be reflected if actual result exists,True,True,park.ingyeom\reports\models\12x_model_family_comparison_260516\12x_calibration_decile_summary.csv,CatBoost,overall_with_promotion,conservative_safe_22,,,See 14x/15x/16x/17x source files; this package does not infer beyond file evidence.,file_note_match
CatBoost rerun/result should be reflected if actual result exists,True,True,park.ingyeom\reports\models\12x_model_family_comparison_260516\12x_calibration_decile_summary.csv,CatBoost,overall_with_promotion,conservative_safe_22,,,See 14x/15x/16x/17x source files; this package does not infer beyond file evidence.,file_note_match
CatBoost rerun/result should be reflected if actual result exists,True,True,park.ingyeom\reports\models\12x_model_family_comparison_260516\12x_calibration_decile_summary.csv,CatBoost,overall_with_promotion,conservative_safe_22,,,See 14x/15x/16x/17x source files; this package does not infer beyond file evidence.,file_note_match
CatBoost rerun/result should be reflected if actual result exists,True,True,park.ingyeom\reports\models\12x_model_family_comparison_260516\12x_calibration_decile_summary.csv,CatBoost,overall_with_promotion,conservative_safe_22,,,See 14x/15x/16x/17x source files; this package does not infer beyond file evidence.,file_note_match
CatBoost rerun/result should be reflected if actual result exists,True,True,park.ingyeom\reports\models\12x_model_family_comparison_260516\12x_calibration_decile_summary.csv,CatBoost,overall_with_promotion,conservative_safe_22,,,See 14x/15x/16x/17x source files; this package does not infer beyond file evidence.,file_note_match
CatBoost rerun/result should be reflected if actual result exists,True,True,park.ingyeom\reports\models\12x_model_family_comparison_260516\12x_calibration_decile_summary.csv,CatBoost,overall_with_promotion,conservative_safe_22,,,See 14x/15x/16x/17x source files; this package does not infer beyond file evidence.,file_note_match
CatBoost rerun/result should be reflected if actual result exists,True,True,park.ingyeom\reports\models\12x_model_family_comparison_260516\12x_calibration_decile_summary.csv,CatBoost,overall_with_promotion,conservative_safe_22,,,See 14x/15x/16x/17x source files; this package does not infer beyond file evidence.,file_note_match
CatBoost rerun/result should be reflected if actual result exists,True,True,park.ingyeom\reports\models\12x_model_family_comparison_260516\12x_calibration_decile_summary.csv,CatBoost,overall_with_promotion,conservative_safe_22,,,See 14x/15x/16x/17x source files; this package does not infer beyond file evidence.,file_note_match
CatBoost rerun/result should be reflected if actual result exists,True,True,park.ingyeom\reports\models\12x_model_family_comparison_260516\12x_calibration_decile_summary.csv,CatBoost,overall_with_promotion,conservative_safe_22,,,See 14x/15x/16x/17x source files; this package does not infer beyond file evidence.,file_note_match
CatBoost rerun/result should be reflected if actual result exists,True,True,park.ingyeom\reports\models\12x_model_family_comparison_260516\12x_calibration_decile_summary.csv,CatBoost,overall_with_promotion,conservative_safe_22,,,See 14x/15x/16x/17x source files; this package does not infer beyond file evidence.,file_note_match
CatBoost rerun/result should be reflected if actual result exists,True,True,park.ingyeom\reports\models\12x_model_family_comparison_260516\12x_calibration_decile_summary.csv,CatBoost,overall_with_promotion,conservative_safe_22,,,See 14x/15x/16x/17x source files; this package does not infer beyond file evidence.,file_note_match
CatBoost rerun/result should be reflected if actual result exists,True,True,park.ingyeom\reports\models\12x_model_family_comparison_260516\12x_calibration_decile_summary.csv,CatBoost,overall_with_promotion,conservative_safe_22,,,See 14x/15x/16x/17x source files; this package does not infer beyond file evidence.,file_note_match
CatBoost rerun/result should be reflected if actual result exists,True,True,park.ingyeom\reports\models\12x_model_family_comparison_260516\12x_calibration_decile_summary.csv,CatBoost,overall_with_promotion,conservative_safe_22,,,See 14x/15x/16x/17x source files; this package does not infer beyond file evidence.,file_note_match
CatBoost rerun/result should be reflected if actual result exists,True,True,park.ingyeom\reports\models\12x_model_family_comparison_260516\12x_calibration_decile_summary.csv,CatBoost,overall_without_promotion,conservative_safe_22,,,See 14x/15x/16x/17x source files; this package does not infer beyond file evidence.,file_note_match
CatBoost rerun/result should be reflected if actual result exists,True,True,park.ingyeom\reports\models\12x_model_family_comparison_260516\12x_calibration_decile_summary.csv,CatBoost,overall_without_promotion,conservative_safe_22,,,See 14x/15x/16x/17x source files; this package does not infer beyond file evidence.,file_note_match
CatBoost rerun/result should be reflected if actual result exists,True,True,park.ingyeom\reports\models\12x_model_family_comparison_260516\12x_calibration_decile_summary.csv,CatBoost,overall_without_promotion,conservative_safe_22,,,See 14x/15x/16x/17x source files; this package does not infer beyond file evidence.,file_note_match
CatBoost rerun/result should be reflected if actual result exists,True,True,park.ingyeom\reports\models\12x_model_family_comparison_260516\12x_calibration_decile_summary.csv,CatBoost,overall_without_promotion,conservative_safe_22,,,See 14x/15x/16x/17x source files; this package does not infer beyond file evidence.,file_note_match
CatBoost rerun/result should be reflected if actual result exists,True,True,park.ingyeom\reports\models\12x_model_family_comparison_260516\12x_calibration_decile_summary.csv,CatBoost,overall_without_promotion,conservative_safe_22,,,See 14x/15x/16x/17x source files; this package does not infer beyond file evidence.,file_note_match
CatBoost rerun/result should be reflected if actual result exists,True,True,park.ingyeom\reports\models\12x_model_family_comparison_260516\12x_calibration_decile_summary.csv,CatBoost,overall_without_promotion,conservative_safe_22,,,See 14x/15x/16x/17x source files; this package does not infer beyond file evidence.,file_note_match
CatBoost rerun/result should be reflected if actual result exists,True,True,park.ingyeom\reports\models\12x_model_family_comparison_260516\12x_calibration_decile_summary.csv,CatBoost,overall_without_promotion,conservative_safe_22,,,See 14x/15x/16x/17x source files; this package does not infer beyond file evidence.,file_note_match
CatBoost rerun/result should be reflected if actual result exists,True,True,park.ingyeom\reports\models\12x_model_family_comparison_260516\12x_calibration_decile_summary.csv,CatBoost,overall_without_promotion,conservative_safe_22,,,See 14x/15x/16x/17x source files; this package does not infer beyond file evidence.,file_note_match
CatBoost rerun/result should be reflected if actual result exists,True,True,park.ingyeom\reports\models\12x_model_family_comparison_260516\12x_calibration_decile_summary.csv,CatBoost,overall_without_promotion,conservative_safe_22,,,See 14x/15x/16x/17x source files; this package does not infer beyond file evidence.,file_note_match
CatBoost rerun/result should be reflected if actual result exists,True,True,park.ingyeom\reports\models\12x_model_family_comparison_260516\12x_calibration_decile_summary.csv,CatBoost,overall_without_promotion,conservative_safe_22,,,See 14x/15x/16x/17x source files; this package does not infer beyond file evidence.,file_note_match
CatBoost rerun/result should be reflected if actual result exists,True,True,park.ingyeom\reports\models\12x_model_family_comparison_260516\12x_calibration_decile_summary.csv,CatBoost,overall_without_promotion,conservative_safe_22,,,See 14x/15x/16x/17x source files; this package does not infer beyond file evidence.,file_note_match
CatBoost rerun/result should be reflected if actual result exists,True,True,park.ingyeom\reports\models\12x_model_family_comparison_260516\12x_calibration_decile_summary.csv,CatBoost,overall_without_promotion,conservative_safe_22,,,See 14x/15x/16x/17x source files; this package does not infer beyond file evidence.,file_note_match
CatBoost rerun/result should be reflected if actual result exists,True,True,park.ingyeom\reports\models\12x_model_family_comparison_260516\12x_calibration_decile_summary.csv,CatBoost,overall_without_promotion,conservative_safe_22,,,See 14x/15x/16x/17x source files; this package does not infer beyond file evidence.,file_note_match
CatBoost rerun/result should be reflected if actual result exists,True,True,park.ingyeom\reports\models\12x_model_family_comparison_260516\12x_calibration_decile_summary.csv,CatBoost,overall_without_promotion,conservative_safe_22,,,See 14x/15x/16x/17x source files; this package does not infer beyond file evidence.,file_note_match
CatBoost rerun/result should be reflected if actual result exists,True,True,park.ingyeom\reports\models\12x_model_family_comparison_260516\12x_calibration_decile_summary.csv,CatBoost,overall_without_promotion,conservative_safe_22,,,See 14x/15x/16x/17x source files; this package does not infer beyond file evidence.,file_note_match
CatBoost rerun/result should be reflected if actual result exists,True,True,park.ingyeom\reports\models\12x_model_family_comparison_260516\12x_calibration_decile_summary.csv,CatBoost,overall_without_promotion,conservative_safe_22,,,See 14x/15x/16x/17x source files; this package does not infer beyond file evidence.,file_note_match
CatBoost rerun/result should be reflected if actual result exists,True,True,park.ingyeom\reports\models\12x_model_family_comparison_260516\12x_calibration_decile_summary.csv,CatBoost,overall_without_promotion,conservative_safe_22,,,See 14x/15x/16x/17x source files; this package does not infer beyond file evidence.,file_note_match
CatBoost rerun/result should be reflected if actual result exists,True,True,park.ingyeom\reports\models\12x_model_family_comparison_260516\12x_calibration_decile_summary.csv,CatBoost,overall_without_promotion,conservative_safe_22,,,See 14x/15x/16x/17x source files; this package does not infer beyond file evidence.,file_note_match
CatBoost rerun/result should be reflected if actual result exists,True,True,park.ingyeom\reports\models\12x_model_family_comparison_260516\12x_calibration_decile_summary.csv,CatBoost,overall_without_promotion,conservative_safe_22,,,See 14x/15x/16x/17x source files; this package does not infer beyond file evidence.,file_note_match
CatBoost rerun/result should be reflected if actual result exists,True,True,park.ingyeom\reports\models\12x_model_family_comparison_260516\12x_calibration_decile_summary.csv,CatBoost,overall_without_promotion,conservative_safe_22,,,See 14x/15x/16x/17x source files; this package does not infer beyond file evidence.,file_note_match
CatBoost rerun/result should be reflected if actual result exists,True,True,park.ingyeom\reports\models\12x_model_family_comparison_260516\12x_calibration_decile_summary.csv,CatBoost,promotion_only,conservative_safe_22,,,See 14x/15x/16x/17x source files; this package does not infer beyond file evidence.,file_note_match
CatBoost rerun/result should be reflected if actual result exists,True,True,park.ingyeom\reports\models\12x_model_family_comparison_260516\12x_calibration_decile_summary.csv,CatBoost,promotion_only,conservative_safe_22,,,See 14x/15x/16x/17x source files; this package does not infer beyond file evidence.,file_note_match
CatBoost rerun/result should be reflected if actual result exists,True,True,park.ingyeom\reports\models\12x_model_family_comparison_260516\12x_calibration_decile_summary.csv,CatBoost,promotion_only,conservative_safe_22,,,See 14x/15x/16x/17x source files; this package does not infer beyond file evidence.,file_note_match
CatBoost rerun/result should be reflected if actual result exists,True,True,park.ingyeom\reports\models\12x_model_family_comparison_260516\12x_calibration_decile_summary.csv,CatBoost,promotion_only,conservative_safe_22,,,See 14x/15x/16x/17x source files; this package does not infer beyond file evidence.,file_note_match
CatBoost rerun/result should be reflected if actual result exists,True,True,park.ingyeom\reports\models\12x_model_family_comparison_260516\12x_calibration_decile_summary.csv,CatBoost,promotion_only,conservative_safe_22,,,See 14x/15x/16x/17x source files; this package does not infer beyond file evidence.,file_note_match
CatBoost rerun/result should be reflected if actual result exists,True,True,park.ingyeom\reports\models\12x_model_family_comparison_260516\12x_calibration_decile_summary.csv,CatBoost,promotion_only,conservative_safe_22,,,See 14x/15x/16x/17x source files; this package does not infer beyond file evidence.,file_note_match
CatBoost rerun/result should be reflected if actual result exists,True,True,park.ingyeom\reports\models\12x_model_family_comparison_260516\12x_calibration_decile_summary.csv,CatBoost,promotion_only,conservative_safe_22,,,See 14x/15x/16x/17x source files; this package does not infer beyond file evidence.,file_note_match
CatBoost rerun/result should be reflected if actual result exists,True,True,park.ingyeom\reports\models\12x_model_family_comparison_260516\12x_calibration_decile_summary.csv,CatBoost,promotion_only,conservative_safe_22,,,See 14x/15x/16x/17x source files; this package does not infer beyond file evidence.,file_note_match
CatBoost rerun/result should be reflected if actual result exists,True,True,park.ingyeom\reports\models\12x_model_family_comparison_260516\12x_calibration_decile_summary.csv,CatBoost,promotion_only,conservative_safe_22,,,See 14x/15x/16x/17x source files; this package does not infer beyond file evidence.,file_note_match
CatBoost rerun/result should be reflected if actual result exists,True,True,park.ingyeom\reports\models\12x_model_family_comparison_260516\12x_calibration_decile_summary.csv,CatBoost,promotion_only,conservative_safe_22,,,See 14x/15x/16x/17x source files; this package does not infer beyond file evidence.,file_note_match
CatBoost rerun/result should be reflected if actual result exists,True,True,park.ingyeom\reports\models\12x_model_family_comparison_260516\12x_calibration_decile_summary.csv,CatBoost,promotion_only,conservative_safe_22,,,See 14x/15x/16x/17x source files; this package does not infer beyond file evidence.,file_note_match
CatBoost rerun/result should be reflected if actual result exists,True,True,park.ingyeom\reports\models\12x_model_family_comparison_260516\12x_calibration_decile_summary.csv,CatBoost,promotion_only,conservative_safe_22,,,See 14x/15x/16x/17x source files; this package does not infer beyond file evidence.,file_note_match
CatBoost rerun/result should be reflected if actual result exists,True,True,park.ingyeom\reports\models\12x_model_family_comparison_260516\12x_calibration_decile_summary.csv,CatBoost,promotion_only,conservative_safe_22,,,See 14x/15x/16x/17x source files; this package does not infer beyond file evidence.,file_note_match
CatBoost rerun/result should be reflected if actual result exists,True,True,park.ingyeom\reports\models\12x_model_family_comparison_260516\12x_calibration_decile_summary.csv,CatBoost,promotion_only,conservative_safe_22,,,See 14x/15x/16x/17x source files; this package does not infer beyond file evidence.,file_note_match
CatBoost rerun/result should be reflected if actual result exists,True,True,park.ingyeom\reports\models\12x_model_family_comparison_260516\12x_calibration_decile_summary.csv,CatBoost,promotion_only,conservative_safe_22,,,See 14x/15x/16x/17x source files; this package does not infer beyond file evidence.,file_note_match
CatBoost rerun/result should be reflected if actual result exists,True,True,park.ingyeom\reports\models\12x_model_family_comparison_260516\12x_calibration_decile_summary.csv,CatBoost,promotion_only,conservative_safe_22,,,See 14x/15x/16x/17x source files; this package does not infer beyond file evidence.,file_note_match
CatBoost rerun/result should be reflected if actual result exists,True,True,park.ingyeom\reports\models\12x_model_family_comparison_260516\12x_calibration_decile_summary.csv,CatBoost,promotion_only,conservative_safe_22,,,See 14x/15x/16x/17x source files; this package does not infer beyond file evidence.,file_note_match
CatBoost rerun/result should be reflected if actual result exists,True,True,park.ingyeom\reports\models\12x_model_family_comparison_260516\12x_calibration_decile_summary.csv,CatBoost,promotion_only,conservative_safe_22,,,See 14x/15x/16x/17x source files; this package does not infer beyond file evidence.,file_note_match
CatBoost rerun/result should be reflected if actual result exists,True,True,park.ingyeom\reports\models\12x_model_family_comparison_260516\12x_calibration_decile_summary.csv,CatBoost,promotion_only,conservative_safe_22,,,See 14x/15x/16x/17x source files; this package does not infer beyond file evidence.,file_note_match
CatBoost rerun/result should be reflected if actual result exists,True,True,park.ingyeom\reports\models\12x_model_family_comparison_260516\12x_calibration_decile_summary.csv,CatBoost,promotion_only,conservative_safe_22,,,See 14x/15x/16x/17x source files; this package does not infer beyond file evidence.,file_note_match
CatBoost rerun/result should be reflected if actual result exists,True,True,park.ingyeom\reports\models\12x_model_family_comparison_260516\12x_calibration_decile_summary.csv,CatBoost,nonpromotion_only,expanded_feature_set,,,See 14x/15x/16x/17x source files; this package does not infer beyond file evidence.,file_note_match
CatBoost rerun/result should be reflected if actual result exists,True,True,park.ingyeom\reports\models\12x_model_family_comparison_260516\12x_calibration_decile_summary.csv,CatBoost,nonpromotion_only,expanded_feature_set,,,See 14x/15x/16x/17x source files; this package does not infer beyond file evidence.,file_note_match
CatBoost rerun/result should be reflected if actual result exists,True,True,park.ingyeom\reports\models\12x_model_family_comparison_260516\12x_calibration_decile_summary.csv,CatBoost,nonpromotion_only,expanded_feature_set,,,See 14x/15x/16x/17x source files; this package does not infer beyond file evidence.,file_note_match
CatBoost rerun/result should be reflected if actual result exists,True,True,park.ingyeom\reports\models\12x_model_family_comparison_260516\12x_calibration_decile_summary.csv,CatBoost,nonpromotion_only,expanded_feature_set,,,See 14x/15x/16x/17x source files; this package does not infer beyond file evidence.,file_note_match
CatBoost rerun/result should be reflected if actual result exists,True,True,park.ingyeom\reports\models\12x_model_family_comparison_260516\12x_calibration_decile_summary.csv,CatBoost,nonpromotion_only,expanded_feature_set,,,See 14x/15x/16x/17x source files; this package does not infer beyond file evidence.,file_note_match
CatBoost rerun/result should be reflected if actual result exists,True,True,park.ingyeom\reports\models\12x_model_family_comparison_260516\12x_calibration_decile_summary.csv,CatBoost,nonpromotion_only,expanded_feature_set,,,See 14x/15x/16x/17x source files; this package does not infer beyond file evidence.,file_note_match
CatBoost rerun/result should be reflected if actual result exists,True,True,park.ingyeom\reports\models\12x_model_family_comparison_260516\12x_calibration_decile_summary.csv,CatBoost,nonpromotion_only,expanded_feature_set,,,See 14x/15x/16x/17x source files; this package does not infer beyond file evidence.,file_note_match
CatBoost rerun/result should be reflected if actual result exists,True,True,park.ingyeom\reports\models\12x_model_family_comparison_260516\12x_calibration_decile_summary.csv,CatBoost,nonpromotion_only,expanded_feature_set,,,See 14x/15x/16x/17x source files; this package does not infer beyond file evidence.,file_note_match
CatBoost rerun/result should be reflected if actual result exists,True,True,park.ingyeom\reports\models\12x_model_family_comparison_260516\12x_calibration_decile_summary.csv,CatBoost,nonpromotion_only,expanded_feature_set,,,See 14x/15x/16x/17x source files; this package does not infer beyond file evidence.,file_note_match
CatBoost rerun/result should be reflected if actual result exists,True,True,park.ingyeom\reports\models\12x_model_family_comparison_260516\12x_calibration_decile_summary.csv,CatBoost,nonpromotion_only,expanded_feature_set,,,See 14x/15x/16x/17x source files; this package does not infer beyond file evidence.,file_note_match
CatBoost rerun/result should be reflected if actual result exists,True,True,park.ingyeom\reports\models\12x_model_family_comparison_260516\12x_calibration_decile_summary.csv,CatBoost,nonpromotion_only,expanded_feature_set,,,See 14x/15x/16x/17x source files; this package does not infer beyond file evidence.,file_note_match
CatBoost rerun/result should be reflected if actual result exists,True,True,park.ingyeom\reports\models\12x_model_family_comparison_260516\12x_calibration_decile_summary.csv,CatBoost,nonpromotion_only,expanded_feature_set,,,See 14x/15x/16x/17x source files; this package does not infer beyond file evidence.,file_note_match
CatBoost rerun/result should be reflected if actual result exists,True,True,park.ingyeom\reports\models\12x_model_family_comparison_260516\12x_calibration_decile_summary.csv,CatBoost,nonpromotion_only,expanded_feature_set,,,See 14x/15x/16x/17x source files; this package does not infer beyond file evidence.,file_note_match
CatBoost rerun/result should be reflected if actual result exists,True,True,park.ingyeom\reports\models\12x_model_family_comparison_260516\12x_calibration_decile_summary.csv,CatBoost,nonpromotion_only,expanded_feature_set,,,See 14x/15x/16x/17x source files; this package does not infer beyond file evidence.,file_note_match
CatBoost rerun/result should be reflected if actual result exists,True,True,park.ingyeom\reports\models\12x_model_family_comparison_260516\12x_calibration_decile_summary.csv,CatBoost,nonpromotion_only,expanded_feature_set,,,See 14x/15x/16x/17x source files; this package does not infer beyond file evidence.,file_note_match
CatBoost rerun/result should be reflected if actual result exists,True,True,park.ingyeom\reports\models\12x_model_family_comparison_260516\12x_calibration_decile_summary.csv,CatBoost,nonpromotion_only,expanded_feature_set,,,See 14x/15x/16x/17x source files; this package does not infer beyond file evidence.,file_note_match
CatBoost rerun/result should be reflected if actual result exists,True,True,park.ingyeom\reports\models\12x_model_family_comparison_260516\12x_calibration_decile_summary.csv,CatBoost,nonpromotion_only,expanded_feature_set,,,See 14x/15x/16x/17x source files; this package does not infer beyond file evidence.,file_note_match
CatBoost rerun/result should be reflected if actual result exists,True,True,park.ingyeom\reports\models\12x_model_family_comparison_260516\12x_calibration_decile_summary.csv,CatBoost,nonpromotion_only,expanded_feature_set,,,See 14x/15x/16x/17x source files; this package does not infer beyond file evidence.,file_note_match
CatBoost rerun/result should be reflected if actual result exists,True,True,park.ingyeom\reports\models\12x_model_family_comparison_260516\12x_calibration_decile_summary.csv,CatBoost,nonpromotion_only,expanded_feature_set,,,See 14x/15x/16x/17x source files; this package does not infer beyond file evidence.,file_note_match
CatBoost rerun/result should be reflected if actual result exists,True,True,park.ingyeom\reports\models\12x_model_family_comparison_260516\12x_calibration_decile_summary.csv,CatBoost,nonpromotion_only,expanded_feature_set,,,See 14x/15x/16x/17x source files; this package does not infer beyond file evidence.,file_note_match
CatBoost rerun/result should be reflected if actual result exists,True,True,park.ingyeom\reports\models\12x_model_family_comparison_260516\12x_calibration_decile_summary.csv,CatBoost,overall_with_promotion,expanded_feature_set,,,See 14x/15x/16x/17x source files; this package does not infer beyond file evidence.,file_note_match
CatBoost rerun/result should be reflected if actual result exists,True,True,park.ingyeom\reports\models\12x_model_family_comparison_260516\12x_calibration_decile_summary.csv,CatBoost,overall_with_promotion,expanded_feature_set,,,See 14x/15x/16x/17x source files; this package does not infer beyond file evidence.,file_note_match
CatBoost rerun/result should be reflected if actual result exists,True,True,park.ingyeom\reports\models\12x_model_family_comparison_260516\12x_calibration_decile_summary.csv,CatBoost,overall_with_promotion,expanded_feature_set,,,See 14x/15x/16x/17x source files; this package does not infer beyond file evidence.,file_note_match
CatBoost rerun/result should be reflected if actual result exists,True,True,park.ingyeom\reports\models\12x_model_family_comparison_260516\12x_calibration_decile_summary.csv,CatBoost,overall_with_promotion,expanded_feature_set,,,See 14x/15x/16x/17x source files; this package does not infer beyond file evidence.,file_note_match
CatBoost rerun/result should be reflected if actual result exists,True,True,park.ingyeom\reports\models\12x_model_family_comparison_260516\12x_calibration_decile_summary.csv,CatBoost,overall_with_promotion,expanded_feature_set,,,See 14x/15x/16x/17x source files; this package does not infer beyond file evidence.,file_note_match
CatBoost rerun/result should be reflected if actual result exists,True,True,park.ingyeom\reports\models\12x_model_family_comparison_260516\12x_calibration_decile_summary.csv,CatBoost,overall_with_promotion,expanded_feature_set,,,See 14x/15x/16x/17x source files; this package does not infer beyond file evidence.,file_note_match
CatBoost rerun/result should be reflected if actual result exists,True,True,park.ingyeom\reports\models\12x_model_family_comparison_260516\12x_calibration_decile_summary.csv,CatBoost,overall_with_promotion,expanded_feature_set,,,See 14x/15x/16x/17x source files; this package does not infer beyond file evidence.,file_note_match
CatBoost rerun/result should be reflected if actual result exists,True,True,park.ingyeom\reports\models\12x_model_family_comparison_260516\12x_calibration_decile_summary.csv,CatBoost,overall_with_promotion,expanded_feature_set,,,See 14x/15x/16x/17x source files; this package does not infer beyond file evidence.,file_note_match
CatBoost rerun/result should be reflected if actual result exists,True,True,park.ingyeom\reports\models\12x_model_family_comparison_260516\12x_calibration_decile_summary.csv,CatBoost,overall_with_promotion,expanded_feature_set,,,See 14x/15x/16x/17x source files; this package does not infer beyond file evidence.,file_note_match
CatBoost rerun/result should be reflected if actual result exists,True,True,park.ingyeom\reports\models\12x_model_family_comparison_260516\12x_calibration_decile_summary.csv,CatBoost,overall_with_promotion,expanded_feature_set,,,See 14x/15x/16x/17x source files; this package does not infer beyond file evidence.,file_note_match
CatBoost rerun/result should be reflected if actual result exists,True,True,park.ingyeom\reports\models\12x_model_family_comparison_260516\12x_calibration_decile_summary.csv,CatBoost,overall_with_promotion,expanded_feature_set,,,See 14x/15x/16x/17x source files; this package does not infer beyond file evidence.,file_note_match
CatBoost rerun/result should be reflected if actual result exists,True,True,park.ingyeom\reports\models\12x_model_family_comparison_260516\12x_calibration_decile_summary.csv,CatBoost,overall_with_promotion,expanded_feature_set,,,See 14x/15x/16x/17x source files; this package does not infer beyond file evidence.,file_note_match
CatBoost rerun/result should be reflected if actual result exists,True,True,park.ingyeom\reports\models\12x_model_family_comparison_260516\12x_calibration_decile_summary.csv,CatBoost,overall_with_promotion,expanded_feature_set,,,See 14x/15x/16x/17x source files; this package does not infer beyond file evidence.,file_note_match
CatBoost rerun/result should be reflected if actual result exists,True,True,park.ingyeom\reports\models\12x_model_family_comparison_260516\12x_calibration_decile_summary.csv,CatBoost,overall_with_promotion,expanded_feature_set,,,See 14x/15x/16x/17x source files; this package does not infer beyond file evidence.,file_note_match
CatBoost rerun/result should be reflected if actual result exists,True,True,park.ingyeom\reports\models\12x_model_family_comparison_260516\12x_calibration_decile_summary.csv,CatBoost,overall_with_promotion,expanded_feature_set,,,See 14x/15x/16x/17x source files; this package does not infer beyond file evidence.,file_note_match
CatBoost rerun/result should be reflected if actual result exists,True,True,park.ingyeom\reports\models\12x_model_family_comparison_260516\12x_calibration_decile_summary.csv,CatBoost,overall_with_promotion,expanded_feature_set,,,See 14x/15x/16x/17x source files; this package does not infer beyond file evidence.,file_note_match
CatBoost rerun/result should be reflected if actual result exists,True,True,park.ingyeom\reports\models\12x_model_family_comparison_260516\12x_calibration_decile_summary.csv,CatBoost,overall_with_promotion,expanded_feature_set,,,See 14x/15x/16x/17x source files; this package does not infer beyond file evidence.,file_note_match
CatBoost rerun/result should be reflected if actual result exists,True,True,park.ingyeom\reports\models\12x_model_family_comparison_260516\12x_calibration_decile_summary.csv,CatBoost,overall_with_promotion,expanded_feature_set,,,See 14x/15x/16x/17x source files; this package does not infer beyond file evidence.,file_note_match
CatBoost rerun/result should be reflected if actual result exists,True,True,park.ingyeom\reports\models\12x_model_family_comparison_260516\12x_calibration_decile_summary.csv,CatBoost,overall_with_promotion,expanded_feature_set,,,See 14x/15x/16x/17x source files; this package does not infer beyond file evidence.,file_note_match
CatBoost rerun/result should be reflected if actual result exists,True,True,park.ingyeom\reports\models\12x_model_family_comparison_260516\12x_calibration_decile_summary.csv,CatBoost,overall_with_promotion,expanded_feature_set,,,See 14x/15x/16x/17x source files; this package does not infer beyond file evidence.,file_note_match
CatBoost rerun/result should be reflected if actual result exists,True,True,park.ingyeom\reports\models\12x_model_family_comparison_260516\12x_calibration_decile_summary.csv,CatBoost,overall_without_promotion,expanded_feature_set,,,See 14x/15x/16x/17x source files; this package does not infer beyond file evidence.,file_note_match
CatBoost rerun/result should be reflected if actual result exists,True,True,park.ingyeom\reports\models\12x_model_family_comparison_260516\12x_calibration_decile_summary.csv,CatBoost,overall_without_promotion,expanded_feature_set,,,See 14x/15x/16x/17x source files; this package does not infer beyond file evidence.,file_note_match
CatBoost rerun/result should be reflected if actual result exists,True,True,park.ingyeom\reports\models\12x_model_family_comparison_260516\12x_calibration_decile_summary.csv,CatBoost,overall_without_promotion,expanded_feature_set,,,See 14x/15x/16x/17x source files; this package does not infer beyond file evidence.,file_note_match
CatBoost rerun/result should be reflected if actual result exists,True,True,park.ingyeom\reports\models\12x_model_family_comparison_260516\12x_calibration_decile_summary.csv,CatBoost,overall_without_promotion,expanded_feature_set,,,See 14x/15x/16x/17x source files; this package does not infer beyond file evidence.,file_note_match
CatBoost rerun/result should be reflected if actual result exists,True,True,park.ingyeom\reports\models\12x_model_family_comparison_260516\12x_calibration_decile_summary.csv,CatBoost,overall_without_promotion,expanded_feature_set,,,See 14x/15x/16x/17x source files; this package does not infer beyond file evidence.,file_note_match
CatBoost rerun/result should be reflected if actual result exists,True,True,park.ingyeom\reports\models\12x_model_family_comparison_260516\12x_calibration_decile_summary.csv,CatBoost,overall_without_promotion,expanded_feature_set,,,See 14x/15x/16x/17x source files; this package does not infer beyond file evidence.,file_note_match
CatBoost rerun/result should be reflected if actual result exists,True,True,park.ingyeom\reports\models\12x_model_family_comparison_260516\12x_calibration_decile_summary.csv,CatBoost,overall_without_promotion,expanded_feature_set,,,See 14x/15x/16x/17x source files; this package does not infer beyond file evidence.,file_note_match
CatBoost rerun/result should be reflected if actual result exists,True,True,park.ingyeom\reports\models\12x_model_family_comparison_260516\12x_calibration_decile_summary.csv,CatBoost,overall_without_promotion,expanded_feature_set,,,See 14x/15x/16x/17x source files; this package does not infer beyond file evidence.,file_note_match
CatBoost rerun/result should be reflected if actual result exists,True,True,park.ingyeom\reports\models\12x_model_family_comparison_260516\12x_calibration_decile_summary.csv,CatBoost,overall_without_promotion,expanded_feature_set,,,See 14x/15x/16x/17x source files; this package does not infer beyond file evidence.,file_note_match
CatBoost rerun/result should be reflected if actual result exists,True,True,park.ingyeom\reports\models\12x_model_family_comparison_260516\12x_calibration_decile_summary.csv,CatBoost,overall_without_promotion,expanded_feature_set,,,See 14x/15x/16x/17x source files; this package does not infer beyond file evidence.,file_note_match
CatBoost rerun/result should be reflected if actual result exists,True,True,park.ingyeom\reports\models\12x_model_family_comparison_260516\12x_calibration_decile_summary.csv,CatBoost,overall_without_promotion,expanded_feature_set,,,See 14x/15x/16x/17x source files; this package does not infer beyond file evidence.,file_note_match
CatBoost rerun/result should be reflected if actual result exists,True,True,park.ingyeom\reports\models\12x_model_family_comparison_260516\12x_calibration_decile_summary.csv,CatBoost,overall_without_promotion,expanded_feature_set,,,See 14x/15x/16x/17x source files; this package does not infer beyond file evidence.,file_note_match
CatBoost rerun/result should be reflected if actual result exists,True,True,park.ingyeom\reports\models\12x_model_family_comparison_260516\12x_calibration_decile_summary.csv,CatBoost,overall_without_promotion,expanded_feature_set,,,See 14x/15x/16x/17x source files; this package does not infer beyond file evidence.,file_note_match
CatBoost rerun/result should be reflected if actual result exists,True,True,park.ingyeom\reports\models\12x_model_family_comparison_260516\12x_calibration_decile_summary.csv,CatBoost,overall_without_promotion,expanded_feature_set,,,See 14x/15x/16x/17x source files; this package does not infer beyond file evidence.,file_note_match
CatBoost rerun/result should be reflected if actual result exists,True,True,park.ingyeom\reports\models\12x_model_family_comparison_260516\12x_calibration_decile_summary.csv,CatBoost,overall_without_promotion,expanded_feature_set,,,See 14x/15x/16x/17x source files; this package does not infer beyond file evidence.,file_note_match
CatBoost rerun/result should be reflected if actual result exists,True,True,park.ingyeom\reports\models\12x_model_family_comparison_260516\12x_calibration_decile_summary.csv,CatBoost,overall_without_promotion,expanded_feature_set,,,See 14x/15x/16x/17x source files; this package does not infer beyond file evidence.,file_note_match
CatBoost rerun/result should be reflected if actual result exists,True,True,park.ingyeom\reports\models\12x_model_family_comparison_260516\12x_calibration_decile_summary.csv,CatBoost,overall_without_promotion,expanded_feature_set,,,See 14x/15x/16x/17x source files; this package does not infer beyond file evidence.,file_note_match
CatBoost rerun/result should be reflected if actual result exists,True,True,park.ingyeom\reports\models\12x_model_family_comparison_260516\12x_calibration_decile_summary.csv,CatBoost,overall_without_promotion,expanded_feature_set,,,See 14x/15x/16x/17x source files; this package does not infer beyond file evidence.,file_note_match
CatBoost rerun/result should be reflected if actual result exists,True,True,park.ingyeom\reports\models\12x_model_family_comparison_260516\12x_calibration_decile_summary.csv,CatBoost,overall_without_promotion,expanded_feature_set,,,See 14x/15x/16x/17x source files; this package does not infer beyond file evidence.,file_note_match
CatBoost rerun/result should be reflected if actual result exists,True,True,park.ingyeom\reports\models\12x_model_family_comparison_260516\12x_calibration_decile_summary.csv,CatBoost,overall_without_promotion,expanded_feature_set,,,See 14x/15x/16x/17x source files; this package does not infer beyond file evidence.,file_note_match
CatBoost rerun/result should be reflected if actual result exists,True,True,park.ingyeom\reports\models\12x_model_family_comparison_260516\12x_calibration_decile_summary.csv,CatBoost,promotion_only,expanded_feature_set,,,See 14x/15x/16x/17x source files; this package does not infer beyond file evidence.,file_note_match
CatBoost rerun/result should be reflected if actual result exists,True,True,park.ingyeom\reports\models\12x_model_family_comparison_260516\12x_calibration_decile_summary.csv,CatBoost,promotion_only,expanded_feature_set,,,See 14x/15x/16x/17x source files; this package does not infer beyond file evidence.,file_note_match
CatBoost rerun/result should be reflected if actual result exists,True,True,park.ingyeom\reports\models\12x_model_family_comparison_260516\12x_calibration_decile_summary.csv,CatBoost,promotion_only,expanded_feature_set,,,See 14x/15x/16x/17x source files; this package does not infer beyond file evidence.,file_note_match
CatBoost rerun/result should be reflected if actual result exists,True,True,park.ingyeom\reports\models\12x_model_family_comparison_260516\12x_calibration_decile_summary.csv,CatBoost,promotion_only,expanded_feature_set,,,See 14x/15x/16x/17x source files; this package does not infer beyond file evidence.,file_note_match
CatBoost rerun/result should be reflected if actual result exists,True,True,park.ingyeom\reports\models\12x_model_family_comparison_260516\12x_calibration_decile_summary.csv,CatBoost,promotion_only,expanded_feature_set,,,See 14x/15x/16x/17x source files; this package does not infer beyond file evidence.,file_note_match
CatBoost rerun/result should be reflected if actual result exists,True,True,park.ingyeom\reports\models\12x_model_family_comparison_260516\12x_calibration_decile_summary.csv,CatBoost,promotion_only,expanded_feature_set,,,See 14x/15x/16x/17x source files; this package does not infer beyond file evidence.,file_note_match
CatBoost rerun/result should be reflected if actual result exists,True,True,park.ingyeom\reports\models\12x_model_family_comparison_260516\12x_calibration_decile_summary.csv,CatBoost,promotion_only,expanded_feature_set,,,See 14x/15x/16x/17x source files; this package does not infer beyond file evidence.,file_note_match
CatBoost rerun/result should be reflected if actual result exists,True,True,park.ingyeom\reports\models\12x_model_family_comparison_260516\12x_calibration_decile_summary.csv,CatBoost,promotion_only,expanded_feature_set,,,See 14x/15x/16x/17x source files; this package does not infer beyond file evidence.,file_note_match
CatBoost rerun/result should be reflected if actual result exists,True,True,park.ingyeom\reports\models\12x_model_family_comparison_260516\12x_calibration_decile_summary.csv,CatBoost,promotion_only,expanded_feature_set,,,See 14x/15x/16x/17x source files; this package does not infer beyond file evidence.,file_note_match
CatBoost rerun/result should be reflected if actual result exists,True,True,park.ingyeom\reports\models\12x_model_family_comparison_260516\12x_calibration_decile_summary.csv,CatBoost,promotion_only,expanded_feature_set,,,See 14x/15x/16x/17x source files; this package does not infer beyond file evidence.,file_note_match
CatBoost rerun/result should be reflected if actual result exists,True,True,park.ingyeom\reports\models\12x_model_family_comparison_260516\12x_calibration_decile_summary.csv,CatBoost,promotion_only,expanded_feature_set,,,See 14x/15x/16x/17x source files; this package does not infer beyond file evidence.,file_note_match
CatBoost rerun/result should be reflected if actual result exists,True,True,park.ingyeom\reports\models\12x_model_family_comparison_260516\12x_calibration_decile_summary.csv,CatBoost,promotion_only,expanded_feature_set,,,See 14x/15x/16x/17x source files; this package does not infer beyond file evidence.,file_note_match
CatBoost rerun/result should be reflected if actual result exists,True,True,park.ingyeom\reports\models\12x_model_family_comparison_260516\12x_calibration_decile_summary.csv,CatBoost,promotion_only,expanded_feature_set,,,See 14x/15x/16x/17x source files; this package does not infer beyond file evidence.,file_note_match
CatBoost rerun/result should be reflected if actual result exists,True,True,park.ingyeom\reports\models\12x_model_family_comparison_260516\12x_calibration_decile_summary.csv,CatBoost,promotion_only,expanded_feature_set,,,See 14x/15x/16x/17x source files; this package does not infer beyond file evidence.,file_note_match
CatBoost rerun/result should be reflected if actual result exists,True,True,park.ingyeom\reports\models\12x_model_family_comparison_260516\12x_calibration_decile_summary.csv,CatBoost,promotion_only,expanded_feature_set,,,See 14x/15x/16x/17x source files; this package does not infer beyond file evidence.,file_note_match
CatBoost rerun/result should be reflected if actual result exists,True,True,park.ingyeom\reports\models\12x_model_family_comparison_260516\12x_calibration_decile_summary.csv,CatBoost,promotion_only,expanded_feature_set,,,See 14x/15x/16x/17x source files; this package does not infer beyond file evidence.,file_note_match
CatBoost rerun/result should be reflected if actual result exists,True,True,park.ingyeom\reports\models\12x_model_family_comparison_260516\12x_calibration_decile_summary.csv,CatBoost,promotion_only,expanded_feature_set,,,See 14x/15x/16x/17x source files; this package does not infer beyond file evidence.,file_note_match
CatBoost rerun/result should be reflected if actual result exists,True,True,park.ingyeom\reports\models\12x_model_family_comparison_260516\12x_calibration_decile_summary.csv,CatBoost,promotion_only,expanded_feature_set,,,See 14x/15x/16x/17x source files; this package does not infer beyond file evidence.,file_note_match
CatBoost rerun/result should be reflected if actual result exists,True,True,park.ingyeom\reports\models\12x_model_family_comparison_260516\12x_calibration_decile_summary.csv,CatBoost,promotion_only,expanded_feature_set,,,See 14x/15x/16x/17x source files; this package does not infer beyond file evidence.,file_note_match
CatBoost rerun/result should be reflected if actual result exists,True,True,park.ingyeom\reports\models\12x_model_family_comparison_260516\12x_calibration_decile_summary.csv,CatBoost,promotion_only,expanded_feature_set,,,See 14x/15x/16x/17x source files; this package does not infer beyond file evidence.,file_note_match
CatBoost rerun/result should be reflected if actual result exists,True,True,park.ingyeom\reports\models\12x_model_family_comparison_260516\12x_conservative_vs_expanded_comparison.csv,CatBoost,overall_without_promotion,,0.8075074051657329,0.0045747429289404,See 14x/15x/16x/17x source files; this package does not infer beyond file evidence.,file_note_match
CatBoost rerun/result should be reflected if actual result exists,True,True,park.ingyeom\reports\models\12x_model_family_comparison_260516\12x_conservative_vs_expanded_comparison.csv,CatBoost,overall_with_promotion,,0.8075074051657329,0.0045747429289404,See 14x/15x/16x/17x source files; this package does not infer beyond file evidence.,file_note_match
CatBoost rerun/result should be reflected if actual result exists,True,True,park.ingyeom\reports\models\12x_model_family_comparison_260516\12x_conservative_vs_expanded_comparison.csv,CatBoost,promotion_only,,0.7930239020274701,0.0098619576510471,See 14x/15x/16x/17x source files; this package does not infer beyond file evidence.,file_note_match
CatBoost rerun/result should be reflected if actual result exists,True,True,park.ingyeom\reports\models\12x_model_family_comparison_260516\12x_conservative_vs_expanded_comparison.csv,CatBoost,nonpromotion_only,,0.830274572734587,0.0095403208119287,See 14x/15x/16x/17x source files; this package does not infer beyond file evidence.,file_note_match
CatBoost rerun/result should be reflected if actual result exists,True,True,park.ingyeom\reports\models\12x_model_family_comparison_260516\12x_cv_fold_metrics.csv,CatBoost,overall_without_promotion,conservative_safe_22,0.8140769798072445,0.0117652290811249,See 14x/15x/16x/17x source files; this package does not infer beyond file evidence.,file_note_match
CatBoost rerun/result should be reflected if actual result exists,True,True,park.ingyeom\reports\models\12x_model_family_comparison_260516\12x_cv_fold_metrics.csv,CatBoost,overall_without_promotion,conservative_safe_22,0.8109675725561647,-0.0004760398308775,See 14x/15x/16x/17x source files; this package does not infer beyond file evidence.,file_note_match
CatBoost rerun/result should be reflected if actual result exists,True,True,park.ingyeom\reports\models\12x_model_family_comparison_260516\12x_cv_fold_metrics.csv,CatBoost,overall_without_promotion,conservative_safe_22,0.8109554121272796,-0.0020447564870993,See 14x/15x/16x/17x source files; this package does not infer beyond file evidence.,file_note_match
CatBoost rerun/result should be reflected if actual result exists,True,True,park.ingyeom\reports\models\12x_model_family_comparison_260516\12x_cv_fold_metrics.csv,CatBoost,overall_without_promotion,conservative_safe_22,0.811694958972827,0.0003957527821499,See 14x/15x/16x/17x source files; this package does not infer beyond file evidence.,file_note_match
CatBoost rerun/result should be reflected if actual result exists,True,True,park.ingyeom\reports\models\12x_model_family_comparison_260516\12x_cv_fold_metrics.csv,CatBoost,overall_without_promotion,conservative_safe_22,0.8143075887963054,0.0132335290994036,See 14x/15x/16x/17x source files; this package does not infer beyond file evidence.,file_note_match
CatBoost rerun/result should be reflected if actual result exists,True,True,park.ingyeom\reports\models\12x_model_family_comparison_260516\12x_cv_fold_metrics.csv,CatBoost,overall_with_promotion,conservative_safe_22,0.8140769798072445,0.0117652290811249,See 14x/15x/16x/17x source files; this package does not infer beyond file evidence.,file_note_match
CatBoost rerun/result should be reflected if actual result exists,True,True,park.ingyeom\reports\models\12x_model_family_comparison_260516\12x_cv_fold_metrics.csv,CatBoost,overall_with_promotion,conservative_safe_22,0.8109675725561647,-0.0004760398308775,See 14x/15x/16x/17x source files; this package does not infer beyond file evidence.,file_note_match
CatBoost rerun/result should be reflected if actual result exists,True,True,park.ingyeom\reports\models\12x_model_family_comparison_260516\12x_cv_fold_metrics.csv,CatBoost,overall_with_promotion,conservative_safe_22,0.8109554121272796,-0.0020447564870993,See 14x/15x/16x/17x source files; this package does not infer beyond file evidence.,file_note_match
CatBoost rerun/result should be reflected if actual result exists,True,True,park.ingyeom\reports\models\12x_model_family_comparison_260516\12x_cv_fold_metrics.csv,CatBoost,overall_with_promotion,conservative_safe_22,0.811694958972827,0.0003957527821499,See 14x/15x/16x/17x source files; this package does not infer beyond file evidence.,file_note_match
CatBoost rerun/result should be reflected if actual result exists,True,True,park.ingyeom\reports\models\12x_model_family_comparison_260516\12x_cv_fold_metrics.csv,CatBoost,overall_with_promotion,conservative_safe_22,0.8143075887963054,0.0132335290994036,See 14x/15x/16x/17x source files; this package does not infer beyond file evidence.,file_note_match
CatBoost rerun/result should be reflected if actual result exists,True,True,park.ingyeom\reports\models\12x_model_family_comparison_260516\12x_cv_fold_metrics.csv,CatBoost,promotion_only,conservative_safe_22,0.8021142910872341,0.0064572898217757,See 14x/15x/16x/17x source files; this package does not infer beyond file evidence.,file_note_match
CatBoost rerun/result should be reflected if actual result exists,True,True,park.ingyeom\reports\models\12x_model_family_comparison_260516\12x_cv_fold_metrics.csv,CatBoost,promotion_only,conservative_safe_22,0.8057629868537917,0.0202782657564359,See 14x/15x/16x/17x source files; this package does not infer beyond file evidence.,file_note_match
CatBoost rerun/result should be reflected if actual result exists,True,True,park.ingyeom\reports\models\12x_model_family_comparison_260516\12x_cv_fold_metrics.csv,CatBoost,promotion_only,conservative_safe_22,0.803260461978786,0.0067138205466943,See 14x/15x/16x/17x source files; this package does not infer beyond file evidence.,file_note_match
CatBoost rerun/result should be reflected if actual result exists,True,True,park.ingyeom\reports\models\12x_model_family_comparison_260516\12x_cv_fold_metrics.csv,CatBoost,promotion_only,conservative_safe_22,0.8017007010995647,6.286827146717577e-05,See 14x/15x/16x/17x source files; this package does not infer beyond file evidence.,file_note_match
CatBoost rerun/result should be reflected if actual result exists,True,True,park.ingyeom\reports\models\12x_model_family_comparison_260516\12x_cv_fold_metrics.csv,CatBoost,promotion_only,conservative_safe_22,0.8037111913792914,0.015797543858862,See 14x/15x/16x/17x source files; this package does not infer beyond file evidence.,file_note_match
CatBoost rerun/result should be reflected if actual result exists,True,True,park.ingyeom\reports\models\12x_model_family_comparison_260516\12x_cv_fold_metrics.csv,CatBoost,nonpromotion_only,conservative_safe_22,0.8428333039120378,0.0259133454472483,See 14x/15x/16x/17x source files; this package does not infer beyond file evidence.,file_note_match
CatBoost rerun/result should be reflected if actual result exists,True,True,park.ingyeom\reports\models\12x_model_family_comparison_260516\12x_cv_fold_metrics.csv,CatBoost,nonpromotion_only,conservative_safe_22,0.8421916731260526,0.019513828523659,See 14x/15x/16x/17x source files; this package does not infer beyond file evidence.,file_note_match
CatBoost rerun/result should be reflected if actual result exists,True,True,park.ingyeom\reports\models\12x_model_family_comparison_260516\12x_cv_fold_metrics.csv,CatBoost,nonpromotion_only,conservative_safe_22,0.8378314419446012,-0.0060073359736178,See 14x/15x/16x/17x source files; this package does not infer beyond file evidence.,file_note_match
CatBoost rerun/result should be reflected if actual result exists,True,True,park.ingyeom\reports\models\12x_model_family_comparison_260516\12x_cv_fold_metrics.csv,CatBoost,nonpromotion_only,conservative_safe_22,0.8403205582567533,0.0089516477188978,See 14x/15x/16x/17x source files; this package does not infer beyond file evidence.,file_note_match
CatBoost rerun/result should be reflected if actual result exists,True,True,park.ingyeom\reports\models\12x_model_family_comparison_260516\12x_cv_fold_metrics.csv,CatBoost,nonpromotion_only,conservative_safe_22,0.8387452974280081,-0.0006698816565431,See 14x/15x/16x/17x source files; this package does not infer beyond file evidence.,file_note_match
CatBoost rerun/result should be reflected if actual result exists,True,True,park.ingyeom\reports\models\12x_model_family_comparison_260516\12x_cv_fold_metrics.csv,CatBoost,overall_without_promotion,expanded_feature_set,0.8695616387852775,0.0078313810869282,See 14x/15x/16x/17x source files; this package does not infer beyond file evidence.,file_note_match
CatBoost rerun/result should be reflected if actual result exists,True,True,park.ingyeom\reports\models\12x_model_family_comparison_260516\12x_cv_fold_metrics.csv,CatBoost,overall_without_promotion,expanded_feature_set,0.8694594163445539,0.0027878780811337,See 14x/15x/16x/17x source files; this package does not infer beyond file evidence.,file_note_match
CatBoost rerun/result should be reflected if actual result exists,True,True,park.ingyeom\reports\models\12x_model_family_comparison_260516\12x_cv_fold_metrics.csv,CatBoost,overall_without_promotion,expanded_feature_set,0.8697062853487969,0.0033956003853083,See 14x/15x/16x/17x source files; this package does not infer beyond file evidence.,file_note_match
CatBoost rerun/result should be reflected if actual result exists,True,True,park.ingyeom\reports\models\12x_model_family_comparison_260516\12x_cv_fold_metrics.csv,CatBoost,overall_without_promotion,expanded_feature_set,0.869291369355724,0.0087616976805866,See 14x/15x/16x/17x source files; this package does not infer beyond file evidence.,file_note_match
CatBoost rerun/result should be reflected if actual result exists,True,True,park.ingyeom\reports\models\12x_model_family_comparison_260516\12x_cv_fold_metrics.csv,CatBoost,overall_without_promotion,expanded_feature_set,0.8701339982326939,0.0086868421643365,See 14x/15x/16x/17x source files; this package does not infer beyond file evidence.,file_note_match
CatBoost rerun/result should be reflected if actual result exists,True,True,park.ingyeom\reports\models\12x_model_family_comparison_260516\12x_cv_fold_metrics.csv,CatBoost,overall_with_promotion,expanded_feature_set,0.8740212575426034,0.0057687744730441,See 14x/15x/16x/17x source files; this package does not infer beyond file evidence.,file_note_match
CatBoost rerun/result should be reflected if actual result exists,True,True,park.ingyeom\reports\models\12x_model_family_comparison_260516\12x_cv_fold_metrics.csv,CatBoost,overall_with_promotion,expanded_feature_set,0.8728440666395555,0.0031497450530239,See 14x/15x/16x/17x source files; this package does not infer beyond file evidence.,file_note_match
CatBoost rerun/result should be reflected if actual result exists,True,True,park.ingyeom\reports\models\12x_model_family_comparison_260516\12x_cv_fold_metrics.csv,CatBoost,overall_with_promotion,expanded_feature_set,0.8730074620037598,0.0035922342724383,See 14x/15x/16x/17x source files; this package does not infer beyond file evidence.,file_note_match
CatBoost rerun/result should be reflected if actual result exists,True,True,park.ingyeom\reports\models\12x_model_family_comparison_260516\12x_cv_fold_metrics.csv,CatBoost,overall_with_promotion,expanded_feature_set,0.8731363496353526,0.0078984056606834,See 14x/15x/16x/17x source files; this package does not infer beyond file evidence.,file_note_match
CatBoost rerun/result should be reflected if actual result exists,True,True,park.ingyeom\reports\models\12x_model_family_comparison_260516\12x_cv_fold_metrics.csv,CatBoost,overall_with_promotion,expanded_feature_set,0.8745912258447296,0.0087856891785139,See 14x/15x/16x/17x source files; this package does not infer beyond file evidence.,file_note_match
CatBoost rerun/result should be reflected if actual result exists,True,True,park.ingyeom\reports\models\12x_model_family_comparison_260516\12x_cv_fold_metrics.csv,CatBoost,promotion_only,expanded_feature_set,0.8633621094942223,0.0088158655903713,See 14x/15x/16x/17x source files; this package does not infer beyond file evidence.,file_note_match
CatBoost rerun/result should be reflected if actual result exists,True,True,park.ingyeom\reports\models\12x_model_family_comparison_260516\12x_cv_fold_metrics.csv,CatBoost,promotion_only,expanded_feature_set,0.8647225077404221,0.0136279321686685,See 14x/15x/16x/17x source files; this package does not infer beyond file evidence.,file_note_match
CatBoost rerun/result should be reflected if actual result exists,True,True,park.ingyeom\reports\models\12x_model_family_comparison_260516\12x_cv_fold_metrics.csv,CatBoost,promotion_only,expanded_feature_set,0.8655087205357079,0.0216790490869767,See 14x/15x/16x/17x source files; this package does not infer beyond file evidence.,file_note_match
CatBoost rerun/result should be reflected if actual result exists,True,True,park.ingyeom\reports\models\12x_model_family_comparison_260516\12x_cv_fold_metrics.csv,CatBoost,promotion_only,expanded_feature_set,0.8635034185252406,0.0034046561920166,See 14x/15x/16x/17x source files; this package does not infer beyond file evidence.,file_note_match
CatBoost rerun/result should be reflected if actual result exists,True,True,park.ingyeom\reports\models\12x_model_family_comparison_260516\12x_cv_fold_metrics.csv,CatBoost,promotion_only,expanded_feature_set,0.8633636466908812,0.0143585259827243,See 14x/15x/16x/17x source files; this package does not infer beyond file evidence.,file_note_match
CatBoost rerun/result should be reflected if actual result exists,True,True,park.ingyeom\reports\models\12x_model_family_comparison_260516\12x_cv_fold_metrics.csv,CatBoost,nonpromotion_only,expanded_feature_set,0.8933455590557229,0.0248112455091179,See 14x/15x/16x/17x source files; this package does not infer beyond file evidence.,file_note_match
CatBoost rerun/result should be reflected if actual result exists,True,True,park.ingyeom\reports\models\12x_model_family_comparison_260516\12x_cv_fold_metrics.csv,CatBoost,nonpromotion_only,expanded_feature_set,0.8908096754003092,0.0118163523391895,See 14x/15x/16x/17x source files; this package does not infer beyond file evidence.,file_note_match
CatBoost rerun/result should be reflected if actual result exists,True,True,park.ingyeom\reports\models\12x_model_family_comparison_260516\12x_cv_fold_metrics.csv,CatBoost,nonpromotion_only,expanded_feature_set,0.8887277624041148,0.0007683289019202,See 14x/15x/16x/17x source files; this package does not infer beyond file evidence.,file_note_match
CatBoost rerun/result should be reflected if actual result exists,True,True,park.ingyeom\reports\models\12x_model_family_comparison_260516\12x_cv_fold_metrics.csv,CatBoost,nonpromotion_only,expanded_feature_set,0.890627845411349,0.0140429698652925,See 14x/15x/16x/17x source files; this package does not infer beyond file evidence.,file_note_match
CatBoost rerun/result should be reflected if actual result exists,True,True,park.ingyeom\reports\models\12x_model_family_comparison_260516\12x_cv_fold_metrics.csv,CatBoost,nonpromotion_only,expanded_feature_set,0.8912270507855671,0.008778088335411,See 14x/15x/16x/17x source files; this package does not infer beyond file evidence.,file_note_match
CatBoost rerun/result should be reflected if actual result exists,True,True,park.ingyeom\reports\models\12x_model_family_comparison_260516\12x_model_availability.csv,CatBoost,,,,,See 14x/15x/16x/17x source files; this package does not infer beyond file evidence.,file_note_match
CatBoost rerun/result should be reflected if actual result exists,True,True,park.ingyeom\reports\models\12x_model_family_comparison_260516\12x_model_run_plan.csv,CatBoost,overall_without_promotion,conservative_safe_22,,,See 14x/15x/16x/17x source files; this package does not infer beyond file evidence.,file_note_match
CatBoost rerun/result should be reflected if actual result exists,True,True,park.ingyeom\reports\models\12x_model_family_comparison_260516\12x_model_run_plan.csv,CatBoost,overall_with_promotion,conservative_safe_22,,,See 14x/15x/16x/17x source files; this package does not infer beyond file evidence.,file_note_match
CatBoost rerun/result should be reflected if actual result exists,True,True,park.ingyeom\reports\models\12x_model_family_comparison_260516\12x_model_run_plan.csv,CatBoost,promotion_only,conservative_safe_22,,,See 14x/15x/16x/17x source files; this package does not infer beyond file evidence.,file_note_match
CatBoost rerun/result should be reflected if actual result exists,True,True,park.ingyeom\reports\models\12x_model_family_comparison_260516\12x_model_run_plan.csv,CatBoost,nonpromotion_only,conservative_safe_22,,,See 14x/15x/16x/17x source files; this package does not infer beyond file evidence.,file_note_match
CatBoost rerun/result should be reflected if actual result exists,True,True,park.ingyeom\reports\models\12x_model_family_comparison_260516\12x_model_run_plan.csv,CatBoost,overall_without_promotion,expanded_feature_set,,,See 14x/15x/16x/17x source files; this package does not infer beyond file evidence.,file_note_match
CatBoost rerun/result should be reflected if actual result exists,True,True,park.ingyeom\reports\models\12x_model_family_comparison_260516\12x_model_run_plan.csv,CatBoost,overall_with_promotion,expanded_feature_set,,,See 14x/15x/16x/17x source files; this package does not infer beyond file evidence.,file_note_match
CatBoost rerun/result should be reflected if actual result exists,True,True,park.ingyeom\reports\models\12x_model_family_comparison_260516\12x_model_run_plan.csv,CatBoost,promotion_only,expanded_feature_set,,,See 14x/15x/16x/17x source files; this package does not infer beyond file evidence.,file_note_match
CatBoost rerun/result should be reflected if actual result exists,True,True,park.ingyeom\reports\models\12x_model_family_comparison_260516\12x_model_run_plan.csv,CatBoost,nonpromotion_only,expanded_feature_set,,,See 14x/15x/16x/17x source files; this package does not infer beyond file evidence.,file_note_match
CatBoost rerun/result should be reflected if actual result exists,True,True,park.ingyeom\reports\models\12x_model_family_comparison_260516\12x_model_summary_by_scope.csv,CatBoost,overall_without_promotion,conservative_safe_22,0.8075074051657329,0.0045747429289404,See 14x/15x/16x/17x source files; this package does not infer beyond file evidence.,file_note_match
CatBoost rerun/result should be reflected if actual result exists,True,True,park.ingyeom\reports\models\12x_model_family_comparison_260516\12x_model_summary_by_scope.csv,CatBoost,overall_with_promotion,conservative_safe_22,0.8075074051657329,0.0045747429289404,See 14x/15x/16x/17x source files; this package does not infer beyond file evidence.,file_note_match
CatBoost rerun/result should be reflected if actual result exists,True,True,park.ingyeom\reports\models\12x_model_family_comparison_260516\12x_model_summary_by_scope.csv,CatBoost,promotion_only,conservative_safe_22,0.7930239020274701,0.0098619576510471,See 14x/15x/16x/17x source files; this package does not infer beyond file evidence.,file_note_match
CatBoost rerun/result should be reflected if actual result exists,True,True,park.ingyeom\reports\models\12x_model_family_comparison_260516\12x_model_summary_by_scope.csv,CatBoost,nonpromotion_only,conservative_safe_22,0.830274572734587,0.0095403208119287,See 14x/15x/16x/17x source files; this package does not infer beyond file evidence.,file_note_match
CatBoost rerun/result should be reflected if actual result exists,True,True,park.ingyeom\reports\models\12x_model_family_comparison_260516\12x_model_summary_by_scope.csv,CatBoost,overall_without_promotion,expanded_feature_set,0.8632427314692961,0.0062926798796589,See 14x/15x/16x/17x source files; this package does not infer beyond file evidence.,file_note_match
CatBoost rerun/result should be reflected if actual result exists,True,True,park.ingyeom\reports\models\12x_model_family_comparison_260516\12x_model_summary_by_scope.csv,CatBoost,overall_with_promotion,expanded_feature_set,0.8676213912567694,0.0058389697275407,See 14x/15x/16x/17x source files; this package does not infer beyond file evidence.,file_note_match
CatBoost rerun/result should be reflected if actual result exists,True,True,park.ingyeom\reports\models\12x_model_family_comparison_260516\12x_model_summary_by_scope.csv,CatBoost,promotion_only,expanded_feature_set,0.851458838275098,0.0123772058041514,See 14x/15x/16x/17x source files; this package does not infer beyond file evidence.,file_note_match
CatBoost rerun/result should be reflected if actual result exists,True,True,park.ingyeom\reports\models\12x_model_family_comparison_260516\12x_model_summary_by_scope.csv,CatBoost,nonpromotion_only,expanded_feature_set,0.8786574847705189,0.0120433969901861,See 14x/15x/16x/17x source files; this package does not infer beyond file evidence.,file_note_match
CatBoost rerun/result should be reflected if actual result exists,True,True,park.ingyeom\reports\models\12x_model_family_comparison_260516\12x_operating_metrics_at_k.csv,CatBoost,nonpromotion_only,conservative_safe_22,,,See 14x/15x/16x/17x source files; this package does not infer beyond file evidence.,file_note_match
CatBoost rerun/result should be reflected if actual result exists,True,True,park.ingyeom\reports\models\12x_model_family_comparison_260516\12x_operating_metrics_at_k.csv,CatBoost,nonpromotion_only,conservative_safe_22,,,See 14x/15x/16x/17x source files; this package does not infer beyond file evidence.,file_note_match
CatBoost rerun/result should be reflected if actual result exists,True,True,park.ingyeom\reports\models\12x_model_family_comparison_260516\12x_operating_metrics_at_k.csv,CatBoost,nonpromotion_only,conservative_safe_22,,,See 14x/15x/16x/17x source files; this package does not infer beyond file evidence.,file_note_match
CatBoost rerun/result should be reflected if actual result exists,True,True,park.ingyeom\reports\models\12x_model_family_comparison_260516\12x_operating_metrics_at_k.csv,CatBoost,overall_with_promotion,conservative_safe_22,,,See 14x/15x/16x/17x source files; this package does not infer beyond file evidence.,file_note_match
CatBoost rerun/result should be reflected if actual result exists,True,True,park.ingyeom\reports\models\12x_model_family_comparison_260516\12x_operating_metrics_at_k.csv,CatBoost,overall_with_promotion,conservative_safe_22,,,See 14x/15x/16x/17x source files; this package does not infer beyond file evidence.,file_note_match
CatBoost rerun/result should be reflected if actual result exists,True,True,park.ingyeom\reports\models\12x_model_family_comparison_260516\12x_operating_metrics_at_k.csv,CatBoost,overall_with_promotion,conservative_safe_22,,,See 14x/15x/16x/17x source files; this package does not infer beyond file evidence.,file_note_match
CatBoost rerun/result should be reflected if actual result exists,True,True,park.ingyeom\reports\models\12x_model_family_comparison_260516\12x_operating_metrics_at_k.csv,CatBoost,overall_without_promotion,conservative_safe_22,,,See 14x/15x/16x/17x source files; this package does not infer beyond file evidence.,file_note_match
CatBoost rerun/result should be reflected if actual result exists,True,True,park.ingyeom\reports\models\12x_model_family_comparison_260516\12x_operating_metrics_at_k.csv,CatBoost,overall_without_promotion,conservative_safe_22,,,See 14x/15x/16x/17x source files; this package does not infer beyond file evidence.,file_note_match
CatBoost rerun/result should be reflected if actual result exists,True,True,park.ingyeom\reports\models\12x_model_family_comparison_260516\12x_operating_metrics_at_k.csv,CatBoost,overall_without_promotion,conservative_safe_22,,,See 14x/15x/16x/17x source files; this package does not infer beyond file evidence.,file_note_match
CatBoost rerun/result should be reflected if actual result exists,True,True,park.ingyeom\reports\models\12x_model_family_comparison_260516\12x_operating_metrics_at_k.csv,CatBoost,promotion_only,conservative_safe_22,,,See 14x/15x/16x/17x source files; this package does not infer beyond file evidence.,file_note_match
CatBoost rerun/result should be reflected if actual result exists,True,True,park.ingyeom\reports\models\12x_model_family_comparison_260516\12x_operating_metrics_at_k.csv,CatBoost,promotion_only,conservative_safe_22,,,See 14x/15x/16x/17x source files; this package does not infer beyond file evidence.,file_note_match
CatBoost rerun/result should be reflected if actual result exists,True,True,park.ingyeom\reports\models\12x_model_family_comparison_260516\12x_operating_metrics_at_k.csv,CatBoost,promotion_only,conservative_safe_22,,,See 14x/15x/16x/17x source files; this package does not infer beyond file evidence.,file_note_match
CatBoost rerun/result should be reflected if actual result exists,True,True,park.ingyeom\reports\models\12x_model_family_comparison_260516\12x_operating_metrics_at_k.csv,CatBoost,nonpromotion_only,expanded_feature_set,,,See 14x/15x/16x/17x source files; this package does not infer beyond file evidence.,file_note_match
CatBoost rerun/result should be reflected if actual result exists,True,True,park.ingyeom\reports\models\12x_model_family_comparison_260516\12x_operating_metrics_at_k.csv,CatBoost,nonpromotion_only,expanded_feature_set,,,See 14x/15x/16x/17x source files; this package does not infer beyond file evidence.,file_note_match
CatBoost rerun/result should be reflected if actual result exists,True,True,park.ingyeom\reports\models\12x_model_family_comparison_260516\12x_operating_metrics_at_k.csv,CatBoost,nonpromotion_only,expanded_feature_set,,,See 14x/15x/16x/17x source files; this package does not infer beyond file evidence.,file_note_match
CatBoost rerun/result should be reflected if actual result exists,True,True,park.ingyeom\reports\models\12x_model_family_comparison_260516\12x_operating_metrics_at_k.csv,CatBoost,overall_with_promotion,expanded_feature_set,,,See 14x/15x/16x/17x source files; this package does not infer beyond file evidence.,file_note_match
CatBoost rerun/result should be reflected if actual result exists,True,True,park.ingyeom\reports\models\12x_model_family_comparison_260516\12x_operating_metrics_at_k.csv,CatBoost,overall_with_promotion,expanded_feature_set,,,See 14x/15x/16x/17x source files; this package does not infer beyond file evidence.,file_note_match
CatBoost rerun/result should be reflected if actual result exists,True,True,park.ingyeom\reports\models\12x_model_family_comparison_260516\12x_operating_metrics_at_k.csv,CatBoost,overall_with_promotion,expanded_feature_set,,,See 14x/15x/16x/17x source files; this package does not infer beyond file evidence.,file_note_match
CatBoost rerun/result should be reflected if actual result exists,True,True,park.ingyeom\reports\models\12x_model_family_comparison_260516\12x_operating_metrics_at_k.csv,CatBoost,overall_without_promotion,expanded_feature_set,,,See 14x/15x/16x/17x source files; this package does not infer beyond file evidence.,file_note_match
CatBoost rerun/result should be reflected if actual result exists,True,True,park.ingyeom\reports\models\12x_model_family_comparison_260516\12x_operating_metrics_at_k.csv,CatBoost,overall_without_promotion,expanded_feature_set,,,See 14x/15x/16x/17x source files; this package does not infer beyond file evidence.,file_note_match
CatBoost rerun/result should be reflected if actual result exists,True,True,park.ingyeom\reports\models\12x_model_family_comparison_260516\12x_operating_metrics_at_k.csv,CatBoost,overall_without_promotion,expanded_feature_set,,,See 14x/15x/16x/17x source files; this package does not infer beyond file evidence.,file_note_match
CatBoost rerun/result should be reflected if actual result exists,True,True,park.ingyeom\reports\models\12x_model_family_comparison_260516\12x_operating_metrics_at_k.csv,CatBoost,promotion_only,expanded_feature_set,,,See 14x/15x/16x/17x source files; this package does not infer beyond file evidence.,file_note_match
CatBoost rerun/result should be reflected if actual result exists,True,True,park.ingyeom\reports\models\12x_model_family_comparison_260516\12x_operating_metrics_at_k.csv,CatBoost,promotion_only,expanded_feature_set,,,See 14x/15x/16x/17x source files; this package does not infer beyond file evidence.,file_note_match
CatBoost rerun/result should be reflected if actual result exists,True,True,park.ingyeom\reports\models\12x_model_family_comparison_260516\12x_operating_metrics_at_k.csv,CatBoost,promotion_only,expanded_feature_set,,,See 14x/15x/16x/17x source files; this package does not infer beyond file evidence.,file_note_match
CatBoost rerun/result should be reflected if actual result exists,True,True,park.ingyeom\reports\models\14x_lightweight_candidate_tuning_260516\14x_best_params_by_scope.csv,CatBoost,overall_with_promotion,conservative_safe_22,0.815080611390569,,See 14x/15x/16x/17x source files; this package does not infer beyond file evidence.,file_note_match
CatBoost rerun/result should be reflected if actual result exists,True,True,park.ingyeom\reports\models\14x_lightweight_candidate_tuning_260516\14x_best_params_by_scope.csv,CatBoost,overall_without_promotion,conservative_safe_22,0.815080611390569,,See 14x/15x/16x/17x source files; this package does not infer beyond file evidence.,file_note_match
CatBoost rerun/result should be reflected if actual result exists,True,True,park.ingyeom\reports\models\14x_lightweight_candidate_tuning_260516\14x_best_params_by_scope.csv,CatBoost,overall_with_promotion,expanded_feature_set,0.8807395007072202,,See 14x/15x/16x/17x source files; this package does not infer beyond file evidence.,file_note_match
CatBoost rerun/result should be reflected if actual result exists,True,True,park.ingyeom\reports\models\14x_lightweight_candidate_tuning_260516\14x_calibration_decile_summary.csv,CatBoost,overall_with_promotion,conservative_safe_22,,,See 14x/15x/16x/17x source files; this package does not infer beyond file evidence.,file_note_match
CatBoost rerun/result should be reflected if actual result exists,True,True,park.ingyeom\reports\models\14x_lightweight_candidate_tuning_260516\14x_calibration_decile_summary.csv,CatBoost,overall_with_promotion,conservative_safe_22,,,See 14x/15x/16x/17x source files; this package does not infer beyond file evidence.,file_note_match
CatBoost rerun/result should be reflected if actual result exists,True,True,park.ingyeom\reports\models\14x_lightweight_candidate_tuning_260516\14x_calibration_decile_summary.csv,CatBoost,overall_with_promotion,conservative_safe_22,,,See 14x/15x/16x/17x source files; this package does not infer beyond file evidence.,file_note_match
CatBoost rerun/result should be reflected if actual result exists,True,True,park.ingyeom\reports\models\14x_lightweight_candidate_tuning_260516\14x_calibration_decile_summary.csv,CatBoost,overall_with_promotion,conservative_safe_22,,,See 14x/15x/16x/17x source files; this package does not infer beyond file evidence.,file_note_match
CatBoost rerun/result should be reflected if actual result exists,True,True,park.ingyeom\reports\models\14x_lightweight_candidate_tuning_260516\14x_calibration_decile_summary.csv,CatBoost,overall_with_promotion,conservative_safe_22,,,See 14x/15x/16x/17x source files; this package does not infer beyond file evidence.,file_note_match
CatBoost rerun/result should be reflected if actual result exists,True,True,park.ingyeom\reports\models\14x_lightweight_candidate_tuning_260516\14x_calibration_decile_summary.csv,CatBoost,overall_with_promotion,conservative_safe_22,,,See 14x/15x/16x/17x source files; this package does not infer beyond file evidence.,file_note_match
CatBoost rerun/result should be reflected if actual result exists,True,True,park.ingyeom\reports\models\14x_lightweight_candidate_tuning_260516\14x_calibration_decile_summary.csv,CatBoost,overall_with_promotion,conservative_safe_22,,,See 14x/15x/16x/17x source files; this package does not infer beyond file evidence.,file_note_match
CatBoost rerun/result should be reflected if actual result exists,True,True,park.ingyeom\reports\models\14x_lightweight_candidate_tuning_260516\14x_calibration_decile_summary.csv,CatBoost,overall_with_promotion,conservative_safe_22,,,See 14x/15x/16x/17x source files; this package does not infer beyond file evidence.,file_note_match
CatBoost rerun/result should be reflected if actual result exists,True,True,park.ingyeom\reports\models\14x_lightweight_candidate_tuning_260516\14x_calibration_decile_summary.csv,CatBoost,overall_with_promotion,conservative_safe_22,,,See 14x/15x/16x/17x source files; this package does not infer beyond file evidence.,file_note_match
CatBoost rerun/result should be reflected if actual result exists,True,True,park.ingyeom\reports\models\14x_lightweight_candidate_tuning_260516\14x_calibration_decile_summary.csv,CatBoost,overall_with_promotion,conservative_safe_22,,,See 14x/15x/16x/17x source files; this package does not infer beyond file evidence.,file_note_match
CatBoost rerun/result should be reflected if actual result exists,True,True,park.ingyeom\reports\models\14x_lightweight_candidate_tuning_260516\14x_calibration_decile_summary.csv,CatBoost,overall_without_promotion,conservative_safe_22,,,See 14x/15x/16x/17x source files; this package does not infer beyond file evidence.,file_note_match
CatBoost rerun/result should be reflected if actual result exists,True,True,park.ingyeom\reports\models\14x_lightweight_candidate_tuning_260516\14x_calibration_decile_summary.csv,CatBoost,overall_without_promotion,conservative_safe_22,,,See 14x/15x/16x/17x source files; this package does not infer beyond file evidence.,file_note_match
CatBoost rerun/result should be reflected if actual result exists,True,True,park.ingyeom\reports\models\14x_lightweight_candidate_tuning_260516\14x_calibration_decile_summary.csv,CatBoost,overall_without_promotion,conservative_safe_22,,,See 14x/15x/16x/17x source files; this package does not infer beyond file evidence.,file_note_match
CatBoost rerun/result should be reflected if actual result exists,True,True,park.ingyeom\reports\models\14x_lightweight_candidate_tuning_260516\14x_calibration_decile_summary.csv,CatBoost,overall_without_promotion,conservative_safe_22,,,See 14x/15x/16x/17x source files; this package does not infer beyond file evidence.,file_note_match
CatBoost rerun/result should be reflected if actual result exists,True,True,park.ingyeom\reports\models\14x_lightweight_candidate_tuning_260516\14x_calibration_decile_summary.csv,CatBoost,overall_without_promotion,conservative_safe_22,,,See 14x/15x/16x/17x source files; this package does not infer beyond file evidence.,file_note_match
CatBoost rerun/result should be reflected if actual result exists,True,True,park.ingyeom\reports\models\14x_lightweight_candidate_tuning_260516\14x_calibration_decile_summary.csv,CatBoost,overall_without_promotion,conservative_safe_22,,,See 14x/15x/16x/17x source files; this package does not infer beyond file evidence.,file_note_match
CatBoost rerun/result should be reflected if actual result exists,True,True,park.ingyeom\reports\models\14x_lightweight_candidate_tuning_260516\14x_calibration_decile_summary.csv,CatBoost,overall_without_promotion,conservative_safe_22,,,See 14x/15x/16x/17x source files; this package does not infer beyond file evidence.,file_note_match
CatBoost rerun/result should be reflected if actual result exists,True,True,park.ingyeom\reports\models\14x_lightweight_candidate_tuning_260516\14x_calibration_decile_summary.csv,CatBoost,overall_without_promotion,conservative_safe_22,,,See 14x/15x/16x/17x source files; this package does not infer beyond file evidence.,file_note_match
CatBoost rerun/result should be reflected if actual result exists,True,True,park.ingyeom\reports\models\14x_lightweight_candidate_tuning_260516\14x_calibration_decile_summary.csv,CatBoost,overall_without_promotion,conservative_safe_22,,,See 14x/15x/16x/17x source files; this package does not infer beyond file evidence.,file_note_match
CatBoost rerun/result should be reflected if actual result exists,True,True,park.ingyeom\reports\models\14x_lightweight_candidate_tuning_260516\14x_calibration_decile_summary.csv,CatBoost,overall_without_promotion,conservative_safe_22,,,See 14x/15x/16x/17x source files; this package does not infer beyond file evidence.,file_note_match
CatBoost rerun/result should be reflected if actual result exists,True,True,park.ingyeom\reports\models\14x_lightweight_candidate_tuning_260516\14x_calibration_decile_summary.csv,CatBoost,overall_with_promotion,expanded_feature_set,,,See 14x/15x/16x/17x source files; this package does not infer beyond file evidence.,file_note_match
CatBoost rerun/result should be reflected if actual result exists,True,True,park.ingyeom\reports\models\14x_lightweight_candidate_tuning_260516\14x_calibration_decile_summary.csv,CatBoost,overall_with_promotion,expanded_feature_set,,,See 14x/15x/16x/17x source files; this package does not infer beyond file evidence.,file_note_match
CatBoost rerun/result should be reflected if actual result exists,True,True,park.ingyeom\reports\models\14x_lightweight_candidate_tuning_260516\14x_calibration_decile_summary.csv,CatBoost,overall_with_promotion,expanded_feature_set,,,See 14x/15x/16x/17x source files; this package does not infer beyond file evidence.,file_note_match
CatBoost rerun/result should be reflected if actual result exists,True,True,park.ingyeom\reports\models\14x_lightweight_candidate_tuning_260516\14x_calibration_decile_summary.csv,CatBoost,overall_with_promotion,expanded_feature_set,,,See 14x/15x/16x/17x source files; this package does not infer beyond file evidence.,file_note_match
CatBoost rerun/result should be reflected if actual result exists,True,True,park.ingyeom\reports\models\14x_lightweight_candidate_tuning_260516\14x_calibration_decile_summary.csv,CatBoost,overall_with_promotion,expanded_feature_set,,,See 14x/15x/16x/17x source files; this package does not infer beyond file evidence.,file_note_match
CatBoost rerun/result should be reflected if actual result exists,True,True,park.ingyeom\reports\models\14x_lightweight_candidate_tuning_260516\14x_calibration_decile_summary.csv,CatBoost,overall_with_promotion,expanded_feature_set,,,See 14x/15x/16x/17x source files; this package does not infer beyond file evidence.,file_note_match
CatBoost rerun/result should be reflected if actual result exists,True,True,park.ingyeom\reports\models\14x_lightweight_candidate_tuning_260516\14x_calibration_decile_summary.csv,CatBoost,overall_with_promotion,expanded_feature_set,,,See 14x/15x/16x/17x source files; this package does not infer beyond file evidence.,file_note_match
CatBoost rerun/result should be reflected if actual result exists,True,True,park.ingyeom\reports\models\14x_lightweight_candidate_tuning_260516\14x_calibration_decile_summary.csv,CatBoost,overall_with_promotion,expanded_feature_set,,,See 14x/15x/16x/17x source files; this package does not infer beyond file evidence.,file_note_match
CatBoost rerun/result should be reflected if actual result exists,True,True,park.ingyeom\reports\models\14x_lightweight_candidate_tuning_260516\14x_calibration_decile_summary.csv,CatBoost,overall_with_promotion,expanded_feature_set,,,See 14x/15x/16x/17x source files; this package does not infer beyond file evidence.,file_note_match
CatBoost rerun/result should be reflected if actual result exists,True,True,park.ingyeom\reports\models\14x_lightweight_candidate_tuning_260516\14x_calibration_decile_summary.csv,CatBoost,overall_with_promotion,expanded_feature_set,,,See 14x/15x/16x/17x source files; this package does not infer beyond file evidence.,file_note_match
CatBoost rerun/result should be reflected if actual result exists,True,True,park.ingyeom\reports\models\14x_lightweight_candidate_tuning_260516\14x_cv_fold_metrics.csv,CatBoost,overall_with_promotion,conservative_safe_22,0.8699008832133042,0.0591915227542187,See 14x/15x/16x/17x source files; this package does not infer beyond file evidence.,file_note_match
CatBoost rerun/result should be reflected if actual result exists,True,True,park.ingyeom\reports\models\14x_lightweight_candidate_tuning_260516\14x_cv_fold_metrics.csv,CatBoost,overall_with_promotion,conservative_safe_22,0.8645734775504739,0.0443290283914148,See 14x/15x/16x/17x source files; this package does not infer beyond file evidence.,file_note_match
CatBoost rerun/result should be reflected if actual result exists,True,True,park.ingyeom\reports\models\14x_lightweight_candidate_tuning_260516\14x_cv_fold_metrics.csv,CatBoost,overall_with_promotion,conservative_safe_22,0.8676922911764275,0.0483937501540314,See 14x/15x/16x/17x source files; this package does not infer beyond file evidence.,file_note_match
CatBoost rerun/result should be reflected if actual result exists,True,True,park.ingyeom\reports\models\14x_lightweight_candidate_tuning_260516\14x_cv_fold_metrics.csv,CatBoost,overall_with_promotion,conservative_safe_22,0.8697973986595242,0.0512026880707143,See 14x/15x/16x/17x source files; this package does not infer beyond file evidence.,file_note_match
CatBoost rerun/result should be reflected if actual result exists,True,True,park.ingyeom\reports\models\14x_lightweight_candidate_tuning_260516\14x_cv_fold_metrics.csv,CatBoost,overall_with_promotion,conservative_safe_22,0.8723227669213417,0.0657667711978471,See 14x/15x/16x/17x source files; this package does not infer beyond file evidence.,file_note_match
CatBoost rerun/result should be reflected if actual result exists,True,True,park.ingyeom\reports\models\14x_lightweight_candidate_tuning_260516\14x_cv_fold_metrics.csv,CatBoost,overall_without_promotion,conservative_safe_22,0.8699008832133042,0.0591915227542187,See 14x/15x/16x/17x source files; this package does not infer beyond file evidence.,file_note_match
CatBoost rerun/result should be reflected if actual result exists,True,True,park.ingyeom\reports\models\14x_lightweight_candidate_tuning_260516\14x_cv_fold_metrics.csv,CatBoost,overall_without_promotion,conservative_safe_22,0.8645734775504739,0.0443290283914148,See 14x/15x/16x/17x source files; this package does not infer beyond file evidence.,file_note_match
CatBoost rerun/result should be reflected if actual result exists,True,True,park.ingyeom\reports\models\14x_lightweight_candidate_tuning_260516\14x_cv_fold_metrics.csv,CatBoost,overall_without_promotion,conservative_safe_22,0.8676922911764275,0.0483937501540314,See 14x/15x/16x/17x source files; this package does not infer beyond file evidence.,file_note_match
CatBoost rerun/result should be reflected if actual result exists,True,True,park.ingyeom\reports\models\14x_lightweight_candidate_tuning_260516\14x_cv_fold_metrics.csv,CatBoost,overall_without_promotion,conservative_safe_22,0.8697973986595242,0.0512026880707143,See 14x/15x/16x/17x source files; this package does not infer beyond file evidence.,file_note_match
CatBoost rerun/result should be reflected if actual result exists,True,True,park.ingyeom\reports\models\14x_lightweight_candidate_tuning_260516\14x_cv_fold_metrics.csv,CatBoost,overall_without_promotion,conservative_safe_22,0.8723227669213417,0.0657667711978471,See 14x/15x/16x/17x source files; this package does not infer beyond file evidence.,file_note_match
CatBoost rerun/result should be reflected if actual result exists,True,True,park.ingyeom\reports\models\14x_lightweight_candidate_tuning_260516\14x_cv_fold_metrics.csv,CatBoost,overall_with_promotion,expanded_feature_set,0.927434371048557,0.0477962129100903,See 14x/15x/16x/17x source files; this package does not infer beyond file evidence.,file_note_match
CatBoost rerun/result should be reflected if actual result exists,True,True,park.ingyeom\reports\models\14x_lightweight_candidate_tuning_260516\14x_cv_fold_metrics.csv,CatBoost,overall_with_promotion,expanded_feature_set,0.9261567468721584,0.0437752355314517,See 14x/15x/16x/17x source files; this package does not infer beyond file evidence.,file_note_match
CatBoost rerun/result should be reflected if actual result exists,True,True,park.ingyeom\reports\models\14x_lightweight_candidate_tuning_260516\14x_cv_fold_metrics.csv,CatBoost,overall_with_promotion,expanded_feature_set,0.9266442636023332,0.043899930249853,See 14x/15x/16x/17x source files; this package does not infer beyond file evidence.,file_note_match
CatBoost rerun/result should be reflected if actual result exists,True,True,park.ingyeom\reports\models\14x_lightweight_candidate_tuning_260516\14x_cv_fold_metrics.csv,CatBoost,overall_with_promotion,expanded_feature_set,0.9278315682848256,0.0474433701876005,See 14x/15x/16x/17x source files; this package does not infer beyond file evidence.,file_note_match
CatBoost rerun/result should be reflected if actual result exists,True,True,park.ingyeom\reports\models\14x_lightweight_candidate_tuning_260516\14x_cv_fold_metrics.csv,CatBoost,overall_with_promotion,expanded_feature_set,0.9277994826442828,0.0492541800370599,See 14x/15x/16x/17x source files; this package does not infer beyond file evidence.,file_note_match
CatBoost rerun/result should be reflected if actual result exists,True,True,park.ingyeom\reports\models\14x_lightweight_candidate_tuning_260516\14x_model_availability.csv,CatBoost,,,,,See 14x/15x/16x/17x source files; this package does not infer beyond file evidence.,file_note_match
CatBoost rerun/result should be reflected if actual result exists,True,True,park.ingyeom\reports\models\14x_lightweight_candidate_tuning_260516\14x_model_summary_by_scope.csv,CatBoost,overall_with_promotion,conservative_safe_22,0.8146787554843158,0.0537767521136453,See 14x/15x/16x/17x source files; this package does not infer beyond file evidence.,file_note_match
CatBoost rerun/result should be reflected if actual result exists,True,True,park.ingyeom\reports\models\14x_lightweight_candidate_tuning_260516\14x_model_summary_by_scope.csv,CatBoost,overall_without_promotion,conservative_safe_22,0.8146787554843158,0.0537767521136453,See 14x/15x/16x/17x source files; this package does not infer beyond file evidence.,file_note_match
CatBoost rerun/result should be reflected if actual result exists,True,True,park.ingyeom\reports\models\14x_lightweight_candidate_tuning_260516\14x_model_summary_by_scope.csv,CatBoost,overall_with_promotion,expanded_feature_set,0.8806719465231176,0.0464337857832112,See 14x/15x/16x/17x source files; this package does not infer beyond file evidence.,file_note_match
CatBoost rerun/result should be reflected if actual result exists,True,True,park.ingyeom\reports\models\14x_lightweight_candidate_tuning_260516\14x_operating_metrics_at_k.csv,CatBoost,overall_with_promotion,conservative_safe_22,,,See 14x/15x/16x/17x source files; this package does not infer beyond file evidence.,file_note_match
CatBoost rerun/result should be reflected if actual result exists,True,True,park.ingyeom\reports\models\14x_lightweight_candidate_tuning_260516\14x_operating_metrics_at_k.csv,CatBoost,overall_with_promotion,conservative_safe_22,,,See 14x/15x/16x/17x source files; this package does not infer beyond file evidence.,file_note_match
CatBoost rerun/result should be reflected if actual result exists,True,True,park.ingyeom\reports\models\14x_lightweight_candidate_tuning_260516\14x_operating_metrics_at_k.csv,CatBoost,overall_with_promotion,conservative_safe_22,,,See 14x/15x/16x/17x source files; this package does not infer beyond file evidence.,file_note_match
CatBoost rerun/result should be reflected if actual result exists,True,True,park.ingyeom\reports\models\14x_lightweight_candidate_tuning_260516\14x_operating_metrics_at_k.csv,CatBoost,overall_without_promotion,conservative_safe_22,,,See 14x/15x/16x/17x source files; this package does not infer beyond file evidence.,file_note_match
CatBoost rerun/result should be reflected if actual result exists,True,True,park.ingyeom\reports\models\14x_lightweight_candidate_tuning_260516\14x_operating_metrics_at_k.csv,CatBoost,overall_without_promotion,conservative_safe_22,,,See 14x/15x/16x/17x source files; this package does not infer beyond file evidence.,file_note_match
CatBoost rerun/result should be reflected if actual result exists,True,True,park.ingyeom\reports\models\14x_lightweight_candidate_tuning_260516\14x_operating_metrics_at_k.csv,CatBoost,overall_without_promotion,conservative_safe_22,,,See 14x/15x/16x/17x source files; this package does not infer beyond file evidence.,file_note_match
CatBoost rerun/result should be reflected if actual result exists,True,True,park.ingyeom\reports\models\14x_lightweight_candidate_tuning_260516\14x_operating_metrics_at_k.csv,CatBoost,overall_with_promotion,expanded_feature_set,,,See 14x/15x/16x/17x source files; this package does not infer beyond file evidence.,file_note_match
CatBoost rerun/result should be reflected if actual result exists,True,True,park.ingyeom\reports\models\14x_lightweight_candidate_tuning_260516\14x_operating_metrics_at_k.csv,CatBoost,overall_with_promotion,expanded_feature_set,,,See 14x/15x/16x/17x source files; this package does not infer beyond file evidence.,file_note_match
CatBoost rerun/result should be reflected if actual result exists,True,True,park.ingyeom\reports\models\14x_lightweight_candidate_tuning_260516\14x_operating_metrics_at_k.csv,CatBoost,overall_with_promotion,expanded_feature_set,,,See 14x/15x/16x/17x source files; this package does not infer beyond file evidence.,file_note_match
CatBoost rerun/result should be reflected if actual result exists,True,True,park.ingyeom\reports\models\14x_lightweight_candidate_tuning_260516\14x_optuna_trial_summary.csv,CatBoost,overall_with_promotion,conservative_safe_22,0.8132889385194769,,See 14x/15x/16x/17x source files; this package does not infer beyond file evidence.,file_note_match
CatBoost rerun/result should be reflected if actual result exists,True,True,park.ingyeom\reports\models\14x_lightweight_candidate_tuning_260516\14x_optuna_trial_summary.csv,CatBoost,overall_with_promotion,conservative_safe_22,0.8139388925643285,,See 14x/15x/16x/17x source files; this package does not infer beyond file evidence.,file_note_match
CatBoost rerun/result should be reflected if actual result exists,True,True,park.ingyeom\reports\models\14x_lightweight_candidate_tuning_260516\14x_optuna_trial_summary.csv,CatBoost,overall_with_promotion,conservative_safe_22,0.8108014807531022,,See 14x/15x/16x/17x source files; this package does not infer beyond file evidence.,file_note_match
CatBoost rerun/result should be reflected if actual result exists,True,True,park.ingyeom\reports\models\14x_lightweight_candidate_tuning_260516\14x_optuna_trial_summary.csv,CatBoost,overall_with_promotion,conservative_safe_22,0.8120990734012998,,See 14x/15x/16x/17x source files; this package does not infer beyond file evidence.,file_note_match
CatBoost rerun/result should be reflected if actual result exists,True,True,park.ingyeom\reports\models\14x_lightweight_candidate_tuning_260516\14x_optuna_trial_summary.csv,CatBoost,overall_with_promotion,conservative_safe_22,0.8109170263821841,,See 14x/15x/16x/17x source files; this package does not infer beyond file evidence.,file_note_match
CatBoost rerun/result should be reflected if actual result exists,True,True,park.ingyeom\reports\models\14x_lightweight_candidate_tuning_260516\14x_optuna_trial_summary.csv,CatBoost,overall_with_promotion,conservative_safe_22,0.8029935176749063,,See 14x/15x/16x/17x source files; this package does not infer beyond file evidence.,file_note_match
CatBoost rerun/result should be reflected if actual result exists,True,True,park.ingyeom\reports\models\14x_lightweight_candidate_tuning_260516\14x_optuna_trial_summary.csv,CatBoost,overall_with_promotion,conservative_safe_22,0.8108304204345872,,See 14x/15x/16x/17x source files; this package does not infer beyond file evidence.,file_note_match
CatBoost rerun/result should be reflected if actual result exists,True,True,park.ingyeom\reports\models\14x_lightweight_candidate_tuning_260516\14x_optuna_trial_summary.csv,CatBoost,overall_with_promotion,conservative_safe_22,0.8079892037058457,,See 14x/15x/16x/17x source files; this package does not infer beyond file evidence.,file_note_match
CatBoost rerun/result should be reflected if actual result exists,True,True,park.ingyeom\reports\models\14x_lightweight_candidate_tuning_260516\14x_optuna_trial_summary.csv,CatBoost,overall_with_promotion,conservative_safe_22,0.8092992382740183,,See 14x/15x/16x/17x source files; this package does not infer beyond file evidence.,file_note_match
CatBoost rerun/result should be reflected if actual result exists,True,True,park.ingyeom\reports\models\14x_lightweight_candidate_tuning_260516\14x_optuna_trial_summary.csv,CatBoost,overall_with_promotion,conservative_safe_22,0.8142457428464297,,See 14x/15x/16x/17x source files; this package does not infer beyond file evidence.,file_note_match
CatBoost rerun/result should be reflected if actual result exists,True,True,park.ingyeom\reports\models\14x_lightweight_candidate_tuning_260516\14x_optuna_trial_summary.csv,CatBoost,overall_with_promotion,conservative_safe_22,0.8134129130660025,,See 14x/15x/16x/17x source files; this package does not infer beyond file evidence.,file_note_match
CatBoost rerun/result should be reflected if actual result exists,True,True,park.ingyeom\reports\models\14x_lightweight_candidate_tuning_260516\14x_optuna_trial_summary.csv,CatBoost,overall_with_promotion,conservative_safe_22,0.812427475027911,,See 14x/15x/16x/17x source files; this package does not infer beyond file evidence.,file_note_match
CatBoost rerun/result should be reflected if actual result exists,True,True,park.ingyeom\reports\models\14x_lightweight_candidate_tuning_260516\14x_optuna_trial_summary.csv,CatBoost,overall_with_promotion,conservative_safe_22,0.8108876908861307,,See 14x/15x/16x/17x source files; this package does not infer beyond file evidence.,file_note_match
CatBoost rerun/result should be reflected if actual result exists,True,True,park.ingyeom\reports\models\14x_lightweight_candidate_tuning_260516\14x_optuna_trial_summary.csv,CatBoost,overall_with_promotion,conservative_safe_22,0.8145934200771479,,See 14x/15x/16x/17x source files; this package does not infer beyond file evidence.,file_note_match
CatBoost rerun/result should be reflected if actual result exists,True,True,park.ingyeom\reports\models\14x_lightweight_candidate_tuning_260516\14x_optuna_trial_summary.csv,CatBoost,overall_with_promotion,conservative_safe_22,0.8081537606589617,,See 14x/15x/16x/17x source files; this package does not infer beyond file evidence.,file_note_match
CatBoost rerun/result should be reflected if actual result exists,True,True,park.ingyeom\reports\models\14x_lightweight_candidate_tuning_260516\14x_optuna_trial_summary.csv,CatBoost,overall_with_promotion,conservative_safe_22,0.8140515801273563,,See 14x/15x/16x/17x source files; this package does not infer beyond file evidence.,file_note_match
CatBoost rerun/result should be reflected if actual result exists,True,True,park.ingyeom\reports\models\14x_lightweight_candidate_tuning_260516\14x_optuna_trial_summary.csv,CatBoost,overall_with_promotion,conservative_safe_22,0.80664376287355,,See 14x/15x/16x/17x source files; this package does not infer beyond file evidence.,file_note_match
CatBoost rerun/result should be reflected if actual result exists,True,True,park.ingyeom\reports\models\14x_lightweight_candidate_tuning_260516\14x_optuna_trial_summary.csv,CatBoost,overall_with_promotion,conservative_safe_22,0.8124985781666201,,See 14x/15x/16x/17x source files; this package does not infer beyond file evidence.,file_note_match
CatBoost rerun/result should be reflected if actual result exists,True,True,park.ingyeom\reports\models\14x_lightweight_candidate_tuning_260516\14x_optuna_trial_summary.csv,CatBoost,overall_with_promotion,conservative_safe_22,0.8130368280891934,,See 14x/15x/16x/17x source files; this package does not infer beyond file evidence.,file_note_match
CatBoost rerun/result should be reflected if actual result exists,True,True,park.ingyeom\reports\models\14x_lightweight_candidate_tuning_260516\14x_optuna_trial_summary.csv,CatBoost,overall_with_promotion,conservative_safe_22,0.8118256491329738,,See 14x/15x/16x/17x source files; this package does not infer beyond file evidence.,file_note_match
CatBoost rerun/result should be reflected if actual result exists,True,True,park.ingyeom\reports\models\14x_lightweight_candidate_tuning_260516\14x_optuna_trial_summary.csv,CatBoost,overall_with_promotion,conservative_safe_22,0.813193820309978,,See 14x/15x/16x/17x source files; this package does not infer beyond file evidence.,file_note_match
CatBoost rerun/result should be reflected if actual result exists,True,True,park.ingyeom\reports\models\14x_lightweight_candidate_tuning_260516\14x_optuna_trial_summary.csv,CatBoost,overall_with_promotion,conservative_safe_22,0.8141349786696981,,See 14x/15x/16x/17x source files; this package does not infer beyond file evidence.,file_note_match
CatBoost rerun/result should be reflected if actual result exists,True,True,park.ingyeom\reports\models\14x_lightweight_candidate_tuning_260516\14x_optuna_trial_summary.csv,CatBoost,overall_with_promotion,conservative_safe_22,0.8139063255263574,,See 14x/15x/16x/17x source files; this package does not infer beyond file evidence.,file_note_match
CatBoost rerun/result should be reflected if actual result exists,True,True,park.ingyeom\reports\models\14x_lightweight_candidate_tuning_260516\14x_optuna_trial_summary.csv,CatBoost,overall_with_promotion,conservative_safe_22,0.8147075898222849,,See 14x/15x/16x/17x source files; this package does not infer beyond file evidence.,file_note_match
CatBoost rerun/result should be reflected if actual result exists,True,True,park.ingyeom\reports\models\14x_lightweight_candidate_tuning_260516\14x_optuna_trial_summary.csv,CatBoost,overall_with_promotion,conservative_safe_22,0.8141422628432515,,See 14x/15x/16x/17x source files; this package does not infer beyond file evidence.,file_note_match
CatBoost rerun/result should be reflected if actual result exists,True,True,park.ingyeom\reports\models\14x_lightweight_candidate_tuning_260516\14x_optuna_trial_summary.csv,CatBoost,overall_with_promotion,conservative_safe_22,0.8146346609402034,,See 14x/15x/16x/17x source files; this package does not infer beyond file evidence.,file_note_match
CatBoost rerun/result should be reflected if actual result exists,True,True,park.ingyeom\reports\models\14x_lightweight_candidate_tuning_260516\14x_optuna_trial_summary.csv,CatBoost,overall_with_promotion,conservative_safe_22,0.8137969054900631,,See 14x/15x/16x/17x source files; this package does not infer beyond file evidence.,file_note_match
CatBoost rerun/result should be reflected if actual result exists,True,True,park.ingyeom\reports\models\14x_lightweight_candidate_tuning_260516\14x_optuna_trial_summary.csv,CatBoost,overall_with_promotion,conservative_safe_22,0.815080611390569,,See 14x/15x/16x/17x source files; this package does not infer beyond file evidence.,file_note_match
CatBoost rerun/result should be reflected if actual result exists,True,True,park.ingyeom\reports\models\14x_lightweight_candidate_tuning_260516\14x_optuna_trial_summary.csv,CatBoost,overall_with_promotion,conservative_safe_22,0.8133815201803168,,See 14x/15x/16x/17x source files; this package does not infer beyond file evidence.,file_note_match
CatBoost rerun/result should be reflected if actual result exists,True,True,park.ingyeom\reports\models\14x_lightweight_candidate_tuning_260516\14x_optuna_trial_summary.csv,CatBoost,overall_with_promotion,conservative_safe_22,0.8138224240489187,,See 14x/15x/16x/17x source files; this package does not infer beyond file evidence.,file_note_match
CatBoost rerun/result should be reflected if actual result exists,True,True,park.ingyeom\reports\models\14x_lightweight_candidate_tuning_260516\14x_optuna_trial_summary.csv,CatBoost,overall_without_promotion,conservative_safe_22,0.8132889385194769,,See 14x/15x/16x/17x source files; this package does not infer beyond file evidence.,file_note_match
CatBoost rerun/result should be reflected if actual result exists,True,True,park.ingyeom\reports\models\14x_lightweight_candidate_tuning_260516\14x_optuna_trial_summary.csv,CatBoost,overall_without_promotion,conservative_safe_22,0.8139388925643285,,See 14x/15x/16x/17x source files; this package does not infer beyond file evidence.,file_note_match
CatBoost rerun/result should be reflected if actual result exists,True,True,park.ingyeom\reports\models\14x_lightweight_candidate_tuning_260516\14x_optuna_trial_summary.csv,CatBoost,overall_without_promotion,conservative_safe_22,0.8108014807531022,,See 14x/15x/16x/17x source files; this package does not infer beyond file evidence.,file_note_match
CatBoost rerun/result should be reflected if actual result exists,True,True,park.ingyeom\reports\models\14x_lightweight_candidate_tuning_260516\14x_optuna_trial_summary.csv,CatBoost,overall_without_promotion,conservative_safe_22,0.8120990734012998,,See 14x/15x/16x/17x source files; this package does not infer beyond file evidence.,file_note_match
CatBoost rerun/result should be reflected if actual result exists,True,True,park.ingyeom\reports\models\14x_lightweight_candidate_tuning_260516\14x_optuna_trial_summary.csv,CatBoost,overall_without_promotion,conservative_safe_22,0.8109170263821841,,See 14x/15x/16x/17x source files; this package does not infer beyond file evidence.,file_note_match
CatBoost rerun/result should be reflected if actual result exists,True,True,park.ingyeom\reports\models\14x_lightweight_candidate_tuning_260516\14x_optuna_trial_summary.csv,CatBoost,overall_without_promotion,conservative_safe_22,0.8029935176749063,,See 14x/15x/16x/17x source files; this package does not infer beyond file evidence.,file_note_match
CatBoost rerun/result should be reflected if actual result exists,True,True,park.ingyeom\reports\models\14x_lightweight_candidate_tuning_260516\14x_optuna_trial_summary.csv,CatBoost,overall_without_promotion,conservative_safe_22,0.8108304204345872,,See 14x/15x/16x/17x source files; this package does not infer beyond file evidence.,file_note_match
CatBoost rerun/result should be reflected if actual result exists,True,True,park.ingyeom\reports\models\14x_lightweight_candidate_tuning_260516\14x_optuna_trial_summary.csv,CatBoost,overall_without_promotion,conservative_safe_22,0.8079892037058457,,See 14x/15x/16x/17x source files; this package does not infer beyond file evidence.,file_note_match
CatBoost rerun/result should be reflected if actual result exists,True,True,park.ingyeom\reports\models\14x_lightweight_candidate_tuning_260516\14x_optuna_trial_summary.csv,CatBoost,overall_without_promotion,conservative_safe_22,0.8092992382740183,,See 14x/15x/16x/17x source files; this package does not infer beyond file evidence.,file_note_match
CatBoost rerun/result should be reflected if actual result exists,True,True,park.ingyeom\reports\models\14x_lightweight_candidate_tuning_260516\14x_optuna_trial_summary.csv,CatBoost,overall_without_promotion,conservative_safe_22,0.8142457428464297,,See 14x/15x/16x/17x source files; this package does not infer beyond file evidence.,file_note_match
CatBoost rerun/result should be reflected if actual result exists,True,True,park.ingyeom\reports\models\14x_lightweight_candidate_tuning_260516\14x_optuna_trial_summary.csv,CatBoost,overall_without_promotion,conservative_safe_22,0.8134129130660025,,See 14x/15x/16x/17x source files; this package does not infer beyond file evidence.,file_note_match
CatBoost rerun/result should be reflected if actual result exists,True,True,park.ingyeom\reports\models\14x_lightweight_candidate_tuning_260516\14x_optuna_trial_summary.csv,CatBoost,overall_without_promotion,conservative_safe_22,0.812427475027911,,See 14x/15x/16x/17x source files; this package does not infer beyond file evidence.,file_note_match
CatBoost rerun/result should be reflected if actual result exists,True,True,park.ingyeom\reports\models\14x_lightweight_candidate_tuning_260516\14x_optuna_trial_summary.csv,CatBoost,overall_without_promotion,conservative_safe_22,0.8108876908861307,,See 14x/15x/16x/17x source files; this package does not infer beyond file evidence.,file_note_match
CatBoost rerun/result should be reflected if actual result exists,True,True,park.ingyeom\reports\models\14x_lightweight_candidate_tuning_260516\14x_optuna_trial_summary.csv,CatBoost,overall_without_promotion,conservative_safe_22,0.8145934200771479,,See 14x/15x/16x/17x source files; this package does not infer beyond file evidence.,file_note_match
CatBoost rerun/result should be reflected if actual result exists,True,True,park.ingyeom\reports\models\14x_lightweight_candidate_tuning_260516\14x_optuna_trial_summary.csv,CatBoost,overall_without_promotion,conservative_safe_22,0.8081537606589617,,See 14x/15x/16x/17x source files; this package does not infer beyond file evidence.,file_note_match
CatBoost rerun/result should be reflected if actual result exists,True,True,park.ingyeom\reports\models\14x_lightweight_candidate_tuning_260516\14x_optuna_trial_summary.csv,CatBoost,overall_without_promotion,conservative_safe_22,0.8140515801273563,,See 14x/15x/16x/17x source files; this package does not infer beyond file evidence.,file_note_match
CatBoost rerun/result should be reflected if actual result exists,True,True,park.ingyeom\reports\models\14x_lightweight_candidate_tuning_260516\14x_optuna_trial_summary.csv,CatBoost,overall_without_promotion,conservative_safe_22,0.80664376287355,,See 14x/15x/16x/17x source files; this package does not infer beyond file evidence.,file_note_match
CatBoost rerun/result should be reflected if actual result exists,True,True,park.ingyeom\reports\models\14x_lightweight_candidate_tuning_260516\14x_optuna_trial_summary.csv,CatBoost,overall_without_promotion,conservative_safe_22,0.8124985781666201,,See 14x/15x/16x/17x source files; this package does not infer beyond file evidence.,file_note_match
CatBoost rerun/result should be reflected if actual result exists,True,True,park.ingyeom\reports\models\14x_lightweight_candidate_tuning_260516\14x_optuna_trial_summary.csv,CatBoost,overall_without_promotion,conservative_safe_22,0.8130368280891934,,See 14x/15x/16x/17x source files; this package does not infer beyond file evidence.,file_note_match
CatBoost rerun/result should be reflected if actual result exists,True,True,park.ingyeom\reports\models\14x_lightweight_candidate_tuning_260516\14x_optuna_trial_summary.csv,CatBoost,overall_without_promotion,conservative_safe_22,0.8118256491329738,,See 14x/15x/16x/17x source files; this package does not infer beyond file evidence.,file_note_match
CatBoost rerun/result should be reflected if actual result exists,True,True,park.ingyeom\reports\models\14x_lightweight_candidate_tuning_260516\14x_optuna_trial_summary.csv,CatBoost,overall_without_promotion,conservative_safe_22,0.813193820309978,,See 14x/15x/16x/17x source files; this package does not infer beyond file evidence.,file_note_match
CatBoost rerun/result should be reflected if actual result exists,True,True,park.ingyeom\reports\models\14x_lightweight_candidate_tuning_260516\14x_optuna_trial_summary.csv,CatBoost,overall_without_promotion,conservative_safe_22,0.8141349786696981,,See 14x/15x/16x/17x source files; this package does not infer beyond file evidence.,file_note_match
CatBoost rerun/result should be reflected if actual result exists,True,True,park.ingyeom\reports\models\14x_lightweight_candidate_tuning_260516\14x_optuna_trial_summary.csv,CatBoost,overall_without_promotion,conservative_safe_22,0.8139063255263574,,See 14x/15x/16x/17x source files; this package does not infer beyond file evidence.,file_note_match
CatBoost rerun/result should be reflected if actual result exists,True,True,park.ingyeom\reports\models\14x_lightweight_candidate_tuning_260516\14x_optuna_trial_summary.csv,CatBoost,overall_without_promotion,conservative_safe_22,0.8147075898222849,,See 14x/15x/16x/17x source files; this package does not infer beyond file evidence.,file_note_match
CatBoost rerun/result should be reflected if actual result exists,True,True,park.ingyeom\reports\models\14x_lightweight_candidate_tuning_260516\14x_optuna_trial_summary.csv,CatBoost,overall_without_promotion,conservative_safe_22,0.8141422628432515,,See 14x/15x/16x/17x source files; this package does not infer beyond file evidence.,file_note_match
CatBoost rerun/result should be reflected if actual result exists,True,True,park.ingyeom\reports\models\14x_lightweight_candidate_tuning_260516\14x_optuna_trial_summary.csv,CatBoost,overall_without_promotion,conservative_safe_22,0.8146346609402034,,See 14x/15x/16x/17x source files; this package does not infer beyond file evidence.,file_note_match
CatBoost rerun/result should be reflected if actual result exists,True,True,park.ingyeom\reports\models\14x_lightweight_candidate_tuning_260516\14x_optuna_trial_summary.csv,CatBoost,overall_without_promotion,conservative_safe_22,0.8137969054900631,,See 14x/15x/16x/17x source files; this package does not infer beyond file evidence.,file_note_match
CatBoost rerun/result should be reflected if actual result exists,True,True,park.ingyeom\reports\models\14x_lightweight_candidate_tuning_260516\14x_optuna_trial_summary.csv,CatBoost,overall_without_promotion,conservative_safe_22,0.815080611390569,,See 14x/15x/16x/17x source files; this package does not infer beyond file evidence.,file_note_match
CatBoost rerun/result should be reflected if actual result exists,True,True,park.ingyeom\reports\models\14x_lightweight_candidate_tuning_260516\14x_optuna_trial_summary.csv,CatBoost,overall_without_promotion,conservative_safe_22,0.8133815201803168,,See 14x/15x/16x/17x source files; this package does not infer beyond file evidence.,file_note_match
CatBoost rerun/result should be reflected if actual result exists,True,True,park.ingyeom\reports\models\14x_lightweight_candidate_tuning_260516\14x_optuna_trial_summary.csv,CatBoost,overall_without_promotion,conservative_safe_22,0.8138224240489187,,See 14x/15x/16x/17x source files; this package does not infer beyond file evidence.,file_note_match
CatBoost rerun/result should be reflected if actual result exists,True,True,park.ingyeom\reports\models\14x_lightweight_candidate_tuning_260516\14x_optuna_trial_summary.csv,CatBoost,overall_with_promotion,expanded_feature_set,0.8780521048018493,,See 14x/15x/16x/17x source files; this package does not infer beyond file evidence.,file_note_match
CatBoost rerun/result should be reflected if actual result exists,True,True,park.ingyeom\reports\models\14x_lightweight_candidate_tuning_260516\14x_optuna_trial_summary.csv,CatBoost,overall_with_promotion,expanded_feature_set,0.879132952915896,,See 14x/15x/16x/17x source files; this package does not infer beyond file evidence.,file_note_match
CatBoost rerun/result should be reflected if actual result exists,True,True,park.ingyeom\reports\models\14x_lightweight_candidate_tuning_260516\14x_optuna_trial_summary.csv,CatBoost,overall_with_promotion,expanded_feature_set,0.8758516069392115,,See 14x/15x/16x/17x source files; this package does not infer beyond file evidence.,file_note_match
CatBoost rerun/result should be reflected if actual result exists,True,True,park.ingyeom\reports\models\14x_lightweight_candidate_tuning_260516\14x_optuna_trial_summary.csv,CatBoost,overall_with_promotion,expanded_feature_set,0.8799746470011842,,See 14x/15x/16x/17x source files; this package does not infer beyond file evidence.,file_note_match
CatBoost rerun/result should be reflected if actual result exists,True,True,park.ingyeom\reports\models\14x_lightweight_candidate_tuning_260516\14x_optuna_trial_summary.csv,CatBoost,overall_with_promotion,expanded_feature_set,0.8720689260243685,,See 14x/15x/16x/17x source files; this package does not infer beyond file evidence.,file_note_match
CatBoost rerun/result should be reflected if actual result exists,True,True,park.ingyeom\reports\models\14x_lightweight_candidate_tuning_260516\14x_optuna_trial_summary.csv,CatBoost,overall_with_promotion,expanded_feature_set,0.8542236936328239,,See 14x/15x/16x/17x source files; this package does not infer beyond file evidence.,file_note_match
CatBoost rerun/result should be reflected if actual result exists,True,True,park.ingyeom\reports\models\14x_lightweight_candidate_tuning_260516\14x_optuna_trial_summary.csv,CatBoost,overall_with_promotion,expanded_feature_set,0.8787849706726043,,See 14x/15x/16x/17x source files; this package does not infer beyond file evidence.,file_note_match
CatBoost rerun/result should be reflected if actual result exists,True,True,park.ingyeom\reports\models\14x_lightweight_candidate_tuning_260516\14x_optuna_trial_summary.csv,CatBoost,overall_with_promotion,expanded_feature_set,0.8648368402640987,,See 14x/15x/16x/17x source files; this package does not infer beyond file evidence.,file_note_match
CatBoost rerun/result should be reflected if actual result exists,True,True,park.ingyeom\reports\models\14x_lightweight_candidate_tuning_260516\14x_optuna_trial_summary.csv,CatBoost,overall_with_promotion,expanded_feature_set,0.8768295216318522,,See 14x/15x/16x/17x source files; this package does not infer beyond file evidence.,file_note_match
CatBoost rerun/result should be reflected if actual result exists,True,True,park.ingyeom\reports\models\14x_lightweight_candidate_tuning_260516\14x_optuna_trial_summary.csv,CatBoost,overall_with_promotion,expanded_feature_set,0.879581603358629,,See 14x/15x/16x/17x source files; this package does not infer beyond file evidence.,file_note_match
CatBoost rerun/result should be reflected if actual result exists,True,True,park.ingyeom\reports\models\14x_lightweight_candidate_tuning_260516\14x_optuna_trial_summary.csv,CatBoost,overall_with_promotion,expanded_feature_set,0.8799360212824568,,See 14x/15x/16x/17x source files; this package does not infer beyond file evidence.,file_note_match
CatBoost rerun/result should be reflected if actual result exists,True,True,park.ingyeom\reports\models\14x_lightweight_candidate_tuning_260516\14x_optuna_trial_summary.csv,CatBoost,overall_with_promotion,expanded_feature_set,0.8805546189761884,,See 14x/15x/16x/17x source files; this package does not infer beyond file evidence.,file_note_match
CatBoost rerun/result should be reflected if actual result exists,True,True,park.ingyeom\reports\models\14x_lightweight_candidate_tuning_260516\14x_optuna_trial_summary.csv,CatBoost,overall_with_promotion,expanded_feature_set,0.8804508895811531,,See 14x/15x/16x/17x source files; this package does not infer beyond file evidence.,file_note_match
CatBoost rerun/result should be reflected if actual result exists,True,True,park.ingyeom\reports\models\14x_lightweight_candidate_tuning_260516\14x_optuna_trial_summary.csv,CatBoost,overall_with_promotion,expanded_feature_set,0.8806371438004357,,See 14x/15x/16x/17x source files; this package does not infer beyond file evidence.,file_note_match
CatBoost rerun/result should be reflected if actual result exists,True,True,park.ingyeom\reports\models\14x_lightweight_candidate_tuning_260516\14x_optuna_trial_summary.csv,CatBoost,overall_with_promotion,expanded_feature_set,0.8803888638783466,,See 14x/15x/16x/17x source files; this package does not infer beyond file evidence.,file_note_match
CatBoost rerun/result should be reflected if actual result exists,True,True,park.ingyeom\reports\models\14x_lightweight_candidate_tuning_260516\14x_optuna_trial_summary.csv,CatBoost,overall_with_promotion,expanded_feature_set,0.8800312469448786,,See 14x/15x/16x/17x source files; this package does not infer beyond file evidence.,file_note_match
CatBoost rerun/result should be reflected if actual result exists,True,True,park.ingyeom\reports\models\14x_lightweight_candidate_tuning_260516\14x_optuna_trial_summary.csv,CatBoost,overall_with_promotion,expanded_feature_set,0.8737999913132173,,See 14x/15x/16x/17x source files; this package does not infer beyond file evidence.,file_note_match
CatBoost rerun/result should be reflected if actual result exists,True,True,park.ingyeom\reports\models\14x_lightweight_candidate_tuning_260516\14x_optuna_trial_summary.csv,CatBoost,overall_with_promotion,expanded_feature_set,0.8802631720728348,,See 14x/15x/16x/17x source files; this package does not infer beyond file evidence.,file_note_match
CatBoost rerun/result should be reflected if actual result exists,True,True,park.ingyeom\reports\models\14x_lightweight_candidate_tuning_260516\14x_optuna_trial_summary.csv,CatBoost,overall_with_promotion,expanded_feature_set,0.8804722161422431,,See 14x/15x/16x/17x source files; this package does not infer beyond file evidence.,file_note_match
CatBoost rerun/result should be reflected if actual result exists,True,True,park.ingyeom\reports\models\14x_lightweight_candidate_tuning_260516\14x_optuna_trial_summary.csv,CatBoost,overall_with_promotion,expanded_feature_set,0.8807395007072202,,See 14x/15x/16x/17x source files; this package does not infer beyond file evidence.,file_note_match
CatBoost rerun/result should be reflected if actual result exists,True,True,park.ingyeom\reports\models\14x_lightweight_candidate_tuning_260516\14x_optuna_trial_summary.csv,CatBoost,overall_with_promotion,expanded_feature_set,0.880624787893443,,See 14x/15x/16x/17x source files; this package does not infer beyond file evidence.,file_note_match
CatBoost rerun/result should be reflected if actual result exists,True,True,park.ingyeom\reports\models\14x_lightweight_candidate_tuning_260516\14x_optuna_trial_summary.csv,CatBoost,overall_with_promotion,expanded_feature_set,0.880208104804969,,See 14x/15x/16x/17x source files; this package does not infer beyond file evidence.,file_note_match
CatBoost rerun/result should be reflected if actual result exists,True,True,park.ingyeom\reports\models\14x_lightweight_candidate_tuning_260516\14x_optuna_trial_summary.csv,CatBoost,overall_with_promotion,expanded_feature_set,0.8791822622956784,,See 14x/15x/16x/17x source files; this package does not infer beyond file evidence.,file_note_match
CatBoost rerun/result should be reflected if actual result exists,True,True,park.ingyeom\reports\models\14x_lightweight_candidate_tuning_260516\14x_optuna_trial_summary.csv,CatBoost,overall_with_promotion,expanded_feature_set,0.8792907049791088,,See 14x/15x/16x/17x source files; this package does not infer beyond file evidence.,file_note_match
CatBoost rerun/result should be reflected if actual result exists,True,True,park.ingyeom\reports\models\14x_lightweight_candidate_tuning_260516\14x_optuna_trial_summary.csv,CatBoost,overall_with_promotion,expanded_feature_set,0.8753739297810647,,See 14x/15x/16x/17x source files; this package does not infer beyond file evidence.,file_note_match
CatBoost rerun/result should be reflected if actual result exists,True,True,park.ingyeom\reports\models\14x_lightweight_candidate_tuning_260516\14x_optuna_trial_summary.csv,CatBoost,overall_with_promotion,expanded_feature_set,0.8756791097393168,,See 14x/15x/16x/17x source files; this package does not infer beyond file evidence.,file_note_match
CatBoost rerun/result should be reflected if actual result exists,True,True,park.ingyeom\reports\models\14x_lightweight_candidate_tuning_260516\14x_optuna_trial_summary.csv,CatBoost,overall_with_promotion,expanded_feature_set,0.8785589798794918,,See 14x/15x/16x/17x source files; this package does not infer beyond file evidence.,file_note_match
CatBoost rerun/result should be reflected if actual result exists,True,True,park.ingyeom\reports\models\14x_lightweight_candidate_tuning_260516\14x_optuna_trial_summary.csv,CatBoost,overall_with_promotion,expanded_feature_set,0.880407174038487,,See 14x/15x/16x/17x source files; this package does not infer beyond file evidence.,file_note_match
CatBoost rerun/result should be reflected if actual result exists,True,True,park.ingyeom\reports\models\14x_lightweight_candidate_tuning_260516\14x_optuna_trial_summary.csv,CatBoost,overall_with_promotion,expanded_feature_set,0.8516199943331143,,See 14x/15x/16x/17x source files; this package does not infer beyond file evidence.,file_note_match
CatBoost rerun/result should be reflected if actual result exists,True,True,park.ingyeom\reports\models\14x_lightweight_candidate_tuning_260516\14x_optuna_trial_summary.csv,CatBoost,overall_with_promotion,expanded_feature_set,0.8784253845336828,,See 14x/15x/16x/17x source files; this package does not infer beyond file evidence.,file_note_match
CatBoost rerun/result should be reflected if actual result exists,True,True,park.ingyeom\reports\models\14x_lightweight_candidate_tuning_260516\14x_vs_12x_comparison.csv,CatBoost,overall_with_promotion,conservative_safe_22,0.8075074051657329,0.0045747429289404,See 14x/15x/16x/17x source files; this package does not infer beyond file evidence.,file_note_match
CatBoost rerun/result should be reflected if actual result exists,True,True,park.ingyeom\reports\models\14x_lightweight_candidate_tuning_260516\14x_vs_12x_comparison.csv,CatBoost,overall_without_promotion,conservative_safe_22,0.8075074051657329,0.0045747429289404,See 14x/15x/16x/17x source files; this package does not infer beyond file evidence.,file_note_match
CatBoost rerun/result should be reflected if actual result exists,True,True,park.ingyeom\reports\models\14x_lightweight_candidate_tuning_260516\14x_vs_12x_comparison.csv,CatBoost,overall_with_promotion,expanded_feature_set,0.8676213912567694,0.0058389697275407,See 14x/15x/16x/17x source files; this package does not infer beyond file evidence.,file_note_match
CatBoost rerun/result should be reflected if actual result exists,True,True,park.ingyeom\reports\models\14x_lightweight_candidate_tuning_260516\14x_vs_12x_operating_comparison.csv,CatBoost,overall_with_promotion,conservative_safe_22,,,See 14x/15x/16x/17x source files; this package does not infer beyond file evidence.,file_note_match
CatBoost rerun/result should be reflected if actual result exists,True,True,park.ingyeom\reports\models\14x_lightweight_candidate_tuning_260516\14x_vs_12x_operating_comparison.csv,CatBoost,overall_with_promotion,conservative_safe_22,,,See 14x/15x/16x/17x source files; this package does not infer beyond file evidence.,file_note_match
CatBoost rerun/result should be reflected if actual result exists,True,True,park.ingyeom\reports\models\14x_lightweight_candidate_tuning_260516\14x_vs_12x_operating_comparison.csv,CatBoost,overall_with_promotion,conservative_safe_22,,,See 14x/15x/16x/17x source files; this package does not infer beyond file evidence.,file_note_match
CatBoost rerun/result should be reflected if actual result exists,True,True,park.ingyeom\reports\models\14x_lightweight_candidate_tuning_260516\14x_vs_12x_operating_comparison.csv,CatBoost,overall_without_promotion,conservative_safe_22,,,See 14x/15x/16x/17x source files; this package does not infer beyond file evidence.,file_note_match
CatBoost rerun/result should be reflected if actual result exists,True,True,park.ingyeom\reports\models\14x_lightweight_candidate_tuning_260516\14x_vs_12x_operating_comparison.csv,CatBoost,overall_without_promotion,conservative_safe_22,,,See 14x/15x/16x/17x source files; this package does not infer beyond file evidence.,file_note_match
CatBoost rerun/result should be reflected if actual result exists,True,True,park.ingyeom\reports\models\14x_lightweight_candidate_tuning_260516\14x_vs_12x_operating_comparison.csv,CatBoost,overall_without_promotion,conservative_safe_22,,,See 14x/15x/16x/17x source files; this package does not infer beyond file evidence.,file_note_match
CatBoost rerun/result should be reflected if actual result exists,True,True,park.ingyeom\reports\models\14x_lightweight_candidate_tuning_260516\14x_vs_12x_operating_comparison.csv,CatBoost,overall_with_promotion,expanded_feature_set,,,See 14x/15x/16x/17x source files; this package does not infer beyond file evidence.,file_note_match
CatBoost rerun/result should be reflected if actual result exists,True,True,park.ingyeom\reports\models\14x_lightweight_candidate_tuning_260516\14x_vs_12x_operating_comparison.csv,CatBoost,overall_with_promotion,expanded_feature_set,,,See 14x/15x/16x/17x source files; this package does not infer beyond file evidence.,file_note_match
CatBoost rerun/result should be reflected if actual result exists,True,True,park.ingyeom\reports\models\14x_lightweight_candidate_tuning_260516\14x_vs_12x_operating_comparison.csv,CatBoost,overall_with_promotion,expanded_feature_set,,,See 14x/15x/16x/17x source files; this package does not infer beyond file evidence.,file_note_match
CatBoost rerun/result should be reflected if actual result exists,True,True,park.ingyeom\reports\audits\html_claim_validation_core_sources_20260518_212100\park.ingyeom\reports\audits\15x_payment_device_sensitivity_260516\15x_model_availability.csv,CatBoost,,,,,See 14x/15x/16x/17x source files; this package does not infer beyond file evidence.,file_note_match
CatBoost rerun/result should be reflected if actual result exists,True,True,park.ingyeom\reports\audits\html_claim_validation_core_sources_20260518_212100\park.ingyeom\reports\audits\15x_payment_device_sensitivity_260516\15x_model_run_plan.csv,CatBoost,overall_without_promotion,expanded_no_payment_device,,,See 14x/15x/16x/17x source files; this package does not infer beyond file evidence.,file_note_match
CatBoost rerun/result should be reflected if actual result exists,True,True,park.ingyeom\reports\audits\html_claim_validation_core_sources_20260518_212100\park.ingyeom\reports\audits\15x_payment_device_sensitivity_260516\15x_model_run_plan.csv,CatBoost,overall_with_promotion,expanded_no_payment_device,,,See 14x/15x/16x/17x source files; this package does not infer beyond file evidence.,file_note_match
CatBoost rerun/result should be reflected if actual result exists,True,True,park.ingyeom\reports\audits\html_claim_validation_core_sources_20260518_212100\park.ingyeom\reports\audits\15x_payment_device_sensitivity_260516\15x_model_run_plan.csv,CatBoost,promotion_only,expanded_no_payment_device,,,See 14x/15x/16x/17x source files; this package does not infer beyond file evidence.,file_note_match
CatBoost rerun/result should be reflected if actual result exists,True,True,park.ingyeom\reports\audits\html_claim_validation_core_sources_20260518_212100\park.ingyeom\reports\audits\15x_payment_device_sensitivity_260516\15x_model_run_plan.csv,CatBoost,nonpromotion_only,expanded_no_payment_device,,,See 14x/15x/16x/17x source files; this package does not infer beyond file evidence.,file_note_match
CatBoost rerun/result should be reflected if actual result exists,True,True,park.ingyeom\reports\audits\html_claim_validation_core_sources_20260518_212100\park.ingyeom\reports\audits\15x_payment_device_sensitivity_260516\15x_model_summary_by_scope.csv,CatBoost,overall_without_promotion,expanded_no_payment_device,0.8726647096867026,0.0212646367273618,See 14x/15x/16x/17x source files; this package does not infer beyond file evidence.,file_note_match
CatBoost rerun/result should be reflected if actual result exists,True,True,park.ingyeom\reports\audits\html_claim_validation_core_sources_20260518_212100\park.ingyeom\reports\audits\15x_payment_device_sensitivity_260516\15x_model_summary_by_scope.csv,CatBoost,overall_with_promotion,expanded_no_payment_device,0.8778380974040094,0.0207406061234441,See 14x/15x/16x/17x source files; this package does not infer beyond file evidence.,file_note_match
CatBoost rerun/result should be reflected if actual result exists,True,True,park.ingyeom\reports\audits\html_claim_validation_core_sources_20260518_212100\park.ingyeom\reports\audits\15x_payment_device_sensitivity_260516\15x_model_summary_by_scope.csv,CatBoost,promotion_only,expanded_no_payment_device,0.861347339153776,0.0408437064814751,See 14x/15x/16x/17x source files; this package does not infer beyond file evidence.,file_note_match
CatBoost rerun/result should be reflected if actual result exists,True,True,park.ingyeom\reports\audits\html_claim_validation_core_sources_20260518_212100\park.ingyeom\reports\audits\15x_payment_device_sensitivity_260516\15x_model_summary_by_scope.csv,CatBoost,nonpromotion_only,expanded_no_payment_device,0.8864878252566246,0.0390877753219086,See 14x/15x/16x/17x source files; this package does not infer beyond file evidence.,file_note_match
CatBoost rerun/result should be reflected if actual result exists,True,True,park.ingyeom\reports\audits\html_claim_validation_core_sources_20260518_212100\park.ingyeom\reports\audits\15x_payment_device_sensitivity_260516\15x_payment_removed_vs_original_comparison.csv,CatBoost,overall_without_promotion,,0.8632427314692961,0.0062926798796589,See 14x/15x/16x/17x source files; this package does not infer beyond file evidence.,file_note_match
CatBoost rerun/result should be reflected if actual result exists,True,True,park.ingyeom\reports\audits\html_claim_validation_core_sources_20260518_212100\park.ingyeom\reports\audits\15x_payment_device_sensitivity_260516\15x_payment_removed_vs_original_comparison.csv,CatBoost,overall_with_promotion,,0.8676213912567694,0.0058389697275407,See 14x/15x/16x/17x source files; this package does not infer beyond file evidence.,file_note_match
CatBoost rerun/result should be reflected if actual result exists,True,True,park.ingyeom\reports\audits\html_claim_validation_core_sources_20260518_212100\park.ingyeom\reports\audits\15x_payment_device_sensitivity_260516\15x_payment_removed_vs_original_comparison.csv,CatBoost,promotion_only,,0.851458838275098,0.0123772058041514,See 14x/15x/16x/17x source files; this package does not infer beyond file evidence.,file_note_match
CatBoost rerun/result should be reflected if actual result exists,True,True,park.ingyeom\reports\audits\html_claim_validation_core_sources_20260518_212100\park.ingyeom\reports\audits\15x_payment_device_sensitivity_260516\15x_payment_removed_vs_original_comparison.csv,CatBoost,nonpromotion_only,,0.8786574847705189,0.0120433969901861,See 14x/15x/16x/17x source files; this package does not infer beyond file evidence.,file_note_match
CatBoost rerun/result should be reflected if actual result exists,True,True,park.ingyeom\reports\audits\html_claim_validation_core_sources_20260518_212100\park.ingyeom\reports\interpretation\16x_SHAP_candidate_interpretation_260516\16x_SHAP_candidate_plan.csv,CatBoost,nonpromotion_only,expanded_no_payment_device,,,See 14x/15x/16x/17x source files; this package does not infer beyond file evidence.,file_note_match
CatBoost rerun/result should be reflected if actual result exists,True,True,park.ingyeom\reports\audits\html_claim_validation_core_sources_20260518_212100\park.ingyeom\reports\models\12x_model_family_comparison_260516\12x_calibration_decile_summary.csv,CatBoost,nonpromotion_only,conservative_safe_22,,,See 14x/15x/16x/17x source files; this package does not infer beyond file evidence.,file_note_match
CatBoost rerun/result should be reflected if actual result exists,True,True,park.ingyeom\reports\audits\html_claim_validation_core_sources_20260518_212100\park.ingyeom\reports\models\12x_model_family_comparison_260516\12x_calibration_decile_summary.csv,CatBoost,nonpromotion_only,conservative_safe_22,,,See 14x/15x/16x/17x source files; this package does not infer beyond file evidence.,file_note_match
CatBoost rerun/result should be reflected if actual result exists,True,True,park.ingyeom\reports\audits\html_claim_validation_core_sources_20260518_212100\park.ingyeom\reports\models\12x_model_family_comparison_260516\12x_calibration_decile_summary.csv,CatBoost,nonpromotion_only,conservative_safe_22,,,See 14x/15x/16x/17x source files; this package does not infer beyond file evidence.,file_note_match
CatBoost rerun/result should be reflected if actual result exists,True,True,park.ingyeom\reports\audits\html_claim_validation_core_sources_20260518_212100\park.ingyeom\reports\models\12x_model_family_comparison_260516\12x_calibration_decile_summary.csv,CatBoost,nonpromotion_only,conservative_safe_22,,,See 14x/15x/16x/17x source files; this package does not infer beyond file evidence.,file_note_match
CatBoost rerun/result should be reflected if actual result exists,True,True,park.ingyeom\reports\audits\html_claim_validation_core_sources_20260518_212100\park.ingyeom\reports\models\12x_model_family_comparison_260516\12x_calibration_decile_summary.csv,CatBoost,nonpromotion_only,conservative_safe_22,,,See 14x/15x/16x/17x source files; this package does not infer beyond file evidence.,file_note_match
CatBoost rerun/result should be reflected if actual result exists,True,True,park.ingyeom\reports\audits\html_claim_validation_core_sources_20260518_212100\park.ingyeom\reports\models\12x_model_family_comparison_260516\12x_calibration_decile_summary.csv,CatBoost,nonpromotion_only,conservative_safe_22,,,See 14x/15x/16x/17x source files; this package does not infer beyond file evidence.,file_note_match
CatBoost rerun/result should be reflected if actual result exists,True,True,park.ingyeom\reports\audits\html_claim_validation_core_sources_20260518_212100\park.ingyeom\reports\models\12x_model_family_comparison_260516\12x_calibration_decile_summary.csv,CatBoost,nonpromotion_only,conservative_safe_22,,,See 14x/15x/16x/17x source files; this package does not infer beyond file evidence.,file_note_match
CatBoost rerun/result should be reflected if actual result exists,True,True,park.ingyeom\reports\audits\html_claim_validation_core_sources_20260518_212100\park.ingyeom\reports\models\12x_model_family_comparison_260516\12x_calibration_decile_summary.csv,CatBoost,nonpromotion_only,conservative_safe_22,,,See 14x/15x/16x/17x source files; this package does not infer beyond file evidence.,file_note_match
CatBoost rerun/result should be reflected if actual result exists,True,True,park.ingyeom\reports\audits\html_claim_validation_core_sources_20260518_212100\park.ingyeom\reports\models\12x_model_family_comparison_260516\12x_calibration_decile_summary.csv,CatBoost,nonpromotion_only,conservative_safe_22,,,See 14x/15x/16x/17x source files; this package does not infer beyond file evidence.,file_note_match
CatBoost rerun/result should be reflected if actual result exists,True,True,park.ingyeom\reports\audits\html_claim_validation_core_sources_20260518_212100\park.ingyeom\reports\models\12x_model_family_comparison_260516\12x_calibration_decile_summary.csv,CatBoost,nonpromotion_only,conservative_safe_22,,,See 14x/15x/16x/17x source files; this package does not infer beyond file evidence.,file_note_match
CatBoost rerun/result should be reflected if actual result exists,True,True,park.ingyeom\reports\audits\html_claim_validation_core_sources_20260518_212100\park.ingyeom\reports\models\12x_model_family_comparison_260516\12x_calibration_decile_summary.csv,CatBoost,nonpromotion_only,conservative_safe_22,,,See 14x/15x/16x/17x source files; this package does not infer beyond file evidence.,file_note_match
CatBoost rerun/result should be reflected if actual result exists,True,True,park.ingyeom\reports\audits\html_claim_validation_core_sources_20260518_212100\park.ingyeom\reports\models\12x_model_family_comparison_260516\12x_calibration_decile_summary.csv,CatBoost,nonpromotion_only,conservative_safe_22,,,See 14x/15x/16x/17x source files; this package does not infer beyond file evidence.,file_note_match
CatBoost rerun/result should be reflected if actual result exists,True,True,park.ingyeom\reports\audits\html_claim_validation_core_sources_20260518_212100\park.ingyeom\reports\models\12x_model_family_comparison_260516\12x_calibration_decile_summary.csv,CatBoost,nonpromotion_only,conservative_safe_22,,,See 14x/15x/16x/17x source files; this package does not infer beyond file evidence.,file_note_match
CatBoost rerun/result should be reflected if actual result exists,True,True,park.ingyeom\reports\audits\html_claim_validation_core_sources_20260518_212100\park.ingyeom\reports\models\12x_model_family_comparison_260516\12x_calibration_decile_summary.csv,CatBoost,nonpromotion_only,conservative_safe_22,,,See 14x/15x/16x/17x source files; this package does not infer beyond file evidence.,file_note_match
CatBoost rerun/result should be reflected if actual result exists,True,True,park.ingyeom\reports\audits\html_claim_validation_core_sources_20260518_212100\park.ingyeom\reports\models\12x_model_family_comparison_260516\12x_calibration_decile_summary.csv,CatBoost,nonpromotion_only,conservative_safe_22,,,See 14x/15x/16x/17x source files; this package does not infer beyond file evidence.,file_note_match
CatBoost rerun/result should be reflected if actual result exists,True,True,park.ingyeom\reports\audits\html_claim_validation_core_sources_20260518_212100\park.ingyeom\reports\models\12x_model_family_comparison_260516\12x_calibration_decile_summary.csv,CatBoost,nonpromotion_only,conservative_safe_22,,,See 14x/15x/16x/17x source files; this package does not infer beyond file evidence.,file_note_match
CatBoost rerun/result should be reflected if actual result exists,True,True,park.ingyeom\reports\audits\html_claim_validation_core_sources_20260518_212100\park.ingyeom\reports\models\12x_model_family_comparison_260516\12x_calibration_decile_summary.csv,CatBoost,nonpromotion_only,conservative_safe_22,,,See 14x/15x/16x/17x source files; this package does not infer beyond file evidence.,file_note_match
CatBoost rerun/result should be reflected if actual result exists,True,True,park.ingyeom\reports\audits\html_claim_validation_core_sources_20260518_212100\park.ingyeom\reports\models\12x_model_family_comparison_260516\12x_calibration_decile_summary.csv,CatBoost,nonpromotion_only,conservative_safe_22,,,See 14x/15x/16x/17x source files; this package does not infer beyond file evidence.,file_note_match
CatBoost rerun/result should be reflected if actual result exists,True,True,park.ingyeom\reports\audits\html_claim_validation_core_sources_20260518_212100\park.ingyeom\reports\models\12x_model_family_comparison_260516\12x_calibration_decile_summary.csv,CatBoost,nonpromotion_only,conservative_safe_22,,,See 14x/15x/16x/17x source files; this package does not infer beyond file evidence.,file_note_match
CatBoost rerun/result should be reflected if actual result exists,True,True,park.ingyeom\reports\audits\html_claim_validation_core_sources_20260518_212100\park.ingyeom\reports\models\12x_model_family_comparison_260516\12x_calibration_decile_summary.csv,CatBoost,nonpromotion_only,conservative_safe_22,,,See 14x/15x/16x/17x source files; this package does not infer beyond file evidence.,file_note_match
CatBoost rerun/result should be reflected if actual result exists,True,True,park.ingyeom\reports\audits\html_claim_validation_core_sources_20260518_212100\park.ingyeom\reports\models\12x_model_family_comparison_260516\12x_calibration_decile_summary.csv,CatBoost,overall_with_promotion,conservative_safe_22,,,See 14x/15x/16x/17x source files; this package does not infer beyond file evidence.,file_note_match
CatBoost rerun/result should be reflected if actual result exists,True,True,park.ingyeom\reports\audits\html_claim_validation_core_sources_20260518_212100\park.ingyeom\reports\models\12x_model_family_comparison_260516\12x_calibration_decile_summary.csv,CatBoost,overall_with_promotion,conservative_safe_22,,,See 14x/15x/16x/17x source files; this package does not infer beyond file evidence.,file_note_match
CatBoost rerun/result should be reflected if actual result exists,True,True,park.ingyeom\reports\audits\html_claim_validation_core_sources_20260518_212100\park.ingyeom\reports\models\12x_model_family_comparison_260516\12x_calibration_decile_summary.csv,CatBoost,overall_with_promotion,conservative_safe_22,,,See 14x/15x/16x/17x source files; this package does not infer beyond file evidence.,file_note_match
CatBoost rerun/result should be reflected if actual result exists,True,True,park.ingyeom\reports\audits\html_claim_validation_core_sources_20260518_212100\park.ingyeom\reports\models\12x_model_family_comparison_260516\12x_calibration_decile_summary.csv,CatBoost,overall_with_promotion,conservative_safe_22,,,See 14x/15x/16x/17x source files; this package does not infer beyond file evidence.,file_note_match
CatBoost rerun/result should be reflected if actual result exists,True,True,park.ingyeom\reports\audits\html_claim_validation_core_sources_20260518_212100\park.ingyeom\reports\models\12x_model_family_comparison_260516\12x_calibration_decile_summary.csv,CatBoost,overall_with_promotion,conservative_safe_22,,,See 14x/15x/16x/17x source files; this package does not infer beyond file evidence.,file_note_match
CatBoost rerun/result should be reflected if actual result exists,True,True,park.ingyeom\reports\audits\html_claim_validation_core_sources_20260518_212100\park.ingyeom\reports\models\12x_model_family_comparison_260516\12x_calibration_decile_summary.csv,CatBoost,overall_with_promotion,conservative_safe_22,,,See 14x/15x/16x/17x source files; this package does not infer beyond file evidence.,file_note_match
CatBoost rerun/result should be reflected if actual result exists,True,True,park.ingyeom\reports\audits\html_claim_validation_core_sources_20260518_212100\park.ingyeom\reports\models\12x_model_family_comparison_260516\12x_calibration_decile_summary.csv,CatBoost,overall_with_promotion,conservative_safe_22,,,See 14x/15x/16x/17x source files; this package does not infer beyond file evidence.,file_note_match
CatBoost rerun/result should be reflected if actual result exists,True,True,park.ingyeom\reports\audits\html_claim_validation_core_sources_20260518_212100\park.ingyeom\reports\models\12x_model_family_comparison_260516\12x_calibration_decile_summary.csv,CatBoost,overall_with_promotion,conservative_safe_22,,,See 14x/15x/16x/17x source files; this package does not infer beyond file evidence.,file_note_match
CatBoost rerun/result should be reflected if actual result exists,True,True,park.ingyeom\reports\audits\html_claim_validation_core_sources_20260518_212100\park.ingyeom\reports\models\12x_model_family_comparison_260516\12x_calibration_decile_summary.csv,CatBoost,overall_with_promotion,conservative_safe_22,,,See 14x/15x/16x/17x source files; this package does not infer beyond file evidence.,file_note_match
CatBoost rerun/result should be reflected if actual result exists,True,True,park.ingyeom\reports\audits\html_claim_validation_core_sources_20260518_212100\park.ingyeom\reports\models\12x_model_family_comparison_260516\12x_calibration_decile_summary.csv,CatBoost,overall_with_promotion,conservative_safe_22,,,See 14x/15x/16x/17x source files; this package does not infer beyond file evidence.,file_note_match
CatBoost rerun/result should be reflected if actual result exists,True,True,park.ingyeom\reports\audits\html_claim_validation_core_sources_20260518_212100\park.ingyeom\reports\models\12x_model_family_comparison_260516\12x_calibration_decile_summary.csv,CatBoost,overall_with_promotion,conservative_safe_22,,,See 14x/15x/16x/17x source files; this package does not infer beyond file evidence.,file_note_match
CatBoost rerun/result should be reflected if actual result exists,True,True,park.ingyeom\reports\audits\html_claim_validation_core_sources_20260518_212100\park.ingyeom\reports\models\12x_model_family_comparison_260516\12x_calibration_decile_summary.csv,CatBoost,overall_with_promotion,conservative_safe_22,,,See 14x/15x/16x/17x source files; this package does not infer beyond file evidence.,file_note_match
CatBoost rerun/result should be reflected if actual result exists,True,True,park.ingyeom\reports\audits\html_claim_validation_core_sources_20260518_212100\park.ingyeom\reports\models\12x_model_family_comparison_260516\12x_calibration_decile_summary.csv,CatBoost,overall_with_promotion,conservative_safe_22,,,See 14x/15x/16x/17x source files; this package does not infer beyond file evidence.,file_note_match
CatBoost rerun/result should be reflected if actual result exists,True,True,park.ingyeom\reports\audits\html_claim_validation_core_sources_20260518_212100\park.ingyeom\reports\models\12x_model_family_comparison_260516\12x_calibration_decile_summary.csv,CatBoost,overall_with_promotion,conservative_safe_22,,,See 14x/15x/16x/17x source files; this package does not infer beyond file evidence.,file_note_match
CatBoost rerun/result should be reflected if actual result exists,True,True,park.ingyeom\reports\audits\html_claim_validation_core_sources_20260518_212100\park.ingyeom\reports\models\12x_model_family_comparison_260516\12x_calibration_decile_summary.csv,CatBoost,overall_with_promotion,conservative_safe_22,,,See 14x/15x/16x/17x source files; this package does not infer beyond file evidence.,file_note_match
CatBoost rerun/result should be reflected if actual result exists,True,True,park.ingyeom\reports\audits\html_claim_validation_core_sources_20260518_212100\park.ingyeom\reports\models\12x_model_family_comparison_260516\12x_calibration_decile_summary.csv,CatBoost,overall_with_promotion,conservative_safe_22,,,See 14x/15x/16x/17x source files; this package does not infer beyond file evidence.,file_note_match
CatBoost rerun/result should be reflected if actual result exists,True,True,park.ingyeom\reports\audits\html_claim_validation_core_sources_20260518_212100\park.ingyeom\reports\models\12x_model_family_comparison_260516\12x_calibration_decile_summary.csv,CatBoost,overall_with_promotion,conservative_safe_22,,,See 14x/15x/16x/17x source files; this package does not infer beyond file evidence.,file_note_match
CatBoost rerun/result should be reflected if actual result exists,True,True,park.ingyeom\reports\audits\html_claim_validation_core_sources_20260518_212100\park.ingyeom\reports\models\12x_model_family_comparison_260516\12x_calibration_decile_summary.csv,CatBoost,overall_with_promotion,conservative_safe_22,,,See 14x/15x/16x/17x source files; this package does not infer beyond file evidence.,file_note_match
CatBoost rerun/result should be reflected if actual result exists,True,True,park.ingyeom\reports\audits\html_claim_validation_core_sources_20260518_212100\park.ingyeom\reports\models\12x_model_family_comparison_260516\12x_calibration_decile_summary.csv,CatBoost,overall_with_promotion,conservative_safe_22,,,See 14x/15x/16x/17x source files; this package does not infer beyond file evidence.,file_note_match
CatBoost rerun/result should be reflected if actual result exists,True,True,park.ingyeom\reports\audits\html_claim_validation_core_sources_20260518_212100\park.ingyeom\reports\models\12x_model_family_comparison_260516\12x_calibration_decile_summary.csv,CatBoost,overall_with_promotion,conservative_safe_22,,,See 14x/15x/16x/17x source files; this package does not infer beyond file evidence.,file_note_match
CatBoost rerun/result should be reflected if actual result exists,True,True,park.ingyeom\reports\audits\html_claim_validation_core_sources_20260518_212100\park.ingyeom\reports\models\12x_model_family_comparison_260516\12x_calibration_decile_summary.csv,CatBoost,overall_without_promotion,conservative_safe_22,,,See 14x/15x/16x/17x source files; this package does not infer beyond file evidence.,file_note_match
CatBoost rerun/result should be reflected if actual result exists,True,True,park.ingyeom\reports\audits\html_claim_validation_core_sources_20260518_212100\park.ingyeom\reports\models\12x_model_family_comparison_260516\12x_calibration_decile_summary.csv,CatBoost,overall_without_promotion,conservative_safe_22,,,See 14x/15x/16x/17x source files; this package does not infer beyond file evidence.,file_note_match
CatBoost rerun/result should be reflected if actual result exists,True,True,park.ingyeom\reports\audits\html_claim_validation_core_sources_20260518_212100\park.ingyeom\reports\models\12x_model_family_comparison_260516\12x_calibration_decile_summary.csv,CatBoost,overall_without_promotion,conservative_safe_22,,,See 14x/15x/16x/17x source files; this package does not infer beyond file evidence.,file_note_match
CatBoost rerun/result should be reflected if actual result exists,True,True,park.ingyeom\reports\audits\html_claim_validation_core_sources_20260518_212100\park.ingyeom\reports\models\12x_model_family_comparison_260516\12x_calibration_decile_summary.csv,CatBoost,overall_without_promotion,conservative_safe_22,,,See 14x/15x/16x/17x source files; this package does not infer beyond file evidence.,file_note_match
CatBoost rerun/result should be reflected if actual result exists,True,True,park.ingyeom\reports\audits\html_claim_validation_core_sources_20260518_212100\park.ingyeom\reports\models\12x_model_family_comparison_260516\12x_calibration_decile_summary.csv,CatBoost,overall_without_promotion,conservative_safe_22,,,See 14x/15x/16x/17x source files; this package does not infer beyond file evidence.,file_note_match
CatBoost rerun/result should be reflected if actual result exists,True,True,park.ingyeom\reports\audits\html_claim_validation_core_sources_20260518_212100\park.ingyeom\reports\models\12x_model_family_comparison_260516\12x_calibration_decile_summary.csv,CatBoost,overall_without_promotion,conservative_safe_22,,,See 14x/15x/16x/17x source files; this package does not infer beyond file evidence.,file_note_match
CatBoost rerun/result should be reflected if actual result exists,True,True,park.ingyeom\reports\audits\html_claim_validation_core_sources_20260518_212100\park.ingyeom\reports\models\12x_model_family_comparison_260516\12x_calibration_decile_summary.csv,CatBoost,overall_without_promotion,conservative_safe_22,,,See 14x/15x/16x/17x source files; this package does not infer beyond file evidence.,file_note_match
CatBoost rerun/result should be reflected if actual result exists,True,True,park.ingyeom\reports\audits\html_claim_validation_core_sources_20260518_212100\park.ingyeom\reports\models\12x_model_family_comparison_260516\12x_calibration_decile_summary.csv,CatBoost,overall_without_promotion,conservative_safe_22,,,See 14x/15x/16x/17x source files; this package does not infer beyond file evidence.,file_note_match
CatBoost rerun/result should be reflected if actual result exists,True,True,park.ingyeom\reports\audits\html_claim_validation_core_sources_20260518_212100\park.ingyeom\reports\models\12x_model_family_comparison_260516\12x_calibration_decile_summary.csv,CatBoost,overall_without_promotion,conservative_safe_22,,,See 14x/15x/16x/17x source files; this package does not infer beyond file evidence.,file_note_match
CatBoost rerun/result should be reflected if actual result exists,True,True,park.ingyeom\reports\audits\html_claim_validation_core_sources_20260518_212100\park.ingyeom\reports\models\12x_model_family_comparison_260516\12x_calibration_decile_summary.csv,CatBoost,overall_without_promotion,conservative_safe_22,,,See 14x/15x/16x/17x source files; this package does not infer beyond file evidence.,file_note_match
CatBoost rerun/result should be reflected if actual result exists,True,True,park.ingyeom\reports\audits\html_claim_validation_core_sources_20260518_212100\park.ingyeom\reports\models\12x_model_family_comparison_260516\12x_calibration_decile_summary.csv,CatBoost,overall_without_promotion,conservative_safe_22,,,See 14x/15x/16x/17x source files; this package does not infer beyond file evidence.,file_note_match
CatBoost rerun/result should be reflected if actual result exists,True,True,park.ingyeom\reports\audits\html_claim_validation_core_sources_20260518_212100\park.ingyeom\reports\models\12x_model_family_comparison_260516\12x_calibration_decile_summary.csv,CatBoost,overall_without_promotion,conservative_safe_22,,,See 14x/15x/16x/17x source files; this package does not infer beyond file evidence.,file_note_match
CatBoost rerun/result should be reflected if actual result exists,True,True,park.ingyeom\reports\audits\html_claim_validation_core_sources_20260518_212100\park.ingyeom\reports\models\12x_model_family_comparison_260516\12x_calibration_decile_summary.csv,CatBoost,overall_without_promotion,conservative_safe_22,,,See 14x/15x/16x/17x source files; this package does not infer beyond file evidence.,file_note_match
CatBoost rerun/result should be reflected if actual result exists,True,True,park.ingyeom\reports\audits\html_claim_validation_core_sources_20260518_212100\park.ingyeom\reports\models\12x_model_family_comparison_260516\12x_calibration_decile_summary.csv,CatBoost,overall_without_promotion,conservative_safe_22,,,See 14x/15x/16x/17x source files; this package does not infer beyond file evidence.,file_note_match
CatBoost rerun/result should be reflected if actual result exists,True,True,park.ingyeom\reports\audits\html_claim_validation_core_sources_20260518_212100\park.ingyeom\reports\models\12x_model_family_comparison_260516\12x_calibration_decile_summary.csv,CatBoost,overall_without_promotion,conservative_safe_22,,,See 14x/15x/16x/17x source files; this package does not infer beyond file evidence.,file_note_match
CatBoost rerun/result should be reflected if actual result exists,True,True,park.ingyeom\reports\audits\html_claim_validation_core_sources_20260518_212100\park.ingyeom\reports\models\12x_model_family_comparison_260516\12x_calibration_decile_summary.csv,CatBoost,overall_without_promotion,conservative_safe_22,,,See 14x/15x/16x/17x source files; this package does not infer beyond file evidence.,file_note_match
CatBoost rerun/result should be reflected if actual result exists,True,True,park.ingyeom\reports\audits\html_claim_validation_core_sources_20260518_212100\park.ingyeom\reports\models\12x_model_family_comparison_260516\12x_calibration_decile_summary.csv,CatBoost,overall_without_promotion,conservative_safe_22,,,See 14x/15x/16x/17x source files; this package does not infer beyond file evidence.,file_note_match
CatBoost rerun/result should be reflected if actual result exists,True,True,park.ingyeom\reports\audits\html_claim_validation_core_sources_20260518_212100\park.ingyeom\reports\models\12x_model_family_comparison_260516\12x_calibration_decile_summary.csv,CatBoost,overall_without_promotion,conservative_safe_22,,,See 14x/15x/16x/17x source files; this package does not infer beyond file evidence.,file_note_match
CatBoost rerun/result should be reflected if actual result exists,True,True,park.ingyeom\reports\audits\html_claim_validation_core_sources_20260518_212100\park.ingyeom\reports\models\12x_model_family_comparison_260516\12x_calibration_decile_summary.csv,CatBoost,overall_without_promotion,conservative_safe_22,,,See 14x/15x/16x/17x source files; this package does not infer beyond file evidence.,file_note_match
CatBoost rerun/result should be reflected if actual result exists,True,True,park.ingyeom\reports\audits\html_claim_validation_core_sources_20260518_212100\park.ingyeom\reports\models\12x_model_family_comparison_260516\12x_calibration_decile_summary.csv,CatBoost,overall_without_promotion,conservative_safe_22,,,See 14x/15x/16x/17x source files; this package does not infer beyond file evidence.,file_note_match
CatBoost rerun/result should be reflected if actual result exists,True,True,park.ingyeom\reports\audits\html_claim_validation_core_sources_20260518_212100\park.ingyeom\reports\models\12x_model_family_comparison_260516\12x_calibration_decile_summary.csv,CatBoost,promotion_only,conservative_safe_22,,,See 14x/15x/16x/17x source files; this package does not infer beyond file evidence.,file_note_match
CatBoost rerun/result should be reflected if actual result exists,True,True,park.ingyeom\reports\audits\html_claim_validation_core_sources_20260518_212100\park.ingyeom\reports\models\12x_model_family_comparison_260516\12x_calibration_decile_summary.csv,CatBoost,promotion_only,conservative_safe_22,,,See 14x/15x/16x/17x source files; this package does not infer beyond file evidence.,file_note_match
CatBoost rerun/result should be reflected if actual result exists,True,True,park.ingyeom\reports\audits\html_claim_validation_core_sources_20260518_212100\park.ingyeom\reports\models\12x_model_family_comparison_260516\12x_calibration_decile_summary.csv,CatBoost,promotion_only,conservative_safe_22,,,See 14x/15x/16x/17x source files; this package does not infer beyond file evidence.,file_note_match
CatBoost rerun/result should be reflected if actual result exists,True,True,park.ingyeom\reports\audits\html_claim_validation_core_sources_20260518_212100\park.ingyeom\reports\models\12x_model_family_comparison_260516\12x_calibration_decile_summary.csv,CatBoost,promotion_only,conservative_safe_22,,,See 14x/15x/16x/17x source files; this package does not infer beyond file evidence.,file_note_match
CatBoost rerun/result should be reflected if actual result exists,True,True,park.ingyeom\reports\audits\html_claim_validation_core_sources_20260518_212100\park.ingyeom\reports\models\12x_model_family_comparison_260516\12x_calibration_decile_summary.csv,CatBoost,promotion_only,conservative_safe_22,,,See 14x/15x/16x/17x source files; this package does not infer beyond file evidence.,file_note_match
CatBoost rerun/result should be reflected if actual result exists,True,True,park.ingyeom\reports\audits\html_claim_validation_core_sources_20260518_212100\park.ingyeom\reports\models\12x_model_family_comparison_260516\12x_calibration_decile_summary.csv,CatBoost,promotion_only,conservative_safe_22,,,See 14x/15x/16x/17x source files; this package does not infer beyond file evidence.,file_note_match
CatBoost rerun/result should be reflected if actual result exists,True,True,park.ingyeom\reports\audits\html_claim_validation_core_sources_20260518_212100\park.ingyeom\reports\models\12x_model_family_comparison_260516\12x_calibration_decile_summary.csv,CatBoost,promotion_only,conservative_safe_22,,,See 14x/15x/16x/17x source files; this package does not infer beyond file evidence.,file_note_match
CatBoost rerun/result should be reflected if actual result exists,True,True,park.ingyeom\reports\audits\html_claim_validation_core_sources_20260518_212100\park.ingyeom\reports\models\12x_model_family_comparison_260516\12x_calibration_decile_summary.csv,CatBoost,promotion_only,conservative_safe_22,,,See 14x/15x/16x/17x source files; this package does not infer beyond file evidence.,file_note_match
CatBoost rerun/result should be reflected if actual result exists,True,True,park.ingyeom\reports\audits\html_claim_validation_core_sources_20260518_212100\park.ingyeom\reports\models\12x_model_family_comparison_260516\12x_calibration_decile_summary.csv,CatBoost,promotion_only,conservative_safe_22,,,See 14x/15x/16x/17x source files; this package does not infer beyond file evidence.,file_note_match
CatBoost rerun/result should be reflected if actual result exists,True,True,park.ingyeom\reports\audits\html_claim_validation_core_sources_20260518_212100\park.ingyeom\reports\models\12x_model_family_comparison_260516\12x_calibration_decile_summary.csv,CatBoost,promotion_only,conservative_safe_22,,,See 14x/15x/16x/17x source files; this package does not infer beyond file evidence.,file_note_match
CatBoost rerun/result should be reflected if actual result exists,True,True,park.ingyeom\reports\audits\html_claim_validation_core_sources_20260518_212100\park.ingyeom\reports\models\12x_model_family_comparison_260516\12x_calibration_decile_summary.csv,CatBoost,promotion_only,conservative_safe_22,,,See 14x/15x/16x/17x source files; this package does not infer beyond file evidence.,file_note_match
CatBoost rerun/result should be reflected if actual result exists,True,True,park.ingyeom\reports\audits\html_claim_validation_core_sources_20260518_212100\park.ingyeom\reports\models\12x_model_family_comparison_260516\12x_calibration_decile_summary.csv,CatBoost,promotion_only,conservative_safe_22,,,See 14x/15x/16x/17x source files; this package does not infer beyond file evidence.,file_note_match
CatBoost rerun/result should be reflected if actual result exists,True,True,park.ingyeom\reports\audits\html_claim_validation_core_sources_20260518_212100\park.ingyeom\reports\models\12x_model_family_comparison_260516\12x_calibration_decile_summary.csv,CatBoost,promotion_only,conservative_safe_22,,,See 14x/15x/16x/17x source files; this package does not infer beyond file evidence.,file_note_match
CatBoost rerun/result should be reflected if actual result exists,True,True,park.ingyeom\reports\audits\html_claim_validation_core_sources_20260518_212100\park.ingyeom\reports\models\12x_model_family_comparison_260516\12x_calibration_decile_summary.csv,CatBoost,promotion_only,conservative_safe_22,,,See 14x/15x/16x/17x source files; this package does not infer beyond file evidence.,file_note_match
CatBoost rerun/result should be reflected if actual result exists,True,True,park.ingyeom\reports\audits\html_claim_validation_core_sources_20260518_212100\park.ingyeom\reports\models\12x_model_family_comparison_260516\12x_calibration_decile_summary.csv,CatBoost,promotion_only,conservative_safe_22,,,See 14x/15x/16x/17x source files; this package does not infer beyond file evidence.,file_note_match
CatBoost rerun/result should be reflected if actual result exists,True,True,park.ingyeom\reports\audits\html_claim_validation_core_sources_20260518_212100\park.ingyeom\reports\models\12x_model_family_comparison_260516\12x_calibration_decile_summary.csv,CatBoost,promotion_only,conservative_safe_22,,,See 14x/15x/16x/17x source files; this package does not infer beyond file evidence.,file_note_match
CatBoost rerun/result should be reflected if actual result exists,True,True,park.ingyeom\reports\audits\html_claim_validation_core_sources_20260518_212100\park.ingyeom\reports\models\12x_model_family_comparison_260516\12x_calibration_decile_summary.csv,CatBoost,promotion_only,conservative_safe_22,,,See 14x/15x/16x/17x source files; this package does not infer beyond file evidence.,file_note_match
CatBoost rerun/result should be reflected if actual result exists,True,True,park.ingyeom\reports\audits\html_claim_validation_core_sources_20260518_212100\park.ingyeom\reports\models\12x_model_family_comparison_260516\12x_calibration_decile_summary.csv,CatBoost,promotion_only,conservative_safe_22,,,See 14x/15x/16x/17x source files; this package does not infer beyond file evidence.,file_note_match
CatBoost rerun/result should be reflected if actual result exists,True,True,park.ingyeom\reports\audits\html_claim_validation_core_sources_20260518_212100\park.ingyeom\reports\models\12x_model_family_comparison_260516\12x_calibration_decile_summary.csv,CatBoost,promotion_only,conservative_safe_22,,,See 14x/15x/16x/17x source files; this package does not infer beyond file evidence.,file_note_match
CatBoost rerun/result should be reflected if actual result exists,True,True,park.ingyeom\reports\audits\html_claim_validation_core_sources_20260518_212100\park.ingyeom\reports\models\12x_model_family_comparison_260516\12x_calibration_decile_summary.csv,CatBoost,promotion_only,conservative_safe_22,,,See 14x/15x/16x/17x source files; this package does not infer beyond file evidence.,file_note_match
CatBoost rerun/result should be reflected if actual result exists,True,True,park.ingyeom\reports\audits\html_claim_validation_core_sources_20260518_212100\park.ingyeom\reports\models\12x_model_family_comparison_260516\12x_calibration_decile_summary.csv,CatBoost,nonpromotion_only,expanded_feature_set,,,See 14x/15x/16x/17x source files; this package does not infer beyond file evidence.,file_note_match
CatBoost rerun/result should be reflected if actual result exists,True,True,park.ingyeom\reports\audits\html_claim_validation_core_sources_20260518_212100\park.ingyeom\reports\models\12x_model_family_comparison_260516\12x_calibration_decile_summary.csv,CatBoost,nonpromotion_only,expanded_feature_set,,,See 14x/15x/16x/17x source files; this package does not infer beyond file evidence.,file_note_match
CatBoost rerun/result should be reflected if actual result exists,True,True,park.ingyeom\reports\audits\html_claim_validation_core_sources_20260518_212100\park.ingyeom\reports\models\12x_model_family_comparison_260516\12x_calibration_decile_summary.csv,CatBoost,nonpromotion_only,expanded_feature_set,,,See 14x/15x/16x/17x source files; this package does not infer beyond file evidence.,file_note_match
CatBoost rerun/result should be reflected if actual result exists,True,True,park.ingyeom\reports\audits\html_claim_validation_core_sources_20260518_212100\park.ingyeom\reports\models\12x_model_family_comparison_260516\12x_calibration_decile_summary.csv,CatBoost,nonpromotion_only,expanded_feature_set,,,See 14x/15x/16x/17x source files; this package does not infer beyond file evidence.,file_note_match
CatBoost rerun/result should be reflected if actual result exists,True,True,park.ingyeom\reports\audits\html_claim_validation_core_sources_20260518_212100\park.ingyeom\reports\models\12x_model_family_comparison_260516\12x_calibration_decile_summary.csv,CatBoost,nonpromotion_only,expanded_feature_set,,,See 14x/15x/16x/17x source files; this package does not infer beyond file evidence.,file_note_match
CatBoost rerun/result should be reflected if actual result exists,True,True,park.ingyeom\reports\audits\html_claim_validation_core_sources_20260518_212100\park.ingyeom\reports\models\12x_model_family_comparison_260516\12x_calibration_decile_summary.csv,CatBoost,nonpromotion_only,expanded_feature_set,,,See 14x/15x/16x/17x source files; this package does not infer beyond file evidence.,file_note_match
CatBoost rerun/result should be reflected if actual result exists,True,True,park.ingyeom\reports\audits\html_claim_validation_core_sources_20260518_212100\park.ingyeom\reports\models\12x_model_family_comparison_260516\12x_calibration_decile_summary.csv,CatBoost,nonpromotion_only,expanded_feature_set,,,See 14x/15x/16x/17x source files; this package does not infer beyond file evidence.,file_note_match
CatBoost rerun/result should be reflected if actual result exists,True,True,park.ingyeom\reports\audits\html_claim_validation_core_sources_20260518_212100\park.ingyeom\reports\models\12x_model_family_comparison_260516\12x_calibration_decile_summary.csv,CatBoost,nonpromotion_only,expanded_feature_set,,,See 14x/15x/16x/17x source files; this package does not infer beyond file evidence.,file_note_match
CatBoost rerun/result should be reflected if actual result exists,True,True,park.ingyeom\reports\audits\html_claim_validation_core_sources_20260518_212100\park.ingyeom\reports\models\12x_model_family_comparison_260516\12x_calibration_decile_summary.csv,CatBoost,nonpromotion_only,expanded_feature_set,,,See 14x/15x/16x/17x source files; this package does not infer beyond file evidence.,file_note_match
CatBoost rerun/result should be reflected if actual result exists,True,True,park.ingyeom\reports\audits\html_claim_validation_core_sources_20260518_212100\park.ingyeom\reports\models\12x_model_family_comparison_260516\12x_calibration_decile_summary.csv,CatBoost,nonpromotion_only,expanded_feature_set,,,See 14x/15x/16x/17x source files; this package does not infer beyond file evidence.,file_note_match
CatBoost rerun/result should be reflected if actual result exists,True,True,park.ingyeom\reports\audits\html_claim_validation_core_sources_20260518_212100\park.ingyeom\reports\models\12x_model_family_comparison_260516\12x_calibration_decile_summary.csv,CatBoost,nonpromotion_only,expanded_feature_set,,,See 14x/15x/16x/17x source files; this package does not infer beyond file evidence.,file_note_match
CatBoost rerun/result should be reflected if actual result exists,True,True,park.ingyeom\reports\audits\html_claim_validation_core_sources_20260518_212100\park.ingyeom\reports\models\12x_model_family_comparison_260516\12x_calibration_decile_summary.csv,CatBoost,nonpromotion_only,expanded_feature_set,,,See 14x/15x/16x/17x source files; this package does not infer beyond file evidence.,file_note_match
CatBoost rerun/result should be reflected if actual result exists,True,True,park.ingyeom\reports\audits\html_claim_validation_core_sources_20260518_212100\park.ingyeom\reports\models\12x_model_family_comparison_260516\12x_calibration_decile_summary.csv,CatBoost,nonpromotion_only,expanded_feature_set,,,See 14x/15x/16x/17x source files; this package does not infer beyond file evidence.,file_note_match
CatBoost rerun/result should be reflected if actual result exists,True,True,park.ingyeom\reports\audits\html_claim_validation_core_sources_20260518_212100\park.ingyeom\reports\models\12x_model_family_comparison_260516\12x_calibration_decile_summary.csv,CatBoost,nonpromotion_only,expanded_feature_set,,,See 14x/15x/16x/17x source files; this package does not infer beyond file evidence.,file_note_match
CatBoost rerun/result should be reflected if actual result exists,True,True,park.ingyeom\reports\audits\html_claim_validation_core_sources_20260518_212100\park.ingyeom\reports\models\12x_model_family_comparison_260516\12x_calibration_decile_summary.csv,CatBoost,nonpromotion_only,expanded_feature_set,,,See 14x/15x/16x/17x source files; this package does not infer beyond file evidence.,file_note_match
CatBoost rerun/result should be reflected if actual result exists,True,True,park.ingyeom\reports\audits\html_claim_validation_core_sources_20260518_212100\park.ingyeom\reports\models\12x_model_family_comparison_260516\12x_calibration_decile_summary.csv,CatBoost,nonpromotion_only,expanded_feature_set,,,See 14x/15x/16x/17x source files; this package does not infer beyond file evidence.,file_note_match
CatBoost rerun/result should be reflected if actual result exists,True,True,park.ingyeom\reports\audits\html_claim_validation_core_sources_20260518_212100\park.ingyeom\reports\models\12x_model_family_comparison_260516\12x_calibration_decile_summary.csv,CatBoost,nonpromotion_only,expanded_feature_set,,,See 14x/15x/16x/17x source files; this package does not infer beyond file evidence.,file_note_match
CatBoost rerun/result should be reflected if actual result exists,True,True,park.ingyeom\reports\audits\html_claim_validation_core_sources_20260518_212100\park.ingyeom\reports\models\12x_model_family_comparison_260516\12x_calibration_decile_summary.csv,CatBoost,nonpromotion_only,expanded_feature_set,,,See 14x/15x/16x/17x source files; this package does not infer beyond file evidence.,file_note_match
CatBoost rerun/result should be reflected if actual result exists,True,True,park.ingyeom\reports\audits\html_claim_validation_core_sources_20260518_212100\park.ingyeom\reports\models\12x_model_family_comparison_260516\12x_calibration_decile_summary.csv,CatBoost,nonpromotion_only,expanded_feature_set,,,See 14x/15x/16x/17x source files; this package does not infer beyond file evidence.,file_note_match
CatBoost rerun/result should be reflected if actual result exists,True,True,park.ingyeom\reports\audits\html_claim_validation_core_sources_20260518_212100\park.ingyeom\reports\models\12x_model_family_comparison_260516\12x_calibration_decile_summary.csv,CatBoost,nonpromotion_only,expanded_feature_set,,,See 14x/15x/16x/17x source files; this package does not infer beyond file evidence.,file_note_match
CatBoost rerun/result should be reflected if actual result exists,True,True,park.ingyeom\reports\audits\html_claim_validation_core_sources_20260518_212100\park.ingyeom\reports\models\12x_model_family_comparison_260516\12x_calibration_decile_summary.csv,CatBoost,overall_with_promotion,expanded_feature_set,,,See 14x/15x/16x/17x source files; this package does not infer beyond file evidence.,file_note_match
CatBoost rerun/result should be reflected if actual result exists,True,True,park.ingyeom\reports\audits\html_claim_validation_core_sources_20260518_212100\park.ingyeom\reports\models\12x_model_family_comparison_260516\12x_calibration_decile_summary.csv,CatBoost,overall_with_promotion,expanded_feature_set,,,See 14x/15x/16x/17x source files; this package does not infer beyond file evidence.,file_note_match
CatBoost rerun/result should be reflected if actual result exists,True,True,park.ingyeom\reports\audits\html_claim_validation_core_sources_20260518_212100\park.ingyeom\reports\models\12x_model_family_comparison_260516\12x_calibration_decile_summary.csv,CatBoost,overall_with_promotion,expanded_feature_set,,,See 14x/15x/16x/17x source files; this package does not infer beyond file evidence.,file_note_match
CatBoost rerun/result should be reflected if actual result exists,True,True,park.ingyeom\reports\audits\html_claim_validation_core_sources_20260518_212100\park.ingyeom\reports\models\12x_model_family_comparison_260516\12x_calibration_decile_summary.csv,CatBoost,overall_with_promotion,expanded_feature_set,,,See 14x/15x/16x/17x source files; this package does not infer beyond file evidence.,file_note_match
CatBoost rerun/result should be reflected if actual result exists,True,True,park.ingyeom\reports\audits\html_claim_validation_core_sources_20260518_212100\park.ingyeom\reports\models\12x_model_family_comparison_260516\12x_calibration_decile_summary.csv,CatBoost,overall_with_promotion,expanded_feature_set,,,See 14x/15x/16x/17x source files; this package does not infer beyond file evidence.,file_note_match
CatBoost rerun/result should be reflected if actual result exists,True,True,park.ingyeom\reports\audits\html_claim_validation_core_sources_20260518_212100\park.ingyeom\reports\models\12x_model_family_comparison_260516\12x_calibration_decile_summary.csv,CatBoost,overall_with_promotion,expanded_feature_set,,,See 14x/15x/16x/17x source files; this package does not infer beyond file evidence.,file_note_match
CatBoost rerun/result should be reflected if actual result exists,True,True,park.ingyeom\reports\audits\html_claim_validation_core_sources_20260518_212100\park.ingyeom\reports\models\12x_model_family_comparison_260516\12x_calibration_decile_summary.csv,CatBoost,overall_with_promotion,expanded_feature_set,,,See 14x/15x/16x/17x source files; this package does not infer beyond file evidence.,file_note_match
CatBoost rerun/result should be reflected if actual result exists,True,True,park.ingyeom\reports\audits\html_claim_validation_core_sources_20260518_212100\park.ingyeom\reports\models\12x_model_family_comparison_260516\12x_calibration_decile_summary.csv,CatBoost,overall_with_promotion,expanded_feature_set,,,See 14x/15x/16x/17x source files; this package does not infer beyond file evidence.,file_note_match
CatBoost rerun/result should be reflected if actual result exists,True,True,park.ingyeom\reports\audits\html_claim_validation_core_sources_20260518_212100\park.ingyeom\reports\models\12x_model_family_comparison_260516\12x_calibration_decile_summary.csv,CatBoost,overall_with_promotion,expanded_feature_set,,,See 14x/15x/16x/17x source files; this package does not infer beyond file evidence.,file_note_match
CatBoost rerun/result should be reflected if actual result exists,True,True,park.ingyeom\reports\audits\html_claim_validation_core_sources_20260518_212100\park.ingyeom\reports\models\12x_model_family_comparison_260516\12x_calibration_decile_summary.csv,CatBoost,overall_with_promotion,expanded_feature_set,,,See 14x/15x/16x/17x source files; this package does not infer beyond file evidence.,file_note_match
CatBoost rerun/result should be reflected if actual result exists,True,True,park.ingyeom\reports\audits\html_claim_validation_core_sources_20260518_212100\park.ingyeom\reports\models\12x_model_family_comparison_260516\12x_calibration_decile_summary.csv,CatBoost,overall_with_promotion,expanded_feature_set,,,See 14x/15x/16x/17x source files; this package does not infer beyond file evidence.,file_note_match
CatBoost rerun/result should be reflected if actual result exists,True,True,park.ingyeom\reports\audits\html_claim_validation_core_sources_20260518_212100\park.ingyeom\reports\models\12x_model_family_comparison_260516\12x_calibration_decile_summary.csv,CatBoost,overall_with_promotion,expanded_feature_set,,,See 14x/15x/16x/17x source files; this package does not infer beyond file evidence.,file_note_match
CatBoost rerun/result should be reflected if actual result exists,True,True,park.ingyeom\reports\audits\html_claim_validation_core_sources_20260518_212100\park.ingyeom\reports\models\12x_model_family_comparison_260516\12x_calibration_decile_summary.csv,CatBoost,overall_with_promotion,expanded_feature_set,,,See 14x/15x/16x/17x source files; this package does not infer beyond file evidence.,file_note_match
CatBoost rerun/result should be reflected if actual result exists,True,True,park.ingyeom\reports\audits\html_claim_validation_core_sources_20260518_212100\park.ingyeom\reports\models\12x_model_family_comparison_260516\12x_calibration_decile_summary.csv,CatBoost,overall_with_promotion,expanded_feature_set,,,See 14x/15x/16x/17x source files; this package does not infer beyond file evidence.,file_note_match
CatBoost rerun/result should be reflected if actual result exists,True,True,park.ingyeom\reports\audits\html_claim_validation_core_sources_20260518_212100\park.ingyeom\reports\models\12x_model_family_comparison_260516\12x_calibration_decile_summary.csv,CatBoost,overall_with_promotion,expanded_feature_set,,,See 14x/15x/16x/17x source files; this package does not infer beyond file evidence.,file_note_match
CatBoost rerun/result should be reflected if actual result exists,True,True,park.ingyeom\reports\audits\html_claim_validation_core_sources_20260518_212100\park.ingyeom\reports\models\12x_model_family_comparison_260516\12x_calibration_decile_summary.csv,CatBoost,overall_with_promotion,expanded_feature_set,,,See 14x/15x/16x/17x source files; this package does not infer beyond file evidence.,file_note_match
CatBoost rerun/result should be reflected if actual result exists,True,True,park.ingyeom\reports\audits\html_claim_validation_core_sources_20260518_212100\park.ingyeom\reports\models\12x_model_family_comparison_260516\12x_calibration_decile_summary.csv,CatBoost,overall_with_promotion,expanded_feature_set,,,See 14x/15x/16x/17x source files; this package does not infer beyond file evidence.,file_note_match
CatBoost rerun/result should be reflected if actual result exists,True,True,park.ingyeom\reports\audits\html_claim_validation_core_sources_20260518_212100\park.ingyeom\reports\models\12x_model_family_comparison_260516\12x_calibration_decile_summary.csv,CatBoost,overall_with_promotion,expanded_feature_set,,,See 14x/15x/16x/17x source files; this package does not infer beyond file evidence.,file_note_match
CatBoost rerun/result should be reflected if actual result exists,True,True,park.ingyeom\reports\audits\html_claim_validation_core_sources_20260518_212100\park.ingyeom\reports\models\12x_model_family_comparison_260516\12x_calibration_decile_summary.csv,CatBoost,overall_with_promotion,expanded_feature_set,,,See 14x/15x/16x/17x source files; this package does not infer beyond file evidence.,file_note_match
CatBoost rerun/result should be reflected if actual result exists,True,True,park.ingyeom\reports\audits\html_claim_validation_core_sources_20260518_212100\park.ingyeom\reports\models\12x_model_family_comparison_260516\12x_calibration_decile_summary.csv,CatBoost,overall_with_promotion,expanded_feature_set,,,See 14x/15x/16x/17x source files; this package does not infer beyond file evidence.,file_note_match
CatBoost rerun/result should be reflected if actual result exists,True,True,park.ingyeom\reports\audits\html_claim_validation_core_sources_20260518_212100\park.ingyeom\reports\models\12x_model_family_comparison_260516\12x_calibration_decile_summary.csv,CatBoost,overall_without_promotion,expanded_feature_set,,,See 14x/15x/16x/17x source files; this package does not infer beyond file evidence.,file_note_match
CatBoost rerun/result should be reflected if actual result exists,True,True,park.ingyeom\reports\audits\html_claim_validation_core_sources_20260518_212100\park.ingyeom\reports\models\12x_model_family_comparison_260516\12x_calibration_decile_summary.csv,CatBoost,overall_without_promotion,expanded_feature_set,,,See 14x/15x/16x/17x source files; this package does not infer beyond file evidence.,file_note_match
CatBoost rerun/result should be reflected if actual result exists,True,True,park.ingyeom\reports\audits\html_claim_validation_core_sources_20260518_212100\park.ingyeom\reports\models\12x_model_family_comparison_260516\12x_calibration_decile_summary.csv,CatBoost,overall_without_promotion,expanded_feature_set,,,See 14x/15x/16x/17x source files; this package does not infer beyond file evidence.,file_note_match
CatBoost rerun/result should be reflected if actual result exists,True,True,park.ingyeom\reports\audits\html_claim_validation_core_sources_20260518_212100\park.ingyeom\reports\models\12x_model_family_comparison_260516\12x_calibration_decile_summary.csv,CatBoost,overall_without_promotion,expanded_feature_set,,,See 14x/15x/16x/17x source files; this package does not infer beyond file evidence.,file_note_match
CatBoost rerun/result should be reflected if actual result exists,True,True,park.ingyeom\reports\audits\html_claim_validation_core_sources_20260518_212100\park.ingyeom\reports\models\12x_model_family_comparison_260516\12x_calibration_decile_summary.csv,CatBoost,overall_without_promotion,expanded_feature_set,,,See 14x/15x/16x/17x source files; this package does not infer beyond file evidence.,file_note_match
CatBoost rerun/result should be reflected if actual result exists,True,True,park.ingyeom\reports\audits\html_claim_validation_core_sources_20260518_212100\park.ingyeom\reports\models\12x_model_family_comparison_260516\12x_calibration_decile_summary.csv,CatBoost,overall_without_promotion,expanded_feature_set,,,See 14x/15x/16x/17x source files; this package does not infer beyond file evidence.,file_note_match
CatBoost rerun/result should be reflected if actual result exists,True,True,park.ingyeom\reports\audits\html_claim_validation_core_sources_20260518_212100\park.ingyeom\reports\models\12x_model_family_comparison_260516\12x_calibration_decile_summary.csv,CatBoost,overall_without_promotion,expanded_feature_set,,,See 14x/15x/16x/17x source files; this package does not infer beyond file evidence.,file_note_match
CatBoost rerun/result should be reflected if actual result exists,True,True,park.ingyeom\reports\audits\html_claim_validation_core_sources_20260518_212100\park.ingyeom\reports\models\12x_model_family_comparison_260516\12x_calibration_decile_summary.csv,CatBoost,overall_without_promotion,expanded_feature_set,,,See 14x/15x/16x/17x source files; this package does not infer beyond file evidence.,file_note_match
CatBoost rerun/result should be reflected if actual result exists,True,True,park.ingyeom\reports\audits\html_claim_validation_core_sources_20260518_212100\park.ingyeom\reports\models\12x_model_family_comparison_260516\12x_calibration_decile_summary.csv,CatBoost,overall_without_promotion,expanded_feature_set,,,See 14x/15x/16x/17x source files; this package does not infer beyond file evidence.,file_note_match
CatBoost rerun/result should be reflected if actual result exists,True,True,park.ingyeom\reports\audits\html_claim_validation_core_sources_20260518_212100\park.ingyeom\reports\models\12x_model_family_comparison_260516\12x_calibration_decile_summary.csv,CatBoost,overall_without_promotion,expanded_feature_set,,,See 14x/15x/16x/17x source files; this package does not infer beyond file evidence.,file_note_match
CatBoost rerun/result should be reflected if actual result exists,True,True,park.ingyeom\reports\audits\html_claim_validation_core_sources_20260518_212100\park.ingyeom\reports\models\12x_model_family_comparison_260516\12x_calibration_decile_summary.csv,CatBoost,overall_without_promotion,expanded_feature_set,,,See 14x/15x/16x/17x source files; this package does not infer beyond file evidence.,file_note_match
CatBoost rerun/result should be reflected if actual result exists,True,True,park.ingyeom\reports\audits\html_claim_validation_core_sources_20260518_212100\park.ingyeom\reports\models\12x_model_family_comparison_260516\12x_calibration_decile_summary.csv,CatBoost,overall_without_promotion,expanded_feature_set,,,See 14x/15x/16x/17x source files; this package does not infer beyond file evidence.,file_note_match
CatBoost rerun/result should be reflected if actual result exists,True,True,park.ingyeom\reports\audits\html_claim_validation_core_sources_20260518_212100\park.ingyeom\reports\models\12x_model_family_comparison_260516\12x_calibration_decile_summary.csv,CatBoost,overall_without_promotion,expanded_feature_set,,,See 14x/15x/16x/17x source files; this package does not infer beyond file evidence.,file_note_match
CatBoost rerun/result should be reflected if actual result exists,True,True,park.ingyeom\reports\audits\html_claim_validation_core_sources_20260518_212100\park.ingyeom\reports\models\12x_model_family_comparison_260516\12x_calibration_decile_summary.csv,CatBoost,overall_without_promotion,expanded_feature_set,,,See 14x/15x/16x/17x source files; this package does not infer beyond file evidence.,file_note_match
CatBoost rerun/result should be reflected if actual result exists,True,True,park.ingyeom\reports\audits\html_claim_validation_core_sources_20260518_212100\park.ingyeom\reports\models\12x_model_family_comparison_260516\12x_calibration_decile_summary.csv,CatBoost,overall_without_promotion,expanded_feature_set,,,See 14x/15x/16x/17x source files; this package does not infer beyond file evidence.,file_note_match
CatBoost rerun/result should be reflected if actual result exists,True,True,park.ingyeom\reports\audits\html_claim_validation_core_sources_20260518_212100\park.ingyeom\reports\models\12x_model_family_comparison_260516\12x_calibration_decile_summary.csv,CatBoost,overall_without_promotion,expanded_feature_set,,,See 14x/15x/16x/17x source files; this package does not infer beyond file evidence.,file_note_match
CatBoost rerun/result should be reflected if actual result exists,True,True,park.ingyeom\reports\audits\html_claim_validation_core_sources_20260518_212100\park.ingyeom\reports\models\12x_model_family_comparison_260516\12x_calibration_decile_summary.csv,CatBoost,overall_without_promotion,expanded_feature_set,,,See 14x/15x/16x/17x source files; this package does not infer beyond file evidence.,file_note_match
CatBoost rerun/result should be reflected if actual result exists,True,True,park.ingyeom\reports\audits\html_claim_validation_core_sources_20260518_212100\park.ingyeom\reports\models\12x_model_family_comparison_260516\12x_calibration_decile_summary.csv,CatBoost,overall_without_promotion,expanded_feature_set,,,See 14x/15x/16x/17x source files; this package does not infer beyond file evidence.,file_note_match
CatBoost rerun/result should be reflected if actual result exists,True,True,park.ingyeom\reports\audits\html_claim_validation_core_sources_20260518_212100\park.ingyeom\reports\models\12x_model_family_comparison_260516\12x_calibration_decile_summary.csv,CatBoost,overall_without_promotion,expanded_feature_set,,,See 14x/15x/16x/17x source files; this package does not infer beyond file evidence.,file_note_match
CatBoost rerun/result should be reflected if actual result exists,True,True,park.ingyeom\reports\audits\html_claim_validation_core_sources_20260518_212100\park.ingyeom\reports\models\12x_model_family_comparison_260516\12x_calibration_decile_summary.csv,CatBoost,overall_without_promotion,expanded_feature_set,,,See 14x/15x/16x/17x source files; this package does not infer beyond file evidence.,file_note_match
CatBoost rerun/result should be reflected if actual result exists,True,True,park.ingyeom\reports\audits\html_claim_validation_core_sources_20260518_212100\park.ingyeom\reports\models\12x_model_family_comparison_260516\12x_calibration_decile_summary.csv,CatBoost,promotion_only,expanded_feature_set,,,See 14x/15x/16x/17x source files; this package does not infer beyond file evidence.,file_note_match
CatBoost rerun/result should be reflected if actual result exists,True,True,park.ingyeom\reports\audits\html_claim_validation_core_sources_20260518_212100\park.ingyeom\reports\models\12x_model_family_comparison_260516\12x_calibration_decile_summary.csv,CatBoost,promotion_only,expanded_feature_set,,,See 14x/15x/16x/17x source files; this package does not infer beyond file evidence.,file_note_match
CatBoost rerun/result should be reflected if actual result exists,True,True,park.ingyeom\reports\audits\html_claim_validation_core_sources_20260518_212100\park.ingyeom\reports\models\12x_model_family_comparison_260516\12x_calibration_decile_summary.csv,CatBoost,promotion_only,expanded_feature_set,,,See 14x/15x/16x/17x source files; this package does not infer beyond file evidence.,file_note_match
CatBoost rerun/result should be reflected if actual result exists,True,True,park.ingyeom\reports\audits\html_claim_validation_core_sources_20260518_212100\park.ingyeom\reports\models\12x_model_family_comparison_260516\12x_calibration_decile_summary.csv,CatBoost,promotion_only,expanded_feature_set,,,See 14x/15x/16x/17x source files; this package does not infer beyond file evidence.,file_note_match
CatBoost rerun/result should be reflected if actual result exists,True,True,park.ingyeom\reports\audits\html_claim_validation_core_sources_20260518_212100\park.ingyeom\reports\models\12x_model_family_comparison_260516\12x_calibration_decile_summary.csv,CatBoost,promotion_only,expanded_feature_set,,,See 14x/15x/16x/17x source files; this package does not infer beyond file evidence.,file_note_match
CatBoost rerun/result should be reflected if actual result exists,True,True,park.ingyeom\reports\audits\html_claim_validation_core_sources_20260518_212100\park.ingyeom\reports\models\12x_model_family_comparison_260516\12x_calibration_decile_summary.csv,CatBoost,promotion_only,expanded_feature_set,,,See 14x/15x/16x/17x source files; this package does not infer beyond file evidence.,file_note_match
CatBoost rerun/result should be reflected if actual result exists,True,True,park.ingyeom\reports\audits\html_claim_validation_core_sources_20260518_212100\park.ingyeom\reports\models\12x_model_family_comparison_260516\12x_calibration_decile_summary.csv,CatBoost,promotion_only,expanded_feature_set,,,See 14x/15x/16x/17x source files; this package does not infer beyond file evidence.,file_note_match
CatBoost rerun/result should be reflected if actual result exists,True,True,park.ingyeom\reports\audits\html_claim_validation_core_sources_20260518_212100\park.ingyeom\reports\models\12x_model_family_comparison_260516\12x_calibration_decile_summary.csv,CatBoost,promotion_only,expanded_feature_set,,,See 14x/15x/16x/17x source files; this package does not infer beyond file evidence.,file_note_match
CatBoost rerun/result should be reflected if actual result exists,True,True,park.ingyeom\reports\audits\html_claim_validation_core_sources_20260518_212100\park.ingyeom\reports\models\12x_model_family_comparison_260516\12x_calibration_decile_summary.csv,CatBoost,promotion_only,expanded_feature_set,,,See 14x/15x/16x/17x source files; this package does not infer beyond file evidence.,file_note_match
CatBoost rerun/result should be reflected if actual result exists,True,True,park.ingyeom\reports\audits\html_claim_validation_core_sources_20260518_212100\park.ingyeom\reports\models\12x_model_family_comparison_260516\12x_calibration_decile_summary.csv,CatBoost,promotion_only,expanded_feature_set,,,See 14x/15x/16x/17x source files; this package does not infer beyond file evidence.,file_note_match
CatBoost rerun/result should be reflected if actual result exists,True,True,park.ingyeom\reports\audits\html_claim_validation_core_sources_20260518_212100\park.ingyeom\reports\models\12x_model_family_comparison_260516\12x_calibration_decile_summary.csv,CatBoost,promotion_only,expanded_feature_set,,,See 14x/15x/16x/17x source files; this package does not infer beyond file evidence.,file_note_match
CatBoost rerun/result should be reflected if actual result exists,True,True,park.ingyeom\reports\audits\html_claim_validation_core_sources_20260518_212100\park.ingyeom\reports\models\12x_model_family_comparison_260516\12x_calibration_decile_summary.csv,CatBoost,promotion_only,expanded_feature_set,,,See 14x/15x/16x/17x source files; this package does not infer beyond file evidence.,file_note_match
CatBoost rerun/result should be reflected if actual result exists,True,True,park.ingyeom\reports\audits\html_claim_validation_core_sources_20260518_212100\park.ingyeom\reports\models\12x_model_family_comparison_260516\12x_calibration_decile_summary.csv,CatBoost,promotion_only,expanded_feature_set,,,See 14x/15x/16x/17x source files; this package does not infer beyond file evidence.,file_note_match
CatBoost rerun/result should be reflected if actual result exists,True,True,park.ingyeom\reports\audits\html_claim_validation_core_sources_20260518_212100\park.ingyeom\reports\models\12x_model_family_comparison_260516\12x_calibration_decile_summary.csv,CatBoost,promotion_only,expanded_feature_set,,,See 14x/15x/16x/17x source files; this package does not infer beyond file evidence.,file_note_match
CatBoost rerun/result should be reflected if actual result exists,True,True,park.ingyeom\reports\audits\html_claim_validation_core_sources_20260518_212100\park.ingyeom\reports\models\12x_model_family_comparison_260516\12x_calibration_decile_summary.csv,CatBoost,promotion_only,expanded_feature_set,,,See 14x/15x/16x/17x source files; this package does not infer beyond file evidence.,file_note_match
CatBoost rerun/result should be reflected if actual result exists,True,True,park.ingyeom\reports\audits\html_claim_validation_core_sources_20260518_212100\park.ingyeom\reports\models\12x_model_family_comparison_260516\12x_calibration_decile_summary.csv,CatBoost,promotion_only,expanded_feature_set,,,See 14x/15x/16x/17x source files; this package does not infer beyond file evidence.,file_note_match
CatBoost rerun/result should be reflected if actual result exists,True,True,park.ingyeom\reports\audits\html_claim_validation_core_sources_20260518_212100\park.ingyeom\reports\models\12x_model_family_comparison_260516\12x_calibration_decile_summary.csv,CatBoost,promotion_only,expanded_feature_set,,,See 14x/15x/16x/17x source files; this package does not infer beyond file evidence.,file_note_match
CatBoost rerun/result should be reflected if actual result exists,True,True,park.ingyeom\reports\audits\html_claim_validation_core_sources_20260518_212100\park.ingyeom\reports\models\12x_model_family_comparison_260516\12x_calibration_decile_summary.csv,CatBoost,promotion_only,expanded_feature_set,,,See 14x/15x/16x/17x source files; this package does not infer beyond file evidence.,file_note_match
CatBoost rerun/result should be reflected if actual result exists,True,True,park.ingyeom\reports\audits\html_claim_validation_core_sources_20260518_212100\park.ingyeom\reports\models\12x_model_family_comparison_260516\12x_calibration_decile_summary.csv,CatBoost,promotion_only,expanded_feature_set,,,See 14x/15x/16x/17x source files; this package does not infer beyond file evidence.,file_note_match
CatBoost rerun/result should be reflected if actual result exists,True,True,park.ingyeom\reports\audits\html_claim_validation_core_sources_20260518_212100\park.ingyeom\reports\models\12x_model_family_comparison_260516\12x_calibration_decile_summary.csv,CatBoost,promotion_only,expanded_feature_set,,,See 14x/15x/16x/17x source files; this package does not infer beyond file evidence.,file_note_match
CatBoost rerun/result should be reflected if actual result exists,True,True,park.ingyeom\reports\audits\html_claim_validation_core_sources_20260518_212100\park.ingyeom\reports\models\12x_model_family_comparison_260516\12x_conservative_vs_expanded_comparison.csv,CatBoost,overall_without_promotion,,0.8075074051657329,0.0045747429289404,See 14x/15x/16x/17x source files; this package does not infer beyond file evidence.,file_note_match
CatBoost rerun/result should be reflected if actual result exists,True,True,park.ingyeom\reports\audits\html_claim_validation_core_sources_20260518_212100\park.ingyeom\reports\models\12x_model_family_comparison_260516\12x_conservative_vs_expanded_comparison.csv,CatBoost,overall_with_promotion,,0.8075074051657329,0.0045747429289404,See 14x/15x/16x/17x source files; this package does not infer beyond file evidence.,file_note_match
CatBoost rerun/result should be reflected if actual result exists,True,True,park.ingyeom\reports\audits\html_claim_validation_core_sources_20260518_212100\park.ingyeom\reports\models\12x_model_family_comparison_260516\12x_conservative_vs_expanded_comparison.csv,CatBoost,promotion_only,,0.7930239020274701,0.0098619576510471,See 14x/15x/16x/17x source files; this package does not infer beyond file evidence.,file_note_match
CatBoost rerun/result should be reflected if actual result exists,True,True,park.ingyeom\reports\audits\html_claim_validation_core_sources_20260518_212100\park.ingyeom\reports\models\12x_model_family_comparison_260516\12x_conservative_vs_expanded_comparison.csv,CatBoost,nonpromotion_only,,0.830274572734587,0.0095403208119287,See 14x/15x/16x/17x source files; this package does not infer beyond file evidence.,file_note_match
CatBoost rerun/result should be reflected if actual result exists,True,True,park.ingyeom\reports\audits\html_claim_validation_core_sources_20260518_212100\park.ingyeom\reports\models\12x_model_family_comparison_260516\12x_cv_fold_metrics.csv,CatBoost,overall_without_promotion,conservative_safe_22,0.8140769798072445,0.0117652290811249,See 14x/15x/16x/17x source files; this package does not infer beyond file evidence.,file_note_match
CatBoost rerun/result should be reflected if actual result exists,True,True,park.ingyeom\reports\audits\html_claim_validation_core_sources_20260518_212100\park.ingyeom\reports\models\12x_model_family_comparison_260516\12x_cv_fold_metrics.csv,CatBoost,overall_without_promotion,conservative_safe_22,0.8109675725561647,-0.0004760398308775,See 14x/15x/16x/17x source files; this package does not infer beyond file evidence.,file_note_match
CatBoost rerun/result should be reflected if actual result exists,True,True,park.ingyeom\reports\audits\html_claim_validation_core_sources_20260518_212100\park.ingyeom\reports\models\12x_model_family_comparison_260516\12x_cv_fold_metrics.csv,CatBoost,overall_without_promotion,conservative_safe_22,0.8109554121272796,-0.0020447564870993,See 14x/15x/16x/17x source files; this package does not infer beyond file evidence.,file_note_match
CatBoost rerun/result should be reflected if actual result exists,True,True,park.ingyeom\reports\audits\html_claim_validation_core_sources_20260518_212100\park.ingyeom\reports\models\12x_model_family_comparison_260516\12x_cv_fold_metrics.csv,CatBoost,overall_without_promotion,conservative_safe_22,0.811694958972827,0.0003957527821499,See 14x/15x/16x/17x source files; this package does not infer beyond file evidence.,file_note_match
CatBoost rerun/result should be reflected if actual result exists,True,True,park.ingyeom\reports\audits\html_claim_validation_core_sources_20260518_212100\park.ingyeom\reports\models\12x_model_family_comparison_260516\12x_cv_fold_metrics.csv,CatBoost,overall_without_promotion,conservative_safe_22,0.8143075887963054,0.0132335290994036,See 14x/15x/16x/17x source files; this package does not infer beyond file evidence.,file_note_match
CatBoost rerun/result should be reflected if actual result exists,True,True,park.ingyeom\reports\audits\html_claim_validation_core_sources_20260518_212100\park.ingyeom\reports\models\12x_model_family_comparison_260516\12x_cv_fold_metrics.csv,CatBoost,overall_with_promotion,conservative_safe_22,0.8140769798072445,0.0117652290811249,See 14x/15x/16x/17x source files; this package does not infer beyond file evidence.,file_note_match
CatBoost rerun/result should be reflected if actual result exists,True,True,park.ingyeom\reports\audits\html_claim_validation_core_sources_20260518_212100\park.ingyeom\reports\models\12x_model_family_comparison_260516\12x_cv_fold_metrics.csv,CatBoost,overall_with_promotion,conservative_safe_22,0.8109675725561647,-0.0004760398308775,See 14x/15x/16x/17x source files; this package does not infer beyond file evidence.,file_note_match
CatBoost rerun/result should be reflected if actual result exists,True,True,park.ingyeom\reports\audits\html_claim_validation_core_sources_20260518_212100\park.ingyeom\reports\models\12x_model_family_comparison_260516\12x_cv_fold_metrics.csv,CatBoost,overall_with_promotion,conservative_safe_22,0.8109554121272796,-0.0020447564870993,See 14x/15x/16x/17x source files; this package does not infer beyond file evidence.,file_note_match
CatBoost rerun/result should be reflected if actual result exists,True,True,park.ingyeom\reports\audits\html_claim_validation_core_sources_20260518_212100\park.ingyeom\reports\models\12x_model_family_comparison_260516\12x_cv_fold_metrics.csv,CatBoost,overall_with_promotion,conservative_safe_22,0.811694958972827,0.0003957527821499,See 14x/15x/16x/17x source files; this package does not infer beyond file evidence.,file_note_match
CatBoost rerun/result should be reflected if actual result exists,True,True,park.ingyeom\reports\audits\html_claim_validation_core_sources_20260518_212100\park.ingyeom\reports\models\12x_model_family_comparison_260516\12x_cv_fold_metrics.csv,CatBoost,overall_with_promotion,conservative_safe_22,0.8143075887963054,0.0132335290994036,See 14x/15x/16x/17x source files; this package does not infer beyond file evidence.,file_note_match
CatBoost rerun/result should be reflected if actual result exists,True,True,park.ingyeom\reports\audits\html_claim_validation_core_sources_20260518_212100\park.ingyeom\reports\models\12x_model_family_comparison_260516\12x_cv_fold_metrics.csv,CatBoost,promotion_only,conservative_safe_22,0.8021142910872341,0.0064572898217757,See 14x/15x/16x/17x source files; this package does not infer beyond file evidence.,file_note_match
CatBoost rerun/result should be reflected if actual result exists,True,True,park.ingyeom\reports\audits\html_claim_validation_core_sources_20260518_212100\park.ingyeom\reports\models\12x_model_family_comparison_260516\12x_cv_fold_metrics.csv,CatBoost,promotion_only,conservative_safe_22,0.8057629868537917,0.0202782657564359,See 14x/15x/16x/17x source files; this package does not infer beyond file evidence.,file_note_match
CatBoost rerun/result should be reflected if actual result exists,True,True,park.ingyeom\reports\audits\html_claim_validation_core_sources_20260518_212100\park.ingyeom\reports\models\12x_model_family_comparison_260516\12x_cv_fold_metrics.csv,CatBoost,promotion_only,conservative_safe_22,0.803260461978786,0.0067138205466943,See 14x/15x/16x/17x source files; this package does not infer beyond file evidence.,file_note_match
CatBoost rerun/result should be reflected if actual result exists,True,True,park.ingyeom\reports\audits\html_claim_validation_core_sources_20260518_212100\park.ingyeom\reports\models\12x_model_family_comparison_260516\12x_cv_fold_metrics.csv,CatBoost,promotion_only,conservative_safe_22,0.8017007010995647,6.286827146717577e-05,See 14x/15x/16x/17x source files; this package does not infer beyond file evidence.,file_note_match
CatBoost rerun/result should be reflected if actual result exists,True,True,park.ingyeom\reports\audits\html_claim_validation_core_sources_20260518_212100\park.ingyeom\reports\models\12x_model_family_comparison_260516\12x_cv_fold_metrics.csv,CatBoost,promotion_only,conservative_safe_22,0.8037111913792914,0.015797543858862,See 14x/15x/16x/17x source files; this package does not infer beyond file evidence.,file_note_match
CatBoost rerun/result should be reflected if actual result exists,True,True,park.ingyeom\reports\audits\html_claim_validation_core_sources_20260518_212100\park.ingyeom\reports\models\12x_model_family_comparison_260516\12x_cv_fold_metrics.csv,CatBoost,nonpromotion_only,conservative_safe_22,0.8428333039120378,0.0259133454472483,See 14x/15x/16x/17x source files; this package does not infer beyond file evidence.,file_note_match
CatBoost rerun/result should be reflected if actual result exists,True,True,park.ingyeom\reports\audits\html_claim_validation_core_sources_20260518_212100\park.ingyeom\reports\models\12x_model_family_comparison_260516\12x_cv_fold_metrics.csv,CatBoost,nonpromotion_only,conservative_safe_22,0.8421916731260526,0.019513828523659,See 14x/15x/16x/17x source files; this package does not infer beyond file evidence.,file_note_match
CatBoost rerun/result should be reflected if actual result exists,True,True,park.ingyeom\reports\audits\html_claim_validation_core_sources_20260518_212100\park.ingyeom\reports\models\12x_model_family_comparison_260516\12x_cv_fold_metrics.csv,CatBoost,nonpromotion_only,conservative_safe_22,0.8378314419446012,-0.0060073359736178,See 14x/15x/16x/17x source files; this package does not infer beyond file evidence.,file_note_match
CatBoost rerun/result should be reflected if actual result exists,True,True,park.ingyeom\reports\audits\html_claim_validation_core_sources_20260518_212100\park.ingyeom\reports\models\12x_model_family_comparison_260516\12x_cv_fold_metrics.csv,CatBoost,nonpromotion_only,conservative_safe_22,0.8403205582567533,0.0089516477188978,See 14x/15x/16x/17x source files; this package does not infer beyond file evidence.,file_note_match
CatBoost rerun/result should be reflected if actual result exists,True,True,park.ingyeom\reports\audits\html_claim_validation_core_sources_20260518_212100\park.ingyeom\reports\models\12x_model_family_comparison_260516\12x_cv_fold_metrics.csv,CatBoost,nonpromotion_only,conservative_safe_22,0.8387452974280081,-0.0006698816565431,See 14x/15x/16x/17x source files; this package does not infer beyond file evidence.,file_note_match
CatBoost rerun/result should be reflected if actual result exists,True,True,park.ingyeom\reports\audits\html_claim_validation_core_sources_20260518_212100\park.ingyeom\reports\models\12x_model_family_comparison_260516\12x_cv_fold_metrics.csv,CatBoost,overall_without_promotion,expanded_feature_set,0.8695616387852775,0.0078313810869282,See 14x/15x/16x/17x source files; this package does not infer beyond file evidence.,file_note_match
CatBoost rerun/result should be reflected if actual result exists,True,True,park.ingyeom\reports\audits\html_claim_validation_core_sources_20260518_212100\park.ingyeom\reports\models\12x_model_family_comparison_260516\12x_cv_fold_metrics.csv,CatBoost,overall_without_promotion,expanded_feature_set,0.8694594163445539,0.0027878780811337,See 14x/15x/16x/17x source files; this package does not infer beyond file evidence.,file_note_match
CatBoost rerun/result should be reflected if actual result exists,True,True,park.ingyeom\reports\audits\html_claim_validation_core_sources_20260518_212100\park.ingyeom\reports\models\12x_model_family_comparison_260516\12x_cv_fold_metrics.csv,CatBoost,overall_without_promotion,expanded_feature_set,0.8697062853487969,0.0033956003853083,See 14x/15x/16x/17x source files; this package does not infer beyond file evidence.,file_note_match
CatBoost rerun/result should be reflected if actual result exists,True,True,park.ingyeom\reports\audits\html_claim_validation_core_sources_20260518_212100\park.ingyeom\reports\models\12x_model_family_comparison_260516\12x_cv_fold_metrics.csv,CatBoost,overall_without_promotion,expanded_feature_set,0.869291369355724,0.0087616976805866,See 14x/15x/16x/17x source files; this package does not infer beyond file evidence.,file_note_match
CatBoost rerun/result should be reflected if actual result exists,True,True,park.ingyeom\reports\audits\html_claim_validation_core_sources_20260518_212100\park.ingyeom\reports\models\12x_model_family_comparison_260516\12x_cv_fold_metrics.csv,CatBoost,overall_without_promotion,expanded_feature_set,0.8701339982326939,0.0086868421643365,See 14x/15x/16x/17x source files; this package does not infer beyond file evidence.,file_note_match
CatBoost rerun/result should be reflected if actual result exists,True,True,park.ingyeom\reports\audits\html_claim_validation_core_sources_20260518_212100\park.ingyeom\reports\models\12x_model_family_comparison_260516\12x_cv_fold_metrics.csv,CatBoost,overall_with_promotion,expanded_feature_set,0.8740212575426034,0.0057687744730441,See 14x/15x/16x/17x source files; this package does not infer beyond file evidence.,file_note_match
CatBoost rerun/result should be reflected if actual result exists,True,True,park.ingyeom\reports\audits\html_claim_validation_core_sources_20260518_212100\park.ingyeom\reports\models\12x_model_family_comparison_260516\12x_cv_fold_metrics.csv,CatBoost,overall_with_promotion,expanded_feature_set,0.8728440666395555,0.0031497450530239,See 14x/15x/16x/17x source files; this package does not infer beyond file evidence.,file_note_match
CatBoost rerun/result should be reflected if actual result exists,True,True,park.ingyeom\reports\audits\html_claim_validation_core_sources_20260518_212100\park.ingyeom\reports\models\12x_model_family_comparison_260516\12x_cv_fold_metrics.csv,CatBoost,overall_with_promotion,expanded_feature_set,0.8730074620037598,0.0035922342724383,See 14x/15x/16x/17x source files; this package does not infer beyond file evidence.,file_note_match
CatBoost rerun/result should be reflected if actual result exists,True,True,park.ingyeom\reports\audits\html_claim_validation_core_sources_20260518_212100\park.ingyeom\reports\models\12x_model_family_comparison_260516\12x_cv_fold_metrics.csv,CatBoost,overall_with_promotion,expanded_feature_set,0.8731363496353526,0.0078984056606834,See 14x/15x/16x/17x source files; this package does not infer beyond file evidence.,file_note_match
CatBoost rerun/result should be reflected if actual result exists,True,True,park.ingyeom\reports\audits\html_claim_validation_core_sources_20260518_212100\park.ingyeom\reports\models\12x_model_family_comparison_260516\12x_cv_fold_metrics.csv,CatBoost,overall_with_promotion,expanded_feature_set,0.8745912258447296,0.0087856891785139,See 14x/15x/16x/17x source files; this package does not infer beyond file evidence.,file_note_match
CatBoost rerun/result should be reflected if actual result exists,True,True,park.ingyeom\reports\audits\html_claim_validation_core_sources_20260518_212100\park.ingyeom\reports\models\12x_model_family_comparison_260516\12x_cv_fold_metrics.csv,CatBoost,promotion_only,expanded_feature_set,0.8633621094942223,0.0088158655903713,See 14x/15x/16x/17x source files; this package does not infer beyond file evidence.,file_note_match
CatBoost rerun/result should be reflected if actual result exists,True,True,park.ingyeom\reports\audits\html_claim_validation_core_sources_20260518_212100\park.ingyeom\reports\models\12x_model_family_comparison_260516\12x_cv_fold_metrics.csv,CatBoost,promotion_only,expanded_feature_set,0.8647225077404221,0.0136279321686685,See 14x/15x/16x/17x source files; this package does not infer beyond file evidence.,file_note_match
CatBoost rerun/result should be reflected if actual result exists,True,True,park.ingyeom\reports\audits\html_claim_validation_core_sources_20260518_212100\park.ingyeom\reports\models\12x_model_family_comparison_260516\12x_cv_fold_metrics.csv,CatBoost,promotion_only,expanded_feature_set,0.8655087205357079,0.0216790490869767,See 14x/15x/16x/17x source files; this package does not infer beyond file evidence.,file_note_match
CatBoost rerun/result should be reflected if actual result exists,True,True,park.ingyeom\reports\audits\html_claim_validation_core_sources_20260518_212100\park.ingyeom\reports\models\12x_model_family_comparison_260516\12x_cv_fold_metrics.csv,CatBoost,promotion_only,expanded_feature_set,0.8635034185252406,0.0034046561920166,See 14x/15x/16x/17x source files; this package does not infer beyond file evidence.,file_note_match
CatBoost rerun/result should be reflected if actual result exists,True,True,park.ingyeom\reports\audits\html_claim_validation_core_sources_20260518_212100\park.ingyeom\reports\models\12x_model_family_comparison_260516\12x_cv_fold_metrics.csv,CatBoost,promotion_only,expanded_feature_set,0.8633636466908812,0.0143585259827243,See 14x/15x/16x/17x source files; this package does not infer beyond file evidence.,file_note_match
CatBoost rerun/result should be reflected if actual result exists,True,True,park.ingyeom\reports\audits\html_claim_validation_core_sources_20260518_212100\park.ingyeom\reports\models\12x_model_family_comparison_260516\12x_cv_fold_metrics.csv,CatBoost,nonpromotion_only,expanded_feature_set,0.8933455590557229,0.0248112455091179,See 14x/15x/16x/17x source files; this package does not infer beyond file evidence.,file_note_match
CatBoost rerun/result should be reflected if actual result exists,True,True,park.ingyeom\reports\audits\html_claim_validation_core_sources_20260518_212100\park.ingyeom\reports\models\12x_model_family_comparison_260516\12x_cv_fold_metrics.csv,CatBoost,nonpromotion_only,expanded_feature_set,0.8908096754003092,0.0118163523391895,See 14x/15x/16x/17x source files; this package does not infer beyond file evidence.,file_note_match
CatBoost rerun/result should be reflected if actual result exists,True,True,park.ingyeom\reports\audits\html_claim_validation_core_sources_20260518_212100\park.ingyeom\reports\models\12x_model_family_comparison_260516\12x_cv_fold_metrics.csv,CatBoost,nonpromotion_only,expanded_feature_set,0.8887277624041148,0.0007683289019202,See 14x/15x/16x/17x source files; this package does not infer beyond file evidence.,file_note_match
CatBoost rerun/result should be reflected if actual result exists,True,True,park.ingyeom\reports\audits\html_claim_validation_core_sources_20260518_212100\park.ingyeom\reports\models\12x_model_family_comparison_260516\12x_cv_fold_metrics.csv,CatBoost,nonpromotion_only,expanded_feature_set,0.890627845411349,0.0140429698652925,See 14x/15x/16x/17x source files; this package does not infer beyond file evidence.,file_note_match
CatBoost rerun/result should be reflected if actual result exists,True,True,park.ingyeom\reports\audits\html_claim_validation_core_sources_20260518_212100\park.ingyeom\reports\models\12x_model_family_comparison_260516\12x_cv_fold_metrics.csv,CatBoost,nonpromotion_only,expanded_feature_set,0.8912270507855671,0.008778088335411,See 14x/15x/16x/17x source files; this package does not infer beyond file evidence.,file_note_match
CatBoost rerun/result should be reflected if actual result exists,True,True,park.ingyeom\reports\audits\html_claim_validation_core_sources_20260518_212100\park.ingyeom\reports\models\12x_model_family_comparison_260516\12x_model_availability.csv,CatBoost,,,,,See 14x/15x/16x/17x source files; this package does not infer beyond file evidence.,file_note_match
CatBoost rerun/result should be reflected if actual result exists,True,True,park.ingyeom\reports\audits\html_claim_validation_core_sources_20260518_212100\park.ingyeom\reports\models\12x_model_family_comparison_260516\12x_model_run_plan.csv,CatBoost,overall_without_promotion,conservative_safe_22,,,See 14x/15x/16x/17x source files; this package does not infer beyond file evidence.,file_note_match
CatBoost rerun/result should be reflected if actual result exists,True,True,park.ingyeom\reports\audits\html_claim_validation_core_sources_20260518_212100\park.ingyeom\reports\models\12x_model_family_comparison_260516\12x_model_run_plan.csv,CatBoost,overall_with_promotion,conservative_safe_22,,,See 14x/15x/16x/17x source files; this package does not infer beyond file evidence.,file_note_match
CatBoost rerun/result should be reflected if actual result exists,True,True,park.ingyeom\reports\audits\html_claim_validation_core_sources_20260518_212100\park.ingyeom\reports\models\12x_model_family_comparison_260516\12x_model_run_plan.csv,CatBoost,promotion_only,conservative_safe_22,,,See 14x/15x/16x/17x source files; this package does not infer beyond file evidence.,file_note_match
CatBoost rerun/result should be reflected if actual result exists,True,True,park.ingyeom\reports\audits\html_claim_validation_core_sources_20260518_212100\park.ingyeom\reports\models\12x_model_family_comparison_260516\12x_model_run_plan.csv,CatBoost,nonpromotion_only,conservative_safe_22,,,See 14x/15x/16x/17x source files; this package does not infer beyond file evidence.,file_note_match
CatBoost rerun/result should be reflected if actual result exists,True,True,park.ingyeom\reports\audits\html_claim_validation_core_sources_20260518_212100\park.ingyeom\reports\models\12x_model_family_comparison_260516\12x_model_run_plan.csv,CatBoost,overall_without_promotion,expanded_feature_set,,,See 14x/15x/16x/17x source files; this package does not infer beyond file evidence.,file_note_match
CatBoost rerun/result should be reflected if actual result exists,True,True,park.ingyeom\reports\audits\html_claim_validation_core_sources_20260518_212100\park.ingyeom\reports\models\12x_model_family_comparison_260516\12x_model_run_plan.csv,CatBoost,overall_with_promotion,expanded_feature_set,,,See 14x/15x/16x/17x source files; this package does not infer beyond file evidence.,file_note_match
CatBoost rerun/result should be reflected if actual result exists,True,True,park.ingyeom\reports\audits\html_claim_validation_core_sources_20260518_212100\park.ingyeom\reports\models\12x_model_family_comparison_260516\12x_model_run_plan.csv,CatBoost,promotion_only,expanded_feature_set,,,See 14x/15x/16x/17x source files; this package does not infer beyond file evidence.,file_note_match
CatBoost rerun/result should be reflected if actual result exists,True,True,park.ingyeom\reports\audits\html_claim_validation_core_sources_20260518_212100\park.ingyeom\reports\models\12x_model_family_comparison_260516\12x_model_run_plan.csv,CatBoost,nonpromotion_only,expanded_feature_set,,,See 14x/15x/16x/17x source files; this package does not infer beyond file evidence.,file_note_match
CatBoost rerun/result should be reflected if actual result exists,True,True,park.ingyeom\reports\audits\html_claim_validation_core_sources_20260518_212100\park.ingyeom\reports\models\12x_model_family_comparison_260516\12x_model_summary_by_scope.csv,CatBoost,overall_without_promotion,conservative_safe_22,0.8075074051657329,0.0045747429289404,See 14x/15x/16x/17x source files; this package does not infer beyond file evidence.,file_note_match
CatBoost rerun/result should be reflected if actual result exists,True,True,park.ingyeom\reports\audits\html_claim_validation_core_sources_20260518_212100\park.ingyeom\reports\models\12x_model_family_comparison_260516\12x_model_summary_by_scope.csv,CatBoost,overall_with_promotion,conservative_safe_22,0.8075074051657329,0.0045747429289404,See 14x/15x/16x/17x source files; this package does not infer beyond file evidence.,file_note_match
CatBoost rerun/result should be reflected if actual result exists,True,True,park.ingyeom\reports\audits\html_claim_validation_core_sources_20260518_212100\park.ingyeom\reports\models\12x_model_family_comparison_260516\12x_model_summary_by_scope.csv,CatBoost,promotion_only,conservative_safe_22,0.7930239020274701,0.0098619576510471,See 14x/15x/16x/17x source files; this package does not infer beyond file evidence.,file_note_match
CatBoost rerun/result should be reflected if actual result exists,True,True,park.ingyeom\reports\audits\html_claim_validation_core_sources_20260518_212100\park.ingyeom\reports\models\12x_model_family_comparison_260516\12x_model_summary_by_scope.csv,CatBoost,nonpromotion_only,conservative_safe_22,0.830274572734587,0.0095403208119287,See 14x/15x/16x/17x source files; this package does not infer beyond file evidence.,file_note_match
CatBoost rerun/result should be reflected if actual result exists,True,True,park.ingyeom\reports\audits\html_claim_validation_core_sources_20260518_212100\park.ingyeom\reports\models\12x_model_family_comparison_260516\12x_model_summary_by_scope.csv,CatBoost,overall_without_promotion,expanded_feature_set,0.8632427314692961,0.0062926798796589,See 14x/15x/16x/17x source files; this package does not infer beyond file evidence.,file_note_match
CatBoost rerun/result should be reflected if actual result exists,True,True,park.ingyeom\reports\audits\html_claim_validation_core_sources_20260518_212100\park.ingyeom\reports\models\12x_model_family_comparison_260516\12x_model_summary_by_scope.csv,CatBoost,overall_with_promotion,expanded_feature_set,0.8676213912567694,0.0058389697275407,See 14x/15x/16x/17x source files; this package does not infer beyond file evidence.,file_note_match
CatBoost rerun/result should be reflected if actual result exists,True,True,park.ingyeom\reports\audits\html_claim_validation_core_sources_20260518_212100\park.ingyeom\reports\models\12x_model_family_comparison_260516\12x_model_summary_by_scope.csv,CatBoost,promotion_only,expanded_feature_set,0.851458838275098,0.0123772058041514,See 14x/15x/16x/17x source files; this package does not infer beyond file evidence.,file_note_match
CatBoost rerun/result should be reflected if actual result exists,True,True,park.ingyeom\reports\audits\html_claim_validation_core_sources_20260518_212100\park.ingyeom\reports\models\12x_model_family_comparison_260516\12x_model_summary_by_scope.csv,CatBoost,nonpromotion_only,expanded_feature_set,0.8786574847705189,0.0120433969901861,See 14x/15x/16x/17x source files; this package does not infer beyond file evidence.,file_note_match
CatBoost rerun/result should be reflected if actual result exists,True,True,park.ingyeom\reports\audits\html_claim_validation_core_sources_20260518_212100\park.ingyeom\reports\models\12x_model_family_comparison_260516\12x_operating_metrics_at_k.csv,CatBoost,nonpromotion_only,conservative_safe_22,,,See 14x/15x/16x/17x source files; this package does not infer beyond file evidence.,file_note_match
CatBoost rerun/result should be reflected if actual result exists,True,True,park.ingyeom\reports\audits\html_claim_validation_core_sources_20260518_212100\park.ingyeom\reports\models\12x_model_family_comparison_260516\12x_operating_metrics_at_k.csv,CatBoost,nonpromotion_only,conservative_safe_22,,,See 14x/15x/16x/17x source files; this package does not infer beyond file evidence.,file_note_match
CatBoost rerun/result should be reflected if actual result exists,True,True,park.ingyeom\reports\audits\html_claim_validation_core_sources_20260518_212100\park.ingyeom\reports\models\12x_model_family_comparison_260516\12x_operating_metrics_at_k.csv,CatBoost,nonpromotion_only,conservative_safe_22,,,See 14x/15x/16x/17x source files; this package does not infer beyond file evidence.,file_note_match
CatBoost rerun/result should be reflected if actual result exists,True,True,park.ingyeom\reports\audits\html_claim_validation_core_sources_20260518_212100\park.ingyeom\reports\models\12x_model_family_comparison_260516\12x_operating_metrics_at_k.csv,CatBoost,overall_with_promotion,conservative_safe_22,,,See 14x/15x/16x/17x source files; this package does not infer beyond file evidence.,file_note_match
CatBoost rerun/result should be reflected if actual result exists,True,True,park.ingyeom\reports\audits\html_claim_validation_core_sources_20260518_212100\park.ingyeom\reports\models\12x_model_family_comparison_260516\12x_operating_metrics_at_k.csv,CatBoost,overall_with_promotion,conservative_safe_22,,,See 14x/15x/16x/17x source files; this package does not infer beyond file evidence.,file_note_match
CatBoost rerun/result should be reflected if actual result exists,True,True,park.ingyeom\reports\audits\html_claim_validation_core_sources_20260518_212100\park.ingyeom\reports\models\12x_model_family_comparison_260516\12x_operating_metrics_at_k.csv,CatBoost,overall_with_promotion,conservative_safe_22,,,See 14x/15x/16x/17x source files; this package does not infer beyond file evidence.,file_note_match
CatBoost rerun/result should be reflected if actual result exists,True,True,park.ingyeom\reports\audits\html_claim_validation_core_sources_20260518_212100\park.ingyeom\reports\models\12x_model_family_comparison_260516\12x_operating_metrics_at_k.csv,CatBoost,overall_without_promotion,conservative_safe_22,,,See 14x/15x/16x/17x source files; this package does not infer beyond file evidence.,file_note_match
CatBoost rerun/result should be reflected if actual result exists,True,True,park.ingyeom\reports\audits\html_claim_validation_core_sources_20260518_212100\park.ingyeom\reports\models\12x_model_family_comparison_260516\12x_operating_metrics_at_k.csv,CatBoost,overall_without_promotion,conservative_safe_22,,,See 14x/15x/16x/17x source files; this package does not infer beyond file evidence.,file_note_match
CatBoost rerun/result should be reflected if actual result exists,True,True,park.ingyeom\reports\audits\html_claim_validation_core_sources_20260518_212100\park.ingyeom\reports\models\12x_model_family_comparison_260516\12x_operating_metrics_at_k.csv,CatBoost,overall_without_promotion,conservative_safe_22,,,See 14x/15x/16x/17x source files; this package does not infer beyond file evidence.,file_note_match
CatBoost rerun/result should be reflected if actual result exists,True,True,park.ingyeom\reports\audits\html_claim_validation_core_sources_20260518_212100\park.ingyeom\reports\models\12x_model_family_comparison_260516\12x_operating_metrics_at_k.csv,CatBoost,promotion_only,conservative_safe_22,,,See 14x/15x/16x/17x source files; this package does not infer beyond file evidence.,file_note_match
CatBoost rerun/result should be reflected if actual result exists,True,True,park.ingyeom\reports\audits\html_claim_validation_core_sources_20260518_212100\park.ingyeom\reports\models\12x_model_family_comparison_260516\12x_operating_metrics_at_k.csv,CatBoost,promotion_only,conservative_safe_22,,,See 14x/15x/16x/17x source files; this package does not infer beyond file evidence.,file_note_match
CatBoost rerun/result should be reflected if actual result exists,True,True,park.ingyeom\reports\audits\html_claim_validation_core_sources_20260518_212100\park.ingyeom\reports\models\12x_model_family_comparison_260516\12x_operating_metrics_at_k.csv,CatBoost,promotion_only,conservative_safe_22,,,See 14x/15x/16x/17x source files; this package does not infer beyond file evidence.,file_note_match
CatBoost rerun/result should be reflected if actual result exists,True,True,park.ingyeom\reports\audits\html_claim_validation_core_sources_20260518_212100\park.ingyeom\reports\models\12x_model_family_comparison_260516\12x_operating_metrics_at_k.csv,CatBoost,nonpromotion_only,expanded_feature_set,,,See 14x/15x/16x/17x source files; this package does not infer beyond file evidence.,file_note_match
CatBoost rerun/result should be reflected if actual result exists,True,True,park.ingyeom\reports\audits\html_claim_validation_core_sources_20260518_212100\park.ingyeom\reports\models\12x_model_family_comparison_260516\12x_operating_metrics_at_k.csv,CatBoost,nonpromotion_only,expanded_feature_set,,,See 14x/15x/16x/17x source files; this package does not infer beyond file evidence.,file_note_match
CatBoost rerun/result should be reflected if actual result exists,True,True,park.ingyeom\reports\audits\html_claim_validation_core_sources_20260518_212100\park.ingyeom\reports\models\12x_model_family_comparison_260516\12x_operating_metrics_at_k.csv,CatBoost,nonpromotion_only,expanded_feature_set,,,See 14x/15x/16x/17x source files; this package does not infer beyond file evidence.,file_note_match
CatBoost rerun/result should be reflected if actual result exists,True,True,park.ingyeom\reports\audits\html_claim_validation_core_sources_20260518_212100\park.ingyeom\reports\models\12x_model_family_comparison_260516\12x_operating_metrics_at_k.csv,CatBoost,overall_with_promotion,expanded_feature_set,,,See 14x/15x/16x/17x source files; this package does not infer beyond file evidence.,file_note_match
CatBoost rerun/result should be reflected if actual result exists,True,True,park.ingyeom\reports\audits\html_claim_validation_core_sources_20260518_212100\park.ingyeom\reports\models\12x_model_family_comparison_260516\12x_operating_metrics_at_k.csv,CatBoost,overall_with_promotion,expanded_feature_set,,,See 14x/15x/16x/17x source files; this package does not infer beyond file evidence.,file_note_match
CatBoost rerun/result should be reflected if actual result exists,True,True,park.ingyeom\reports\audits\html_claim_validation_core_sources_20260518_212100\park.ingyeom\reports\models\12x_model_family_comparison_260516\12x_operating_metrics_at_k.csv,CatBoost,overall_with_promotion,expanded_feature_set,,,See 14x/15x/16x/17x source files; this package does not infer beyond file evidence.,file_note_match
CatBoost rerun/result should be reflected if actual result exists,True,True,park.ingyeom\reports\audits\html_claim_validation_core_sources_20260518_212100\park.ingyeom\reports\models\12x_model_family_comparison_260516\12x_operating_metrics_at_k.csv,CatBoost,overall_without_promotion,expanded_feature_set,,,See 14x/15x/16x/17x source files; this package does not infer beyond file evidence.,file_note_match
CatBoost rerun/result should be reflected if actual result exists,True,True,park.ingyeom\reports\audits\html_claim_validation_core_sources_20260518_212100\park.ingyeom\reports\models\12x_model_family_comparison_260516\12x_operating_metrics_at_k.csv,CatBoost,overall_without_promotion,expanded_feature_set,,,See 14x/15x/16x/17x source files; this package does not infer beyond file evidence.,file_note_match
CatBoost rerun/result should be reflected if actual result exists,True,True,park.ingyeom\reports\audits\html_claim_validation_core_sources_20260518_212100\park.ingyeom\reports\models\12x_model_family_comparison_260516\12x_operating_metrics_at_k.csv,CatBoost,overall_without_promotion,expanded_feature_set,,,See 14x/15x/16x/17x source files; this package does not infer beyond file evidence.,file_note_match
CatBoost rerun/result should be reflected if actual result exists,True,True,park.ingyeom\reports\audits\html_claim_validation_core_sources_20260518_212100\park.ingyeom\reports\models\12x_model_family_comparison_260516\12x_operating_metrics_at_k.csv,CatBoost,promotion_only,expanded_feature_set,,,See 14x/15x/16x/17x source files; this package does not infer beyond file evidence.,file_note_match
CatBoost rerun/result should be reflected if actual result exists,True,True,park.ingyeom\reports\audits\html_claim_validation_core_sources_20260518_212100\park.ingyeom\reports\models\12x_model_family_comparison_260516\12x_operating_metrics_at_k.csv,CatBoost,promotion_only,expanded_feature_set,,,See 14x/15x/16x/17x source files; this package does not infer beyond file evidence.,file_note_match
CatBoost rerun/result should be reflected if actual result exists,True,True,park.ingyeom\reports\audits\html_claim_validation_core_sources_20260518_212100\park.ingyeom\reports\models\12x_model_family_comparison_260516\12x_operating_metrics_at_k.csv,CatBoost,promotion_only,expanded_feature_set,,,See 14x/15x/16x/17x source files; this package does not infer beyond file evidence.,file_note_match
CatBoost rerun/result should be reflected if actual result exists,True,True,park.ingyeom\reports\audits\html_claim_validation_core_sources_20260518_212100\park.ingyeom\reports\models\14x_lightweight_candidate_tuning_260516\14x_best_params_by_scope.csv,CatBoost,overall_with_promotion,conservative_safe_22,0.815080611390569,,See 14x/15x/16x/17x source files; this package does not infer beyond file evidence.,file_note_match
CatBoost rerun/result should be reflected if actual result exists,True,True,park.ingyeom\reports\audits\html_claim_validation_core_sources_20260518_212100\park.ingyeom\reports\models\14x_lightweight_candidate_tuning_260516\14x_best_params_by_scope.csv,CatBoost,overall_without_promotion,conservative_safe_22,0.815080611390569,,See 14x/15x/16x/17x source files; this package does not infer beyond file evidence.,file_note_match
CatBoost rerun/result should be reflected if actual result exists,True,True,park.ingyeom\reports\audits\html_claim_validation_core_sources_20260518_212100\park.ingyeom\reports\models\14x_lightweight_candidate_tuning_260516\14x_best_params_by_scope.csv,CatBoost,overall_with_promotion,expanded_feature_set,0.8807395007072202,,See 14x/15x/16x/17x source files; this package does not infer beyond file evidence.,file_note_match
CatBoost rerun/result should be reflected if actual result exists,True,True,park.ingyeom\reports\audits\html_claim_validation_core_sources_20260518_212100\park.ingyeom\reports\models\14x_lightweight_candidate_tuning_260516\14x_calibration_decile_summary.csv,CatBoost,overall_with_promotion,conservative_safe_22,,,See 14x/15x/16x/17x source files; this package does not infer beyond file evidence.,file_note_match
CatBoost rerun/result should be reflected if actual result exists,True,True,park.ingyeom\reports\audits\html_claim_validation_core_sources_20260518_212100\park.ingyeom\reports\models\14x_lightweight_candidate_tuning_260516\14x_calibration_decile_summary.csv,CatBoost,overall_with_promotion,conservative_safe_22,,,See 14x/15x/16x/17x source files; this package does not infer beyond file evidence.,file_note_match
CatBoost rerun/result should be reflected if actual result exists,True,True,park.ingyeom\reports\audits\html_claim_validation_core_sources_20260518_212100\park.ingyeom\reports\models\14x_lightweight_candidate_tuning_260516\14x_calibration_decile_summary.csv,CatBoost,overall_with_promotion,conservative_safe_22,,,See 14x/15x/16x/17x source files; this package does not infer beyond file evidence.,file_note_match
CatBoost rerun/result should be reflected if actual result exists,True,True,park.ingyeom\reports\audits\html_claim_validation_core_sources_20260518_212100\park.ingyeom\reports\models\14x_lightweight_candidate_tuning_260516\14x_calibration_decile_summary.csv,CatBoost,overall_with_promotion,conservative_safe_22,,,See 14x/15x/16x/17x source files; this package does not infer beyond file evidence.,file_note_match
CatBoost rerun/result should be reflected if actual result exists,True,True,park.ingyeom\reports\audits\html_claim_validation_core_sources_20260518_212100\park.ingyeom\reports\models\14x_lightweight_candidate_tuning_260516\14x_calibration_decile_summary.csv,CatBoost,overall_with_promotion,conservative_safe_22,,,See 14x/15x/16x/17x source files; this package does not infer beyond file evidence.,file_note_match
CatBoost rerun/result should be reflected if actual result exists,True,True,park.ingyeom\reports\audits\html_claim_validation_core_sources_20260518_212100\park.ingyeom\reports\models\14x_lightweight_candidate_tuning_260516\14x_calibration_decile_summary.csv,CatBoost,overall_with_promotion,conservative_safe_22,,,See 14x/15x/16x/17x source files; this package does not infer beyond file evidence.,file_note_match
CatBoost rerun/result should be reflected if actual result exists,True,True,park.ingyeom\reports\audits\html_claim_validation_core_sources_20260518_212100\park.ingyeom\reports\models\14x_lightweight_candidate_tuning_260516\14x_calibration_decile_summary.csv,CatBoost,overall_with_promotion,conservative_safe_22,,,See 14x/15x/16x/17x source files; this package does not infer beyond file evidence.,file_note_match
CatBoost rerun/result should be reflected if actual result exists,True,True,park.ingyeom\reports\audits\html_claim_validation_core_sources_20260518_212100\park.ingyeom\reports\models\14x_lightweight_candidate_tuning_260516\14x_calibration_decile_summary.csv,CatBoost,overall_with_promotion,conservative_safe_22,,,See 14x/15x/16x/17x source files; this package does not infer beyond file evidence.,file_note_match
CatBoost rerun/result should be reflected if actual result exists,True,True,park.ingyeom\reports\audits\html_claim_validation_core_sources_20260518_212100\park.ingyeom\reports\models\14x_lightweight_candidate_tuning_260516\14x_calibration_decile_summary.csv,CatBoost,overall_with_promotion,conservative_safe_22,,,See 14x/15x/16x/17x source files; this package does not infer beyond file evidence.,file_note_match
CatBoost rerun/result should be reflected if actual result exists,True,True,park.ingyeom\reports\audits\html_claim_validation_core_sources_20260518_212100\park.ingyeom\reports\models\14x_lightweight_candidate_tuning_260516\14x_calibration_decile_summary.csv,CatBoost,overall_with_promotion,conservative_safe_22,,,See 14x/15x/16x/17x source files; this package does not infer beyond file evidence.,file_note_match
CatBoost rerun/result should be reflected if actual result exists,True,True,park.ingyeom\reports\audits\html_claim_validation_core_sources_20260518_212100\park.ingyeom\reports\models\14x_lightweight_candidate_tuning_260516\14x_calibration_decile_summary.csv,CatBoost,overall_without_promotion,conservative_safe_22,,,See 14x/15x/16x/17x source files; this package does not infer beyond file evidence.,file_note_match
CatBoost rerun/result should be reflected if actual result exists,True,True,park.ingyeom\reports\audits\html_claim_validation_core_sources_20260518_212100\park.ingyeom\reports\models\14x_lightweight_candidate_tuning_260516\14x_calibration_decile_summary.csv,CatBoost,overall_without_promotion,conservative_safe_22,,,See 14x/15x/16x/17x source files; this package does not infer beyond file evidence.,file_note_match
CatBoost rerun/result should be reflected if actual result exists,True,True,park.ingyeom\reports\audits\html_claim_validation_core_sources_20260518_212100\park.ingyeom\reports\models\14x_lightweight_candidate_tuning_260516\14x_calibration_decile_summary.csv,CatBoost,overall_without_promotion,conservative_safe_22,,,See 14x/15x/16x/17x source files; this package does not infer beyond file evidence.,file_note_match
CatBoost rerun/result should be reflected if actual result exists,True,True,park.ingyeom\reports\audits\html_claim_validation_core_sources_20260518_212100\park.ingyeom\reports\models\14x_lightweight_candidate_tuning_260516\14x_calibration_decile_summary.csv,CatBoost,overall_without_promotion,conservative_safe_22,,,See 14x/15x/16x/17x source files; this package does not infer beyond file evidence.,file_note_match
CatBoost rerun/result should be reflected if actual result exists,True,True,park.ingyeom\reports\audits\html_claim_validation_core_sources_20260518_212100\park.ingyeom\reports\models\14x_lightweight_candidate_tuning_260516\14x_calibration_decile_summary.csv,CatBoost,overall_without_promotion,conservative_safe_22,,,See 14x/15x/16x/17x source files; this package does not infer beyond file evidence.,file_note_match
CatBoost rerun/result should be reflected if actual result exists,True,True,park.ingyeom\reports\audits\html_claim_validation_core_sources_20260518_212100\park.ingyeom\reports\models\14x_lightweight_candidate_tuning_260516\14x_calibration_decile_summary.csv,CatBoost,overall_without_promotion,conservative_safe_22,,,See 14x/15x/16x/17x source files; this package does not infer beyond file evidence.,file_note_match
CatBoost rerun/result should be reflected if actual result exists,True,True,park.ingyeom\reports\audits\html_claim_validation_core_sources_20260518_212100\park.ingyeom\reports\models\14x_lightweight_candidate_tuning_260516\14x_calibration_decile_summary.csv,CatBoost,overall_without_promotion,conservative_safe_22,,,See 14x/15x/16x/17x source files; this package does not infer beyond file evidence.,file_note_match
CatBoost rerun/result should be reflected if actual result exists,True,True,park.ingyeom\reports\audits\html_claim_validation_core_sources_20260518_212100\park.ingyeom\reports\models\14x_lightweight_candidate_tuning_260516\14x_calibration_decile_summary.csv,CatBoost,overall_without_promotion,conservative_safe_22,,,See 14x/15x/16x/17x source files; this package does not infer beyond file evidence.,file_note_match
CatBoost rerun/result should be reflected if actual result exists,True,True,park.ingyeom\reports\audits\html_claim_validation_core_sources_20260518_212100\park.ingyeom\reports\models\14x_lightweight_candidate_tuning_260516\14x_calibration_decile_summary.csv,CatBoost,overall_without_promotion,conservative_safe_22,,,See 14x/15x/16x/17x source files; this package does not infer beyond file evidence.,file_note_match
CatBoost rerun/result should be reflected if actual result exists,True,True,park.ingyeom\reports\audits\html_claim_validation_core_sources_20260518_212100\park.ingyeom\reports\models\14x_lightweight_candidate_tuning_260516\14x_calibration_decile_summary.csv,CatBoost,overall_without_promotion,conservative_safe_22,,,See 14x/15x/16x/17x source files; this package does not infer beyond file evidence.,file_note_match
CatBoost rerun/result should be reflected if actual result exists,True,True,park.ingyeom\reports\audits\html_claim_validation_core_sources_20260518_212100\park.ingyeom\reports\models\14x_lightweight_candidate_tuning_260516\14x_calibration_decile_summary.csv,CatBoost,overall_with_promotion,expanded_feature_set,,,See 14x/15x/16x/17x source files; this package does not infer beyond file evidence.,file_note_match
CatBoost rerun/result should be reflected if actual result exists,True,True,park.ingyeom\reports\audits\html_claim_validation_core_sources_20260518_212100\park.ingyeom\reports\models\14x_lightweight_candidate_tuning_260516\14x_calibration_decile_summary.csv,CatBoost,overall_with_promotion,expanded_feature_set,,,See 14x/15x/16x/17x source files; this package does not infer beyond file evidence.,file_note_match
CatBoost rerun/result should be reflected if actual result exists,True,True,park.ingyeom\reports\audits\html_claim_validation_core_sources_20260518_212100\park.ingyeom\reports\models\14x_lightweight_candidate_tuning_260516\14x_calibration_decile_summary.csv,CatBoost,overall_with_promotion,expanded_feature_set,,,See 14x/15x/16x/17x source files; this package does not infer beyond file evidence.,file_note_match
CatBoost rerun/result should be reflected if actual result exists,True,True,park.ingyeom\reports\audits\html_claim_validation_core_sources_20260518_212100\park.ingyeom\reports\models\14x_lightweight_candidate_tuning_260516\14x_calibration_decile_summary.csv,CatBoost,overall_with_promotion,expanded_feature_set,,,See 14x/15x/16x/17x source files; this package does not infer beyond file evidence.,file_note_match
CatBoost rerun/result should be reflected if actual result exists,True,True,park.ingyeom\reports\audits\html_claim_validation_core_sources_20260518_212100\park.ingyeom\reports\models\14x_lightweight_candidate_tuning_260516\14x_calibration_decile_summary.csv,CatBoost,overall_with_promotion,expanded_feature_set,,,See 14x/15x/16x/17x source files; this package does not infer beyond file evidence.,file_note_match
CatBoost rerun/result should be reflected if actual result exists,True,True,park.ingyeom\reports\audits\html_claim_validation_core_sources_20260518_212100\park.ingyeom\reports\models\14x_lightweight_candidate_tuning_260516\14x_calibration_decile_summary.csv,CatBoost,overall_with_promotion,expanded_feature_set,,,See 14x/15x/16x/17x source files; this package does not infer beyond file evidence.,file_note_match
CatBoost rerun/result should be reflected if actual result exists,True,True,park.ingyeom\reports\audits\html_claim_validation_core_sources_20260518_212100\park.ingyeom\reports\models\14x_lightweight_candidate_tuning_260516\14x_calibration_decile_summary.csv,CatBoost,overall_with_promotion,expanded_feature_set,,,See 14x/15x/16x/17x source files; this package does not infer beyond file evidence.,file_note_match
CatBoost rerun/result should be reflected if actual result exists,True,True,park.ingyeom\reports\audits\html_claim_validation_core_sources_20260518_212100\park.ingyeom\reports\models\14x_lightweight_candidate_tuning_260516\14x_calibration_decile_summary.csv,CatBoost,overall_with_promotion,expanded_feature_set,,,See 14x/15x/16x/17x source files; this package does not infer beyond file evidence.,file_note_match
CatBoost rerun/result should be reflected if actual result exists,True,True,park.ingyeom\reports\audits\html_claim_validation_core_sources_20260518_212100\park.ingyeom\reports\models\14x_lightweight_candidate_tuning_260516\14x_calibration_decile_summary.csv,CatBoost,overall_with_promotion,expanded_feature_set,,,See 14x/15x/16x/17x source files; this package does not infer beyond file evidence.,file_note_match
CatBoost rerun/result should be reflected if actual result exists,True,True,park.ingyeom\reports\audits\html_claim_validation_core_sources_20260518_212100\park.ingyeom\reports\models\14x_lightweight_candidate_tuning_260516\14x_calibration_decile_summary.csv,CatBoost,overall_with_promotion,expanded_feature_set,,,See 14x/15x/16x/17x source files; this package does not infer beyond file evidence.,file_note_match
CatBoost rerun/result should be reflected if actual result exists,True,True,park.ingyeom\reports\audits\html_claim_validation_core_sources_20260518_212100\park.ingyeom\reports\models\14x_lightweight_candidate_tuning_260516\14x_cv_fold_metrics.csv,CatBoost,overall_with_promotion,conservative_safe_22,0.8699008832133042,0.0591915227542187,See 14x/15x/16x/17x source files; this package does not infer beyond file evidence.,file_note_match
CatBoost rerun/result should be reflected if actual result exists,True,True,park.ingyeom\reports\audits\html_claim_validation_core_sources_20260518_212100\park.ingyeom\reports\models\14x_lightweight_candidate_tuning_260516\14x_cv_fold_metrics.csv,CatBoost,overall_with_promotion,conservative_safe_22,0.8645734775504739,0.0443290283914148,See 14x/15x/16x/17x source files; this package does not infer beyond file evidence.,file_note_match
CatBoost rerun/result should be reflected if actual result exists,True,True,park.ingyeom\reports\audits\html_claim_validation_core_sources_20260518_212100\park.ingyeom\reports\models\14x_lightweight_candidate_tuning_260516\14x_cv_fold_metrics.csv,CatBoost,overall_with_promotion,conservative_safe_22,0.8676922911764275,0.0483937501540314,See 14x/15x/16x/17x source files; this package does not infer beyond file evidence.,file_note_match
CatBoost rerun/result should be reflected if actual result exists,True,True,park.ingyeom\reports\audits\html_claim_validation_core_sources_20260518_212100\park.ingyeom\reports\models\14x_lightweight_candidate_tuning_260516\14x_cv_fold_metrics.csv,CatBoost,overall_with_promotion,conservative_safe_22,0.8697973986595242,0.0512026880707143,See 14x/15x/16x/17x source files; this package does not infer beyond file evidence.,file_note_match
CatBoost rerun/result should be reflected if actual result exists,True,True,park.ingyeom\reports\audits\html_claim_validation_core_sources_20260518_212100\park.ingyeom\reports\models\14x_lightweight_candidate_tuning_260516\14x_cv_fold_metrics.csv,CatBoost,overall_with_promotion,conservative_safe_22,0.8723227669213417,0.0657667711978471,See 14x/15x/16x/17x source files; this package does not infer beyond file evidence.,file_note_match
CatBoost rerun/result should be reflected if actual result exists,True,True,park.ingyeom\reports\audits\html_claim_validation_core_sources_20260518_212100\park.ingyeom\reports\models\14x_lightweight_candidate_tuning_260516\14x_cv_fold_metrics.csv,CatBoost,overall_without_promotion,conservative_safe_22,0.8699008832133042,0.0591915227542187,See 14x/15x/16x/17x source files; this package does not infer beyond file evidence.,file_note_match
CatBoost rerun/result should be reflected if actual result exists,True,True,park.ingyeom\reports\audits\html_claim_validation_core_sources_20260518_212100\park.ingyeom\reports\models\14x_lightweight_candidate_tuning_260516\14x_cv_fold_metrics.csv,CatBoost,overall_without_promotion,conservative_safe_22,0.8645734775504739,0.0443290283914148,See 14x/15x/16x/17x source files; this package does not infer beyond file evidence.,file_note_match
CatBoost rerun/result should be reflected if actual result exists,True,True,park.ingyeom\reports\audits\html_claim_validation_core_sources_20260518_212100\park.ingyeom\reports\models\14x_lightweight_candidate_tuning_260516\14x_cv_fold_metrics.csv,CatBoost,overall_without_promotion,conservative_safe_22,0.8676922911764275,0.0483937501540314,See 14x/15x/16x/17x source files; this package does not infer beyond file evidence.,file_note_match
CatBoost rerun/result should be reflected if actual result exists,True,True,park.ingyeom\reports\audits\html_claim_validation_core_sources_20260518_212100\park.ingyeom\reports\models\14x_lightweight_candidate_tuning_260516\14x_cv_fold_metrics.csv,CatBoost,overall_without_promotion,conservative_safe_22,0.8697973986595242,0.0512026880707143,See 14x/15x/16x/17x source files; this package does not infer beyond file evidence.,file_note_match
CatBoost rerun/result should be reflected if actual result exists,True,True,park.ingyeom\reports\audits\html_claim_validation_core_sources_20260518_212100\park.ingyeom\reports\models\14x_lightweight_candidate_tuning_260516\14x_cv_fold_metrics.csv,CatBoost,overall_without_promotion,conservative_safe_22,0.8723227669213417,0.0657667711978471,See 14x/15x/16x/17x source files; this package does not infer beyond file evidence.,file_note_match
CatBoost rerun/result should be reflected if actual result exists,True,True,park.ingyeom\reports\audits\html_claim_validation_core_sources_20260518_212100\park.ingyeom\reports\models\14x_lightweight_candidate_tuning_260516\14x_cv_fold_metrics.csv,CatBoost,overall_with_promotion,expanded_feature_set,0.927434371048557,0.0477962129100903,See 14x/15x/16x/17x source files; this package does not infer beyond file evidence.,file_note_match
CatBoost rerun/result should be reflected if actual result exists,True,True,park.ingyeom\reports\audits\html_claim_validation_core_sources_20260518_212100\park.ingyeom\reports\models\14x_lightweight_candidate_tuning_260516\14x_cv_fold_metrics.csv,CatBoost,overall_with_promotion,expanded_feature_set,0.9261567468721584,0.0437752355314517,See 14x/15x/16x/17x source files; this package does not infer beyond file evidence.,file_note_match
CatBoost rerun/result should be reflected if actual result exists,True,True,park.ingyeom\reports\audits\html_claim_validation_core_sources_20260518_212100\park.ingyeom\reports\models\14x_lightweight_candidate_tuning_260516\14x_cv_fold_metrics.csv,CatBoost,overall_with_promotion,expanded_feature_set,0.9266442636023332,0.043899930249853,See 14x/15x/16x/17x source files; this package does not infer beyond file evidence.,file_note_match
CatBoost rerun/result should be reflected if actual result exists,True,True,park.ingyeom\reports\audits\html_claim_validation_core_sources_20260518_212100\park.ingyeom\reports\models\14x_lightweight_candidate_tuning_260516\14x_cv_fold_metrics.csv,CatBoost,overall_with_promotion,expanded_feature_set,0.9278315682848256,0.0474433701876005,See 14x/15x/16x/17x source files; this package does not infer beyond file evidence.,file_note_match
CatBoost rerun/result should be reflected if actual result exists,True,True,park.ingyeom\reports\audits\html_claim_validation_core_sources_20260518_212100\park.ingyeom\reports\models\14x_lightweight_candidate_tuning_260516\14x_cv_fold_metrics.csv,CatBoost,overall_with_promotion,expanded_feature_set,0.9277994826442828,0.0492541800370599,See 14x/15x/16x/17x source files; this package does not infer beyond file evidence.,file_note_match
CatBoost rerun/result should be reflected if actual result exists,True,True,park.ingyeom\reports\audits\html_claim_validation_core_sources_20260518_212100\park.ingyeom\reports\models\14x_lightweight_candidate_tuning_260516\14x_model_availability.csv,CatBoost,,,,,See 14x/15x/16x/17x source files; this package does not infer beyond file evidence.,file_note_match
CatBoost rerun/result should be reflected if actual result exists,True,True,park.ingyeom\reports\audits\html_claim_validation_core_sources_20260518_212100\park.ingyeom\reports\models\14x_lightweight_candidate_tuning_260516\14x_model_summary_by_scope.csv,CatBoost,overall_with_promotion,conservative_safe_22,0.8146787554843158,0.0537767521136453,See 14x/15x/16x/17x source files; this package does not infer beyond file evidence.,file_note_match
CatBoost rerun/result should be reflected if actual result exists,True,True,park.ingyeom\reports\audits\html_claim_validation_core_sources_20260518_212100\park.ingyeom\reports\models\14x_lightweight_candidate_tuning_260516\14x_model_summary_by_scope.csv,CatBoost,overall_without_promotion,conservative_safe_22,0.8146787554843158,0.0537767521136453,See 14x/15x/16x/17x source files; this package does not infer beyond file evidence.,file_note_match
CatBoost rerun/result should be reflected if actual result exists,True,True,park.ingyeom\reports\audits\html_claim_validation_core_sources_20260518_212100\park.ingyeom\reports\models\14x_lightweight_candidate_tuning_260516\14x_model_summary_by_scope.csv,CatBoost,overall_with_promotion,expanded_feature_set,0.8806719465231176,0.0464337857832112,See 14x/15x/16x/17x source files; this package does not infer beyond file evidence.,file_note_match
CatBoost rerun/result should be reflected if actual result exists,True,True,park.ingyeom\reports\audits\html_claim_validation_core_sources_20260518_212100\park.ingyeom\reports\models\14x_lightweight_candidate_tuning_260516\14x_operating_metrics_at_k.csv,CatBoost,overall_with_promotion,conservative_safe_22,,,See 14x/15x/16x/17x source files; this package does not infer beyond file evidence.,file_note_match
CatBoost rerun/result should be reflected if actual result exists,True,True,park.ingyeom\reports\audits\html_claim_validation_core_sources_20260518_212100\park.ingyeom\reports\models\14x_lightweight_candidate_tuning_260516\14x_operating_metrics_at_k.csv,CatBoost,overall_with_promotion,conservative_safe_22,,,See 14x/15x/16x/17x source files; this package does not infer beyond file evidence.,file_note_match
CatBoost rerun/result should be reflected if actual result exists,True,True,park.ingyeom\reports\audits\html_claim_validation_core_sources_20260518_212100\park.ingyeom\reports\models\14x_lightweight_candidate_tuning_260516\14x_operating_metrics_at_k.csv,CatBoost,overall_with_promotion,conservative_safe_22,,,See 14x/15x/16x/17x source files; this package does not infer beyond file evidence.,file_note_match
CatBoost rerun/result should be reflected if actual result exists,True,True,park.ingyeom\reports\audits\html_claim_validation_core_sources_20260518_212100\park.ingyeom\reports\models\14x_lightweight_candidate_tuning_260516\14x_operating_metrics_at_k.csv,CatBoost,overall_without_promotion,conservative_safe_22,,,See 14x/15x/16x/17x source files; this package does not infer beyond file evidence.,file_note_match
CatBoost rerun/result should be reflected if actual result exists,True,True,park.ingyeom\reports\audits\html_claim_validation_core_sources_20260518_212100\park.ingyeom\reports\models\14x_lightweight_candidate_tuning_260516\14x_operating_metrics_at_k.csv,CatBoost,overall_without_promotion,conservative_safe_22,,,See 14x/15x/16x/17x source files; this package does not infer beyond file evidence.,file_note_match
CatBoost rerun/result should be reflected if actual result exists,True,True,park.ingyeom\reports\audits\html_claim_validation_core_sources_20260518_212100\park.ingyeom\reports\models\14x_lightweight_candidate_tuning_260516\14x_operating_metrics_at_k.csv,CatBoost,overall_without_promotion,conservative_safe_22,,,See 14x/15x/16x/17x source files; this package does not infer beyond file evidence.,file_note_match
CatBoost rerun/result should be reflected if actual result exists,True,True,park.ingyeom\reports\audits\html_claim_validation_core_sources_20260518_212100\park.ingyeom\reports\models\14x_lightweight_candidate_tuning_260516\14x_operating_metrics_at_k.csv,CatBoost,overall_with_promotion,expanded_feature_set,,,See 14x/15x/16x/17x source files; this package does not infer beyond file evidence.,file_note_match
CatBoost rerun/result should be reflected if actual result exists,True,True,park.ingyeom\reports\audits\html_claim_validation_core_sources_20260518_212100\park.ingyeom\reports\models\14x_lightweight_candidate_tuning_260516\14x_operating_metrics_at_k.csv,CatBoost,overall_with_promotion,expanded_feature_set,,,See 14x/15x/16x/17x source files; this package does not infer beyond file evidence.,file_note_match
CatBoost rerun/result should be reflected if actual result exists,True,True,park.ingyeom\reports\audits\html_claim_validation_core_sources_20260518_212100\park.ingyeom\reports\models\14x_lightweight_candidate_tuning_260516\14x_operating_metrics_at_k.csv,CatBoost,overall_with_promotion,expanded_feature_set,,,See 14x/15x/16x/17x source files; this package does not infer beyond file evidence.,file_note_match
