membership_row_id,USER_KEY,is_repurchase,target_repurchase,repurchase_score,churn_risk_score,sample_role
2,4ec765db76545c1d6dda9f421590bf9d02f584009f8d92100afeef4594ee72306b661c43d19086f82f85f02bbb5716280f52bb7f0fde823a0656a830a0e6e41f,N,0,0.13529036578931697,0.864709634210683,true_shap_primary_holdout_sample
4,d2f2278c38ea110d35afb55fa20ccf96d735e1254c1fd40b7d236216701246044bf1e2d6efb1a7b6024230cb6d821e4ad21718d3e20a9695ce38937d843f7414,Y,1,0.8984577916107955,0.10154220838920447,true_shap_primary_holdout_sample
11,2c9e3f9186e5dcd624c026c3a72b3070a03822476c6d1cda79011eef7f24984086499953089c683718de94514256a79bd70dfb8ab81ba94f1ab893070b280aff,Y,1,0.9820244982415508,0.017975501758449197,true_shap_primary_holdout_sample
13,0cdfedd59da0d83ad70c0083b12865f0cd414ac189f27872ca1ff6bb0764565318f0081e4a3c91c0d1c7be024ce86b6953e3dc98022567288746009745fc34aa,Y,1,0.45648317129596994,0.5435168287040301,true_shap_primary_holdout_sample
30,2bff782c4dbe0aca845d2d9446f8ba48b59b10145e019f89abbf63462d1ab1b1740b97de6d842b2a91dd8006f7407733de3933cc1c23ed270b20333920f9edd0,N,0,0.19022637378132848,0.8097736262186715,true_shap_primary_holdout_sample
38,54175736d7329ec748fa16d244827714a36cab9941d37903ac2f898f9a6d71b1cde808b211e884c837cf8ecd3a0b1c927b4e9fcbbd754445d4849340003d20cc,N,0,0.40201166932845145,0.5979883306715486,true_shap_primary_holdout_sample
53,be1409957fae7ab50ed9241829bdfd6a89a838714f60b64619fbd5a7d7036b8d3417653d6ae1f4de2259045125dfbd6a30b6a1ac3904ac5739b3f47de1311ba4,Y,1,0.5463061600252778,0.45369383997472224,true_shap_primary_holdout_sample
54,c494c7c9bdec198be2723c4fd300084e8edb2bb32932731b449106cb4171a41920a05f23e4a92c44d5ecc5adf5f4dd6defa9a8203ea7bdbff8d2a63134fa86bf,N,0,0.6700147184737384,0.3299852815262616,true_shap_primary_holdout_sample
123,50ab814f4ed1779d6695a1c25bcbe8de8efae7bceb5bab853acfcd5308e01ca5b89a5a33535abe2884f47913556241456cdd5a7bacdbaa0653bb8aa8f39dda2d,N,0,0.8084402265199827,0.1915597734800173,true_shap_primary_holdout_sample
143,2697fe2a7799a58d07c2001c7e3bd7ef31bbfcd6dc9d6dfafa15b591a97831d685d3bb6ccfc6beff2370173fec9d4d344c5051e3a37f8f0030501efcc318c897,N,0,0.20448388587979666,0.7955161141202034,true_shap_primary_holdout_sample
145,076f6278c207ac0a9717ca3dbb656fb41975c3b5a98fbd905af6f3caea72017649979cffa7d94bd6f5adb302d5e4abf40f5809ed0b93a58323bc044018b959f6,N,0,0.9794310321231253,0.020568967876874678,true_shap_primary_holdout_sample
146,489089df04cffa0bdee0ef3d59eb349da5b6bf8b06b5ebdd29045873518a24b3a719ddb22e6e55365dc49b59e8274862abd785a1f83fb679d0b28189bd9b9505,Y,1,0.8929376840482658,0.10706231595173421,true_shap_primary_holdout_sample
161,0e5f2d3c3fd319d6d721106a5fded2d87d8d276e13d9a6c789d7834f3fe26280ab7157997ec3d80ca5972b77edcc8d47e920702f165f189c01c226162e86268a,N,0,0.34535848285359266,0.6546415171464073,true_shap_primary_holdout_sample
170,6f1a8947da0f5a9913f22813ec66d492291eedaaa0c418f04652d44e835d0d88999c30456f142bc6adbfa34f98334dd7f69b7f65b61ea44cfd5f1aba14bd50d9,Y,1,0.9244019804226271,0.07559801957737289,true_shap_primary_holdout_sample
185,6a37e15545e9533a200135a89b4a82af8b65ae907622d1f75a08122acc8ec9ffa8348ab636d53639c3afbb7d6aa1bbceebe0057e5f8f2eb5db246cd1be1e39a9,Y,1,0.9813881498670753,0.018611850132924657,true_shap_primary_holdout_sample
201,1aa63129628d64f3c8aabb427b62e6f9e11bafef6d0d4b547e87847685831ea4a5422532fd05edc43844b763f2d8d7a4384fe329a3449acc5fdf82e1ca54aa9f,N,0,0.7150496924353572,0.2849503075646428,true_shap_primary_holdout_sample
218,7779e8eb5539b84ca126d3409df51ce8e2435bf23095b9018852d84248ad10f4470d6bde0d5abffa3c5db833bece40967d7f1bde873bc9c155e03335b1ffbb12,Y,1,0.7282133294631493,0.2717866705368507,true_shap_primary_holdout_sample
226,ddeae98e77f826e2a521b2ad2e9be5e5412989af30ff7138d364caf4b8f59f06127794126e25d3a217c49dea618d91178530237fa0e0698cdbf9fd0004cdc7d6,Y,1,0.9386086773377808,0.06139132266221925,true_shap_primary_holdout_sample
257,4d0d027bca1a302a45a03bf0be15bfe6e1e3da0305f921a279bb10618d926ae4a638cb0fd4923ef66c49588547072fb232f2c35a3834495494850cee3c237851,Y,1,0.490810379658613,0.509189620341387,true_shap_primary_holdout_sample
262,2c4af42e31bf7bd8ab9a6bc435a3c8dd4895ca4bdd2c449dfd2127fac72493723f0c4823e63d037dfe20ddbdcab7946049cdcea45eea78327a65b63eb0c030e1,Y,1,0.760151821521051,0.23984817847894901,true_shap_primary_holdout_sample
281,1efc80d053b0d267ba7e14c60bbc1cdbbcfafbc41799691020a14106d55872663c39b0ac8fff0b501dc849ed139f916bb74681804146659740dc3e7e564c6b30,Y,1,0.9832215771651308,0.01677842283486919,true_shap_primary_holdout_sample
284,72e04462ef8120009ce3553bac081f54b874d242cf911e0a9d9349022e65750e91ee8a57ec6f183d746974e70e10de13287716b497b0037e52e830cdd022a6eb,N,0,0.5291579956086442,0.4708420043913558,true_shap_primary_holdout_sample
286,296cc376f5950c654f1d06a2bf33eef8eaa1df676343b04c9aa11fd654bdcd11f3d08e58bd7fc169617d47ff01bfa2c61c641af74117bde3590c10d654be5708,Y,1,0.5976302281983872,0.4023697718016128,true_shap_primary_holdout_sample
291,7f5914849f0bd171475c6283afcfefcd8be75edc04e49ae958e5aabf9a6fa8157c5e424268a965d8aa5fa77ac9181c1559317aa8aac8330c0d4b97141bd0c1e7,N,0,0.47060217290901507,0.5293978270909849,true_shap_primary_holdout_sample
294,039ec6c89a1bc57826bd5275fdb4fa6fc7aa47559d3d0ab34ba3877ec8d7b2357f66ce0aed1974cf2cbfd45de3863cf0dc7e8a39f4c27b2baa642d260f426b80,Y,1,0.9567464285168047,0.04325357148319531,true_shap_primary_holdout_sample
301,a5302ad73ec296a59734c66a23f28059581054685dc43c725b6cede83b61c586490315c454a7903e08277f5a26b257ec8bb7fe43a2c59708f7be00fac83a53cd,Y,1,0.47578955636797193,0.5242104436320281,true_shap_primary_holdout_sample
338,40cf1a3d308652ea92631294298da54bee60690c79672797a7c8074e12d83063646170166d6a254ddf3b9a2ff48a9ed9d9d4c7c75e17c46057cff86d474cbe45,Y,1,0.5383912780035408,0.4616087219964592,true_shap_primary_holdout_sample
347,217474ecaeb7299c2ef1222cd2076de3ef750940f362dbf1c8c6fc8402c637d15320abfd723d5227e17837097072b2e6e53314b3b7dbd649632078c4e9cb10e9,Y,1,0.9829588716355031,0.017041128364496894,true_shap_primary_holdout_sample
374,5b6312a1e8187773c9e7d11e5dd19ab50c258141ab5b97c4e5f81d0f6fca20897fb444ae04c9c594562f8cf317612f689bf7776ddc922fbc57a7e71b0baaadf6,Y,1,0.7439779777306743,0.2560220222693257,true_shap_primary_holdout_sample
376,c1d67f0469f61d9cf25647644495e55c00eb05a7ed329f1b62ad74e955f8684d57c7939287e2d12f80674d5d50fdb9c690ccfe594b34d250065a4d6610a8f8ed,Y,1,0.9711889096804612,0.028811090319538768,true_shap_primary_holdout_sample
378,e656c0b78f4afe3e16885ac47692ded53e96f7b1a92a013b4052bfa6f0cc8bada7e2bbf2c30c26f3e78b6c70e3cb5d7ad1f5ccfe680e080ca7d4ea1a5c1c1c97,Y,1,0.9811500861920299,0.018849913807970076,true_shap_primary_holdout_sample
414,735cee031394b334e39d9ef29aac49398827fc526f7b3296e788d2b0b2781b700e6ae06a64561b8cafbe990c6ef208879fdb5b2d0cbef1ccf3af223ff597d0fb,Y,1,0.7232686868311666,0.27673131316883337,true_shap_primary_holdout_sample
432,7f9b3d366a77bf22f3530d235e825a3eca3fe16ab0d9082cfe9d4988cc36c6b7ad1554fcd8bdbed7660b83a97ef68ffb42ca5e290f012d346e5411293a456654,Y,1,0.9069946360198693,0.0930053639801307,true_shap_primary_holdout_sample
450,f60545caa9bce3c2c33b7089d88085c7ed8d79c8a619ae59f54f7797036706806c2c687d67e7df76638b99ecb1f236491225c0d90281442e958ba47acb82bd53,N,0,0.5492314988657251,0.4507685011342749,true_shap_primary_holdout_sample
464,ec1e7d4bb7ee5513606b86b02ce3ad1cd4cf1f128f3c284d6ea45c14fe89af6d0ff86c5bb0f060754c6a334d082a4d2afcb4814b58f51ae9d9507856ad7d5fce,N,0,0.8287604704253941,0.17123952957460586,true_shap_primary_holdout_sample
495,1acb3a28082a1fcb760fe4f991daa1426536d7d45622e03f8cdce4d494521145e2ab7c6ac8f23049e3026f66b4078a27d4c43b1bc3dbe32ecec013a6a6e0fbd5,N,0,0.6661555534864194,0.3338444465135806,true_shap_primary_holdout_sample
496,c013f952bdd4a52461af2167fe68f0cd8b16b8a6c7c697587f2e450a49bda49b8e2d305a9d2b7fcfceebe2f94eaa430e3a2d0ce33913bce030e355414dd29b4a,Y,1,0.45078775977475816,0.5492122402252418,true_shap_primary_holdout_sample
504,b483d75060761766d71d6c4039c1d622e9bf01bfbffade66d579e3fa9102e0bcf6e3fe4965bd54dc0e3f0f34f0e98d7a3a9313f0cc1f936386954016d6d2149d,N,0,0.7038972306354311,0.2961027693645689,true_shap_primary_holdout_sample
532,91ff555dad07ea8e35c0b0a2dd11dce4487ae235f24a52bce18a35665f026a869cd0f8fb0940431cd1853ea40b5fefb034b22321ce21ba591727adf5348a857d,Y,1,0.45504883677551977,0.5449511632244802,true_shap_primary_holdout_sample
535,464af1d0bd1aaf3b634c4a99b534ad9037f8fcb0c1162d251055a275f147dcd965f1dcc266ee77bff908b7f77222909a3404d0d6181c8fee98c5b8b75355e7a0,N,0,0.5099110631617749,0.4900889368382251,true_shap_primary_holdout_sample
538,3d2dce022af89ad3e2f8c34e25650b4a5780e2656ba844714dff92da99f02374dcab2a35a7d6fdee3e6f7308c29e28e352736c6a7ca460785d67eae064702e81,N,0,0.20037516621840396,0.7996248337815961,true_shap_primary_holdout_sample
542,209ecdcaace4e4c60794be6f09b7a9347cd3bd9e1e68ac66e3bc8dda3960b6cebe56f7d289f8c0783d82694d3112d3b0e49a83d0170ff54f03f3c17cf834e86f,Y,1,0.9780094941051147,0.02199050589488527,true_shap_primary_holdout_sample
553,92245242f168922ac928fc6f45d26acdba2aab00f088685b95ae3607879090381b430efc1dad5cb10f9745b8515b1d919cf7e7ecbc7141186b0b13e0b8b7dc91,Y,1,0.875602164411329,0.12439783558867101,true_shap_primary_holdout_sample
559,ac79d7eeba87ec4012b0c54f74988babb3d3498c344b9d83f6f58d1bb7e3c3a57ab11fb3add6f1cb9ec8a30e9e702eeb92d4bf0419b4be29d72ec6670bb87b10,Y,1,0.9785714048536165,0.02142859514638351,true_shap_primary_holdout_sample
561,5aa96c0fcf04cdd19fb33479a1533e9738e6857ccb7bf85fde63083bf2182dccefcb3569b07f36c2a79e5204a65529722a003564fd403c5840c9ec66fa15dd91,Y,1,0.8416688692897375,0.1583311307102625,true_shap_primary_holdout_sample
564,f451655ea7b453d5fde4bfd76ce012c792a436c04f0101e32f8903dd80e1222fe6d45766a08c6671471305a8e98522758e2317e6a762b8a287f1c7125f41bd8a,N,0,0.18316251251366517,0.8168374874863349,true_shap_primary_holdout_sample
579,5785f6f08142a7b87626f96a264431bde43e574f75a184f77024818aea3f821d4e9779ffc63484d896e0d1840ded1537d77b4fde6a3870a1deb2b01706ef4e4b,N,0,0.5192442549350608,0.48075574506493923,true_shap_primary_holdout_sample
588,19d1c87884f8988261164301d8b6d2996f71bf1963962fb6bc22d235f39c1db741d9f996f65425465823a1c4fc93dec17d5a62922b134d2814e2b5c98cfc2155,N,0,0.28085986012038044,0.7191401398796196,true_shap_primary_holdout_sample
593,20e81365813f0ac984c292cb37fbede42957c9f20fd94851c4e1d4b9b62bba425435cff1b418b94cfa4cfdd56931d508aed7882d9bbbfc44b38798e221cfc3df,Y,1,0.9872497807312615,0.012750219268738539,true_shap_primary_holdout_sample
596,0f5ee679f3ff062c7c94d9ed0909a1c4e014160d0ff6e3a6ce6a163e17584bf39f928345c771af7b92c1c8e5c201ee27d9398b6b262685526ba9fb107d2cec41,Y,1,0.9794266162545205,0.020573383745479457,true_shap_primary_holdout_sample
606,b790969e9f042a79109b71dda85cbd9f436297bb522bb58eda37ff64dcfe985710dc369f1a0091fa7bee4c907404121b4c461ace3a1af5a2b66c68be00e8bf30,Y,1,0.799032328140772,0.20096767185922804,true_shap_primary_holdout_sample
654,419c40cef51e936caebb1e802d4388afd6ad7dbe1b7fb0873e341fef68185d8a4292b65f3f87b6266de9fa13f64bd1ce906f4b725fc5ac40700412d750b07e1b,Y,1,0.31318328646020605,0.686816713539794,true_shap_primary_holdout_sample
656,79573280b7dc4084ece570d5ce66491cbd9ca3d6958d48c2d0ce0c95bb1a9e1e2a4eb1e9b2b4334c4ad29aa82600d960ffeddb0fff5f0f033e0e4279e5ee9e39,Y,1,0.9816836751742456,0.018316324825754404,true_shap_primary_holdout_sample
691,8ae73d1abad5fdcc9cd1cbe4e97da55abab00b4e6e01243cbe889fdb49a8e42b726fe8555efa0a41ae3672d9405fac9028d1182a791d839a3dde5668b39648ab,Y,1,0.9597596718992081,0.04024032810079192,true_shap_primary_holdout_sample
693,6379d316afee94cccc5c0d05e29a764047ed9c1868a9b84f63b3725b097bd7f7b6b60642a3795f21542b6da11fc5eddd69e68b213d84a45037f164e68310fa51,N,0,0.41650222362592976,0.5834977763740703,true_shap_primary_holdout_sample
695,77409292929e0aa75f1f8bd4b7f5f158943c55177cbafbe3e1f9e0a7a3b584d59d7a3c6cf6a78b363ede60439720df7f0e6e3ea3e4da5b566df350f22457638c,N,0,0.48064819768438494,0.5193518023156151,true_shap_primary_holdout_sample
708,7fdbcd4663683ccbd3badd553c690c0470627a93ee85a8b6f044351b31d2f5a24065d3d18e4a79107bb5f1da9a24daee3c147b5ac57f14df42f0ede360898514,Y,1,0.9826767337617758,0.017323266238224222,true_shap_primary_holdout_sample
720,bcbb63ad53c9feb2a55dd1f753a6eb098fb9c6969291f31bbc4e468773aadb0a64f6eac37a679b59285a60c4491008f503f36a61dc153cc922aa26e64ccc1aea,Y,1,0.9833249068293815,0.01667509317061855,true_shap_primary_holdout_sample
749,e961bc9745f59682063da5fe5c8915cf6ef61e9c60706d12805e17f3c9b639ab189828464da1dfca49832221f425031f8714e894573abd5a9ee4a3e879529421,Y,1,0.9823393399778038,0.01766066002219624,true_shap_primary_holdout_sample
765,f7e1abe5172e1755b0def13d2bf8ebde1bb310fbf2e4d88b2ee4134d5d01a65f32a9771db3db93a27b78e4b34c089da163f95018c301240f3c6f5bd81b7a338e,N,0,0.2361713369647874,0.7638286630352126,true_shap_primary_holdout_sample
767,7401c5c3e28efefc193c5ec306413e6812af9b1508ea4c533d3ef95f70a091e986b3a050e21b23c84dbb6e722f95fc53a77cb303925fd5ba893283b2a34efa5b,N,0,0.2362341003708385,0.7637658996291615,true_shap_primary_holdout_sample
774,ba2430249d7901e9b5005a315cac882436e841d824afa1cc30d639ab96ed444de42a3bb1db2caa1d798caa97a28d5413f68854ed5cd155bdcc7f51ce8a7ecad7,N,0,0.2405851053528726,0.7594148946471274,true_shap_primary_holdout_sample
782,0e87b0be766a664829f23b94eb8252aabc91a4bc374ab2b01343dc6c20dbd19df75ce2ebe45c166059d4bb8e1220ef617e8b2ba16b94120aed8fa810b34352db,Y,1,0.967784120263215,0.03221587973678497,true_shap_primary_holdout_sample
814,9e0946e1842d2370e5855c36104cee9a4d120d65fd8425fbd9bb7ca9d480ee807c520bb0b7e592ad4ff3273fa07b4d955bf9498c7221b6443648c64f4b6546de,Y,1,0.5322066232211107,0.4677933767788893,true_shap_primary_holdout_sample
817,3608662a72e2437226dffcea6fd482cbc9fcbd27728719a97b2bf9cfc23bc1eed49b909cd87f7730144ee2aee46789f35836959d4db49c808f01bc0bc81c0c21,N,0,0.4848277961539343,0.5151722038460658,true_shap_primary_holdout_sample
825,9cdad589c728321fcb9c92287c85b6cf9862c11742afe66276b571d8762d8561f738b09e1273e0c06b70daa94b86c3c7b4e3055991cdba5aafe4f51d0c04ce96,Y,1,0.9784615683930136,0.02153843160698643,true_shap_primary_holdout_sample
830,040606f09d876f5870dc0e21a3c8894f1318fcc53366fac9adb34f11a8d4d78d17890f7c5ec2f3d62aec64ce7b3b4fedb7d1e696c90f8ae691f07b28a6a9b7f8,Y,1,0.760151821521051,0.23984817847894901,true_shap_primary_holdout_sample
837,9e336bfdaff724e54d3c9460fb765af50682c4a61f7249d8a60b49177539182b4d05975fef3904d77c147715e2ac709a7ce4ba396109c4f1534341699ba4ba3a,N,0,0.2850032433859655,0.7149967566140345,true_shap_primary_holdout_sample
838,27f24c217df13de57dc530e7338ce4e99118d28b8b946de8716b4701076466653833e8e82c32bf2266dcbf5c6a8114eed5a3be99c2b65ceb2114ca71416e157c,Y,1,0.9790901285659452,0.02090987143405476,true_shap_primary_holdout_sample
844,fc06a5306d642012c3c6f539b82f7fb67a93c27e5526da31acd08d5ea06990491d4e764310de4d10e5134523ec7bcf2ebd51a275169244e69547312b14572588,Y,1,0.9885273917145757,0.01147260828542429,true_shap_primary_holdout_sample
859,0a2fe142bcf56e2832e9c212509d03e78837a27df9d73343742e66e3b48193b6fefaabe754adb34f4631f8a0af58dad45fac6d171d9f403d749db7211ac424b5,N,0,0.4379788388737015,0.5620211611262985,true_shap_primary_holdout_sample
893,dcd0582979965147cf3cca0efe7767401482dfa5d48c6e5011973f9c4b1cad4b14d0b18feb52263718067e120c7f51c36cc23ac0cd51dddb7b317fe48cb088bf,N,0,0.738019913404615,0.26198008659538496,true_shap_primary_holdout_sample
910,568903b6e4a70377c7f926800c0d7f2ef2801b2a5a2974b297549caaadf3a60162523d99d2a26dcaf6ea093a1bca0f7ea292bccdb8993a841d0fc4a34fb18087,Y,1,0.9787124434102806,0.02128755658971937,true_shap_primary_holdout_sample
911,7fd0dcba460ed5ceab4f55177b0e3ac81f42a1f3916e04b5c7cafbc51789f9bf125e7b77e426143db2563e7511fd703d010e9f35e0184e1fe532d9d3d2826d9e,Y,1,0.6850534463488096,0.3149465536511904,true_shap_primary_holdout_sample
924,9c55952da5ceed8c2d3fe65477d4a2294020a399b83c1656de41eb65cfc38af0d04c88c87d2679b0258eef01cf5e9cdf5dac87aaa264c001a150d96fcbcab46e,Y,1,0.9805641294100256,0.019435870589974424,true_shap_primary_holdout_sample
940,7de27474a9033c00f27c5d59d2f0431e8f152295135ee305bb4cfcceaecada9ad70bdc556ae5dd8327147d1e1888cbb87a8b603270926c80be295d8d676ba598,Y,1,0.7230459915657376,0.27695400843426243,true_shap_primary_holdout_sample
956,de5163447ad3c656e5df68f400b80d0672e42078ae550a7c304e462f36104148a74880717484c83d217a7dd3c632553406fb91f41fb2c7f55bd60ef12ac4fbae,N,0,0.7156896523463262,0.2843103476536738,true_shap_primary_holdout_sample
965,0333ba618c45bdc6184a865a79d3f4dbfffb8b77c32a3c386846121a05dc7189585b8b073aa2a0b61725b9fe7af6785c877cc5e3000f7945e420d6d326ddd2ac,Y,1,0.4525955835599222,0.5474044164400778,true_shap_primary_holdout_sample
970,eb39819507da4bcf324e249a52db6c7591be81c8f8a81cbad6fc158754f9fa1fbc15ac0ca1322a20283ccf0f520a8db989a8946b1a4140079c170700fe56aec4,Y,1,0.22554947736008604,0.774450522639914,true_shap_primary_holdout_sample
972,514fb5b982fc1db5e7e979862ee7969aa8f47346bc83a31944d359cfff369c525a550ea2885b080230bcaaf8c9d7c02028e453ceb46987f13ccfc569e1ba1b8b,N,0,0.45400761364043396,0.545992386359566,true_shap_primary_holdout_sample
993,b78633d45440e2fb9f2a5c7016ef9444777f39d8f59dfb9eb3f438daa3ae19b936d6fd7960d03a38fe086f356a2571da349ed343ce1a4e5f9ab8a0779916ce15,N,0,0.24769736718701485,0.7523026328129852,true_shap_primary_holdout_sample
1001,17d0a3ccf26fcbf1524603595340eb73b29bb0f2981c84ad623b8698bad54aec671f0bf467a16fe2d2a02226268b77d9f0130365a305133df65ad05751d9a398,Y,1,0.9822874547670356,0.017712545232964394,true_shap_primary_holdout_sample
1006,916e9916349d1f38576460288479861dfc0cbca0dc3121e20ed409404b861aa1c04ceeb5c02b749ca5ad280ebcdef1bfdfb80411af6b5e43b08aa634b76c884e,N,0,0.21461732611408202,0.785382673885918,true_shap_primary_holdout_sample
1010,6eba4716a6a0291284273f367b0a9ba355e5ab2fd0c7038ec32e94e51d8fb9028c3b311d30340f89434f172cd3a3b4d26621139fa0add12f33e2bad4a188439e,Y,1,0.9744084190250919,0.0255915809749081,true_shap_primary_holdout_sample
1020,160622e620db467a60efee87d0360b8a85292a4f339d7d45ff934d70e2af5628780c6577db53b9225d71fd5abc18e8926f5e6e8c29dce98b6c28852f9e57186e,N,0,0.4215210732669963,0.5784789267330037,true_shap_primary_holdout_sample
1040,a457c3e8673aeabb66257fa74ad802bf360086be12be296ce6ed0e125c394da666114fe4dca3d48eaa80e384d269ebe70a9ba4f637745802ae503cca2db9513f,Y,1,0.9451887972792865,0.05481120272071349,true_shap_primary_holdout_sample
1042,a314b99db9accc0284a85b54e8aa45fe052408b4af00d7143cd49ba7f135315a5c9a1376cb3a606a32b1b3ebe9100accef5550ce2cfc853278d0ad4c832b9af2,N,0,0.26008760291502286,0.7399123970849771,true_shap_primary_holdout_sample
1050,0502d1be3332cfc3a97e58e71edd81565cd543bf529c89986847d9505bf00d669fd33eeee98cab7143113b1a539c092394dd8ae4fec5ca4a494af850488f865e,N,0,0.7624054226919644,0.23759457730803557,true_shap_primary_holdout_sample
1057,739d6860f231a4419c1abcd27df115d3c684d04ca02de044a53ff4b92c28b776446b0e443d9c9663366f31f38cb7570d947d28a89111df916c648628287dcebe,N,0,0.5793461318883989,0.4206538681116011,true_shap_primary_holdout_sample
1058,a658f2627fd91cdb24b56c47e83e74a2651b631d87ef8c0cbe0cbfb6fc1d7489238aae6c31774318ee43f71ff430e5edf63247801aed43f6dc5c71ee85ea0122,Y,1,0.9771155473926932,0.02288445260730676,true_shap_primary_holdout_sample
1071,099cb55950e1a03cf9fcbf0be35b3795bb8f2f94450c568fa3a82ce8a4edd0a9fc6b25468716afb2bd059142323ec6210f85fbfe711053f98d25fb3f3235ce06,N,0,0.17280087724851018,0.8271991227514899,true_shap_primary_holdout_sample
1103,9080b634b36913a03efb80a7a2378de9ea73b6f2d073ea73a5beff4795d47d1faa79af408e2edcc24390e624b7aa04f99ae454dba7bbd8bda3e5009b82e64d4a,Y,1,0.22325458028266312,0.7767454197173369,true_shap_primary_holdout_sample
1115,df4dce0675cf9f9070ec81ff4c8e34fe202abe4476665554b5e5dde2239145b51090ffc8d2948db820ed40c0fd154aaa1cf80754842c1ee840d2125d1ee36875,N,0,0.4121575707799735,0.5878424292200265,true_shap_primary_holdout_sample
1121,c888589ae77253979dd5eda32b18dfd77dd3fccc9bcbc198ec2445fa86f61a9d7daff5341cf0a154792df97d356b6f47824dbc1d81f3261fbbfb7df446b09627,Y,1,0.8696620620884663,0.1303379379115337,true_shap_primary_holdout_sample
1137,a40003140467911700fc55a551ec5e093012995f644371be04de83e19b75c2346b1dc581941ed752846d687f0b601cf98f2c016663a535be5d11181679fabec4,Y,1,0.157934741192177,0.842065258807823,true_shap_primary_holdout_sample
1138,11425b8fdacc0372e6005863417da01fe03ceac9378889c6b065113c52b28f392372ffa979594af98d23f030cdf2cc28e9fc23d637915013f586a6dd2262ca86,N,0,0.6598569991880258,0.34014300081197424,true_shap_primary_holdout_sample
1148,8a6c3dcc9a665cf7c9287bbde1f66d31354b8a865caf7142c84755a877a93b54a4a38cdc0b92f0d010fe99f3b5481e1bbe027355737db979d32a8404010a4221,Y,1,0.6372732721943325,0.3627267278056675,true_shap_primary_holdout_sample
1158,a13aa6848e51b5d450254d23d13b3e8287cd6d02fd0508e14655ca97a98422045927bbba64c71f7b60d7afc494168b1f274768fd23f0c25982e4223d0cf0cb7f,N,0,0.3981166275016269,0.6018833724983731,true_shap_primary_holdout_sample
1190,91c5b412fc34936eca85c9f2ac5867ab86d374432e43ca07204eee8de9900caf42a59f25d25018aa805e7228a23b2b3120a04ae777bd4e33860344c9258e4b93,N,0,0.6029158397532924,0.39708416024670756,true_shap_primary_holdout_sample
1193,b3272d2adc0cf26de5658f2b60a3a94d060ec283f356dbb5a1658a3b0a93837ed1a34eaa36a5e94819b0f0f729c9d5427ea882cfffb29ad2bf50ece64643499d,Y,1,0.7906760560323052,0.20932394396769483,true_shap_primary_holdout_sample
1214,4bd8d810690f9448b54f0e92b517193195d5ce24ccffed6d01f8bd20bb5db009a9ea41a25a8fa7a91189fa8b8dd8a6c1c4ee56935e3a7a427cda687a7f8bc7a3,N,0,0.4597807329758059,0.5402192670241941,true_shap_primary_holdout_sample
1219,1c66eb14307752fe2d4311264f380ffdd24f9efa583570e1cba2746cfc9cbf219e06a5b0fa395dfa733476b90158045df42f27b4b1376b1a397980693e1d9170,Y,1,0.9468695969427178,0.05313040305728223,true_shap_primary_holdout_sample
1226,0bc55e3ed6495860867cb74c7e1753efd8f34a62ed143c1268f8aa0b0cca124391770fa59f1178b1c3c07f31c7abff6a099f27ced201a44feec1b6b2ec632840,Y,1,0.9831139028219222,0.016886097178077764,true_shap_primary_holdout_sample
1232,706a77d4fe0ccb1d8c23a2c8f4020aa518e006690ee381c1f3cfbf8a0da7045d77b58bbd87ca66f7d241cd180d544fb85e14bc06e9791c1232c5ec6a56632b9c,N,0,0.9251306897305807,0.07486931026941934,true_shap_primary_holdout_sample
1241,eeb30b1ab2c61535ef9051e2860e7c8cf6b982e0fe44d0354679c94e2d4fd73705d4cc03f257480e52e487463ad8ea294a9c6df1b87336e04d66a8ae20a4dbe4,Y,1,0.37924756895930684,0.6207524310406931,true_shap_primary_holdout_sample
1242,c02ac0c4658df7438b9d4f600dcf37f789e30181ddff1e4db20979eaf3f848aad3cccdf080bfa49f1f1b655ac9a99bddcd045ce8f5eb7bc626394aa795072f20,Y,1,0.8252526190813544,0.1747473809186456,true_shap_primary_holdout_sample
1245,80fd4f70438993a7958e844eca16e40d63e6bf16acda68e4c73ee8b68e86fc79c5d2059470d496456b081cd229b1b221208fd6f35b4a76c385eb0d0336926fce,Y,1,0.5800074575404696,0.41999254245953044,true_shap_primary_holdout_sample
1250,600a9ddf6657b2e9ef65af4c4c2643f64ab4ec407f2f99b85593358d2c6a9246f64bd413ae53daa7f06e78bcfa837cdb38833802ef121b6e4086c7e98217700e,N,0,0.24205763023909632,0.7579423697609037,true_shap_primary_holdout_sample
1256,5a9ce353e070b20d33b2670c5b56d9ae37d7318d28174453ffd010a2ad6f49a224f1d5265088c3fd0761c5d411fbc8e51a8d22e1b645f1121b3460287f65688f,Y,1,0.9398193034946003,0.0601806965053997,true_shap_primary_holdout_sample
1259,1e80a020dc5d507680523d802cfb309442afdadb33ed612b63260fd89fc2e5cac06d6cacd7e600ff07c7eeabaef750f40924f4b10a63d7acb748fe0f85333479,Y,1,0.5782740953506491,0.4217259046493509,true_shap_primary_holdout_sample
1270,acce9100fcf9b1ae7f54670f38420869d6837e023644c0668b4298acabc51fc0827cd29e8096589327ac0057fc00fc1accc47cd7b228e5fef89e88ffb5c1b7e2,Y,1,0.3258682282702539,0.6741317717297461,true_shap_primary_holdout_sample
1272,3755b9adc700f71ec9653553b3f3d6b6332b0e6f08a8a5df691d01c67e187f774ab6395ebd8f78db130f489474afff2ad926093d8042c87e10da89a7617e3d15,Y,1,0.47017212977168626,0.5298278702283137,true_shap_primary_holdout_sample
1299,a9296686700c4dd0b515ed36b7bb075c74982678418a187ed39625feb1b33c3132c0b7ed496165b6a50035297f73384d70f115550dab8d6dccc1d00af7853ae5,N,0,0.20083683226713858,0.7991631677328614,true_shap_primary_holdout_sample
1304,110ad579268828a0fc0001a69719c0df752a6b382c35f5c2e1ccc8dc5fce6efb0bde60b2d688a3f88d821cc3671ba11bdaaf47afe1aefad5d4e24bb53be19467,Y,1,0.9850533871168698,0.01494661288313015,true_shap_primary_holdout_sample
1315,5b631365734f18a8c95bb6d6e69102f2794b1b1c989edaaa7a0d4c6d45161c78bb7dceed9e99276500ea98bafb47151ffb3924038c46dbf0cbe88d27e7b8e941,Y,1,0.9681259542680017,0.03187404573199826,true_shap_primary_holdout_sample
1334,10f9d9cc52c5c62c9a66e185cc6ee5f843cc6108715cc52903318951cffe841507e31c3136fefda6ea6f6431fa04d658171e8fce9d32dcf8487b26469ae94313,Y,1,0.2887621951042855,0.7112378048957144,true_shap_primary_holdout_sample
1354,e5e61e45a1ec299d4a587151dac2b6b9d0acb8b82d103102597276abc14c3e8bf0cb70e0f9861ba33af0e4c095256428a6dea9ac26354fe41d85ea1af3a652f6,Y,1,0.9789415918260328,0.021058408173967202,true_shap_primary_holdout_sample
1356,4c01f921bfd72af837ca1ef2c454c7ae9bf5cb75a625ab9467141a31150c33e068e28ef233e76ec726c9c44657486080b9349360feaa1da28b1238e17931507f,N,0,0.6661555534864194,0.3338444465135806,true_shap_primary_holdout_sample
1404,35fbad843d6a83d4db9d464e516eb9112c476777a7e6df62a80ef0eb5d1ed1a285cfaf2fda74801719f32a88b5934c817366a3d80d9323f372b2124c199f2161,Y,1,0.9705073855936236,0.029492614406376405,true_shap_primary_holdout_sample
1413,39ee3d46cb956eb282ea99cffa614d16e808e90773dbd5b4025ed5f65fa51ae4bec785d38852ba34eaad9be321c6d7a682c05cd0a5061d6cdb5e9099b6b1d674,Y,1,0.1539360170735132,0.8460639829264868,true_shap_primary_holdout_sample
1418,123365c6671977a44d942215e91be6f56818ad47b62ca75d009edc5bc465846e38eba1eb523a1cdbcae5397269e1715f6cf43603b6097a7bd7f29c5cf09e8c91,Y,1,0.7698527981829231,0.23014720181707693,true_shap_primary_holdout_sample
1431,33c5cd9a57ade84029f83562edb26ad15cee610947ee73d17482f2cfd3657d8aa7b0961c6886142bdbf73d5dad6cb09b231de69a3b723c34b1510e7f56354571,Y,1,0.9793974998417659,0.02060250015823406,true_shap_primary_holdout_sample
1437,cb7ba0422aa73f1760fd02c0eb59ea8931d10e2668a49204ecc75fd7dcf79868fa1e1be97feb58d762be16f7f841c9a683d545095d50d94e1a828e3f928b8be2,N,0,0.5266533438688513,0.4733466561311487,true_shap_primary_holdout_sample
1448,59d20e8058f557f5661d0f6d0d64907f9dfe0f5ac11082e2e609ab7b05be018e414b898e180aec7b74372729a7a0345a8ec6c568c3f17290f4a25560ca399623,N,0,0.4808085591359491,0.5191914408640509,true_shap_primary_holdout_sample
1459,45dc112460f7f686a695f159358c5495599e31bb19bdb090c21b983a1dd8d48e8922bb56b572a9bf4474a4bcec035076b63e3b2255628975a3618091753ade1d,Y,1,0.8364124132946248,0.1635875867053752,true_shap_primary_holdout_sample
1467,b2ac2eac133638ad0a96df654f769c153e3e69e050bfde6a4810e5297e3b4ddedbca11ee7ef5014b809c177a3ef52789a6f5617b16fc80889fca4b1d0a2c54e3,Y,1,0.9864873042424626,0.01351269575753744,true_shap_primary_holdout_sample
1469,2382a28bf77cc9106490299a370cc69d0de5dc99996609af3cb774db1a676e408783e6d9f3cf2e2a91229160191800afbb38acccfa5a7f5fb0bfea8612ccf95b,N,0,0.6050870069110484,0.39491299308895156,true_shap_primary_holdout_sample
1497,56596816bfc610d7d1686ebe1f622467089729b90e007c9bf12a672a767785a5c8ca3cde8469d6c9586874887db75d8aaad86894a4730887cb41169f2c5cb0b5,Y,1,0.9853077771519541,0.014692222848045944,true_shap_primary_holdout_sample
1508,9445c3c962ee4e4f436ff4a1615f6fda17b7b2b7f189d29cdc3924d857398fa94d92a539aad5c675d51e830f9e534e57b317ec33f0907d591bdf82b46509ce27,N,0,0.21061381912012325,0.7893861808798768,true_shap_primary_holdout_sample
1528,754f7f22ecf88b47a52509bc2d7b81ad28680c8fffcb8a5dc99d54ad61b6678beba910d64d90d82ffa992e80929132d97836c6fdc55a47b2f3ae42bf72967bc5,N,0,0.5764511205459414,0.4235488794540586,true_shap_primary_holdout_sample
1541,7ac25a2fb45db055945ad20360a64f30c9ca8c8510d1de22e00fb7f3fa0fb30c4a407bc15d0167c4c14a2fb7c687cce5c72eaa5bba0cc3bfc1412214c4d39521,Y,1,0.9830388362357912,0.016961163764208753,true_shap_primary_holdout_sample
1553,e3ed0ab62d5c2307106ce728debd4f3daf735b9cc75fc715a9c41b96a66f2817177830d2b71756771adbb20d7cc730811993b9b37e81c78b54389ae18bfe78af,N,0,0.24099485825525105,0.759005141744749,true_shap_primary_holdout_sample
1555,a9d97157d970456276478b135f0c44405467c99acfd22b87ca573aeb1cac3f3bb4b1892c8ea7c130dd940bd5b29b38a3625fb392074860126a756db17b2ae15a,Y,1,0.6719594153725031,0.32804058462749686,true_shap_primary_holdout_sample
1560,08720db16aff027c6bac7d3c7fb94d55b17cbcb4d1853de6aea305e47c598ad8fb95ebaba6a96b38407eb985b5335f4fdac2d5c6286693254d3be9f406086cee,N,0,0.5014401362294207,0.49855986377057926,true_shap_primary_holdout_sample
1574,dc0f77b9db3998adae3133806929b34d5bda4061168d3008d6e55a3ea2b22d4ae9e1a5b727992dc167ff8ee2d8086f297ed9e4050ca1e9ca3fc235f1d93f4369,Y,1,0.312167254903475,0.6878327450965249,true_shap_primary_holdout_sample
1588,6e4c0a9be65fa7ae978c37ad8cdf2837eccaa41f30611cbe2fd00663999ff8a9bbc8d50158d0405f6910f48dcf0ea5c076c1440d78003762753fa1c78daae014,N,0,0.2096998667322357,0.7903001332677643,true_shap_primary_holdout_sample
1621,f0afacffcbd1408c5cd754bcf426ba105853c0ef5c40dc3460b2150d9fdcb9bd5b425aa6044d8d6be983238108dfeb5882c1ddb5a4a1547de47148378675cd50,N,0,0.5734428013764044,0.42655719862359565,true_shap_primary_holdout_sample
1623,281d21bb4dd7ceb663f1d32b979b597c2b4e5f297916dcb0a44216924c952acae83b44a84b31168e88487e7a880124a11efa17339567588c85a2c6c2c143495b,Y,1,0.9450118528100523,0.05498814718994771,true_shap_primary_holdout_sample
1664,ce9299beec67a68d3b1e479629d9a6cf3c812e3c983a50e7eb6d54325cf8f9112e02b6302a35109c4a4ab676b2a198a778435db81d8ff9a00075227af3b0357b,N,0,0.23761295703780863,0.7623870429621914,true_shap_primary_holdout_sample
1678,86dd8d329266ff508b6e980c5c3b29a182edc1fb7d81ca1419a44cc608e350592983c43667b528a98042c7a3a6c17ba46762b4dacee52bbfdce66828fd4ba4de,N,0,0.36667687791090137,0.6333231220890987,true_shap_primary_holdout_sample
1684,715fef0b2cd2abf0fa67422de2d95ee3a8d913a1c28f55159f4cd55dd9e1bf8630fb011ff77ff5b6d6bc5e750d55ee1c70795840b85cc8d2c8ac55ae90da291a,Y,1,0.7278462428566049,0.27215375714339507,true_shap_primary_holdout_sample
1691,ba26933cd9ad75bc2ae63845924c68dc0e867958b4957846fdc555de1e288dd96ad814bee357d3863e945789a2e832174e8ecf7afa4643faebeef7a2746c1dc4,Y,1,0.3411118616731362,0.6588881383268639,true_shap_primary_holdout_sample
1696,6b1b2530baa97b8fca7bcaf45a5709d37da32d007df43f74d61267d310e79a6f403d6d9bce05272448b907194e81202d6e84bafa57f9bb2bdc87985e8bd10382,Y,1,0.46678980802812514,0.5332101919718748,true_shap_primary_holdout_sample
1698,38c188639383ae3afa0ff79dbab7b1a3e9394e215eef29f25576f885f0a858c1a008f6bd79ce0fed9cf70a1b82632c587d746461f02c122942cc3c3abe0bf3b8,Y,1,0.9854861301317352,0.01451386986826475,true_shap_primary_holdout_sample
1703,d89b8d264f11586cb7eaff79ffb47ccf6ba5f98854319332dc65346c59066f5d3828f59a639cb77c7b641a41965aa52436e5efff43464bac8ab20efecc279e76,N,0,0.5638195423624545,0.43618045763754554,true_shap_primary_holdout_sample
1725,82a1db02e2cb34d2cc58e04a3c148e50abce8d9c5644e4a2c18e3978eff84375783cd8855f4d608d96a36e356957945b79838ce724b5dd4f496fe90115043653,Y,1,0.9781115957605037,0.02188840423949634,true_shap_primary_holdout_sample
1737,436417d9c4325de15a9980a2a40e22a1cbc498f1b593e63a51949b7c422d0222a21b86f9835409c76832d663bf6f3cf782f4536bcf44ad1505faffba86264fcd,Y,1,0.981188698871626,0.018811301128374036,true_shap_primary_holdout_sample
1741,9acdb5c1e2c868b4f890e368263bf4b01560bf5b3d309c6c28485ede4198edcd907bcf8a36dbdfd0f1e9c8c67fd76b5c9e7e3a1296631fd7b2a03114197c4954,Y,1,0.9718537865143896,0.028146213485610416,true_shap_primary_holdout_sample
1747,46ea50d498430f220d420f8b21b1944a59c32cf877fdac69e1b04a44baf5806212b6ec3480b0ba25eac8f17db60a7714bc4fa847b2d0bc2c14a9620c72ce7bca,Y,1,0.9713631820003971,0.028636817999602937,true_shap_primary_holdout_sample
1756,1002559fd98085a321cf713ac34b5d50faebb6375a25aaf2b985b8bddf36ef75e7c0842e5a0034a24e5b34871116b308ed1798086c931aadaf4040ff25f58f75,Y,1,0.9774727272801089,0.02252727271989108,true_shap_primary_holdout_sample
1764,d9ad53dbda74d34cdc2a4e0b2d2ac00e51b0c9b5f6da30f763fdfd62e07b82c9f542bdcd6983a7e82e052548255a2b5700b505b64170a7c5473efbe28def7646,Y,1,0.9642291313955041,0.035770868604495853,true_shap_primary_holdout_sample
1778,e8ca6f7e1ceec4c191ea42501cf2060952d3002f59ffa2192b299c51e28a26f2140cef79c91b5bf810e04e2cc5c4c26f6605db7db9581673bdd0ec3c82835214,N,0,0.12884446723952203,0.871155532760478,true_shap_primary_holdout_sample
1791,09503171e33af5e12936812fc922d4a538bc9fbcad493526cfcb00165ec5ce01f33434f39dc5d76d858362fda4cb39abde5220c5a526a89a8bf5df021a186ab5,N,0,0.4422934414053173,0.5577065585946828,true_shap_primary_holdout_sample
1797,8f4cb21df266bc20c3462d3c4158b132f4ca6994f4f62dc1d288764a754c67f146ec47b6801aba4c35d31f2a05545d61f74c66c7443d48b7b383d45a9a99ea32,Y,1,0.8334365215985228,0.16656347840147723,true_shap_primary_holdout_sample
1810,91b3abab7628dc17a81af088d0682098fa114fda6e184a4c27de26086a29e94072137d0769a28f8ff69083d490d79ae3efaa63a7e3e67d049bffdb5e432ef49f,N,0,0.20382970207114476,0.7961702979288552,true_shap_primary_holdout_sample
1821,b4b016a8c9ef8182db665c40bc50f65bbc29e00a037de086e0239d97f0ec55111285085a170e04421b03d41fa09a877e55ae6520bb2262071d6ef859f540158b,N,0,0.46959217283969834,0.5304078271603017,true_shap_primary_holdout_sample
1823,c76d0790812a43a270bdc2417741d11d38a289cbbb18331d9f551f9e4a0e7a8c8975673a5fd0d255d374856408b4fc4c0a9924ef5414d374b28c1e7332313797,Y,1,0.9707368244440647,0.029263175555935272,true_shap_primary_holdout_sample
1827,57ad051245f2361fd87af801ce1ff079a430493d765937529a94e71b2bf32c0d2ffa2deb1b45c3d3fb07375d934f60c46de36bedf16bdcf53e93f7fafb2d55fe,N,0,0.9681020146800513,0.031897985319948696,true_shap_primary_holdout_sample
1833,1905c070e0a4037d99ad778818266dd5cc8626c40d509b9d75a53b9abaf2f6283b0cebec500f1223d9bc710805f122324273312895fcbce7fc091d57520407f3,Y,1,0.949559770970972,0.050440229029028005,true_shap_primary_holdout_sample
1878,61c5ff212f036412f3e93e489c4a51da6600272fa575dd246093cd74c84e12a23207db8285ead6424aa6bdc8695520f001dd8939194b89c85e66e762c13336a5,N,0,0.48055825304845234,0.5194417469515477,true_shap_primary_holdout_sample
1890,6adb66fdf421689e6fd5d0f90ccbbae47c396bbf4bd65c7bbd65b0ee7b4927c4499b34b86216a464450594cbf9389d9c83d643c4fdab4c9df62210a88902f7b8,Y,1,0.9631519351362395,0.036848064863760466,true_shap_primary_holdout_sample
1902,ff9fc613cb46bd348436b404a282a745a3650489f55661cdde95a8b0a077004d4ed546086bda273a482f63fdeaaac2e3eed47b5b01e6a484c5fb88e8c6642294,Y,1,0.978573293427679,0.02142670657232104,true_shap_primary_holdout_sample
1905,b80c59bb8f666b792e9b66f8f27576f7ed2801f6f3d7ab010282d01cdca31039cc609fb179f0227ed1a86dd1ee5a53a5e3d1994ee2ac53be256f8ce4b290308a,Y,1,0.541403155308856,0.45859684469114403,true_shap_primary_holdout_sample
1909,d3dc127474aa58fcf74e977b081d4f4d75da4ad6e73f80b2e0525d4016d2349812b41181ef32bdbd05576d6b384d52f11de8fde3cd345d2d9a78eb03911219a6,N,0,0.4687200517904754,0.5312799482095246,true_shap_primary_holdout_sample
1921,649ea96334fb7a22ec7d1ca868cd9fa46a9ebd1afda4112d73716e56be6e88c685a929bbe12466da26022bc8f950b5e6c2c8cc37a667c1136e158198af13a910,N,0,0.3124574177156279,0.6875425822843722,true_shap_primary_holdout_sample
1922,61e5de0428aa3ae035aa91399a062cd9c63dbfa545d98a06ba2f638c9c9750c7e53cd7d64c7eedb0d27d820bbb0f746a8aef4cfe1b2a8502961f767e8a8735f4,N,0,0.4971791006034818,0.5028208993965182,true_shap_primary_holdout_sample
1924,762b531cd367d9e68b78caec228c77eda6a0fc1c5c3c23f93ca98515510f37681d19a86e13b866bc8cbd1eaa30fffc4fe8a5057c779b8c01d31468bb2a954e99,Y,1,0.9788364047951813,0.021163595204818697,true_shap_primary_holdout_sample
1927,11c8ec6edaba0bb5a0524e11e66e301ea118f34d452c65c09722eadaa70f523c8f5813ff7e95fee9a17824fa8c25ffe18ce66fb41ff30743051f299c89fbd8dd,N,0,0.1887530336865293,0.8112469663134707,true_shap_primary_holdout_sample
1934,d09a64c60857a25fc1b87709ca8f879c685aa75a4a4698b13d2f7825f1fe18ffda7b971d22eff15c121fae2c1ebf5b5ec6e31cfdb50bf31d5d8859f65e242c4c,N,0,0.46288778908776873,0.5371122109122313,true_shap_primary_holdout_sample
1942,80b693b3b7ffc73370f7f80e3241e64309b7d86d4f6ca92509e7a473788fb505a6993fda67c9c2c76550e0dec88db311eb44f8f4ccf0a503615d0b31577ce366,N,0,0.2387565016447858,0.7612434983552142,true_shap_primary_holdout_sample
1961,794e0dafb164ed684ff414b64ba7fe7804108f8c0ef7077d88b1b27aa5dc9504eb9b820076469280239b559f600f635ffc5ebabd461b7a4b177b50298f0d7a95,N,0,0.49124427878962923,0.5087557212103708,true_shap_primary_holdout_sample
1962,c66ff3c6a05ff60603891c2d69d093ca58f53811b60e4af3bbe2f4f2fce6ea5972ad4aa3def48aa8086f3c88bfbbb40a1b9b908bb9fda2a81c6fcb9300aa1593,Y,1,0.9652174274757476,0.03478257252425243,true_shap_primary_holdout_sample
1963,cb68a979cc0beac4bac8e9359f2fadbe8d60eca7eab5ffabc946bfa0e394fcbf3faff95e0aa0f1b0525a3220071e97b9abb897cc19f17916690ba464e0eaa14b,N,0,0.17739542063694436,0.8226045793630556,true_shap_primary_holdout_sample
1994,37c6a8904f3cb01081bcd28ef15b22d20ea1246ba782592328bc049ccd14e664ffcdd839d4ea2a442d76de693d934eac09ae19338ce9848c4eea183941096871,Y,1,0.9074287402384436,0.09257125976155645,true_shap_primary_holdout_sample
2004,0fe9e6bef41299593585fcbcb4b9b534837f356b122b858cc7a8c8a89dfcf490ab07aeeb52260a8be16641eb263d07a2d892144d6af02b6f1121ee5640b84345,Y,1,0.5297899732840965,0.4702100267159035,true_shap_primary_holdout_sample
2012,287e62be84862d5e3b0126b2a41578e5df3949ef434e88f6ecb776b8616938a8c323b8b7b8b69c59e8243a2dc1847c22f0e9d5e4ffcd0ce9c1872156943fedd5,N,0,0.6546334111726488,0.34536658882735116,true_shap_primary_holdout_sample
2043,224c2c6982f93032d16d5341c13b8135e5db72984066c74a5689df3485d85fb9d051c32f6b45a6fc0d62bc24abfc00219488c9daf32a2c3c5382fa2d247bfb60,N,0,0.31305075568186924,0.6869492443181308,true_shap_primary_holdout_sample
2049,aa96dcb72ac14886312ca340551d33be48c42fc6cefe910c218650e8f4df97bc837879097e37f500b9b1788118818b1ba3076c71a0fb9114832da49c19f2f105,Y,1,0.5317238185381226,0.46827618146187744,true_shap_primary_holdout_sample
2062,5c3993cbe0e1b924eb76ac7cca0be03e2b3880232eb5a5b5009841bd90fe37ae5ffa56e4a7539a33f90fc49f946ad0d4db6e0336fcb0b67388dfe616f9c4ec75,Y,1,0.8114292331796166,0.18857076682038343,true_shap_primary_holdout_sample
2070,dfa61cf1e18fb2baa3be87ca62c9edfa5e9191a0247d0f240e9461e06fc9c505942ec620a509de45e5062a8849a84b8fdc2485358aaaff304cc65a4965ed9d8d,Y,1,0.6705517379608189,0.3294482620391811,true_shap_primary_holdout_sample
2088,0e764738dc907990e5ece607e57bc24c195700e99f627799506dc75513ec387da605e400184ca5fd9bbfe1ce8d464ae5386a4b337bdec54ecedef48927c00b3b,Y,1,0.927978426575086,0.072021573424914,true_shap_primary_holdout_sample
2103,ca643fd0f8eab6bd9371252ee10590bff135dc2e92b35373cf1bbb8b31aed4cccc9d02be59c15436ddb6ae08737b97d47b3b2623393c72bb7cdd1b11bc280eb9,Y,1,0.954953675613516,0.04504632438648404,true_shap_primary_holdout_sample
2107,f71a91cb6096de091ba7f77305914a8442e181707d94b3fe1ebfff1fd0893bf132c1f4001d3dae5b91c908837e999e49c3c6cd20925fd848ef0bb43dd5c2f334,Y,1,0.9249375926105745,0.07506240738942549,true_shap_primary_holdout_sample
2125,be9c87c384eb0e62af098469b8890692d4ef3d107208ba1921ce00818da688173cc7406aa9caf14de1c51615396edb7c19629da5166e8c29c80335cdd507c9a0,Y,1,0.9303332678905315,0.0696667321094685,true_shap_primary_holdout_sample
2137,a746cc94734aadd9137182bbad2361c7ed805c1c325483f69bfbb63245f47b84c89c1db6ed9a3eb2113318109b21cb7af47e7b408bb2784379aaa524c7428d01,Y,1,0.7364159800705208,0.2635840199294792,true_shap_primary_holdout_sample
2140,5d66f58f0bcae4bddb68c404966f5d72de69841919808970c2c88d2c7d87db7f1e78f4cba66c10607116184b3c07718e1f78c4452af82c577ffbd14afc5595ee,Y,1,0.988967389937284,0.011032610062716053,true_shap_primary_holdout_sample
2177,a9a3f5fdaf81e8c4ab40eed9fe233c233b589e12d015f07b810ff14ad8f1607754dc37f892096783d880b1c483b0cd8d6343e31d8720bf5aac0c5ae79ce94bb0,Y,1,0.9792962446785128,0.02070375532148716,true_shap_primary_holdout_sample
2194,d24dbdc08ab43d456d7eba84fb3067f729ed14666d30c633d24ebe1aadc90be3455ec5ff8219f771e7205972dfe114afdc556e7c18fc10badbda560ca9bb9d6a,Y,1,0.9416801222021015,0.05831987779789849,true_shap_primary_holdout_sample
2242,b6eb744e421d89d47d4fb12c1eb9723e86f47c20d79bf98bf00f62ce7076d71c9ab1dcd665c137bf6da0dd9b33246eee9f20660132fab4dd2c525aed18ba3016,N,0,0.17519161722597984,0.8248083827740201,true_shap_primary_holdout_sample
2255,f9dc534ce92e1cc6f8080574c427d44bf905902edc2b930d7a49d4ff21508d1ee109acd23c5b9fa0e2ec0b1a5873e2c5bf257f0ae0acab6464bfb2442345e390,N,0,0.32945000938573493,0.6705499906142651,true_shap_primary_holdout_sample
2256,bbc93581fdac39096c03bc50d6f0825ad493c615d686676923f9617d1e85e8a9791c3f4cd6db334c82d425e6e960c0f6bf52c664c28099311acfafce28dd6fb0,N,0,0.1553527627857881,0.8446472372142119,true_shap_primary_holdout_sample
2265,878f72be9b9a0ae95587d907ca70fc84e8f4fb4a4ac9475f12bcade842bdf62c0c8a9c61308c6738976c4bd544f4b6818f1885690be62b5c150989ab7a76ba11,N,0,0.49392068750102663,0.5060793124989733,true_shap_primary_holdout_sample
2267,927e619218de17da1e38bd38be067a03b4ef0284ef0e360076eeeaa30ef48de2aa76f016aa034d1c7c003fbf18ece662132ab16a02bbb7a760efee6a919ef7a8,N,0,0.22775908137915,0.77224091862085,true_shap_primary_holdout_sample
2269,50fe827fe3a42ddbadf593b72f3c4cae763e0142ea6b25f9a7576d0a49b870386ec603ab36cdddd3b930fff19c63ef61d35194788787d78c7ef503c6b679b671,N,0,0.16373284142264932,0.8362671585773507,true_shap_primary_holdout_sample
2282,263c80c4a42c801f80ea02787255e72add574ee137571a5c98af3e1b8c9fcf4a9cca379f07d13c463c3650616211724010e4af5984889222e94d1b51b72d761a,Y,1,0.9364827271757067,0.06351727282429331,true_shap_primary_holdout_sample
2284,2acf67c16080fb3702d7753033a1c8cb0fe5c6d5259d4f4d67c656046034c543475419d8f1d9b95adac79e35d9a544e9fa15071ecfe10a66734fb9582fda48ad,N,0,0.8049163119617065,0.19508368803829346,true_shap_primary_holdout_sample
2287,62f82c3d4eeeb4461a26f1ea72485715b3e6081c3b3f04be177adb481d40f8b3450c2100b8c755899dc88127d88131807c3742c53a7410a92f408274e42015ff,Y,1,0.9226931222377254,0.07730687776227463,true_shap_primary_holdout_sample
2307,223f229acd19a9a8e3334b87ba854ed487d34d79ff372ed1f6f8eb593abb1d6e5d6dffe31bf866fad473928728783747852187fc4da2002fd55d4f3da3f81b95,N,0,0.48134213205751925,0.5186578679424807,true_shap_primary_holdout_sample
2312,99325c7ad452d78cb8c9c29991c5d0471b11c7a0e7334fb86e80a1f279f9a56271572355ca7b9e187eb3ebd51622e26167d17dc588c8631805171201d03b3b3b,Y,1,0.519436191972602,0.48056380802739795,true_shap_primary_holdout_sample
2317,cd53b31001e1068a70a55d23758a147aa49b6cf5b27af14fd25b91b31c7b333c7bdab98ecb825a751554366762f051a94989a005f80dd35d77fc380fd5a76a1d,Y,1,0.9574962062051277,0.04250379379487235,true_shap_primary_holdout_sample
2323,bb4cc747eda4a065e380e1d0e6a76956ae6e25e81d5c41a3ef050552ec318c4f059f254b9d3b7136a794f216c36f084f279b383fbad05203e6bf4a7553a935ee,Y,1,0.974224955688001,0.02577504431199895,true_shap_primary_holdout_sample
2334,96e1de23d1b8bc08f6e41ef25f3c34fb9be927a8a3789a9c2ef6e9c0f5008ae4c533ebc48b1912160f6a640a98325f80f176b38945badc49f99ec775e772c70c,Y,1,0.8513554323473778,0.14864456765262224,true_shap_primary_holdout_sample
2335,3c7e55e367a8438d7c360e9bdea9cfb0fba84126937eaf21bef41bba9fe9e0070e685e0a6b133f15d2a4d039ed37942c5302582de1b009a5da6d97b2e59b22e4,Y,1,0.5157767702114191,0.4842232297885809,true_shap_primary_holdout_sample
2342,aee6ed455fa07705171deb8abf9bbc530fc6dea39b0534b1945c183f87c845e2ab6a473c067d900f9641d75156a7c102d3eb89af1661c565a1e4bde3a6cd77d7,N,0,0.23232982258709628,0.7676701774129038,true_shap_primary_holdout_sample
2386,b2bb65ea89b3a1806d7acf5cb30da7fd2c6f9d9a5506c7a4da2852cfe279da4f9a4a243534841c508a627cdddd5cfb346fd81f8b482219a9b9f6cc6d5954de82,Y,1,0.4753147268064249,0.5246852731935752,true_shap_primary_holdout_sample
2389,25460ef16fb604bc757eefcc4381e5e9c44f9ee4da225dccb6e567faad1c9b9ad230478961aff2405413e484eafd535fb0db5c12621f74fcceb0fcd0a693ec2a,N,0,0.8849537604871429,0.11504623951285708,true_shap_primary_holdout_sample
2399,f9db32f751537e8449f0966fcaa7f15e00b7bde1d4594a4f9c614002a4526c29d6c4989548c616fb51b3accd9d213d9b76b9408e8211d7620072bf52db8e221b,N,0,0.8724266443578708,0.12757335564212924,true_shap_primary_holdout_sample
2401,94eb7e49f0bc95fea83348196978160a7206dc56c05e4f72a60f819f0d0f5ba5ba5f94176922f9368390540e46d35c6aabb8ce2fcd66b916088ca233f078d7ad,Y,1,0.9539773315463415,0.046022668453658544,true_shap_primary_holdout_sample
2417,a250b4dc52a7c24a4427e1577630d76d0051063e56d9d22c0a7b345290a6feef9c3e3ce8d030fe3044cb8b0ad3b58e6dd5fcafdcc631a38cde4319719e3e0a38,Y,1,0.42360803861312146,0.5763919613868785,true_shap_primary_holdout_sample
2427,f516b9cac7b92cefdc349f72b26634d75bcd5ad520299de5d2f795c114b5de7b86ee79631f72b199e2c37d39fe7bfc9b7ed342a476c0ad2a7912e2d548d101c9,N,0,0.5731990196199556,0.42680098038004444,true_shap_primary_holdout_sample
2434,06a2bf1e8f850411939b2116395bb6c59ad8405a3eed31da42539411883506a41e2ff536f85fa3bcacc4396871cd7a3c4ebd605eeb18f4f0799d7cad3bfbe237,Y,1,0.483410751005859,0.516589248994141,true_shap_primary_holdout_sample
2444,da9d3981a9225553180e366995c5618e82ca01e5cf4cb2b2dc1d26f36014fd335b1cd1a74b4c3b9ea0b0256b21a61603193867a8143e0639a6b600490166debf,N,0,0.34155723723146697,0.658442762768533,true_shap_primary_holdout_sample
2457,757dc3161d251bdfe5c4abbe060660b1d29a0baa816b90d587c0b4846cfbea07cf2e38c5fc2c52040ca946219c7c00e307a763427863fba7f39e66492a268a18,Y,1,0.9825154268385609,0.017484573161439143,true_shap_primary_holdout_sample
2471,c18e8817f215a487bccf1f0987e6d1e506b48a44c9413dad7bdcb95623a32769f326b113ca07746a5bcaa8d4a5cd74f66cf95c63877a6e462eb4cb8e11e33095,Y,1,0.917137757259361,0.08286224274063902,true_shap_primary_holdout_sample
2482,38e7bda1585622d437ccd1771a0272f9a4e7a6e6a0dc0f51017b078aa95375f2bf9fabf73ac8fb9e8576221094beb1e6cf8c482ca5c5331cbf7bd522daebdf4a,Y,1,0.9754370202635159,0.024562979736484136,true_shap_primary_holdout_sample
2514,8564aa1756f163987c896ea4e283512fa5caed1068dad7f0424d468d18c50a1942dadff1bf95ad3748100fec29b1a35e5262b9f3ac9920287c06cdc567aab09f,Y,1,0.9825494332312994,0.017450566768700604,true_shap_primary_holdout_sample
2519,910623d18142c681f409329cbe79a772b42f7362ce92d3f083e1dc8d7f3a7077fc0a15ffee352bba2fc4939ba4848143a53396d42362dc5db7f713e85f063274,Y,1,0.9786123910779458,0.021387608922054158,true_shap_primary_holdout_sample
2537,375267dd45e57abf5b4099486dd3c80ede415c51f9c59da085a562942b9b9860bc331f67cb812a376a9243147bc38654e72f9b3dfbe257d674d5729c7c46cd46,Y,1,0.9854158855250881,0.014584114474911924,true_shap_primary_holdout_sample
2539,a53755a04374dd71353e41c9cd07f409825d1e166d90a6e01ed75889bbce9c4660a24180802c3a61caa999665890a93e7dddb4cd9c438c39a07e3d5ee3416310,Y,1,0.1719102251069296,0.8280897748930705,true_shap_primary_holdout_sample
2553,2d194741bd655643334abdf8fb4ab687fde23f65c078cca6ef21e3715a32986b5ad2fffcf6439c1de436563af070d45ae971e81c4ae3cff4a889ceed3a1f63cc,Y,1,0.8525202088719198,0.14747979112808018,true_shap_primary_holdout_sample
2565,08d2735aa0cfedcadf25951f789bcd3817b7633f5a64e67a4c114adb7711f32d69bb2ea088b7c317153c03b69d601e7694e1a0a34ada2805e5bab95404c60e98,Y,1,0.5116579680402288,0.4883420319597712,true_shap_primary_holdout_sample
2579,a8b995c7e8835a933f313b0f5174530f5a4ffa3e1d484f3b44139f4aab0d94344f054cabb04b1b96f4576b8044790779f94e30231357aa8cfffc00c7df696c91,N,0,0.5263122411048025,0.47368775889519754,true_shap_primary_holdout_sample
2581,d82502a622439b1b8e9ca79e8e0813ba31035622893679dda1f805843a88abd677d57054b548e588c00a16216480291d0c684b80ebd6fc671f408289657be519,N,0,0.16099169097834518,0.8390083090216548,true_shap_primary_holdout_sample
2599,aeaa8406ce46f6c31effda284c25de0c371469ac259a6f5bba3b9cb6c164dd862f792a85d2139554f46f9e4da84e2f8c1719caf2f3362a521399e53e39d9c435,N,0,0.23182656438726534,0.7681734356127347,true_shap_primary_holdout_sample
2600,ac785698db4ffe44ee63bcba8b011715eac3cbec84c1d5118c55862690b86efb7f573b86447799ac030d90c2654640ca26bb85ce09f2de69e764db01fc7de6d1,N,0,0.19815767885360996,0.8018423211463901,true_shap_primary_holdout_sample
2609,ff796c573ba7ca90b978ce78ea48e1da51cd83283f1ff26ff5d93598f864ee5fb38a93d5c268970e831ed1315b44d28ecec757a40641fe3e9b6bc90f441b9450,Y,1,0.9620989649273187,0.03790103507268128,true_shap_primary_holdout_sample
2619,f23138291abf257fa038a74ca2f0dd5d726e7d47d69928237ee68d90d90a6ff9f29bf308753025a0ab589cfa53933313b3c9cb7fe0624b8d83e4bc5579128b88,Y,1,0.9743941569228253,0.025605843077174728,true_shap_primary_holdout_sample
2638,b75b311d653f42db03a00770f6ccf286d7280057f7124627616f20b182a0ee870138b121852dc0f05de064dfb4507f73c3f8452075c71d0e1794dc2147aa6ec8,Y,1,0.4741084598916083,0.5258915401083917,true_shap_primary_holdout_sample
2667,2ee32ce60e5bc452b17a6203a212570b941cee09442f9219857839aa66079ae8f07202d07c65eb96488e3c8e84caf464fb24cdc5a8d077fb78ed93fe98aa632b,Y,1,0.542377348698385,0.45762265130161495,true_shap_primary_holdout_sample
2675,d5d962d45491642ba50a5bd9a4cb0ce182b13b92cd66e9f12a2676a5188e59cb4f77be3c3d64c8e70a9413ab8f24e3592ecf535264dce9c0e52cc41778fd13fe,N,0,0.1601097088815041,0.8398902911184959,true_shap_primary_holdout_sample
2715,5915dbdd5dc82b30e889e81d2fe370d9170df308e92a81574bfdd357ae386dd3d4cc4100f53f0a183cabf84a3b8f7cd9b1920bc8a9b4aa8973d5eb81e36bf1a7,N,0,0.23211648197679843,0.7678835180232015,true_shap_primary_holdout_sample
2726,20dd8ab5d892fbf4c08ce45cde573b04bdcd98296cb6a74a2b0cfefad725be37575522a1842ed1768164fbca7e5cb071d5fb42c1705b866d0fd9e70343cb49a6,N,0,0.3495560445787362,0.6504439554212638,true_shap_primary_holdout_sample
2733,6009b30af81ff6ea5a1e304c633e72d475abcd31b8aded514d658d21bcaa8c2969cef17d01013c7d3e785e6be03e4dafd73828ed6cf19233805df5bde02cfba1,Y,1,0.9665679560537731,0.0334320439462269,true_shap_primary_holdout_sample
2737,442c68e0ea9b47437deb5938c66f2d8944c5f46adef0ca589dd97477383f32d3070a6f9b343397fd0178eaf4feba5df097fb1eab10574478ed8fd172c88d54fa,N,0,0.24052412779721533,0.7594758722027847,true_shap_primary_holdout_sample
2752,3a63779956ca0751d67a900690a4119b86f16e93685e9868085b0dc59f66f69893b4014e6fca71ec43aac39d3dff52c13b39fa3410461a20b90f1545822a0fe4,N,0,0.5146905444883934,0.48530945551160665,true_shap_primary_holdout_sample
2770,43ae0b74ece3d29a8c67fd244932373e04ea084f79083bcda98ac3a866243f0bdb94b1a4d381dde542d882e7b6ba818fb58195b34f552645a0c3d9bd8a6fd5cf,Y,1,0.9779104848435012,0.022089515156498818,true_shap_primary_holdout_sample
2780,ac0eb2c3b415b31e72ba95bc7325e5eddbd2b72df9cecc77ad156a9fff7d03f66a9b6e18c1650acb9f04eb519b260ba4f71591d618045030bcb1500507745e83,Y,1,0.9009432420342128,0.09905675796578717,true_shap_primary_holdout_sample
2851,7b644b6e6ad9d3761bb4539af390aeb3d513040dbb3c4a8360553de1b953843f3ac5f5380ff0f27bec99a68b600a60133119cabc502ee8d65aac252766b58ab5,Y,1,0.98622468820103,0.013775311798969958,true_shap_primary_holdout_sample
2860,c199a4690afafbf8388a8799f6d40463d809aa072e5fd11d791c701efe29b92933e4be675f163617eb3c718e1f3c574f3af048b52c11da941060022261ee49db,N,0,0.5734428013764044,0.42655719862359565,true_shap_primary_holdout_sample
2874,dca11b032f17fbeb01e8e4c9e6b108fbd21e2597b7e67d979d15a00f9cce624c0c669e3f36810a9fa39a29a08663e94891e4d72587f097d2c5d16e1123d6f9b3,Y,1,0.8059220856852302,0.19407791431476984,true_shap_primary_holdout_sample
2890,e88298c093e2663a930beec3bcbae999409c9b6bad299276b5fddc00af7bb0050cb04815db6b77fc302c47dbc70a6c49a3f18a78fcbde6fc09f74a41ab92beca,N,0,0.4723143462690819,0.527685653730918,true_shap_primary_holdout_sample
2927,55138957a87c61a89339412f5cadc196e8e14f5c958bb9ab0458ce24ec88bbac73eee0b0293a6923244dd06f57b56cd8f114c64315c1cc33f3c9901d3f52e901,Y,1,0.7804855850401314,0.21951441495986856,true_shap_primary_holdout_sample
2945,6edce2089b3e2a1ba42ade0b9d3be80281b3bd4d230d27f80f28fe28e0a507b7b2c5c061dd844cd0063e70f3b02100ffe059b4087ec0380c0d8d19dae4b92b61,Y,1,0.8589493266319425,0.14105067336805754,true_shap_primary_holdout_sample
2975,4f53981667665f7ad5c223a07166fb356db056f39f5877d380e0ae32628016e8f916e225adf3ecf427781406c83e46bd49605c4f691939ea6fdaef08ff2722e1,Y,1,0.2234652166637404,0.7765347833362596,true_shap_primary_holdout_sample
2986,3a0e79f2099c1630fdb77c031eb91b7ac8af101d35bff27f83616ec45a24baab6673b8903a0a223094ee63b3ddf5a0e2b523863c97675923889e9e2b22249fec,Y,1,0.1969706906019811,0.8030293093980189,true_shap_primary_holdout_sample
2990,5131d3bd05a0fe7bfc8dee6cc46e631d455bda9e78a0aba680f8867f520af9330a7468559e41fcb8ac0996923575cdb96dd3c387a82e38d12a4f13c11a30a64c,Y,1,0.9346673490976284,0.06533265090237161,true_shap_primary_holdout_sample
3007,b8a410f21d4e87aedb7d4d8bc2277877e4034e283862c31a8c297f9da032313a6173e77c4e8458b443de5c5b6ac7a71496714f2472e8389f726e62175d82f371,N,0,0.2504019515267985,0.7495980484732014,true_shap_primary_holdout_sample
3008,5f83be463fd8715c03387c2ec29b25bd3ca321e46b88ddcf305a80e801890bf12ca5db4f149f96b6b87147b284664e34844a23d5e8a9b7cce2f1fb49c7081af0,Y,1,0.9761614597203304,0.023838540279669584,true_shap_primary_holdout_sample
3021,ac16a4d7feb53549ba1bf1965ef944a69dec3ceeb7d78467febd1f2256890097795a0fb20b98a38eeb0eb37c35dd15b6d6aa7ab120120fc7e265e8fc2af45d3b,N,0,0.7230045052203481,0.2769954947796519,true_shap_primary_holdout_sample
3024,fe22122309f07e544a6033c08b9e3149f0c0b4327c397cbcdf3e30763f2c795dc3376e8fb0356b7d6d3da51b0b0a355a5e334a052c3b15a15ecaf4b9dd9d8073,N,0,0.39228666567183523,0.6077133343281648,true_shap_primary_holdout_sample
3028,6f57687d94885e4888e0a4b04a23d22390b98ce71af196364acfc5c868672d3a6c9fd02bd53ffb9405c083928887b1f793b9751ec48b794e8708545310db2af3,N,0,0.17065053332721758,0.8293494666727824,true_shap_primary_holdout_sample
3054,21a2156a5b08ea2c676c2970ebed49a7c90c15cf5252a7c252fa6c2f3536b05bab29f0afd9cedba6082ac0fc52cee02e3e844d3fa9c98a237bf6f110f26c4033,Y,1,0.9830724484128105,0.016927551587189504,true_shap_primary_holdout_sample
3058,9e62a36c04e8cd7bb942a42b9faf172dbaa117b96458b9e0c0a55320a9a798c9dec2a61a4dac00ba44e93b50519e535ba94dd5f3cf313341a320fda540b096ed,Y,1,0.7347724292087329,0.26522757079126713,true_shap_primary_holdout_sample
3086,bc104b1a2dcb711bd66ce1805dbf4bb3b936a58f4636b0b0a378567cb75ad7c7373c828743c113e27b84d9c6df737ddd4b85b318ae08047c97638aec4e6f0a19,Y,1,0.9811109963094696,0.01888900369053037,true_shap_primary_holdout_sample
3113,ca42d03b8079e548ec2d53f64c25ee74e7e45dbce866d1398d759745eb79a776289255c5f26a470c45e2af0c30d8bd44feda76e37e38fb1b3dda077bb6f81027,Y,1,0.8493090885292809,0.1506909114707191,true_shap_primary_holdout_sample
3117,47376a028d84aca057cb64acf0cae73cefa5a9fa7e445bf7cb25d55cd1dbf4ddd23d06f888492fc1d851b2cd6d23661dccc00b7b17297fa3705f8a23c33e8ddb,Y,1,0.979106114108059,0.020893885891940966,true_shap_primary_holdout_sample
3118,cbe5bbdfa6b33a8a0e16fbb6b99b7d603c63366680f82517766c96c0d2f8b50c0a65fbe6f649eb2a6b79cab1ab2cb79d727d192ab7f48cae0c08e892aa4d33da,Y,1,0.8042844013611511,0.1957155986388489,true_shap_primary_holdout_sample
3120,6f459f6dd3293f9ffb586faf921e79ff3c108a8b71d685339db1b243a3c8f5e325f5d4a48dd1e2da94a742c1e742334ddeb1faf36959b66195ca6b416dc5418a,N,0,0.19940661268019388,0.8005933873198061,true_shap_primary_holdout_sample
3122,9d839c36c03a3a00877e23729ff99dfe995ff9d5227c2cdabc5f92ec4b8d75e2173602d64a01a5b636eab57b41ecd9f5bec7013c65fa82983eb309f85d977cf5,Y,1,0.965425840132544,0.034574159867456045,true_shap_primary_holdout_sample
3123,d8a3da853f78a88ec55fba22d7121bd5743c70a1c8df1bc9c09adf4e1c7a15050b96f0b6aced09045ea9c257702182de65d5c709cd6f9145661818595fc01555,Y,1,0.9791213825448816,0.02087861745511843,true_shap_primary_holdout_sample
3133,1deff36d9358263cc3b75061937ae20b2b7265531000a1c8ddac7fb7b758f156b2fe795f47026a54d8b86e2712cdc65eaf8257e46fb248de8e68025dd88662fb,N,0,0.512101130511705,0.487898869488295,true_shap_primary_holdout_sample
3141,62f05c16f41da8d5bf9058d50e9e611780ca6f2f08f84cb74d0ff004fa429e99657865074f9a4adaef6128308fda7994dc7bf8e111fd5afbe3a349a085f99f18,Y,1,0.6715171909605858,0.3284828090394142,true_shap_primary_holdout_sample
3143,ed234416da6aa9ce4effe626fe100006296ff16fd190f1ddc8e99d732755bbd146473a34272286cddda571546b75f52aa056bda6405564a684729c8e391539d9,Y,1,0.726045571310652,0.27395442868934805,true_shap_primary_holdout_sample
3153,e79f9686d748a240f0519b598e1ee41f65d99706a6ff040ce0f4ccda7568b0b12c320818a4a1df73595b0554d558e6abf75761f87d036290e45b9c9b46c02549,N,0,0.2037701355103114,0.7962298644896886,true_shap_primary_holdout_sample
3155,b06b26a3d9048180390211f3c499a95378cfe15fda20c51f6b9a5c560e629b10a465fa4f436476c8188ae2dd611256e9c117c9b41f2cd1329038330f41ce1ea9,N,0,0.44947726401270727,0.5505227359872927,true_shap_primary_holdout_sample
3161,86a45b82d9c4443c8e188b5635d7d5af087db3edc1eb754e5f097b10e02dbea3b7e726baa24045663c1f49c1f2c47f2b016a75b16445180a6790330741bb3a5a,N,0,0.3707105061617535,0.6292894938382465,true_shap_primary_holdout_sample
3164,fbdad26d2a5aef8186a3a90055a65264b1cb3f49e91823fc1c0c884a5d19e86dd01e25f0b92be9e95a98ffeee88862217742b319aa95c0bb009ece4ef65d61c1,Y,1,0.39098541609053605,0.609014583909464,true_shap_primary_holdout_sample
3170,fdddbd5bbfaf6e6181dcd17aeaf8d3b91f427775a627333a3d9922ac6208c63c2d58ea592c990ce3fdd436afeb3fc8207f6ba048b0352e1266a049792e93d410,Y,1,0.96280286569204,0.03719713430796001,true_shap_primary_holdout_sample
3199,5136e1c758c7b86ab6684b73c434b8b7083170e02574751dfbce26ee7a35ca4230ad3b3361d957bcf775f9b9bbf2a85307abcb7e1ca93b20db20a302b70fb990,Y,1,0.9887912893016099,0.011208710698390134,true_shap_primary_holdout_sample
3211,adaa08dcad9d7c69a6ce00d7a20317f7a5231c8dc792c6050ce1c9f221db91ad16f4ff6fad92a85a69c5adb7e820e20a36ca006593643676f1c5d4cc50a17068,N,0,0.3965165308670323,0.6034834691329677,true_shap_primary_holdout_sample
3213,e6c77cadcaefa4ee769af91a007a906388d1bd676f28f61e4adfc3c98110b228e295b8942712d172480b6a440291a4594a84692423b4dcc177e856bf39f0da17,Y,1,0.914293618882555,0.085706381117445,true_shap_primary_holdout_sample
3214,8ade606a4389b028e7c8bf52871dd7fdc93dab5996fb9cb75ef0ad35bb190ed6b6ce72fb4a9e679f3fb133b9de0a3454d19784e1c93c9276337bdd3b8018cddf,Y,1,0.96198908507584,0.03801091492415998,true_shap_primary_holdout_sample
3222,3929f677737a0f75b385823ef7f7f5aa3654b18d27f6ccc3c4ab59a1a56cc47b0cd44d35d5ad79b3d58dbc45a208b4ee378ae7f5e0991feb678f22a554d3acac,N,0,0.6095714217675848,0.39042857823241517,true_shap_primary_holdout_sample
3248,b596ac300304df25b3b2a7f4132c63572086a2ab55c123ac1c7202f3e6a745505156b5f1149e040fd68f35b19ab054c2fe991177db83a10f42e273324ec165e9,Y,1,0.826895287801165,0.17310471219883505,true_shap_primary_holdout_sample
3258,58fe9d99c7b56f58b5c72418bd555e1745a54fb87dde67e4793add1c6fb62a59c643b798a9d1eb21ca6ba1569212c5c2679f342c449dc9d1339b186eaf5b2223,N,0,0.20359017793929343,0.7964098220607065,true_shap_primary_holdout_sample
3262,a3892209f775f6a2deae9ae054c9032530e5397bb8b9a2a3480f87e17ab296d0c8a57f94df1604fcb5709ce9cec7eb73dbf06d8260b869f13ee0c598ef38a264,N,0,0.7644408413216289,0.23555915867837107,true_shap_primary_holdout_sample
3264,39496115cf18f45532648830f9e9a4bb356e15c4b1cba27efa052fd22c65d2e4e37220f289fe5abbf4335c1fbef9065446e91a06144fee3bf090b93c8dac80fa,Y,1,0.47213612576778086,0.5278638742322191,true_shap_primary_holdout_sample
3268,4a9c3eac19401e7b72f34ff4b90596b45eb5e51df9f2c444fda0b1560f514e5161798fc28e36c4dfb97e2545309bdf5dc79e6e7a8191f1f575aa5c3ea05c7e9d,Y,1,0.9632439763276546,0.03675602367234543,true_shap_primary_holdout_sample
3269,712e0a76611a98942b7fda5df6c69308b61b4f324f2308ec9097b6f36f84b32be0f85d10607ea946671d0a166a4b4794a464475f651db08107121440734b93e6,N,0,0.7009962797940539,0.2990037202059461,true_shap_primary_holdout_sample
3288,f993f27c2b2ff0b68d6942e3d6175635f7b4b95ffdda688622037a368c04f2cf5c8b30763f28f6c1a700e52a929886ffb649af191a6d0bf1d6cc5b68fca337f6,N,0,0.5299574758948634,0.4700425241051366,true_shap_primary_holdout_sample
3290,74761de8713115d77f9203ad78f17cace4df6655b011197bbf11623c676eef46bf27a400eda3ccea4fc0f722994b010f7ec7a1b194c690c04917de059d5cadce,Y,1,0.27294612291081577,0.7270538770891842,true_shap_primary_holdout_sample
3295,827b7bb0102d61e0bc896cfb5a2be4c5fc68f17f293ee263752766cc2563c10400e26591972a74f6a9f67a532695ea7dd8bbbc363058ad1590f355b474813d9f,N,0,0.3474430004714077,0.6525569995285923,true_shap_primary_holdout_sample
3315,d97d56a3bca6340757d9607ac497032d432e27ed55a2e3a4f24a06a16032253619ef2c3118aee30243c04ae7958dabff9eff15e21c1565a9750e8cc13c07c633,Y,1,0.5106294178414854,0.4893705821585146,true_shap_primary_holdout_sample
3322,aa571f9c6dddfa5db659db4dad78c29888f5cafaaeff457ad00df93d776db02339b790752dbf03b81aa071baa5e6d4a5399d157ab498095d784336c3883e6993,N,0,0.43354337661798753,0.5664566233820125,true_shap_primary_holdout_sample
3328,d99fb0cfa43d6a7c69b6eddc65053795031e73fe641166fa21b55b1c2535989da6b30474c0ca6d34a76d2fa1cfc75cd7fd294584d20106098be958fad8cc4464,N,0,0.6638121052555327,0.3361878947444673,true_shap_primary_holdout_sample
3347,48ef958e1a81244f6cb9c6147e4c426d433522c0a5ca706fc9aac7081120e652207b2e717db304dd1db48dd8ad46f05dbb69bc7f7c28ae5bc4c3b8f66c6be6fe,N,0,0.16520581439467197,0.834794185605328,true_shap_primary_holdout_sample
3357,9fd62eec98197ab0d5188553d9296d38a661f3b6f2f797cfad0f6c41f1096e6e3222d74b0f8b90e81f73be5b6b9dfc117cec3fcb5d6fb8f5f7cf9976e4818cb4,Y,1,0.9793445904618217,0.02065540953817835,true_shap_primary_holdout_sample
3377,eee2b8ea3ccee706db37db164967fffc76824b53c043689ddb1095321aee415f7e6f8fd333793ea6fd8ff2b9dc68c4a35390645827deb3d7965c9f796be0dacb,N,0,0.18988637455694,0.81011362544306,true_shap_primary_holdout_sample
3385,484f3640c3899a1c8a907fa32f2fdc41ae2c2d8073523b7e4bb48564a662579c65d3f96a6ae36ec9de9a69e52cf05e5a41918d2d4e526454f61270d21756d9f2,N,0,0.4405685653983552,0.5594314346016448,true_shap_primary_holdout_sample
3390,592b44520bca65c7854c83b578e67492defff391afc4edfa15a655031b78f0a22b496e67946456b33563340dd48f7861c035420b251c058e5733fe8c3946cd3c,Y,1,0.9792063715557263,0.020793628444273682,true_shap_primary_holdout_sample
3394,9a8525953d107281d610970536f7168775ad6ffe4877cb85d2545bcbd39980fd412c8e23c756ae7f19cd42625bcca44edef37249326061959f1d6ea54fddf2f2,N,0,0.21825151623557668,0.7817484837644233,true_shap_primary_holdout_sample
3395,87161da717a2d9af037c8fe0999b854d564220b8cd864f7e76865d844b1a1334e8d5b0903cc366f16db0a7be71af918e908e86881e787ea4ce36a228cbbb0d8e,N,0,0.7409096062817148,0.25909039371828524,true_shap_primary_holdout_sample
3397,833efa00e30e376aa38f6cd381c1e19ae75d881290aed864e24786da5e0cb1d3a579fcbee828c94cd18bc5081dbb3d8191fb2eab6eac9aac260716dfb12cc31b,Y,1,0.6687993175377416,0.3312006824622584,true_shap_primary_holdout_sample
3408,5cff101fa192b6322247a2ca2ff1948f9896d3dd925eedacd5ec81f59a732da2c628df83d9d05f5e0ab852d9af31041dd21495525d35d08bf88adce6e953367f,Y,1,0.8570948227595938,0.1429051772404062,true_shap_primary_holdout_sample
3411,ae72b46fd6ad8e124aef95eafbbbc232cd28eb46350eb8de4f2fe0b884d014f566b5751d8a6e8ea4d50c44d57ccc6ed2c4630bb43126b770fd0bcfada7c80a32,N,0,0.7747169129364939,0.22528308706350608,true_shap_primary_holdout_sample
3426,baad035a0ead9eb92a9c0181f33b040a188e1831b6769170e24f89d6aa1db883927d01bbc6483e5a254587b71b131410e4ea0924fabbdc691460fd15ee069b83,Y,1,0.9773829221919557,0.02261707780804434,true_shap_primary_holdout_sample
3429,4eefe45eedcfce295310785b51a12c4385ec93f31acc287a377ec4e814bf1f1bd39e922b5224a74086767834731dacdf931667c7b389fb335c38dbe4de44b12f,N,0,0.22906425149017837,0.7709357485098216,true_shap_primary_holdout_sample
3431,1921cb0254cc4030f87229c417f2a8fb4d936c5ad08ed4f7295dc3d5e45d643f0b255b4076b7fd5c86dcd3cf12d136b5d2238b18744fe652831318fd0ecb09b4,Y,1,0.96852010503591,0.03147989496408998,true_shap_primary_holdout_sample
3433,6db0681c5f15dddcd09774174d4c5fcaf0f033093623af73a48cc7c27b01c7398d7426daf29ad96003c1a96c588ff7187c50db1cc565e880e2ef408026b9b0e5,N,0,0.5693715445801295,0.4306284554198705,true_shap_primary_holdout_sample
3438,3cddd75a616453dae33f269e1ce4c02069a7078b1283a868c9c03d078285675c6c6d22d2c29ca9dff39baed025de2cb7d467e7c05814d208aad598af3b8d8fa3,Y,1,0.8611379070577891,0.13886209294221086,true_shap_primary_holdout_sample
3448,a0f9245f63c5323ece2f719484a1e09ecfe205cb1189f3ddc1afe80c3f13c77d48b9d064f7f51eafc2d023fd2d2cde8b9a6157222ec89cf771f2165d3d64409b,N,0,0.24076294581149446,0.7592370541885055,true_shap_primary_holdout_sample
3488,568df889b3179b12a28820396cb0458a6c2e25acded6297569dda809cd2b61527ad2ce6b069c4c866c5260b127c7cb832d45ed411b501c4661900b3c252c021c,N,0,0.11522354888553425,0.8847764511144658,true_shap_primary_holdout_sample
3498,a379e978ae2fefdc3dd38add932491da04396e0232f235a78c5c859380202476b8b8d93b6f9e5ffa998d7e93e2b777d910461721cb83be1eaee028be6c7e5b06,Y,1,0.7780454554077691,0.22195454459223085,true_shap_primary_holdout_sample
3535,d97f77e6caf338ead094af9b8d1f154f8cf8d4da76c9ca64c9391ab7af78acf94170d23916c00d3b2a7f4564ba6308ab1dfa1a1e9dc921f6fc270ce47e2db6d7,N,0,0.6106832069786441,0.3893167930213559,true_shap_primary_holdout_sample
3549,d0473ec05322fd2dcfe0e5d672d36ec263db4ab3e9fddc2a4844fd5da133b0711a14f9be0ee99cfc282ab2e58ab0a135ca772fa74f916cfd73b12e47ff993088,Y,1,0.7104193521089794,0.28958064789102056,true_shap_primary_holdout_sample
3572,b4863ba4566efd29b2f84f2a1ef2aa088d4047e991fc948a85546933c7fedac4d8764877e69d50aa1447543472eaab3e15fdfb61d72b75c88abb8e8ec10cd995,N,0,0.7507858300750258,0.24921416992497425,true_shap_primary_holdout_sample
3578,a53002c4fd30f3efee6e2e382eb4a6bcc905406c75abbb5e1dac6637652f13eeb3e3beb1549bee0de9fd77bdb50cf0f250f10a693856793fc609b4177a2ac380,N,0,0.7744020452077219,0.22559795479227807,true_shap_primary_holdout_sample
3587,93f8f6d1fd56635189ac5b958593df284d2d9574d05f20b233c8573a5a2700cf9d6f8d6aaf309d2af8c7362e6505e5e89578e325fe3f44cded93d76369cc1d22,Y,1,0.6598569991880258,0.34014300081197424,true_shap_primary_holdout_sample
3590,8d373a48b2d7a49083ed26e4bc3ea85d38f58581685ef592e4f75399dd22240bef94559880341f29bc295d579e0b3b754b9dd2fedf299aa7d3098775e2a36144,Y,1,0.9839530481851194,0.016046951814880583,true_shap_primary_holdout_sample
3604,2fcb2d06f28066fbf0a442fdcb2332c21861f2f72d50c9925b65bfc069df483528e24ba61d05dd1de41672cc592cf035e8201d2a6251a15bcf63d22ce75f0672,Y,1,0.9860669633697465,0.01393303663025347,true_shap_primary_holdout_sample
3629,7f7e96a44c158b288428c37c7985ea1df6e5f40b2e1fbc5c6283c5806aea7d7845f3a96efbd36c8871a1f83784deacd7c8dd7057e26731f74b0e7df0eb5e159c,Y,1,0.19628739492287092,0.803712605077129,true_shap_primary_holdout_sample
3656,8587f3ff8929e24b9dff8bd5908a143fc9bd7c21d6cc407be3bac958afba8ab46ed9ffeaaac72478f660b84da9f8de5438dbe55bfebc4ce80dc2fa6584e6b4dc,Y,1,0.9825012484371461,0.017498751562853854,true_shap_primary_holdout_sample
3701,a1ca216f93474e8f631b0df17b6a4f938329cfd8c8ffdc60fc86dbe93f8cec18a5551db68d42b47994ff7ad22462b835c6d2fc14efff5d8586c98fd55efb46b1,N,0,0.8933330007069041,0.10666699929309587,true_shap_primary_holdout_sample
3706,f2ccde54707333ac0432fe1d9cc49f43648d6926cb91557287b635ce6be4079f83103895d1694ec50a03a6ebae65be2e6f191fe1615df59438fa0bec443431a4,Y,1,0.175932446041268,0.824067553958732,true_shap_primary_holdout_sample
3707,ba10cc898ed8d7a4fa00c46d149e109d78aa6e10a0ae918b2e3baa219c45c1e496c673acce93f4710147f6ebf59a936a62451e22021e2b7993ffcfedf5ae78b8,Y,1,0.985816209673453,0.014183790326547041,true_shap_primary_holdout_sample
3713,48d4db8c90f20c21e58c46af20d4bf4e3e422540d951ff11a7ac19a8e3a97015badf73deea3805bfb4a8b941d2998e7420ac6c4401985e23ae7e21329a656e5f,N,0,0.8958667892680888,0.10413321073191117,true_shap_primary_holdout_sample
3727,acbcefd301ecda75cb05124bf0c50fb04e98c7f29367f6670b5d2992730ab9bc7a5f128e34049cc0d568f4a11e7279815794a685a12565d42c571e06f48d3b3e,Y,1,0.6091416817766152,0.3908583182233848,true_shap_primary_holdout_sample
3728,9b205cb401adfa22b94d55d8aa0fa242e48e6c32a5a290723bfb567ff9e2bd724c7acc706167aedb80293fc6f4444ee3ff440df2a0cca5083217abe1132856a0,Y,1,0.9736586031624362,0.026341396837563757,true_shap_primary_holdout_sample
3745,c665f0476ebbd34756a84e4dcdd56b795f925805ca49f23328a299795d6008f100bd68351dea83adedb6a2d7a2e6954070deb6628c1defb365d9ccd53c4558a6,Y,1,0.9850149149513392,0.014985085048660807,true_shap_primary_holdout_sample
3756,ae50e7920116cf117d5e5418814ca4c937cbb3b13b2dd1938b8f07dd7dfa43c7c5fd7e14efecd201ec4419ce841bbcd68d81ef75a8f2a2c621b633803cb86499,N,0,0.2467158958421345,0.7532841041578655,true_shap_primary_holdout_sample
3760,2ed56534420cdd4b5b1faa282f8898ea72bfed410a06f6a2ff1fb5e4bfd765556ce4cdbe982de3c931e15c8172ce883c722203057afe2747fe306197a8b6817d,N,0,0.44962275749404856,0.5503772425059514,true_shap_primary_holdout_sample
3803,7c9b02959b7134a765f053db071ecdaec231cee5a232f950d97bb346446617c2de72e9ce8066c52e256617a6c5c3ea8d514a4ca4c92f17b0a2ed40371d023891,Y,1,0.6837303527064689,0.31626964729353113,true_shap_primary_holdout_sample
3816,cad2acfdd5f94cdab28392f6a93562dde16336f359830c4f25d8817ee152633601fbde844b93d98c68d2a5b5b02981bb6103907245a0b741caa2129b8a8a8108,N,0,0.883668298277077,0.11633170172292295,true_shap_primary_holdout_sample
3830,5af482e90bcb9596d411d83ec614a5706c1b4af463a0ff469fc213a46d19a5c4ebbe0c6273084b69d948b92501c8de3d0297058c0908504020888c9b71d07007,Y,1,0.2191751737628789,0.7808248262371211,true_shap_primary_holdout_sample
3840,3adbc7a5a82b575d84f214cb6adb39e3360bc7dde08e544ee4d0ba5225f7f5f6bd558ea4e23c142d1262442396dcb95830b14ec1889e1f25b03de03ade9f10ca,Y,1,0.6724138436408764,0.3275861563591236,true_shap_primary_holdout_sample
3842,45a44783080f8353c7fb2e27f5d58fb7a5accee6aa485e7a7861f4a7aaa5199330ec4241dc5f459f7f847997d8f42eac58990bfbdbcb7fbe95743e9c64c09335,Y,1,0.5453998576723196,0.4546001423276804,true_shap_primary_holdout_sample
3885,553a1915cea11cda256bfe61b54e77338e5c87caff0afc5ed09293f7a29c8eb5169bf6bff74ad32ba81afc6fac0b240554e888446fd1ede6c9c03483813e2aa4,N,0,0.5268311757472888,0.47316882425271123,true_shap_primary_holdout_sample
3889,0af40632c74a4a42bf8768c9b97672b23446a33c457b4a023c2663d2b5f7478cc983e4dd7b34b638022f0a780212edf2ce42d06e293609127d936e75b305092c,Y,1,0.6661555534864194,0.3338444465135806,true_shap_primary_holdout_sample
3913,92ab5d3caa25ca25bea88e49dc45bced7cf171d1c27d7a16765ea05d85e00e3db6f707755a6978fa62e226d5bfc95a3bd80750e537f109035ccf77b783e91c8a,Y,1,0.9632432159366356,0.036756784063364356,true_shap_primary_holdout_sample
3914,d6e711b2b0a41e20b8a036fa2d963fd56b52be4414c5585daab0785e54d4428220d502fafa8f3e5727cc37e584edeeeffcaf81e5d405beb672a9d3fcd5881340,N,0,0.3464160855769457,0.6535839144230543,true_shap_primary_holdout_sample
3922,d39f230e39ca97fc6c18f3250559536a0c359ecced6f119f82f506409f088cc111651550799c9de7a3c5bfd53e7b99204dfc0ba6102cf98204a588933a55a2ee,Y,1,0.9781979230835448,0.021802076916455193,true_shap_primary_holdout_sample
3935,e33ac09a7356dfa2ed25d692bb4d633b3a2ca0e9f270e6ba359cf6625b8afcc288d49c160d414dbc816a0b342fcab8b33494ea8cac40e6e1f331dd4cc2d6b8af,Y,1,0.20113913947054557,0.7988608605294545,true_shap_primary_holdout_sample
3943,da28771676e135110ab960d0da8d81dce6649e4796fc2189c0ea9016a874a29e83a044d8a55fb8b569353093221aa61d3617910dfc761c98d8edf96220a9d902,Y,1,0.9818990105726573,0.01810098942734273,true_shap_primary_holdout_sample
3955,4f5501c2c08149bc3028b7b8c2ca5b6e18a2b6ae5ad09a65e1b6705bf31fa6050ef54fa02b166dbbe2ed0d17c9d76f3ac0daa0d9f99d51f0b52b8cba6a3a6277,Y,1,0.45191094126923587,0.5480890587307641,true_shap_primary_holdout_sample
3967,0ce5b97d629dfe3eca92c6de2c24928dbf921a5757539a7e94e7562059882c4600c2fd043f84d92b603966359a69729e1c4cb468fd52852e9e388c94d1018bfc,Y,1,0.4820996113483829,0.5179003886516171,true_shap_primary_holdout_sample
3975,acade252531eaf93f0d7fa460fd2752de2c21fab79883029b0d1da03463953f0eb8e1976941dfe98554f93909ffcf2b26e1571b1a46084fd801ce5e097994e0f,Y,1,0.8026058947450475,0.1973941052549525,true_shap_primary_holdout_sample
3985,03b3a72e2577fc6e7f1667f857e45e37383f40a1a2253a0d5b80e32b5b320ffd29eb195399b9575ed672efd7fba47d994de28c415da335f976f338fa68a22c65,Y,1,0.7326981034832822,0.26730189651671776,true_shap_primary_holdout_sample
4011,e551b170142f269cc39acebfaac834b8ce1df3be87cc1f0a1d4c54b2114a9aff36067ff5dbd72d00efb4e9d97e301d5fd92b383d9a770d2bcc37d7ea0d70ffdd,N,0,0.44324435090750247,0.5567556490924975,true_shap_primary_holdout_sample
4020,45d34488e4c38932be83029b303010507dd85a5d6e33923d5350d6834fb43ae38a5c7e1bc1eacff8c63d7ec575b8c6bdfde93c7719a4b7d32c5b4c7205ae30f7,N,0,0.2645228524372867,0.7354771475627133,true_shap_primary_holdout_sample
4027,06f623652a02c9d512281969f2af586cc8630f6e317d66ae984ed8b4aefaddbc6924b6aa97bebb5062df0220e938028b4c7869cb2d24296f9f0fa16e868518b6,Y,1,0.34426347429808174,0.6557365257019183,true_shap_primary_holdout_sample
4048,6adfd2d987228fb7fe3ca408953ae2745d6cafdaf28e6fc2b76c20bc7856233229cf6e68df5c7fe5a03c6f45b924f42c1706c6c801405f07b1f4c58f8b20b7d6,N,0,0.20035094033405368,0.7996490596659463,true_shap_primary_holdout_sample
4088,024a701a690a657ad3dd5656f1d41bddac107b385417c8dcb90c5320654f6099f3978efbd030d35ded153b583fc9ecf4c2777eb8e07170069b2f0b8baf777833,N,0,0.2136869151651765,0.7863130848348235,true_shap_primary_holdout_sample
4090,85f53ea462d7974bea5d9696a76b5789de04389f49bd28b36935ebad3e4a8a37fc24c19db03ad502e8ea57571e68f8fe8075feb3203693f6a93dc2ce330c6bef,Y,1,0.7152126651801922,0.2847873348198078,true_shap_primary_holdout_sample
4111,7286afd117866f8afbac103823808a8b862280217652437ba1b2fb43aef1ef2cba6a19c0aebf1b274b4e8e88d69c11e9069408817fdb90475e3a95db18cb2438,Y,1,0.521445478313967,0.47855452168603296,true_shap_primary_holdout_sample
4119,db3894fbd52d6b8c2a0f209ecef56540aa0af293aca67ec04405e1e6fa8a99f67e650e85e1e80086aee3c9a6328f93ff1041e5ba50b6f15a4e399910ad7634e1,Y,1,0.9794179829799933,0.020582017020006727,true_shap_primary_holdout_sample
4121,d3892e0552f091986a5fc1ef8669bbb9bebe68d6eda0f7cc06d906f7cc4fa7803d73e9abb8c8b158f0cc4ec209af783c37ee23488741e9d5e51bd780bf24c05b,N,0,0.18848133191190597,0.811518668088094,true_shap_primary_holdout_sample
4130,70ca0a283f7ce3f9abbc25a312234b364953360bff480a2c94a99ef3be4a2ef0b51ce61c44041fe8191b4067b9482543345ad3f9adae359ee9ad7d328eee695d,Y,1,0.24050842408675652,0.7594915759132435,true_shap_primary_holdout_sample
4175,41030b1b8c549a71e21fbb33b0e0f03ded1912f9355929f6fe7433ceafbffc8ce537361dca52c6bcced6ea60205ace6fec23c00b61ddc855b2ea8b30e172c927,N,0,0.7809728622646281,0.21902713773537186,true_shap_primary_holdout_sample
4176,b1414c832796cde5fb3b90744f138edf7b4ec5a8d740e1a32765c2a5709c86210e4fe88c048ee4cedfd316de474ecfc0be3994f30dfb7d439d7f4465cdb4ecc2,N,0,0.20530237746257404,0.7946976225374259,true_shap_primary_holdout_sample
4189,4dd7502bcd262f1bea6d71c5de1fcd62fa854bf80fba8a3f6e0cee7e17fd8a7577ca0307a568843d8041664f606baa06b8046c5f12fe436ecd718e7b279b568e,Y,1,0.9819290301883082,0.01807096981169176,true_shap_primary_holdout_sample
4199,0f794a58386af47a901045a99b4fe020b5b9aa5028c501beab3b30f2a525f011f90388d891553f6fb3659caf8a14728e5ab1a59558b956f1b341cd66bb4ef3c1,Y,1,0.9780058590354436,0.02199414096455643,true_shap_primary_holdout_sample
4214,49333a5d381d5ec1d013f5ef888c59997fb3ce25b1aad637098c6700eed2e76a9c99a2b2e5cc028b08607d8c99ec77f1b4949c7a7e6913b03846e7aaf7fac46e,Y,1,0.9632665216435101,0.03673347835648988,true_shap_primary_holdout_sample
4232,a28043587478f2df8e1d0487104529875dc1d834fc6cb64449c9370a8d0631587b6baf91c586202f1b893b6a7af735ef2cd59f42dd472626486a76a7f2530a49,Y,1,0.5771072332812841,0.4228927667187159,true_shap_primary_holdout_sample
4237,aa831b2cb3ec8471d71628730402fb680078ec3029fcd165c3ec2a8ee60773603783f8102db48e63124a05deaabd7c4f0d84d6ec96c3b870dec9ec1f52a87646,N,0,0.22518983449746172,0.7748101655025383,true_shap_primary_holdout_sample
4243,d107c5a8ffaa1ad628609d90767f794a3207d6d381ef4971abc57450b055267c37200bd3a2517290d189b87964d86fe89df52213668173563dea83ba02af2762,Y,1,0.5247778189004642,0.47522218109953585,true_shap_primary_holdout_sample
4257,cbcd8d8ef810b91ebb5452cc71ceb5a1b713e34b94536f3fbdf1927f6780aa2f62e2cab126c1bf588f2aa37171a15fa0b4d3686063b5421c842f1f74ea42d950,Y,1,0.7409096062817148,0.25909039371828524,true_shap_primary_holdout_sample
4260,d57463ed08f2edd951ab40e1723d148c38b8b4000fc4d4e36e94ce4418adca659ddc92c99b4eea5821487e22cac7e6e5b5300e146d8046b4a35dacdd24ce7b43,N,0,0.5783046898483809,0.4216953101516191,true_shap_primary_holdout_sample
4271,6c47006e28b0a66bc6415987c1cd42ad3e8476e6811a23f78cbffe0bd707cecac9c2c0197c72790341b3b53b9ae766c2c39ef9877fe1349bd2ae769f6f984386,N,0,0.49938341094603017,0.5006165890539698,true_shap_primary_holdout_sample
4278,59aa071040abdff0a25241ffefc3fd021825f1dc901116f2e7602210e8198256f0ec26cccc6d8aa0e23fe419ca381009b226b057e1185531d080d7d217cb2d53,Y,1,0.9388593906018027,0.06114060939819732,true_shap_primary_holdout_sample
4279,beb9ecc22bc5946cef0116e3e4ca8187816c7b140ecc3626a3d2db7f49f66dc4d00b9c06401e239becb63a662700bed2a2daf012b378258f8ab14abd485ec015,N,0,0.24007616705780763,0.7599238329421923,true_shap_primary_holdout_sample
4284,0af392a4d8b580d31bdb301bdf5694300d263b27135faa9dd794baad9e4d692656a874618aab831be613b03f05347582e2261e1db0918770e99fef6ade3ef76d,Y,1,0.9796964014287085,0.020303598571291492,true_shap_primary_holdout_sample
4308,eec9789d5a2f28eb21737713a18af8a5f7e1e78b771b403b1dbfc5cbafd55f0d37f8e2199c560996b7584a24cc71b083c07a86b86d31bdf2cb81778e454a81d5,Y,1,0.9800518288432303,0.019948171156769723,true_shap_primary_holdout_sample
4311,5056e1852a734e6e076b2bf0fbcb074596b77fd4c5d88e147567f0059db07795298d011b2d834326c7912db8d8ccfcf739c52f545565ff7779c39fee188683ae,Y,1,0.9804832393902547,0.019516760609745276,true_shap_primary_holdout_sample
4321,d91714cf7ac4a5a51258076a14174347816f64d6510fb5caa886a25dbb4082cd786027a6d067dc16fc679260ea521bda9af9b5aa98844cc747a236f63c7e2977,Y,1,0.7697691097712871,0.2302308902287129,true_shap_primary_holdout_sample
4323,473fe63acc80828e43ef67de93101f25d870046e1403bad0b8b779cef71eccf6902d54978257538b92c3f3c59338cdc01058733c58b6a4d8e0241ab3a8836502,Y,1,0.9794827759666046,0.020517224033395398,true_shap_primary_holdout_sample
4346,7d6aa29f23a7e4e4f4729d93939d785c25413255e08e33a06f067995de94e3d51abcffab90b14a12c0d1ee5f4f28d6fabb323870f1ef22b4cac9a9312e7115fb,Y,1,0.5103394446143716,0.48966055538562836,true_shap_primary_holdout_sample
4350,03ef2906851e683af2c9c1713b1d97ae8810763c6b36d570b6a3c575cfc4b5ae40b35802a9ad6706b37522dadb78f39977b5112429bb885970f6b88764a79813,N,0,0.4119719008901276,0.5880280991098724,true_shap_primary_holdout_sample
4360,2d61c833577c1e2818eb4d4b17dae23a9c47a88e13f1e7e4457d0fb9325ec488d56b7b184e64edfb4851bf62b42f202460a46877fe3f41ed5ef57b278467556b,Y,1,0.9870348460805896,0.012965153919410444,true_shap_primary_holdout_sample
4363,97624576988861a3d714c0764c6dfe3cac6377d4b9deece30893ae28793e55432a88b58df8363a51706273f472c2545ccbc1295dff2b3fd4f4245d867d8591c7,Y,1,0.5095798575964497,0.49042014240355025,true_shap_primary_holdout_sample
4367,af35b7b2d369b96c9cc70d3a721ab98909ff3732e024838ae2110dda75285001d440f038ea977f0d560cc31501210f96eb7263a3d5f20b48ae56346e584b4b0c,Y,1,0.8676303575463221,0.13236964245367788,true_shap_primary_holdout_sample
4386,590c17a3ab212b34874be0f6543d1de59b72492056083cef940343d467924f9cca44978d147b65456285905a1886827e68fc5355112613370a140ce9b5a68102,N,0,0.543184059289084,0.456815940710916,true_shap_primary_holdout_sample
4439,9e5894bc271836286448c9fc61b434ec4d8a7b3477ef95256924ac6af156d1fb89ec3d8ea3dcbea1569a829e41c600bcacbbb6d60718c9f586b99a83b84a00a2,N,0,0.9455234399869693,0.054476560013030695,true_shap_primary_holdout_sample
4480,e1c122d5b3cfd41ce25ac65c1c8b41c816f48bbd6d6e4f748f4f79d74658f7e66f3b7b124ef2eaddd634b78436b627c798362b7856e5be1e7adf425f8f21784b,Y,1,0.5173544586013715,0.4826455413986285,true_shap_primary_holdout_sample
4498,ef445fb186d915a602cd48e35f49db41c7418de73e5d4384c653875b5d12a29691835f90271e55315a753c5b09ddad8ba12e60c111130f7f5d516341dafc1e32,Y,1,0.7170522025053295,0.28294779749467047,true_shap_primary_holdout_sample
4544,2b0c3653b6ba9463b249c338c2ca3b2681cc4e885a81bef6f04e3335b91df17993446a3ead130750e34335701cd8cc18efbe7ec02feaf203a487d1e17b4a28db,N,0,0.7969101803516095,0.20308981964839046,true_shap_primary_holdout_sample
4551,bdc4ac664e5b601aad398559cc3df8d72621e488f32301f543e484be3d01c767a4815184a942cd481219fcbddf0d12bd109cf6aff004103682fad25198d62124,N,0,0.8401664002513507,0.1598335997486493,true_shap_primary_holdout_sample
4558,06e1f0f128a1e3d2f9c29177c96da869936d3355777060dfa613fb3ca230beb917400ddce940c86782bd26f139e4997444d2be67d599b392b309bccfb497ac54,N,0,0.46422116950288317,0.5357788304971168,true_shap_primary_holdout_sample
4574,b31955bbbb0dac63ae04655d0df0d7846b39da721d5d0ceb8d8a85be9ad72dbacd8c632fd872ef99ba38f73698db4d598bd832a5a58d4e3f5cba5a137979b0d3,N,0,0.8977451716712287,0.10225482832877131,true_shap_primary_holdout_sample
4607,e4e9aad99e5bad19a2853309d5617f512ae594f98ffac591771eae427d6a90fea2cb8e370f3135351e362fccb54f838f71d53ef243311facd05c6a36b3873e59,Y,1,0.5313185504059819,0.46868144959401814,true_shap_primary_holdout_sample
4608,23471388d214994ef094e4ea8aa3b3212e7b0e3c91d4d9010e682c9c07c85f33fcdc7049c91000f4ddd7708c2d6afdcb4f8d650d0ef71b26dcdec9d56bfabf17,Y,1,0.736058053762215,0.263941946237785,true_shap_primary_holdout_sample
4665,3aa98d8cddaccb34f72bcbfa7096aa78c84fcfa472f7e0596ab9175f42550aa3fca037184ae447c604e3959c3d75e919d6685cf9dc5f05b45a8ff24a537e067e,N,0,0.9054360607808147,0.09456393921918527,true_shap_primary_holdout_sample
4703,020aef182a0697fab601d6e58bf6ccc89b3c67f56af6e86aa7186f1e604e99715b741e23bb0d5dc04516567496b1872c8bcd378a157dc5de4e75f220245e448e,Y,1,0.9848860724933766,0.015113927506623437,true_shap_primary_holdout_sample
4707,a874388c6acc4e360994ed6a05c71328f3270eabdec0eea82a2d78dfe59dd1096635f7ae3e00d924154752333265a163eb02cfc6423dd02a648977749e1f9dfa,Y,1,0.9355740599594069,0.0644259400405931,true_shap_primary_holdout_sample
4711,5dc75c1ea369798589a2dd8713be63b4e8e124933118102b991767d9d89bd78a4b01988e7caa2d6cf9b2aeef5b87fc5c6f8db95fc31227962b9e48512071d16a,N,0,0.3134541425551886,0.6865458574448113,true_shap_primary_holdout_sample
4713,166bf618a2ae2fa81985d0b761bdeebd424f0783ed36c39f1e1af56a98f3a4fc90e3256a2ba14a627c314d0486252c6e019c82114f04067581ca5135e09a0d18,Y,1,0.1853821995996704,0.8146178004003296,true_shap_primary_holdout_sample
4733,fca8033ddfe712db15335bf8ff4502e5815b7c3db2c53c65242eed058173d456276a13c5c4c4ae3836ccf3a2d1ee299680cc3808a3582a56897715562d96c5ea,Y,1,0.9636397923523918,0.03636020764760817,true_shap_primary_holdout_sample
4748,6b59373af0c18fb20087bb6ab1be43adf277575541c8a812d70f9d377072b2f1574f710b76ef8aad9808ed7f0b62ed337430ac0bd1f3edb52919ed8774943d93,N,0,0.423197411012451,0.576802588987549,true_shap_primary_holdout_sample
4773,b2f33fff07ae477e4cb9cc29fa2d65cd59d78ad49c2ecc08437bc7c3ce891ed975fa1d853c4c0a6f42c0f73277624b720d636d7d0def33ffab64cda1cef3abe9,Y,1,0.9839579247950264,0.016042075204973583,true_shap_primary_holdout_sample
4774,2aca0a0fed97270e24a3cf34295d03466c2e6c1d014e23e269e40b2e4b16936a8ea5680e534e8ce079613d488baed125ea320dbe0b971fb151ed1d99ce230355,N,0,0.18980562430440692,0.810194375695593,true_shap_primary_holdout_sample
4782,4131d0e303089342894012342b106347424b3bf75410c15741f669fc6e385b2e99c5719f5fca1701118602504b06d0e269850caaee8f0ec2151bd64685116359,N,0,0.7160768204486488,0.28392317955135116,true_shap_primary_holdout_sample
4791,aca69982d1bac7276f9c70fc2410c178b09ecbb44e5dca9876430143915208cf9594a69be626b11d601e656ee313060155b69e618b70480f213160ae8b25e448,Y,1,0.9745388622381631,0.025461137761836894,true_shap_primary_holdout_sample
4792,1d273a6ddeb629edd67838c9810b90d07373b88654bcb8140326fc2b8dabb420417f1e1afe76e999e58885120acaae4e056ebe5dcea3f52213f557d397b86d13,Y,1,0.8898585486074837,0.1101414513925163,true_shap_primary_holdout_sample
4804,0a082f8486189f358ce6365074b25c9012ba033371e01d989a514126cd1517d53063b7b75592a18201f07419d525e6d5e34de714a2a1472f2d50a798ef161a02,Y,1,0.47025451409775804,0.5297454859022419,true_shap_primary_holdout_sample
4823,d6017a1177f264d820dff2f983bc44498ccba503730ac7b0a919700ea822e4543598490a68384374f657b5df31a0b82160e586e68bc3cb34054c9ed3bbf199ed,N,0,0.6661555534864194,0.3338444465135806,true_shap_primary_holdout_sample
4831,3a52ea63647662dc07345ba6448614c9d1d55f3c7946d3b6ea393337ef62ac20e526e7577bc4cc52ebebf88e391ec8d1d068d5be916cb7f38e328de038b06c3d,N,0,0.887502337300159,0.11249766269984096,true_shap_primary_holdout_sample
4844,a19dd649e0614bc2b80ee1752b149a937ad1b6635a5cb3f41f39c662b371b912ad0bc8ad5ce21a2c174337c34c03c3af5e25d736ffc1fc1a584f30cfae9c4897,Y,1,0.9880422917117071,0.011957708288292901,true_shap_primary_holdout_sample
4846,a45d51b7b336f0a31facb996fd76e8b9b5d7ba4818a0407ffac4d77789345eaf675da5774c13ad729d6393d2919da930a488977ee85ae3e0c3a2de4a70888c81,N,0,0.20895352639268028,0.7910464736073197,true_shap_primary_holdout_sample
4847,6e7d1c140c8400fe3e8a40f01a4582801e6fb5ebe728b0d052845522b4029cb927ea2776c3d73015db1bd52b8f30b10be8447e2d24cf9856082f21d87fa5b297,N,0,0.23711827946382494,0.7628817205361751,true_shap_primary_holdout_sample
4868,31b188b43850eb9810883a1173b280e90049d94893a16d547fb5419117ad37b9b3b1504e695ce64f18d1efbc94a76dc48c52c8abda54a073a5f639f0db87e5b9,N,0,0.7802217295818266,0.21977827041817344,true_shap_primary_holdout_sample
4873,d712cf6afe81f8ee54a32320047dc730b8bc482d229255c661ecb4aa564b2318a168fa2bbccf33eba2815712f0bd40680e001ed0faf304a6ebb41faf7689fdbf,Y,1,0.9667825965562689,0.03321740344373114,true_shap_primary_holdout_sample
4880,6513fff57e32407ab087206e57186ee4cbde4888a5f79702f9caee7d23d008d30360c95fe000694668cd0c5fd557fb0e1a6d4473abbb18652a717ebf2d5c471e,Y,1,0.9803503344408409,0.019649665559159146,true_shap_primary_holdout_sample
4883,9207294d9d712fd5937fcaa125826eb3ded14485fccef3d98b12e911feed822da10c96060618ee04c38fa19c5e312142b92333bbdea5e9bf71d818785e78a6cd,Y,1,0.9859836558861661,0.0140163441138339,true_shap_primary_holdout_sample
4895,75f22e754dbf4bbed53927d423b9104141909707becdae8d5b2e01465c173a158d3a26d95ae261f769984742b3a0f982ba4762758c789d8d9ed138dcc0926543,N,0,0.6661555534864194,0.3338444465135806,true_shap_primary_holdout_sample
4925,1f7f404d95c12ca18b98babb0bd704eb3cefe2ab2b02b96d45397545b2be43052d4e64cd270e48a3c43c75211f576d8979e5d9d8e131c0e8f8444940727c7b72,N,0,0.2319322032659493,0.7680677967340507,true_shap_primary_holdout_sample
4934,9d68340cd90fb96eef6608c71c8f258b5c621be710e9639bfb97f72d9556740d1635d18494ae52c63845e3bd04ef03d45712161d2e383cbe695c1a6012e48227,Y,1,0.9865646805073152,0.013435319492684838,true_shap_primary_holdout_sample
4941,6f5505cdbcac743f512f28d9c1cc57df1b90f425c68ae687dc887ace2fb540eb8c5ddb934098b71d44ad639216123760125a6b63c9a54c95346582e032c50f3a,N,0,0.5453053707624632,0.4546946292375368,true_shap_primary_holdout_sample
4947,0cd0232f2da909baf007c89de2485ea1933b4d15fb823dbd9ad0bbdf16a6d298f655005522be6476b6a0be747e1f97fe688f0dd082d8ba8bfc5719d1df626cf6,Y,1,0.8925312240232784,0.10746877597672155,true_shap_primary_holdout_sample
4951,38163836b8f8c49ae49ae2d511a959b56afd0159d1c85bf0dbfbd725f56e750516bcb49b887c1901c8a6f95c4363e6a7bc1581544434bdca2c91a48d87182282,N,0,0.4791969806270897,0.5208030193729103,true_shap_primary_holdout_sample
4991,97bc8caa5f0d5da5eb3e16bddc9a7f46e24931eafb518e1ff4bbaf3f984e139f5325d50751c412b40a6cd4d3938d6513517dc3a27c75559dca55560e41e48349,N,0,0.25961301703424916,0.7403869829657508,true_shap_primary_holdout_sample
5005,dbaa06ff0dba786cbec524dd19293aaf2b85afb7114ee37e4a2ff586ae715139e1f84a4db513f9542ce09eaf8cc13109c26c0cfecfb33a6bb91151881daa9698,N,0,0.9804967769424767,0.019503223057523278,true_shap_primary_holdout_sample
5008,3078bf032b60b5cf0b2b2b5e2f77dcb582b13f2afd8d9f825437af5ef1a09940778608a99c1cac4fb5bcd6013a0919143a553800324c712bc6aa1ebc122e1f40,Y,1,0.932155348531392,0.06784465146860796,true_shap_primary_holdout_sample
5025,e263cb3fff77d0dd2d44dce936b4650601b7b67cfa86c4177a26731f37d0adc5e77fa569dba7a4d9278d3673c0e263660456b3de4f32d241ccef04303533e461,N,0,0.2955322821672693,0.7044677178327308,true_shap_primary_holdout_sample
5044,7d56a8047478c1859016642abe69f3e18f4147d4a7f8fbd1bfe0973c01d69d1d43b4e07b313b6ea55168c356e55bc72de1bb005ada417a561cedfdf99daac83e,Y,1,0.8736702384766862,0.12632976152331377,true_shap_primary_holdout_sample
5049,0de15e97510d435d4b568c7cc057113bc34f904a84b0e7f30a736ae3149fab093eb6e0baffef62d3d2ff6f92659ccc90033aec67e8c3a06559bcfb2d15c76dc4,Y,1,0.23279863925780314,0.7672013607421968,true_shap_primary_holdout_sample
5052,037082e2407cc1e1650bff21e39433c5955145db85ad7c26ef0aac9c75532bb39f443ae9685a9a47cf7d1280ffc265b2c0ecc9c145912843a8da36d577c13134,N,0,0.7278807072841637,0.27211929271583635,true_shap_primary_holdout_sample
5060,8fdde843e1a3fd999ff056e8c2368c0660bd1c0e5522051f90d3a2bcbc895272d08fa304cbb680a1134e307a78287251847d87f2aeac54242802213cc80b91d1,Y,1,0.7323494428689404,0.26765055713105956,true_shap_primary_holdout_sample
5080,e6c49f5c9ef940ac409a8303cb33111758c2ebfe574a6d431de9afd085b7567b443fd4e18397bf57c638cb6af1948e7ea4e4e08839d0eed395527e7904fa7319,N,0,0.41526937895111005,0.58473062104889,true_shap_primary_holdout_sample
5103,acd79627014377c50c2ca6c5beccf8bc483f6b8e88b9025bf1660011afe819489d050849117677fb0b3f7606f136d9503e8286276a8388abe1c8b143e8618ece,N,0,0.3450204798217179,0.6549795201782821,true_shap_primary_holdout_sample
5115,3a74008b4d97f70adc9c73fdb51ab260388c1ef9b06adb15de398db536a3499b4ac5441ab90f5973f0ff7b6aa2a97d05ae872154d5391e7508c8e571249fc3ea,N,0,0.3246911630379001,0.6753088369620999,true_shap_primary_holdout_sample
5125,306bb0f11139f9a4eb31c5f3862fc14e44fce7c76b6be78185c104f8ac318469a52385b91a107a50bae4d08ebf795102f0d8a79a28b05d1f062f79207f2b970b,N,0,0.22485730724996564,0.7751426927500343,true_shap_primary_holdout_sample
5127,9e286d6e939b34a80640a45cb7d7333218c27cb89352aa5db3f2ff63115683acf82c54b9de87d3ec4b741b3fd20f71c222689e07b18ac6c4606d9f5bc4314258,Y,1,0.9260034839866019,0.07399651601339807,true_shap_primary_holdout_sample
5151,fa4a337f9d62f4bc09c22a9dd4a7d36450b64d1292c14862d95cf0832f49469939215967b5f067e1656041d7e5d3ab45e7296cc64b585a3f7ab4f95181908922,N,0,0.5004924485365103,0.4995075514634897,true_shap_primary_holdout_sample
5160,6b9644d39b3f30a50089443e22a71f4eac342918653b4ebba55aa311159cb4632dc1c295cf71b12ff38da464656bd10b41f5d25c269f1588d171fa2ea7729a00,Y,1,0.943905738092249,0.05609426190775102,true_shap_primary_holdout_sample
5162,c7e9b79cb813a4aaba14d8d9a54228cdff6e85226a44165c294642cd006478e1ce83f6fa7f8211b6b6a3e6e63aa23cf4810dc2a34c812738c28ce5fa2ef67e42,Y,1,0.979281166911989,0.020718833088011035,true_shap_primary_holdout_sample
5176,f8d82dd107cc0c1851e020717f81b9721b199da8338f70417f9a3b1e5816c5b9dcc8e4760aba44cf47ba5a12470f70f0f6fb79eeec8e0e5c9079621b6bd941bb,Y,1,0.1451967881089049,0.8548032118910951,true_shap_primary_holdout_sample
5191,16de6c697a301e87c74d9dcd8fd3662089543b8d7bc6027ae9a1b4f44dd61bfeec22221ea09d50c4bbd3d6dab4cd23054f8352df058b3f56b70f492dd7d5f975,N,0,0.3658910241966088,0.6341089758033912,true_shap_primary_holdout_sample
5195,e170139430916fdf4599478a5fde12585da9c94037486c981678508aa1d73567f90e3dc2c5ed82fdefd712b62b4b0631c31348da2a8f42e00cd3f1de5fb737fe,N,0,0.21136638560731233,0.7886336143926876,true_shap_primary_holdout_sample
5196,0ef2f4516ec446b44c9f9b1087b10179827143b0ddd0be1a82b4b830f4ff94b992d6e2aab6dee98a34232a888256cbd15b0f71205477c728149d8ba10c2a7493,N,0,0.46857257113922385,0.5314274288607761,true_shap_primary_holdout_sample
5198,6630673dab6c2eb02fac313a2a6ca4312ab8bfe9dce714b523e0738b3cfe304aee8704ca8162424ca4227e5f10a7c6aab65cf8f65af59a4a84e5849e2753a61f,N,0,0.6983006307177334,0.3016993692822666,true_shap_primary_holdout_sample
5206,86c6db11e4c6e8f1ba312d11ccf3f52a5c054f0dafe2c862c4e318f17593b809dd8a2c85d9bf8c0f53615c01acb62e4d15b2027a59017ed58f43dbeff3e0d6f9,Y,1,0.9484029688592398,0.0515970311407602,true_shap_primary_holdout_sample
5210,bd16a6dcd2774a287b266778dd88921df01b0bca8ac39caa6d8c4f128121241bdc3fcc467773b28972139987b9b18f24518acfe440832301973a84004fa85c6b,N,0,0.17946139628642546,0.8205386037135746,true_shap_primary_holdout_sample
5226,655a71adfffe60c9ff9bf039c9a930c6265210ec3cd09f98070efb942272dca5323066e17737a97c81cf055e0c23849c7145108f8c1252ebeea18be2c2b9e446,N,0,0.3017809893227853,0.6982190106772147,true_shap_primary_holdout_sample
5234,b39d5a471a6d23da4b23b127b9859624ce2be3f8d042b92bc9625b49e73d2eb554285dcf1edce419faa080f09a1877893c556a778d10f2bc446a055a0ca6057a,Y,1,0.6661555534864194,0.3338444465135806,true_shap_primary_holdout_sample
5269,5d95dde3bd0a07da7ff117d60fd1286e05975d9ad0b0747b1872ae480669c598004fcedccd6e50030119e006f5c52302a5a566543477ab5dbbc00a49aca1e4d6,N,0,0.7591423008467364,0.2408576991532636,true_shap_primary_holdout_sample
5271,87e57398f62221ad5922ad04e96887dd8373702c7045e77fe2229662f085e5628706553a6205a64d98579adaa6210a5f1e05edc85f278353a2bc1d6d54be252b,N,0,0.29855830946200446,0.7014416905379955,true_shap_primary_holdout_sample
5274,975322a84d53fee49310447f5452e05be196ca87bc80bf58497749e8d39a1c37c7e7c4cf38080134c6b496c123099b604e4d25e1179f520f62575edf56d52c45,Y,1,0.9778275788581972,0.022172421141802845,true_shap_primary_holdout_sample
5278,2251df2757b3ab2a181973fafe8d3dff54549f1d658f3b584e139fd07eaf008936dfc62aaa8adc9a8e35a53d64c883cb36ad4ddd4a896a2200c336f122c41448,Y,1,0.45219109923081313,0.5478089007691869,true_shap_primary_holdout_sample
5280,4a0d1120f8e67cc29000e7f0406a3a0c7a4557d104a146bf969b69e97494ed3834eedf886c5de62f21ab3c4bd70d6c49afb807ddd89c20f67e9fb1b1624f940b,N,0,0.4825865478240228,0.5174134521759772,true_shap_primary_holdout_sample
5287,f182d596c1fd80a7be3d0dff41ba4419b77d848a2cd077bc0a0b0ad1fa80aa92fd46875bd44bf11de3b52330a8b229b2e0168137d512b95cf3b2db2b4a75317f,Y,1,0.978035272648717,0.021964727351282964,true_shap_primary_holdout_sample
5302,70df7e67bb8b6d65049fec87d76d164bf7717e3174ac6c3128854e3d790a530381776a8cf7586ff9993adfd825c189ee1f7fd2330c4d9ec5955e1075c67d6f55,N,0,0.5744983191829398,0.4255016808170602,true_shap_primary_holdout_sample
5303,59a9671e2cf2337eb0a421f38451d7cfccba80d97a9ceeb363e81a5f659a4f470c63e1b318040ce875453126fbae8f77ed9a4ff4f04a8170930fb669ab27f915,Y,1,0.5215969480624018,0.47840305193759824,true_shap_primary_holdout_sample
5309,7fdc1a20b3f286aabb1edfb677a3aed4fb41dc56d4ef5bc6ae8a3a54e00c0dcca334042dd80cb16645183576a84d5d702b95fde10b9730ea6176d2a8dfcda048,Y,1,0.9818491741845627,0.018150825815437255,true_shap_primary_holdout_sample
5337,a59017008be5ff8350a97cd7bd6799fb7e7e0a645c9cfb769625a79856f08372cdaeb4af92a170585ce67752eebe2047121f5d742f64dfd259e44ca2ffedc09a,Y,1,0.9604711906810799,0.03952880931892011,true_shap_primary_holdout_sample
5339,cc6cb230f1829e09d0717e2e90b353cf76e76251e19dd1b1a45c5587b3a37c04e64870c65d64cfc70a9df747aee032a53adb1e83d0e6576ffd81e7acf2d4a472,N,0,0.25118235275102624,0.7488176472489738,true_shap_primary_holdout_sample
5346,c47e58f2746b722b46e0ff06a033f5a4330c74c39b02c44298fb7ddbccaacc765c35047201772316c47347e0c822d8ed6c9f9e36f4737d3081ef5837c04dfb43,Y,1,0.978371252970382,0.021628747029618034,true_shap_primary_holdout_sample
5349,b28303de54c5b8a6001b9b173957544907e7b63cf7afecde15b45b6bfc43ad041ac7a2886950f08b15799f2e8ea9d50d7cf21fc408c8c7059cc093d095fd1031,Y,1,0.7831262266280266,0.21687377337197344,true_shap_primary_holdout_sample
5352,273631ef12b29b18632119e0e6afc1813a32ffc8fd6025ca805ada017f0223070e1bf29a92e73c04a04a5be7326cd015d42981bc317c7b28ff5358a589afdffa,Y,1,0.9736435513724759,0.026356448627524065,true_shap_primary_holdout_sample
5381,283b9d854ec4ec963ea5998eb6248ff95c5cbf921874210844428fd1a22d8c9b8acbb7b1aecd20ee0d2e4117b30fe61d0b7896377e6788391d3a216d40220905,N,0,0.14240452825635505,0.8575954717436449,true_shap_primary_holdout_sample
5384,83fae67ee8f9a6fe27498093438ffdd769f20491b4a05f54dee018628a6acd4a0930e77357cd6b61281a993c70d4b486843bc2f91eab54fd36fa5d1a1a6ef2d2,N,0,0.1882589734629232,0.8117410265370768,true_shap_primary_holdout_sample
5398,8cf31cd39bba4f6d857b9d921e02b42f09ee6943e2a1b90a8c425e8e6ed26ec4002c49afbb4088779d5b8f39d9b14ed8821c69ff17df6fd791796738b9f68cbd,Y,1,0.9824198421703054,0.017580157829694576,true_shap_primary_holdout_sample
5426,4eb8ffa265a1425b6791ab615ce7aa7157bda810d6198f888a76f8887795fab6637121750b1771f4d968459af802b0424a0dcd7680f948e6d94d7d7e9ca4574c,Y,1,0.909267313012642,0.09073268698735804,true_shap_primary_holdout_sample
5433,99a9aedbb18ec12887205d5063e47205089400915f5713429c2df3717cc54a6fceda1a91f66ed3384009ab52d9715b46eac5b80d2d26d0136ecf88fd6c51fdd5,N,0,0.3255667975807423,0.6744332024192576,true_shap_primary_holdout_sample
5455,cb567008e1248090fdf19a8c574154df44be317dc7118a6e728b3a7bf7a8ef6b31cbfb8138836445c5cdbe37ebe12f13e93bf71d2786bbe3bd22aa555f2cb9ce,Y,1,0.12857251589760407,0.8714274841023959,true_shap_primary_holdout_sample
5457,758cf82999e81c8fa985a7ec33deea5315e032e445c2a4f6aba9a67a6a3d6ac88a8d6f73a71900d2fd2f81201d4c104d08529406a2f8b57ef28742004e507e4e,Y,1,0.9803814170636521,0.019618582936347884,true_shap_primary_holdout_sample
5463,437b7a1e73ba5faef1ef80aad73669063734cbbd4a51fdffb52bb3429051544c685725dc6d8f924922498ccef1bb41bdce40a58c80319f157701971fe190718f,N,0,0.5665273579287201,0.4334726420712799,true_shap_primary_holdout_sample
5474,f4d61dff32e491d4cbcde39172188e95d4d3a7752a1d0694e3eb5c408b0032fef241738207c464d4e393358d1987bd280199f31fb61b14783b129f6a7b7a5098,N,0,0.6316636561428067,0.36833634385719327,true_shap_primary_holdout_sample
5477,a6de5112d1a04309f6db9bb8c09ee1897295a7b1d92c7da1888cd829f9166f9cc49fbeebe9febdc549ce4fe791e56144191bbd8316c702546b7913360c290346,N,0,0.32911427330820536,0.6708857266917947,true_shap_primary_holdout_sample
5480,28c0e18d43767a4cc1df75db5f990cad576034a704a26bc76eb6f059ae02f9c944be7ae3c65d0094f0808c1d632189eae81a2c28ab0571f1b6e4e6e2216711fb,N,0,0.7150496924353572,0.2849503075646428,true_shap_primary_holdout_sample
5511,205e96400aaefbe5d2d06ce5b63af9a48cdc9cd47b470e0472aaf2f6c3a71e675cb19a797e6fcb3e307ce311209ee09b488bd0eadd90433ff02af55b7db88837,Y,1,0.9595342349022621,0.040465765097737916,true_shap_primary_holdout_sample
5512,e31a1715c2b44e8fa8482c8b5a5d0ea4849c02691106ee21fa73f7b5bad0e81f20465b3405fb9148f2376236a17905d62fbceb5302273c365988baefcd79a047,N,0,0.7722308387143109,0.22776916128568914,true_shap_primary_holdout_sample
5515,2256806afdad708dca9c4ef7d567fcca5ba57605929f8a6c710d86fcb4be80e1c0adde1093da0b26e03f2bc068a4515af642774b18f43e9fc875c605c12c035d,Y,1,0.7978675645172094,0.20213243548279058,true_shap_primary_holdout_sample
5520,2debf18459e9177b59751367284ed9e11881c3c2ef4264bce3eb714ea64fc16d310e3fa6acdb802e001909b55835d37fa4d79b57c8cb9bdb76d9b2660238e398,N,0,0.23092254575863333,0.7690774542413666,true_shap_primary_holdout_sample
5558,a049ee2527abe499844290055d6bc93b528dd7fe854b03cc2ca67c10fcef82946e339e28d472adcf083509324ea70cbe80d31bf0668c723d990cc8131d5a3b3a,N,0,0.796937773022593,0.20306222697740695,true_shap_primary_holdout_sample
5573,538eb816c6ff81a3b4ac03ca7b66346f1bc635d1976dbbf7034ba86be3e54f9679becfccd2d6deebc2809b34a1f7438b5433156e73ea4a17853f5242a44ebe56,Y,1,0.9294851200758847,0.07051487992411531,true_shap_primary_holdout_sample
5597,576365b48c44445a0400371c7010949eb3a9379524926ea9277e30347187646d2ab91fcd73c817ffe400203777a833c6b0901283799c3ecb8527eb37ea1c8539,Y,1,0.8785441216471963,0.12145587835280369,true_shap_primary_holdout_sample
5622,91b8dc77e446e6f01f7d07c03f84f1c37a538560d81f0b6ca2f648d99c1955e21b880940f3dd09f43d9eaad8553d1982960c460070d5f676166717fa2001ed12,N,0,0.7711431256565621,0.22885687434343793,true_shap_primary_holdout_sample
5631,5ba024d0edff98057d3b74c21b579ac34069fbaba0c8efceaa42b2f15ab04870fdfdec6a1a61ee2b410f103f28cd83ef6114ea0f86ab034bf39c1e6b43d3b9f8,Y,1,0.5507854954110185,0.4492145045889815,true_shap_primary_holdout_sample
5638,d30b62ff5dbf96412adcbced82d37635cd497ac3eff21ec1a34e5a1151ad3c0b09556146db3cf7c5ba355902e43eda7fa5c4c3fd05d469c25dcbe829639dbe82,Y,1,0.9541254988771826,0.045874501122817435,true_shap_primary_holdout_sample
5670,336cd3c4ef16505902aa2d2777d78c461bc5f0caf75c4962501a2de30be9763d2560500137f970c0d91195c7341a4692ec44e95109c8d37cc679aa8d8f7aa816,N,0,0.6661555534864194,0.3338444465135806,true_shap_primary_holdout_sample
5672,b2823d88f5f55a32974e766a376f445c07ea53f4850b61ec6fdf6dc9896030c586589d73fbee286b10b84d73942f0b94a4b565bbf6498cbe18b69e89d4aa00dd,N,0,0.7134905997254727,0.2865094002745273,true_shap_primary_holdout_sample
5679,c94d43f4717a6087bccebff3173b707131035b26180298680e534a3e6830b0af07d27bf525e473d0dd076c83fd5672b2fc18f992fa465926f1dd80510d6996c9,Y,1,0.7150496924353572,0.2849503075646428,true_shap_primary_holdout_sample
5683,04c25565fb7d45e930a0760e30591da89e07fa025fa0db5d3a57c6bac8dd9894da0b0d7db42ea284154baf0d5d8d72dd2b3230141ea6128059322110deabb5fc,Y,1,0.9814087300487183,0.018591269951281686,true_shap_primary_holdout_sample
5684,e345aec62aebc89a73ab2ad4ca015eb664a2ec7f857f5de6bb4720d4a4e36f55a71c6d05d107b13667fdcb83bc401dfe2818c24d56ca5811b1246d6f11bac23b,Y,1,0.9104621386657925,0.08953786133420749,true_shap_primary_holdout_sample
5693,a08da3deab5509f53057fa2a33c7ea23da79a9772d8e6097da79b79eb026606d1d491f6e4c4ba76caf13a5fded8871b4a2b25e0313fd22ebfcab48bf935b9cf6,Y,1,0.19518372843517712,0.8048162715648228,true_shap_primary_holdout_sample
5711,12349c29e4e8a32fefc51885cf6a305e36cb08d291b8607278b31b9b2183e4a01d38f3c362761ef6af39d95653ca34b8c6d8085b7fecb6c82c04203214468677,Y,1,0.9063139404870729,0.09368605951292708,true_shap_primary_holdout_sample
5715,0f73a46da43c709e9686b63d4c072deb7d3e5b5602ad901bf905c23a7640ef0d7bab45bc67fd464e07a7af1ab1626cb324905d53940650bcbe5d92c8b88eeea1,N,0,0.22787455534257609,0.7721254446574239,true_shap_primary_holdout_sample
5722,a68e63ec58bc92aa1b379039624fb4e5ed14935e56d03f083f3d2941051d43891b116fb63eb15759e015ff2856b6b22c834d0062d3f63433258423facfdb5d5d,Y,1,0.9504152143828691,0.049584785617130867,true_shap_primary_holdout_sample
5743,78f985fa4fe4944961c5812bd7557721d6d2af3320ad1674ee698ff6b378cdbfa1bb3c391a87a25e0c5c5cd9fcf501d082b9374162561239315d1a23b456d010,N,0,0.20459360373519547,0.7954063962648046,true_shap_primary_holdout_sample
5744,23d8fa850d2308d51f1b9f56e1cc7509677e434eae810da664e2c44c2acb44ae3527a3cc101ab2af1502d58c3a8dceb653201533791029f046d7aa3cd7d31bc9,Y,1,0.9818463396147402,0.018153660385259784,true_shap_primary_holdout_sample
5765,e3748523cc97c4b3741234a1ea2c23893f13f3a79670f0d0119949ea8cab640cc193ebab57d79f6c148c888205ace04f965f997bac2e5635e92fc87b9e093370,Y,1,0.5651322027419271,0.4348677972580729,true_shap_primary_holdout_sample
5781,fef93a491f9a55291a7a9c51ff5f912a2145ada29d102bfe71743221cab58671ef911043b4b9f4ba05fc20fc96ab8b81bad0c12ece3de587efe8817e78a7371d,Y,1,0.954078801255154,0.045921198744846015,true_shap_primary_holdout_sample
5794,e24960790be725e4357652ef7730a933194232d6788e829c7412bcbabf014472f2de2c4cbe9234a57184d9cccc427567bd034ad8de420bc732fa2849ce9844e7,Y,1,0.9836235036780022,0.01637649632199778,true_shap_primary_holdout_sample
5806,40d0e9fc8679e152c45241f1d82bceb90501e2a291531fc8513ce387b40143ae25e73fdccf60e2db88b78e7d170838ba237e363e4cbee8f10f98be65baa73a53,Y,1,0.9795339693312454,0.02046603066875463,true_shap_primary_holdout_sample
5809,75fb5051316e232d825fbe38f5060e02cd3e37b3afe420c073f4d3ec0017710945f8395711bb00d1f4522499d15a158cdea4fa247d05ed4590487d36b772893a,N,0,0.4989833282586126,0.5010166717413874,true_shap_primary_holdout_sample
5837,0258fd467c5765400d487d203f7c77afb597120daa9b1ede96e6a06122e89ea3120f1c5b6932ce435b954aab5da1999305ab7de84225bd741ee334c26ff1ce33,Y,1,0.7297198632273745,0.2702801367726255,true_shap_primary_holdout_sample
5844,376ecbca6d70099e82dd5f72db9e5578b149e5f53d47340d87aec354ce75c3784821cd92beb1165c9181fd29f8e36976752512632828e4766e7b9bd149e76629,N,0,0.751757313366854,0.24824268663314597,true_shap_primary_holdout_sample
5850,6d84715d6eea3fc4a02c7785aa4c1faa08ab84bc83802426945cc6d282aad1008b8f887b8674a65ca8047358dcbec1669c43c9aaee10eaf930d6b2bc4a33e6cf,Y,1,0.9724467093801668,0.02755329061983325,true_shap_primary_holdout_sample
5857,4a8c9683cd117f69b74b827011dea376d279e2d9324633d12a4a94ce201dcbc8ea6239def2a6fea5d9787c1eb361c3831066ae4e1e22ad409544e021994b4849,Y,1,0.3705727968984501,0.62942720310155,true_shap_primary_holdout_sample
5873,91014dbedad7cbbc273d7a00cf0207cf26b068b2120a98e23e6270299a20e9091cc6898f5d9ed4328c1aa15631a38635d0af89829438a3c285a1bb91d5450763,Y,1,0.9777688972258491,0.022231102774150857,true_shap_primary_holdout_sample
5914,5a5ef3db4004039993bea83df2918494dd11b0da8e0c239d5a800b30f053760902eef976f998ad6780704bb58abd6708575da26fa4c195a7bdd2f95c21580903,N,0,0.7384508037802957,0.2615491962197043,true_shap_primary_holdout_sample
5916,2db3421e626900c284720d151a872ca1f33fc926000ac3dfbde6d2a99b11b859b386f5d69649516e251dcb787a847944d62a4a54d07e94167670db42cb6f0015,N,0,0.5397654248199866,0.4602345751800134,true_shap_primary_holdout_sample
5921,7f1f8700ad04cb44cf2640112069798811b10a86077f4b2c0de2bf2f94d407c97af911162e9099ddb33cacd02c7a5007a8b38e54362ce2bf8bf4c80b9611c1d3,N,0,0.6179887823129147,0.38201121768708535,true_shap_primary_holdout_sample
5928,690aef20d019f21840c72881a257bed019594c7bfd4c733038c670be30b2a934b12d2fbbb467077b9178f4641df8b0d8a4ea57faef499ee5f17b0ce12a50ff4a,N,0,0.6277378789384669,0.3722621210615331,true_shap_primary_holdout_sample
5939,7838fe7605747d5f90ae0714f9f15a626e06d19a903aef7eea3b69f51c2692237c83a2cc0159ed8c951fba33cfdebe2e4ddf94c1f186474070722e04d29f7ad6,Y,1,0.9795907215743128,0.020409278425687183,true_shap_primary_holdout_sample
5940,a522bc5166fe53424b8f569059f1c03fd3e7642cf1d5b086fb8a8e40ba77ed122978264214e8b5a9a663b53586522e0e3be13b8ad91eaa0df95d88af48e17656,N,0,0.685694517911351,0.31430548208864895,true_shap_primary_holdout_sample
5957,1d4ffe906f0f1e7374cdcd24b88ab4fd65ae8a7437255e39a9f7f5af29643e25324031a39820af98d7002c4e44913935f4915889d9eed4170dc097db925abe16,N,0,0.40742755085667876,0.5925724491433213,true_shap_primary_holdout_sample
5967,77b7ea1d5adc745f6d27cf6d5117a3bf00ac07c1e4e35d5c36ef7fec2e4115819eec56f0c9ce62d6908784fcea70cdaf59f8473f9d1699fc87ba80a5f5fa9768,N,0,0.7515035312981991,0.24849646870180087,true_shap_primary_holdout_sample
5970,24660a7edb64950cc6e3a62013c27d1fb4d0a9bc8cfd308aa66c76d51c6790af51dabfa91cb4cad61c97e3ab0416974bd84f6d9c5bc5aa8cbe6b51580b6cb292,Y,1,0.9858478638792413,0.014152136120758718,true_shap_primary_holdout_sample
5997,3a3b54d5fdf552be8394dc163aba9d796f51d244fba22d57c3e2ed580c502a45b5a7b687c6ca4dda1d475e0677b42b916fcdedbe8a9c510fc14b1bb44f6983a6,N,0,0.9128011193861209,0.08719888061387915,true_shap_primary_holdout_sample
6002,6b9f5aba1665c040bb65a4fcbe26b8e66dcd804201d500a6244e24af23ff170703b81f46619f814a5bb9d86936dfd987a0fd484fa4da05be21ee3d9ce67f9258,N,0,0.2896601175856406,0.7103398824143594,true_shap_primary_holdout_sample
6006,d5d1acf7e9e951bdea1911ca5461bf3f75d5e84470ec3bcf87bf4b07a303e2ae4aa6a4bb06c68bdeb47e6a186a1e9cae6d8822982fc367fb93528f9e4181467a,Y,1,0.9652663992826904,0.034733600717309576,true_shap_primary_holdout_sample
6016,0b3640043e12fb79e626a338f4f3a6b618a8ca4829569ccde8e6624681f3aaf8c9bc245fe8222333e950df1a408a064de510874563f6e35d70826e0a35d0fc1d,Y,1,0.9870423624702953,0.01295763752970469,true_shap_primary_holdout_sample
6030,8cd3e04f212b149caad8b6e50772a3759ecdd4c91d4cfe52791955d1bd80dd641efae17422639ab6cbd8028153f27937e994146d939cf7f3a79873a1455e9c09,Y,1,0.9464031202593958,0.05359687974060423,true_shap_primary_holdout_sample
6046,a1e345401050262a102caf424ab4320c58d8564db0c896973c6fc9dc3ce7f445ffa9a919bce47dd0d8281bf3af631d61bb999c3b140dff7871f6d012e0da7c68,Y,1,0.9812640718404668,0.018735928159533177,true_shap_primary_holdout_sample
6050,92a3e05fb7084125425419385c11d97d5223bb48c9196ba5817fe338439837593858494dffa37644498e99e58953cb9ac069a915c4f0303bd083a7a65c0d69db,N,0,0.21702198902757738,0.7829780109724226,true_shap_primary_holdout_sample
6075,5c85b908d1a6c9cc46bd912c449a1a2c86dc3f88e4b7971c9d98b5e853e8541b94a5954f30dc5973c2849054bbbd7579a8f821e0f3f485feaf7e6f2996bddb7c,Y,1,0.8709447511846655,0.12905524881533448,true_shap_primary_holdout_sample
6088,6f159fbe53cee96b1b4e2ed918ba2bb4534d6d65e068f2ef1f75250c9edad9ff35ac92324aef6f0cbf8b6601f79b1111fdd1b92bb61685e738203d3995ae9fc9,Y,1,0.29246595459822805,0.707534045401772,true_shap_primary_holdout_sample
6100,532f073cf7676e8bcc93d930967aa360ba553388b64afeae2b86d4132ac423f9a76f23241b59904cfc83a0de6bef263ea41f486d90f2d622b4ec69d6bdfaf257,Y,1,0.9857777146062062,0.014222285393793777,true_shap_primary_holdout_sample
6113,ec1059d48adfb20bf8906d82e2fe45ef3b4c28b5b39eac89ec636f0b2c8552a00cbfa0cf17d2bf38b252a83e84736325f7b03037311579cb9f5957a6e13192c0,N,0,0.39832889139451444,0.6016711086054856,true_shap_primary_holdout_sample
6123,da5da73252fdf3bbae1f0fe4f20a025e818ce999f6fd634cd9afbb51c5063f182afa40b7229168e0c2beb891625cad994262c1a7c030b725c3b24ce4c8371d32,N,0,0.23574175301298458,0.7642582469870154,true_shap_primary_holdout_sample
6144,a68f8673a810521fefedfc77e05a48097e9fb0653c8ee23416c42964fb19ea9bb58935c69043151e4c75dc44b6ea8bd06867df5e196254025122af6f9777903c,N,0,0.30184977551769687,0.6981502244823031,true_shap_primary_holdout_sample
6154,a622799a44054508019c8e40b6308a41203f868eca41a49f209a08f0830dd2f75c197d2338171e6651b97bf2ed13729cf86c2ea98c753a77f5e079054c93c365,N,0,0.26566215480764405,0.7343378451923559,true_shap_primary_holdout_sample
6155,b8f13ba438e22ae8045d03b3c5d77aa0e3d235a7c03343ec2d352cb74fe8b033ac2e59a48f3efd64985d2965451fe85bdeb995d02538c22b92666cd38f3ea707,Y,1,0.7439779777306743,0.2560220222693257,true_shap_primary_holdout_sample
6163,407b0b8a42102a139b77487a79ebd5a2d30d18cc88c8504b73e685bbbc0b437ab5def18849c828b0a6b6533ef9ac5f619eda52e665991d9429d682de7c639aab,N,0,0.5181638951648918,0.4818361048351082,true_shap_primary_holdout_sample
6169,f34ff6ffc61e68ef037056836bea6975b7e1edefdc607c079354b39be94f03c2628c5d78015ec0616f13a142bfadb86cc2c5f1124ebdc8eb781076c0dee9fa4e,N,0,0.5594041203896551,0.44059587961034485,true_shap_primary_holdout_sample
6194,25316fa34cdbaccde916809b47850f96ee908f59eec5181b4cfd6831165f1dfcd05108cdf5a57e295f9412323180d7a455a5a3f2526c3f2a36ec0cf865f06b51,N,0,0.5706958063466766,0.4293041936533234,true_shap_primary_holdout_sample
6195,ed4eee03b11c3fabbbe8ab0edb518d15c79fbf2f57634deee0a404f6a6a8bbe1f0838de3225160bb1f35998e06982196e81da7345fbc8f454ac76dafcb2da2c9,Y,1,0.9797349822826321,0.020265017717367884,true_shap_primary_holdout_sample
6196,6c88204cc4cf750f68ddf8c9c0311428c534b23081f9ecd80619a73cdf12859fd170905c46a49829ce9dfed61b49edc9676ecf526c3020f92deefc7c56e94429,N,0,0.9094174114584642,0.09058258854153578,true_shap_primary_holdout_sample
6213,fa6f410a8b123d076e0cc8746075200cc184f6e72ea9c6a1e9dbd51c51fda7190b5505765b4525428863f943439c7a7e2946487ed9c5edfc786b5b529e6649fd,N,0,0.4515227902598386,0.5484772097401613,true_shap_primary_holdout_sample
6218,cd55d69786cba61dae9b4b1d60bb6e9d00fa69fca4ebfd5d49dcb6ac435221e7551c66e8610cb6a396852aae989b165837ef746041d0422b1b7613a495d04fde,Y,1,0.9627223780184625,0.0372776219815375,true_shap_primary_holdout_sample
6224,42a3fb05c34ae94f2a14207440621cabf9dc75e949b45f604608cc34ac50ea2a459b1019de375a0a8c86a6bdf434310caedcfae3b510357caf044f3fb1c86d52,N,0,0.6746798669072359,0.3253201330927641,true_shap_primary_holdout_sample
6248,932832680ca59169d29676896a93668307196c62d47fc72f213ac98b279c7ce673d92d8bf8ed2b1301c6fb4c8cc079b2ff1385bd202a24de89ad8ed2a143d9ac,Y,1,0.981667091497276,0.018332908502723955,true_shap_primary_holdout_sample
6252,bc07ea949ff7bb8d380556bfe85e9f84c3c562eb540de6a7593c27a17c01e3972d238ea3c46d3d21ddb890b515ed94cb7274ea218d25453a0af7ccffb60a06f9,Y,1,0.9620366588945983,0.03796334110540167,true_shap_primary_holdout_sample
6261,ccf95b8332f1d0d7e7a62944c537865db61a1462473392e9c878c0a917aff1b73c667b4bd05dd3b83f5151103b1ed10406ec35061384d15a4ccab8b985d256aa,N,0,0.42440638901124034,0.5755936109887596,true_shap_primary_holdout_sample
6265,a2bff63e54559d70212fa63255ee3a3e17d400ec2647da611b06f2a187ffcf683b1c3fe165af87aae3439b870224f811afeb218b9aa89ac43f1fcf96a98cfdb6,Y,1,0.985835045971914,0.014164954028086041,true_shap_primary_holdout_sample
6275,987799ebf4c4fab31bb43fe57c9a043bf084c69eed5a715eeec284e5b829e7fa5cec01503b98d0d5723b5129419e71ce6af8a7b04fc15677ecbe235f3a658773,N,0,0.4792173311404994,0.5207826688595005,true_shap_primary_holdout_sample
6326,d1c4fc9749efc3b20da4176d2b495e5c0bf4d7697ddd11c357e5f7fc2d989f4b95520a006b1b066875f1aff0440a08847a19fa07dfd2e6fb744ac916ae91f263,Y,1,0.8788147628123144,0.12118523718768559,true_shap_primary_holdout_sample
6336,beb135da87cda7f37d496bf91672a4158a02086edcb22560d161ece7d746af4814f21dfe2f15d22f6a338899764baa33caa1fda05c804d6abcc3cbb10f7f737d,N,0,0.23458546402094285,0.7654145359790572,true_shap_primary_holdout_sample
6358,627324076fc0b5a148585b0e9a40927d504ebb873aee435e2c3c10b45a0bd8a1242934b578cc6bea6f2764559f246fbc296388c6b7fd73a2e2ed2ee2210d2d17,Y,1,0.6264115032356468,0.37358849676435324,true_shap_primary_holdout_sample
6371,4b3a6b1c8da75b25b06d3675084a03b410ac2cfd9112c63a4410e64af3a515475a345475bf2ec0adf78ab5e84ea9a3709ff0482fc82a2acb925f934a0bb20d26,N,0,0.2636850828694244,0.7363149171305756,true_shap_primary_holdout_sample
6381,2f732468efc886762018ecec39b1881d5e78074a0b63596e0561d9d698bf206954c4b5f7636d2d6b46d81b5a90da1e7d38cdb58833e83bafa6b2c22504976f83,N,0,0.22978804613772916,0.7702119538622708,true_shap_primary_holdout_sample
6394,f08ba1de7a1bad05a25b6379fbde38f94ee9653c18f05b19375faf3c9988ab31667cc67d8cdf3109a136505d89beb6c408fd9896405132c07cf4fd7a744bea77,N,0,0.18658957161096346,0.8134104283890365,true_shap_primary_holdout_sample
6410,78477e8e71cfbf2c4281322f88d98a440c16b967e040c81d3acd6a5bdc4e8bc3ccf6bd3311cf0a32de02798b05930f99c8dede0840a48ef9ec75ef331b01baaf,N,0,0.1951956781616478,0.8048043218383523,true_shap_primary_holdout_sample
6412,a2d9ec9802e8271584d5f92b459153a6873330e6e69efdab0bc8706a6a882ca09849027beeea63ab4a3f609e537a192bd483546bf2e10bd889b3e53cc057fef2,Y,1,0.4573355229825342,0.5426644770174658,true_shap_primary_holdout_sample
6435,16b3b4d77a565f35a8f0855155209df2fec821dd46fb9e9f0a7d45633b09f85c0921ed25e0ea7e3d35160cd8e65845bca4399073062ab0756c08c76f81fbd756,Y,1,0.9827991394869049,0.017200860513095106,true_shap_primary_holdout_sample
6440,16e17376b087c81ddb0a03847becbbedbc9ea90edad44482edf221373403641823315c65e85dce07d0025ed0f0063c421cb9a8326b76cfd8974215541cf1d797,Y,1,0.6119574562436081,0.3880425437563919,true_shap_primary_holdout_sample
6441,5c3c0d216a36aac6888dcfc26a761066dd4e3e038a5dbac2edede4c4d8bc697d772cea2690279d3b69c9d2d5385a093f7cdc0906caeb560a55ec5246899aa75b,N,0,0.7350212748450683,0.2649787251549317,true_shap_primary_holdout_sample
6443,b90de532ef153e450a3a0adc7f426d48cdbd70c0295036d3bddab75e0fe12e5151f60194be69721e4b899add946362cba342431e4f572d7376e463d98502426d,N,0,0.6364824496568011,0.3635175503431989,true_shap_primary_holdout_sample
6444,12570e90c38ca913d4a429addaa7008ccb1c93d152fec434d1a2876aca69179a292a77e70bb5aa1e2e2ca5c0ed25c26c1dcecad481e4dcef88db2542ff88354b,N,0,0.26094346291398046,0.7390565370860196,true_shap_primary_holdout_sample
6455,3556c62216826f903c73ab6b233ce65fc691228f0709238f13c3bd7aa57b98595a43eecc38352bab854b2180a7f5723260c265226bbe945eed83f043eac5ab8e,Y,1,0.9802391601181069,0.019760839881893144,true_shap_primary_holdout_sample
6456,28c87e5fc6fc9bc2f731421defd1e227b2f2f780c70dd2e30373ef349e4da66c36a568c579b87fd85e99d70ca11c55caa74879e9d136b6c0cadb1bd33a1115a8,N,0,0.44933580643738125,0.5506641935626188,true_shap_primary_holdout_sample
6468,8ba4636fa33d6efc8bfae2cc3ea2b8b650742c3fa8bf325688e5eac925d58d8461d3eb5cd487a2faf7326d47aa2b9d9ed97867a4409e0800dc89178b30f2d8e9,Y,1,0.9840487081860194,0.015951291813980584,true_shap_primary_holdout_sample
6487,8f4070438e1bb72eb7433e52e4d6dd02fc755f5617323e2dae2bb3be84164601ce9ec9c8d6fa865e1aece973a9831aef4854f33fd6f339a07e804875f24155dd,Y,1,0.7931300213404705,0.2068699786595295,true_shap_primary_holdout_sample
6496,af977d0c50dfbf1ff9a1adc5e5d84d8c27637100617dcd90c6e82bb91d6a9122bf3f638cb0671bb492b04c6680e78e2bac725c873da6e2595b0b4c0f9c9b9a6a,N,0,0.485490491347836,0.514509508652164,true_shap_primary_holdout_sample
6552,5cb9661715856650d17ea2266f5686fea81affe93b03f4c8ac3d48a99c73c08d5269718cd8bcd4e87068668888eee82dcf7780b51974b4e47ce45f20b9622419,N,0,0.5177676900666663,0.48223230993333366,true_shap_primary_holdout_sample
6563,350979b6e0d1d5ec3b3ce3afd661392bfe74c619c50a7da0fd9dba80d72333d99ee625a1d3e276c82ece133dc4c3a611645092267e86668498a4f911da1e758f,Y,1,0.9220453846526974,0.07795461534730264,true_shap_primary_holdout_sample
6615,84aa7cb67a0c14a7a65b3d9e8f2209626c3f49daa837799f0b04b2b76ae6e62a2e9843b7b5b3e43a7abeb974bdea18f58291f47c6157a417359897c1e47e172f,N,0,0.23477711481616237,0.7652228851838376,true_shap_primary_holdout_sample
6633,275de20cc1bda8725d249123cc7d14e1de2b08a4eed18ad96a43ca1b2cccd0a0f4682a657b18042b9a539dca7dad847c9097ad85bd79b96f33406a58ff6a6ed7,N,0,0.4868567991337198,0.5131432008662802,true_shap_primary_holdout_sample
6639,e3aeef11c8fbfab1be4e69df24d65d8c0f5f6df6c3336c482123080084b35bb855d01e75528e3b48ca682a198635240fc37c8735c2dcca77b0de85fca8c6e99a,Y,1,0.9779040502431082,0.022095949756891775,true_shap_primary_holdout_sample
6642,8fcf423c1e14572b66cb44b56f6ff6aab2182465eef4f896dfa240fd0a68b1a6cf6e460d1f4b647fd74bde41cadfbc6b9df9ee1b9ff33622a352a3d1b5bdab17,Y,1,0.7848555594070785,0.21514444059292148,true_shap_primary_holdout_sample
6643,7fe720e95160cca4a1ec320830b7b064918f8c68506047a6117707cbd7d6c155393d8e07a10d654c5e59f4cf4532832306e55012f14803a016be8ffc6ae81b1b,Y,1,0.9888644849429711,0.011135515057028922,true_shap_primary_holdout_sample
6654,99b77ebcbce287fef80d5ca6a05f07ab0958391809176bb533dfaa64875ed416f7f4587a7b26bc7fa5f81e12c6c75fc2837246e03cd7418cc8fc4eaf968add73,Y,1,0.9778226439682054,0.022177356031794604,true_shap_primary_holdout_sample
6655,f684036c54961fd7a5647560690ed1f2d1e2b585233c997058e00d63e2a136065beb9e51fab474b382c6f1e24df24f4cdbc2aa62bbc26fa48f9def0d9b343772,N,0,0.7001719203958103,0.29982807960418967,true_shap_primary_holdout_sample
6693,4776cfae430122c69d327eacc64f6478b3eeefd7fd6adf86f6c926d98c51b7033a65cafbfd133dcebfb0fe1d4715f57a800b1567c4cc5ef16098cd80b02c1828,Y,1,0.9823766156379043,0.01762338436209565,true_shap_primary_holdout_sample
6694,6630673dab6c2eb02fac313a2a6ca4312ab8bfe9dce714b523e0738b3cfe304aee8704ca8162424ca4227e5f10a7c6aab65cf8f65af59a4a84e5849e2753a61f,Y,1,0.6917652498177039,0.30823475018229607,true_shap_primary_holdout_sample
6705,5492c53f496614cd9e1ea7953fcf5d7231c7b4a7a0613de0b9269e50ccffcbf85a9b5dcb5c88cf428218f222d1f69a7d42f108b3457a0381b1bb5437fd12c1a7,N,0,0.21684264401090353,0.7831573559890965,true_shap_primary_holdout_sample
6710,8f574e00ed7e0ff062f21a896b3c28b1342128c331eb2f91ac7d38168964b077aa405078b17ed7903dfcf705b9b171c5f4dc3bdc58d2092cdd88a955671b37ce,N,0,0.5456078468477585,0.45439215315224146,true_shap_primary_holdout_sample
6738,931de0c29000158e6e46b0554b44bc74ea8ae6d5ad2f04b750d7cdc505b679c5b1c0910225dc629fe0a5f40ab36e2b17edc2b7ca4c92fddc99b69ccf4ec03c02,Y,1,0.975494406833077,0.024505593166923023,true_shap_primary_holdout_sample
6749,4950907803ed806994f5fd091a4786d2b2282badf8bd96ee2f0da4b59969065fc0917018f755991f985b636245f0e5fb0817915a0e4ff1f717760d76bfb20abe,Y,1,0.9141001555227759,0.0858998444772241,true_shap_primary_holdout_sample
6785,243c014a59e566be48d1085767e800e53c8c5037d86f1f7e10df416e0cecb99088e37729030b354b6e46c943572f3c9dad4cd44fa59fdf394d874d705e15f9fb,N,0,0.46511099676823,0.53488900323177,true_shap_primary_holdout_sample
6812,a1a52dd8a04d4aa7c3a3906802e95c170c18a01915ca2840713dbc760a68c3ab409854d177ff26931ec03aab62ca0eab6e779ac9a56cf754a3ff984468f909f5,N,0,0.5417829908423121,0.4582170091576879,true_shap_primary_holdout_sample
6816,96c1d050a118ccc5a7b06cc44f9b025782c183125cb5555e0b715fa394b52d004f23be286ea9d7555d5a883d59cd484558b41f30b4f1a7a429fee2d81660dcad,Y,1,0.9616425967791573,0.03835740322084269,true_shap_primary_holdout_sample
6823,d61057a752e8107f5c069341eae8f5bcf100c7b41cb5d23d3bebb387d0b194e1820525ed2f9cfdffa266aed27d0925c9502e08c60b697b4bbfe779fe30662721,Y,1,0.9479256396441557,0.05207436035584434,true_shap_primary_holdout_sample
6862,409976adb382d1dca97b8386660a5c861a0e21b81ead8801f793e863ee73116a5d6f051e5309a0646d3a6ef83ec8202ec0327656b286094e7964a6ebac964914,N,0,0.608853500496601,0.39114649950339897,true_shap_primary_holdout_sample
6889,c53d0eed3ce84e93a127a6ad5fa6c0314f6f6f6e4f9086ae615002ddfc3d23c810d1155fe6fc0c8fb73ebf06e25ac11bbffb308de19ef0c83350854c409eb236,N,0,0.2191751737628789,0.7808248262371211,true_shap_primary_holdout_sample
6897,b6e8ec41bd39bf8c1ac5c98fc833dd04a079850b7ac09700360474066c1ad46a4c9781b81986eb3ab6a17035b0636e1c0537e8816ec439037525a551198ade81,Y,1,0.7197024105032402,0.28029758949675976,true_shap_primary_holdout_sample
6898,7a973ce025f6a5ac311b958c87ad0b58787f8f14c20055a8dd7aba9abf9a55e56d6552279e9f255e59eba2d50bcdb476754ad38415bb39c8f3e2f0e750cdbb01,N,0,0.16477352598700976,0.8352264740129902,true_shap_primary_holdout_sample
6906,0ee85598c2b8c598353e0bb7e598c851322fd3adfe3addb5b7832394ef3174b32e09845b4b9f6ce9712bdcb63cf29cd2b3f3a4407162a23c6926ba1e451c9a35,N,0,0.2182076256848742,0.7817923743151258,true_shap_primary_holdout_sample
6935,1a395b7a17fbbdbf205b7ce71f2985e0e9e986352342f74b3fbf65610176c5877e47f5af1210b7cef29a14d648f4b8cc5bcc75c8bd408795374cb58100a9838e,N,0,0.31725160904854666,0.6827483909514533,true_shap_primary_holdout_sample
6941,41cb6e5e353300aa37c4a8722899aea67d68c8dba533a8e7fb86594ad8d203b53a882092fae17c977630286cef8f9adb1648ab6c32ba5b9ba4e1bb952c5a14d2,Y,1,0.9792072399290164,0.02079276007098363,true_shap_primary_holdout_sample
6942,585b636673632ef07a3e4606aeb02f7e5ced090ef98644b97c9c76f49e7694c078df996e5dea503d19b69426d6652164483358d0e5ecfcafc21ed8e706ade60d,Y,1,0.5006561021224544,0.49934389787754563,true_shap_primary_holdout_sample
6947,95bc88740e47a0318fc7f7b5e223db6655df1dabf4602dc2d99a325e98fa53cfc881520434c8cb4fa53ebe0ace41ce3878517ec2c76035057fb1f7d092c19a09,N,0,0.5462520538497908,0.4537479461502092,true_shap_primary_holdout_sample
6978,be05be54e94f4bf66b0a6392c26e87473b681e86469a235d98f2bf151bf74a0b36e5e7006373b679eb762a0f1b07a2fe3d520d7ec7d46380459d7486445972af,Y,1,0.9788522431739961,0.021147756826003894,true_shap_primary_holdout_sample
6980,e0d8802053a9f052f3a943e70b7e575c0356ba2b191b01eba857653c0a915e5a758d5df7937f98288fe3898fe321823cb16a5b7c2214b05881013bae771502ad,Y,1,0.4195074238228147,0.5804925761771853,true_shap_primary_holdout_sample
6993,0b69ffa373c6ad5689da895df012a9e033234c91945229e529f7b7f1082e2f92857d4d520c987880a26ac38ea559bd0c8514bd72489e8f2a14e956878ae735fa,N,0,0.18199402292494465,0.8180059770750554,true_shap_primary_holdout_sample
7001,2fff07fcf73a0cf28481add2b11e8a1afd780bea340132e85dd32fa1e9fc8d967dd99f57b87b59cb7ce23fc45b754500d69969dd387cf2f65bbcedb811a49901,N,0,0.17627386269508022,0.8237261373049198,true_shap_primary_holdout_sample
7026,59b16e14be717933218d6ce2eea001b36d310521d130db3cefffbf111064d4f91b34e0682c530d79e491705d128e34b1c6a6cc4f487f1713ba9e20669ae43014,N,0,0.4078019642934873,0.5921980357065126,true_shap_primary_holdout_sample
7028,b44b8ec0c82c1b5df6c61bbdd50e086f3e73c05a9f8e45cd156ab44e6e3082d4f74b4ccac2a652371392f82facc00f17436750a553f70e2351f293e297d8c123,N,0,0.47281526424074694,0.5271847357592531,true_shap_primary_holdout_sample
7031,2519376d4591dc1199306205b48c8207f3bf0da03a2ef01cd91c9df9e686421d4ce8368047726281156ee2b9db09577ef0b4122021a8aa3470e19724456bdfe0,N,0,0.6098422151483344,0.39015778485166563,true_shap_primary_holdout_sample
7075,d6446c63e126e145ec14f1b34cd55373fa278a1be4158487105564ab2650061775a3ee4312e342605f0984c171dcfc1d2b13adb10f52440c62d2ff5cb30970f0,Y,1,0.5456530793564073,0.4543469206435927,true_shap_primary_holdout_sample
7088,8cba184c0f81ebafa53cac4d94900e4b83f16e431dc47b566f51d0fb1629ac0d1c7e2ab1e4a90ea231e28e755d2932e8fba9753a57c96ad55f960c2a1d1ee96f,N,0,0.36731064816457976,0.6326893518354202,true_shap_primary_holdout_sample
7099,d0396af04e5f0201e22bb449df1630ef4cfc31de746d6e0e89cbab737064f02d8e8b4d2bffdfa7a6fea39ca0f8563b39a1000365160b3112a8db5c84dba8357a,N,0,0.6988155931699201,0.30118440683007985,true_shap_primary_holdout_sample
7103,7a769a7fc183f0b4a2f076a06438661d8ad3cf0faeb31c187d38209f30fc652318c0042408fbe540ff67d605e6de17183d09ca53137cb0cde51397e2ebc22358,N,0,0.268626893555984,0.731373106444016,true_shap_primary_holdout_sample
7106,da6ba49413dd8647e8ccb8dd54186a9f94df8064b8e2d433d15206adca01ec5188f34cfef6ca70807f46d1f3c033fb0d8665311559401010a9717c5f118790c7,Y,1,0.22934544581287816,0.7706545541871218,true_shap_primary_holdout_sample
7116,8b2a2a9d53db55751e2aea179def2052562065fdff263464b1bb21db54031da49943a8751dea8d27c8bef03ef30200b83c5d4cce3d017f2a9dbd77508a4cb352,N,0,0.4950086689706404,0.5049913310293597,true_shap_primary_holdout_sample
7117,51267041b1dfcf7e4769a4223837747fea340815801eb6dc4c3f241c177aa4de7b2236e62e400feae439736b19fc08f1b06cdce2117329ebfa755915fe6f5d46,N,0,0.46677266077130314,0.5332273392286968,true_shap_primary_holdout_sample
7128,b0903fd772714b6bda2d08f3d1061070cc6ce6d404893114e7489911d7a0818491d447698bf6bbb886e3379e02c734de912243324ba175a4c839c9dd954b0a5e,N,0,0.16675155302684824,0.8332484469731518,true_shap_primary_holdout_sample
7130,f32c224c896187ec8070f8325177d8ae397ee42898e94fb6c4e6c4e94dba3bc79d4fa86eec11c1d614781ba511a1c16a36ed3c411de042e8d7d06b5bd4a8b1db,Y,1,0.9859946669464927,0.014005333053507263,true_shap_primary_holdout_sample
7147,46612d32bc6cecaa3ef9e9baeb875ea716a2f2bbd746d19c227025b826de1ffc1f56ac6ed1895ca9aa4fefee1ca54293b0d9b7ac5344e3ad1495789707268035,Y,1,0.9789711062990877,0.02102889370091232,true_shap_primary_holdout_sample
7154,b6d33296dde59b7aa7647613f8dee48877456e2da552685849f4196993b2b70a4046ca8e26fe059ebba6ef4dd76d0256eea0a4cca265c26405b276a71c627c46,N,0,0.42687874214807797,0.573121257851922,true_shap_primary_holdout_sample
7156,7a34821e494778c726c05fe69edbdbbb5399cfc56a359b73477ecb63d1e28d1f310db315a3c3372a8f48234b42cd97528f510791593ccc736b7b3b1e0d82ca75,Y,1,0.5651322027419271,0.4348677972580729,true_shap_primary_holdout_sample
7163,b02734a6381ed12ecfe2fd88b5eaee745f09f5250b6d584f50c39bbedca35fe9dda22f59393e59bf587b3b04ac888da88fa124b09cca5cc229f0a5006e57d00a,Y,1,0.7217236544580635,0.2782763455419365,true_shap_primary_holdout_sample
7174,c82aabf1c03b604ef622d218640ec67d3f0921dd0f4e8fd4fa62dea8f504b03db5d24717dd2d6b7f54e4e44664f86cf32fa4ed1bd21fd52a654f0bd26375f7ed,Y,1,0.9527292116403648,0.04727078835963516,true_shap_primary_holdout_sample
7192,cc1d0d34a75be60403cc85b72e0e21af5d4df7ea4db2167f4979fbb40964220aeae768fe574e90b8412e331caf6396b5b64e6cc3ec707657205da4d154c4fbb4,N,0,0.802715221965088,0.19728477803491196,true_shap_primary_holdout_sample
7199,c70a0f299dc8161dc194c864b88a459fd46c032a8d346010ba6500536c381cc6143f14bb43c69a83f0287e56455552220ab149f7449067b495695c50badde924,Y,1,0.7212830409927583,0.2787169590072417,true_shap_primary_holdout_sample
7208,82da8999c44784cd27b74cce4a53049de798675a250eed36e80760e7f79a45b8faf440e7dd3cd7e2f145e5be209cfe0f09bd336f6019e18745e679a24f062d9d,N,0,0.2658466083158796,0.7341533916841204,true_shap_primary_holdout_sample
7219,1c1c69903440636f7f7c4c47a5be05a98e69eb00704e4dd4f0dd53342f9d39d85280e07dde411618f65bce17a1f6d57fd4c9b396608ca0c23312ce2ab38dff30,N,0,0.4431902293955451,0.5568097706044549,true_shap_primary_holdout_sample
7230,867463abbd933c2c5c74a975c359ece764f01da1d86f0475fe314ebb94cc9039ffba4c0251cc66be4a7972d4cc3ea5a2fe3a95408c638dc5a47d0e669c0ad854,Y,1,0.49780147477497405,0.502198525225026,true_shap_primary_holdout_sample
7247,af5f26ab14c5b40f69040db8bbd029e05516203d22cda6ea2588f796f285f9d95a62a8c3710cc1f043b9bacc38c44072c8949003de59d76b1b758864025b4703,N,0,0.5651322027419271,0.4348677972580729,true_shap_primary_holdout_sample
7264,270a16e5ae5316c7c142d920253e2173d757ca6526a45d550530e88ed23652d2577694c7bbbf76e36030b10d70c7aca90c82552ed1bfd141da4c7f43d6523186,Y,1,0.5166856410272372,0.48331435897276276,true_shap_primary_holdout_sample
7269,4a57f01a2ce6c59e7eb2c6c69a084d517a60ed197cc437e490e1b8dfa523854ed317a24e993fbb39338c9c7928c5c80e069bbb2ff05970a65571bf08b192b65f,Y,1,0.6197214472598216,0.3802785527401784,true_shap_primary_holdout_sample
7286,40d6203026e0bb6a0515924a92cee54eb50ca3e8b041c7da9fe91c2acdcfe9015013fc870e915e0c7895ae3ed9059f3033920a27e5d2cb7ab821559e8dd70cd6,Y,1,0.9648152583506022,0.03518474164939778,true_shap_primary_holdout_sample
7324,f5927613fa3830c12472901b667db9524714fc16cae9c58a623b81696f4aced0337c9a66f04c537720a1e31b60a461dc8ebb71fef3570bae0f5ff82ba08d7c47,N,0,0.3573869192737916,0.6426130807262084,true_shap_primary_holdout_sample
7333,a7b5554f30d5ccc5b752c7a56b29c96507ac1f7c59dc022b73f633db01b69b3a4def55143020001a369b5df2783b1669b14cb1e2ba4f179a8fabb1ad06482acf,N,0,0.7429111769499495,0.25708882305005054,true_shap_primary_holdout_sample
7352,6acbfb8cee254cf133c15949e98e9529e004510eb0f276ca43e60bdf3e06b75ab99f2323b810938de4df1a6be7959adbdb7b4eccce60cd96826362aa2ee8e2d5,Y,1,0.9717682984186727,0.028231701581327262,true_shap_primary_holdout_sample
7358,d09b4fd5f56e2b0c80ff9c1fbb84b9a0ab3386e73656f330023dae003eaf2697a6b74baf5e72268cc90433864ebc704ee9e90ebe8e94ac5dc1be9078fa9ddcd9,Y,1,0.529125137568294,0.47087486243170595,true_shap_primary_holdout_sample
7365,c238df5d9d253efcd79d43a5fe0a736335d590fce8eadb856b8f2ba07fc344ea1c102652b2684c4ef8ec76daf58324030e72dfc2f25136ce5816c6e88f87cf3e,N,0,0.1538033259669037,0.8461966740330963,true_shap_primary_holdout_sample
7379,d1b300c90d03df62cf73bcd276ce4748fba77e0472c3aba7a7f15881dfe1aafff03e5ff0c0ff067fab768ba4c4c3a33561e417979bec5d9cdd83d2f6f7e2f19e,Y,1,0.9834032694257118,0.016596730574288232,true_shap_primary_holdout_sample
7393,746e5f0360260242fe03db8b35ab70da8d883b09dbe1c5c6cf33ddf40515af5949ec5102eac9fa55d7de434b674416ac169941601c147a995ef27c84585fbaaa,N,0,0.193105269964986,0.806894730035014,true_shap_primary_holdout_sample
7396,c84563c9344a7dffbfb17300a76b15605d14dac78f21c46de324e4e1546b4c5d51d8deabf1a4f0967c30cedc6cc4907dcbea1dfbaac238294d399aedeffdbb4e,Y,1,0.9813650901284952,0.018634909871504846,true_shap_primary_holdout_sample
7412,03700418641c928ac6ab91d78ff5298de9f9d78a17a8685b04313a8ec8f29ce436f679fd99123090fcf4b18c2d1d9871790958e6febce54703bf85c6ddabac38,N,0,0.4777807329148461,0.522219267085154,true_shap_primary_holdout_sample
7420,95b18be43cf314d84f88d3b9aee091d761607a9edd1807bf3c35e9b2657dc5f30d5ccc4466e2c270ae8cba0dcf7c5c172617499d4d6db3291ababc1fa695cb7b,Y,1,0.9815997086797555,0.018400291320244455,true_shap_primary_holdout_sample
7426,3e31d9e673d05ce93260e1cee3e9b8aa9b67077a7146653a7481be7242f28aff4fac6a2b0560977f12eb84fc3ccda94c173e6af984033c0b6396c308cea4ef39,Y,1,0.9847150413363506,0.015284958663649428,true_shap_primary_holdout_sample
7427,75652cdc01606ed90415068a020db13f4d0c6f070701eddcf5102b952909585b37104768ac13b1b1edd396bc618c798a7f6c3bcd0dc9b67f32dcab5beb894988,Y,1,0.9780036840516084,0.021996315948391576,true_shap_primary_holdout_sample
7439,8c5987aa42f1af75816ea938edab321b98f4093a5181579a9d59f53b2ab2c6c061b26901f98d5771ba8de184c7d9fc47ff2134ea2e3c6f831959590e14a1fbbb,Y,1,0.945942573098484,0.05405742690151605,true_shap_primary_holdout_sample
7459,6cab5b8634a0216c48196507e8c1c456d82bde2b8544e41644bda584cd274869f2a8a222cc4e5b9b14f4b6ea9a6a01d34a27af87764c6990bf090c7f0690e881,Y,1,0.9775338130804232,0.022466186919576803,true_shap_primary_holdout_sample
7465,d749a9f509f2f6a209ce96f91966f4339c8243e67d15c57e18ce2c90ec3c692169cf9eb3085d5cf7de171a0257f59ac1e13c018008dd7843e001e02a05172def,Y,1,0.8771821199194273,0.1228178800805727,true_shap_primary_holdout_sample
7480,5730c47d6ebe3b8bfe2ae435055e7074a1fb60333231f48de5f2b67791e7b49f8e350b442144c3d9f064718d96c907e40c331fc750f3aecad5698ffdff121cf6,Y,1,0.9794599756928127,0.020540024307187266,true_shap_primary_holdout_sample
7490,9fc2d43a2f519759bde6af3613cc6a9b1b21df433c897b1f59985ed31cde6fd70129a9593415916e65dc9e7ba11997a0f3965b7228b38191945647a937a37e5d,Y,1,0.20562717116271867,0.7943728288372813,true_shap_primary_holdout_sample
7492,39a06ebac2b8fb966b498f4b9c97a983ad6b952d1c5774651c34d227ceb97273a7c03f0cbc3ecaaa5960b4ed1cffd3dfb850cbf34dcacde53df967e309c08d52,Y,1,0.9642309165242807,0.03576908347571928,true_shap_primary_holdout_sample
7494,a68b45afc9b8a9bcb6ca156a73a92d58307f3f15f03f06dc9adcb1901747d8dd9f49aebfcf4a2b5a0682653e35a9847765cd0c91a363bdba0142bc17f36eaa02,N,0,0.3019284599309956,0.6980715400690044,true_shap_primary_holdout_sample
7510,ca65061f47dc311109ac0eda7e040375adf3e990c32ff835e430e0374fd9665a14f1f6f08604ce7e00bcd601b7319a2dcdc44508c4f330052c06fa44af65dffc,Y,1,0.3218374088943616,0.6781625911056384,true_shap_primary_holdout_sample
7534,791d438f9b8cf22931db3cbd8210cc838e79b4f37b2c9ad35605e6ce1966183d0bb1117192415e2929f986fd7474169ec9fc999c7cc3e4f19f632bb45d2b210d,Y,1,0.38539038688171734,0.6146096131182827,true_shap_primary_holdout_sample
7539,d2c24793212a51e712ca0bd758186aa0221c00e978a2742975ab522a835e1dcb9388de4d4ff594143e1bc68da6d0dd3b028e613fc30a3e722e9798dcdad845f9,Y,1,0.52488067914571,0.47511932085429,true_shap_primary_holdout_sample
7556,dc862f485e2a5f714f564b6eb90f3f487c74bcaea461bded6bea7b7bd5fa6f61d343fa9a67dc8cd3a710bd86135b686914143be2979783a50a5ea247bc2cffb2,Y,1,0.49295766133055796,0.507042338669442,true_shap_primary_holdout_sample
7557,c600d8a214940687671ba15bb94f5f0bb26c3c693de3872fbea6862c4bfb7d990da85c24d60eda73fb086ef6156734ce5edd1c1d8d31b0264c463c3080478521,Y,1,0.5380392617577358,0.46196073824226425,true_shap_primary_holdout_sample
7560,04b9e6c1763030f3a2991c5c2b8275fc0c8247f004a37b4bd793408540e7e7a65a3f5c90d2a991e28b4928bd2adf529684b03e5256f6cf0dfa5d3e5e14a00353,Y,1,0.2600296669504473,0.7399703330495526,true_shap_primary_holdout_sample
7591,37b3f552905456193bd4f5084789deb6f4b8d6418c210588debc7cd7cea062988284599a95b7208ff499efb2a26ad1e0e5dc1c05dafa7a796222dcb89ede0982,Y,1,0.9797050111431285,0.020294988856871532,true_shap_primary_holdout_sample
7612,b4610a35e1d197b4fc39e37123014c16a5a68dc5f5d0d1f00086f53b62bf6e31963d248f5dfd77ad4905b8db9d7b8a49c67a280332302383a803332687d45076,N,0,0.5920369025927408,0.4079630974072592,true_shap_primary_holdout_sample
7628,abe246837615d8919dd87dec20d9952012e78fba987bf2c2bac463a65843681b1f198cee65411422b88f2b05008175fa35d6ff664b5d96ad5a650ceaef3f637f,N,0,0.4490853621082972,0.5509146378917028,true_shap_primary_holdout_sample
7633,2aa06a5589a910f6b177ddff565fed340b7e3923c96e52bf204c4379c275a775baff0886c51b2f36a28d0b369cff226db441921d1d32d86c6a61f2c737263afe,Y,1,0.9656466462255326,0.034353353774467354,true_shap_primary_holdout_sample
7637,a3ef273f105dfa77d3c4414d39328d1cfb5c373ba32fdd4f435db7737374971a728ea55fce020d7c23f57925de77bc180d1959fc9237c3616e720875647b9cd0,N,0,0.328406162025644,0.671593837974356,true_shap_primary_holdout_sample
7671,196db91bcbab89fde258d0108d5d5a0ae692e735870467ae2adb99ce4771a574028e074326589665cf925c0ba3911563927e9a2d3b96c953f4cf912a11677cfc,N,0,0.16349175254153508,0.8365082474584649,true_shap_primary_holdout_sample
7674,03166e43208e16d5e8e26ab875ba481d94598f101d25b83ce9862c800f597e7a6b268b77bbcfee1ceac75bcec52ab65b192ff14370c09a5833082e1a579518ab,Y,1,0.3106102411928498,0.6893897588071503,true_shap_primary_holdout_sample
7675,03aeeab052c4cd9d69d2a9c8f86edeba7c9272ea74bc491ecb1037c08dcc10ba7240b9325e3dc932f3c26a1e526b8c2f45101695ad82fca581a609730ec3d0bd,Y,1,0.23117061892466742,0.7688293810753326,true_shap_primary_holdout_sample
7678,6e061bb948363405f84b27bd9927e225912864ec30e9d2ed48b2700939d7f19bd95036a144dc682e9a3df1da73101391681ae4bc34cb3a96c2993bc2be6e46cd,N,0,0.6974277627276196,0.30257223727238036,true_shap_primary_holdout_sample
7697,0a25d2eb333e666ee1a04df12d575fd0c78c343ff9830535722e28f2e1d5741781a3d1db662ae55b93810261793347061404fed943db9336b36b4ce59f3c9877,Y,1,0.17907982631300742,0.8209201736869925,true_shap_primary_holdout_sample
7709,5317e6eed5807e6f2aa938292f6a3dcd9710a121679efe73f43d406d9d8ecf489142729ccb882c790ce685e7b2d1e212b3f5b083b04a1b38ac32a0aabebf891e,Y,1,0.9893825534282153,0.01061744657178465,true_shap_primary_holdout_sample
7732,3941b7d19315dede188feea858b97993caa4e0ce23e1cabc64c220658f41d09dce0ee07ae55419a1d5b4b11cdf1968205b9aa3068eb43a2e3eeeece1255e6541,Y,1,0.6235934769153072,0.3764065230846928,true_shap_primary_holdout_sample
7742,0fbf4cdeab2d18f725c217346686c51d9d50df371bc576f4e66b65d8353cf5e09989e9db0ce238ecc1df0f124b7fb7e91118a872d46ed7ace17ab7ad31cf1bf7,Y,1,0.9883003692994078,0.011699630700592212,true_shap_primary_holdout_sample
7748,0c77682c10c0a67114a96acd7b8140ef9c0c9cf66ad91664c6896b99a25cebac3e112c37a7f8464fd3b90ca9b25fd82d80dadc607dea53dd20e801a8477d290a,Y,1,0.9431921534994758,0.05680784650052417,true_shap_primary_holdout_sample
7758,b046f5e83d673a1f00991e2cab4a6a34109221d7899e49bae991cc68cecae5f2b2025afa95f2cd052c1f0723c14699970db12d2f72767dddec1da381db91ae21,N,0,0.17946139628642546,0.8205386037135746,true_shap_primary_holdout_sample
7768,b9c0f30605b0acc0002d7ce8b0447df4cd0c2db5830bcf37e46319762a4df7ab00157987000164515780351380725f99cbae09d4ecd6ec35e6796eaafd0fcc1e,N,0,0.6760619900152045,0.3239380099847955,true_shap_primary_holdout_sample
7773,4eb372778745a2fb26d08b17154d2563cb2cd962aba350d3a022894611a8c28d7de1d89d8e5a7011f398bf4ff62b226adcf82953a887aa23c9339df74adca177,Y,1,0.9400195768030578,0.05998042319694219,true_shap_primary_holdout_sample
7807,5f4e7526f0fb3e831d36347d71a9764aa4b22a2ca9c8cfac4c334674614b7cf458c7f7df3ed265e5fe30194eada440949819e7edc281b4e5107feaf7f4959b1c,Y,1,0.9891733709587153,0.01082662904128473,true_shap_primary_holdout_sample
7809,c0b5361830ac5de7f13727818c88f14f0204b475d6361adb4a98a20a998bae8a804153cf8cb9946fa459c2db78b74842d97b647c2f8bcbf68aa1c5da8fc02826,N,0,0.5330674457420307,0.4669325542579693,true_shap_primary_holdout_sample
7819,f6167801253affe3c55d782023a8c25305ded5f4e1d4425ad633108e5c15458498d4381f03c959730b1442c6925bdc36033c1f897cec94655a7ddaacd46e3955,Y,1,0.71272854421742,0.28727145578257995,true_shap_primary_holdout_sample
7821,c125991fbe3d99c0249207d9be8cee20b2eb8d816ad6d1f509b7ea3592acddaf7f06368d14c7538b9591efa2d45d164dc80482a30332eba610db2523965cfcb0,N,0,0.7501542787292426,0.24984572127075744,true_shap_primary_holdout_sample
7829,12799ab3ea2fd2b5bf39c5407ca0efe9664e8fc0a64236c397fe3c3eae36ea4012def2924809c7526d728dc6c1b69671b7433bccd111addd67b6d4988ee72545,N,0,0.5518525363179737,0.4481474636820263,true_shap_primary_holdout_sample
7838,1f195e4d00aa9a63054268bde5225535de88eb68868ccc4da37b27a55eb36c437e61d9cd36600f2c92a1c1a6174b725f0f15a366fb82ff9bf54c9c238ae88592,Y,1,0.9837105010124435,0.016289498987556494,true_shap_primary_holdout_sample
7839,44e9dff50eddb1292208d749e439d151eafa96dd9001d356258a1cc7a341ef061f4f552f8a437c4ba8721e4a82f89c399cdc4ea5f68f67549992a68d67843983,Y,1,0.5023005417977696,0.4976994582022304,true_shap_primary_holdout_sample
7850,606b87ebdf2123d224d1b83adf9cf9bb10fa27f4de99b6e024f440ba054e00fb6df9eac3d5386e4b2e5d3fab1788b20d1afce61b81eee105b690f82380c0db84,Y,1,0.9862905295155897,0.013709470484410291,true_shap_primary_holdout_sample
7853,f083c02a9dca8a296dafe124902f5101d0db548afae01f25c2abbecaf61af5de6643e4ea11e9d27ecd56095d759714acf4a52d58de13606b6c78f26a2a0ac166,Y,1,0.7648665358193857,0.23513346418061432,true_shap_primary_holdout_sample
7870,aa132a8ebd3c96e5d8cff0f977d3288a348680d7624fec9a9863f8dddd6d34ee5516516023e75969436f3725c00b1c166c68def5c7cab49d887b09cfe55b41f8,N,0,0.2781130871220425,0.7218869128779575,true_shap_primary_holdout_sample
7911,a732de8071cedf0b75792abd96fbd18981ed778ae61564b29e6060ec7b57099113f35aeafb9a820fa2862bdbe70892515c3309feb8e27443c321b295534acf55,N,0,0.5391297114731006,0.4608702885268994,true_shap_primary_holdout_sample
7919,47f0265ba6ecb97a1faf8fa4740ed500cce68bc739861b170c00a3cfd9c14380d3e0a9bee1617a9064c91e823711939734f703f6af6a6d687708e9f917f85bc6,Y,1,0.9848124960050344,0.015187503994965601,true_shap_primary_holdout_sample
7932,e44107453964b02c979e303670f96d195f17e7d9483b470609a65c824308bec49dcf41dd4960be716621342a3d0aae4880266a7f8dd5a5df3058aa4e87caa963,Y,1,0.9731183769066,0.02688162309340003,true_shap_primary_holdout_sample
7952,c8e8079cfdda7e72f6634d946df913473ea435fcbce9175fa71e5c6282c28a5632e246981189ecc75305554bc20ff05599f1ff6e40bdadc89be622c08f7d52c5,N,0,0.2223611521197497,0.7776388478802503,true_shap_primary_holdout_sample
7956,7e184b42ba71ee7c0e8ca45249bc23c8fe215200d0f88648a160b7861c1e2000ea5b0872ef335c7acab0c0d6fce47d9d552acec88f548e4875c5768d6b3b7913,N,0,0.5202876773062669,0.4797123226937331,true_shap_primary_holdout_sample
8010,f323955a366e5e6654cd13c6b5cfed266b9e8f759ec5ccaf98e3f1b6f4945f28d5493d5135a1db432ae7aa2fe6d6dc6e7609cb0bec586136d3434c42a4475096,Y,1,0.5180667689310805,0.4819332310689195,true_shap_primary_holdout_sample
8024,9faf51c1d0736cf93a8d67d378b4043476261f28ab57cb5bd1dcfa8ceee9a5981d67c0e5c637a42b48de8877b8768d19bb7fe1452cbc5c4b749eabf33e9b9d9f,Y,1,0.9116422313391724,0.08835776866082756,true_shap_primary_holdout_sample
8041,6cbb1bd216cb50a4d899ba83fd7a8cc7016598a2876f02629b0ca118e08c37dc56b0af13ab5ab4d55ea67352032ab62e5c29ccf0c856746b6fa2abe0a9d3cee1,N,0,0.5295177355912278,0.47048226440877217,true_shap_primary_holdout_sample
8050,d1b06f5c75363138ae1d85bb97149096b8e8b80b489ba5500f4418a5e394e40eb834da9805b3936d3be8b71ea44cd0274066fd65c4f5d9dbde8824f366ecb8f5,Y,1,0.9873301350051832,0.012669864994816815,true_shap_primary_holdout_sample
8068,172f9b8130cc85f62958676d8f0f859e09805d26e0779c9e97b7bf13f1af6f936a853633557433a8ca7fa48b330d4a382dabc8797808c175bce405d43e3d4c6d,N,0,0.3565381310765402,0.6434618689234598,true_shap_primary_holdout_sample
8094,125c931677f10785c69451ae7bf1c328a2f317caed4694f62ee79095d849f649edab3fbf0bd3bea7c2568799b29e12a9a0aa7da7075b2289ee3516c1f9b168ca,N,0,0.4754337007954463,0.5245662992045537,true_shap_primary_holdout_sample
8111,dd959a68c0028fac8174c474bbb94213ac16f6042f8c9c42c1455f68cb3dde3534a2d871943fda312960287be6ee1221b0f2b33b1d6fb1953d86d42369cb36ca,N,0,0.785598652390011,0.21440134760998897,true_shap_primary_holdout_sample
8117,fc4742a0c30041b9e52ce5e1c0570550ca5d2cb830ee324026b4ea5ef3ec4f69d2d24d4095babef86c439969715fef031eadb0c7b3a2e0caa2a5ef045fd22f80,N,0,0.4700207240627003,0.5299792759372997,true_shap_primary_holdout_sample
8123,cb4e02bfefd49f94bbf490c8bc459a31776f138adcd3ea5a3c5f703ac71d1892598deb8194288ffd63a005f5261b9155f2cf13a9530096f72836990ae85a7b00,N,0,0.334947154836325,0.665052845163675,true_shap_primary_holdout_sample
8130,6ddaaa47fdef682ba56f5edf5b508daadcc4f53203cf336a09bc0e4268398ef2912c9b59192a1217b47e2e4e81324668963976e7a517481d17fcc54a35ed2430,Y,1,0.8887503872780372,0.11124961272196277,true_shap_primary_holdout_sample
8137,5a2c533e71e6ad577dc3a843fb8b4fb2b84c3ae16121d9ad8f5c9c0757e0775744d62c15f7a43b971527e1ca0faef01e034859fa7dae9b21b848ad9e23737519,Y,1,0.2054212496169628,0.7945787503830373,true_shap_primary_holdout_sample
8153,97f1c145bd9574e332376a381f2844386c3df3185ef65a96ae59e48ef66551605d8b0beba51d00141d1a04fb65a184af2b87bb2aee44f74649f539c4e83e7d9b,Y,1,0.9863775113406124,0.013622488659387644,true_shap_primary_holdout_sample
8155,fdf7e86daaa0329e359c72dc53b2d5bf915a44a2f81d15c3dcf3653d196026c40afc5ddc78a776de8cbfe8f7300fe18ae725c6640c2051156f302ca03f72faae,N,0,0.2234752814604029,0.7765247185395971,true_shap_primary_holdout_sample
8169,7597d957773873e3a44339d37e5245c097064cabdb904ceb3396dc86182b585bf82190d836a6e728ea81ea326c1d1a0796c418b3eeec772e28d19ce05e201497,Y,1,0.47991652084522424,0.5200834791547757,true_shap_primary_holdout_sample
8222,9f436d64ff459e41d4aacd7a354ebdc6baf656bc849e1921f4300f7d11208886812d25661be774d0559a2c716f6d56231ba0253fc359fc9543b3d8db2de0fef7,N,0,0.9287640119870623,0.07123598801293773,true_shap_primary_holdout_sample
8237,8018901f912f9e5570103c9fb9199655b993ce1cbc77522c744565f87503fb2b22e08f6d8ee778a20ca9012060b07d72f1be9343a42d2136ef0513de103ce48d,Y,1,0.9082732342153529,0.09172676578464711,true_shap_primary_holdout_sample
8253,8be033600af636d9f6f8e87d47ba18239b908ec09c8c3b44d4d1f887ffa4f1f72eb367655b6f37abcb202af171ad6ed12abd612ddb4f41125a229bdb16679349,Y,1,0.9782615454619049,0.021738454538095087,true_shap_primary_holdout_sample
8256,051b4a76c23903e51e6977e97691342778e7efcac6fbf05db1b53a12e491605c534dd2eb96585f7889f9e8ff0daed91e966aa554618670743d2db8e6c0732466,Y,1,0.5217854225141609,0.47821457748583907,true_shap_primary_holdout_sample
8259,72f82c6601de06a2eaf47b68349b3ee936a3af5ea416bf85cd30e325baa1c4526e0fdf92ef0783e431285b56878b1674b9290ff725301b06c4e0c30326bb6db2,N,0,0.5371120667721098,0.46288793322789024,true_shap_primary_holdout_sample
8270,509f74de78c1985dd03a12727d591b11214053ff3f67abb181933764c6490a8666541bb0166587ba3271199fe4cd885368aea48eb48b679141a74e4ec4e248c3,Y,1,0.8079126797446224,0.19208732025537756,true_shap_primary_holdout_sample
8281,3016ae5a4ff48485342e099c5f5964f9efc54e85f41138c05aee6812155551998fdec2e46db9cd3c3b85ed3b321b7ee71def257550b5c8d14796c504850b074a,Y,1,0.8915115756422125,0.1084884243577875,true_shap_primary_holdout_sample
8320,e8efebfe2bc968e815207fe1ccca414ea88604a431ab40447e8640be11a8de1d3ae3410faadf903ab0b303a3b0e0fff33d924b8f7ec6f9165fdeb84ccc7ee4f2,Y,1,0.9778862087730311,0.022113791226968882,true_shap_primary_holdout_sample
8332,7704e067c5bde0d0c128a68e498d8061a4ddcadb30ca00c8fa78152a074f2d4f97ea17be72c9cfbe4df14bc604e1625d12d1f8bff7445291c11f03fb9fba5630,Y,1,0.24044087342516005,0.7595591265748399,true_shap_primary_holdout_sample
8335,7fccfd021e725f0c9cad493c109e2bdf0c38994920dae5f150ecdc4ca646ce1e0090a4afd33f5779f5a953b2a645ece2cdb85b8308897f96c3289a98aa15e407,N,0,0.33203267738881725,0.6679673226111827,true_shap_primary_holdout_sample
8341,a059ff9a0bba52007ce846c2a6ace5d64dde6a4548c4bb1bb95693fd33e8cf7891b72785c5464e58fe57cc831de28199abfc603f5efae16ec238eb331e0757ea,N,0,0.1735065345339417,0.8264934654660583,true_shap_primary_holdout_sample
8353,b1ff8eca042ef7cf5226a66fb85601b822aa43d8d5407396145f580868ef82c5882205af2423243698c9efdc45e3ce1c3243a03a6952148f5bee771ed2390d98,Y,1,0.1650516774926768,0.8349483225073232,true_shap_primary_holdout_sample
8357,dfd0246404f42d3dd3ee7879441f67d8a75d14c6e49251a31a5c9ad6f5234c476704e44831489588f0467977126620ce13021af897826a2d725d1487fc0b45c7,Y,1,0.9663665171793675,0.0336334828206325,true_shap_primary_holdout_sample
8370,11e325b92764510b7e3166dd9d5e7de702b81ae0314a3112a00e3717894b9bda938318310c18d9e8cca13186d8f7c7ef6a1303407f900b80fe3525d0b79f741e,N,0,0.6864168578004877,0.31358314219951233,true_shap_primary_holdout_sample
8383,aed05292577eb5aa64827ae103206a1c7f442a6bfb6252ea10e69bcda223d9fae180268bf34ba73c8e32d007d996e52e9f55c1687acbbabdf44859807191e049,N,0,0.22506564675933094,0.7749343532406691,true_shap_primary_holdout_sample
8384,e487568e730508246967a6ab96279e1169d105ed5c9d992095d9444a86616fd769d38d9426e71ba7bac75de6593e203b734ff539f80c7fec09533b68cd84e5b6,Y,1,0.5105514650516569,0.48944853494834306,true_shap_primary_holdout_sample
8393,080aaa6c93b531920bec1bf5c496052e0c8b4f3e27b4a202b2a15b9b3c292f16b438f5bf53adcf32c451f835143159f58f0d45a596247d0d1c30e041d178f311,Y,1,0.45331163667335045,0.5466883633266495,true_shap_primary_holdout_sample
8399,b6705f491dac91c7b36571b64604af37a9300ce05dc6c59c2aba8ec9bb2ca9f2be91d944c2534f0cb55c558bfe2d21715a0bbedc33b67a29ab1c62933363e2c6,Y,1,0.6746798669072359,0.3253201330927641,true_shap_primary_holdout_sample
8404,f21f59bf5689b8e1d6bfc2ea22f382d8be3d6108a7834ad1d627e50d22b56aa32f1f4c0abc37b12b8bd0592ce3b53c9ee89eeffaa398afdb785600370f34589e,N,0,0.5155432446904008,0.4844567553095992,true_shap_primary_holdout_sample
8408,8c0087d8c4b3bf5d40947472e34515ed4f2342c9f89cafb1ae3d196a51fcbd6d0754b53f5c837cae567493a2876c0f4a9b9695e7fae521c76f5e419c87a6abed,Y,1,0.5651322027419271,0.4348677972580729,true_shap_primary_holdout_sample
8414,95534fc8318100f37d48171455edfea947ccdaf79ad3f50e768c51bd37b3ffbddd529f0f4155c8e5ba4a87f48764102c138a80569f27cb6dce719b4384e2245e,N,0,0.15982348556904252,0.8401765144309574,true_shap_primary_holdout_sample
8451,ee937d36c07056d721df533d6f814a8a8afbaf0c1f5292cdd6cf1de24a104ffea085d8bff80c84fad77c7485753bb5ae4e83b3bb6d58f9009ea5057e8455f6ab,Y,1,0.9790448638706021,0.020955136129397922,true_shap_primary_holdout_sample
8452,b0778209c1bda7dc05d9efd2f271ce8afc7bc2982d54127b65470676d3b0245603e211bd97c56eff2584b4734e56173fd7c3312014b708310fcd47c55c644455,N,0,0.795152529196104,0.20484747080389598,true_shap_primary_holdout_sample
8465,caf26a1a368cfaa782e924e679b2f64a7bfc1f57739ff5e62c9ade8b5558cb731eb560970587c3736daf698f4fabe0cbce883950a7f5adefcd3117016ad6b5da,Y,1,0.49460503588015553,0.5053949641198445,true_shap_primary_holdout_sample
8495,a87e7638d98116d95e3ebc9ad2b3f1f4a0fe0607e191e451ea1f9d031cf9c0b1dcf7fc8f5eaff29d24196d933af5a6477f09024f204c2c32d867a5bff8c67ea6,N,0,0.5341766404515647,0.46582335954843535,true_shap_primary_holdout_sample
8525,d80a475c0d4867980984b1cd3b1a16355b78fcd2001a9f304865b615adc5c1be8d9e3681128ace62696e171c44f75db240ce26a2ef995798389583cb6ddb8732,Y,1,0.19256165573536183,0.8074383442646382,true_shap_primary_holdout_sample
8533,cb8b2295e577077c1f21a9fb2b7da835074a32be68ea690c6c2bbb147373de7bdaa0e6533fea83cd43c5c9e8c79c6fe904f08af9fb451a0a2e0e7ddd64ec74e1,Y,1,0.5655367734165573,0.4344632265834427,true_shap_primary_holdout_sample
8538,fcf396bd79e811faf0d31e38d147c137511efdfe2491573cc57f9b19fa7808c2dc8e08abd3d63372324bac2cf8ee15e5d20bbea0f42e8651c2d798992c5968eb,N,0,0.705016872294749,0.29498312770525104,true_shap_primary_holdout_sample
8562,b51ebdb0525fad187f2cfbce39882af2894d3e48bc59dec5dd9c25122014b9aea78a79e7f9f9d867998523e163889f5cd807c8321d3e8bc9387c0a624677aa10,N,0,0.451552820732159,0.5484471792678409,true_shap_primary_holdout_sample
8574,81cac2faba1d68a1e40c757bd1e84c090aec8381c5e90987a34f3ab56713f7de7d8af5405c47c9bf4c801327e77119a78f9d05c0ecc3061d742ca7cbab781cf1,Y,1,0.8979522694225588,0.10204773057744121,true_shap_primary_holdout_sample
8578,909074858f325f2b9e25513093278f122cceb74839f3ff1db4f099598835903edcbb77dc734cebf31135706bf8c5ebb5a205f9e4cac616a20abc9f56fef1a63e,Y,1,0.7198816487626472,0.28011835123735285,true_shap_primary_holdout_sample
8605,569de63284f889d0f055e684a2fe4de4c0abc81a10490c3db9c7cb9eaf5c3cd20e27ffca75d7ae67f08b9d0de5399813993f60d5b6d3391273d420ebeaf73071,Y,1,0.8755573255621923,0.12444267443780765,true_shap_primary_holdout_sample
8609,131df27eba61b7178beb94f473ca63aa5e4401dfa48ffdd35a1fabbedaa8572bf4bbcc10443988d4018c63e8e7e2f5974577ba84776f687d7c2f99385c7cd4d2,N,0,0.23480936923630327,0.7651906307636968,true_shap_primary_holdout_sample
8612,787c38224f4937ba9f3df4d3f8afe59f614303a9679c4daf8af35a0608d014efe95c990b147bb994e21a68dd7c3395634ab0ca963bc72576546af4e93b2a036c,Y,1,0.52351431926568,0.47648568073431996,true_shap_primary_holdout_sample
8616,aada6efef5e717330ae1fbabb1e2074854a3887f306b19d758517107b35420a2070de5b0876187f3398a1db5bbdf18b518a13166707af104fe59ab128c1afe32,N,0,0.49803151043741706,0.5019684895625829,true_shap_primary_holdout_sample
8631,0ed9d8a46b37732097e3bf3d93315c6ea4b7c42645bbbae5f37a843969ed4b0001060520bf8880927504f5406f3b855ac31a08a2618b10a74a39709a193978f2,Y,1,0.4824476904170361,0.5175523095829639,true_shap_primary_holdout_sample
8640,b5bc39594ac32e68f8b20ae7d0fce084f61c2cd52f6fe3bb9de18eb51efa2417f60901eea3f92dd8b2a90f8c193a50bb79986e9b0e8818be42056cd308168561,Y,1,0.9485648085663754,0.05143519143362463,true_shap_primary_holdout_sample
8682,f7ff2c53a38ffd5d3adaab2b59f2a99cdf34aadb7fdd4879044195c485370fe53a85438cb0cf47a6ebd1f51de55a749a8df2ccfdd93272adb1fc0341b91c0b9d,Y,1,0.9845040442691589,0.01549595573084106,true_shap_primary_holdout_sample
8683,c6294eab3d06ee44197eedfa505e99d4dd07b7b8d3037f485449bca30be725fa6c24b7881fbf687d63810381136633a7e80f2f4e62029234aba32f9e8e22b63d,N,0,0.7150845860202961,0.2849154139797039,true_shap_primary_holdout_sample
8686,5d0137f80b213f727cc1437cf5de42f63f8e29d59d33f4fa990ccf677b85584768c7fcb869d4fee19fa438310865ffd21b10246e946072d90643c3fa903d85c9,N,0,0.8534096604696769,0.14659033953032308,true_shap_primary_holdout_sample
8729,d87efb59061ee76f5cfaea14b8d4866a370845be7aecf7c8fcdda368871ae989f701b66da38b70c395f1c4f6b5e6db7bf8053bd9645820be498ab9b49cea1172,Y,1,0.9801817048652767,0.01981829513472333,true_shap_primary_holdout_sample
8756,7077ec026ab3ef013de4d0b738d15d6e7536d7bd0f37c1dea1d0e33d6dd34abea0034303f4fa1006cc7ced153a5b5cb1b1600b581b094d9dd33bb93c263ce07f,Y,1,0.9724324887258698,0.027567511274130152,true_shap_primary_holdout_sample
8763,aceff150d70ba36784860679fec39a9c76b19afa3e6dd2e6bee1a196484a305b546e6a18c48436d1b2f153f488f57af5a16541a42f07098a8dc86482e0f2df67,N,0,0.48588746897962043,0.5141125310203796,true_shap_primary_holdout_sample
8773,61b63a6fbd722a86f28527863905c0d69186006008cb3401f7dc3fe08a81c0e056f4d4e45ae50b5d51b50e744c3f6e1f77b980ce33fef567616e5227aaedbd22,N,0,0.2873581973441854,0.7126418026558146,true_shap_primary_holdout_sample
8786,11f673601b07aabb2771c15afa3d079bc1bb1cc39f0716b5996ab7b899c0289b990cbe3d95b83ddbdcb663e9bb802f7df60463d195add45fdccd75889f80d390,Y,1,0.5016691113502226,0.49833088864977737,true_shap_primary_holdout_sample
8787,8f5d8a903132cff07ffcc50aff14854b977f8c8beba9189ca61ef3a6e1e2ec2d50ffa755ff9e5fde59778535b23584e2844fba29d6d9695482ba4b066d7f8c14,Y,1,0.7740692690381569,0.22593073096184313,true_shap_primary_holdout_sample
8791,fcbfdd4a7f58d3896e16339b1d67fb7e89858c54b9ead427b1119387f3fea0756bf9cc5a64eb5842ab2fb87d425918a368876199f7f22d2c77e14007e75c2e54,Y,1,0.9869811924225224,0.013018807577477642,true_shap_primary_holdout_sample
8792,dfe800488d017b945c684d8737daff837eb30e8483c5f260973993b8b86a95c78feb3fc2d4c4171f7a33ac5518a769f331f40489ddb44e5efbe33de658374b4b,Y,1,0.16231602532101078,0.8376839746789893,true_shap_primary_holdout_sample
8829,7ed7c50d491ab5f639a642167eb5e5605e706b302aa7172e2d067b12c59b9bddfaa39c63803184e7572a808e4c4898bf367bd703dc2733af5c5c1d65f9e735eb,Y,1,0.9744315038678426,0.025568496132157392,true_shap_primary_holdout_sample
8830,fbd3d4429dc00f25fb0047ccc1d9eaa2e04cb7523534b971f1d069cd1da5fb3bcacc35498bfaa8745ed727b56f7e52ee2eb4ad3b38903bce4f685cf5c124fff8,Y,1,0.9760712421456212,0.023928757854378757,true_shap_primary_holdout_sample
8836,de137df9688c15afa207c3e8b966a9912ea94c7a03aa44ea0882b579d4262a3dad9a3b79f7709a4c6d8bde6ce63e02f5a88c813dd14cada57478d4e10cf84f97,Y,1,0.9815236071070552,0.018476392892944782,true_shap_primary_holdout_sample
8841,130275d7177dc5b57ca9f349371a4ba3ee95749a2428f7c56f9f0e456689bc8912c7670c79f59aaa62c9a87e4600b55ca7d4c04653325e30795d5d6faa96ae10,N,0,0.7540194232458026,0.24598057675419738,true_shap_primary_holdout_sample
8843,44af33b231e849e94af2db01c241b11160dada25ccb5924bd87366859c0d831b9e54c63be0a431b2280846f6332c8979ff6fc3de9e64e683ec9fa7320d0b645b,Y,1,0.9806075372729267,0.01939246272707329,true_shap_primary_holdout_sample
8854,97d3d1a8010cdd3ff3a44116cc452fc2bacc1da433a44be8e93508d3e602aaa0a3a7aac93dcd516c1e872df02f84340b0858e051d72b59abb6ec8e8b5702426b,Y,1,0.9352946168074615,0.06470538319253849,true_shap_primary_holdout_sample
8865,b91c139bdff8de4136324f93e3753a456232cfca7ff90adbe59bfdf932dad30efc86179a8c64557124129a7ec645b39db319b559d74e2179574c79eeddc05cdd,Y,1,0.4777644228829715,0.5222355771170285,true_shap_primary_holdout_sample
8882,76cbc3e5148671fb526d1ce33b7c7bbdc055ac3b59389a8ad15ac009001f25ba3f0d1900115c6ff09c5d13f2c5e1a036c4bb97bdb94edd22565b5d60ef776335,N,0,0.3320885535772248,0.6679114464227752,true_shap_primary_holdout_sample
8894,b1b7691d5d71a6af127fee3ad5ac106eb7079f9a39e914dac60d1de46f9277594fdd99f687bc2b78cbce6b7a20d8ec23c916a847ebe7d3dc00c83595bf63a2b9,Y,1,0.9004947712540258,0.09950522874597423,true_shap_primary_holdout_sample
8900,066872cfa9d4f6ec722f0e69f20a61e402f91dc52f9b99a286b905b2f2c89cf98344c86dcd86007be0b5fdfe0626d447018751509e6e124e9a85ba9b53ca570d,Y,1,0.9813157302023432,0.018684269797656805,true_shap_primary_holdout_sample
8908,a71bf3a99748807888ba7e6cca0df5650b96dc179992df2dc738edc3203c6554d9010a97d36dafd0c86f2ea56d272a2193745e91bbfed9746f1e86028a037090,Y,1,0.9828755846638257,0.01712441533617426,true_shap_primary_holdout_sample
8920,cb254cf3b01ed436d3f999cda7bf6f9d93cb9297cebaf5cb79ae6d62a677d517b981c4cc6c043e1b75f3247561f8d884934527425a62405f0953b30d1526dd43,Y,1,0.2392204913458786,0.7607795086541214,true_shap_primary_holdout_sample
8928,15d7135b1e933d398be5eaa813084b1d3f6ac1fb2f23fefebca9d5e4b1a44423eb3c3a2b54cbc73389fa19889fb187709a68462501f047290814f9edae2d794d,Y,1,0.9817034003982514,0.018296599601748564,true_shap_primary_holdout_sample
8957,1e3a350773a3cf9a9a918fff46ad469b1002089a5b764237fc82c5abffd44b170383dd0a1f1beffd61c6cff1e71e61f63d1eecd13ed44280daefc4cc76802d98,Y,1,0.9079065745982599,0.09209342540174015,true_shap_primary_holdout_sample
8971,5043c54a300bce602ba16e1d7ec753bb3b35fc97ef3fdb71debcd030040bb929272969d15d98dd72bc2d7ae81ff57401505493a0190ddc7a478827d219b0760d,Y,1,0.6283421154129787,0.3716578845870213,true_shap_primary_holdout_sample
8973,20e21ffbaaee5a91fa0bc6b7aa1b4e1bbc98607c2a1ba2876b02966fcac96c109c72c0750291cd3d7d2e800e9f543d9e64aca5e43ceac738b66429964baa271a,N,0,0.3236015925776655,0.6763984074223345,true_shap_primary_holdout_sample
9002,576661a00b7147ca4aa847f431b9047ca0d0c87d72f447e90e27d7a9f155603670dabce327b2327873c042478f3ef336e37859d4306bce9c869bcd5aad32ccc4,N,0,0.6352218580312424,0.3647781419687576,true_shap_primary_holdout_sample
9031,f92e09635d277752797291d31d5858c1fc1a22efc6fc141420210c2ca44ab461ae5a904add51c9b62a8ffdb89cbcd0ff8950273f57ce66da4d84ff8ed937c794,Y,1,0.549144250209233,0.45085574979076704,true_shap_primary_holdout_sample
9066,4a2d473a7831ef8f3e62a59409752622984fe55439dcc37bbdc1e957a782aa38dbe6e0629d5c8462ba210b011af365b530c93bacd8d706420f0eb8f1b99bdd0e,N,0,0.2215721281816357,0.7784278718183643,true_shap_primary_holdout_sample
9075,820daa1f3ffdb3c9de6d011a2d9b1983f2b3cc39ca9abb3e150773d5b40621480d1f1fb1e596a7579f5e05f64fe2852154c9a39d941424e820001bf917ef62b1,Y,1,0.9831821082724675,0.016817891727532452,true_shap_primary_holdout_sample
9076,176c0f3c90b1ae0effac7243bea818a80e2546970414fd1b0be91d579971616ef4cdd420a7f6edc95f4f9162d8ec67a918e129ff915702025a358a7440c2c066,Y,1,0.961830581290532,0.038169418709467995,true_shap_primary_holdout_sample
9087,5a34201a4c93dff35f941e27165b437af2ef4f68a7bcfb6a0f03a64d73db1640618dd464a4598bc112a6cb6f5acbeafee7427628fe9bf82beb1fe388d01c399d,N,0,0.45970950944426,0.54029049055574,true_shap_primary_holdout_sample
9092,2a646d53750eb85759cd2237a4d3762806013404ac65a473379e0b268a172364c684e76b8cbb3ba85c44f5edbf54f7915d3657264be039d0ed567be528de995f,Y,1,0.9822031551699019,0.017796844830098135,true_shap_primary_holdout_sample
9109,6421c4a2eb0195b4bb90119b5920cd80751084d1ffdce3e46dc4edde15f53221998ba62c04b6cd3efc9a217fb177faa9fe9c66bda12b3e7405ee2896575729db,Y,1,0.7252663978337743,0.27473360216622567,true_shap_primary_holdout_sample
9112,3c74106bcb86f3c6202c33ac7fb9c2fb9fa2594d430d1daa21d31b5725f58398ad9484e4c32725085fba969427aaed0b3efa5a233d781d89d1e35ae1b0ace519,Y,1,0.9753229844288626,0.02467701557113744,true_shap_primary_holdout_sample
9156,e8ee6f27de638c8fba533d62bc61679c5aeaecdfb20753e212303174b6329ab8d7fd438d921c49e622a15912e5ec7b48ae8c83c528cbf11c2cd73e037c6bc070,Y,1,0.6238880382632421,0.37611196173675787,true_shap_primary_holdout_sample
9186,3aae624570574a6fd301a8fea5770cb3766728009c5f24cb7894ff8d0a5ba239bd57702214d06617d8d39bcf596586d2a755ea9cf99ef96696c4b545ab7cdc5c,Y,1,0.5492719229303566,0.45072807706964335,true_shap_primary_holdout_sample
9204,df706a1b86961dca829b5693a5fa59b4a30b7d2c22d254124602992bd805b32891367ea0a8fb62277db71e517af8927142c6c26a9e1ffd5d7a9c3072384fcaae,N,0,0.8516754519248337,0.14832454807516626,true_shap_primary_holdout_sample
9231,3b4ec7807b27584edf4d2408e5aad2f89464e934cc4741f8b229abea292569db5f98fcedb4c867f875cf5854db4febc54912d829d12cc9452f6292efee2f443d,Y,1,0.6076682391571457,0.39233176084285426,true_shap_primary_holdout_sample
9248,17385c6f33daece61f2a99957c7b8c3cff3f168ca6b6717fbe13a7b3660412628569a1a5235779daac83bf73848990b49ea9624e63f702be568a593a903283b8,Y,1,0.7191689286656591,0.28083107133434093,true_shap_primary_holdout_sample
9262,ffaae4e02e36204da72b0fe06524b01ca8ed31c0e596861449ef97bf17950f87f2ba799728abc74d7436616f8478193c2fe6c904c11b72422bc848483eb2b5b5,N,0,0.7882913612440093,0.21170863875599066,true_shap_primary_holdout_sample
9263,66c2d40b6e83973a80c2bf2b1172beb5d7399bd4f2361f957d03dcc87b1f1cfb9d044b8fa9bd23f2c29a2616c032d26f6c42b0c607f502cb989843e2efd07337,N,0,0.3729903619209786,0.6270096380790213,true_shap_primary_holdout_sample
9269,b09f21adc0e498e96f541ba90ae8fab7a9c0d02b771d3f6aae2908de4c475eccbc4b0846b55897d09e6207755c06154caee8292fa131c716e7ecd0f66c42e68a,Y,1,0.9790928113579425,0.02090718864205754,true_shap_primary_holdout_sample
9303,a56eaa00e4b0633e2e13542fae3891b1c6b2412954bec25e50656f34ffe4fd3ab2f67b11b50a6b47d61ddc54a75d705ed4f015bc7902d0bf8c1a272efcf71d3d,N,0,0.7338830180572625,0.2661169819427375,true_shap_primary_holdout_sample
9308,19d533606423ed7fe26183b87c21c6f5161efaadbf0211c209309a5cd919d8612dd9e992186bc4b524ccde8d21e4f710ba784f82b3eaa0cdc3e68b1ae4c4083e,Y,1,0.9816727769974951,0.01832722300250489,true_shap_primary_holdout_sample
9313,ff0888450bd7f135e97ae6b22fad85abe7955ca365bc630c5bc2c169bd5241edd8075121636e32f0e6e67280c3cd09075b9cc7d24a820f394d75406e04cd3703,N,0,0.5915527414586503,0.40844725854134967,true_shap_primary_holdout_sample
9326,b43d5688d87f0c0fdf839f54198a910252da0b2b1b66ff79cb49c1dce4efb14966bcab9ce783dfd31b8c11ebb527ab565cc0eba69c32d7532f088973dddbfa21,N,0,0.826328120087332,0.17367187991266797,true_shap_primary_holdout_sample
9335,57c16c77cdaa357032b0134f090924af53a70cc4f656fa461b17468444892371904bb34309adbbc5d07ddd9bd55e12029202bdf2de0acc10c0fdb76072e0585b,Y,1,0.9237185409540388,0.07628145904596118,true_shap_primary_holdout_sample
9348,05109ea48cfb9873958c6d30ab766dd5cfcc8e87b8552a5611ba844ea402055eddcc11bcd409677dadbd75c4edc7bd96c0c0ab7a700b2cd400846d9ffc930c07,Y,1,0.5013054061036408,0.4986945938963592,true_shap_primary_holdout_sample
9364,a47247668aefb27a52e4f3fa828d0e60eaa66a2ac9f3db466e0d4297bed1e4363efbe07d53efb22b32fa6fbc8fb1b2a34fcc9f917bb59be0106f6a7ea874e4a2,Y,1,0.8629913772025639,0.13700862279743609,true_shap_primary_holdout_sample
9368,45264c333091c3898cae1269a68f3f6a7a090a8ac8bf83036f1e2f47f20efd861a242fae7c89ad8ac2357e46e5916b13f2d68b67c54a1d8bcb244c65b6002d0b,N,0,0.8636828448532586,0.13631715514674136,true_shap_primary_holdout_sample
9391,82040b53366c572f465668b21a9cfc709b5050d8a441c0048ad408ada1f21fa15ad866dfa0e5667d9bb9f2a571f9fba4545932671283139f7974ae169ec83bb2,Y,1,0.9777604584293349,0.0222395415706651,true_shap_primary_holdout_sample
9401,d1fb5f689c0f1bb96c256763a76022c8e78c174d5c47de8bade47784342006bb17d4e1d8e0514c0149e30042f3d63e8d75ef53c3790d28749d4532f14b9005f0,N,0,0.412284235332167,0.587715764667833,true_shap_primary_holdout_sample
9402,61284ef544fd2e74796e528d7e7af8cee1c2ab5f54e167a0da6aba61bf1b0a7e5883187e54a685071500b43c1b45b32fc8e0a39e832e6b72f7111cf3d4672b2b,N,0,0.9825455816360101,0.017454418363989865,true_shap_primary_holdout_sample
9456,c03a1364e6e93272e328b212b8544786b7e1ae6ee3df8a18bb61e54f6d56d01e6e93b5246379ae3a974d2eb9cc235df43602ca28f356726c4e488e83953cf405,N,0,0.2306292056409133,0.7693707943590867,true_shap_primary_holdout_sample
9458,b6cc86bd664bac0c66b27d6399d01fc95c7c61551975ce0172980bfae50f81da2ccbec4af87e795dca9576274d798a4644f3ebe52739970c0d01658987470de9,Y,1,0.23461686683180463,0.7653831331681954,true_shap_primary_holdout_sample
9466,2a1322aaa65fd17a8fec5086d619081efdf436a7b1d26638239d75a26b09140d1e9ae26d37b748428eab93ec7cdd31a667c813ccb4c146f4bab20a595dfc242b,Y,1,0.4457084142884209,0.5542915857115791,true_shap_primary_holdout_sample
9472,08fdc2ae8dcd54362add3e5808a03758f1047459f4c5c4cf4a8046bb61d4595b8ded6cdc2a75a2d7cb6133a25545b1036cc8f0d2e23d52e33b585721ef52f91a,N,0,0.7984354425705456,0.20156455742945445,true_shap_primary_holdout_sample
9476,67c63c57998bf841c95b631e7ca0e2aa934df903e4f7ea4799265fc2cb6ce1c5dd4ead2c6cd406f41521600cf2ffbe1ddb4f0539698c245c9cc17c8c782d6445,N,0,0.4852719085830142,0.5147280914169858,true_shap_primary_holdout_sample
9501,557b573e1ffbb88cde5283fc1a6c03e51f4d2ab8e5722e8050664edd2dc2164a0e63a282a3fe245225ee8d5c5619aac5421e67e2aa4eed45e0b7e45665dedd34,Y,1,0.603516720095909,0.39648327990409105,true_shap_primary_holdout_sample
9539,a2b93e305736a76f848d790205b5307753db2ef29e27e3ecc0005b02a1fff7731720c1f84ea009cc01c4ae6382937665d5b1d5b225e298c9cae166c105743b4e,Y,1,0.9432913437069061,0.05670865629309385,true_shap_primary_holdout_sample
9552,48816ef08b98a76ef09bf248c34a0ba14518709a1d1fb9bcb523d93cfeeb8d72b43954db8d7fb63da18f4932fc2fbcb8e755bcb40fc4fe1f9e3ea2c5dadea6c7,N,0,0.520612251590442,0.479387748409558,true_shap_primary_holdout_sample
9568,f462943de63d95c00e522cbd35acfe694f7be87596bc816776d8446c1e260cf2011c132c43607868407ff556f915e2fdd0d5550c41593c23f353ee68b83385da,N,0,0.7996597392326388,0.20034026076736122,true_shap_primary_holdout_sample
9577,1f6f1fe18dec522447e7997da699547ea3b2001b511e3030275997b8faa9e137cb6c7dbc813f85aa4a0a596ac58adc960fba176ab6f42fd8b70dc2f48c90ef78,N,0,0.9497970733171535,0.05020292668284654,true_shap_primary_holdout_sample
9584,dfc80f68f912cd19dc5f10c6e2d40b8d0df2cf5c83b1a563ebda7e0a46bb3b00af0e295dc556c1e203933f333796ebae13f0dceb0e6f7e047927a4076215d2e4,N,0,0.1996568672199341,0.8003431327800659,true_shap_primary_holdout_sample
9589,4f849a3340e65057ccd4ad416f5142a1b1bdedfe54f5cab33eb36eafc1ba3267867194f76981ab8e3caee473c3273fd0b6e8442755798d24254dc0d1805784d7,N,0,0.13334318257833125,0.8666568174216688,true_shap_primary_holdout_sample
9591,d0c64704d4ebf98f4e2e5827de8fa0d1823540730206908b2193cf23bfb0f59116d79937ac5a07a62e8f62784ffa0b459d101a6c4836e171b452948e837f049a,Y,1,0.8581456700984678,0.14185432990153224,true_shap_primary_holdout_sample
9604,9aeca11a643ced145ca460b1fd0111e7ede5d861ae9da72b6634a26e7bfb8f34ad269558a1e6874abf769a4912622597f2470e07bb2106a196727ceca55ab41e,Y,1,0.9373911023003758,0.06260889769962419,true_shap_primary_holdout_sample
9617,d90a5fe72bc9d0ec611360ef959bfef74f22e75700d89523142dcffef175d0ee6ac4b27e5d498a3aa69e12f8204c0e9b6b876c8400709d1222fd61c5725138bb,N,0,0.24728726192238998,0.75271273807761,true_shap_primary_holdout_sample
9621,68ff00a73740b4c8ed576b8e7ccbfc0adfc3cde60353e3589d69074464e566ce7c2a270d25a163b84f17816b074667d37af86a65f55322a4ffaad41172c51958,Y,1,0.7362689293502274,0.26373107064977264,true_shap_primary_holdout_sample
9637,a1444699302b826c0ae7d8670066062a5ff00551860eb542375b6ee653449f012f64b00ad5e83f4038b06351363d0ff90a064119bb54a07e6600fdb5ffae8c3c,N,0,0.22966180766367117,0.7703381923363288,true_shap_primary_holdout_sample
9655,5f3fedcb860c8a87dd1f487aa3092f27acb343fa80c9f868a4501f0d420d02cc1b7f6bda952e4e0be030b8a0d4973e64d864c853bb97fb7021ff933aadf05e3b,Y,1,0.6925926386078686,0.30740736139213143,true_shap_primary_holdout_sample
9669,540c5bfbe27997d0c8998e885b63c9e6cb3ac8af9e3d5a59416158529b5b02b5fe240e7085f6ee3784892e10ddff86fd0fac2cac9368267a32a2204df0472a66,N,0,0.7528971632260975,0.24710283677390255,true_shap_primary_holdout_sample
9689,3ce8f5db6a8297dad62d4c7373aab7e7822a6bf094cc5462c756ac6302aa1b44ca61d5e200128aadba73282f74d473e819ce5672fff66bb886b4c3f9981e4fb2,Y,1,0.47561385674781914,0.5243861432521808,true_shap_primary_holdout_sample
9695,85ecf336e8151407726324d684c4968b85d5a769d6b34e6973dcb6937c9eb1e21ef5e5e868f03db91e4b5052c83b885cab891e91e444b212c3e90e1f1c40187a,Y,1,0.9239594482229156,0.07604055177708435,true_shap_primary_holdout_sample
9710,19c05babff112850b36cca0095270f8374ae7d8252e85948555fbc619c03de871a573e549cd09b65633bdae1f7f3c10aeef8b3574fe5cf459798c2705013cd87,N,0,0.3037341653619337,0.6962658346380663,true_shap_primary_holdout_sample
9760,672be36d899acee32e72ae4571f6afe0709a70cb44665f56b6fa6d5991363209c091c8e5383a2445e499444de955d7e734561708a76ffa826e66e199e869319d,Y,1,0.7217236544580635,0.2782763455419365,true_shap_primary_holdout_sample
9761,7cb6421d6f8abfcda8afb035662cbaf748488882bfb96164738588c7adc7c74c6065f518155723ea68bf0c6982b5c052d8a6c76e7b42517ed619866ffc9deaa5,Y,1,0.9852876146666831,0.014712385333316869,true_shap_primary_holdout_sample
9788,573e57c0539e5a796ca14de048b3f66982606a9caa90ab85083d743091eb791e04fa95727f44036f19f14ad84507b5dbc8a1a8cb6d5a39158bc7600255f48ee6,N,0,0.6203418953456037,0.3796581046543963,true_shap_primary_holdout_sample
9789,71b1e762c069f5bf0ac6712d5b7e960008c430b6fb481ba68c7a739f8441c33c040284abe3459a06eab0d989ce19037df43377b1bc509413c97cba92b0e06295,Y,1,0.9747268540514578,0.02527314594854224,true_shap_primary_holdout_sample
9794,255758fc9b28ef15971272cac9943d37dce3887494e4a9444de1380e16227dbb952a70c144f70aae3aca800ee8a7d6383affcb0b57f22e9044cea0d3598d2852,N,0,0.8090429732927394,0.19095702670726056,true_shap_primary_holdout_sample
9802,28823b0a24f4ce505bda39737b206370b791eb7a73b4e37e5a8b22ea0bdf31aa5334cfd2bcd2796b0533a1194d3f130813173556f181a12dcf62a6f6feacb6b5,Y,1,0.19711544823386115,0.8028845517661388,true_shap_primary_holdout_sample
9810,53f8131de700dcd9b46701b287dae486cccd0c1599436b50d5580022963c27a4198147a948e36144c6fb94091157a59a56b89abfd11db4f5cea2bf08cea44ee7,Y,1,0.46470444222996865,0.5352955577700313,true_shap_primary_holdout_sample
9814,b21f5221b24dd4027f03fd78c61c6f5215bf84498e9517190576fdb3c8a3cdf9e25078dca5c2fae579af6d9f4335f0198f6c18d2a1308870dadfcd7dc75a7360,Y,1,0.32454317559505536,0.6754568244049446,true_shap_primary_holdout_sample
9820,d73d6b505187e72ab3a33cac99c1862e21d1f66e7ee2a4289b93422ed891c1175fce93f5b35f78d92de8f2c454a171604b7d53725989784c58781837cce9f3aa,Y,1,0.8917026887187693,0.10829731128123066,true_shap_primary_holdout_sample
9832,1c537fe9b04eac3560f96e3fcbb4a8e032d5163d5f88c22504f1ba8776db735dbbc7d292f458a4678ea6bb0eb1d89b4ac2a86afa6f02795a29102235cc41ba6b,N,0,0.2380681242461908,0.7619318757538092,true_shap_primary_holdout_sample
9833,846d54b010a7dd5fa23338b323f84f9e99763dc977b610e156e2f9ea8e982ce694e2778ad7a032e936aac31eb5b9b9e79b1c202bd52a308b30a620959bde24f1,Y,1,0.9775577616211674,0.022442238378832635,true_shap_primary_holdout_sample
9835,92d4c5a9c52b5a6efc781290341c246ecdb47e394e6b56d05f5ee1099bf3f6e0d7442d5a3c9808c460d89d00c7d12c7b663d580e5ed1971b4dc01888e88f8c43,Y,1,0.956101292681545,0.04389870731845502,true_shap_primary_holdout_sample
9844,eeff6d737d6ede510536077f1ae3288b6cba421986a559c6051cb35652f7cf588c83336a0018f219fedf3a148b51111e2cbb4a1b70f31219c3074b5209a01b96,N,0,0.6661555534864194,0.3338444465135806,true_shap_primary_holdout_sample
9850,4c02dd1eb5180716ff9fbc310b15299e7c041371397c988c0e6f5e6a4d6e969c34b595b7f1e6aca4648350218b0eab5938dd5ffa5674772ddcf9aaf254bee560,N,0,0.830209710097147,0.16979028990285305,true_shap_primary_holdout_sample
9855,db24c8536ad1e657595ee982472adae074e79b5c27ab1ff04d2b74e33db9982c03054cebda692e7d9f286fabe4b8f16a93b0b96320cae7282790ed2fd634720a,N,0,0.5734428013764044,0.42655719862359565,true_shap_primary_holdout_sample
9858,d6ff295bbfed83b7f08031896ec04facf7d0b8c2d0bf2dd5bd22e0afe39179bcb35ed913b5d141fe2d0b907293f6099b8736926c3300c9d72d7ea8bac5b9cbb2,N,0,0.3022245166694774,0.6977754833305225,true_shap_primary_holdout_sample
9864,c848858584f52bbf0e22738b7084fd6490224a66cd9d31a09e69cf7188b4087d8dc5752049b168aca0c92f69f20a9d6d97427ee4a78b81202690c58face34169,Y,1,0.9848052343539558,0.015194765646044162,true_shap_primary_holdout_sample
9891,781cac979ef5de25fd97d8abe48075e4947bbb4d5c7d03c748e2bc1655aef31287402f7f6886e06186843723e62c85db790d49b71b19bb1cd0e63e2839182c89,N,0,0.8312889833849348,0.16871101661506516,true_shap_primary_holdout_sample
9919,9dd11d6545795630f80bc0d8eb20d3985c2614a4567ec0b98d70ecab2a2f88fa15c4f742a5287b7a8f2219f0c6dcb2576e54cf07713f539ec6b58cdd91b0397a,N,0,0.1518660284868603,0.8481339715131397,true_shap_primary_holdout_sample
9946,bdfbe85d0ec93523cfeef48153c406ab0f4a2355787ec3401a5332dc5354b6df9c2a47f1c09152df7961641e8bebbc38c63c9728f9df472be9d335e9cc9e5d8f,N,0,0.47500940573054384,0.5249905942694562,true_shap_primary_holdout_sample
9949,41ff1b7d92894629111683c7c94dbfba7dace848315e32c4910a3103dd738739c364b8eb4a57a58fcf4f1d677c25120ca69d77b6499bf0d62956b9997d0b2d3d,Y,1,0.9664906881812384,0.0335093118187616,true_shap_primary_holdout_sample
9958,4373f396f2386fc357c204f57c53cfe7ebd0ec2928e4b3ad4cf6edde75414227148111d34168b629c09c6ed0a40de99b5d3a2f218ed0fc811bf44c2e2a48f2f1,Y,1,0.5040200407529238,0.49597995924707616,true_shap_primary_holdout_sample
9961,81dd9663bb111b3371425c711b2c5f4728b53210ba1109b6d31d30d71899ced241fdfcf82ff63fabcdac8f3a8c6e1538d67f0ee30dcea54712a824316c6c640a,Y,1,0.9793786252726467,0.02062137472735326,true_shap_primary_holdout_sample
9965,6dcf0f5b93f28abea0be77d2670b7e9f2582a72429c2e72dfc18f3f4a844497bb1dd55ff4e8192fe6b1d5ec458bd5d20e10b44c97608671afdb5fbe4364f7a50,Y,1,0.5487877437107426,0.45121225628925743,true_shap_primary_holdout_sample
9975,fa09516c975ec620787c55516862be5db9d6ac74069f5920c2ccca38812b75da7edcd1a95335d3b8fc1017289b8c7e7172f73f9172531f8107fec41c1561c39b,Y,1,0.985392802535629,0.014607197464371002,true_shap_primary_holdout_sample
9979,0da7d14d67de4b66ce794d21b5ebdd708729324cd320db087c4c876424a32b2e2fc90a55bbd4aef9842614dd9d02e3f680ec8dffb01dc244870c5e5b0cc87303,N,0,0.3117471925502095,0.6882528074497904,true_shap_primary_holdout_sample
9982,20a2147c06bcb0f81d417b4e1f63139539676615f908ecae02bd110f4e578f7af783c47bfcda2e963db3710ec367a893090f6b5197081a0ab03ea992f86e0414,Y,1,0.9551568810923454,0.04484311890765458,true_shap_primary_holdout_sample
9994,4e6494bf38330d5126d612b91a39c2234a5fcad8d09d8ae8dd1df5782bb456bda0594ea12b49f09e8eef491c4515a77699b4ab10695597acd96add88f6d5c6d0,Y,1,0.9192356020925823,0.08076439790741774,true_shap_primary_holdout_sample
10000,99653693c92e0b0ded0aacf66ecece5b2a157a8f629d2b1c1ce94da9d61226d6886f2be38297473df3c86beec2a38e4f87eae0898317cd48caf1f1d8ef601fcd,Y,1,0.9552492227239341,0.04475077727606591,true_shap_primary_holdout_sample
10030,effcc7456813b00fcde1c5272c08e6d4be639decde29c9cb2d12bece014fabbe6509c696f55492977fe4505f82f87e080c0a2ec7f1e46d46f7ef5c054d8bb024,Y,1,0.8965067737077849,0.10349322629221513,true_shap_primary_holdout_sample
10036,fafff6ba6636c4eacf22383fce3913e7e2a79327823de44c172a4ba0f932748238e56142e4d994046b46b4287975beb99354501dc9e4b98d0e5e18ea7aefd7c3,N,0,0.4543698298005572,0.5456301701994428,true_shap_primary_holdout_sample
10038,ecb3fc6727a74dba55415beed87ee99a49caa18175bab943bc8e50e6632687057cfb7aea8d7e6885b8e49ec7f125814bbcef61df3211705123bd63fabd6da0d0,Y,1,0.7514436114603184,0.24855638853968165,true_shap_primary_holdout_sample
10057,bacc7d2ea7fbe8b7592d8b0b8fc228dc2e59642ae296f73268fb15bf09e73f2a33357feeee8056f3d10c5867b501dc85b324d0a15becfa3e5ef154754295817e,N,0,0.8242801236029705,0.17571987639702946,true_shap_primary_holdout_sample
10060,a3057d553eaec37cd4acd9b28a47e72da1a7720eec1a9ce9289a8232b1f6827cfc6a6f5b0431a495a32209a1ec3dcbf56f14a02c8071fbd6ef2ff8e7f4f5a470,Y,1,0.8350848436478752,0.16491515635212484,true_shap_primary_holdout_sample
10095,d9418ba025760735c519159aa1f8024f256117aa038688dce14f19c914aceb57fd1bf5524a680629726efe0b95d7ee59e7daeca4d28443290efca90f3029a627,Y,1,0.9822450397703656,0.01775496022963441,true_shap_primary_holdout_sample
10102,fec40d2604da4309beabc8c898368e24a0750e58ca29dd1dde5ad93c6327d6be217e7c3b0fb83657758b3c24fb053939103f5343149eb88a125843a3a446be44,Y,1,0.9793142675646379,0.020685732435362092,true_shap_primary_holdout_sample
10103,493966fd34d535059c638c2fa1cecde3bc882842ac93b95cb59571f9fffeff88de5c9834ec5da616e6f02925b790d2ab0bb71ea89ad5eade216c9f18f71e3380,Y,1,0.21980171984170874,0.7801982801582913,true_shap_primary_holdout_sample
10104,9ccb61f8a3fe7e972446fd07412d36f5f43c96097b52151fba6fa23541d6f586a0ae96fbfbed60e90c4abb4c87b33f63f70368c424ad42d2d43a07ab5fcf7b68,N,0,0.29149973935068824,0.7085002606493118,true_shap_primary_holdout_sample
10115,00a18479f5ec5427b28260a406a1bc972afd1ef1382c76312f14ef75c4b4e0b9acb9d3e75600afd5b6b6c4baf41b65d0c200c32c8138d24ced47d925a5eb1a8f,N,0,0.8380491451714119,0.16195085482858806,true_shap_primary_holdout_sample
10120,b343eec4ac86e7ae76c3c670ea94032a56580a150ac7ad2e45b93abe3a49df2ac58a0738c652a6108b6d36bc527e509261f1ccafa8904012f7997a0e26bcd309,N,0,0.8643042891812257,0.1356957108187743,true_shap_primary_holdout_sample
10138,e0904f7c184ba0472148037289c2b5b7a3e5dc688dca7623309f4feec0fa78a365b60d905b395ebbdd13fc711c87dbe1e360738db9c5f64bf09fe6c7d45603d3,Y,1,0.8963348383648027,0.10366516163519734,true_shap_primary_holdout_sample
10139,4566eff712bc6d978e459689464df8c205a9c90e1629b128c5313df1140e44a0b9bfac8f8c98204deda61e6f10eab4a8e336af9c199f896f3dd661bced75cec9,Y,1,0.973294104575209,0.02670589542479096,true_shap_primary_holdout_sample
10156,24f087fbf840f0eed10dd9925229b6e1917f873621ee9591c895db1885ed4d1a7eabb28246396160e0e29508b799d0ca6471a6e44213817a56b0dbb1dbe41b13,Y,1,0.9831652222408049,0.016834777759195063,true_shap_primary_holdout_sample
10166,53d10eb1ca5b9730ae704e488200968121c3e5742e5d0d89c5c965d092b1bb86e6840c0163ab7bfd6241b8541e1ffbe14435befd14af66817dce50806674ed49,Y,1,0.5479046164923189,0.4520953835076811,true_shap_primary_holdout_sample
10184,00c9e845fbe2f2b53c14e57c76dc9a683d0df238bb296fef949c85ebd4760333226d4c280e8045bfb0baf00231183fdca8484ec5d2b5b454ad2c860c184af6a7,Y,1,0.9798987709428333,0.020101229057166714,true_shap_primary_holdout_sample
10186,68c2a780eaca3041d69eed8a8a0f9a63894506d01d922bdfa682601ef9d7c455f2a0a77f5d1fea951fcb0cd97baa572dde6c4bd4fa86b604296e094cc883b11d,N,0,0.2197249333241612,0.7802750666758388,true_shap_primary_holdout_sample
10191,d15016141433b0083623b63e12151c95c2e180d8b6d40dfc7660c9e2a8fcad5d46079eacbb003a221977eb75fac9fb878fadee17cbfc6582f8650d335526b93d,N,0,0.2210999547859719,0.7789000452140281,true_shap_primary_holdout_sample
10197,42e704d12b528662574cf16c2251e0a70c794200e13a8037eb678b53bc3464f33a103d5c780e39d60fae2dc498f321460cf38b7f71c2e7e46b4bd3470a151028,N,0,0.28430167044676635,0.7156983295532336,true_shap_primary_holdout_sample
10206,343794ae6ce033fd9179043f6ff2e331c1d1eec89f996244eb6502c2fa4d6f4f3d2ade74dceb09fe5666dd32939e8de3a787f2c5c8c0f8c5e4dee4cf04906d7a,N,0,0.36229649303010597,0.637703506969894,true_shap_primary_holdout_sample
10208,5fe33641bff861d683e7fc3b2822ac21b3c95f092f452177b5916693355270fb8fa51cce9141a419881f8ef1cb5d3193a2069661eaa6347a29e558c0da7e9f8b,Y,1,0.9698994861161937,0.0301005138838063,true_shap_primary_holdout_sample
10215,deaf9be8617088654065d5c3d23ceb89cf22cb1cb04fecbc8fcc34ab5c99f6b2728ecf1832b23f4935e0e10281548f6de480da3d98617ec707ea2fa827c57a83,N,0,0.30651522423233474,0.6934847757676652,true_shap_primary_holdout_sample
10228,52e5c9ca7abe5d6326af6d66f8338dbb2ef7c76fe77b3f9cd0be549fb11244fbcb10dc758be2ecdb9167360ba66f8bbf3e20db41e6228611180d8e90a9d59783,Y,1,0.6589554306002818,0.34104456939971817,true_shap_primary_holdout_sample
10241,fcab766f99bf3c31e2fe89fcdabf0d475fb1517c59f61790f0084a900f46b9bf613121b3c4bbc2abd8a59dc9882bec46552979e7ac0407ecaf7b0b0d1c90b098,N,0,0.21013120957976872,0.7898687904202313,true_shap_primary_holdout_sample
10245,96da1f9ab53989183444e181970d5d3b4a9e0556742bd3db2f3c5b14a94315644006c662f355ae10f0e292e10112da801b12fde40d0a0930b0c1d3498c497970,Y,1,0.9877735879579296,0.012226412042070423,true_shap_primary_holdout_sample
10289,5c13d379d27232df95354c89a1d15641e5ee2c4bac11a37eda3342818de0fbdd00a27f5307b5d001442b74fe4d9ab97f18bf32fc9c74034095ef6bf5e20d73fd,Y,1,0.29210382820833486,0.7078961717916652,true_shap_primary_holdout_sample
10306,00b859f8794cc121634489bcc309efbbbb7d5f03194aa4b130753444c9979491f4d42047b93b629a30edb70f31a853f677051e20055e41ef281bccc4bad4ce06,N,0,0.5422922323884398,0.4577077676115602,true_shap_primary_holdout_sample
10307,9176d1e688d7a2511271df560e90b927e8a30b9967942b9e161a3d0f057ad7ab5099abdad5bce979bfa9936391485964a23332154ceacf08fbdd34ab8c61fde1,Y,1,0.6898866715715065,0.3101133284284935,true_shap_primary_holdout_sample
10308,9db98ae64da861c71bbcd16e89c0a017050c1281201c68e4b541908b679a9778bb6e3ea653b28008288f481a672836cfa763ee08d1eeebf8c54e1cf924113b01,N,0,0.5052645784521821,0.4947354215478179,true_shap_primary_holdout_sample
10311,3e8684f99cffbda96644178bbbf085160ece51fe0fa149a71cecabb53f8dd7785e5a5bd420d0c447f3c7bc39247de01aad047f781493dda524daeb38c941741a,Y,1,0.9833478519794974,0.016652148020502633,true_shap_primary_holdout_sample
10312,675f8e15871d442d046a00f3be3c8cdd30c761d53a08fbc37fbd61272c421811464fc4a04de8b86c7be928ff8ad607735c072f22552106bef02ac2d6bf1ebb0e,N,0,0.27360857005451256,0.7263914299454874,true_shap_primary_holdout_sample
10334,18229c22874199cb65bb1bc52b0103daa8f11e17e95d3885b22cccb0f603c2bd43d8992814e5cd263c670a8ef318a2e41a315e162cb92bc3725aba1fad4f3450,Y,1,0.9780498542043261,0.021950145795673892,true_shap_primary_holdout_sample
10335,296ab938f7cda13fab64cfdd1f5a907ded6b8a05359144872d204b1d458f01a2bad001f246b3b7a7eb1846df0907df456296ef169f04e9a5154bf963bec11239,N,0,0.7482478299529864,0.25175217004701356,true_shap_primary_holdout_sample
10341,a24156eba2ba241cf8b6a3cff5795f8a424a862a5269f0447ba43f34acb532b4c6d80587cb47173218989f20f9f59800ff28944b138118ce65db1130e2021db8,N,0,0.19386585610840876,0.8061341438915912,true_shap_primary_holdout_sample
10343,b3ed8db4ad08ee53e697975ded9b931444e8e545f652f900c62e15fb18dce2e3ec3518ed855f9df051952d45c1729fcc3dbc28fdf13e67adf8e4af2d91d25dc1,N,0,0.3316807163456839,0.6683192836543161,true_shap_primary_holdout_sample
10344,da2bf9761928ed5a308d159ef29088f56e9376ea85697c2ada5ea5ca94b7fc98d27443f1f1a413c261c7001d2a7fbac0f4ec03e8143c9d650e2b70f61320b824,Y,1,0.20372650285551946,0.7962734971444805,true_shap_primary_holdout_sample
10349,322eeab06a1e261bfe4b6bbee7fcf2119d458163de3fa0e010a19f566d768a359af3373148d9828ecb4d4704f649744a142f28e58890f3c8ecd8cb5555d196a4,N,0,0.12898373920375614,0.8710162607962438,true_shap_primary_holdout_sample
10365,0c8c5fa87142b0e006798d2d2aebd27039069c58add11844bf8a2237e9b4573a62f333c1046f0c740bb25764e7fd846ba7c0a6472c82fb86a50fc1e35a2e465f,N,0,0.1553527627857881,0.8446472372142119,true_shap_primary_holdout_sample
10373,6caa04df1710ccc4d785b61f8f39f1d7c47380adc3fd152b45184c8974255143d04f04178bc14eb51c170e0b11af5501c7aed657848c7222d0c0f2770694a02d,N,0,0.2291813656427492,0.7708186343572507,true_shap_primary_holdout_sample
10389,db6eaf208bfb493a64dce2b486c45fe72a304ad42e965ef21a4bdf3d53f108706b670ed933b02abc443e8ab15fceb48262fa28f1b8ca76cac80cbe98e73f3810,Y,1,0.9774854758229509,0.022514524177049133,true_shap_primary_holdout_sample
10408,e999f2f455a36e05d4626fa0c39cd8d724ec501a9834139f40c1c86583e02fb0c38d48a81e7a69fb118438a905fef6780172059fbc7887f97d22b09eaeff16ca,Y,1,0.4125127181586985,0.5874872818413015,true_shap_primary_holdout_sample
10421,bb47a17455459855ffd74c9ebba6f13a5a0d537bc58234514de8ccb9a06a4b99c08a0320477e5f892c70a39d6c4e07653bf3e3911ad2eb72ec1e66d183cbe769,N,0,0.2288390396087473,0.7711609603912527,true_shap_primary_holdout_sample
10422,ba581519c9a02ac6ada437ec14be0363783eefa218ad1f96e92849202293fcb61253a76bdf8d9e2bc19bf271d6db0578f4d70cab7e614f560fb95c08e9ef6bfd,N,0,0.697414407020626,0.30258559297937404,true_shap_primary_holdout_sample
10440,9df59c04ed2c29c7f33a66b3eedb20bfe0eca324496331044583f3c30d3cced91ab4896bfb2dd2c19f91b5c0637fa6dfa5f03520f419748091d4bde08d2b4310,Y,1,0.9884304828825038,0.011569517117496209,true_shap_primary_holdout_sample
10457,9c591fe1260b8ab6b727f06329df42b5bd0d9fd3c605171228f5b819f8ed9c9a4d1b849ef286b7a890574bd723f292dea919b3469969a4be75e4e0a0a55bb163,Y,1,0.5376831356700257,0.4623168643299743,true_shap_primary_holdout_sample
10469,bdb83d10177f9965d5c3b7a9e726deb8e297b01fab39e3295a6546027b711f5aff61e74e830188016eff1dc27d4002c2f8f67e60478d5753856302ab18ec15eb,Y,1,0.9670740614399135,0.03292593856008652,true_shap_primary_holdout_sample
10477,9cba37f65c3b796172fe9ff1ecaf9afb9fc70dc061aeef92c681937ecd70275b41a3f1b425f9e7fe12ef2f6d7d05d7b71bd5a6066c8335f8630629f7563ac1bf,Y,1,0.4688467477648831,0.5311532522351169,true_shap_primary_holdout_sample
10488,dbc88dccb193b7803154055adca09fe3691074871b43fbf2f71022b79593bd7189d8c11ed13e6b5cebd1afd40e1824206b0eb62d6b0f5924ddc613da9ceb22e1,Y,1,0.5069143883325565,0.49308561166744347,true_shap_primary_holdout_sample
10537,e7c82d60883a351b0724d0699d3201ae81069bd442b25ce2ffe19d1fb51dda30cdfe30bf4a5c219e9d8816b5f8f5362af1d80fbd0c9497da07eb3d96652c1a9f,Y,1,0.9870073189674385,0.01299268103256146,true_shap_primary_holdout_sample
10538,65e3e6d97d4d29b0f2ff62d28abe073c19cdec5e2c62f62b38f1700b97a1ee97c65fa4beee8c9c1e10a580ccaf57b45dc8cd75bc5f86a3c1a4785c9f86e89533,Y,1,0.9548395266763411,0.04516047332365891,true_shap_primary_holdout_sample
10545,2d0323546449c595dc9fbc527f615b677770922abf9cf6af4814bb3c476e77b748d137d19cb0d5be29ab1e2d4a69bd2807bcf5cdfec7d7df72c68a35fed81493,Y,1,0.9781618915932015,0.02183810840679845,true_shap_primary_holdout_sample
10582,69477481d3821becff8fe8e08545d38d26805503d7087acb50394e32d2b4d834dba332dec901587e68cc3bffa0cef55eae10fba07ebebedb3e5df434384ce230,Y,1,0.9664747136820113,0.03352528631798868,true_shap_primary_holdout_sample
10591,c0dad69fefcd5a163c5ebb8d16734bec9248a329afaacec24e479df6dcfe0ca3106661c844fed583b8f5a1170da05d7de6679b8885552d4a67daee9ec6ab1351,Y,1,0.9874094858745643,0.012590514125435659,true_shap_primary_holdout_sample
10601,9b36e101380ccc4d9f14ad52dfb3fe8d4d12d4620cddff360a227654cfdbca5afea5b2f947ee03377f470042a97cd039116323fcdd5331d7062b1d97912fafc3,Y,1,0.9147433597151673,0.08525664028483271,true_shap_primary_holdout_sample
10631,2aa17ea8eccc46cf1dbb6dbf3198cc13f16eb00baffda38ca66972deb09e907a265f5ccd3add57f8e4783df72a40b957458271dfb3c9bc7a4c0f2b0d2c0600a5,N,0,0.3020720801908516,0.6979279198091484,true_shap_primary_holdout_sample
10638,b67e1b8f834f61c376f016c4349de2927c78b979032357382b05c418f2e4fbb4eb86865dba44a578e86115a6ec9cd1b76717c1250682fa368fc06197ff752586,N,0,0.5015549295448531,0.49844507045514685,true_shap_primary_holdout_sample
10649,33592b0fc52a7e14b7a4d4280fdc32fa717dffca0ab8b49a03dcdd6f9145b67d1690d019f0d33e335362c2f4c80ae61204b21fe573d76dd171ce7fab18daf311,N,0,0.8921259387712278,0.10787406122877219,true_shap_primary_holdout_sample
10651,06788e027e59d7ad3df5bc02f8eda81c8347b3705aa12b7dcb5ecbd4b2392f7587ecdcef75db97b4a20d7969802b264343f3b4f0a7f4ab06146c5c40da3f4924,Y,1,0.9442385140063304,0.05576148599366959,true_shap_primary_holdout_sample
10658,5310b04039617c1763515fd9cf2e2cc824a3f8cced6d19c60dcfc2172fc28bfa48a2121e9c336b92b47929bcf1b67f208f9a522f88350e7bd21cb5d3649e6555,N,0,0.6892635132269934,0.3107364867730066,true_shap_primary_holdout_sample
10659,f65032800d90997e65eea8641ac18268139a171339d1bf28a3f3f13e357213de749a4f15fd2b776f26d27dceddb65acf4124b5b6eccdec6b9592ab4e305b10f3,N,0,0.20050990878108443,0.7994900912189156,true_shap_primary_holdout_sample
10674,76e4f0481680e602f04d97f117ccc2984ce01235c5f7721644850a722e72d2e18d543d748758878ef529b8f2520e969a7e7ac8867efaf981d322c2fe830fb093,N,0,0.830072765129561,0.16992723487043904,true_shap_primary_holdout_sample
10684,98b7e1f11817ac952436ea01a2125db9b494e01989ec1fa8193a0709ad49e37f3b974df3b0a4eecf3114875e22c35ecd091ebfc6528f0581a9889a9cd9c21061,N,0,0.37615632437811064,0.6238436756218894,true_shap_primary_holdout_sample
10696,9bc1d49146dbb0b865e804d3d571f1593ba389b9cfa5910e5cc0f70be37f5775f99420c237ab26d47c2850ba15722a7d2ed7f4a5e08b71aca8eeb03fef099db1,N,0,0.715907496731924,0.284092503268076,true_shap_primary_holdout_sample
10718,350ebfa20e3f6932ff5171590c6489d3e8bc548ece8ce217d5a66ea9f6b88ca77da8e819eb1b8237f759b119b23db2dd90a94aab904611094f3e21b7e44c77ba,Y,1,0.6661555534864194,0.3338444465135806,true_shap_primary_holdout_sample
10758,bc2f48ab4d93895df1dbf6dca33e043f2348433b356c7a44342f2234f23c4bc0e77cf9de64dea47f6020eede1f9359f1dfb60c922693c1aa7b0a7e2ef6957291,Y,1,0.9760736479874943,0.023926352012505703,true_shap_primary_holdout_sample
10792,95ecf008681d6ccacf1f55abe7924907a5a373c6b286a629328d0dceeac5039544c6861f3aaa9349e2965d7cb92faeae63b0281558cdb4a56e57efb1f20d67ad,Y,1,0.9632679839225066,0.036732016077493435,true_shap_primary_holdout_sample
10794,17ab5b20fe2ca94e15cd8ad35101739a01678e9deee8cff32fe3ea6d65819aa89d677a073516dc8026c6630c53496e27d814c019a018154dacc5a93a6179b02b,Y,1,0.5384787639516325,0.4615212360483675,true_shap_primary_holdout_sample
10799,ca726e9266d521528f329479462cb8572f7f4e908a0e6d46324ddd2ef57f2b22b2cc7311de5d77d2c6e78ded4ce554c201f7b521d35e849a782c4092c69db10b,N,0,0.40603063284342,0.59396936715658,true_shap_primary_holdout_sample
10803,e4b1098afdf26ea0a5d942872abb88815380047dd0e17fe0a2da8f36f4248251bb479a9dd6aa870bf9edb53593bd6551ba4a25f365e4b1781b14923fdd86ed12,N,0,0.6820041201721333,0.3179958798278667,true_shap_primary_holdout_sample
10826,01b51b1b219163121236d1cdb6d56a752b6b4b1e0c7fa27ac2bd2b147d02fe991eeda54ad32dca50ac69d714c99f85511346d24d1783a372cdaecf2760198f75,N,0,0.48659118018871994,0.5134088198112801,true_shap_primary_holdout_sample
10846,ff9660e0defaf9548d130cab00a65c573833581c6a7fd218ba80789abc93746205574e35f1e4d79df39f2759aab913b19fd6cc9af7c9716e8d4c2f6621d81e59,N,0,0.4185687586437667,0.5814312413562333,true_shap_primary_holdout_sample
10869,201f52561f316d8e244b87b93f7763b6fdf043f9bfc4ab995544025c7692d1dbf84c48727613183983094eab697bef16137678a4ce225ddd939750b8126fb8a0,Y,1,0.5916065359704648,0.40839346402953525,true_shap_primary_holdout_sample
10887,5625d19b35f2f293c1e6822d071b2f7de5cbc90ce37daae2f8cdb5a8abad185b861dee6812febad1a58094492449826320a5d1d0975a03d074b2927d8999ced6,N,0,0.6399647045969614,0.3600352954030386,true_shap_primary_holdout_sample
10893,ba77cf6fa742eb6800d94a0a8dc9d857312f8964d781314790d70e30e8e827a3ea812cfddae62c4f7d5af4f2da51bbd4efb7e5713b2151f5af6f7a6f678406b9,N,0,0.22583177420273193,0.7741682257972681,true_shap_primary_holdout_sample
10894,9b500be18f654b1b1ca570450c02f878817551b37b5d47d11c0b8e18c25ac3aecc0315b3bfedb5ebd4fb5d24beaf93e1092296bdce9acbc2a9cac2015139333e,N,0,0.5428925702864692,0.4571074297135308,true_shap_primary_holdout_sample
10908,f906d8b2c6374bd6c2b626379d040a29635782a9f26a8c439fe6528e44f214b2f18c8717a73c705f682609cf9641e6249a63e712759d680d89d8e82d17d281cc,Y,1,0.23530790901670828,0.7646920909832917,true_shap_primary_holdout_sample
10913,e1d872bcbbb140a53e03eaebfce8b3c193532387fce67caff0da93db1002336471210dd138f420e3bec06a6d22f0b8cf52bde208ae671b111c50284c45c7dac3,N,0,0.6051100323011341,0.39488996769886586,true_shap_primary_holdout_sample
10919,91a5020e03f02af899fe5b925b23a67d5f604d20a76ee759ee3aec1032704fed006fbbac2bd196ac83184293d3a901216640cdcaf71ccdc714a77ff3c31fad61,N,0,0.9370456936124305,0.06295430638756949,true_shap_primary_holdout_sample
10932,c1aa38dfd60336e49b81e6d1b75993a6fffbf6a9bbfed10854b4e5d2a8faca00aa0b0713f014b6022902ea9c25c65d55b44acc06bb45b8c2e2af7b92b2925ac1,N,0,0.3155576967467304,0.6844423032532696,true_shap_primary_holdout_sample
10937,9a211d614ccce4f6fdf19f7a89eaa9f1fee3ad1a1b4ac16d3a4ab7122fb8d8a8442c7b42a2d5c95f47d2b6095fa0c5a2f50fe0b3265dff818b09e9ce2f354262,Y,1,0.6640014676488007,0.33599853235119925,true_shap_primary_holdout_sample
10941,9451cfd792d62e5b753b26b1cacc5e9defd5f193d51bc2528de1a1c1ed2dde1d75839f83d38d1eed583400b76fe55f6fb3ffc8d84a248aab644252c64299a619,Y,1,0.7662699130215452,0.23373008697845477,true_shap_primary_holdout_sample
10977,eb378be20e001865f8badd491ba31a7d918bdcab4b56517f9fc78d74c8889b01592ffc637ffcf2a0ca35037e0c938800d0296bccaf038d689545ed57872d2a6a,Y,1,0.9824598553504422,0.017540144649557776,true_shap_primary_holdout_sample
10984,4f03d093cbcdcf44e38ac235980f4bd72ec32da84c5c16d77168ee166f4594095044dd7e38120380ad2966c713de7f3f68eb90db2fdd6d655e17cd54527bfee2,N,0,0.22589006926084695,0.774109930739153,true_shap_primary_holdout_sample
10986,f794173cd37f859b59579835413847a789fe7000ba14d28a2c65201ef9eb6a0e115a40bec64559d4c0e0b00e06af0558f9e64a70b7546050f3f022091433488f,Y,1,0.6468949047036059,0.3531050952963941,true_shap_primary_holdout_sample
10988,23488d2180c7b85b22aeb697ed93990c2ec38354ac8128e8a125a87b53bf46154fde311df13d106a894594e8841743a4edea745c5ed3d633ab6c092c94a2bdd1,Y,1,0.9885000161576266,0.011499983842373385,true_shap_primary_holdout_sample
11031,57cfc792787489a32e7195d128f8508b1f1d8fbb062e1774af226a270cb7d6a067c7090759c6600d966783ff4d208140fa62d67d4ca724f503479353b304c476,Y,1,0.9146478331130967,0.08535216688690328,true_shap_primary_holdout_sample
11041,53f54f5f3d18fdaae511c8f12f362412e356a05028ecb8962edfc25de8608bdc14c83909de31a806dc199bf4584a1d51a582764df9d3648ba30eff781330439b,Y,1,0.6371368647534358,0.3628631352465642,true_shap_primary_holdout_sample
11049,071ec5ba8772fdc46237953650595387f54614498a91dfa0c54910d8ee5ae132b597edd13780693a9e46ac7c20009f07af9cf95382fa015812f64fb6fc0fcd86,N,0,0.6661555534864194,0.3338444465135806,true_shap_primary_holdout_sample
11062,9a4d18d3aedc8a2be7f7948464a46f38182c3fd71a6728efe0d781be88deac2b178d5045124cf95c507986e8b1dc47d4c60d20dc664ea066a459d5b1c4c28ae0,Y,1,0.760151821521051,0.23984817847894901,true_shap_primary_holdout_sample
11063,42234a88080de464c227c8c563cca15c660137af2b22b9052ffc4e94e0bafd8282d7b9a5cf0806a07954abdaf100658e1da37b6503e46047693e119088963d42,Y,1,0.9797883139075352,0.02021168609246482,true_shap_primary_holdout_sample
11067,46316bf8ff60cc896ce8775bba5e3933a30f9101258f94a4e900d42108e5a20001088104e6b1c063660ea674464f33ac83892ba0c459f422a9adbdb4134cca04,Y,1,0.21253864822460722,0.7874613517753928,true_shap_primary_holdout_sample
11077,5f62d5966d905e69060bf08263eb7bbe854a538100c41c86a48fb3ff6137614d89b6f56532ced2c444e5746decc56b5131fa882401f1536e6db10217db41c2d5,N,0,0.39890579792724407,0.6010942020727559,true_shap_primary_holdout_sample
11083,3452029ff5de6051fe05ae2db82f0726ce47f0d5d68ba0ffde2bcd3edad9222917cf292f6cf17efd719eeeed21883adef3f7806161b9564c39cd845b5c5555a1,Y,1,0.8535842519973004,0.14641574800269963,true_shap_primary_holdout_sample
11095,8cad65ef7ea460d6b7635d70fcb036bb90d2f94466759deb1df2434edaec7737a4b7b30fdec0cfac09261bac1fa5a804fb90d05ba2b27a79d19540c1f758fd93,Y,1,0.9764757833798876,0.023524216620112393,true_shap_primary_holdout_sample
11122,09392ff416a76da1d1d417c1f4c2f5a2f8ffa985090c89c8df6d92d5ac4e731253a4f15da8cf15f63cca86a381228d49d6c94879260479ea4b827a849d51ecd7,N,0,0.15959570315188346,0.8404042968481166,true_shap_primary_holdout_sample
11149,b728a414dffd7b00c1200375cce1eac9aaa1cb3aeee209281d3711c0e8767554c3c1e15aadf7b7085c06a7c02f4168ce427f6de3ae856cc6b2bf61c9cb3c09a0,N,0,0.16830085606953604,0.831699143930464,true_shap_primary_holdout_sample
11166,55ab40204e2237455ba73c05119a7be3304d6850ccbdfa0617a6f1cd9c526ddc3d924ced15651e0244ce8fa73dbcc7db06d3e43ed95f89fceb3725ac833d8b89,N,0,0.5164752199399902,0.48352478006000976,true_shap_primary_holdout_sample
11192,4b02c464345f30d352f8b0caccec6688df924726970a7f18c14334fdb1976d47c2b78134a7faed972c0af1012e9d89211f1c39c73772458141bf069f53d8f611,Y,1,0.24278739609630823,0.7572126039036917,true_shap_primary_holdout_sample
11198,f297b35f29a8df822e3daa0c70a04694bd57aa40c780b03eefb665673b8ed71c556131f31b29fd7bf27e1912d1cd3d21d5e596573d73847fb7c757b2fdda0909,Y,1,0.9812990937137042,0.018700906286295838,true_shap_primary_holdout_sample
11200,7789cfde8c691737db213b9b9dd2c8fcb992ff27998feb218a0586c3341acc9da648e01382ceb9bac8aa9e090fbe957ed7659964d07c9876a7a28dbf374ff421,Y,1,0.476621032853293,0.5233789671467071,true_shap_primary_holdout_sample
11232,9034f00bc41e8c234cc9c2a281c478e4f328314ce88d431d65bf621dbc62a906708842351fb3758952a48e0b7b2f12334a3279aa62b758b14ca18af50d98be7b,N,0,0.4481118962945781,0.551888103705422,true_shap_primary_holdout_sample
11259,1c7987dedec35795e76cd38d920bb982b6102ce45b084cbc295b8fe223b3afebdb9ce0cdb2d7581accab527efa148894d3b0865ffb95e1f83b73563cde1b81c9,N,0,0.15496786763870385,0.8450321323612962,true_shap_primary_holdout_sample
11276,49d30625cc8becbe8ae3e41ba5406d0e2cba7247b74569228e9352fb4f31d27a224eb00cb212d4554ec0e4c802ecf81685dd5f20e2c2ffb8414d05dd8cd9072f,N,0,0.4501444500493864,0.5498555499506136,true_shap_primary_holdout_sample
11300,b78d41ffe6921e3270fa47d708edd273321fac81889ffc77be5865b90904bd32f16b92205465932884d880a867b4493d5a74d349ff85afc8a0519066701b9a07,Y,1,0.8953389204033374,0.1046610795966626,true_shap_primary_holdout_sample
11301,a624fc6e936e32666a150115dcfda9701e2e3a0df6b63e3a7b9bea1f8ec7533ddc8c4ff274548fbc2d33be8d2933f4932c7e23a7bcb20b4672b530a4398feee0,Y,1,0.864933978530347,0.13506602146965296,true_shap_primary_holdout_sample
11302,bc97d25362a8573cd0e5c64eed3591e1757578010bb4d5bb8188180b2b6725fc3b85337bc7bb5ff3c8aa031e08a4948310d002fd41c671b70ecd1e045bb035e0,N,0,0.24275098197759978,0.7572490180224002,true_shap_primary_holdout_sample
11305,9de8c391a90e1df0bed574f21b7a0931e1b99197637a50ccc50e5421b66030d81e6d2d62b507d992d020362b3c82d874d114970e8d3db26a7451d442f1d987d0,Y,1,0.5833780865620035,0.4166219134379965,true_shap_primary_holdout_sample
11333,95ed07c7a5fdbbb8c5f4d100e198402759606b09fa59fd2a8e3875542dee48fa628ea442ee719ad1c707403e494da7e356bab15cb1eedb2bc4b60957f58acad7,N,0,0.2817544825377451,0.7182455174622548,true_shap_primary_holdout_sample
11348,a05622e80240b8c691952ba0940de0bc1af88fb70c445174a6e97a82854b45879b1cae6c6c0623fe908c42e15013fc2eb931294d082fcbd47f4d95b0a9100636,Y,1,0.9396093604659207,0.060390639534079305,true_shap_primary_holdout_sample
11360,c0e52911bae2ddb40c13634a1b9c4c907cd5bda4dfe43a82f2f1b300834f22090b2f56c40359a71e8a9d0507a385c065a954fd4da84102dcb49db60da286776c,Y,1,0.9690707318185182,0.030929268181481784,true_shap_primary_holdout_sample
11369,3bac39c7058e3e155d5e85f62cb21ee8428db45ef2a7d2bfab1aa8193c95b4d8699b95e7d7ffb9dde8a0c045b68ff3332cef09ea9ce4f3ca7bf94bcc851e0fa5,N,0,0.1264466868670001,0.8735533131329999,true_shap_primary_holdout_sample
11378,78878bc0ae93243b3699e09ef5a5f3eb70708a8f9bdd98c80643a7becb30df3e3db257193649a5e52fd8c33d58a5eee61692afcfec72594a7b1c226a9cd4d684,Y,1,0.9883510433988835,0.011648956601116534,true_shap_primary_holdout_sample
11393,8b3dcd72aa172cc737076046a923f8e76eb3c243611e84573731f483e007b095d52a04939e967d35e7a9175408b3dfac73ffc145e6f44b413b53442630fe375d,Y,1,0.23474233935625918,0.7652576606437408,true_shap_primary_holdout_sample
11407,45f9ccad145133a482e84404c100c1bc875d16cd32550b079d67bf00187d24b75c005251fa2a7b5ac7c68094fa36649ef6665602460fa604f834013f9b26c977,N,0,0.24199726346500525,0.7580027365349947,true_shap_primary_holdout_sample
11410,2c61a1c88cfe408945960b0de75009fb3fd6a1a3ec765acfd98225ee109de3275b351899c7870c5ee1c9cfacfe10938e3a96e117150d5ec2995afaae919b3735,Y,1,0.7265578461536831,0.27344215384631687,true_shap_primary_holdout_sample
11416,7ecc6fa0175ce211c20e60d88d8873f59022142d369957d07ea635e6b67749b95e57db0e64c0f8f7b2d2689436fad61074f61ecefd63db2bb792e2e58108318e,N,0,0.5329861637982829,0.4670138362017171,true_shap_primary_holdout_sample
11417,03abe52794ab31cbc3a1e8f8ae815bfdc6e94313bd84b928a78b07f3c73960ae25bdc06f3da8e98c174ec651b60d51d2ca57a264d4f078e39b00b52ad7ffb723,N,0,0.23940610995977737,0.7605938900402226,true_shap_primary_holdout_sample
11446,af20164650e887d1c907698cf9f1e4e19e49e0217969e9d538d4d12034101e220f9c345924004a30cbb611625c8edef1eba9d5a70df332eb069a38f11698cbc4,N,0,0.6661555534864194,0.3338444465135806,true_shap_primary_holdout_sample
11458,623c452aa76dbe2acb90e8215360291abcf9afd1f70728e558b475a4723138aced59f510ef38df57a97343200150011015df75f4188062f44d033f6d9604875e,N,0,0.6742305392013034,0.3257694607986966,true_shap_primary_holdout_sample
11460,f1e667ad6019685f1786e8464b9f6e40b8faac467fa0c4c3dd909e8c8e734b6bc52e34b146a4dbe52ef156c05187d4dfeb1589ea113937a3c87e85fafaa6f680,N,0,0.7029175559286646,0.29708244407133544,true_shap_primary_holdout_sample
11471,bf6ab0f3e8201d4c4c8331c3bc733e83b94d1553bee17dd3b97a8b714b3cf88b660a6626a5eedd793fd4b9a4a3e2605c701008ee2a1edaa2ff41eeabda5dd6c4,N,0,0.4968573188410072,0.5031426811589927,true_shap_primary_holdout_sample
11486,9475fcad52e6a3bc5d0a16e1146ffc4a3d56eb860de1af9823831c90d1691c9c88088d743bbe0505f4a898bd34d2c4a73bb084613e3b55d12eecf4a845b30231,N,0,0.29022061157376555,0.7097793884262344,true_shap_primary_holdout_sample
11493,0258fd467c5765400d487d203f7c77afb597120daa9b1ede96e6a06122e89ea3120f1c5b6932ce435b954aab5da1999305ab7de84225bd741ee334c26ff1ce33,Y,1,0.7450679283140695,0.25493207168593046,true_shap_primary_holdout_sample
11500,bdc16e8efa1439355a082f8429c201f51b994fdee23ce26cf176bbd198df891bc5e26ed5b05a17903f4b71db54ae0b8dc83eff3260c4cca3055d30b4dc4ebfab,N,0,0.5328900319298825,0.4671099680701175,true_shap_primary_holdout_sample
11511,3dfad8975a9f1b618a1f5cc64e67ac7ce13abfc05cbe6e46b34414ee5c39749688cd47951f87f540cd05142f3f4df22ee0448ff051462364bc9f8a32ebd5009a,N,0,0.5176422133684779,0.48235778663152207,true_shap_primary_holdout_sample
11518,828d0fb5c1c1881f79472f56e2223523e1a161b91a8faf442d651dcf57f7581b4ae6f669b2437ce20d4a873ce1dfd898112fa11d2c24649f149afd4adddb4cba,N,0,0.38261957174314426,0.6173804282568558,true_shap_primary_holdout_sample
11540,75893e87955da3b6d01d194df8a3c9828f105d804fe9cd2e55c99ffb27e8ce4300c10229cbfa2e7f30a274908111f7fa984bdd522cb2a29eeed05b0a1a280552,Y,1,0.7150496924353572,0.2849503075646428,true_shap_primary_holdout_sample
11562,120716161e44a23c90fd4d4353b32fb9a8558d09fce0018e7dd0eb9f9efae7b022473fef55da62d357ae5b563e76af59e123e488f330794a48d6057699d4e063,Y,1,0.9342147275110371,0.06578527248896293,true_shap_primary_holdout_sample
11568,6163e3776c4429fa2d91454219169ced505e4d585a801ed8ad4642b59d8e5c7d40497435d848a7199d99cad8f8378e2f5d308f6126f5aa0f1762366678e9a2dc,Y,1,0.9385525602503435,0.061447439749656496,true_shap_primary_holdout_sample
11588,c0dad69fefcd5a163c5ebb8d16734bec9248a329afaacec24e479df6dcfe0ca3106661c844fed583b8f5a1170da05d7de6679b8885552d4a67daee9ec6ab1351,Y,1,0.9874094858745643,0.012590514125435659,true_shap_primary_holdout_sample
11596,452db347361cef9a24ac826e50a03d7e78970bb1101e51a58993cc08a6abb3ceff4a10e403cf0b837e7666a7acb03a9d55779fb5952b080a6dc323ff7e0b34b3,N,0,0.6528066179217445,0.34719338207825545,true_shap_primary_holdout_sample
11607,570ec7d5682062ccd9fc4c020cb0e88fcd4857de57f0f5028f3cbef2979b4b441ba2342e148e05a41d2b2d97f55adc082cfbc5625d6281106bf9727740d0084b,Y,1,0.816546745134804,0.18345325486519604,true_shap_primary_holdout_sample
11611,a5b82c0be9d9542bd95ae6ef0eda4d2cc1e92a069ccdaacae05c9fb1bec0d4ccd380a34c1826e5caea27837e9f7545999062c9a902468fab048fd71ff470aa44,N,0,0.3241692268657349,0.6758307731342651,true_shap_primary_holdout_sample
11613,10b4782ee7559227693dd4c5f00124592a8343b89cafb04a65ba2a0cac723c1761e986df94a45504eaf4a270d8e4620ca98c8c822b747f7b2a562c860157466f,N,0,0.1608196972444922,0.8391803027555078,true_shap_primary_holdout_sample
11661,1d1a67609b594c8530b3e95dc339be69a1e65d309df839beed3ca029e95e11ade24a4696f5eb53b86568388970412e71c9a74ebe655d0262e44f2543645072a7,N,0,0.7042199709896817,0.2957800290103183,true_shap_primary_holdout_sample
11662,faa97c25695f27a66ad253c42e0e3ed750a850e3c6e29d7412bae40832dc0e6a0c4f4b25db1259ecd777b271b98c565cb204b43c3c379156d0d562e931007819,N,0,0.2409090356802474,0.7590909643197525,true_shap_primary_holdout_sample
11668,e0118a56bd0ee037cf8bc7880e4e348febf5e565dfccc719ddb6efc06c629c08e0f217295dd379cda3d909cbe5cf386f763aafe6cf7d36904e90d543067a76e6,Y,1,0.9112057785070736,0.08879422149292637,true_shap_primary_holdout_sample
11678,397215b905c28e70e9461217bc9d9daae8510ca20c1004fd6b0c381b19fe07c396793edd92ce794b3073acc8983660e08397365abcebe46f8a29d1a7a44f87ed,N,0,0.2076293955854139,0.7923706044145861,true_shap_primary_holdout_sample
11697,1ee90e41a8aa2a0f429bc0b12b001c2aef134d1bfba9f5bbb0e83e0f130b48af963bcb7c4cd665de8fecab563ff1f40d6d79cab3881b3e8c492bc991aa08abbd,Y,1,0.5451436068898206,0.45485639311017945,true_shap_primary_holdout_sample
11718,07d13b64da3e59e8ba3e4553739074a9b9db03b7e8393aca01edc580cf8c8fe2ceaa6c5e08f8334f628185f401cb087bae469adbbe55ee03202e446f580d3722,Y,1,0.5420876199634305,0.45791238003656953,true_shap_primary_holdout_sample
11764,db4dd49ebb17d7685c656518624b9cdaf882e93b48683ece505579db30da847ae4def7fa09576be65ccf45beafbaddb8a657cea680ac71010fd9c1f8a548fc76,N,0,0.20625966491298686,0.7937403350870131,true_shap_primary_holdout_sample
11766,d9c046599927ea0fea1e20057abc7f11018d4e267dfb66885878b46b8f3dfa416b79a06a3ae0c92756880b661434296b20d0ba19a1f8b376c7b7ee8d6e7f0c1a,N,0,0.23443697444962594,0.765563025550374,true_shap_primary_holdout_sample
11792,2ed185adb1fc10d7aaeca820853ed18669ab2c1d039ed7c5088053869b78e9ef9c5059583cb9ef9626406ab0c7f16bb765f4955337d17a79b115a26926029633,Y,1,0.9342265650553853,0.06577343494461474,true_shap_primary_holdout_sample
11797,f61c8334600c571f770d28ee0a5eb458c1e23319c22a0e1aef2b02a3b50b48b1ba2b51919e73b1c92115be9c4de4c60699f5e2428b677e0f7fa9c2facec03634,Y,1,0.49383110193931207,0.506168898060688,true_shap_primary_holdout_sample
11802,6a555bbd9a425c0b8f18e35e574c4da42564d6b936720e3257de9c36805edc1cd4e0bf7dafc72d564f9176efef3ff805374615f966ad49e3a7719b277483a7fb,Y,1,0.901016791178258,0.09898320882174205,true_shap_primary_holdout_sample
11815,be30f8dc36f1919a0028342e24a2b13150a2dd5d409575477d9d997c6d976ee20126ffd024af50462fd6dbdfeafae70d8b6a94810f1bb2cad7e0c74167a360bb,Y,1,0.9500090698912655,0.049990930108734455,true_shap_primary_holdout_sample
11817,106dfbb521df329a1a698ad369c676a6b342be6538c3218a40178a922c7748fdfaed01f9e5332320e7a6f247308020694d46d778cea701d08973cfe00cec4e6d,N,0,0.4634414880583327,0.5365585119416674,true_shap_primary_holdout_sample
11818,f13bb71fc24f25b7a55211102de455c44fbf37c4f9a5df938c492b0614fafcb99e71ecd0e2c2fc3443e457bdc46985c6fde000dcb7c5c9c160d599636e4a7792,Y,1,0.9831815980919905,0.01681840190800954,true_shap_primary_holdout_sample
11820,837d22c10f4bd8c063cc51aa8f596afc8a942f87b1f52bb4593819fc7aa8c4f9af043f006975b49fae15dbebb7d0d1919f395163c67c17e4eef5af01e0d7ce44,Y,1,0.6661555534864194,0.3338444465135806,true_shap_primary_holdout_sample
11833,6ccf37b6c006ab6cc17e52dcdf72954724a5946b3d3c837b93bd503cb9b133f91281cdd247e7c7a627a5827fd2243909119efabf60d30b1897c1b05fcb5671ed,N,0,0.4607686236162735,0.5392313763837264,true_shap_primary_holdout_sample
11843,785863a84e8988bfa2050d69969997130e5629b90fd8c63cdaa6bdae2da17f0d6f158f9a82f20173fe97108700bd733c7f046788d99b84611efaa12884a63259,N,0,0.38281263688384515,0.6171873631161549,true_shap_primary_holdout_sample
11865,ac9027baad9f6d677e343d40cae4834f2f475751bf4a55692dd0c77481b0005605960257d8d53e7effa0569d8f297452012b46a85140ffb6ef797ca52ea32e86,N,0,0.6347206273570858,0.3652793726429142,true_shap_primary_holdout_sample
11866,7c85388bbff32a36df8de4c137fbfefa1a0b3059ca2add3aa36cb56599f699948036997e941bcb400f9e54d56b076938a9729cac7c9930c6cf9c5509af2bfc09,Y,1,0.5651322027419271,0.4348677972580729,true_shap_primary_holdout_sample
11876,38da09d100db339a74b92ce57a51a5f7f2e7b1b1dff6764e55519f1b84155491453b5f566c55e796815041c04a5cb07ffbb83381c6fe2588195785a49fffaf68,Y,1,0.9535453122203854,0.04645468777961459,true_shap_primary_holdout_sample
11897,3c71e0f043cdcf489772b295c5bccd8e2fce0867a6b316744370282baa0d42515df9200816cbfb5492f5192d1262da272daa6adbf2466db3130fbe7e8f5cf093,N,0,0.16143101006052657,0.8385689899394735,true_shap_primary_holdout_sample
11941,8a9db9940887e4cce6e4ba6b218c4c68a967a3f79e056e0460043adb6a0ddcec7edfe0b8e4b240f00347cf7d8e05e0efe297d5a460e695dc8086f84a7045bc8e,Y,1,0.7930411405657039,0.20695885943429615,true_shap_primary_holdout_sample
11961,ee10099f4c10ea43ffdfe9157a91daa865d6db254d67771a9d6510d440c6eb798d1360495b7f007eb20cd29ad1119686dcfdcb01c7c3465cc61ac29f4f372306,Y,1,0.6661555534864194,0.3338444465135806,true_shap_primary_holdout_sample
11970,df460d8c49f1e2946d5ba159c02e8f16adb170d732ddf11086f1cee3b7c61b1f791595a05dbc06d1ceddd53f02d26fa01e78192130555c1c2c059065316a2335,N,0,0.6661555534864194,0.3338444465135806,true_shap_primary_holdout_sample
11983,f80678773c652aa2d4e0dc16ae74e827734f97add0bd03319e36f7afac2df292aa23848bc8cfbeb20cd1a2fa15850153b553960fdf4f471a68450c80f71f4e8a,N,0,0.4309101080550707,0.5690898919449293,true_shap_primary_holdout_sample
11988,f1851f9566945b39eb929789f6b4d5167ef01c6f97f37b090baaead9eda30fa61805fc6850fcdb539e331fdd84faedcb905a9ec88c0b0a42b7144bebddb955b7,Y,1,0.9834799954196749,0.0165200045803251,true_shap_primary_holdout_sample
11992,00670ae6011962977e8d8d32fcfffb1c880d80f551caf90cf3ab3710490b4d01155334440f2cd51cffbefbbcd15d02e0ed8af564969adbcb81677c58371e0897,Y,1,0.845153061309488,0.15484693869051203,true_shap_primary_holdout_sample
12017,a48f33808b46804f6e8145a865ef4d511cda09176dd65e516c7283646c642fc67e03ebfa1199d24ae99084fb84a18fa5555fc7c00e98f782d939e4843368f369,Y,1,0.980416008324572,0.019583991675428014,true_shap_primary_holdout_sample
12032,40bd0323b57a3535ebce3d429cdbccf79478e55336befbb8198934ee41e9de6f3a87137032e52d9bd1f48a6eb06895d95e2394f1339d41fcd73066d1862ea324,Y,1,0.9869979095633483,0.013002090436651681,true_shap_primary_holdout_sample
12043,4794e56d487ab6e411c7cdaabece037bafed57a252b29c12bbbeab34c2ddcd566369d55e91eb9da445ed8c78d3d9f0925b1633d7dfc166d30df98d92cb72f31e,Y,1,0.2279698508757018,0.7720301491242982,true_shap_primary_holdout_sample
12046,3d5169a4993f4cc6706bb1ac1db5c8d2a225caa85553078d20a337dc4ba78f1e07db99a50c706d73d7b7d2155b8f3d43a83c4bd80d648483dcac55ecc0fe9822,Y,1,0.7862559237984155,0.21374407620158453,true_shap_primary_holdout_sample
12077,c6932218203619ceed2adffb853c24e3ebe495b38777377f37488053c0ef0ef33ed42fbe00254affab2ba9c779a50bd19c4b3d628fb2b3f2ad67ad2a200e9fa1,Y,1,0.5157424302343503,0.4842575697656497,true_shap_primary_holdout_sample
12078,110ad579268828a0fc0001a69719c0df752a6b382c35f5c2e1ccc8dc5fce6efb0bde60b2d688a3f88d821cc3671ba11bdaaf47afe1aefad5d4e24bb53be19467,N,0,0.9832759179128495,0.016724082087150483,true_shap_primary_holdout_sample
12111,c4ed81e141e072a2479de16f1f605c7ae736c86dd7decf8e23dc644c80af5b64eca0f4330f63a52c96c45ef695231b8443969e277583e3fca40f4cf70168b959,N,0,0.2934686131880187,0.7065313868119814,true_shap_primary_holdout_sample
12117,331acabe72f378abb20a5dba1f0bebbee0f637d2e036332a0d5441e4e41e5bfff24942df17bbfa51ec3d16b5b845fa413b4378862c77ecde1eb4335e841e2eae,Y,1,0.9684484384344056,0.031551561565594355,true_shap_primary_holdout_sample
12121,70c7c674187794bca1d4dd7693e361dc4274f46344d980d415f2077f97456fbe37f1fcf86d51a584df7c20bcbf83cb0a27ae594bf2d8f86d4746455c9de577f5,Y,1,0.21097882887248354,0.7890211711275165,true_shap_primary_holdout_sample
12130,af959452ac2183b45112a4b9063b7f177c78e2ac0cba2653980f18b97794b4dfdd4e1cb02e92c1491ef49cbe5ebde00d6faf730ddd967db41fcb0135cea4bdcc,Y,1,0.7230459915657376,0.27695400843426243,true_shap_primary_holdout_sample
12143,84fd26787ae6a4e02b616ccbc35891cab28f13b1ffd4207b92646e802f451ef641e38b5558abba229fc9bb6b822b6db03f3a1660fdfda8afd14b8d4c59da5968,N,0,0.9567713005712847,0.04322869942871532,true_shap_primary_holdout_sample
12150,618f5a8db31c320ca97ed154c53669c7a8c9d9fcf8fb32f5f311a353da799434477681ca944dfb758bc44f4e7846426fd5ebea73754bc545d3d678cdfec82e83,Y,1,0.692209221223607,0.30779077877639305,true_shap_primary_holdout_sample
12151,947e7e9025981036b0adbf41777f96d0458625fcea327040c88493668a871928f999c95b3b4cf9d94760815ff83b1c66ee3157c7a75596bb23eca66bfa49dd66,N,0,0.15748888831170932,0.8425111116882906,true_shap_primary_holdout_sample
12162,e87964435f0288a24568c437f28a981963a61b0d4f121fd459c4e5b97b5aa703f2ee30175cd8a527ec2d30cdb5fc1a87b3791a6f64e73acf156d44e03d842f87,Y,1,0.6171990219679149,0.3828009780320851,true_shap_primary_holdout_sample
12173,2571d934f06b4a84ad7a0ec557013a89fed701a741ac49432a815dac9b7d98e6fd29d41bb89a2b44c91b3e83197e3bbd325d0ccfa94fa5f1a0afbd06fd077cd1,N,0,0.531234763339326,0.46876523666067405,true_shap_primary_holdout_sample
12183,b3eba9ca80a2a7f7bd87ea607d62cdfcc3ecb5f3846d83424a03ddfc7aea57d56e396dc493a35bfc8d88d7def70867a976a2d9eca66e3c01dc461fb8f9fce77f,Y,1,0.9865842569514687,0.013415743048531326,true_shap_primary_holdout_sample
12187,05e3e00b707b2d053c74df6bac2ea6a3a3dd2d3c5d915a83a02285a92b7b9f6480750d9603f70bdd182ca4fc519233f28dfc4921c3528d1d256b460d23b66e9b,Y,1,0.17391016344491944,0.8260898365550806,true_shap_primary_holdout_sample
12191,ccded39f7a85e4a3e70532d3a07480e0fb8ce8ef8195f3ef7a864ea641f5f18923dfdcbc8a01965f602d2d2dd51e9038809dbf9584aa2267c0518d063a574996,N,0,0.22427898627531437,0.7757210137246856,true_shap_primary_holdout_sample
12192,efb40eebbd65f0c0f2306f2e296a97dc4019ffde98b0db55855feb9095515da0f081cbe629c13c6af8425e9e478cc292b55a76d9e6259c9fe24092b00c273b81,Y,1,0.6918855048864601,0.30811449511353994,true_shap_primary_holdout_sample
12200,927b9c8db63a3d34ea5fe3cf143664a917f10c96713e7ccf83ecc28bfd8672a9fab236a11faba8b45cf67c0693121772a01aab2e0a1643e7f6de51a402e64c0e,N,0,0.7500843689257072,0.24991563107429282,true_shap_primary_holdout_sample
12205,e3032bf510e7f6549c2422e12c17691b9529f3532e5769f0114e575a9e49cc09fec2b1fea8eaf3e04a6935350feac016801e9eb7bd6984d06e2dca9eada9b2e8,N,0,0.3617407434044247,0.6382592565955754,true_shap_primary_holdout_sample
12211,63a209138282b7e5760a4ae7bae2c8b14f0ae77c35992304c7ce480b0df51814c9665a600aa66e57a97dec55e66c1f880c81b5d33f47293b48d22cce56b1cdcd,Y,1,0.7929962127668929,0.20700378723310708,true_shap_primary_holdout_sample
12227,34197140d58c4f9ab2eea73bae4c758463a95e695d150150928dcd66a4686d44e00f8381ca54edc4aa990e8b2e031ab078b8ef662d17e22e63312fcc91794507,N,0,0.6408309192842535,0.3591690807157465,true_shap_primary_holdout_sample
12229,307f9741296764627c921193815b7a1bfbefab3e079eaf3789f4609d471685a2407b46b266c95be63f6612a200bb0da68a32160f86ff2da8bea4ab2701b6d078,N,0,0.7867765262178245,0.21322347378217554,true_shap_primary_holdout_sample
12258,778f7312a08996230b8604d2f6b11bad149e28141f30f0c260c949e9c259f7a394368216051be596aa4e55e600c135a915f12a1a5e4580a1a136aa8505ae2a64,Y,1,0.258915419975269,0.741084580024731,true_shap_primary_holdout_sample
12268,1af2dc2f8b42db19525d22b18aab9cf253cc32ae8d62f815bc7c50b68589fca2ef39ebc6b52830b80fff68398a2ee85ac6bb8288c338063dc9f97a998e47b22f,N,0,0.7124995123924659,0.2875004876075341,true_shap_primary_holdout_sample
12331,8ed3710af0452892e2bd6a57ef171624a99ed55272551b1af54e16bd61504195334ee603d1921a3a3fb99ca964d2768e8d5585c9faf9e6f9985a65129377a6e2,Y,1,0.6169065732903698,0.3830934267096302,true_shap_primary_holdout_sample
12339,c2fc2b542033d6386b883f31f5d76943059126af6c5ccb21547af1f3cd52d3f793375bdc1e31bfc81deaead7db99819c5863f6ed6eb04c379ce08b881a8a51e0,N,0,0.1774163645867928,0.8225836354132072,true_shap_primary_holdout_sample
12354,df4730a323d77087dca05171aa6521669bdd2a97ad0a27c967fb5e86d3f90877ead7791c9a3a00ce86070d66cf299aa0c7b953da9663e370fe2deb572d84e7b4,N,0,0.3476902451215722,0.6523097548784278,true_shap_primary_holdout_sample
12355,368471bfd8710428dd6ae7821542f70adc6b908d30fff224fcc8fb4de8f675eac0785a53739d14de7da4129b8b5a10cf4cf30a977c5418f947e4a95ceabeee71,Y,1,0.3719648584893108,0.6280351415106892,true_shap_primary_holdout_sample
12363,3a6950931e4ef386377f6a03c44d775ffb1869276b38a6ef0f35ec632752dd1b6aad788ea4802ec35e8ea853b40437e18f55542f738857df8e27253cb24995a3,N,0,0.3523022130867926,0.6476977869132075,true_shap_primary_holdout_sample
12383,a8af9be6591956e225812f9ccb2e9d9d33bffa8ce860cab67c6a531e746a2990309982ce44e6d7bba8d966c2bb7dcd0fc3fb18918995f0c4589e91fe7c3e0c2d,N,0,0.6593353683332327,0.3406646316667673,true_shap_primary_holdout_sample
12384,56cfe9399ed89570a2dcc33630fc86ef921f2c84d2c495e5df3ca0656deb495a6e7c98702edb2f17154f8cb0e8ca14031dfa293ab061f03e5aa3b3b71ba8b751,N,0,0.22104775599919307,0.778952244000807,true_shap_primary_holdout_sample
12435,1aa63129628d64f3c8aabb427b62e6f9e11bafef6d0d4b547e87847685831ea4a5422532fd05edc43844b763f2d8d7a4384fe329a3449acc5fdf82e1ca54aa9f,N,0,0.3483688671972484,0.6516311328027515,true_shap_primary_holdout_sample
12452,0626b1d8bdf827ac0ecb71d7df9ce773d90e9cc148c0e082cf60addbedde7c5c1244a2bae7998cf50cc8403abd647d565f404da7094e5dcf13f283b1846ebd9b,N,0,0.19612508244958554,0.8038749175504145,true_shap_primary_holdout_sample
12453,baafa1f8bedead6b75f4b07522d7fdc8c4001b61260ad544bdf75961615288435b4e7b7158e4342d1daa0fbe2ff7c27ff180b79d10f412c86c8031b8db9df322,Y,1,0.9852501837365529,0.014749816263447069,true_shap_primary_holdout_sample
12456,4a11308736aa2aa43c57689b5f9fd483d4a8b323726ad19f9cbccf39228a993d997db65fd3eee3f7489d18f4ec91acdcf3e91a5baf9747692064ab93ad4281ac,Y,1,0.9860428501882805,0.013957149811719471,true_shap_primary_holdout_sample
12467,0eafbdc6ef0f0bb1193e329cd2d0645916bd3b9fa61201b605a4a954d34285c41ee59fd120540467314e130028bdec95c07d0c8af6ec17a5ad487cbf597c9b6b,N,0,0.669923169498182,0.330076830501818,true_shap_primary_holdout_sample
12503,931e1675d31da082cbda4f128243677fea0f8627a25ed6bc43e4fd9f4a606aedcca113621aef543d7bb38e71e4efff3e9df9355edc7fb42d6c2e5026a581e954,N,0,0.5651322027419271,0.4348677972580729,true_shap_primary_holdout_sample
12577,376e373be6d91ca431f25927502414833a43acd37dcef163d58b576bdbbbf9e8c7989c5519a9b1c1b97190f742a75d86f72d0e17bd6bc88a5be6d2e7679fb602,Y,1,0.907779804407984,0.092220195592016,true_shap_primary_holdout_sample
12588,a1b534cd98035c40db0699c2103af595e6c461e3b182ce2e63c5fc768b82b610b25202af9a78314f5d9b2db0e206ba754d0ba420252fa81b8020cba728866100,N,0,0.46987028036130984,0.5301297196386902,true_shap_primary_holdout_sample
12593,e482d642671c406f7936900af9ccfe517bbd2c93740ab8cdaffd398f8d0f247189d8b71dcf15eb6f22742552a6a9e05d7422fcabaf82cae27cb16be0e08202a3,N,0,0.20511295536356963,0.7948870446364303,true_shap_primary_holdout_sample
12607,cf5d2abe99692d8ef885a9b9adb6f34fd62fdf544576c2bce621b5ff39ac8c533820964cf8d92cd74a5ad9d2d99504edaa52bd7da7b60b2e7bd5715bb08b4cc2,Y,1,0.2119410775916483,0.7880589224083517,true_shap_primary_holdout_sample
12610,b79498c2e802b0762aa7593cf830e8761e3b84d5f300722eb425f11514f63023a0950103a636a9ca755f43bfd142c1c692e36ac9601c341cd6ebd17b51d2cfbe,Y,1,0.23441178727789916,0.7655882127221009,true_shap_primary_holdout_sample
12632,fa6f410a8b123d076e0cc8746075200cc184f6e72ea9c6a1e9dbd51c51fda7190b5505765b4525428863f943439c7a7e2946487ed9c5edfc786b5b529e6649fd,Y,1,0.5437152450209872,0.4562847549790128,true_shap_primary_holdout_sample
12645,fd49b4c8a1531a69a6a6abcd093212d1e3e9ada1fc6a98441f209c6a4fc1a2e2d457a938b5036a6a9cbe66ed4518551706905759955870ccf5a0e2846a2cf60e,Y,1,0.9702916934879434,0.02970830651205658,true_shap_primary_holdout_sample
12647,c60b55b8c31634fc94c882e2f61b702f14515748ebe36834c2781a492dae6395666b514049dbdbeb5797eba79a0bc02e8331bbc852cb3fdad83b68ca6e23a990,N,0,0.4688185769429508,0.5311814230570492,true_shap_primary_holdout_sample
12650,2f3ad216d4ba5d11694cb309a2ba438a9e38074a02bcbf694d4e1913b29e0100141829314730da43bb91d5f8914f86bd7dafe1a631dc56cd20ec5e1c12c5a712,N,0,0.3900912664642066,0.6099087335357933,true_shap_primary_holdout_sample
12657,deb8f7c693a60ae836e7c62a7c99c6f781329c49e6fd589be6be6bd7f1e7ca6a52ea7b64b232d9b3659802ab2097fe422d0584a3045ee0d4f3e0d4b4f53435ca,Y,1,0.9809308983212497,0.01906910167875031,true_shap_primary_holdout_sample
12678,4797a2a56fe9ebe16ab9201e9a2f89c3263f0db4fc94065140c606297221306c05279cc89c773eda534debad9e0b0aa889a229eee0517319cacb242fd7235f5d,Y,1,0.4995446958384107,0.5004553041615893,true_shap_primary_holdout_sample
12683,2c6ade3b06bf0faa2d730a0679a07a25e3f49679538d15a962fdccc1699a5500d1cfc33baaf243ee1866837f71b6a700f79e4267f5d4d21e6e7b7ff46d0082de,Y,1,0.9824454929706594,0.017554507029340582,true_shap_primary_holdout_sample
12694,e37da41e468d92726cab5d7920c7cc66339ad59597697a4e95635767d2ddc7290105f79bb1c26eb1b257061e9cd800405e9332b0e3914eb5a092e015339e48ae,Y,1,0.28927525620826144,0.7107247437917386,true_shap_primary_holdout_sample
12698,6db6cffaeef9ecda71e5c0bf91986a843627d700ee244b984995f072c91cc80bc00fe1a57b6a2c2eba63ffb13521c1f90236ba9ddc8c3cb34ec485a6b2336147,N,0,0.5327559937029018,0.46724400629709817,true_shap_primary_holdout_sample
12700,99a56d9563a60dc16b8dc1970de5a35883f9698b0a22c0f204f66f550928ac2c7a8dc6f8037027b1ac99c1f7b895486f02a29e4680673a061e369277ce421911,Y,1,0.6958068199834962,0.30419318001650375,true_shap_primary_holdout_sample
12713,b9ab14f7e77d502c72f94f18ffeedee4af18c04e644dabe93e7014ecb7c5d51409d2966d8a1f0b59e189d0d6fa40f93482f12a73a8299a9daa4cf593e9936904,N,0,0.16200139330670277,0.8379986066932972,true_shap_primary_holdout_sample
12715,ea68c5409586ac5deae9e0d7500a99b5992c68742f44922b1ccc19ed6d8ed712a51c079d587b6968ef1e9704035e4e2c25181f34e8b99b03ae0672fa1a4189ff,N,0,0.2108647113374311,0.7891352886625689,true_shap_primary_holdout_sample
12721,55511912afdb5bed6b3291b1b1249b7b60e38866bee5679fe037708dd9898282256fbae9d76cf5d865de12bdeb25c5cd27ab032d8e28442d532182689968d377,Y,1,0.7409193184026994,0.2590806815973006,true_shap_primary_holdout_sample
12725,483d57108330c0bb5702e03238546c75ee166a32070a72dc7cdf1e1f238bbe3d728a17fbd4e6df4f8d07396b9db798da1c6fc0dc2a63fba541cff189be1e2790,N,0,0.5257111068114927,0.4742888931885073,true_shap_primary_holdout_sample
12743,b84b3a952d66ba7053cc0e85a5f3c36f14fedfc1b3e7d91dac6bb0fe56ec08346ab6911b85a900bb6d5e9578be4cad38da76480b0f2b22f7442db0fa80483a0b,N,0,0.5705440436131736,0.42945595638682643,true_shap_primary_holdout_sample
12747,1a60a2872163611d91d719e2bafca5ac298ed42753e8a0a37dac50df268b80eb54b0607d4ec86c3d7885ae620c7aa8273371a5c2df89ebf46e150af6860f4844,N,0,0.8953837044918347,0.10461629550816531,true_shap_primary_holdout_sample
12748,9b1931d8337b25c637fec121afd207a3ba97107eefeee821ed52cb031844f11e04e8ad603b2a42965d38444880c53234510ab38fc032d43a89cf893fd66e74c6,N,0,0.5119949667839753,0.48800503321602473,true_shap_primary_holdout_sample
12750,fdd36f5103d5013bc4fc0660a05e067578a76b2cb66a831e19d015a86e0388527ed59781076e23bf7c324be07a2c65bbb86ffddc659c9469a7267ece7f72b6bf,N,0,0.7836898457074182,0.21631015429258182,true_shap_primary_holdout_sample
12764,b7edc834868c2b48f6a9665de9df5ae3cf533c2443d56117e497f28601b40b2e9a2dcb65ca3d2add6225eb58ec4e519579bbb241cfa366e3d7e7f4cce3ef11fc,Y,1,0.9213988401214278,0.07860115987857219,true_shap_primary_holdout_sample
12802,237194ce0158041bae65d86e70951c356678c070577de11ebf4cdf7ada735de86384c0b878b4c0ee9fb1446daeda5e5e5ef882c91dba2aafe48f2dff632c3d92,N,0,0.21832251780022013,0.7816774821997798,true_shap_primary_holdout_sample
12817,d22b928f9347d22bb774fb6f898a01ca80220a33d068c48e774f6320f45e11c6526c1116f4332a474116fb287f755e1afa685868542d76e503989f7cfea60d9e,Y,1,0.5215048516700619,0.4784951483299381,true_shap_primary_holdout_sample
12818,28565cde08f67d5cfdc16f596757805eb4564f079a0fc0fd57008f28abedd26184438ce0cae557d3e127e6de3a3b9c8f0f9a525937b53a9b17a97ee48d390c17,Y,1,0.9353100186669872,0.06468998133301285,true_shap_primary_holdout_sample
12827,490f526f0a23d7ae700cd847f3108d138e1d1c0fdea5d81865f5751c17ae0cab06fb6b241d39ebbe038e400f238fc1f7b0039bbafc60334b42865a2bca82ddaf,Y,1,0.984821430686427,0.015178569313572976,true_shap_primary_holdout_sample
12828,0f41915a56a5d5a98ae5ebe11e2e1196765dfc38dd614154ca3572d607251d135e0e9685d6bcc3398dfd00295ccd1badaa0293c95e4caec532b987a43bb5537a,Y,1,0.9848400060661882,0.015159993933811844,true_shap_primary_holdout_sample
12830,2d5fc646a75647d0b14780ae49dd3c59b87e1d7171df3a684b23f563eeb899558b84ba954ed2e770ae6ef3af1c8081419e5546387a4120b57bed8da75ce5ced9,Y,1,0.9687960622053324,0.03120393779466757,true_shap_primary_holdout_sample
12863,cc30288ec93d35411d837c7e4d929b74b0af5d17ce51980d6666e046f2cb6db815f67d22aa84f3feef6b50b519ce38b9a94c513a16a58d8fc50848f54afef365,N,0,0.48790984753004074,0.5120901524699593,true_shap_primary_holdout_sample
12871,6b867b354b6100a3b72a6b741388f3186a882e093fe8fe00a57404f1ceb9558797389bafcdf9ff8fb066462124c123eb3a9a4231f58c8de35137927decd67a4f,Y,1,0.7742904032906774,0.22570959670932256,true_shap_primary_holdout_sample
12918,4a71718ee848d9294698c880258be032d8e05c13aec1395522d949bcb0b26f27d8196e3ff72e1a18b34e0a6540c000a5ed4b668edfaf657cd0cd791a13e10b51,Y,1,0.4595169284089049,0.5404830715910951,true_shap_primary_holdout_sample
12938,f714d27089b6acd52ea883d352e8867a617642cc43368236cd5e8dd8737618fdde44485c6e69d48f2c634889999eb88c7ab695ea78979cf0ffef463f5f47a357,N,0,0.5199559374602952,0.4800440625397048,true_shap_primary_holdout_sample
12941,d59050fea77d8c157c490c7d7e1f23fc4009bc75841cd5a35714e2aa5dea0c1b2103de5407bf934d5fe62895259e76b6f30ba0441d9dc5fae8f8a581e999c8fb,Y,1,0.8611630895577693,0.13883691044223068,true_shap_primary_holdout_sample
12968,18eb8c9020d174bb45a3efeddd7b981b72c1159d3b4a42cc21c5c1903611e30902238a2e2ac8b2661ba47c5df654c1957172538ff628a22cb7016d893bc247f4,Y,1,0.9867842713356186,0.013215728664381365,true_shap_primary_holdout_sample
12984,188c6dfcff4927bf41db27ba8d8147bbfa11a0d2766d4c187b68ce2e42f1c310184bcf6c3e47cb8fae7571e6f2cc9c6f8dbda65b91449d647729b742549a55f3,N,0,0.8366828423507312,0.1633171576492688,true_shap_primary_holdout_sample
13000,a3d3d8a78e419d5a08ff0e6c9312ed2ec3615c77be5f1a7a4ada3c911918ed462d710ffa3409897b015b316fdcd572fce0030b191ba6dfa434042688da73107d,N,0,0.39149189029848214,0.6085081097015179,true_shap_primary_holdout_sample
13020,d6fb64c2c26b38c248eb1988d0bed65ec5247877e056771bba6792e3df51d76fbc060df3561127c16b6b6bf53d1a94f8681d941b073bdbcea458bdfc3fcf71f5,N,0,0.18381061724983586,0.8161893827501642,true_shap_primary_holdout_sample
13026,dc4ef03bf2ed4c41a5dc06efa7161b6a1e9c5b2fe8032044aae38a3c639cf82a64baba76c6932efab2684767d199c602383bbae916f993f649acae3ff5910cf1,Y,1,0.9818650863521072,0.01813491364789277,true_shap_primary_holdout_sample
13075,47c9d02b3984000b39b617d70c2d0e8785da46f8c531a0639c07e16865536d944c062eefd792c0067f6834f8b1e819c3ec31c981a417b0c4a9e341ba51fc246f,N,0,0.22598746171823827,0.7740125382817618,true_shap_primary_holdout_sample
13105,79dd3204d8619ce61691bb30e3ae24827e350da02f02ff85a343b6e947d9dc51160453d3cd4432f86256cbf57d3302f86ab0e89895957edc61ab68850401a566,N,0,0.7784560523064429,0.22154394769355712,true_shap_primary_holdout_sample
13111,afc48cda38e479efe1b0dd8e74d60c668b488932557f7a574d0205f2d72cd54d3a721a5e4faefcc301ddcc820853fc934bfc758acb90693e1c7d8e9be29a27ed,Y,1,0.9247284893555284,0.07527151064447157,true_shap_primary_holdout_sample
13150,fa3b15c754f0c2f8266a586e1aa6555dfabc0f783a60eb99b65e245fedaec9a34292eac9d1c294478728e41691852948680aadf4efa7d556c90c2acd6e2ada0d,N,0,0.5052811685561924,0.49471883144380757,true_shap_primary_holdout_sample
13159,189c2a182650f4f65768b18df91799cdc2894d242cd77cf4c85a1f75dfbe05c47898cf930973428d441ff055f8d0096a74ee33c9a5befad30f3636d5de90098b,Y,1,0.925568413978147,0.07443158602185296,true_shap_primary_holdout_sample
13160,c092fbf7d9ddfdd4edf930525c8278c09dcf83ec79879774c8a65173c4b93e548a96ccc93248b76be381cdbba9ffa5a68462db004cbf5b901d26be73510a7296,N,0,0.2277084981147088,0.7722915018852912,true_shap_primary_holdout_sample
13164,c041660e6e9cb3bfb229d0eee244af56288b998aa39650e6e90d6e283ae6d5ff6f7756f817e9d56e355c64e15959bc4683d2ded1bcfa83fa776bf9947292ef06,Y,1,0.980888554984556,0.01911144501544404,true_shap_primary_holdout_sample
13178,0943ed215a3d4c1f51aaa01769c08749a2636a6bc1dc62f86fc6a46afcb805ee0b6b50f51d4674c26310936ba09e0994dbd4aacaddf0084b543bc5c7ecad3b68,Y,1,0.9779939647172554,0.022006035282744585,true_shap_primary_holdout_sample
13189,aeda3cf75d83fc5bf10f64acdfea452bdf7d76dc413e73319aa07778c243a901d4c991c705413d137d7dfdc11e5945f42bd50468acdf537c18dfa15aeac57f6d,N,0,0.7543280993106354,0.24567190068936462,true_shap_primary_holdout_sample
13196,b9030f04c5f0954f0d53e615527bbb51e774a54cbd4812881ba4e150ba5011ec02a54ea91afcea8da1ba97932f26464203a78776a2fe5fcdb434b6745c88f996,Y,1,0.9787079644459672,0.021292035554032807,true_shap_primary_holdout_sample
13232,20a7e6fb9f9743404094839467110c6aa9010a8194a5ea603480751312a5be4328515082a0337aaa324ebe453cf665bc14d0e3edad0ea773e212d4da83c52702,Y,1,0.44887730385896635,0.5511226961410336,true_shap_primary_holdout_sample
13233,f64539dba6bae287ad3604e342659e0483809ea9a931728b7b740c980498c34491f181e551fa70362cac7c03738f9c1edc4ed3a0a05182682e8cdd84120a18bb,N,0,0.7802237584566071,0.21977624154339293,true_shap_primary_holdout_sample
13256,f93b36ec56ed5c7f40139d0b9392e08319b5d41cc9ff0d3bee6034e862b3f1db6b176745449085e2b1a42172b9874187447cb576b1a6e0ceb0f2c911a8d3aa6c,Y,1,0.9850677911262702,0.014932208873729813,true_shap_primary_holdout_sample
13258,db1186e3f555fefde85900a5936bc3f7066ff0d144a25d6a45320c70be69428f4033b495421ddd23b99c64b61584548125a511f7f35e9d4ff99a3134d1583fa7,N,0,0.20400983278608134,0.7959901672139187,true_shap_primary_holdout_sample
13280,e140de111da84797a2d15d88a72b43aa4a2eff54a58e0ad8ee122ec2fad9994e489738087b1bc2c8f08eb9dd5f2fae6a09c2e3efbcc2706fb4ff3cfc4943ddf6,N,0,0.8515937235420854,0.1484062764579146,true_shap_primary_holdout_sample
13303,b3798b266c80e7b8de6db6a21e282a38f48256b058ca70ed780262d3af455cc4864493453df0f442c5d88dbaafd9aa7d826e7f78baa0e41135a8ae1453fe50e3,Y,1,0.49437553369656917,0.5056244663034308,true_shap_primary_holdout_sample
13328,6bc59e36c9c5bd1e130b30851e54bf1eadafa086b141806e661f3f196445754bba0d35ddf334df75e2eb403ecfe3846de2aede51ceeeb9725e7690c976b5068c,Y,1,0.4042325786309682,0.5957674213690318,true_shap_primary_holdout_sample
13337,7c1b909381a5c48c2a414546e0b14be79f7afcbf311b21895def71ea847ffce1dd566a3df62cc9b4600ba5e7db562c1d99c154ad9dc2b703dd7e492dfb390977,N,0,0.1645249142357563,0.8354750857642437,true_shap_primary_holdout_sample
13363,9900d888a0a568717101942f16d445dcd807ad4aad754341cbd19ece0b7d5bcedf4376d0ba933ea30980d6a8fd24c88b14f03f07ae9d69cfea8433dcddf587c1,Y,1,0.7174793193308613,0.2825206806691387,true_shap_primary_holdout_sample
13371,1c499ef8e837c92660cbf48bc40986bbe07f9872d237c9d884263e2214d0bd3dab434d059441d43e6d51fc0413440e62c3d459225ab9b02f2e6af12cb0b271e1,Y,1,0.9865236162777409,0.013476383722259122,true_shap_primary_holdout_sample
13395,d9ad53dbda74d34cdc2a4e0b2d2ac00e51b0c9b5f6da30f763fdfd62e07b82c9f542bdcd6983a7e82e052548255a2b5700b505b64170a7c5473efbe28def7646,Y,1,0.9779229837512341,0.0220770162487659,true_shap_primary_holdout_sample
13397,70803c0e2b8bcf3134ab95a3c4a91bc2a344fce2b1b8ad4c2f30fd168cf54919a8ae1e19721e4c4369494666f7ed5a0bd704136c660b069da821ce84f1db603e,Y,1,0.7282407154620013,0.2717592845379987,true_shap_primary_holdout_sample
13417,89b9d7dbd71425caa4aea2fff4f90dd9d738fdf016007744d70ff2f8b7d76933968b9b04abfab4155815b50838c24d7ecce38f44e4a6f9f3d8bcc1f143fb8963,Y,1,0.8676028854706387,0.13239711452936131,true_shap_primary_holdout_sample
13423,70e0af05584aca6acf0348b20318137fe114861c53d2e23f8a6d86bfd095cf941b87b0c4b21d6b6106f5a912538913ea0809d8966b53d29818cbfdefb8069e6e,Y,1,0.8712988045732,0.12870119542680003,true_shap_primary_holdout_sample
13438,303ee9c4a43fb72b421e576d47b9991ca3c74d64f55f1f5d1a10506dcf4d40d9c25116307990e28d4f05f581973512dbef4f64069db8b1dad1d60212a9e7237a,Y,1,0.8409981585618227,0.1590018414381773,true_shap_primary_holdout_sample
13447,c2112c03e0d0bce2c8bca6fcb5480a35274162fc51b25722651dff8f32a47e02bd18667fcb2c1e50e33c48243ca1d8760b3ba13c42e9df54a4fb01f4ec9368f7,Y,1,0.763228379977589,0.23677162002241103,true_shap_primary_holdout_sample
13449,ef689c2648e7d5e7936dd307089ba2d78febdc5a5a47c84d0cf32e61b38796976e5745b0df93f96a8bb32456a86e04e2b905c21512e198abba123767e5132f4b,N,0,0.6234419003672744,0.3765580996327256,true_shap_primary_holdout_sample
13455,34538f86366a873909efb1555db624dfaa68ef3b5c5b9007fd5d915e698812bbedd66d2961130d7e83952f053b787cfcffdb642cf11a103c449e7f1b85b9f213,N,0,0.654114371601989,0.34588562839801096,true_shap_primary_holdout_sample
13466,0711e5d9f53ee3e807afaf024df10112c246548f5cc1f6ecb53a9be4d813dd6fbfc140e3cf279701bee466db752c390d6e8a29d0f13d0a4f2f3698b220c29eda,Y,1,0.9621913991659318,0.03780860083406823,true_shap_primary_holdout_sample
13481,4d2ed192fd7ad67723e60fcfbd040e02572bcfe55f57708d7bd3d2ab6506c6e0c80748ed0ca3ff32dbdb86e25851a1bee0ca6c63faf3fc27b94a0fcba8783ae4,N,0,0.4534380376824412,0.5465619623175588,true_shap_primary_holdout_sample
13490,1bc708b980a31f723fd1d2834d97c49c826e572c04cf63570b96bee2d32ac7be2c156c4e6212abc4cb522d6a0cac4023bf22840fc8cd44dca3002ce2aff98220,N,0,0.548412368623848,0.451587631376152,true_shap_primary_holdout_sample
13525,b4ba814257a8145169d8f7ed87de4710b52b6e64662e7eff7d86d6ca07070a287673e833a6b14dc4fddf096184f8f1e7e246c6ca9f2b2da0c6845188bde2af49,Y,1,0.5242808785630299,0.47571912143697015,true_shap_primary_holdout_sample
13545,deacc61fd785ed26b99c09848e7988ff516c95911b7674db369d8b16012e93623f775f5df3cc8f40319d561e98babe2a1270fec41bb8dacd1fc9f40e751dda54,N,0,0.705016872294749,0.29498312770525104,true_shap_primary_holdout_sample
13557,93085c932405bd0e4767efc0189a2e51c90918e86ad5be7d49788033493e62afebb8cb1b4af00af292b489dec140aeba462d989d35d32c85687c3e85db6def4b,Y,1,0.9605665602161328,0.03943343978386715,true_shap_primary_holdout_sample
13570,02b0a834e806189f097bd64876bcea879641e0cccb8bbeeb9c6d6bf6bc92346e984ee2adcf1668cae9fca3b516ec479f497d0735a79d30816c39c947f8ebab1a,N,0,0.4541233716268278,0.5458766283731722,true_shap_primary_holdout_sample
13571,ad2be75b3953944ce8adbbac13f084923e6272d44409b9ba212ceb3c84ffafd287a7905f10e6a42f80fe6c0bed641b941f6b391d9c582afdbde9ba0c30b98e74,Y,1,0.9825381201172372,0.01746187988276282,true_shap_primary_holdout_sample
13577,608b937dc500ca772c3883b6e95978489592df2229acd731841355425c0c0d71a980dcf4c76fb89a391450adc97cfb2db174d63e2bbd4367d476cccae09c7f9f,N,0,0.6032831841856294,0.39671681581437057,true_shap_primary_holdout_sample
13583,9bb664505df5d3f7fa0bf1244f74f808df9d7b71bdbca808706bfb94cc1f0e131f819fdd75097e05ee463c7e42fb804175f78bc334387f234d62445aa55988a5,N,0,0.4660693430477854,0.5339306569522146,true_shap_primary_holdout_sample
13585,fec7cefa6bb018c1f51d4c5b353dc6e2672caa74ee162194197cff732f6ed27346cc79eeeec063c8cb021a2ae0422f6961aa7af291ca780ee5de688b098972d5,Y,1,0.9804229673766481,0.019577032623351864,true_shap_primary_holdout_sample
13594,2421f10418d8808d79e7e9777d8a14e584200d313c4d977025bf716452dfe7aad94f7c999ef11f40059c0c39182308baa193b3686f64bfa69288e43ef9610fd4,N,0,0.8905052084143641,0.10949479158563591,true_shap_primary_holdout_sample
13597,b6c80ebcf3904cb9e8e0712ab9ee8f4e4e33b3e1166c453876b64301b6d6f57895a3dab5277f3a66ab14363aabd2466e658c8edff44e163526ba963dfc8e89a7,Y,1,0.9538076673684743,0.04619233263152567,true_shap_primary_holdout_sample
13609,f473bd7e62a7e417d1d54af00ff8e08fbb395ef2faa8145914b6d89309015f8826bd734d292fafed6023f9e6bd6129fb2ff84796c9ce1f2ce5401a3913d89d8a,Y,1,0.9856935538511251,0.014306446148874885,true_shap_primary_holdout_sample
13641,37157d006b060d7fb1b1cf6fd85709c85678b1cd8fd3fef9cec31a4be5213e19c1e29e564c1bf2c56db0018bad63168d349883bacc041bacc0f88b199ba97014,Y,1,0.9826286496458612,0.017371350354138837,true_shap_primary_holdout_sample
13657,58edf297239a9da456365cafd79664f5db184380e0b59ce2e7a109e5eb1cf2b3fc99dc5d57ef471772b0e0d6a0d2a303f343164f1370df2dd7ab9376c277ce99,N,0,0.157934741192177,0.842065258807823,true_shap_primary_holdout_sample
13672,2b36f2f264a4b69e530e62c5e58d574c6f9178c032fef3a85be6db3c7abaf8024d86c03ba5117fd8010c31998826724777ff1c8ae9912323ae6368ba29c840fc,N,0,0.8911544183434553,0.10884558165654468,true_shap_primary_holdout_sample
13684,f9d72008434529564617a690b99982a72eef8bdab50da637ba73da3ca8673225d66131e13a5022751a73bddf776f1b78e3e22321f502d7274411988c61a86321,Y,1,0.9744616956350107,0.025538304364989273,true_shap_primary_holdout_sample
13691,3e4f4cd1a126d1d212d7d7af80de87daaa3e7810e5362dc8317bf8b7844ba0740b2e877648d69987cbba85ffb720739f8cbb0ef423e8436b18050b8369a806ed,Y,1,0.4838779589073499,0.5161220410926501,true_shap_primary_holdout_sample
13692,82ba4d2b589da840573b363ee3bfd196834d42cc7b3b9e8955898e79739613144a5f0626e684121493a1f8591c8895dc922c295361c53a54557c8387f8f88d78,N,0,0.7720858978536826,0.22791410214631735,true_shap_primary_holdout_sample
13709,f644fa45ffbf4142e8cfce724266e18d865791b5c550fc0037437067bd1bb20ea84ba19bec930e9b3532a93ab4a4a48fb247ba2103fd3a092f93bdfdb1724bbf,Y,1,0.9814335209782322,0.01856647902176778,true_shap_primary_holdout_sample
13710,4dd12d328b1d4928cc7840460b0b2f2501ff20bbfb460effd3881c765f729bc7da5d6dfca7673c56fe6e8b9c92ccc50bddd008395265bd5f202f5ddd2ad175db,Y,1,0.7452190229656015,0.2547809770343985,true_shap_primary_holdout_sample
13716,0a3942a37cb902c916cd230ec6c91aa26f8f86ff70dbcd6a21091061cce4744ddf98905d13f2500f220c93f4219e42266c22da4b915a20cfdd43441c9ba34747,N,0,0.2431873986949394,0.7568126013050606,true_shap_primary_holdout_sample
13718,419c8a59c1464b9634577ea9f16030e5c147eb225f72137212c0bfb6305ca3bb3bf8b0fc47eb2cd27ba1ade13f1ded834216ddb7c87f81f9ce9fefa87f74a8c2,Y,1,0.9787917679724969,0.021208232027503104,true_shap_primary_holdout_sample
13729,8a2989a16eedd233f1b454389059960400e2a638bfb8548e804a64afdda0780862299b96f07a6bb99bb90c347c152159ff38e5016ffb4a7eb449f36aa09a24e0,Y,1,0.9681921826660351,0.03180781733396487,true_shap_primary_holdout_sample
13761,25846d80acd43c1c4f0e837921d776cdcff77311f2275ef4987b7d52a611bc81904e40e793e3c7d93948355032a70130f6485007713cee24ffb1e2dacdc4b7bd,N,0,0.19819005179680516,0.8018099482031948,true_shap_primary_holdout_sample
13778,23160bd2b0991a814eeaac0687a9ad00f453abbda7765b65f49e8fba15ed48e3a8c7299993903db184d2f61e6ef4604d1f1d9641aaa0a93f2d884139153c193b,Y,1,0.9494741232184378,0.05052587678156217,true_shap_primary_holdout_sample
13807,c4f41d6a1b4bd7959d46e9fab343affe2b9cf3d84219e8fd5708439688479fef554bb928a63f51d1d1d3e3e73290266de1be60f8a4fc45a02a48600c1c81caa6,Y,1,0.2502340622955251,0.749765937704475,true_shap_primary_holdout_sample
13817,91349da70507a0bb03aaf9f2df209b95753f0cb5850f1cbdd265dc623222ac7b6f03773a4ff09ff1b73da5bae32fe1989388ef195d09b1e9b41f3355b0a66089,Y,1,0.9863644740276994,0.013635525972300555,true_shap_primary_holdout_sample
13863,0ceebc9e50bf0215500c433b0fc87ee6c8677d50c6c7a0953b12765b119d02709cf4aa363c8fbe4938fc9b9e0cfc667cbe353d8c8d9bae28ccc75e46bacd156d,N,0,0.8275118916297005,0.1724881083702995,true_shap_primary_holdout_sample
13877,7d66f9324150f589b5d139ec733170a4cf7f58c70fccff49b621520a5112894eb1896f194fe24bad1e6ec270550cd29b27928a79ddebf5fe6887e8371bac97bb,Y,1,0.985950938172985,0.014049061827015041,true_shap_primary_holdout_sample
13887,b5866a37d0c094cfa0823a4abc127dea9e478036d5a365a2c65a968dade52a10b1823a077245269c33d422fcb16f070acfe492bb146a0775ca02968bf26617d9,Y,1,0.7642677353816067,0.23573226461839325,true_shap_primary_holdout_sample
13891,775253b8490ed917945d93796b25b8a42d8a2c54a98878db72b4778613332e8815229792121a2ecc7e4f15f3f883efd20b501681ae7014a66071475f539b2d3a,Y,1,0.4852019047166016,0.5147980952833984,true_shap_primary_holdout_sample
13895,1d6a38801373aeaacbe368e8d393f6f5d8462d9e9e866d8609c01ed7c481f726f9b996a09b559cc32942e7e18c3aba3a04522841932733010fbc766b6c676d9c,Y,1,0.9700385195748635,0.029961480425136466,true_shap_primary_holdout_sample
13896,ba4eccb002f4213a91dabff1258993fbb7dbdac4a42f6fb0336d2a8a834185632e572ee3945f7430b267b0d475f64bdd5a476dc04333263daa3c6d7c8675febd,Y,1,0.962734230620041,0.03726576937995896,true_shap_primary_holdout_sample
13922,aaa953e65d40044f40731c53896479f10a7539e0d39f5329ae7b460685adba6f6c932b8dd759021cd3289d5253828b3a4e02da723e3dd0132c5f0568c48775de,Y,1,0.9637731303483592,0.03622686965164079,true_shap_primary_holdout_sample
13944,85263beff62d7a954a31c59d5e7d4a5f8d3e9e21f08509b92fe12d4654c87de32ee17ece344d1f04c470b3dbddb66b4d1b7842522d43235d689a98cbc003e4ca,Y,1,0.22690168695414054,0.7730983130458595,true_shap_primary_holdout_sample
13954,7f1b5e19da8535f53ad129e7bffdc1cd46e78297ef5fc992221c4005f121b575c31476bed6b548cc1ee7965f61843e653d981a47ba3196fafb0da495d2464f16,Y,1,0.7326981034832822,0.26730189651671776,true_shap_primary_holdout_sample
13955,64af21b94dc3e9cd91ee0bb9c55517f975b2567a9038f3e3c4b686ca9b9269772a980c57b2e995d93430e96214a44e5ece59311517af64742fb1058d79012fe9,N,0,0.502060413006091,0.49793958699390894,true_shap_primary_holdout_sample
13958,5468efb9855d78adcc1dda419bc358a55a91716f66e5a115beeeae25eb06dbb44f4437be16feef7074868703059cd37560ff4c86eae69b25f45d1ff97acd1940,N,0,0.43963266019441205,0.560367339805588,true_shap_primary_holdout_sample
13961,f9d003e25ec7d7de8850c488575deb458c1a5d82e5e0bdb7bb124d529418e42a5b572356c429f8af661a556f8e7e324f64c7c41fddc77bb7a3fbf79814ec9c83,Y,1,0.9859327708598172,0.014067229140182769,true_shap_primary_holdout_sample
13985,59a9833a1597140adf030de6fc939262c14056c7fb8921879475f37bd8b1302684810e04dd195094d9c0dbe26667bd4375fe5860c6a3fa81241d9d8eddfc91e1,N,0,0.30224126243731725,0.6977587375626828,true_shap_primary_holdout_sample
13990,fc044a8b4f3e3737a1330823fa0829d7a30334fc7976e91ab6ad60c6fe4fdfd9df385d7b09a45ed7b871af4ef769ae50368729c3d8e21eafdeba05ca465aa5cb,Y,1,0.6226243172895586,0.3773756827104414,true_shap_primary_holdout_sample
13991,ee467c0e8dd444a9d5eb045af6c6bd7a8c23bb15e3e751a8e0571703351fe5ee55efd3cb458374e305630e79c083d4946780b001ee21d7b5e129f69ef8849027,N,0,0.3446907051962667,0.6553092948037333,true_shap_primary_holdout_sample
13992,2c6af6c6eff9c2b7dd235df732bf34102a9de472a7a2246aeaf0c0472fa787fdb9e7a5b688abd6d8a2fa28a32314c80eb2496203cd1e643d9d534eff204e05a2,N,0,0.7220282067956169,0.27797179320438314,true_shap_primary_holdout_sample
14000,225f3c140183ed87ce73039e211867481f99fe3613f155e69bd304cd2a4c2ce2dfd9b19edd45035da8c76a329bcb88ab1c6eea2c7d8e3f2534918484a33ce1a4,N,0,0.7799821163808696,0.22001788361913044,true_shap_primary_holdout_sample
14003,6e5e8796ff7c18893834b636694241648ad67c47c9e1e5fb36c145e4a9cca194b824247d3112786da96063fff81d60f4f0c6500436d84ac737dea177f5734b5c,N,0,0.35979696337102157,0.6402030366289784,true_shap_primary_holdout_sample
14008,ed622237deca4479a8cbffdaaa04660ff3cc27324973bbe191f609a5081bd50abf89ff10ffa9f0e19af9f1a69ea3ce6f64d46b1b714d16f5e9c2cb54ee408015,N,0,0.2085223404878933,0.7914776595121067,true_shap_primary_holdout_sample
14009,30b296fcfa81df3ef44c72af0eb3a1d0a073faca544b65e65e072d9d0ea7fc1e5ba32452f95679ae1aa69a59ac074d0e9ab03454203bd20f285395a36a9085b1,N,0,0.3708895730486138,0.6291104269513862,true_shap_primary_holdout_sample
14022,82acb22b2fcb83c6d716755ac4326ffd9521dcb87ea221bb38458d7920c3a4aef85ff26fa070513751597e7a7cab43df04a6aa9627ca317fae68730d8f514f7d,Y,1,0.9531485114749786,0.04685148852502141,true_shap_primary_holdout_sample
14032,8d525b6f6bb00d4d8945dba091da5b340a9242be280dd9297901ef6e25433769ce07dcfe291a090b6b92455c0bf3a9af4ef58eb601e8cef303c7113258433c0c,Y,1,0.47583832865741016,0.5241616713425898,true_shap_primary_holdout_sample
14058,ec802adeb9aa0c21cbd3b92141fb6badb3556e208638b1c912e28ba5d8c12b66fbcdc527ac81be91aa983922380c36dc03c52a3d8d42293f3b70e2143e58c0b0,Y,1,0.9134291490391392,0.08657085096086081,true_shap_primary_holdout_sample
14071,253919b4d5b1e3ac554a25a89e6cd6be67fe3be59aa7575eddde1e515fd9dec45b8ad71c204b032c274e1de01b5f9cfb3ca6a101b01884fa23828cbe230845de,N,0,0.25699021313064546,0.7430097868693546,true_shap_primary_holdout_sample
14118,35ec5d3a97a649244f0ab1672c188072dd3934f08fba4a3e84c5bd6e7cccec08665f46fec5f286a73c9c58d2fceb6b5ee692338a1ec2da9b5707dc93907fa748,N,0,0.5072676895887098,0.4927323104112902,true_shap_primary_holdout_sample
14132,b942ec0da0ea642c74a129f7d5b4f2798dbe10e21dc0c278d7fc71d28e68632b8133bac3b0c651acf106375b32abe4346da033d899e88f75018a39b7cb633a59,N,0,0.39006471973467227,0.6099352802653277,true_shap_primary_holdout_sample
14145,b10ed2829b0bc0a901b3e1ed8f507bfade34bfc7a00e67cc0e246d883b14aa7f81de3fccd7d7c1e868d068e7287af01ec117e73954911482ee156743a4157f2b,Y,1,0.9795806185843632,0.020419381415636817,true_shap_primary_holdout_sample
14147,befcf25005bb3dd3d394808c2ffb8a5a1b5b090739b4a0d414085ce7feadd41815ec65e891dcb59fe540f116a428e0479c2455aebe0a16ac3a1ad4983cfbcd63,Y,1,0.5651322027419271,0.4348677972580729,true_shap_primary_holdout_sample
14166,567febb0a6d0704a49f51ecb2f9d65bf81e5f88d9cc7b0aecadaa6d6eb576f58c5e0f33db5a0b97cad9a4b3099bf3c0cf17ed213c4229eef33602ad8ff214fbb,Y,1,0.23421907212489088,0.7657809278751091,true_shap_primary_holdout_sample
14179,8153a206cc14eb12ce2a70b726a4ac6702593d623e9452b760ed058197cdc4567bbb63f35da605451452bbe32fca208887cc5206afa47de6494d703b761abcee,N,0,0.2029315761342368,0.7970684238657633,true_shap_primary_holdout_sample
14195,848b44ec149a66c01a3e4843d8f7d911e840e91dfc72e3df320c968d562ec88b8377c229e8c5f5511f3d3f46462760872ea37eabb5342bee5c69ec1660a097e1,N,0,0.7348958816262608,0.26510411837373915,true_shap_primary_holdout_sample
14206,18ec99e19c177ec0b61fe7d89330a1a42615381741c30ab9f74803d5a959dda159d1492087cc219183bed8041d532aa959eb985060ccd9024021ef3092ac56af,N,0,0.13306069900489367,0.8669393009951063,true_shap_primary_holdout_sample
14232,b9c5c738f067521c93b5da9c7ed0646cd0f3f25c973a98006f9cef18b93eb91d7a3cf8245c5f37e3006304dd613dde8efeff14cf315423cc41a040f151b71667,N,0,0.21704478329219848,0.7829552167078015,true_shap_primary_holdout_sample
14233,e4c84f870072201068210cc30a4aa657c198efef13a3c34a6839461bcd51a403f869c02c0f9896acbe8a02ef85de834a1ab4e62b2cd4253d72be80cd93e97fa0,N,0,0.18764779178167987,0.8123522082183201,true_shap_primary_holdout_sample
14270,7ff0e1a4fde53139cae70ef449c3c247045825feca942999081704ff451aee34e8f01a9a25730072140f1fdffb271ec9807c215a8b4ea9b7dc1e7c8731ed3ad5,N,0,0.18633528622045398,0.8136647137795461,true_shap_primary_holdout_sample
14273,1bfbff1a43dc029299a8f020b6b7ebfb0c01b7f0a44b85e6ad9a2b8be2388b1cd0b734510b24a0d4d1bb60914db687d56fee1d5477531820b60f0de745cf2f44,N,0,0.4608797018645134,0.5391202981354866,true_shap_primary_holdout_sample
14285,dc091127c1cad8a928fb1a3fd244664c5d442e3867931fd9a2cf2f8b33d9398d9b9d3b27243c68d4013e7d86b421e3368f16571ff4e7ee0b549d4d966948fac6,Y,1,0.9673550619057156,0.03264493809428437,true_shap_primary_holdout_sample
14306,b7cf057e844a3f0079994f1b8696a5fae420228ad79324931cd5662a171cf02665cd0ad355b17dcfc3495367efa4a885b7cdb3d6ebe96110c1290b3ea6293ffb,Y,1,0.4692945801481992,0.5307054198518009,true_shap_primary_holdout_sample
14310,ce401f0a2c40899bbc68fad1232fd92386b288b583bab8b3ed126921d0a1cf5dc1c3cb843e5f857c4fff712f00a53bc58a30f3eba6dd5e8e4fb64ded87a0b5c9,Y,1,0.6661555534864194,0.3338444465135806,true_shap_primary_holdout_sample
14320,f18382da2c06e3e3795e967651f5154416986e2857cd3ae599cb51afdeb30ffe571725e92d452ed1d4c4ff5eca60375c00ed20baece1068c2e7f422388ce4c77,Y,1,0.4939893163848544,0.5060106836151457,true_shap_primary_holdout_sample
14345,8880aae63d0495a9b11c2fde209a7858a5285d62341948450fbd8f2aeb52a23d640bc71e6269c46b4ccf679b8d4e72d23f47fa3cd6dfd826bb7e1356df6a8e4a,N,0,0.32378208356475535,0.6762179164352446,true_shap_primary_holdout_sample
14347,d77ba615611058adbf3f7ef7d9dfb48b0be10ade610d8e45cea2f412563321b788254d8840336ac3a4a6b4ce9c4dc28247f5613d125a76920a08495f8e099acd,N,0,0.18201652732520834,0.8179834726747917,true_shap_primary_holdout_sample
14357,6ef239998e14b4d7bef3dd70dd11eb02ae6fb826a57c0601d7bd13f20d4d6bd375b41832f1cb83e0876afd95c3d5385bad053cc95f6004c2c8ef9f04d055058c,N,0,0.5069131171555536,0.49308688284444635,true_shap_primary_holdout_sample
14370,93bed6afa84a3077a98f87e93a2091da20f7c82cef0b8f69fbe8fb19b1e2f4857ac71dfe082341f6200260baa2bcaf389359b4247bb29029d7f5c7bb7fe7d2df,N,0,0.1781846051662189,0.8218153948337811,true_shap_primary_holdout_sample
14373,e0f12f297d83d1b673e14998b6155fe53982fc8e623118d6d6709831c6fe9c59caa9ecf9253f726699b80c60861a74cffa29934fef98ed414b06b68b72befcda,Y,1,0.7615855723716861,0.23841442762831389,true_shap_primary_holdout_sample
14450,e3488cf844509b2202d897a630ed6314ea8de97e6c2b85fe414bb8172bc0bd4638c662f3042a300bd4d1b7306f0f82404051480fb0e99b108a4d7a106bdae2b5,Y,1,0.9781290104783464,0.02187098952165356,true_shap_primary_holdout_sample
14451,7ff869c92327a830d33fea879cd0a7761b3f0915102d2eaf88a1b98794fe1ffbfc33a9cba573449ed39dd04421fae71be1193726adb1ec39a36fde91e16a21c6,N,0,0.22281936405586258,0.7771806359441374,true_shap_primary_holdout_sample
14494,7fc4aa0ce1790339f57bedbdcbe029db5207fb98a329a5d3ec9dee84c63370997fb0720b71d88c9863df2dadea7c79933c108ab3264f72d0a46ec4c9f19119d1,N,0,0.1541597503595251,0.8458402496404749,true_shap_primary_holdout_sample
14503,ff03504726524772dd79bf50b17523eba8bebe64ab9a0b466cae83d44244bf9dbd6c2e0e6889a08b85251f56418ea21e33f6e03a96becd0421dff85594decf28,Y,1,0.8866646630773035,0.11333533692269648,true_shap_primary_holdout_sample
14506,d3babb39ce2adfdff89df02b1efdf109d11b336759da490319784d31e802c1e97bb9484f26cd1992e3754063ad39abbf703d86b3e208a9f9dba8731d9c4d5c50,Y,1,0.5697073925564453,0.4302926074435547,true_shap_primary_holdout_sample
14547,2731d3d978274d7aa29794d4609be408c731b9b2fc6ad9bb7df9b8fe3ca09fbb712e56d84e2c5eed8a0077ec556b1d75603159755913971b3fe5564c15245abd,N,0,0.9248988500662637,0.07510114993373629,true_shap_primary_holdout_sample
14550,7046d933ac1e797df9b9c725ab5f09555230ae09a6e63d22b21eab82bba2b3e7578bcf9bda046c8de5c65411da2067518ab430172a5eaff8f78c60e28f452b6d,Y,1,0.8753221627085412,0.12467783729145876,true_shap_primary_holdout_sample
14583,429ce0be2c2eae5195b04cccba2c0f6bdff64029520df6a535bca8442fe2de050e1c7d91d3cbe92f8447b3536da6f116f109b121430d257e98a814aaa2bc03f3,N,0,0.31278077673564636,0.6872192232643537,true_shap_primary_holdout_sample
14598,0ae1750b6a8a022574ee382b32c8c31218a32e84b785aa7df2e65f94dac31d61007b15220bac8e2a6c566c0de48c6f18dccc9133c8f61979bc23ac4d42e5ce1f,Y,1,0.9473940453865204,0.05260595461347961,true_shap_primary_holdout_sample
14663,b5c48736805c484502f3f027e8c5588d19d8f6005a1cb5e7ffadf74429ab204b4c4868f52bddd9d175b31312526122606bc6b6b6b80f7bc2793c8f7121dec63a,N,0,0.24048733806739925,0.7595126619326007,true_shap_primary_holdout_sample
14669,c840080412d26e1836bdb8c2099e2ee28790193c042c221a62ef7926a454a7598cf9b172ec6428084f22dc69b614c42e55e48f63fd40abef41b3924f7ce4717e,N,0,0.5056598751094964,0.4943401248905036,true_shap_primary_holdout_sample
14676,3940f551538ad2ab7004740cc00425d231ea9f4003b21fbc19fadf770f7e6146017768530924f1592006d87156b1c8ba1ee4751d8d99efb8c608f560c8b134d2,N,0,0.705016872294749,0.29498312770525104,true_shap_primary_holdout_sample
14691,e0acba3a3dce389dcd7525c688d0ccaa7ef0a1d486e8593541caa99f118ed2d2c43af1a55ec15d4226f42cba9b963e9cc7634d556f492d3af6d8831cc07b0c46,N,0,0.23924621401204405,0.760753785987956,true_shap_primary_holdout_sample
14692,5ff072de4f105b09851434ee7aa775c2b0177f34d548cf8fc2a12294058bf928463b2a3c61e7d50e402757077e2633a5c4c5b388d1d13f2d6109d118f3fb12b4,N,0,0.19443816905480046,0.8055618309451995,true_shap_primary_holdout_sample
14705,544715a2b40cc72e238ff98f83480c92abf505c3787776c242cac414aa08be20c0489e92e2a6425124e35105b65e801a104e9346bc52981ce1466d57029f9914,N,0,0.4989119602377042,0.5010880397622959,true_shap_primary_holdout_sample
14717,ec8810b68c197be28899201f8a4c9b85612728e070d5863473bfa3fb6d2b63868980a86e824b72ffda8d3cebd95ff367554d29d0f016b69b9afeb4af5acf542d,Y,1,0.9680004701172954,0.0319995298827046,true_shap_primary_holdout_sample
14724,5a861c0931ea516e4d4deac61442049648c27d84541fa11b15db9094ce8934023e3ff3a6b988e4a72cab43534637e75509c9cd2dc4d980b48c8b04b41e1df893,N,0,0.1645572292686803,0.8354427707313197,true_shap_primary_holdout_sample
14730,c3ceea3fb7c8c30901c2a19399035ef495bfe1dc12289b58ae522845dc926572c0b761dcecf034e1e0ac3034c44fdcee81c6d1415ca27058d1558d1d2a83d560,Y,1,0.9554393916234628,0.04456060837653719,true_shap_primary_holdout_sample
14738,027b2690411dec05cb7e4905242e1e3029c43a90414943869f8e884d28682d4f93911ecb29d04ca867cb31dc91b7bf67fab97c8453a415403b8ded329805d5fd,N,0,0.35333796808203793,0.6466620319179621,true_shap_primary_holdout_sample
14802,ee709a6c4a700b1cb54d2b9b2d5ac7920056944f0dc26088c18cb852768769d4c12fa0a64f0463c9be613fc44dd041c61eb3b55e9a72766d0839174e44948220,Y,1,0.9804182986894112,0.019581701310588784,true_shap_primary_holdout_sample
14805,8c772d90b989eec2cf6a34f817d36be68ebb0dea2a7ec96d5467e195df41b6a82c03c0f4894e540196b22acc2923bcf2b43c3fe6ce5d0571caee2886e1b3e948,N,0,0.9088842233190779,0.09111577668092208,true_shap_primary_holdout_sample
14826,5fb28ab9c37277b179f88044309cd420c77afe7adf7415a5f810d3defda77690134a92948f9b392772ededefd6fc5382efd238869bcf9ffa7ff48bc49e1df0ea,Y,1,0.9787006914654911,0.0212993085345089,true_shap_primary_holdout_sample
14838,ece280dda78cafd039025501e20bdcfde80eaba5bef63631c62d8300f253c171123e9de7c7b5f4d8c3c155b9b2920589117723b8760a111849a24edf5d5a06d1,N,0,0.19395471591163282,0.8060452840883672,true_shap_primary_holdout_sample
14841,2737ecf07c83a5b96742c4c94f2c19636f546c284311fd5e1cefe8d3577324aca5b590a774142be8376920f18c9f725859e94f0e61b224e7fdc532d1362504b8,Y,1,0.9828121214890385,0.017187878510961485,true_shap_primary_holdout_sample
14859,6eb114555f503c892d08a73e0fb7479188a8596ae19d353f9db47afa92aa3aa8140860a9c40c579c9857cc2a3ebd9154cd4c0876b7890c8dd2e9d816957b9a46,Y,1,0.9225189113853993,0.07748108861460068,true_shap_primary_holdout_sample
14895,23586885b2f0e8a6ebcd72ee08c987737fa53da8263c11d901f7e8e8c670eaf16aa8966c3087f8dd8e176163abe0bdc206ae139dfe5b738b7c3c29500182bb97,Y,1,0.6746798669072359,0.3253201330927641,true_shap_primary_holdout_sample
14897,cc12472f8094c69cb5ebb226cf5d2c40f01d2235e641646ee20f4f71c83a432336141e0fc120479317ad5b120e6c4b7255fec67f14917cc42853c54985b00f5a,N,0,0.5651322027419271,0.4348677972580729,true_shap_primary_holdout_sample
14925,83e15b984362dcb235578a1f445d2365ee89ee39aca54b304b0aa1433400465a6881bdb40fc3a7b50c8d40e171973364d972f2c120988db0109518d70fccd764,Y,1,0.9780281356521539,0.02197186434784615,true_shap_primary_holdout_sample
14927,f5714b34635b97cbb1deaeb16e7eec5e2d943c1b5d72d8b57a29cc64b3f3683644aa59d2a0e4e22fb0c73f019d5cb05b3b09a3115544e6cdecb092a199070d40,N,0,0.2866274367392388,0.7133725632607613,true_shap_primary_holdout_sample
14942,6b0ca0c2bb988feec1a1618e9aaf19f22d072da6a15802250144be3c4b65e5a833a9836af2bc5d023fa0ef77190ccd4291f7bc1c5d8d474e13179dc5ae4d3e45,N,0,0.6185929047580349,0.38140709524196514,true_shap_primary_holdout_sample
14945,623328b30d975f9a8c153c1c5459cff0c1451e1d34b41792ab02414713cdf313270bf6ef3abe93d0d0b579a769fa755e40aa4b194535eddf13902a1eca065ae7,N,0,0.1986059959767628,0.8013940040232372,true_shap_primary_holdout_sample
14951,54a818a86c811f219ba965764fb7b64728659dfc44992488f2ab6020109576202aab7022587a8cfd8daaca9005b983bde1f841efe64da0cdef39df064adea6a9,N,0,0.8140403213920947,0.1859596786079053,true_shap_primary_holdout_sample
14958,e8ef32077199c8dc2aae9a6160af7f85db093ee8168651c023ce1ddd08be5379e0d47c4ca7cbb513891e18d6207bf279eea3b033c16ace5be17f8d7d88043fc7,Y,1,0.5768901119752797,0.42310988802472027,true_shap_primary_holdout_sample
14963,273258b73f6e337ca645c9c5739ed1107033520b1ea5e96b86d0075d78b9a92f6f0095acaa10748cfb0ef7da159f20dbd47bf1fbe599c477d73f0a1c53991470,Y,1,0.5244654152299336,0.4755345847700664,true_shap_primary_holdout_sample
14989,d382cd39c1466d8db79c53e5638f39a0ccdb4bfcc841ed3730a4c5a02e59a25954ddeb10666a9dff3f5081cf34aec0759ef8315e5632068c8553d2b1911c8325,Y,1,0.24334088113216282,0.7566591188678372,true_shap_primary_holdout_sample
15001,4d4a9c4f3a85d1416d12710afccaedc07df5b7174b80d9e594c92b73689ffffd04974b28944bc1f0d9469c60daf2fbf006a00167fabd52ea53af0fe6598fd47a,Y,1,0.9427981711480592,0.057201828851940806,true_shap_primary_holdout_sample
15002,c8d0a58c64fb41bcca5ab0d05158e9dbf77fb3aa5cb576711bfec6ce6728043bcebcb67dcbcf4fe3635fff47c0a891bdb19345c7cf6723b6d3bd581b587f275b,Y,1,0.5430120252151031,0.45698797478489694,true_shap_primary_holdout_sample
15006,9bea8f0c8eae307813094b50013efc19d894055ed765ec31495621519a15324a59c832b01cba5d993b47769d3c0db0a9406932e91bd5aba769295f90343a0c86,Y,1,0.45831059940151453,0.5416894005984855,true_shap_primary_holdout_sample
15027,d84ff48aa1633f9704a8d4dfcc31d7049dd9d1c7dc97375030fdf2f0990a39ddcd40ab36df585c6a62e658e4903999f2d63220d91347de6fa9aaa0430d775ebd,Y,1,0.9877637332049117,0.012236266795088269,true_shap_primary_holdout_sample
15039,b704399542d001e87dfb643dadcdacf1a5f6934db50eda5f5875c5059d5eaa5f7d08b996d8afc4291e99297bb4d4973208624ec2e56877080a499ede57819c66,N,0,0.2606249167921758,0.7393750832078242,true_shap_primary_holdout_sample
15051,e91f8afce57eb7ed85c07519b7bd7b6beab96ef0ff3e52d8a159f7b7a0b80153c35fc94f806447833cc7ac76c3bf9084a140a665b435ddead0ddcc52aa93d896,Y,1,0.16429904893209413,0.8357009510679059,true_shap_primary_holdout_sample
15060,82aafef925572aaeb29c579cc7b5a61682f07e87973c4ff0eab37a408b91c21da292128457dd7909c3a9e779f77653d98db993aa7bf4e79b8f70634e99fb042c,N,0,0.7878272334071242,0.21217276659287576,true_shap_primary_holdout_sample
15061,7be1b561f5e062a2aa416bdb79414adbe4d9bbe8bddc8c4ec28277b93b423f8556c7f52de145a9492b934a9c1063071a96a400f77852f649a492b54ef82040fb,Y,1,0.5387235065132548,0.46127649348674515,true_shap_primary_holdout_sample
15085,90f90a9c083062b1124f4045aa037e127ec5d119b1c9eb303a1feba31669d875ad74a2f4e31096e454ecdfb12718a1239032ab4999802b978f5ba6cf1c029bde,Y,1,0.9865344786488827,0.013465521351117338,true_shap_primary_holdout_sample
15086,5db21bd1dee55db697c9bea0c95c12ca2c2a906898132b3104292b38980285791e0dafe3eab206c566e75dac0e4721f197feaa96e4fc8b5ae2cb50897730b939,Y,1,0.9773697235115304,0.022630276488469603,true_shap_primary_holdout_sample
15092,ed1bf363f1114d5d3e44d4d963f21fff1e8b320f2c104344823a7a780776ffcce63a5a6bf6de8069d0a0234d3852cf4616f9ad90d8543ae30b216577ce116646,N,0,0.4745811464307177,0.5254188535692823,true_shap_primary_holdout_sample
15150,dc60c811d5ff7c1b960de429530fb4ea7833016de35c25a34876fe38a0e6c73600f337fd928e62cadbe2c3fca87d7c32caef06cc2a029e301880f8a5840a7fcb,Y,1,0.9801376748651884,0.019862325134811565,true_shap_primary_holdout_sample
15163,ab44187b9b19c9526f19ff8b13377e75d908354b0df9096ba3a11e02ccaa25ac108c9a17274edd5101e7f88bafda86977fd520482bd5e951153fc3bce8aa410b,Y,1,0.19291824966908852,0.8070817503309115,true_shap_primary_holdout_sample
15185,3ba56ec592e610e7fa7ec755b938aa71ede9913f55ea9b09f296cdcd60ce80246b3b8a39bde91282da5b470d3080e268e55749c418ab3eff73954bda5940653c,N,0,0.6281427372723318,0.37185726272766817,true_shap_primary_holdout_sample
15201,dc1fe11c0a9ab6032b1c3e7663ba9a7d866530f9a8f221cfac1b8888fcc1b74554df78e3f143a7ce70faa9cd056127a66d66e1f241dcb3bc9136801f853499b3,N,0,0.3276148484480283,0.6723851515519716,true_shap_primary_holdout_sample
15206,266bf255cad1332c65474bc8c0c8bfd39e03416b81df7068f3a1496c13dddf7b2b957401253a3d640c4129f902a86960010c3b7447f5e4fff5528354d6dedf20,Y,1,0.9767438290574352,0.023256170942564824,true_shap_primary_holdout_sample
15239,aa73d0264fd92255a6e4da7ecf1a272b75b02a8585f3cbc1c6dd68424e91ad87f4e2d50bd4aba231d99b66762466f348cb3ba8f48ba9eff3f0722ddf872cedac,Y,1,0.16085648137752495,0.839143518622475,true_shap_primary_holdout_sample
15243,6bfc2a0f501325b3053d13180078a6d10846370eed92f2bd433d792147c052b9c246635a3b3cb81fd14de20fb1542643919c4a5e9bac348e573fa3fdbcb2c5a2,Y,1,0.854614385155559,0.145385614844441,true_shap_primary_holdout_sample
15260,c9caa567ce1eb70aaf602729db1b09910add91daae0f1facd4b19ab7c27e358d8ba6d6fcc8a6cec9d50ab3a783977e24a58abed1ab4819711c57051dcdcd42de,N,0,0.6753123605027551,0.3246876394972449,true_shap_primary_holdout_sample
15262,d3a52bd21b07768d9fe0a08507e70059186b6cd7bf5f9b89031709bb01760cd343ef2b6113f48f34621d068b0f61356863882c748206bc8813c3ab5dc2fbc6c9,Y,1,0.2815317261274546,0.7184682738725454,true_shap_primary_holdout_sample
15281,89c8dfee05e9ab686019d86c703d022cced9582ce20f153cb9f67f4f7c13d1c8afc6038790ff68397aa0c81e12419dc4063d1a9d4d48b52babeb79c2b7fd6391,Y,1,0.9820626269545534,0.017937373045446625,true_shap_primary_holdout_sample
15289,8cd890ca71e93c155be5c854179c0ba08414daa1811a793c78a9a79565ead8e4524cbd233176eb4d544f3814816f8bacbc82f2b8df93dd236a2fc4c356efd300,Y,1,0.4739294761580284,0.5260705238419716,true_shap_primary_holdout_sample
15297,9f6fee977eb968a7c4b4fc0099f22696428a3599a886e4cca38a5317d02de0216512888aae3fc92947f97d528beee39e1eff6be36c76dfddb28bbdb4438e9452,N,0,0.8689600438929559,0.1310399561070441,true_shap_primary_holdout_sample
15298,871fa53f37fe60df375ca0d9531f028aa70477caf1acee3c2bf2402d0fa4c20df68c767adf0bcabb8bc624012c4ea822fff18971b31cb115fa4af7a636169b69,N,0,0.3237218226653451,0.6762781773346549,true_shap_primary_holdout_sample
15299,b473a66829f39be93d411789f5083142ca5450c2987b020bd10cd56ed30559ca4f443107641a720a22bc69917d76ff0528f8eb95a745dc85edc6e704bd7cd3dc,N,0,0.3611687649312023,0.6388312350687977,true_shap_primary_holdout_sample
15300,5794397e755aa3d92786cf7d81b8fc0597d0ba3195e863c3072776c7cb151616d8271924d9313710c8ef6255fd367337f10b0e1e2a6ca298430e057ff8207863,N,0,0.4207106154644101,0.57928938453559,true_shap_primary_holdout_sample
15335,8fad95012ef11fa2e2210f9d8d87c57438fa539aaccf48215c9e2afa3bd03a9cea2c406592fed297bb39701436709c6e3694a35b4e0a5bbd6930328cf41b528c,N,0,0.16876654425968035,0.8312334557403196,true_shap_primary_holdout_sample
15344,08ac6839485239fdc72160541951264a5b90fc9351275d2fac69c5ccd83407cf8e435fa2d1e947c3b5c5ccddcffc9f41baf711ea5221d36dd05ce045b4b2be7d,Y,1,0.9838307284589369,0.01616927154106307,true_shap_primary_holdout_sample
15347,c86441c2f5b77bd85932db506b361446c03f0afda8c9c8531c98e1ceb45645282082157e5880fbb460a14f0ab04beddfe894caf03e68e19b3eb899d711b8425f,Y,1,0.9809378577125626,0.01906214228743741,true_shap_primary_holdout_sample
15370,874edb5a3bde9a03b2f6c3660d4274a6c1edff08f6ddfdb6a520a3521769876f0351e51f319e5cf4c6f8362c350ea43ee149c71e63708106127b13bf7929f1c5,Y,1,0.9779656177666335,0.022034382233366512,true_shap_primary_holdout_sample
15371,cb79ee60b0b70e70f88cb9baefa146798e6195f9e361597ca6702f4e5b96f4048b86570d8ff8cd3eac0bb2769510a4c57173e30a5516d21c6d40fe0d18d50cd4,N,0,0.518433657348235,0.481566342651765,true_shap_primary_holdout_sample
15373,6df0c2ec5e5ca6d5c455e3020dcee9e0ec883062768094f42f9be5c7dfb171fed33b8bccc519f4441f955b14d22ae89265a5d97a9286687bb86974209e114660,Y,1,0.9793161515183155,0.020683848481684475,true_shap_primary_holdout_sample
15379,befcf3c6c95eb59802866fff784fdccb6c53ec6d4a16f20a455a8f03a71dc907504d5047ad51e11fcb00fbf52c125e0a3e17ebfb2c27d63afaffadb9b3789813,N,0,0.38933382720203835,0.6106661727979616,true_shap_primary_holdout_sample
15393,c409865f0a459f5ec17e184a595196be3dc0ba32ec50faa311fde13c9ca0f5a24739590a4071b443a38fdaf048f90484cc27b60ba97e5f46a9bf2cd5d7c7a127,Y,1,0.9775202094446209,0.022479790555379076,true_shap_primary_holdout_sample
15395,d9adcc62ff3912059fce14a61e4bf7d65839b9377a59ff923462b65bfd5ce4cd80e29fb5f169bf7a7253ed86aac6818fbae26d3c778dee41e75a284490548c11,Y,1,0.8502276861669891,0.14977231383301093,true_shap_primary_holdout_sample
15407,c6df2ba68292a7bf3876e01c07587f9f98ea0a805a7e3dd1aa04ac69cca7d3ca0d6fd040d36610aadb6d099b314f1f76daedf0210ab1c8c82b2ad6475a645f5f,N,0,0.5324391720846331,0.4675608279153669,true_shap_primary_holdout_sample
15420,998fd2fc28880446caedd9504e049e2b3a27cc791e0f7bce6b659d083444c4c99e6dd43793972da1444baf452f04a190c251c4dfae5180f6600037988d393393,Y,1,0.4523544841446665,0.5476455158553335,true_shap_primary_holdout_sample
15441,77893626880da0346f135910105bab69c2086e8058af87b92cf7bd8029db09b92907f2758e8d2c77b9e8e5e82645cd3c804c72d0abc941b248c73e477be423b4,Y,1,0.6661555534864194,0.3338444465135806,true_shap_primary_holdout_sample
15450,de6d6545b75fc6b0fad44e54a2b86db7cd03b2b5f24324cfe2c2d5f4dbcc36485d8142b39b8d9321c2c8728f6445a487ec8f465e994a30920fef02cd6d2f758a,N,0,0.23104867501018786,0.7689513249898121,true_shap_primary_holdout_sample
15459,68c58c87ad1bb364c3e4fb28adfc98c4ba8585ca2440abb66c8c0edee7854fbbb29f321d8ffa3342dfcffdb77e93c84f729f3bafb8ef77962f384e65f9f8c6c7,Y,1,0.9857187275524877,0.014281272447512317,true_shap_primary_holdout_sample
15487,23bd9bb8ad690cb734f1b47ba350b5ffacbc4e4772ae38e5128164c9abfd5a452e30e25ee05415126ade63145cbafb8a9b86dbbebaef206110207efd11bb1512,N,0,0.92754744786069,0.07245255213931001,true_shap_primary_holdout_sample
15500,bd6658236e5eea750a5734f9b13da2d96c363d25b1284a4842c929794ccf3edc33d5f89b2d0bfee6e3b55017d43d27b14bb7deed2940cbcd2c8ddff7695c5928,N,0,0.2730918584585592,0.7269081415414408,true_shap_primary_holdout_sample
15568,adc6e53028bd92e67af6933628ad153752663d810b831a8583925cfad3f5ec6e1c11a6d5433fe6ffa2a92b983fd175c4130bc1e81269d2ac6d3f7f443e3c95d7,Y,1,0.9617673308659667,0.03823266913403334,true_shap_primary_holdout_sample
15579,757da61524e60e6516493f38c1afae27c5c8b2129434eae917e164b2e4c0bb66c000301e4b7e89b121a00b8fd7b7adc48af3358c6783619ac48b7f9638b582a5,Y,1,0.9781988554235318,0.0218011445764682,true_shap_primary_holdout_sample
15618,540aba2a9fce85c9d4b84499b3fe2874328142be05f92e12b38723a0caa37e6c9b1a072850c09f684e5015c426c14a57150ccc2b6016c885fe97800b46af3ed4,N,0,0.26280699625637277,0.7371930037436272,true_shap_primary_holdout_sample
15640,02dbe68e5a2cb3420a3db25cd30806c6e468d0860cc348c0ad274d7dc4a5360d5d3b498b745a852050fcf6a49814f1c2a06d0fb138a0d5a4996f374f6766572e,Y,1,0.5168230780174418,0.48317692198255824,true_shap_primary_holdout_sample
15649,d01444dd168815695718d8b0870e72867804ea56536074e9df9b715ad211975c92f917a3c81098d7710670a0705082deabb6b3643f2d12644a7e3dd81dec00dc,Y,1,0.9029815912317521,0.09701840876824785,true_shap_primary_holdout_sample
15671,dcad167142b8adfd6ab04f97472433dc951d35817e2221b763967580108b46095bec0e8d7988d85eb4d7e4f0dcca9f0cceca30d88341e1afea49933e11fa8923,Y,1,0.979688849907226,0.020311150092773955,true_shap_primary_holdout_sample
15675,ea678e95dbdca70bdbad4ccca7ede62e6c8441019fe03673cbb6eacd2ed4ecb017b3d4584587c7d5ccbd4e0efd23f9f1f7345cd48e24c7bec544a9974b2c6145,N,0,0.21929440630786057,0.7807055936921394,true_shap_primary_holdout_sample
15693,299cdf5a604bef6543fb286c4b61bf948f2880ba55c7877113c8f9107772d5a382a33513b8e173ee1af8027cf9ec7028a2b18d8e3fcb9440630ee1630d344271,Y,1,0.5903024769898283,0.4096975230101717,true_shap_primary_holdout_sample
15695,f9c6e2a2e1a011da8ae306687ada161cb232572fc56ba2638dacd7bbb5191a5659c345f44b366bb7e05cbaa596da284c758a0915e188ae57ff07ba2e27bb35ff,N,0,0.8206685941309976,0.17933140586900242,true_shap_primary_holdout_sample
15719,67ef020cdc82095dc55e583799f8104e84faa3815c8f547ae2aaca029c6e4a0a418f79cbd9815e32be36a57cb545d8efc611e556fc702cb082e29055b31eb0bf,Y,1,0.9693239629294921,0.030676037070507922,true_shap_primary_holdout_sample
15750,2cafc668c76aae8384f07297d2065211a2e6d53a2305ffcb682ce91cf6edc5048de890b278da7d991482ce5b32922cde8dcbf8e47842b7281b6b791e9a3933e6,Y,1,0.7326981034832822,0.26730189651671776,true_shap_primary_holdout_sample
15758,af17c45ba3624efd4b52a90029466a6bdfddddef98d53252c60141d48250d5647e18ae7dfb319f44a5f9725b5ad168a79a5b8f944d0e39756d2f8ea5f0097e1a,N,0,0.4763170520754683,0.5236829479245317,true_shap_primary_holdout_sample
15771,3e5897b42db8d662d8db3baaab428e93f488f88c2afbb39fa10ffb63657404a08172cb068a6a76d3d74767fa5181d2ad772960e8814505d6e15595c995431c93,Y,1,0.9864300200845224,0.013569979915477592,true_shap_primary_holdout_sample
15791,4314402ee9c4d348b848f053b7ade822e83f9fe27f7451f2d10214bf60cae06e424b826fdf952843f6c950709cc4b5b32e2e52389efbf14f1ae37b035e6b3fad,Y,1,0.9856018002600971,0.014398199739902862,true_shap_primary_holdout_sample
15806,426e63dac0cae624c78b6436dad5005e4e0c44a0dc1a23d203423a01e36e9bf8dc99a83d1436aa2ab066f3a9774829b81d6a9c1bdabfa55b079bec93442f5d07,N,0,0.3249582166934456,0.6750417833065544,true_shap_primary_holdout_sample
15817,1458bcc33a45d4781ec22d25171c373c2a62220c164cac29ffecf50533dc3a65dcc2dd751a11b496c4e1bda8f715f8806ae134f7c56808d44f4062938c769dbb,N,0,0.3289856888577523,0.6710143111422477,true_shap_primary_holdout_sample
15894,de018edeee14393fbbd06dea14fba1867468e84bed4831699c4d6d650deca7c306e457016c87ec5e77193bd5253f699d4a9ef26ae6a073b753e9858e809d4f7a,N,0,0.48123927111964376,0.5187607288803562,true_shap_primary_holdout_sample
15895,76ef30f9869a35ed7169b20da4dc81ad4d13ef0af5cee476526739488864134b3b1a7c756ddfa7e6e101f1889a95eb9e9eea945bfb0b26649aac08c721ac59ce,N,0,0.41409526723364054,0.5859047327663595,true_shap_primary_holdout_sample
15904,502c0efca95d42eca75869a02f889224e1176c2020d02e3332b50824cfe755bca916c967e5ee5ed7560f43906d4eb104b4939eee86596129cb879eb57c54c65c,N,0,0.7947416848219258,0.20525831517807425,true_shap_primary_holdout_sample
15915,51bc464755eb413a9d21dc90997f88e9625119b15888700c6a6be3ee28a0244cfaa59af2a28d98204ff2d6f0c9aa69e56c8c03155a444bacff7ea284a48d7f75,N,0,0.8356860914286623,0.16431390857133765,true_shap_primary_holdout_sample
15919,79ba0d3776a02f8f6e9a91a6fe6d708cfd8273bd591fbfd4795c32d680a578d5f24cc2a253fff649d9e851caf5fe0fd263222791b8928418f5a1faa18a994a49,Y,1,0.3875350864335125,0.6124649135664875,true_shap_primary_holdout_sample
15949,ed0d71bebc5e8af90a0da4657b4d202fbef0dd1bb8d4ecd0c478b18a05c4f976f2c05b596f1b1c63778d1548eae479599b29b6d7010497d816984f6f0654870f,Y,1,0.9859484890458878,0.014051510954112167,true_shap_primary_holdout_sample
15975,a0a4eef9a6e2f804787e8a788077894ea8abfc22080d53c121ae31802ad53813df832ebe1afcbb2a7f362e55433a1bedd52ddbc327591a966135bdfd538b39d2,N,0,0.7159128859678648,0.28408711403213516,true_shap_primary_holdout_sample
16012,8a9a60fc19601400195efb81491202a48aa4bc5e7534899b69a06f227f22825391ee24793d76fb990f46a657eb053bcced1de0577c2d58f0c04dea8508aa00d5,Y,1,0.9864099362731519,0.013590063726848123,true_shap_primary_holdout_sample
16016,a4795d23b7891e992a19fa7ce31272327f0ec41981557eec00aa4bed01dee8159e81df53ffc62cc2a63d4e2f22d272159587d5d30c81a7d9347a15f7ef4ebae9,N,0,0.16084164106289847,0.8391583589371016,true_shap_primary_holdout_sample
16033,696af8c4b4de423fb30c79e9b97fbf21b5bac4a77226acf94790c0475d70888cce3982713d0c427f9f36169d824437b6b12bccd87944431402fce3631ff822f9,N,0,0.170311968416825,0.829688031583175,true_shap_primary_holdout_sample
16040,5b14d5322d801571e42101d4d91642f8f7b52a4fcafc01cf02feed746704c66a2f55e2d0f727c4c479a656e718788d0d3e7b95832e6911bf59b44eb8dcb3d71e,Y,1,0.7631352956919415,0.2368647043080585,true_shap_primary_holdout_sample
16070,b0681cdad814e55ee3674ff6bca8dc534802b605c2a81ac68df696fdcc4160b39dab588d7fa6d8b43c6583ffcc8d705bb3d099e9787c80801b45318cc472625d,N,0,0.552390098493009,0.447609901506991,true_shap_primary_holdout_sample
16077,c38a345523bafacaa42dc28af99d19749c2df3dc758a95eda20ee9542e1e0578b79c55b5ecf4a0ab8393872400f7e5e352e2daed0dbb7cf02c8f725d54b82798,Y,1,0.5651322027419271,0.4348677972580729,true_shap_primary_holdout_sample
16088,563a047cc745f2f6289e7c6c860af384402732622752defe22a129a5376e768f1671b0cd7a143f768e6c76d726098b67885bc2c35b354a0f44bd213d132e2e09,Y,1,0.20807381053275076,0.7919261894672492,true_shap_primary_holdout_sample
16130,8b45b8b6d3787a2608cb7746d06a90211fba251acfbfb4632b05451abf57da2a5814619b2518923b8d58f3b67d401aa6c1dacbdc337c66072999f59188f978ff,Y,1,0.9826397695362012,0.017360230463798754,true_shap_primary_holdout_sample
16136,cde5e8c37586e606a19f9d54af5cee5e7e3c40235cf52b02a4fba5743a88aa4f2816919b3481b08b10f6ffd313484d184d42595ee19acbc2a470634e6e0eb24f,N,0,0.203538657961497,0.7964613420385029,true_shap_primary_holdout_sample
16141,9fb90a493a4b80842c07f58a2de4746413478684bc5fcfa301038c0781c5eb6231b1d034f57a9ab822a92042d686f4e0a6fe50cd15e2ea9ddaf17c12765869fd,Y,1,0.7564528015385467,0.24354719846145334,true_shap_primary_holdout_sample
16155,e0b18579ab30f161bb34e8f8b5dec49fd076692ea1de2481c956915c0e065cda271bcd62d58d8989a39dc76066bd562e08294bf2ae3052e5d15f43a00876ba86,N,0,0.19626915850636412,0.8037308414936359,true_shap_primary_holdout_sample
16163,058dc54f2c008831537ac60bae689031bf0eaf5ae035a2f9e6f0f1ca9cda2b8573c59e98faae72a76c75030196e18f3d741c50ba004aa1da5ede4e9b02bff8f0,Y,1,0.975534672195719,0.024465327804281012,true_shap_primary_holdout_sample
16166,5ed6de118fc91b1454dca290521148591a441f692f709e14337a7b35941f68b23127b4aa2fe7c816370dfc63a382acd4f350c61823ec7e6788ff30f64864be5a,Y,1,0.8762156435052146,0.12378435649478536,true_shap_primary_holdout_sample
16167,7e460a7835895213907380f3e2f631a505c4bda0d7b65657fa729c78ab0686f0f0e731b279fcc7f4343c1e9d082529a19b5c852f68d5437688033fac8abadb3a,N,0,0.5008787573654729,0.49912124263452706,true_shap_primary_holdout_sample
16179,52f732bd139614111a1d1b7e84475de72c6effd0e789aa50ba1292fde748e50c72d6a034525ecbf77179a9fcae96900fc59da162bc1443267bfbbe65b55d4cbd,Y,1,0.9798269212723243,0.02017307872767571,true_shap_primary_holdout_sample
16185,a3eaaf62bf31a0476d572db374045493186e4ae3be73aed5891fbd44b89a23db3cbc2ab273b8769a1f034fbdc1a65e5d2fc92aad4232deae7b5ac76c05a0d322,N,0,0.4123077317431958,0.5876922682568042,true_shap_primary_holdout_sample
16213,8a0de9e7fe4fa6c517ae3c6ad0c68b1c24964d98ac3332a5b33b39a135e5ce80ea6e46f9195203b3d0bfc5c60afcead4c2c36537f05cf356e101534d5f1751e9,N,0,0.37520791859062175,0.6247920814093783,true_shap_primary_holdout_sample
16239,9bbb4038193b9c2bb7a2e6f69235b6270af6ad46debc1725eaeddb0bd9c98c0ccb2b03937c8e7734d2a2e1063bdd2d870f39c3a1ee078b32019f28dc0c61a712,N,0,0.26795552068907186,0.7320444793109282,true_shap_primary_holdout_sample
16241,3e20048f475093d656e91280c24361f726b18e006aecfc161265fddd14809e9a5be5c2c9ebdab500d872c4c26756f3b60eff77747e19806c155eb199e9c97b18,N,0,0.25617091977232076,0.7438290802276792,true_shap_primary_holdout_sample
16244,266d28d120b5b853db0592dc09cb43acbc4b7c62c690e927f8c4b1f2177af680719d31befbe3802009a43c41e535d9ad56a4711cf90a92baecd7a8f909926793,N,0,0.4151438694302175,0.5848561305697825,true_shap_primary_holdout_sample
16285,da7cc45d5f206518018e0865d182a7b84505655b211d683cf3f842c7c2cfd4ab67fc3de70fb09825afb156cd3d04f6929f45a057573e031216eccde6a47c82a4,Y,1,0.4623570632730167,0.5376429367269833,true_shap_primary_holdout_sample
16306,d3d4ce854847d862b2bd8a9be898dc2acc90e3dc661ce2bac5e822a213809a45ec232502e35b479192d8f6b7676778d378c2db38a30403f2acabe0f21848e46b,Y,1,0.9813792673867744,0.01862073261322561,true_shap_primary_holdout_sample
16331,f855fa8806e856267f6a834e600090f042b272aabc05f12f01aeb4b7fe61cc90d3c0ad0310b3fbefe7c69803b3a5c752b094fd9361156083288fd3d94fd4a416,Y,1,0.48262856577939006,0.5173714342206099,true_shap_primary_holdout_sample
16333,c21c486a3acbbbda715234b4e548bcdad567d03086c8f0774eca58fb45f3e7ba3f3370859b785a4415d9fafde1db940834b0e0f92ae7008d5267205f8e74f81e,N,0,0.5034649582213253,0.4965350417786747,true_shap_primary_holdout_sample
16338,24e6e45acf403d1c860cd817b709d213be104c4a6c026f4b6df7a55c8342e98564ac14732cb3cf424b48b43c75e68e52d4af201edfa82d72467e236a6462b86f,N,0,0.5150296039223702,0.4849703960776298,true_shap_primary_holdout_sample
16350,d4b960d0301f276d076656bbd39633c4ce4cc36c9ceb3b138f1788a828feabf18dde6729a1aaf049648c5e58025b93e0c819b88609668687428ca655ad512696,N,0,0.2201866010204962,0.7798133989795037,true_shap_primary_holdout_sample
16359,4e28ee6f8448f8b9918e92fdd0a94e6c9953d2751ac3c54dd7fb2b0da3d1e3fc6fdc33bad080c249435c4bb01594c319988bbc3b82406c0d5506b8421bde3f7f,N,0,0.6598569991880258,0.34014300081197424,true_shap_primary_holdout_sample
16362,dd439463c4bb21d617c973c70296c62f0c40b4b0e7f0aa6b32959ab4261b1c3f1bdc8eb20a34e3051170eadae1403096e61f1c319fed6ed5d47987c32e947e9c,N,0,0.4466294311199582,0.5533705688800419,true_shap_primary_holdout_sample
16370,8e8c2e9758609603ad308d71278109bb6516c86673b7787aaa14b1986fb4970e0fdaf4ce6a143df148e59b4fa4622c8f87d05cf70806240d148b34a9c27aefff,Y,1,0.9832700301056454,0.0167299698943546,true_shap_primary_holdout_sample
16384,049229476c0bf91a16061d05caad217e2b4a381b3ab62711efa02147cfcce2c2584924b5cc0c47ac51c78ca8c554de550085a25dc86ef04bba70e4e3476bff7e,N,0,0.818688041978993,0.18131195802100697,true_shap_primary_holdout_sample
16388,947afed76ee338208101ae0c020496ead8e762375ec23b919f162e8324ce40b883125c0ee12840eb571914002e0254684c367d7ef1d9bc2312f067fc99acb615,Y,1,0.9741119534313307,0.025888046568669276,true_shap_primary_holdout_sample
16390,ac4e3d0a0d3d83b1b41cd52d4ab74da4871d80ea7a92be517a192854a99be81455bc221781444411af9449727d37e766cf638e7912b08a30e7570046047a11a4,N,0,0.15153402054820947,0.8484659794517906,true_shap_primary_holdout_sample
16391,67e6bdc7de00c01dd214456b64ef8abb51bcbccf345ca4faf332c9b4434dbe0990dc63f639c564908e79fbea9aa58b3917c71b7064d719f1da643cae1a67ebd3,Y,1,0.5334890070594547,0.4665109929405453,true_shap_primary_holdout_sample
16399,b50b97145a33b6f7429b6d9b6fb8307bd26936b085e32bef826dd351899b98f4b41990ec7f906d432c1a3bd29d63e005da4a68499259b723118d2bb0efc016bb,Y,1,0.944581025701189,0.05541897429881104,true_shap_primary_holdout_sample
16400,818f0d611a25f3ee9f0d43c679e06a29c6c8828d435d317ff9db1e09318068a1f875d7f3c90f633a2f4fcc96332be3cd115b02fba2c3b7ce0fa57f0ea17ffd1b,Y,1,0.7505603279189808,0.24943967208101925,true_shap_primary_holdout_sample
16413,75fb00589cdc40b158fad3be00f43a263c5c4044969715030f5a056d1cb2b827cd4d55ba15ae5679ba5143b08ecdce2429e587b9057385114abd9b91126d9c6b,N,0,0.31798009075883105,0.682019909241169,true_shap_primary_holdout_sample
16415,24779f4e3dd448bb18d784b339cb19c54b33d28f5144283895dec96c48e864d987731195063b177f0eee8fe3a564e37c787b61acd498b2f960a72a1f5cc41038,N,0,0.5045448040790984,0.4954551959209016,true_shap_primary_holdout_sample
16428,3922a91ec76a6ea3784c51f74893a65bb1ab9e5e7b68dc50176099b39daeeb257a990ef83cda04e03451d9a0dbee719e60b8d945296ebd376c8b31e8ef9b35a4,N,0,0.4642121214842757,0.5357878785157243,true_shap_primary_holdout_sample
16444,d8c1fb2dc7251385dc0480c13f4a116ab7855e733f9970853961620a2be2deb370bcff52286d93f5681704a87a3037f7070aa2b34669f02c3f6788b050f55ec9,N,0,0.22777850665701266,0.7722214933429874,true_shap_primary_holdout_sample
16449,68cd90f15fa2dfe3dc674aafd2eefcd18eae7a31a9f41f6cadbca1186c90c68b22aa99c7bfd81ab38c27f48d1f3d33440f513bc2b78837586b178dbb266d6021,N,0,0.3513986107704548,0.6486013892295452,true_shap_primary_holdout_sample
16454,16bb5166e446d2a0505fb6794f8fab51323ce38eef3c8e67a21194816c6cfed834887a8ee32cdfb2732de8bf7ba22f40a377fa3a79605cd626541e367487f8b3,N,0,0.4834250266916577,0.5165749733083422,true_shap_primary_holdout_sample
16461,c9f05d088e85fd553153c3dfd9502fa4af234ce9a7eb65738de93739846649ed515891a2673ea0273e4b43bbb838b51e53c661df572fc572998df612dbff8f6d,N,0,0.7794219232361477,0.22057807676385233,true_shap_primary_holdout_sample
16469,45b6df406db27c18b54c475680f7cfb06de62c2299bc78c730d60dd851cba6988d1b9f2ef69f83292c18b73971fda88faffa4225e33d53c4129bd06db12a8217,Y,1,0.9815502342750894,0.01844976572491064,true_shap_primary_holdout_sample
16482,c021f3e5fc0edae8a913538d4fccf46e50f5d089ebd6e155ce48f024554a68bf8991b699cab95e7dca2070c76ef0783463b4c92f54f277de1946968dcc72f3b5,Y,1,0.9812189303119615,0.0187810696880385,true_shap_primary_holdout_sample
16500,0e2aee542d86080bd607afae2035a181b7496f711e6b883b041c908841fcdfc6ac0787c0ec3fcc7e9aa0b5f932363da7736a3a7ce3bd2c092a6be2b18f33195c,N,0,0.17341862910103129,0.8265813708989687,true_shap_primary_holdout_sample
16524,bb52d8e022ac47b5e26794e16867126175e53f3f2d92cc6b70948b456ac21adac4fbfbd747863870cbf700d85cac4f8e62a294c655c4615203027fc5b569a733,N,0,0.18602744561325024,0.8139725543867498,true_shap_primary_holdout_sample
16541,a5fb5657a692e30859ca087ecb258232d4e0af3ca95513d49fce370abe4069cf3f730a5934b332f1522bc5681c421ffb64e11e3552013290dc72199dfc0a831e,N,0,0.5014976964251917,0.4985023035748083,true_shap_primary_holdout_sample
16542,bafd6d9916e786a2197770c3bef6e08daa7dec83761113980f83c0b2c409af6acb406e0f560f6a1da75e351d0f093bb0d8c473f37c58edb97369f04ae82729a4,Y,1,0.8937319818075588,0.10626801819244125,true_shap_primary_holdout_sample
16570,247a37775ea3631b32c93e8190c910c71ddb1767f296a197188f947f679c9f6b72dc0054baa79506162ccd35545f4422d1739cb35d130c011dfd8eee7233faaa,N,0,0.23149177681908784,0.7685082231809122,true_shap_primary_holdout_sample
16571,d2b031324622f237da79ee3efa57b56df6e42e6935179872b142c4d73af83f01b7f57ff83a851edcfb52159d35b955c0dc7a5ce582610deb0e0318ea978f35d2,Y,1,0.9856598704404883,0.014340129559511694,true_shap_primary_holdout_sample
16574,b7671c68579a24423426b7446f78d3a864783127c6e3d997b122639bdceddfc91b49d2ab81b3921d9ff76a85cf0c306d7fbfae82654be0ee1e599e8e8876957a,N,0,0.18469132230725266,0.8153086776927474,true_shap_primary_holdout_sample
16577,8047d541aaf639057d7907b1b79f41c11d265658ee679ffb919cc70258a45467407f0ef1ce2ccd1d9476fc1cc73cb570252ae1a0bce9f70d77a57932eab4d611,N,0,0.2095640921880173,0.7904359078119827,true_shap_primary_holdout_sample
16583,1043feb67f1ade9a9cb60072b919433fa8d45633c259ede2a75bfa4ab842c3d38b9bb8c009a54dc9ec5f64ad3fb47f73ac36b91788cd886b43f7bd5cc1cbf22f,Y,1,0.9797917548381628,0.02020824516183717,true_shap_primary_holdout_sample
16585,0ac9e74046d9e11c9ced169f1691ce5d6cccde9ff07f56291a075004b898ccc244f396495d860fdb05132a75e9607ad206db69c5aa7b1d4252b131f505ed4417,Y,1,0.8262635318571795,0.1737364681428205,true_shap_primary_holdout_sample
16605,6b133c068cb132cdb622a4c1fbff9891f641acfa90910a85806f5bf5794d85ecd2fc6b9f7bba83bb50715b6d25de36f97ada2d7a4553c58a2ecb988fcc33ace1,Y,1,0.9446690993857058,0.05533090061429424,true_shap_primary_holdout_sample
16624,91767588dc12d57e3b71f795ad67fd879bb92b7fdf26df41384be21fce7946ce00091b7e469f50f5ee83d69c90e5c26557dc96242116b9d20436afbfaced8654,Y,1,0.48707062340062823,0.5129293765993718,true_shap_primary_holdout_sample
16660,a1b4121d0d5e21e6a648b669f9317b9a249f307f6925b458fb5d43b432ed2c97b61f7a4749897d3b3c597560632122a04d88d12c04aa0aa1796bc79343e74e33,Y,1,0.3944655567071389,0.6055344432928611,true_shap_primary_holdout_sample
16662,8d1dc6aa6d99740bd121446005989e910c676bdb613a4c7be22c4f06b5da5b3a1f338f047df0b9f84f264c0ed2b15cfcc043522444e55064d00f57dc6e81d516,Y,1,0.4845528999949454,0.5154471000050547,true_shap_primary_holdout_sample
16666,295771cf4b832acb9a0b17780c119883435bc0d415233746114e6d56e3b91f176d26ca4b9624107e5f6dda5c681177369746e9d2d16574f42eed901703167db9,Y,1,0.5374828864327754,0.4625171135672246,true_shap_primary_holdout_sample
16684,1d1196d75628b3cbed8708ace9bf518dbe4a6eb84dde45b32762576cb4397804929ae4d855be954f4b6cb97f39f2fb6d5f6c1e82d4c87f8eeceea185fa3ac8e4,N,0,0.49560218636551606,0.504397813634484,true_shap_primary_holdout_sample
16687,05763500af5156f80d4fee6ad92312e96e13a2acdc3ec84fc26ec1a3031e999507f191247a5e13dd3ab11f12b7d3c999b1f070fb2a4d3cf69595eaddbbb49b91,N,0,0.21205060787307353,0.7879493921269265,true_shap_primary_holdout_sample
16696,7d6b2d2b734aabfe0d3e6e32f5d1e9e3afa02eb8f3de7e49d076df3ecc22db0319d586a2c9183ef75df8f6f17aa271317c874c914896e6a1ffaede9bb1ab83bc,Y,1,0.8441727317274775,0.15582726827252247,true_shap_primary_holdout_sample
16707,6ffe61c8b97b2039b40eea135895caf3724a709c9aa3674ed90a7acb6999f1fe85ad71f8924d5347ebb6abd8e5515a5c7acb04231ee22892f66396bf360a9b9f,Y,1,0.5189052462848471,0.48109475371515287,true_shap_primary_holdout_sample
16711,2863771e338a4d7d3f86899a146c83a116f244f8f513aaeb3e9c7be5819bb24128c76acc001b3643ff85021880ed7f18f2c1972a4fdae345e997329e49d76f56,N,0,0.40347606468664965,0.5965239353133504,true_shap_primary_holdout_sample
16713,61cd3a62d9e527ca11b84b0524210d00c673dab7595cf8aec0d8ef7377ac992300c90e91a2a57bc3d89633f71911c3bbde6abeda6433d5af4c997d8b0ae0326d,N,0,0.4763496858356428,0.5236503141643571,true_shap_primary_holdout_sample
16734,3506292fc98df07890d0d24aa7c9db401b3fe3a2d0ef7b06730228e0b8805bdb081cd6323958734b1c39c9e5fde53ea576ccb0480c11c4b2b7a8d6fec78d7b74,Y,1,0.9801686845127308,0.01983131548726924,true_shap_primary_holdout_sample
16740,2f0c2b71f6e56a5e06c4193a4df406b4bc13cf005757ddb2ae5f69ca4dd8ca4c366a9f588b285a790cf11062cd040a1c6aa34bb0c2739196ab8d6e7897df2b54,N,0,0.4631629610861148,0.5368370389138852,true_shap_primary_holdout_sample
16745,69af5f458fc5445ddf46195dac8f2226e99c0c540a9792848926d979297e2a4d4e461ac04e81ddc0fdd7c6b364c92c99817a1168a494c634299cffdea452055c,Y,1,0.24359265773418204,0.756407342265818,true_shap_primary_holdout_sample
16775,f8cadaa79fab569e7941ada1fcfb88db2e3a70e524ef7e448f02e952ca389a82dc4e460ff36f5843243a942c01456f551a13c9685ca9abe1088d164bd656405f,N,0,0.3584676712036383,0.6415323287963617,true_shap_primary_holdout_sample
16781,7985f738cdb8feb7a15afefe19c1690c8a19f7f2d0ccb4779ad9df5b1d8a41a2a062d8abd46b980da4dbccef0439fafb79a4e465b52f411263c04f9af948d737,Y,1,0.7988005783626021,0.2011994216373979,true_shap_primary_holdout_sample
16809,64417081a00d70d0bcf26c8af0d1fc7b6d7d834ad595236a1fd5f990649cbf0624519746fb4ae9ef20214b3e3b742c05dfb7c58ff7a2240438bf6e4c9b5ed30e,N,0,0.31889314879285047,0.6811068512071495,true_shap_primary_holdout_sample
16827,af1a08d71c23512d3d09c267015c309ea25f1ff846202f18922ef1aef250ea70bef5e654c4fc92b30e72425ba3146cf6d4da43499c84da49c7f736a03a6793e5,Y,1,0.9774851105276993,0.022514889472300736,true_shap_primary_holdout_sample
16876,351de56b12b2ca303f7ab0b5983a393369d3a03fe62d97c2d59c28d511affc3b27072b6c84d4239ed2b33691ae3ea831462aadbaf022d3a71d7c2839f101f5a0,N,0,0.15274713927744651,0.8472528607225535,true_shap_primary_holdout_sample
16882,8edc931d7195d778f5c519d44d7264f4d19c5a55853eac20fb0c2c5a346c138f7ea4a4527bd4e217ad9e573bfddbcfd9599bc83fc5248dc70a76f6198a3ba5e2,Y,1,0.7089191629565709,0.29108083704342913,true_shap_primary_holdout_sample
16883,3dc5bdb3e03904dba0bc753165646910ad7f14340ea401ef0f52840501f4055f38fc4521355a730d8452574fcd45d5b183a0c8379d0bdbe8363cbbff4a87f5bd,Y,1,0.9735356639622866,0.026464336037713365,true_shap_primary_holdout_sample
16906,24ddec35a49c604543b01d735940d8fdd1ac7a527fbb6d536c927ed44a8e325c6c1767903e4c69b437d1d749fc694ca87b378353fc9a0fc361b6a63a39e265df,N,0,0.5151240053834631,0.48487599461653685,true_shap_primary_holdout_sample
16920,2ff454e39a11aae02aefa322ffd3bd9fd0855a963401b041bb60a2b379687c6e6afc6141b5538e5b46639b4ed99f34af019491b0d3d12d01d3a9d6644ce81246,Y,1,0.9817285467712682,0.018271453228731804,true_shap_primary_holdout_sample
16931,4b440f411a4698f8428cb692edc038067dbf886bff98eb99030bfbefeb69af33320a341a8a0938799a14c659542d0e868b0441641fa10b4b314e0c65de345a59,N,0,0.4552269119795918,0.5447730880204082,true_shap_primary_holdout_sample
16938,4c7a53b17b61400e3a68f1300eee9f8597128b7ad11961d69fcb9485cd5648782f5b99c10a6aeff2398f1326892e559c8400392c2d46bae8675acd3e8b59feb8,N,0,0.5150055005872562,0.48499449941274375,true_shap_primary_holdout_sample
16941,7d5804ad98f5c6c515dad2bfb647ec4012e7fc467542f79d605f9255f08cad7158c32229fd585e6ba1d6101a7c5b32d6e3d5f9b05f234a615179ca7948889982,Y,1,0.343952215505202,0.6560477844947981,true_shap_primary_holdout_sample
16952,951897a38524051760c39d4b65533745435ffa313bf0b7f2b007e9ecd883baf5790378a26c77db09bfa86045f3b93d731d8823011755524ead8caa7b5667f88f,N,0,0.15861240592117132,0.8413875940788287,true_shap_primary_holdout_sample
16960,057bfe2933a888f9295947d485fa216f6610f5c13529f2d71634baa4862e7d38291e1d0f68e9aa578e79340e6c9aa7a39b771b82105186537768f67141354c93,N,0,0.2284573205600278,0.7715426794399722,true_shap_primary_holdout_sample
16979,20b749e1d1db561ebe1eb2b0e06eed4c22c4790cbfe5362b952d367c8ad033b3a37c8a3c1990d291131a166ef26ff1fb24113597c50b0d50d7a186df8dfcb81b,Y,1,0.7213319933998866,0.27866800660011337,true_shap_primary_holdout_sample
17009,41276af1dab1c67f13203fe8f7c2b43b6c600a9e66177bd18fa48e1474a012791eff570685c6034376adf57735c00b356d22b7d5607fab590a063874be9ccb71,Y,1,0.9819740914866534,0.018025908513346622,true_shap_primary_holdout_sample
17017,127436126e98746526646f4130d18210ddc2a742a8e7ed961a75580397d3d0bfd8872eb965e282a8b69886c9d032e322f86fe906f29d282ee51eed9d58f6407a,N,0,0.22033888787175707,0.779661112128243,true_shap_primary_holdout_sample
17032,ad79963c5e5a41348cd808790baaa0863679a1fb741bced5e0d7daad25b17dfd0ec4bc3703914d224c1d848850d02e87c5544dfe6347d877f1e4f4b86e9d3cd6,Y,1,0.9856583996799173,0.014341600320082692,true_shap_primary_holdout_sample
17046,74bcddb8a911ef5f0a44c16bcf4aadd2c97f862facc570bd0332242816d5377a1fa18a888b1f527a18f73d6c3812b9c3a7df5171c5c3fc384c21d4bff6a3b1c9,Y,1,0.9831636764735225,0.01683632352647746,true_shap_primary_holdout_sample
17057,94b8429ccc785764a39c3dd79eca6ece9a531dd5e34b0f96a4b0be1f5a2498f4513ee8c74cd54871ec4e699e6057497b46848d5d558be1b3dfe2d80edabe5e74,N,0,0.21493771818244148,0.7850622818175585,true_shap_primary_holdout_sample
17058,e35e0e4f67e100aee5a083177a908f7931bab9791ba8b4edda9f40474fdc75232f9674b0b82a6859e03ee3f24405926fe314fa0f45289fbd3032597858fb0161,Y,1,0.6598569991880258,0.34014300081197424,true_shap_primary_holdout_sample
17088,4c88915e6eb1bbc23f714cf3c121b1082b6392ac15b45a709c8cd37e934dbeaebed94cf8437fc89cbdbbd1eec661ca7312c66d63df1edc4853427de553b5375f,Y,1,0.5121217289369228,0.48787827106307724,true_shap_primary_holdout_sample
17094,637a3e84448e420c895d174dbdff6ac0a62ee7c20f39d093044bc0899e65fd33cab1f2af29be9ade6bb539e81c6c702420c9d8f288182b0e3e49983f402a91ba,Y,1,0.9820054549420929,0.017994545057907096,true_shap_primary_holdout_sample
17127,5bfeedc47c648d516b52fe245ebd470637ba25971c36f87af1101df6247160ccaeaa2b324eb58909345cd5b96c1b80b0e9c7a656e49197f90a80fa321c642e9c,N,0,0.5315055643117549,0.4684944356882451,true_shap_primary_holdout_sample
17132,7fc1de16c93bf4568619f1db4e95cda92136b4c0eed1af788c65e1d991002da702aa85a42ac9c8777bd156085f7be328a166254999dba4fd4581130c43eaecee,Y,1,0.8082253628615182,0.19177463713848175,true_shap_primary_holdout_sample
17164,1e697966bfd4cb00e6a6d35d1771010941dee1e3b0993c734795fb6ec193525b28d1a1317c1a65d746fdeb6d3db01710f2104ec5f864514c9f16d12aa07c68d7,Y,1,0.5124541126388,0.48754588736119997,true_shap_primary_holdout_sample
17171,2602c678c363ffbac687dd5b356898deac63ab8a117e8a47a51ba76e58c179ffb86fedcfd9ba74b330a62b19be5cc54f7cdd6900eb1ec6c6f71e361f8308013c,N,0,0.16250514438671254,0.8374948556132875,true_shap_primary_holdout_sample
17173,7d67fadd343436b41a8bbbf8390610e3ea5df41ae5345a29c2f0af664fc4d7d876977823cd944200a4264dbe76f92f6cac1cb85df0735cf153c8873a0bc5bfb4,Y,1,0.6335587754947524,0.36644122450524763,true_shap_primary_holdout_sample
17177,4224809ca850cad795c5c919653920376c7a454ec9efe29f736566a5335995f917985c1fac5085e35c2e4eb7834af7a29a76aa669032fdc06fe2a9e91af20b46,N,0,0.21775522847696366,0.7822447715230363,true_shap_primary_holdout_sample
17192,5b1029a9e3a64f99bc6d02ba28d8d20664b6c563586e3d9a530c1e6e0798feb9ead698b8dbd5e44ee80ddead7a317d31674c876b30019ee477a3e2424c7e03cc,Y,1,0.9636920127171263,0.036307987282873655,true_shap_primary_holdout_sample
17197,55258b276695e0c96eca65a5fe05de26551118b54a990e3ee883f963d36728896480d27475d4a8cb8b18857646547fb80b04c7ab578ed67d0c1a05ee1e1157f0,Y,1,0.9788884497625052,0.02111155023749478,true_shap_primary_holdout_sample
17204,757b43e9253dca44df4e29dec62ebc1e55ea7973a64850a59be47e59a70dc4cf0e119c704d1b9e3dfe15c9c105f9067f88a385679740e82180f380b390208cd1,Y,1,0.9296005578626733,0.07039944213732674,true_shap_primary_holdout_sample
17208,23bf018e48125ef843e8289ace88d54062e6e62316bdee5eaa5c6c638cfe160d836725534ce5e357f3fa9d9c8a8d481e2762468e71c76dc0ade424ba5ff168a6,Y,1,0.7258890589202079,0.27411094107979206,true_shap_primary_holdout_sample
17214,f82fc1d8b7458689b63f7bf24251085ec41bacf64914cb2849efcd68f65327dff44e8a4da2ddd11f37a699f0cd43e1b85981c78ac5241f829f94c8a3f7ae03f7,Y,1,0.9849076671328377,0.015092332867162273,true_shap_primary_holdout_sample
17221,17d1a7f4b313aad05d9e58a4f4ecc14f69e173d9a2a2db8d744b1c5b7819947c8d31030624e36a538407a215be442bac8362ebd6490565d97716a3b6bf772795,Y,1,0.8469216294685468,0.15307837053145323,true_shap_primary_holdout_sample
17246,5448fd80993af822db8fe4a4d0045c23775a32bc9df6532f869ea6c907e9b9255cbbd75c42d844f5e78d96a6f2e5054930068b5281efbcbae031c584b828a891,N,0,0.4733208785165712,0.5266791214834288,true_shap_primary_holdout_sample
17248,173d5af967ad80509023b3517aade47c0d02e37b1ed491397a5242c2e6e6340f26da27eaddcfc7f71c85835e81054c6573d82d32a9aa5697e6a353c8ba9570a5,N,0,0.456752300655062,0.543247699344938,true_shap_primary_holdout_sample
17258,f2f22d60b3ad8f60fc4f2dc116f9ab06cec9a3934254b128fb8d7dc9f5d0d1e04587b7399d692fc65523e1fbe93a35cb5a26ef30348d713e739b07c5bb676e9d,N,0,0.2817675668460419,0.7182324331539581,true_shap_primary_holdout_sample
17280,95d240362a9893dd10d6d3feaac8112aa140150eab4fe61f32e03bdbce7b65d21e5d999ecd92841292057363560e5a44b8f11c298bd2e9c2b7d4380eea3838b7,N,0,0.16676602049841877,0.8332339795015813,true_shap_primary_holdout_sample
17293,50857aef700c15918bcab55518e83af649ea8a7255a86801f07909fca72fbf5bcd2b3e44e256d89531f43d86cdbfcf89f9292933ca7f22550319351b40ef811e,Y,1,0.541827941721307,0.458172058278693,true_shap_primary_holdout_sample
17294,269b3b2efbd09f7f0a283c789ba5fee82bbbe44145c089b0da4d0f912b0d37275a008dbbcaf2fa47581f6f519eac3c6909ff6ad5a0d5efb054628d9a8f04d8dc,Y,1,0.8636916591366981,0.1363083408633019,true_shap_primary_holdout_sample
17317,cb2bc4dfe9fb8c56e3eb9bb6c8fd59e941918fdd448ffc08cd8addf76ac2be716791c7fc079944008f7c47ed2906dde7145090ed4645cf2e326b96b260e8dbe5,Y,1,0.973244817197917,0.026755182802083,true_shap_primary_holdout_sample
17318,dec2f03e95e45bb302fa426e3f240dc5b848a9f12d9db8cbea5fb9561abc9a3ca75c84a099bc94541e396ecea121350966d8c46198d3208487373921d6041b60,N,0,0.2593280980522331,0.7406719019477669,true_shap_primary_holdout_sample
17325,4a9b742d5396ad73edf5b9a1204fee15d789d62db2d8f2d4c18586ccf3f98258c5be08f0e85c4313ea2fe66d8d803c03d6ef779e01740432e35b2266d7f04b86,Y,1,0.8015964627978798,0.19840353720212023,true_shap_primary_holdout_sample
17342,401f1676331b077ef778849f0ffcc1cc118ba182d3231c6449473e54b4cc0c935d55fe27e63aa02a42aca78ad2f8650d2ac24244a6d8f83dcd0d4e4ae7650d6e,N,0,0.7390356444657374,0.26096435553426256,true_shap_primary_holdout_sample
17361,87610e4b4d39f304bf0de4282d588e7010be8cce60f49091bb0e25196d3fd73527711a6b35f90a2db38029339f7a7194f855bbe2cb5a3ce45cf2935ff9726af7,Y,1,0.9411874566652434,0.058812543334756606,true_shap_primary_holdout_sample
17365,9bad86ca331650275e618a46bb978d0ce0b8da7862355abcb0ba4194740ccbbb9b6f564d0ba39e843e42433f0c0b2b42780320d11afb2e6268808696d1eca2fe,N,0,0.4626462059303284,0.5373537940696715,true_shap_primary_holdout_sample
17381,e9e41564f975e19f32330bee5d7faf3ebe4711c63ad6c6a08e3d494dd781b44b7ba529e160e4156243368229ccabae17110c87cb8b7888677de74fc5b5ef167a,Y,1,0.9790455126608849,0.02095448733911509,true_shap_primary_holdout_sample
17391,c57b242349208473a017c13a39d02b8b10af962331a1ba3c5a563e245e873826ff769de3f8069cd667cf87925bfd3ed4fa31a32ea2259b15be81388cac6a6872,Y,1,0.9610368306036401,0.03896316939635991,true_shap_primary_holdout_sample
17438,65f19b1b1e8f7a62c2cc0a79ce7bf1199565ad4d076627b7f6eef36dd841b918a61f0506981c09db6d589b7bed6f330977d15eada353048762ed437c132c9130,Y,1,0.979244365802061,0.02075563419793902,true_shap_primary_holdout_sample
17491,2be9b357ca3a0bd2c070e4ff9a53bc6f84f58cb8bf88f4e748537e9771dcecf84931ffb11cef82c4ef6426d874a1e52ec0efabe518282cb63a91f51b0afccdd1,N,0,0.22928370274354323,0.7707162972564567,true_shap_primary_holdout_sample
17502,7eed09949040fd08ea66f2a6393be8e1b41ed435aceeb2ee566e0941dc0dc7b2f653e6783c2acfa37974f3af384b3ab1d263380587dad07389dec8facd04ea59,Y,1,0.9042700582002655,0.09572994179973449,true_shap_primary_holdout_sample
17515,53586f9e4e6688ab29cfdef6b6ae600899a6fe61e63541b1fe638dd198807ca14e6a32fa9bb0a2023a4450d14d634784d831891d4c57ac118c8942ef06b753f3,Y,1,0.9461335252091344,0.05386647479086559,true_shap_primary_holdout_sample
17538,f6f49c13016a8b01a1ab52bfc76920048b1556ab21ed7cb8cac17c371b3675071fe8d4a2ad0d35fecc55073a0a167ea814e1ad9437c32ad662d03129a447f3b1,Y,1,0.9783868210768851,0.021613178923114873,true_shap_primary_holdout_sample
17585,fea4207d4a26be5472f97f4331944108d83498f63057dc5078797af80b1384817a31741787626990ac05d74dd4fc7848feda1d28577343f624039b3529b1c155,N,0,0.21599934420698053,0.7840006557930195,true_shap_primary_holdout_sample
17601,e69eb9a169af0d9e103d58e9c855e2e89fcf6e3e4f30ce3b6e2e6c8b16493a68ef3db0e6f69d05fb9c6d8184e9da4746c0715ccd510794bb889ae3d402140e7e,N,0,0.16461065343618891,0.8353893465638111,true_shap_primary_holdout_sample
17619,a68bfc5a15a3ef75df46237ca79b448537bee15c31b07273ab241e7a3e5ffecab0e58b2c713727db264b540ad10372af3d55329df8f6b472cc0899a4fbee353e,N,0,0.4218619126765958,0.5781380873234042,true_shap_primary_holdout_sample
17651,d27a624737f931d07e565c766b7cbb36ac60e6468f7550571be8a9c39aaa103c3dad088e6f08f8b23d00dfb74800088f6d9f4062ec32bd89a0700664f8754508,N,0,0.24247728116935732,0.7575227188306427,true_shap_primary_holdout_sample
17667,3b6d7dfd17eb8751ea7eb6a9dd25244636e1bea7cd9832e1c7b890882d24ec06fffd503e39bf921515f107b7a7334a67b682a4862f5cbd113874ce7ad110ec7b,N,0,0.28320598165627137,0.7167940183437287,true_shap_primary_holdout_sample
17669,e6fc628de9fa3d6e21faa1dbfddf4ae10a338e7620cb2e3b75f6d09ff14583b5288377a853f3dbd91f4937be07ad7dbf57ca2cb22e84503d3ebb1e8e9fb6fb48,N,0,0.4746000415779842,0.5253999584220158,true_shap_primary_holdout_sample
17691,80a480e25da7bc3e9f99a48c94bbd1936630c2f1181e7f223bbf7d565fa585de40cdb0976adbdac2018259fe3b5771a26505f62a1a52bf9e10ce48c021be7924,Y,1,0.9624768594795166,0.037523140520483445,true_shap_primary_holdout_sample
17704,054b7ca5250337dde58bbe824992b96fc427fb8ea106117d8c3609d3f4945e09b5bed40db96ca321aeada01dc7ccee4952ac545051a0643e7dc22e84fa878bc9,Y,1,0.9792969397305251,0.020703060269474882,true_shap_primary_holdout_sample
17707,dcc00c82263b3d08e97478c15c98b96c699fda6ecdcc147e213855447f1692c367693898a5a12f789492cdbf319442a5d6d23b56a45626ee510c0eec222cd8dd,N,0,0.15499349707981236,0.8450065029201876,true_shap_primary_holdout_sample
17747,eba285e7dc16278a01f4544281a24d0f9c6b7b25583f97583a6c34668b456ef0cc65cbd2c2c3bb45a44e1c26a32dbb592dda2c23dfede4cb164d2d4145ec2e98,N,0,0.4922158466519061,0.5077841533480939,true_shap_primary_holdout_sample
17766,091e49f8d105a410a0347638947dab0446c21eb7cb558334db874c9d533153321cda4414499969042b0e11255107276465855405e90c853957a03698b593df7b,N,0,0.2355866206816189,0.7644133793183812,true_shap_primary_holdout_sample
17778,ce6508a418182fb6771150197e10d0d817abc695fd20848cef86e92f91f0ed5aed952367a5665ad38863827ec26c53e480cc7e37eb0ce024697113a5a56b32cc,N,0,0.23293316056018187,0.7670668394398181,true_shap_primary_holdout_sample
17787,9492e0f9ed1b1e6c2257166fe15ceef53a15fc1e7737644b77b444c2a8ca2702775870bc6e19a5bc885268467e347163db1c5d4756e07e556a4ccc1f0ca224eb,Y,1,0.9752933548199373,0.024706645180062714,true_shap_primary_holdout_sample
17792,ff5a4fdd393bb588913008042524b0310927e8f1c7915974dfc9d054021478f1a256dd34f68d15b850a45c94f474b7ae07610a82af16fb6c4034846a11c8a874,N,0,0.47320186307077994,0.5267981369292201,true_shap_primary_holdout_sample
17798,04f87d6dde690396db9b238ca679e9baf244f111192538878f2c2cab68d28e55ec995d3fb70276edcbdd8b60a221c28d4ecd3f1ac9c5de8846104969d5295d4b,N,0,0.4855538907154959,0.5144461092845041,true_shap_primary_holdout_sample
17799,2d3dda42c452dee2d97f618e11e74dd82e8ddc8c140dc987292246e6780b2ebede4d1da3c54cbb10efc44d18da76fc773eeeaa67d995ad8de271e822f180681a,Y,1,0.9823101048974094,0.017689895102590558,true_shap_primary_holdout_sample
17847,aebcccae105f0bf39e94500522991044f435dfa99e1f95598c17ea288a1b01ee7f4a83b95aab3552cc83b24ce945ff3d6079ec0657b9f3ea9f64985a64e173a5,Y,1,0.22351681028802925,0.7764831897119707,true_shap_primary_holdout_sample
17851,4996332f2188c94602f80a0384427719514ace501406c8651a67de3014a4c02580747e520ef8127dd6bc479b187d4623decedd2e547f70d004de18524f7ebc09,Y,1,0.4737747714621588,0.5262252285378413,true_shap_primary_holdout_sample
17877,d2327dab62ee41082bf6a1ed607f0e036609bc4482356e5b0b335368cd5bb89c05a31e830a7b7968e5489a25ff604ccd4b7a41b0191e563c713da218a13c93d2,N,0,0.5794844365363372,0.4205155634636628,true_shap_primary_holdout_sample
17881,74ce4a38b7e66c9c895c994e640b6b8057befba6d390074dad48fdb5a7b7fa3262c3d44a9ab08d804ef820b0d925304eed7d93f69494d4c36b09e0f03fc118b3,N,0,0.19400826625247844,0.8059917337475215,true_shap_primary_holdout_sample
17894,79798115c90e441e45a95103c799715b82ed0dc86cf6c36c174fbe250c3cfcc8937fea03af5152cabf25cdd0a5ea8ca7e2898aafba12abe1e1a9e5e60d2d6df1,N,0,0.5734428013764044,0.42655719862359565,true_shap_primary_holdout_sample
17896,4eb1af08d4480fc0ca51db0968acb2173b53facc43906fdc274abc3bc242642c7dca1b064e8924d31a20ccf7ba61ec7ed5386d85a3deb7321ecebc2a81609a1a,Y,1,0.895548698883519,0.10445130111648104,true_shap_primary_holdout_sample
17902,8b3cf9dd0c4dae228d515e796bdcf44361bd1cfebff5e535e057dadcd101bf7db98bfcfd07c532d8ed6e9ac5f0999cc1a5905b754afde113e99f08adb05216ac,Y,1,0.9833360356398926,0.01666396436010742,true_shap_primary_holdout_sample
17911,d09c20f466c075b056d9c08b451fe90a641b9885591507a02aa67767635b9c702825d4537342b0a1613346af6e84489e3b17bb163881211a707a66d7327e9648,N,0,0.45010693421533354,0.5498930657846665,true_shap_primary_holdout_sample
17919,daa62bd333d01d7249e9da9592d08e23d77d04569b8b8f863034751d81e332a016dde2570ba5d3d033208f4230bb5a99a72221811355cecf51e22652da27f716,Y,1,0.9602609605265694,0.039739039473430604,true_shap_primary_holdout_sample
17932,6d6e0859738a48123d5478b6b9c90d4a439c63d1616c7b531cc1caaeaa620d5e69b83bf7486a936894c4ec42344cf408c6a6ba482292c1500281a35abd667da1,Y,1,0.9521151178071227,0.04788488219287734,true_shap_primary_holdout_sample
17950,d71e23ff8050ba12af03d087e6166b14fdb65c6830e7dc365e459ae21879be5cf4e15b5669fd14a4f9f65e1a7223628bcc2001f705e805942d4c145fa52fb4a2,N,0,0.17877399454785461,0.8212260054521454,true_shap_primary_holdout_sample
17965,cc92b605fa99b3363adf11ccd6fa632c79114b7670941427bb7d415b1c3ab0316b71464c6219cb686c06292219a66531cfa3931b6ee26aa7bd714f02dd02f1eb,N,0,0.26331965572369465,0.7366803442763054,true_shap_primary_holdout_sample
18071,359378344f3c1035b14c792e7ef3301cf6cb4eab8b8f4572c80b4fde764b000c7b216e0dd6b66915cefbf8f0b244ff595fc2cd0565854c65143f784de70aafe9,N,0,0.23721576102950992,0.7627842389704901,true_shap_primary_holdout_sample
18078,f4b7b6621aa745faf11388e144d63fa913e8c0ec5e13fb01bf3c1f0a815617391500e250beee51fca58aba651d73334a803c71f26edb072d960efe6e808b69ce,Y,1,0.5704368225827925,0.4295631774172075,true_shap_primary_holdout_sample
18087,a1b5947ef69a9dd892903abf4510f9b62084773dbc9e8afedd8a356b7d74dad8990d5c76f59550566dd2f39b22531f375ef686b976c49d7f39c864450a6e6ee1,N,0,0.514450504859984,0.485549495140016,true_shap_primary_holdout_sample
18088,59bc485dbc016f7a3afa40717ea335470d3091ed7760da42007adeec3fbfc5cfa37912013b2a02b6662948f52227c35e5e16b50ecec72d529de6c3acb0052f4e,N,0,0.45637444310629743,0.5436255568937025,true_shap_primary_holdout_sample
18099,7e1ed45be0334b5c0e6384c71cbb3533f0e3e95e1b718be332007bd26b72d83dd75dea7eb3fbd10c0076a0259fc50c2c32cce3d582b6a61afff50b7a568e81f1,Y,1,0.9024733974271937,0.09752660257280632,true_shap_primary_holdout_sample
18105,35b6bdadaa244bd86449670f53af8f853ffe654612b5f8c525adc406e98f7332fe0d6e0a6caac36f43418bf9b540207fea538238e892587897d3178d5118d2d2,Y,1,0.9697379898890357,0.0302620101109643,true_shap_primary_holdout_sample
18136,96d72792e8efd2ddd143f049d631a8b761515a9642e7b5fc6803e92921b57440008d1f01455f7acf1e0e911fb1a0b329f0d21d91292f63afe6bdf7123aa430f7,Y,1,0.4633129969304595,0.5366870030695405,true_shap_primary_holdout_sample
18142,1d9bbad12f65364496776d209f14f02ce83c33b627fefe295ab7b892ed349ad984c720298353a3b2bd11edc37596f37d46e04e3b33a6cf15e2d4bb834322d83e,N,0,0.5404834635219101,0.4595165364780899,true_shap_primary_holdout_sample
18150,d851e811c47c78f9efe46461ee78bd5ebeb97533c8b774761a8fccec47454c121fd36981e96b640b8c2be8a71db1938315e8c98ce74c467aca28a13a72f19885,Y,1,0.8121498548099286,0.18785014519007137,true_shap_primary_holdout_sample
18162,e4dc66b7bbe18cf40ef01ee2c7ee18c0ba287a6116e597f69ace366c435a057c6de6deb418d360ab0c72e81752efdb67088eb56b2de3c852abd3a9bcd83aefec,Y,1,0.9775796666192871,0.02242033338071292,true_shap_primary_holdout_sample
18171,43c84c71456d1c9bf931cb3b4cc74a23325b206900bef40a03e950302b570e3a6196247e2e657b4d42c9232bae521d9d90e3d29ec21c94f3e2060d90b9c016c2,Y,1,0.9029821542435954,0.0970178457564046,true_shap_primary_holdout_sample
18174,cbd64a3575ceceef5d35c7ad5ba0ef9cd23a84ff3fc2c1a215df72a25efabea6170d4824341b9f1a04d2d481e73f89d17ef29b71ee7cb84e881e91be316ffbd2,Y,1,0.9752514546620886,0.024748545337911376,true_shap_primary_holdout_sample
18180,ca94acc4320f49038a08ccf70820a88e2a883f7f647571b5943a0c9fc4a5c31acd5c1f4b36a949b3b03d483ffdbf232b83b11eb0ec5fa44745ef7c15a689c8fa,N,0,0.1513292600632741,0.8486707399367259,true_shap_primary_holdout_sample
18214,feb66e5150944ef5c24596be6ee13fc1623c5ef2cdb41ea00780d252c0c0b269c83bf1e3f955ea6f6e149b07784bea29e4b01856f99e6f0d35d2f27c7666c497,N,0,0.7002030069342848,0.29979699306571517,true_shap_primary_holdout_sample
18230,edd5e382c5d53e4980d7e373123e30367257b662c1515cd5b3eddf626b4728c39ef1234d65f38eb3015999ceb2ff2d4838ad790f45cbb5cb928166ec04a11345,N,0,0.5540408529584251,0.4459591470415749,true_shap_primary_holdout_sample
18236,c069b63a4491ab6680a8e3eb8a9a571563d76573b920c4c04fadded41d5700cc28a34c9a7f45c4d917898a0f69866b47d4d7ab8cc702c0fce303ffef7ba37f63,Y,1,0.9808712596426414,0.019128740357358565,true_shap_primary_holdout_sample
18247,5d2c22224416254916168c2a97c7eeafc2801b0d80d8732739f204a92da50f13ab0ab196acc862712b94676ada9dada98819474c9dfc0bdca16da39c6ec08178,N,0,0.3690902035996776,0.6309097964003224,true_shap_primary_holdout_sample
18260,b9ef28010b9c5baa305848186658968e3da49af4b8aaacb29bf784de3908779cc1be8ccffeb37ed3d9159d0cd81d72400f74504e775dfc6af3fbf252ee0fada9,N,0,0.22192517711607165,0.7780748228839284,true_shap_primary_holdout_sample
18265,3e46bac4e8a5545c8c063e428813601dce54798a4659d2d8eeddeec5a19716eb6ad1998f98c4160838abc8c758bd630ccc788ce26116051e770a53f5c85c3220,N,0,0.22776227924233583,0.7722377207576642,true_shap_primary_holdout_sample
18276,43afc8e90e0948d32173727907fde6c270efdd6d5f0f8dcb8168395f3e95c465d8eac79afccec19519f0956f766a2da5689872e1b698e4a03e90ea1056e570c7,Y,1,0.8699802721733567,0.13001972782664328,true_shap_primary_holdout_sample
18279,1c32087e06fcb27ef59f839fdd0d226de05e9834330b7447872a8bb69afb07dc2c58749344abafcfedcaf4a07023a2c8b331385a454c8555e7028a871c7dcfc2,N,0,0.40510537335143404,0.594894626648566,true_shap_primary_holdout_sample
18286,d48556b82063291f3e2a715deba9dfc077216ef497c5cd210a3c7c8e627be74588d8fcbad843ec30becb43fbe159c925bbc152e416c2fcfc7da0532325205d83,Y,1,0.9855527147345265,0.014447285265473453,true_shap_primary_holdout_sample
18297,a958542b5514d44ba95a112cd89f42c979d17e8c1656eaaa7ada381adebc6a4c9b5b63eb5525b9406cf1b663c9f5bc9003f8585d9d780b4092f0aa3a296d391a,N,0,0.14889264485905096,0.851107355140949,true_shap_primary_holdout_sample
18301,e1b0a0af42a169e03f35b9e735e771278ed1efc86ef5ff45cb21e58e84c01381a75c38da60480bc0de5465c4113a8c663a5905a5280e781447b5f9d440c96d55,N,0,0.1832317115653793,0.8167682884346207,true_shap_primary_holdout_sample
18306,0d2a5a4e17a951ba5e16ac099655c6bf55039a800561bc85f731a3f903d5ebbf07f3de594e8db3c50e76035775c1c51357736c917ebabe049332038f293b3728,Y,1,0.8481698834278554,0.15183011657214462,true_shap_primary_holdout_sample
18336,a379d564c54f651cb7071c8d73fb0925e0f2aeb79d47c9de6f67da4374950a514710d52188c46967e8a49e4ed93fadc73af58395740fef5916e539db0b9fc215,Y,1,0.957957403297235,0.042042596702765,true_shap_primary_holdout_sample
18349,e08e5db2e3dcde8dd2ba3b7ce10ac0e75bf8b489e7cad0b0afd3810b0d71cfdf145dcdee56fa815833590efe9307afde3f2fafd1111c1f25b4dc9426869d3769,Y,1,0.9319362969847236,0.06806370301527642,true_shap_primary_holdout_sample
18392,56a3a35379f538433cdffd432a388c2c355597229e4b025a3d60306963af30e3251dc057325432a9c72ec0818537af220238c480981ce7aa96592ca9dbbba7c2,N,0,0.3583092143506483,0.6416907856493517,true_shap_primary_holdout_sample
18395,dc1af237402f61122fb258cc326a36b43a1cbb0f8974d373455e923b347d2a4e961f056447f20a8f494377619f3ee38ec5524ab4940d497de26feac7d7900546,Y,1,0.24376112206597966,0.7562388779340203,true_shap_primary_holdout_sample
18412,6be0dca711d0e20671f48edda3656db32c362ceedac9b6d1134a809c16d102e1385324e74c847487937bc070972332ed1539169a72468812502a915eab96ca9e,N,0,0.2172633949538677,0.7827366050461323,true_shap_primary_holdout_sample
18433,33876bfe1c2a8bf6d63e030215678ac80a7c96d160328e4ef046930953eaad27025f61e6c18031b03eed6492f22620e622682c3e1c9f62a7acc3a33c6924e059,Y,1,0.8588591741836605,0.14114082581633947,true_shap_primary_holdout_sample
18441,62978770e8b516b65a434722a4d648e2c4cfd4b1ae07c77b558d701596854bd03539bfda25c05ac0714df15e034fc7823bae11d75d2d077518ce96c70fea3b16,N,0,0.1848286035301896,0.8151713964698104,true_shap_primary_holdout_sample
18452,25470b07a2cbdbded12db02e6e7a037d3e2102b498174dbb0da971c4b1c72402e3e1678e25502516484557565f2b910bbf0d0487a7cb9df86297914f491bee4d,Y,1,0.9793835429701813,0.020616457029818736,true_shap_primary_holdout_sample
18472,60c84816e8a62419fdbc660d4bb4937963f1272575021ae0d2cc20b9d0caa74a28c1b8a87c6893a9faff00d21260fc8b8cad2317eadfe86eb30677765618dc4b,Y,1,0.7920744513625895,0.20792554863741053,true_shap_primary_holdout_sample
18479,4d387dcd2880debe588fef98a9f7308d3256e8d4febdcc25872a3c1715daae9eb0e8ce0d51b0892679f530b5af81ad55060d920475f23b6bd7344dd9b56b5431,N,0,0.41342630785001966,0.5865736921499803,true_shap_primary_holdout_sample
18497,9540a34ac3a86736ccdf7d47d12117c23ab833cba09361d26de80c89d53472e43b176eb1f62019001ec1b04abf43edb3744accea58be79ac4977181404e954a7,Y,1,0.9675456266647916,0.0324543733352084,true_shap_primary_holdout_sample
18513,ada0a347cae01e28b04dc37980bec5bb63407dbaba74bc9b79edb883629f570f444dac654dd1700430cc10286ad9d846a59f43bd97e20c221e6e50040d26a4a0,N,0,0.14377177928702178,0.8562282207129782,true_shap_primary_holdout_sample
18530,f90913eb352d4c4f104970d4e69b8a72aaba91732d6f163c8713a7cd6eaadf93d35fee7995bc008fd989171e9cce467dd780b6c1240665950160df04a2b6d8a0,N,0,0.3099277671891115,0.6900722328108885,true_shap_primary_holdout_sample
18560,17996ca63ac5bc55fa9b331a94d71205cafff848141a3fe54a69dbd8c5af5fc03141a61bcc4612b945b29ef6f3187c80388282d25d21cd326515c821cff94429,Y,1,0.5734428013764044,0.42655719862359565,true_shap_primary_holdout_sample
18612,d7860019d2924d59b943f28deaaffa1af3aee18110231fc71264ddd83d5de03835a27d324d30752ed667ae749bd1cb41c623cf2560aa0c1f823d8778ae30c448,N,0,0.3020720801908516,0.6979279198091484,true_shap_primary_holdout_sample
18652,295af377262879a5071f7c6e42bd0c8074e624f6bf2090f408fcd04a3a9f84d9b8a3ee292537891ec3b618c53d7a0c155869ff98283b3b6f961744b375d46d7d,N,0,0.5942460033702816,0.40575399662971845,true_shap_primary_holdout_sample
18653,6942827be44c657eceae69a4ff9409b07aba18a71d228f247f6b2878b49dd385fa1f646f3653647afaa62ecbae9a91ddd81a1a94d2a2a45a9d977daf48fd7f5a,Y,1,0.4335336967269394,0.5664663032730606,true_shap_primary_holdout_sample
18668,16ff4e5b647fd89e10cdd7fb73f0e714ba4774f4c02454419c068b3c3fabdfc19f933c7232ae14a6f965bef8baffa74c07ee0d2110bc10fa07a81022be858519,Y,1,0.9751621582586323,0.024837841741367717,true_shap_primary_holdout_sample
18713,2b1a32f2093150fcc1c42b08dff4095b6571916c13c905fd011cb38e34124f278f6affa6a846879358a3f67a414cf72f32334ebb749bf562882602e831fc38e6,Y,1,0.9808484426621329,0.01915155733786711,true_shap_primary_holdout_sample
18714,a4993ad9a6089603c5c1153da7a849852dfb22245d7d169294fe18fcb937bec50e8c1be468b15c6d45a5b829561ec0132f951edb8e3e116050b8bb179e8c4d58,N,0,0.531650468397905,0.468349531602095,true_shap_primary_holdout_sample
18723,46ae0ddf5f38ba66aebbba560335e1a66962f7078aaf3ab7cd08f36d333fd449afcc293a987a86a7d7150f0d5e48cc731477c886f5521980fb83da7c80517868,Y,1,0.5202158978380719,0.4797841021619281,true_shap_primary_holdout_sample
18746,599d8d1b5df874a52a99b9c9b7b20f064cf116453493e20227c408fc47ed45c2246c9148997b8e6e0a6a0e0382e63bc58b1ba6d0a3e3db4da734028db583e4f3,N,0,0.22885393124569278,0.7711460687543072,true_shap_primary_holdout_sample
18748,fd1156355a24a4ecce52a59955271dd13fb2c8b484707d23e9d2fedffd8959c474816cf0054e0c8759b93397330afa9728206606c8bc59e7e770a20797d9c3f4,N,0,0.24547758569211617,0.7545224143078838,true_shap_primary_holdout_sample
18749,3b12d5cd4cbfb832c88c89d23a997cf075be2b6c43ef3002ff3b5c7161f43becdaeb6966690da82c8f5b9ca8054a3eb4c4da45ab6582ad61ede44e64bd49a4dc,Y,1,0.7566201436713135,0.24337985632868653,true_shap_primary_holdout_sample
18752,c0ac57c32aa03a72499414bcb63bb4e1464c47db308541d19666b268f128f0a40e97084e0c223aa6309f22c20833079234ecc775fcd55a04249e8f1d7dd5aa3b,Y,1,0.9812122527848574,0.018787747215142647,true_shap_primary_holdout_sample
18763,d3d4690f895d225127f32d7775e5942ee9b8376682918bfd5042240166311379e3d47cfb8cd280625cf3ffcb0a8d2b2a26eb8bc27790e9799d27079911b84f39,Y,1,0.8528967608867671,0.14710323911323286,true_shap_primary_holdout_sample
18768,84612844bba2211a5c0a71cef15d05ea2a5a1c71159ecf1a35d98b7bf1a6e2751872ee01ebe0c9ddcccdf4fea2d6df3b02dd1efa35a0ab3b9246da24ae8949d4,Y,1,0.5040144585392597,0.49598554146074025,true_shap_primary_holdout_sample
18779,8b5881c715487e938c97b373eb8f7e57f71fe25a0c34c78422df87357a7d92adec356d72530152e34dc11c01516e9427dfbfc4d9755bc2dcac3a36dc5daa23d6,N,0,0.24349894155554186,0.7565010584444581,true_shap_primary_holdout_sample
18796,d060a875ccad4334099f7223a6db5bcc838704b010d0e99a27215961beeab061995fc61241a64e65cac9d406ca96d7207ffb790d6e9dce52bf6de6a2242bbd0d,Y,1,0.9779852260340223,0.02201477396597773,true_shap_primary_holdout_sample
18802,2eac86aba910bef66ea361d1d64171f47669398e66771fba1717df7d8fd1b175c6d085179a424af158d0ff402daa1914449c7ec00fb8afeabd51573f1ca23866,Y,1,0.5033590582921027,0.4966409417078973,true_shap_primary_holdout_sample
18807,935fab7b487a1f5c6ef11ff693d035e0df54ce586cfc409d5e1c02149945cd743e3bb8468618a67b28c50e58e8591ff9db8aeff866baf43b8561938418b82f95,N,0,0.6211040948281938,0.37889590517180616,true_shap_primary_holdout_sample
18814,f47d2b3b4f00cb2d486dd95cbeb379f25079313837726b0ae3654b0a15d37e5badef72ef76198b51cf834b9d98ae49e7c62d732b7f24fd3eaead884dcde6c895,Y,1,0.47928277866643954,0.5207172213335605,true_shap_primary_holdout_sample
18817,8867e893788840580b8ff1672e85e8ab5d7f80542db4be67293bd6ac8efce378dcdc1461238ce81f4a0fe77c4e45b9f62a8ae3807c8bbcba9e61552e128d24ff,Y,1,0.9507682022352235,0.049231797764776486,true_shap_primary_holdout_sample
18822,8667a6f0bc5b39b59c156bd71939c6c85492d4beed9a3190abcee6fa6f5663847655b134a436a4cc0aec478638397d1460e627f87de1c0f04ec44c9979bc7a21,Y,1,0.7777574772267459,0.22224252277325407,true_shap_primary_holdout_sample
18880,063ad7afca9f894b229271772007571786d7b67a3fa5ab93c412bcd17244f1fd7aaa3107e905ab409dac906c1be0a91965e27c1c625d5127743c27fc1ae56ed5,N,0,0.5569058166465841,0.4430941833534159,true_shap_primary_holdout_sample
18882,f4c53fa722c5a24edb8cfb4f2819123e3b23db3ef7bd31fc3efbeab43fb24f6fedc8817819e14439f02ea0c80a6582c549ee8880ef07f17d45ac7fbfca3fc69f,N,0,0.2505761507231264,0.7494238492768737,true_shap_primary_holdout_sample
18919,d74c9282a51d6ee36e5534f1a57a89538b8c911ae1102a2f6397a5468f42cfccb0efbbc0bd22bffec2ba939415c71444f1328c112d391969756b9517f66cc702,Y,1,0.7278462428566049,0.27215375714339507,true_shap_primary_holdout_sample
18924,7163f2c4e0d47a13ae9fca67365162ea4d87abb4e4f0978144bf9f4d23a1b388cb336f5e6275280ead6f6b4c63d4399a28eb8da4f5dae13d8abc2b4273cb2f38,N,0,0.28155422025490423,0.7184457797450958,true_shap_primary_holdout_sample
18930,f46a1a3bea76eee11fac521c1e1e6dcb68296f351c2a168590f50e546b91378a7190d728e1a63026159e2500f6d32cd50c75e1d5904adf2ea73fa55d01cead0d,Y,1,0.705016872294749,0.29498312770525104,true_shap_primary_holdout_sample
18951,c85e4700367f17fb831691ca660ad3dc2599478b8bd0065a12a2af053e471861746a4ecb3d27078743812ad6747c8d1bb85d42e94764aac1e5c27a4e87032125,Y,1,0.5651322027419271,0.4348677972580729,true_shap_primary_holdout_sample
18953,0e13af9497a1d69e1c10959d557618aee91e69b53522d6b9e39fdee4a7e5cb3ac27e1e8eaa6931877c87d1c38af568b1e5e7d4e1d09f1ac7465118a97da0bac7,Y,1,0.9872304797166604,0.012769520283339553,true_shap_primary_holdout_sample
18997,f4d22ffb8f982182c87be04c2fea149934049ec19df53d10a466f14a9571e1521a0b6f72d21e9f9362f3b89de272f22af0c8614c280fb1b01b7778160f5f83c0,Y,1,0.8806487034342546,0.11935129656574539,true_shap_primary_holdout_sample
19006,9d12cde3d721f88f8859d722501a6160874202ba752aa69f5215eb86046a579ecc1ea96e8c935528500ddc4f1c061c8ce36d16dd32f884fb78fc8e450052ee06,N,0,0.22997810674392433,0.7700218932560756,true_shap_primary_holdout_sample
19020,3226301f54b4ed0b77cfa852a9f5608b79b8a71f24779eebd7b136cb345adea69e361a11397f1f6a2c0a7b0b652b4c28290d82307b42a875c034b44f10d75b96,N,0,0.3268878421538426,0.6731121578461574,true_shap_primary_holdout_sample
19027,0f67455f54850ecb570ca80d809db048d1b13d0bdcff5563b6a14f95a8f6b244c084c2e3b8f01264d33498a72151993a28b6bb5248a7d66ae5153a7ddd672ae3,N,0,0.2282420712482187,0.7717579287517813,true_shap_primary_holdout_sample
19043,aac7ecd256e22854a388673ff5b45f6baaaf608fcaa1600d5aa4229ea3cc1eb1c7c65df5bfe409e698cc316aadfaf23e498bd8586cf3411b8a239b809bffeb7d,N,0,0.194415927405502,0.805584072594498,true_shap_primary_holdout_sample
19074,5edc71333ab88c75be8713e8b71f11c8522c494ba701bac25b74f4d1acb5733409beee135485ddbfeb62c979a30ef8f904e84e072187892ffcfdead195728c47,Y,1,0.6816402808616473,0.3183597191383527,true_shap_primary_holdout_sample
19080,e193916035ee644d3d8ef895ee630f4b125fa60d451081d898e217f91bcac9b8f373946db706e4936a4f984c11963287ee4f958a4b13efa8210a77c027218efe,N,0,0.4839582339760071,0.5160417660239929,true_shap_primary_holdout_sample
19088,c45f2695faa24b7684bc6fb73ad93b5c6d079b78b7082c595a872b87d80359fa633f672aa0b13cade3961bbb970e1133ef9144b216faa001ebdb958a81add749,Y,1,0.5195075092812025,0.4804924907187975,true_shap_primary_holdout_sample
19105,982a1dc3f111a46f6b8a8c8ac89cbad3fcf86a0b11cc988f21e3f4ff38498fe520621c4cbed0969fa402045269deb886fbeabf13508a08825c99fdca95060483,Y,1,0.9834371463469559,0.016562853653044107,true_shap_primary_holdout_sample
19113,baee2ebda714326f9a3008a3209cd70b8daaa0bc8c0e876bbd90c5269bf58d9257309d3a48ab86e4613602e9ec1989c9eef748233432feb6324a8d573aa0adea,Y,1,0.9869340335822566,0.01306596641774338,true_shap_primary_holdout_sample
19130,8a236846eff3d7dedbeeebc9000e07f9c12f2a6ce37185c174ba874e8294e968044546751a028cb655ff2402e22c30be6bf03cb6a4898a002aa8eb41d5686b13,N,0,0.4941025675413225,0.5058974324586776,true_shap_primary_holdout_sample
19159,9560bb2d2b911b078f4296238ca9cc93e01a97d1502857eb412ce332b2a102ed25d50ab53838c115d51eeedb52429a2658c9b26e11f8c3991e002e1ad3cd66b9,Y,1,0.9784952742516078,0.02150472574839224,true_shap_primary_holdout_sample
19198,a69abe23c460cf1dcb7ca02416290f6d9482fe958a13d18fc66242010afef057d3c7372449ec5cb2794374e7de1be86945b7755a8d4fa27a62912fc32c08c1a2,Y,1,0.9540973036660142,0.045902696333985804,true_shap_primary_holdout_sample
19202,c15bf68e0d8dff2495f19bd92747f31e9d929626380c07fce166ce8bf73151446bb4fcbc9640115b514d21b6ccbe56166ee2c9d2117495586dd558f3aac4d09b,N,0,0.2142725645528016,0.7857274354471984,true_shap_primary_holdout_sample
19221,d01d74633689bb6f57a94eaaed44d9829706039fcef4010375b16019059d2c7a1f4297cc201725747376f7fd0266b3bdb010601e2318beb75fc8eb302483c099,Y,1,0.95107855754438,0.04892144245562002,true_shap_primary_holdout_sample
19234,403c1fcd5cbd9e3c8ffec7451080980cd65c229684a7cbfd6523b875b164023fbc96f06899db42d0bb81094c9df5cab4629c84ebdbcd6e65c20ba8dc68bc2afd,Y,1,0.5356022771524328,0.4643977228475672,true_shap_primary_holdout_sample
19239,479ac46f3aa0c63af879c3269772ae552689a428ae7d604d7913720aa68c474b18e24a9c5c683bd872ea2c35f8aab68f957e44ad2cf3d248a9c8e9d9f4312fc3,N,0,0.7282407154620013,0.2717592845379987,true_shap_primary_holdout_sample
19255,8bbfd23abe22c7d778b74137ce9be326bd6276d4ad47dc692955ba3e77be32e44d4fc35741b66a5c342c70d6c6a4c9f9c379cdfc427d981b3905d3e8a4d53fae,N,0,0.5101617673122437,0.4898382326877563,true_shap_primary_holdout_sample
19268,576dae203f07112e7c646ec8ae44f3f45182a022b7c6a1409e67cc80253969a1e1990290d1199261d82f4889e93c0216dcc93f588f18f506e1d5b25667942055,Y,1,0.9843883061652416,0.015611693834758356,true_shap_primary_holdout_sample
19271,1620fe3e040747a11941d7a83818a592a81844f05eb385f4cf52dfaa1419c536229383f9393b75b00416a3f29b49d8009c263e2fa62d6f2cc7a84c676921f69d,N,0,0.35652756152624376,0.6434724384737562,true_shap_primary_holdout_sample
19273,d99d15e5a97561fe29c03243ccde28b056cc97c4c7bf03d7854322019253dfd9584366c855637fb9750fa1c12d616402fed206ace6443b09c88f2bab1df06c21,N,0,0.2617763981507021,0.7382236018492979,true_shap_primary_holdout_sample
19277,58bb868573b614204b338205dc26d98df05a725609a1b8ee342b2684cfc5909da64012ba42c6d09b6f12c976783b6fc1413b9180c48c0ef420c3c3f7ccf96e79,N,0,0.4523757955629327,0.5476242044370673,true_shap_primary_holdout_sample
19284,1f8241f30b0b19ee9060c45623be89382fe93343bb2f802e63ce5dac233b91ca637eb65a4ba8bd5b1e7aad00c1fbe4d9db232fc113fbf8d6da5cd30fd92c09a1,N,0,0.8024791069319452,0.19752089306805476,true_shap_primary_holdout_sample
19297,9c51aa222a13d146707e9caa819814092db37afa09f1a49dff8622e220d2dc19980420c837537f455ee42fdfe47e25b38e2d497d45d2667fd01df76410d187f6,N,0,0.22515108914049675,0.7748489108595032,true_shap_primary_holdout_sample
19337,7a67c1b32ddcab21fa39514e6c51221786952f9be9d0044e19cacfec13921b553c1ddac52b8cbc7b8328bce7dba6ba9baa787fb7f3cd2c5caf38a9a73d19124b,N,0,0.23999390804164192,0.7600060919583581,true_shap_primary_holdout_sample
19357,59ef94c76b42c8dda54dd55fa721668221445d647129f8bfaacb7b96e68ea9511c01999a4c7b53a85e6f0efe53ef1c641307ace72ba85c7955936bb689804c45,Y,1,0.977854185771912,0.022145814228088034,true_shap_primary_holdout_sample
19361,f4fbd50ae9511410b96729a16ab451d54b659ca093bcbb927dce239d3b3efdd5ca24c6ac99ac3327c0cb8cea7f413aae9ce6b03f6ce271434a591c29cc0cdfb9,Y,1,0.7818231367638105,0.21817686323618946,true_shap_primary_holdout_sample
19375,c69b7f97ae320ec6b996ec1e845ee2e1d3dca581a622981eb31f793ffc69be963cdda2909cf1971ff3aac324b8c121117be77a186a55dcbbcddfba05eddc41bb,Y,1,0.9454223679583359,0.054577632041664104,true_shap_primary_holdout_sample
19388,80c78344bc08449d60efedaf41f9d0e67fda4befcfa9faaa6f7d3a026f2a2a25eaed8a8185bc9b0e096408b588f6b3a5f39fb42db8eb14b8620998df77818ef7,Y,1,0.9819186711354438,0.018081328864556157,true_shap_primary_holdout_sample
19430,b085c9e4607daac389f9185a82a3686f375c9e3da975815162a3b3dba0b76714d58f755fa38726ed037d8526777e0e34e815e78d39c013468bf428b5045a54e3,Y,1,0.4934403120621554,0.5065596879378447,true_shap_primary_holdout_sample
19444,ee4a4ffedf4b09ea43d22e8c416cfeac89d927f5776032e918ac2867352c754a9728fc9306da968f9ca935de3725041055c88e411f95b9b6ffcd20361aea5268,Y,1,0.587434975144746,0.41256502485525404,true_shap_primary_holdout_sample
19460,c1d4725d11946c9b9db1363dc63110545bbb26290cfc4fdeac95b8d4fe0f53034cc9389967b04ad4c961916d67c3410c9dd3c81bc7c8825ab2c40973bf7caa85,N,0,0.542844371570793,0.457155628429207,true_shap_primary_holdout_sample
19470,95f9e15e8d254e86487f9cbb25625c7d89227ec1f133d5c8188cf27d1e6a218c429fa315553b6ce15fc2cfc53a9395262edf44d069bbb8b59290c1818315d5c5,Y,1,0.6294136875266905,0.37058631247330953,true_shap_primary_holdout_sample
19477,b03e8eaa66d1bb11555ec18f167e029d986154cfa453d0e72ad0c737c8f6fff2934b7237c8668f5ea633da29ecda98e0d115c69e3b6117acc826237f1a84e1d5,N,0,0.18087966054117652,0.8191203394588235,true_shap_primary_holdout_sample
19509,e6cdbae9554516e41f82b1ee823ab1394b0d7b2320512200ba34b3d33db31e6d06d74b2b2ed5dabb915157a78b1311760dfa5a925376977071019c83fc1a3989,Y,1,0.8540053338207187,0.14599466617928125,true_shap_primary_holdout_sample
19514,7a42cd254e8c6e2fe44e3bf80b6a58c202f0b9f3ca676bbcd027d10a6bde8daeb171aec1b69a591fc826150a136f666e95e4391e54102c6dec67a24f2a124306,Y,1,0.9003956461391986,0.09960435386080135,true_shap_primary_holdout_sample
19525,cd76c03249b437b1042635534b83924e3cd27a8d893b53b8d662aeaeed7e229787046d6ce38c0bd60303d2c8b5228ea99912dc07eaa6c8960e3c8ad67c5200fa,Y,1,0.9345513853098282,0.06544861469017182,true_shap_primary_holdout_sample
19541,17adf2cad214c37f3fa4c8bc3388e9b9d305210dc001741896be13ddb12134f2b59f71e3002fb7dd8bcbd618af4818963b9eba348b287918136b26446f4e93e0,Y,1,0.9784757655275768,0.021524234472423243,true_shap_primary_holdout_sample
19549,677b66d9932c27815f6dea8d8038b2666e5d5231c4324004f242606057fee0f7ea36801e0b9b383b3e1c60ff0138b68d004bbe1733d4bbc0a233a69b00f14e69,Y,1,0.97820771725597,0.02179228274403,true_shap_primary_holdout_sample
19576,0ce80d08644827a3322db40dc32409e4aff8f52658fb2ad98e252e869dc6fb1a2c9d54b82ad557c8ec4b270479d8c5c6dd6266d6f074e3996605d6dd1b1c0bd4,N,0,0.19142464045473784,0.8085753595452622,true_shap_primary_holdout_sample
19588,9f79d6e14853adb85179870ae4d4b435456c6b65009d4a507b764b2910601c2f710fe8226bd135d4f50b3cf19219b86a2590415a82f64f12923f3c09176c06f0,N,0,0.28657065448281743,0.7134293455171825,true_shap_primary_holdout_sample
19618,822fbeb4531e13647b0885f354764338067eb86306af63a88887b99f61f3b0d8ac2040ae64da0bd4bce9f53fdca409b658190b8e127e66d3b5dd5930e3cd414e,N,0,0.34592081877898356,0.6540791812210165,true_shap_primary_holdout_sample
19626,fb5a417b16dc958a442155e5dceb4ce4df3467967e3487c7ab754267ace8d1e385638c04db9f6cee2fd9f1ddf785d629de5ffcf3d23d4eae2d8b2d53a670dc76,Y,1,0.956902109126812,0.04309789087318805,true_shap_primary_holdout_sample
19644,177b97c4b77ed60a61d50f66cb51c218aba4325ee8aa723cdb978af07fd5a99721749b1f2054013b4a29370d3481a61a9d7d03dcd1fda75e0bdb7dc2f30c5cf7,Y,1,0.9767423071231014,0.023257692876898606,true_shap_primary_holdout_sample
19664,ee3d2d0eacaccd67e33b32ddc46664eb365e2e0635123524a3a1c9cca77587756a594befeda05d12c7fc10c7200f41d7516bd05424e311cc46d8a4296f6a72e2,N,0,0.2245118854783652,0.7754881145216348,true_shap_primary_holdout_sample
19667,b48e94d37301bebcd41bc2d33fee50880e775cefe590e156aa67ab01b897f5b8ab0e28ed369711f0535b74433bc7e7fb28d4bf4d20c3f508e20b5db2fd308836,Y,1,0.9800912442565162,0.01990875574348383,true_shap_primary_holdout_sample
19677,22dc2f1de26a94f100631fbf164f5f558dad722f01e530edc6f0b619a3d478f3f6e9e63ab55a042babca528fc343a89614e824784c673b349384b74348a712e1,Y,1,0.9367328208494469,0.06326717915055313,true_shap_primary_holdout_sample
19680,eaaa2540b9830c80563240a87e0622ce2e3aa718e2e14a87d518fd0305a8c9ef450f92e867bac7cb9ffddbe15abf4692203c55546acf460e306d33f6dcfd1644,N,0,0.3080213807949416,0.6919786192050583,true_shap_primary_holdout_sample
19691,33c33816e55dd1c83f2d5696ccd5ee0c7339c49192f629334340e133aac4ccb943f27ac90b8e28bc4b084a14e50a8e18cbfb487d1f846de7acf8a732efa7d9e9,Y,1,0.5186364097534397,0.4813635902465603,true_shap_primary_holdout_sample
19695,692ea46e0190413f94d156536a5af21a9f8523bac8e446ed52c2e9ba0a4c80941fa61dbb5e02489de9ea92c0d328d359fe90fb28265f3060fc12ff3881d8fb70,Y,1,0.7243448171406541,0.27565518285934587,true_shap_primary_holdout_sample
19712,9a43f1c85cc89d4f7344b85da34aa91493eaac0ec13cc03cc5d3030755a1015582bb12d6ed4c85f682fc0ba5e81b445f3607293fe357c3ad4daaa6bc646fabf7,N,0,0.39073485549310105,0.609265144506899,true_shap_primary_holdout_sample
19756,3aee43b2b5084e916eef4456d3e34965490ac97edc675cc6bd4450eb08b84281d69e7fd2c9bb770deeda6ceb4ba15b87d1242656ddd3bb8ddfc7b4373852e59d,N,0,0.6378982626473397,0.36210173735266027,true_shap_primary_holdout_sample
19759,421953645e0c2127b0602b9b8196daecd4025e8efb77415ead22073ff13594d5c0447bd8fb6bd5cec4e5d4e9dd953f5a3c4583b93780131218f0f0ce72313278,N,0,0.35130884891209063,0.6486911510879094,true_shap_primary_holdout_sample
19774,94db82c7ab6ffc903924f34f34f9ffd095d70b0db1a1e27879dfad119e0027406ff5ae6538298202efd612b5c8d0322e027aec00772db13d6465e7ce2d8fb471,Y,1,0.8796842033990557,0.12031579660094427,true_shap_primary_holdout_sample
19776,79c4c73e679a3cdd09ea4f2fa2fd26e3354959c2b98bfe7cb7ead6df7a30a4d9b49e4bdc1079e4fbf51ee8e067cc672e6d86211f10d48b722b013ccbaac6ba6f,Y,1,0.9813698933922262,0.018630106607773755,true_shap_primary_holdout_sample
19778,5240444650cfce6fc0ebc72da09109979dbbc03e0dcc03f147bd13a3cbde7ab351b2c45cc940295efc04c19744f2f29ef61594125c56567a3ad93c834bfd3026,N,0,0.42787131850371896,0.572128681496281,true_shap_primary_holdout_sample
19849,43ed4eaac668a9d9e8610772c4e662b8993d8be0839a639fe5d96abb03d3176121c52b3d99a5e24554e63bba2de58285af84076f80fb4030d04995c092104837,N,0,0.42225299678517186,0.5777470032148282,true_shap_primary_holdout_sample
19858,10df84961c49682d41fbdea3711f30ec68b7c9a6f2e0fc2ecebf0968d396f644021321856d394e5508aea8453b1a73ab8f9bff23ff69a49f3210944bd4235db5,Y,1,0.7739217354192386,0.2260782645807614,true_shap_primary_holdout_sample
19872,1ff4bec7b5afe6989c3b28c83dafa3dc75fd741f524e55aea52b7b3a06b640debc5a056fd4a26869c9944fd256d6fb002b98ae30c94872fc26a6fba0162894bd,Y,1,0.9789403556078768,0.021059644392123156,true_shap_primary_holdout_sample
19886,7b9bb906173fc4e0e8c716b0cadc651836bd41cae9e05929ded64f9fca92859998491c6729d726ab7c79a6229dd91d098649430175a6ddf4604e0e07b553c0c4,Y,1,0.9077944977266637,0.09220550227333635,true_shap_primary_holdout_sample
19900,c5843ed6c8bdb6ef18b937f09c802250d29cce65faabffab0e25a76bb78af01d9f69dc067fea324afc7df49d9c0feb3070d144b1329378139cd93d9aea660800,N,0,0.1333805342122345,0.8666194657877655,true_shap_primary_holdout_sample
19902,65ed1c97873e2bcd3b1aa853079c8dd2d4e5a82a92bf5cc281cfd58c9780ec46c3aa6ec2200f5faa93a4fd533f439c0333835d9d3ae7478aa28d6818e5c494fd,N,0,0.21410762620321017,0.7858923737967898,true_shap_primary_holdout_sample
19913,3cedf65650e7855bb4a750209ce51db9cf308db0e97c0c66d1523db3856f2b3ee457a7152dfbced21fb59f7cb408af9c6be0ce1424b9340eee619b75175bc1f5,N,0,0.22764489116329673,0.7723551088367033,true_shap_primary_holdout_sample
19921,3fe412cb1c82d832522330aaface8069c767f49c28f8e06916f45c600d988a717e2980aa1afa020e74bd35bd0e117acfa45bd38b9c9e493d87df18e4fc059a53,Y,1,0.9848372025866451,0.015162797413354911,true_shap_primary_holdout_sample
19939,3e4c3237bc9ec8c301d5d452170887ce19a5cbb0107976bd4be6f27ecd14ef8b7a0986730da8769665a97ce2e5bcc0d880243d056c7e78b40616994aba28ffab,N,0,0.22351681028802925,0.7764831897119707,true_shap_primary_holdout_sample
19953,9fbd965ee8131d7d6bcb3eb398a3e4ae36b4c2b313180ef489058dab60cbc79bbbfb3c6e2fd99296b1861aa1c96035c313e9743e8734815a5016b4e3581db732,N,0,0.37387010697207557,0.6261298930279244,true_shap_primary_holdout_sample
19956,555477f9e46c08b43acbca5dc46ed2a6008e178d2069db34c7369f38f614f38e642d67e4084117df3843d92edc783769ee93f410eab65423ba54cbc6fd2a5e87,N,0,0.1914429540412941,0.8085570459587059,true_shap_primary_holdout_sample
19988,02987b9455e07d9dccf331a441d1e9538ec5ea4b9f7041d434292e0544bf868625994d7f78d1683828cc56039f437623d35ed0a2abcdb7cf4ee16de5dfe56e3d,N,0,0.2583724238220645,0.7416275761779355,true_shap_primary_holdout_sample
19996,33123b38b07087cb28df388f61c8e1d4855b5960facdc32f5f42a94c20fe1882435caefc9b5e1a892c4cd93fe1d93fb9a38f32812fc54a4e78a83da5a1f9ca60,Y,1,0.5310898240173314,0.4689101759826686,true_shap_primary_holdout_sample
19997,18d4d3c24f93e1750d589bb610525c33997256696d54349174ebe20ce53944ae02f64ff0b3ca99fdd2256100d47f795009b6f55489405a8d1be254d7965989a5,N,0,0.53993758442146,0.46006241557854,true_shap_primary_holdout_sample
20007,b25ba5c61b6346879ef5f059172b2f4036505ff314afa3b750599179c785893ca94989b283e1cfc88283c7269687309ed3a3fd01677e4d8e9513b8b8988ad6a6,N,0,0.5493619863726528,0.45063801362734723,true_shap_primary_holdout_sample
20026,8c1937936c3559591c6b2c1f2049860dd89844595e7c843b2bd66819e56634942826248d1ffcb019dab386f0caafac295a1b0e3669a31af22835007056bed9e3,N,0,0.657128382180871,0.342871617819129,true_shap_primary_holdout_sample
20037,97bba286a7950ec006e02057e6df802fabb24f49a51b712fafdbb1209e185d50b84d56e8d7d23cc4196f8bcc48f8294a5f41dd8fb886b374f86fd79453e22932,Y,1,0.7150496924353572,0.2849503075646428,true_shap_primary_holdout_sample
20049,8ba079eefc106c1d650a979fab78c5398f8cd2d77a369880bc1bfb8287e2f60ede95dfcecf410d33d38bde56b9705e0ae9965e1e67442e98f1cdbf83f246f999,N,0,0.49255891417818726,0.5074410858218128,true_shap_primary_holdout_sample
20052,3a62b647d3f3ad4e1a951e32c5b0489a95c85804e3ad318561a399428e4f50966dfb80f87aa39567e23ebb6bb4476f420800ca5d6cceb3dfbcecdbd802c42620,Y,1,0.6269725832154045,0.3730274167845955,true_shap_primary_holdout_sample
20078,5c41659d64b87e405c42b09dbbea718cff5be15f7d6df887f44abbed195ac913ba18a2c2022338eec511dd5363c65ac81411dfb2ff1a453d33f3dc2f7e81c38a,Y,1,0.6661555534864194,0.3338444465135806,true_shap_primary_holdout_sample
20085,2414a8fd695b49273a9e90b74d6365a970bb8d04ea00cc3e083af8bd82f35f0e6a02cb030a9e583ebf6387257e59f971a31216a47206dae14a396845a4f893b4,Y,1,0.955014193596607,0.044985806403393,true_shap_primary_holdout_sample
20098,cfd6e7b2a3cb12a9a7e7d219c4da3d9408a75069dafcdd281a6b34a72c41078096156a5607e740f91a2e7997b5415f7b537c20ac475d51a89b949510d7a18d23,Y,1,0.983016412126197,0.016983587873803052,true_shap_primary_holdout_sample
20099,ddf1d110cdb4e79d1452182f5dc505b078b30133d7dfd099702fd91dcb69d84112cfc9a36e0a7b314d8f07e04780ee339eeab6e308b90a671deb4b271e1ab79e,N,0,0.6592939162247308,0.34070608377526923,true_shap_primary_holdout_sample
20116,f5657d8caebecfd7a5846a9c4e1fd8826f1dae3c7c1486d8cec4e445ebac54b173aba885572d2c0cca307f6d42a061d6f3fdf42ce178843150e31c0207b265ae,Y,1,0.9822688392043557,0.017731160795644296,true_shap_primary_holdout_sample
20143,70e286b2b09a422ebc46e182db9f7eb8c8940fc5e2b2f70a79747df067fac9d4d39a766ef2cc38d122b8f8f5af025070cf020a1af51a7e0d4135f71f1d7f0107,Y,1,0.9784145893370143,0.021585410662985693,true_shap_primary_holdout_sample
20149,10a022da6d25767074b79bacc1d5c8dc23ddda38867ada4d91d31e533ebc8467d0f12e5c708c33d585e2e27c5ce41d89ec1feb7cc846e49732919854f2ed2b64,Y,1,0.23256214952768864,0.7674378504723114,true_shap_primary_holdout_sample
20158,d2b85e35ee460700cf73530d39a565cb74c668a2a3f51e89f630e8b67fab6cd8af23aa3728a3152ebcc54db345027f49ab7dd62121a8e2e5f00650b05cbc3c88,Y,1,0.7675551304514981,0.23244486954850185,true_shap_primary_holdout_sample
20166,ed42f13a108cd70f6c6fe24a07444c8d911195024c705622c225a3479f2c86fe49f5ef296bb28f32540c6735b1de199c628f64ccd986fc19ff1cd6116b4fe703,N,0,0.5042149294941562,0.49578507050584375,true_shap_primary_holdout_sample
20180,530b23c380ecf3a55f6b6c74d026236eef7d7d2e2fe00f10bd83723fe1d5eb571594de9d25edd7e47b8edd7bf6ae88c095b783eaab808f25af6394022b200ebb,Y,1,0.9821611176822492,0.01783888231775077,true_shap_primary_holdout_sample
20184,25004a7ccd7d65d46863ad54b767de56ee764e56f084a504a379fd24c84e3817a623be52ac66125e1cdc5255a49ede3320b0d2fdb19d77c1059a3a0250344aa1,Y,1,0.45357849771119885,0.5464215022888012,true_shap_primary_holdout_sample
20195,a38d9be95dd873a4740ce647134c7bf3b567477f92973ddfb3d944129b831a9ce8d11ef19037d66b95fca3b02a2f3842ea1d2b27e55de81c968885583c7c0838,Y,1,0.9836324901809694,0.016367509819030568,true_shap_primary_holdout_sample
20201,e1326ee4dfd547cc65362bd0ef52521b58d123b3a19d257cd5ccb750ac83ba778f9668b147f1cdedec9d9f9bffe6af3660eeac65b1082bafd6a80681e6f828b1,N,0,0.5492347210752103,0.4507652789247897,true_shap_primary_holdout_sample
20204,9f4e8e8d4f46a062a504a9b0dd81bc95d67cf7eda5e9633ef9a10b8a3f4e565ba311af7dd0cab3e4f32979897c62711c8e50c04d9afe6ec7c0bb8b26d7b6cb85,N,0,0.19661146419058598,0.803388535809414,true_shap_primary_holdout_sample
20228,4fa5b0c0a655f8945c538aaf3edfe0aac456fe32f706d33c6d4889d865441b309df3c10369c2e8fd7908c2023c8d79f2df706d54095abeabcdd2d4e209ed10bf,Y,1,0.9861264380399002,0.013873561960099812,true_shap_primary_holdout_sample
20229,0157ccbcc7f3ce46443052345c98a8c74ebe9da9b7bac205271cee9f084e07b7369b1a80ce1cad917f0463d277c7064dde5b83c35a1ba4b746a339587de36331,N,0,0.2901305355170604,0.7098694644829395,true_shap_primary_holdout_sample
20230,cbaaded0986d7e12624c216727ef08671b80707aac7f20e6e4b438f0e581eaf5a95da2d217fa7e3f269aad946e385247e2879d1f4811d53f819159a923d25574,Y,1,0.5651322027419271,0.4348677972580729,true_shap_primary_holdout_sample
20240,dc8b97899f90725b34f39074f232884e303cc8caddec292b736131a83bea69ad911e7dca548599a87a1075d17fad27513aeb5c1a720ad00d43245cfa93518d17,N,0,0.5326415293697361,0.4673584706302639,true_shap_primary_holdout_sample
20248,ae68c6a11baf7f6c73cfdcb23bd47dd673d4efc93f1e2879a38ec2f54158ccabb0086dcf7531fae138166e3a499472edfa21ac33f69e5f02f5c01642b9e07828,Y,1,0.529661314640782,0.47033868535921797,true_shap_primary_holdout_sample
20258,c9c08d50644243f41f329910a16fd913bbb72bde1c12e7e88251e57aecb8d17223cdc9b5342712b02c13d798a7ed087f7ed8c9eb10e84ef4ab4ba1ff8fc0b539,N,0,0.4765846656135084,0.5234153343864916,true_shap_primary_holdout_sample
20263,ab68013a718f80d12077d1fe66c1862e48fc293d42f089bdcfc91c0439e8c11aaf4989abf8acf23af4178f7241bbd0d0e74331cb3507e0d087882df4d2240cc7,Y,1,0.9842704972165417,0.015729502783458305,true_shap_primary_holdout_sample
20286,976d5a3dd4378330b196f391e51b9f1c5e8fd6171e43f9d19ba652be5d817b948a553b9a66aa28ecc24a5e3013a6557696ee368da1cf06e542c52a102a893ec0,N,0,0.16570166880209386,0.8342983311979062,true_shap_primary_holdout_sample
20297,a00ef3ec5516fed91f1169ca94be157768cced377556e04e99b06de302640cb50edd03263c967121fda483e7e763295e4ba11981f7fbfeba0eabd2e12da1cba3,Y,1,0.9848429039679572,0.01515709603204285,true_shap_primary_holdout_sample
20315,29887fb99e8dbbc5ad8a28dde2cb99ddd8d9402d6aa166048643111eedf4422b598af83691a614763993a9e79869412517325754a8fafbe32cb99e1f2716e479,N,0,0.311089386406285,0.6889106135937151,true_shap_primary_holdout_sample
20316,33c74c6d04e836bd741037a11be0275829afcc6db154ace61d53c9cebb6710e3d5f3c97bd26e7d92d64181b635ae7dd90bba81d43d73b73a28b294b195ef6728,N,0,0.4618101459966927,0.5381898540033073,true_shap_primary_holdout_sample
20331,08e45b74f12828872a49344d9f475963e8aeb7fccbf9aec663f261c5f4af0f045249826a35c34db8e3bf060886246159c9aec475dfc85169fdaa0db548382af4,N,0,0.5026838194156672,0.4973161805843328,true_shap_primary_holdout_sample
20353,b2ec25aaa45fce92e51054bdf5275b070be04da95a21c552b8eed517e4497b1363e2c0b35827d245f871853e86ccb3d955ab2675f4a4216dd6f397a1a80adac9,N,0,0.17015140332767045,0.8298485966723296,true_shap_primary_holdout_sample
20364,6699f12782255fb72f61e76026dead36eab5921e87b1378011b7fee9e5e53a19f243eb458b1eb346c35fde3c2f174f2a1ea118ac13f96da5c11cd3c6eb00fe27,N,0,0.2022195067104409,0.7977804932895591,true_shap_primary_holdout_sample
20375,624b8b678fa1af1974100d1d8ec35e072e5c48971b5f7f1229576b4ab5c4b8342e02b2357b5fe7480ae4446deb5288d841b6ab2e1dc3bf19d97984e0fd5bc6dc,N,0,0.41666978345123606,0.5833302165487639,true_shap_primary_holdout_sample
20377,a013fed779a37148daf64df26af0c58aacf34a96a33403f0b14eafb14b2a3896ef6077f9267c3fd987b2f66f9911d27209e73db0c5877ffce7cb7411685eb0f4,N,0,0.23665412516057865,0.7633458748394213,true_shap_primary_holdout_sample
20379,30968406199dfb37715a8bf7a5648b2ab0103474468cdb53bc3abc097f2da15b6ba6abe0a6eed44189870c3cbb5f30f78ea48a8a3eeb0f78743d08c4beb2f104,N,0,0.4997952860006966,0.5002047139993033,true_shap_primary_holdout_sample
20380,8389b18503c4c3283865d45d7085ec49524ca17351032563d99c416cd3d767ee78714bb6ac31d34d36b0be6e1893ccb3aa6943d8e913df61317331eb31d1a052,Y,1,0.9791267780818321,0.020873221918167872,true_shap_primary_holdout_sample
20398,1e8f2efeb9a74bc3805c24e3c9423362b5a0646305d08274fc0db6f0d8fe564fc27724ad73ba8a028ab6a166be1f26e7c8cf95cadbc8087592c35fc7a1bc7865,Y,1,0.9697809789279397,0.030219021072060315,true_shap_primary_holdout_sample
20417,60e7c350bee5023f54452ba94abfb5bd0a9f3a989fc3c4dd6a1184b031f018809c203061a5ca9d2dd320511c977885024893231a0517e284c2a9fd1bd7238e45,Y,1,0.9851265991701557,0.014873400829844341,true_shap_primary_holdout_sample
20438,90561846e9397605a8686ed965f9ca8b0b97de40e2b1e73159a64dc92b39c4fc9791a2674ee99c50d0f4dec02cf9efe44d728a48368c2c4704ffa08ae4d0647e,N,0,0.5651322027419271,0.4348677972580729,true_shap_primary_holdout_sample
20444,a504610ee9978389963fdb6411334f53089a22041f6a703a54fc735e2258895d35157b3bbbad1cd9fb5d0f136974f49b3efca9adc36d4144d81105f028a79335,Y,1,0.8997919022592706,0.10020809774072936,true_shap_primary_holdout_sample
20447,0b205c66d89bd9cda44b498a4dab2b20ddd322489e81b34388bd6f28e02102dfac5cd04e99bb1a56271f1b464fffaaca7358318b166d3beb200fffd9a9c83e37,Y,1,0.9794368659020825,0.020563134097917546,true_shap_primary_holdout_sample
20450,ed16c2b6341544e5ab4302e384180bc4de50df9dc0594b0d3e463377de5353469a9852b28a4ed3f866802dc276981d654182c30b3bbd8e5e8d78f451d51b295e,N,0,0.24519641373699042,0.7548035862630096,true_shap_primary_holdout_sample
20499,7bddabcf0e007dc87af2686abbd92d1a890687387ef01812d9e2c3a157a476620def69170bc642b71e5ff225ec8235cab92e2b2e45b3784e00f71b36a00b2615,N,0,0.48947581062897866,0.5105241893710213,true_shap_primary_holdout_sample
20513,ed66cd2e9ac1c4990723a2e3e3ce50383d079d0f59f96a7cb3e57f24ce2efa2d6189e7b80931403499afa4934fdc11dbf261979104327148f17f8deae0e12c8d,Y,1,0.8408657619534645,0.15913423804653548,true_shap_primary_holdout_sample
20527,479ec2ccef91337f479b3e737ab261bdfb4c60c0709f32513fbfc2cd868a632f616de604ca5143c3c1094c6317e124b2d5a2c06e6f1c0d98c5baf1315624ca95,N,0,0.1882828995226252,0.8117171004773748,true_shap_primary_holdout_sample
20528,602199f58f8809173d2be9175745d4f7a0cfd901da66a1a87fb8a9c55eb555cc7a892f6c504a976b91ac50c9fda220eb29a64e913146913a7bb6569c6b9710fd,Y,1,0.8963209305851444,0.1036790694148556,true_shap_primary_holdout_sample
20551,e9b82636fb279ee4449e67c3e7a047ec0741ed7544d0a235e369ac1c626c5cc099ebd42f3b1e4f7c983e4f0b7259718e2611786c8277fc821165fb512a630ede,N,0,0.61986416411106,0.38013583588893995,true_shap_primary_holdout_sample
20552,510032a411c7cc2380b4652477be077ceb1173c48918b4d5c58ae0e5b11cc897311263568b3842635d04e388a4f502eeadf41a91c6971e1c4a7f892fab8ff897,Y,1,0.9847376877517879,0.015262312248212062,true_shap_primary_holdout_sample
20602,d9fa8b251cb02b5315d97dba02fb78a25f942c379dc4d145ad16bc6be650e099819204bd9169e3336cb737190dc05c84d632d22f648e1cccf70912034d084b37,Y,1,0.9813364425474572,0.01866355745254278,true_shap_primary_holdout_sample
20611,82948831ba7a6432e0e8af757b0c07e6eff73eca374537a8d9a0a91315021d2cd9e6ca857076cf69ddfb7922f9b1e8fa5fd7e0f590cddcacb21d0e9a6e65825a,Y,1,0.564924601194506,0.43507539880549395,true_shap_primary_holdout_sample
20631,5bce8b952e2c289c5a2cf6844567a4f5609f1bf93a47e9be8593df26019cb517b2f9a3809a6a466b0239f1bdaa95cd634fee49c6011930f8850ed71af1358df2,Y,1,0.2992726415366655,0.7007273584633344,true_shap_primary_holdout_sample
20648,498af0f19c2f7a90b0c8a6b0c1a746167b4387d5bb6123e5fc6de672d1d815e5082fde4d0a6fdd8ef78ffc07eac3b93894c0b36204c8ab7daecf4637c3b55a53,N,0,0.5743643390505099,0.4256356609494901,true_shap_primary_holdout_sample
20682,a1a085c8eae9d919605f722dd08bb43edc3ea9852139ca02443fe18638c864fc2a3d509f322703a4b5bf4921fea4ae6846eb35c4006d5ef75a21a5aecf580d46,N,0,0.4190346877164296,0.5809653122835704,true_shap_primary_holdout_sample
20689,8d205fe16c2b7e08cf984c1fc08afb1cdbc4e64b7537224a07b5b7747378155ef9f27ce3645cfee595f261a5501acba7fd22568d29cc715e8ae28645ff804300,N,0,0.7396260513060157,0.26037394869398434,true_shap_primary_holdout_sample
20719,178309e7cea1e8a243334d40220d8e458d7eca1b98d1cc87e59363fcb70184042c25a3dde6ddb54839cd4426516587d22e6fd9e7e068c4b3bff72b130fb95a73,N,0,0.2023163532658708,0.7976836467341292,true_shap_primary_holdout_sample
20728,445e9a041f7902e91dceca6dccd8dfe95e07a34dc54b1003a5745c8363de38bbf841e8aec2e2fb32206b1c5e68d14cdf3506608a780788899e524ac2a55d8107,Y,1,0.9303804691193898,0.06961953088061024,true_shap_primary_holdout_sample
20748,b7a299d3879c43595e910fd24f0b6d39c8f81fd46e1e236e24c70bd62cd7926018baaca053189cf7a678e96321418bab3cceb91997f9771bc04dd721b3b87f72,N,0,0.4022061021723828,0.5977938978276172,true_shap_primary_holdout_sample
20749,f04f24ba2c4cb45b1c5ec1d92e4efb1f371b9de40770687416939aaf6152ac4ff57fb3e575bc872226cfd939a933b27d055b72d56319fc2ee445b0cfcdfa8c09,N,0,0.467997087266625,0.532002912733375,true_shap_primary_holdout_sample
20750,5c6f932ec1b92d4a92bc17147e38790a08477740ddd9386ca9ba5a07bc302b8f090e29a999f10fcc994c93824783b757eb3f05315b257ae201ff0719b18dc6d6,Y,1,0.925710594072245,0.07428940592775501,true_shap_primary_holdout_sample
20803,1a769faf3cd11edb9b4fece2a4a25ff28d087c783d05ac010798eab2cb54e26d8b51733bb7dcd15068ed360f566d5c65fc02eb0ab1f0255148d5e7379600255d,N,0,0.14204969487791894,0.857950305122081,true_shap_primary_holdout_sample
20809,0f5f6faba525c06379c77aa6d4778bd4d55d0c87f3b841bf3acd32783f6bd06aaf72cefdacd1e20662f340da82a60e47a0096ed970d6c82220b198efb9304ba8,N,0,0.691410196089303,0.308589803910697,true_shap_primary_holdout_sample
20844,4a643806235b5477f7cee0146c45b851bdc82a8402f9e1c26de583502dd11642c82f187a26e171f0237f5a4e3c38b1a3a469a4724452cdc4c9acc91654f24488,N,0,0.29666530808835767,0.7033346919116423,true_shap_primary_holdout_sample
20855,4eda816c7ef87ac26904c18433e47f1876efdc0dbaf7a031b48aa8447ea23da172c804fff6a5f6bd0c8e255cfe257c58cfea32c506928c1249f6dbf3f3822ccc,Y,1,0.894383795047919,0.10561620495208102,true_shap_primary_holdout_sample
20859,c98749d0cd5c49d51c7c8ab27be22165d7c5b0d47c622b9a50b1e8e75535c8074a3ee158d39e111428e6991418307254fa03ff6cac2b1cfb8d705c4e1405914f,Y,1,0.976064321688955,0.02393567831104504,true_shap_primary_holdout_sample
20884,29eaf7546467090868dd9cea030a14d799fc86bbf1b81452301a9a0970f436fb0ede19e3741f4d8cb6ab2691c3ad3b29436c0e924a9b68325129ab6b93444611,N,0,0.1731919157444863,0.8268080842555137,true_shap_primary_holdout_sample
20898,225f568ff842ced0be07cf3957cff410b1b687ca019253b42d4e85fc764918b9c21a77521ea13041cef4e558bb720f87faa14822534d4030dac7d57f99eb0f92,Y,1,0.9828026431645095,0.017197356835490507,true_shap_primary_holdout_sample
20909,e63711e458e974854b3456f3dc18cdbd08de93569c1d5ad5a8abe1b486eec5a84ef540ce7783729e21b320465491be607bb9c4a880f48c06701ddc63be9ea29e,N,0,0.7219051145837975,0.27809488541620253,true_shap_primary_holdout_sample
20930,deebf68f4670b7924cb6fae09d46708a8e2420559255240f9cc5e68c16a6e64ecb044ec9466f2a669ebbf15162a4bdb2205ce6dd213b705f015ce764492ff488,N,0,0.4223803580294746,0.5776196419705254,true_shap_primary_holdout_sample
20931,77184d52caed1adbeffeeb8ae3e38fdcdf9682f74751a31a6daf5bc07158dddf4e6a90db5b6bbfbcebc125d40185d2c3a470edb8dc336598c088e20da332c64c,Y,1,0.9824179914553777,0.01758200854462233,true_shap_primary_holdout_sample
20962,a62ec6344bb2bae2ed6c142db8eabea44434e74fb7f6065a0d9c9a0fe3313620ec72242d26bd53d799ee5df7915ddde5508508d37af969750ed0f0ac67ed0ea8,N,0,0.25410479522465385,0.7458952047753462,true_shap_primary_holdout_sample
20975,b59e3875abc833d991a5987c053f543a1c02018d4b6e9a0eb83f45389110fbfb53bc07292d23ba081e4ecdd50a9b59f1f0cf8dd5c6b9d20fa981d31923d741a5,N,0,0.37679533377907876,0.6232046662209212,true_shap_primary_holdout_sample
20982,21ec6ac854eee8f917234ee9f2c751340228b919121f8c0dfd7c734a57549067964b5a148bb25cc3fdff0336cee709073ecbacd7a3ee3642211129f4e37da36c,N,0,0.23784904317554514,0.7621509568244549,true_shap_primary_holdout_sample
21006,da9a57e97ca4b602c43f3a7a57cfd99d41de953f15ddd2d09b2a035074f202a1fd221fa6ac610ab5fbeaf6d9d5b2072aaf7d42d680bf50f0bdac2027caecf35d,N,0,0.2649177811334099,0.7350822188665901,true_shap_primary_holdout_sample
21008,f8621d79a533c1675babf1835b97ca15e7e4ff39723aac415e76904fbf7833282b9fe096e0ae0f8a4246f017a3a48da1d5cc9670c925ad36d2d26b3bdd567d4e,Y,1,0.7698584785999697,0.2301415214000303,true_shap_primary_holdout_sample
21010,0daea06e094d8d8a8d3268c758c736cebb59a8589646d112c472d8ba20ab7cc30bf059bf521e437157b14ec4729c5c463cebf66f06655882152ff2f81fabb8e7,N,0,0.41156884326135434,0.5884311567386457,true_shap_primary_holdout_sample
21015,ad5c2754a897123ee7427208a6618ccab758a71ef5c7e32e1f551b2b25319922fd52fd83ce08f4e544ec3a3a3cc27dceb8be47cefdb91d3dba128f50100ac0fa,Y,1,0.4832562531674315,0.5167437468325685,true_shap_primary_holdout_sample
21025,77d2da14221b9e9552a7b8a8c4961a6a8f173e8edae1e02be528a74b7e414fff99974c8e1a4716f783426805bd266fe6974b0792c28eaeae63e7829ab06b2571,Y,1,0.47543833165951055,0.5245616683404895,true_shap_primary_holdout_sample
21038,22d87a1e0abf8f8aaca4c7f29e03f3172846c6d0d4bd713f6f3d653091471e759a33448f14b64a3a4538919f1e46cd990a1146259091dfaab32c3d88d67df348,Y,1,0.9872190770155543,0.012780922984445664,true_shap_primary_holdout_sample
21062,934224cf1511e73d796a35963590222ed4b912413b70299f73ee33bed382c0d9df0be81c43563429ef1060a71c57bd6a057dfb505db28ade7b686bada4ea4b8c,Y,1,0.9733363189714608,0.02666368102853922,true_shap_primary_holdout_sample
21063,aefa2c04bdba0aa9afe30e5c81c947df4ce9f2996b3376b3d7f1c9ec2ff7529c0446f82f30f102e0f2476c9c071afc5971e9dab98b88bbda59ff3fad7316d585,Y,1,0.5484386831779622,0.4515613168220378,true_shap_primary_holdout_sample
21064,1df7b900ffc65199fe21f257870573bd02fa586e059d599719f9a3292d48a7511d86cbaf65b1f328d02cb5ed2079ae10d05053a22926331640e7f6f235a97fd9,N,0,0.1512601897951027,0.8487398102048973,true_shap_primary_holdout_sample
21088,47f77dcbac68b8353aed8ba90960e869b015c60acc1fb84af443e9e1288874ad7a1ac4c56014d5f109ef821d18ba3ca7f9f97bb4280cc09fc679b30d09f64784,Y,1,0.9575273167554892,0.04247268324451081,true_shap_primary_holdout_sample
21097,6ab00e0fdf660281be0f30a721edd120a2bc19f6a52ab8fb4ca6cacacd36793c7ade94829d8d161a5b1aa9b98a94674e5c49e041d612babbdacb53b6511249c2,N,0,0.1701301084664876,0.8298698915335124,true_shap_primary_holdout_sample
21111,f707f320ad0d534e7de4aeca9b0ed6c19bb2c1a4d64c4fc337631647be0b4f768a03152661bf825a32afe9169e5a789137eb5cb45eaf6f89b56b1c554cd1b185,Y,1,0.981816380687274,0.01818361931272605,true_shap_primary_holdout_sample
21116,5aa658f8d7388ad5aa416e36bb04d89568e73c29782e595f088fe535e1884a47ab22c1aa027742e829f3098984067e73d7a12cdb4aebe7b1c2dcb7a460ab313c,N,0,0.18737750747292603,0.812622492527074,true_shap_primary_holdout_sample
21117,0626d5bdfc85e7aeb359856e7530382c1f0fcc94898c6de0ca5f773a3d97b3b8856c8ed2c9f53bf5f14d30f2fe6db1f53dedf8e1e3cbc91fcc36cc31e3c143bc,Y,1,0.5463120543647834,0.45368794563521664,true_shap_primary_holdout_sample
21118,3cfcc927d7b1b3ecfc2ea144600fd4add1b29ccc89989b3bb032462e3ecd07b03df202104b6adadfae2e69add5277e22df1fd9d950fd3e6bd9023ebbff6be7a9,N,0,0.22711671191075733,0.7728832880892427,true_shap_primary_holdout_sample
21137,56b0ac390309394c7705092ba30e49ddf5c9f34d108c47a0aaf15984e13037e8dd4de5030e38de586d91a0407890efbd5851ffd21610b4c23ee1075f6da35fd2,N,0,0.8511241898470612,0.14887581015293883,true_shap_primary_holdout_sample
21174,ec60ee5d538dd890c75701a20de2924abd669c27086f262b16a3847f50eb9de40961bb6a823f39e6872b62c27d4a998cd4c46d1f8fb1ec0b2bb2c579a7e63be3,Y,1,0.988967389937284,0.011032610062716053,true_shap_primary_holdout_sample
21182,b1860f8bbad11120058efd5c1e27eb7dc80c21f84e15d4e6a97dc4b184be6d3bd7d9742a906597d09ee5464cd25d874e66b6c8e9cfdf9c3f0204c3a404e8ff1e,N,0,0.21505556652810132,0.7849444334718987,true_shap_primary_holdout_sample
21183,fce948224e5e350415b70964d3944cce2a6f065630e10eb78ef052c99f67e62ede5e3b1c4b3b1ac08c6b360e843d24f158970d73d81c77e2393e13ab8b6457e5,Y,1,0.9510192769595919,0.048980723040408125,true_shap_primary_holdout_sample
21194,b1b8c5bb4bb2754be188170c04663b3653e44c542e1ff41208a59ad7e39b361340cb50b0236684a730f6ecaa843138ed7e7ccfb9d433942968ba0710d49c5137,Y,1,0.9780483238520458,0.021951676147954235,true_shap_primary_holdout_sample
21254,cd955bbd654ec3f0599ad431f53515f0881740df05617e594e1a359fa86e327ad151d3b2d3a3d13a994e7a61c250f2d6ca490fd6a079b83dac4c8720865fdac5,Y,1,0.9806306970840037,0.019369302915996256,true_shap_primary_holdout_sample
21266,65b4598d18d9e3d4f0a806e3efbc95cf0c17485f625508ef1e56083925d8b59ecfe6c54f0136dac5779f505763812dfaa62df1184282994f245a009fb8c9e244,N,0,0.5510240479674905,0.4489759520325095,true_shap_primary_holdout_sample
21277,23f9cf055e559bd2f2f10e0c5052fa22093b82ae3b7d46d84cd5698c76e61f9df5ad393f214c70708219f652fc2725eb9ad13278d1400924f8ba5f7b54d0ba28,Y,1,0.5987861023761939,0.4012138976238061,true_shap_primary_holdout_sample
21310,d1ef9d0871c68cb2229d3711bf63018306d44c2c30bf7e11607a32de4761241c6ae8c719bbb9b24febd5c2c440ffa98247e45df717922efa61f595346640c9b1,Y,1,0.9437370951340892,0.05626290486591079,true_shap_primary_holdout_sample
21326,84eb44d73fa0de50828b01c2ef716e1c7d61cfb71ffe97275e38b40505b12b712fb37948d11ac18c81c749e0df46127cc51a23b802f3c67958b8b0b234fa3e16,N,0,0.38971161825981837,0.6102883817401816,true_shap_primary_holdout_sample
21333,b8968fd0c57365e81e3a7c4864dfe552ae4f1b9391201c462c0f814a0cd422f715f0a6848fca9523b992d35e75762e4314e2c81b63a01f471f0fdb77de52e6b1,Y,1,0.8871562627245944,0.11284373727540564,true_shap_primary_holdout_sample
21335,1c6a8cfe900bb6782d93f1f151dbbe3549187609740bc7f9d4133a3b7ef9b605ae3456d9f1659fbf545120f1b42e580741b65b5ea15674b846fdd6fc2459f747,Y,1,0.8878133647913344,0.11218663520866556,true_shap_primary_holdout_sample
21345,2f9dd63f8cfcce0b31fa81e8f8cb84d597acde2cb6f1c3018f344cd015022a1405c64024a0ac8cfea63b7ff7cd920ecbe4620d679841ece94a31ec5415ec8856,N,0,0.24747967042978666,0.7525203295702133,true_shap_primary_holdout_sample
21354,9c6b87700aeca1fb9d8ef914b2fc2b21a9df5a9a44029f089c069bea9c5ced753bfbfa59cd237e8d092def272978c6052ffca5c61d573c3a50df9fc939d888c2,Y,1,0.9461221975718719,0.05387780242812812,true_shap_primary_holdout_sample
21355,f7cec8d26f61049b18f101fd8639dfaca1ebfde79a5b4589b6176ca5e663aa9bbd2d6d5f2e402a36d6fe70af01f123980bfb78bdd9d654edbe31bdf1186aa6d6,N,0,0.7395710465099887,0.2604289534900113,true_shap_primary_holdout_sample
21405,3a3f1563d881837094be3a32ba59a1c3e13801650e90105b957d1f00274ec8f39e4b581e49bc495916586b80bb51811ffd505a80ed48e69241db0b8070b4e217,Y,1,0.9859709581295338,0.014029041870466163,true_shap_primary_holdout_sample
21408,df9db0f65e8cf7d7ce6c70b89ff83ecb6e89378e6074e819d11a842ce97f10278d19777ea7caab3450d486eefbc03bce6e0cc025743e44c1ce97bec45e6580f7,Y,1,0.760151821521051,0.23984817847894901,true_shap_primary_holdout_sample
21411,a261dec319e543218845fdd3b6f8414108e874abd2b6beb653bf337a9dc1ad1006b867f1621e39007aba644ae3ea5632867b39965264c017e00fc6e58fd047a8,Y,1,0.9827982171070844,0.01720178289291563,true_shap_primary_holdout_sample
21442,568dd56b6eaa497933b6521e4742885480361b0efe9dd816feb06e4388695c529e73fbc099a1809b05a42db1b0e1446e8bdce83120e7df2a48314fb7e9b98752,Y,1,0.9840290548931826,0.015970945106817402,true_shap_primary_holdout_sample
21453,d93273fe78e014acbd87227515c4255893d7791f9bdfdf19111f3a97e87d27e57f83149ee9a8b5eed702780eafee709e189fba31a271c9c04dbf65528ebf34ec,Y,1,0.4945203612284429,0.5054796387715571,true_shap_primary_holdout_sample
21456,6ec181efbadb8f6f1402e5d05de141dc35308b55c783aba527aa437eb3f1e1aea38908501f48098f9e3d13cfc0b8d453b932e709bbb5d4b0575a19e89c3d3bed,N,0,0.4195417189746468,0.5804582810253531,true_shap_primary_holdout_sample
21459,5e3199dfeb882de710b721e56211f04418c237df97b3180348bc5f1b2cda2c7ec7434ea5acaad4535be904f359eff740cf6609f9259801ae8bb3e3bbea10d118,N,0,0.241506802668169,0.758493197331831,true_shap_primary_holdout_sample
21472,75f3d3085f0306d2c2ea765b6b4152675412edf69a71fc0704abf34457a3e0cf12f4221ff786c844bf4ba867066913bfc0cf305ade1b0c4a6ac324eccb153e7b,N,0,0.5474128107707549,0.4525871892292451,true_shap_primary_holdout_sample
21475,ed53c3a3a0c7c909875ba79739abbf7ad24ec5afc257c15f7cfec1c992f4bf0c338995c4fa820dd2621292e2bd65a6761a6396d096b8e0cf384233fbba70ce7c,N,0,0.5651322027419271,0.4348677972580729,true_shap_primary_holdout_sample
21503,cb7b4c23fe940dd9bf58804c7f5a465631337dca9560eee30c1369548764587b19539ad176c3bd74fbf8412992ecd0c11f2ce6b8a8270add576a46e94c895e6c,N,0,0.3617822745005926,0.6382177254994075,true_shap_primary_holdout_sample
21519,c8b0751834d0bb125853da97ff877c9b3d880575b14226bfbce8877f8bfcc2f52064daef08217a13e496b74dc3504ee2ae4b38b678adfcc4d1915f15d6f2ddea,Y,1,0.977518789905016,0.02248121009498405,true_shap_primary_holdout_sample
21550,4f379c50c996146594ac5b3d7f94dcb057f1339d893ca3b7e5e5fdcf7f0a6706ac39967a9ee8dcc940c496b89e93df873ff9a1d1217595279a26b1c7c68fd603,Y,1,0.5246196199692377,0.47538038003076233,true_shap_primary_holdout_sample
21554,c24157cc49cc62e3fcceb0b183f7cc2020ad1c2506e6a1193ec962c3af1ea68c1dba745bd91164efca21e226d0059bda8630c280e3f91a9b19ca2386f6449b00,Y,1,0.4683818875487117,0.5316181124512883,true_shap_primary_holdout_sample
21563,0fd7c11407a033225f78788f826b4b8ed99b85121919b90db3533dd35dc0240ee088942ca3bead9741b37c04d2c94df6901d86d47f00f5a2ea99779c91042e8e,N,0,0.21509475983652426,0.7849052401634757,true_shap_primary_holdout_sample
21576,578e8123f9908d0c7a3813896c328ad820314a9d536f92fda82115a4ad909412600b5855b064e2db6d95622b942f88ca813cc7949edf48db8b88f79afcb9069b,Y,1,0.7831161576529536,0.21688384234704638,true_shap_primary_holdout_sample
21580,f4bf08c774e5ff6da90dd8ed3ad9e00ab4c68330b6dd33688e0688c0956a71b91e26c2469c5d1268652f4e8f933f26dfebb550ce0bb16c7c03a76f6bb84b4cc2,Y,1,0.9782853164574468,0.021714683542553237,true_shap_primary_holdout_sample
21584,01ef8a5a4d19d6694ac3986e736fe023b6f418c6dab781eb38c9fb30e855be1d374ce06d69a35c62794d03296ae27baf24dbe80a5d2ee7d090bbd5d4d2a92aeb,Y,1,0.9808100788085199,0.019189921191480108,true_shap_primary_holdout_sample
21602,9823c9e71992d126ec5a67db944317d80ff163f0cfe5490a1d7967d8b42dd6a3aa0fb054c06184347dee1d50194ffe4e46dd042dc72ccf0908265c157b6a5ea8,Y,1,0.5087172403773306,0.49128275962266943,true_shap_primary_holdout_sample
21606,d9e78302f8031812ad4656ee21bf3db54d3395011b02621ee72103e5012ebd1432ef346e11cfd519da0a3c0191cbefbdb6bf8924a45ab942f4bd30d886fd38b6,N,0,0.5256503168693794,0.47434968313062065,true_shap_primary_holdout_sample
21616,674e64c3b02d2b6ee3ab08f6e25335d45d3e87067035a0d3214a3ab6919d7df7541d54a689e740ce91531188d6ee185c596b411444986b3e420df8b40f42c2a4,N,0,0.7446570575611274,0.25534294243887257,true_shap_primary_holdout_sample
21622,63e7d5cb354cfc12fc1976b911b523e249d05c81edd84b79c825ebe7071eb35e5bc170eb24241e6784c4b869122cb6b3a60e6459a6de57428edad3b375647157,Y,1,0.8829310300553762,0.11706896994462379,true_shap_primary_holdout_sample
21638,82cfcf7a6f59a94bb5e06ab165336c09f4177382173521de0e60db14de5b29aee8d8986a67019b8bd64bcd424ac1a5db0e7ea8e69e97515c2ca0e7af99e0dfbd,N,0,0.6869754499108863,0.3130245500891137,true_shap_primary_holdout_sample
21639,8605cf2a2fd0119d602e1b4179e647ed37005f501500a5eb663c2bbde74bacdd781501f090850243d636ee8b9e5d44031e76a2862194f51ade9a228fcd2d7174,N,0,0.22247069715648807,0.777529302843512,true_shap_primary_holdout_sample
21650,966a874e796c92b1e06e2fa71b6188ffd6b6f1e54e56be0ed5e37b16ce7dafdc208d05534ed54d990d21ffb7b52b8b3f534173119c8af4d692f8dea5ef87a70f,N,0,0.5108798498579868,0.48912015014201315,true_shap_primary_holdout_sample
21666,f96ba796105dcf2baac26c3368f8063d862416f94375a368402d4e5c65ae09704881e46782a0c5eb4bb7841085b69195bca0693f48d83023b0020a60244ce5a2,Y,1,0.8732512140672771,0.12674878593272287,true_shap_primary_holdout_sample
21728,05f1b7eae7602ac4eb32457e34f3355c946ad3446141dec2683342432498e8b3bd0e5b272a965114486766e5a517fd750fe8ce85d96c2c51ee7397bd7eed2ae7,Y,1,0.6661555534864194,0.3338444465135806,true_shap_primary_holdout_sample
21750,80d3139aae6fd1f7dbeda3f3d306ed3169d8bbde73d6ba248eacda5904008ed32a09199a248af6928c0ec6dcd1a0dfd1a3aac2b207d336b01ea59cb75f62a5a4,Y,1,0.951368818959445,0.04863118104055497,true_shap_primary_holdout_sample
21779,0f41657ce9a8b3c4fdba40caca6ffa84b57fe609aa0b8bd9ae90badc9a897ccd57730f7542fef1935daa2adb08acf3a38fdfb7f8a262b504db3f1da9e6b18833,N,0,0.2498316476883753,0.7501683523116247,true_shap_primary_holdout_sample
21833,19bc9b89f587d8a6dc3fb01e4358b2161705aefe0d5d94c55be49c329a16f0f239b444926f107a81342124aa2b8fcb986745d0d269f2e1ac98c82174762df4a6,N,0,0.32726952032082496,0.6727304796791751,true_shap_primary_holdout_sample
21850,4ea9937d9724bb3f046fdf3a331f2f69c0b569be2d9a7ebd9be9fda7ad51a086a5b421560d46fa6be796df57ccc02ec0fb03ea504c5ba2ba3efc34378bf548b5,Y,1,0.45584259765553525,0.5441574023444647,true_shap_primary_holdout_sample
21886,b48bd8b1d8ede6f439c28b72350efb47497495c62b35126f35eefd2bb8d3a7ac59ed24c94dad4fda5568a378f7afc9e9ca268076c02c34ef26aec27963fc87af,N,0,0.1419539007157175,0.8580460992842824,true_shap_primary_holdout_sample
21897,1b770cf2e83409aca603563ac1ae9d9d09224c936c12fe22dce80585d2913a2fd7927ccb73b7b26ff51c7dec16a159c80e9b1b9a7c963bfc829c9367157085aa,N,0,0.5734428013764044,0.42655719862359565,true_shap_primary_holdout_sample
21910,d02b45a89e376b35a1496eec1a8c73bbf429d71345abf7fd4e506da555565e6de05a8e1b81689f30991b39f59d39958e7f3d0c2b4606d980fb3a928239d54da2,N,0,0.7510331173951629,0.24896688260483713,true_shap_primary_holdout_sample
21948,8ebb3440e88430f2e9518e85000e5142ad763b936267350deb4f8542d936930853932f23d84291496c473a407031c5c2b686c5777c5c46679123cbd09fcf131d,N,0,0.3189741615073847,0.6810258384926153,true_shap_primary_holdout_sample
21959,618df8887c1ecf949283b0dcf07014f24befb59f28323eea164d771a3ab3097a50ff959404fc5782688eeec68d9cb053cb578bafe574b21af04b5c9c29d5f335,N,0,0.47710872779083946,0.5228912722091605,true_shap_primary_holdout_sample
22002,ed2764d83209ecd742b4ea2ab8de2349bae5b49825b2572ab2e1abb6f15b959699d2c2e3b62fbdb5a9796542bc1906d5d049ff62139e9322ccee61ed5a3fcec9,Y,1,0.9749712871583904,0.02502871284160957,true_shap_primary_holdout_sample
22006,31d87e315bb8d40391b70ad074b6401ec32e878646cfd1edc73ce83abd099f5a255aa80966ad574b93207d769bc960b9a837c67907d009dc67e64ddf5f61c111,Y,1,0.6537281119498787,0.3462718880501213,true_shap_primary_holdout_sample
22038,5fd9ca79b707eb18e1b6196dc9e589b6c5fee9c769da6000e3a41f415241e29c67a24effbfe3846f607de27c8d0d29b8f98ef10f5ad8e2bb4d2c2744348b1add,Y,1,0.9814054901480539,0.018594509851946106,true_shap_primary_holdout_sample
22053,0a70fc89622aee26c284261c8705bc91057a0f78afa68674e72512241c2bcc8ad8235f629cb0aebb1211fa7e5557f1e002050d9a4ff71c3dbcbb0f60dc3591c0,N,0,0.223971425643626,0.776028574356374,true_shap_primary_holdout_sample
22060,8ec72d21836ba1a8c30e6056167cfb735704965416e424bd35d07f6c2665176f1e76c30d1c5c41d71e3ba5e4b50e758cc7d4e421c126233b35e8a04a867ade04,Y,1,0.38286256153840703,0.617137438461593,true_shap_primary_holdout_sample
22079,2b7e67bc196758fccf2b2145895dc710ddd02e0f2342009bb7e33979404d08857a278fa0bd55207e82e7f9edafb82628345c56ae030dda013f4f8ca7fe22217f,Y,1,0.9637856437963066,0.0362143562036934,true_shap_primary_holdout_sample
22093,1248c1b6b80e6566918a3f6bc4f8ccf64baebbae6fd6baf827df85c6aa29df0be0c54bf9a2fad41a783aa30204a818658ab6ebf24ad8a5f39d63b4896f0e1a1f,Y,1,0.9574587034740097,0.04254129652599026,true_shap_primary_holdout_sample
22121,2a90f68ca008445d4402da4a712ca6b1efeaa4aa94dc800874e8d2234ba2c18bdf97960d1ca6194c84ca00c1f20b2299bb106861d4cb4d82d0559d501c301b57,N,0,0.4848582521422622,0.5151417478577378,true_shap_primary_holdout_sample
22138,76f7840c585c1103439d796e9e1bc2baa7305cc9a2d824597c188b628249e4a0339c9a826ceebea543801bc9a87c0b889343980a6d2017596a2f60c6cd9f1351,N,0,0.4495203194916266,0.5504796805083734,true_shap_primary_holdout_sample
22141,44216f7b1eb7b14ec5e4a2570d21167a8e1adf48a3dc70dccdc36dfdc86da96ee49467dde82e1432e928a62314f0970f29ac2aa9a8fc7d8972de6e4886574663,Y,1,0.9822064613861531,0.017793538613846915,true_shap_primary_holdout_sample
22163,e0eb3e253c5eb31d60620a45bf07135ae86559765d2813e533f71fac0faa20eb1344980193de02f8aa2c132f5a36778a79c8f9b129456bd2a7e045e419e4724a,N,0,0.3888528117643241,0.6111471882356758,true_shap_primary_holdout_sample
22166,46264b8bfcaefdd7acb59801377b3b4ed76348711d47ee45d57f9e8fb4266476cd3e1a58b08a9a36e87ea318739869291010a8ac12021059b4743f3fe558366e,Y,1,0.4676832970227403,0.5323167029772597,true_shap_primary_holdout_sample
22167,51c288fccdfa1d5b703f9450bd7970f840f0d15b08609aca50e971ca39c07207ebb0cad8558435b13d7b771bc249910e52563e348c8b7118314344b9892b15f1,N,0,0.24048733806739925,0.7595126619326007,true_shap_primary_holdout_sample
22182,a31b12fb2f039caeb2d1e8ee4d7cb59034e364871d27b7f7950d001855b258d492957c20d0eac30dba40bdfffec50685be74571f1470e6dc97685cfc136bbd73,N,0,0.2625153405487328,0.7374846594512672,true_shap_primary_holdout_sample
22186,8ffe123bc144004b6992bb0c3f1ed0e755c5c1c58b2e90c91ab608678a89bdcb67254cf8dcf2225ba58bcaca47893a86e6d20aae06b2d6d45a77eaacc1df7556,Y,1,0.9826183205091037,0.017381679490896307,true_shap_primary_holdout_sample
22190,1a33d3ace112e35ed54bfde771706bc58e2d7a80eb8724e8d5ec13a14300e6dc4d235b8bb184557c41ac80447ab4eeec74ce88a11dbdac2df5e5b436891f6f62,N,0,0.2505468820137551,0.7494531179862449,true_shap_primary_holdout_sample
22201,1134815ca83c4ab71eb23c5506a093c815ddeb7fa69e2955912668cb685dd64e611a44426fca532f9eac6245b74a15041f983f32c7aa1abbe4211da54f225141,N,0,0.21458110544889317,0.7854188945511068,true_shap_primary_holdout_sample
22216,0fc528cff3370e467cd5339626a80c035bcd7825d50df20b2a8f152b1398722a5d99983e2fb1c152d118888240c92f44ab011d08273ee3b9bf705d3fa3f31b9d,Y,1,0.9723330050903023,0.027666994909697706,true_shap_primary_holdout_sample
22232,84cbc0048bec0f202346138aec838d2753ea8e9db9a1b24661c497394e770a24e96b2aae06db758a72294de96aebe41ea4de779f64743959e51be23f14722792,N,0,0.6480923277856269,0.35190767221437314,true_shap_primary_holdout_sample
22255,6a6d7f8af1dd26aad2cd0056fdfc4d2263e0f4df55fa7e0c166d0d7606ffa593185f996adcb0233aae1ecca5c14d810ce50f238cefe1f2d455062919917ad216,N,0,0.2510076945318658,0.7489923054681342,true_shap_primary_holdout_sample
22257,2823033adfb714e82af5065ebeddee3df7d073643d1f2e82e6278bbd5673f3ce5413d0ba86423050c01ea8a58687afc843be47b6a6b9aad1497ef878aabe8d95,N,0,0.5651322027419271,0.4348677972580729,true_shap_primary_holdout_sample
22260,02fbfafa65faa5d6f9526f2198e476f6d6bd78c6a62a810826f6384db369b2174da97bc3fde463704c14b74cdd946352f964956daddc347d74035eec28de0e49,Y,1,0.8763633106645458,0.12363668933545424,true_shap_primary_holdout_sample
22261,2802796ff1b707c085c1d9f18ee390e1d28842ade8fecde19542dca79a497e3fc514151c80684152fd56707e009c65fe5f77c40a4a0b9411ce9eadf198b4fb68,Y,1,0.9620519285998455,0.03794807140015455,true_shap_primary_holdout_sample
22264,870ea428bee6ac3915787f9c6625532fe641e3122db71e1210c7038fa2647de59d86adba8b0f369dece87b5ae1fc6820dd583482c075dda4c2d8335f3d4f92bd,N,0,0.1576283271311997,0.8423716728688003,true_shap_primary_holdout_sample
22285,9a3c4e08c836c8c37ef7326093fd643188778c2f75ca8112919484ca5e8b3fd46df63842033855a7c8751858b3b8b70176dcb3f7e6cd75406843d4768a1cedeb,N,0,0.1396364339841194,0.8603635660158806,true_shap_primary_holdout_sample
22298,382347c2e52499c0db919c72bc0f02beb8b1aa991cba4ec62fe62a715fe0c1b3c1b8c12e074f6a5a938d7f94652b2fb1550cb760ecb84990091dca313dd69dde,Y,1,0.9618026003563684,0.03819739964363156,true_shap_primary_holdout_sample
22301,db336d073cfb9a7912f65f39e91f6bdfdf9adcad0c06cf4c32d96db3e4201bcad4de67ff31081f46a975ceddc14f996b4dc8ebebd823285f96d5433486d16532,Y,1,0.930804517169489,0.06919548283051102,true_shap_primary_holdout_sample
22321,1b0a1584b71eb15974a900237b339a586598666781d8dcd03cccee800ad3471cd1b7a176579a5f1d8ac98e20cb475afa82f4aa1fbb4bdd649ec671d73045c0d9,N,0,0.9713288550348224,0.028671144965177642,true_shap_primary_holdout_sample
22344,19319cb4b3e1391e60cf3d58b4772411a13921934619101edd30223e6c7c08addb255f06f0b5dce8c3692aab7a14db8eb9d076238c88e125fdda5f5bccfea1e3,Y,1,0.9604275755054452,0.03957242449455478,true_shap_primary_holdout_sample
22372,2a467ff02bbb42d676bfc1525e37e6708543a27b47de365f5f10ca3984e3ad5e75e8795c6437e861db46d20a960932a08c2946f9b6a28cf70b9cd102c6bfa52c,Y,1,0.9359655112089275,0.06403448879107254,true_shap_primary_holdout_sample
22462,4733d0c917d188b0b9748f26ad857331b504b65910c8360399a46dea8219c8c7bc4ff6ab240b81ddba77c899ba369fc07d0b4d968b6150d98c2c567582c65be4,N,0,0.5635817778493176,0.4364182221506824,true_shap_primary_holdout_sample
22476,a4f283edd860f065310e69c19561c4f98264ddc53a4d6459b123b4e2299dd86c85c84ca9cc46ce3c42d476bb5d2450d126935cf3980ff22f36b1ad55f5d36b29,N,0,0.5101501450141477,0.4898498549858523,true_shap_primary_holdout_sample
22506,786a165beb458b247e5d62781a9f83e89ae4a4d29e1e66adbf0e0d7fd86075f48a727972341584b8b1a1df26fb9ef974d2c3db5041b85c34d97242c0d20b7802,N,0,0.2261577543360957,0.7738422456639042,true_shap_primary_holdout_sample
22546,bbe08b97bd535d35ec75d9b415f1fbbc4acc5f8247132ea86600623a65b385c55eb400a36642e4ef12bb1a749a4e0dc7ea7da5574ab979c38b3e3217c16def80,N,0,0.24398717878305506,0.7560128212169449,true_shap_primary_holdout_sample
22549,a045d30386442301e062643a1edb51edb4631df2f247b2c1b484da70a8cad91e8103af9e8105be869121f5babba1140c36e276bb5bfada17b4fab112d1111c1b,Y,1,0.954142178807828,0.045857821192171966,true_shap_primary_holdout_sample
22555,244312e47e7f90dd61eef4121c1bebfa7a329e256864c6ab0bb3e797d84a9f5b256db32573039044b83e3ba8644a0d21885fb64c20bb883f62311433c3da4551,N,0,0.4228082398463347,0.5771917601536654,true_shap_primary_holdout_sample
22574,c8cb1f20eb45b848cc099bb030e0b294aaedc903669b9e85a942dfd268762ffec656c3516f14e7043e6902922c56e39858bbdc661acbce3f36d4eaaba39841c7,Y,1,0.792752021617201,0.20724797838279896,true_shap_primary_holdout_sample
22604,a25949c9b2261174b88871c9e5eea9267b0270127777ef61df57f9c5bed210028497a4017f6cebdb3b459b6f36197c9c200bd27492fc8fd9bb2cefc5d9cfca33,N,0,0.5925206998928659,0.40747930010713407,true_shap_primary_holdout_sample
22614,e681be1acbf06e30c11d01dc9c6dcc78e7dd3ec31032f16217b1d88a26db513c77e5356dc7b059d04ade7dcf3b673527db0e49df801d8da69f97e69633f67e64,Y,1,0.5469699004441189,0.45303009955588114,true_shap_primary_holdout_sample
22641,80d320fc551c0b2dd200b1c6dff602d1be0807165399558f5b1919e9107211baa935b0724a2815a18b39efff76973fb4d5037a09b87e3a4e1fad09c4daa36302,Y,1,0.6237912784487358,0.37620872155126417,true_shap_primary_holdout_sample
22650,f321f09071fc2a936b5a2af9ecb8437239097178edd8967e5448cac85d2e3232842c6f2a9cfeab04f7514d073926ced25fd34eb45b79fa9f5187d032c14f7a31,Y,1,0.9792064241945061,0.020793575805493902,true_shap_primary_holdout_sample
22655,f6acb3f6a6c4cb3b9074269177b63f49141b620d959b57438cc6fadd926a5dda44eebaf3fd68b58ccd4980a4295ac611178d9f5af9317976bac6273a5ff2d35a,N,0,0.43968598737191833,0.5603140126280817,true_shap_primary_holdout_sample
22674,a2b4f1ac6dd0f3811d544acff9cc7b2341e2be4f002147ae36ae72155dbd88843c8e1f69945747be32b9e3c5ce3427294f3fb3ccab341335355854d867082219,Y,1,0.9827500604072926,0.017249939592707375,true_shap_primary_holdout_sample
22681,c3dfc104eac74638a61b58278abb267f85e464583dae5bc0ed3ff4db7d6783db2137f4f04ea16b2c974ad92fd739dde7d5c35689dbd8f2e0e950b8d20b25660c,Y,1,0.8194573562758378,0.18054264372416218,true_shap_primary_holdout_sample
22714,078bbb4f836984eb505d9a5d4ab058030d4e545000bc298d72e3615f24a51692d7277abe667857581b283d63c4ee818f3c798110e2fb06f3a295d8e655817167,N,0,0.14777166040440332,0.8522283395955967,true_shap_primary_holdout_sample
22719,af62d6788ec6f82cd4564d2ee7bb1a54ac2a29637cc58c523784d31b080c7237991134cddb6cfd8440e1152f04f81c7b07b5aabff3ae28128d0f4271c90e36f5,N,0,0.5292354044289915,0.47076459557100847,true_shap_primary_holdout_sample
22737,feba472f8ce8bb22409482321d0f5286fcc2b989bfa7ebedec3d8342bdc8d5e0579a96e080038f3ec466dacc80a6d4c5851e5a321effdbc261b4b1598073db8b,Y,1,0.9775049246592412,0.022495075340758786,true_shap_primary_holdout_sample
22746,214ce4ca65509e438e6e84991f5a98a9e9555216ac94f02aad3f0716ac67197fd4c7d9983015ed60e8268d86e5c887483d9e7d83909e2c2db427eaaeb70aac64,Y,1,0.7421384387498016,0.25786156125019843,true_shap_primary_holdout_sample
22754,9e0b267869edb57baccdf643c8c74b50f18111b5e598b575d09cd36b4ec2c373f9031dc9eea42c5d1639827284c159c07f6ca4a0c0a8efdbd98bb51db82efa6e,N,0,0.44989315982985284,0.5501068401701472,true_shap_primary_holdout_sample
22788,e0e06a77a800539ad23bdddaa4cfe20c722f916b8cda7e83803a9f156b175f7f951f3095d206bcedb6f25b30cb7c6415d9bdd0df4c81f45beca8401e7072b6f8,Y,1,0.9847775439871477,0.015222456012852326,true_shap_primary_holdout_sample
22800,f680d0d510dd67068d436f9ca227cba608bfe8264e7e5e6839080845ee9e543fdfca79238a403146cb9b58ae9c31c045d56e21734bb2086be93f05cbdb476b49,N,0,0.3527334130341809,0.6472665869658192,true_shap_primary_holdout_sample
22823,19814ecb8f3b88daddfe3085d18ddf77b8fdfee1195628caaeed663b283d7421347a6bab1bd4dbe9a7b9163febd4109deaeb283f4fa854b70b7c2f49a978bca1,Y,1,0.29435918984713233,0.7056408101528677,true_shap_primary_holdout_sample
22826,dabd4557629a4bb0ee4a3d59f70deda9da931d35064c6cdb28c4c4d44af73bde0d4bddc43b505316fe361199431a1130ef71c3fb6f0d78652b5ffdd20058284a,Y,1,0.5478210136552809,0.4521789863447191,true_shap_primary_holdout_sample
22861,ee7cba8f7aeed6a5a70729c873d68b390b167196dbf80728b31446fc168f00bc418ed6083d73508c791efd65f56df221e845337d96f0f29a389c4888990d6700,N,0,0.2997909365088225,0.7002090634911775,true_shap_primary_holdout_sample
22880,cf8b014005607e6651400e1dc6a5201882f81d5fa1ae50e9fb35e56c378a96ac1f5fa6e375daa185a3c75d41203f1234285ccfdc48eb713791e12b5a53efb07f,N,0,0.4664641986865321,0.5335358013134679,true_shap_primary_holdout_sample
22883,b18bc871456bd82941be27ef1e8031758f5e7c647fa2c8da0bba39e36aff041f47d15b8cad16e0a646dab528b92e4d3a0bb081da9626109d0438d082db103309,Y,1,0.8730067705519743,0.1269932294480257,true_shap_primary_holdout_sample
22912,6e39ec561d4024b030459616bf3d344f82e68cb98d4deda40447ea3abd0d3e45ec0c73a0370f20f736df9e00fbb5146f35df97b4de4d9caf1e5acbb856edfed4,Y,1,0.9593418408431117,0.04065815915688831,true_shap_primary_holdout_sample
22915,f9a7c5f0afb675e615cf62f42ac7d38a0549c227c043e24db1a99cf8969ad59df448b6073b6205a8a0dcd39d907ddc0e9211f2f5e6bd50ba4fafa3143fb7dd64,N,0,0.5656093072521422,0.4343906927478578,true_shap_primary_holdout_sample
22957,0472d2e84b66eccc96a9892895c3ddd2061a01b5c934f2214ecec3a5f5048c5e7678a85d7c135c52532116049edaf06d7930a28ed85f655dae6db6fd7a9acad7,N,0,0.5651322027419271,0.4348677972580729,true_shap_primary_holdout_sample
22959,a7b8e8144c22ea355080e25f55c9c5629f1027b8d1627100dad6542692cb85ab01687f49cad81d12c554788a486f4d73432e5b9fc93bffb83426780115299277,Y,1,0.8333380907094758,0.16666190929052416,true_shap_primary_holdout_sample
23008,5a3a0d3f697f81d6f0d8cb9ad01ec944a74d40f6eb91006a084ee1677a2d6ca55f66d3ea75f5c13897746c79b9f4d1f75ad6a9232207e5149de98152502fbc1e,Y,1,0.7278462428566049,0.27215375714339507,true_shap_primary_holdout_sample
23052,85f33471e3d2ff8db7c6175522573831d2fb074cc77ccbe951c561e8b89f2f4867d4eda1c4b24e8b9ad11e184faae6e5667de970d875717f155ca01b24464a7b,N,0,0.3695386279582731,0.6304613720417269,true_shap_primary_holdout_sample
23072,ed798f298a5274acf910a8d2aa96ed7fd792686878885edbb04f3786876f2bf48336940760c42af9f5860e829f823f40f55c316a9aa41ea112b57259cc4020ca,N,0,0.542846542450037,0.45715345754996295,true_shap_primary_holdout_sample
23090,89adffe9c449f7505e17bc86abaae01fd1e5744128a09249955cdd93377baaf5456af98d45b54fa593dd8b11d1b59eb71b52ddb2d3198f09200e540ddf3c046a,N,0,0.5060489730541117,0.4939510269458883,true_shap_primary_holdout_sample
23097,18c11997c0b5d03f94c05ff72296be19059d199fafd89132801da40cffac06dc6a7ddc092600ed128a60c9e77c2e54a37c4ebdd1bd250f7573e5447d2ea7dfec,Y,1,0.9387234630248702,0.0612765369751298,true_shap_primary_holdout_sample
23116,179275ca9d480b717bc4b485d4b531392a39fa61e2a9215fb4b14580c841992214f4e731fb350d482de232bcbbd9b96559e7911bdbf055589aed3c85873689c5,N,0,0.4005653085054486,0.5994346914945514,true_shap_primary_holdout_sample
23137,1b438d7035da5b99f7fb1f5b6732c452fe819d77e5379515e958be1fda2305bbff50fc95632ffc9a0980aeb2cab1d72a8a1b229bd9b086d870afc101c6f534e1,Y,1,0.9836660508634025,0.01633394913659747,true_shap_primary_holdout_sample
23145,3caac2bff21cc1572efd5e51bdc6b50b088160cf3a9508f5d0e079055e7cb723cd36d845842099ed5237bf77846d28a5d1c738e2c572ee87018ecaa26016cb39,N,0,0.45828540777873655,0.5417145922212634,true_shap_primary_holdout_sample
23166,fc81f9395fa995e53a560bd5d35809591efb321e5f25e34247b457bea1d73de58d8d4e2718688221395111bce7dce0c13ce4a390ce1f33c99afd0840c8cb861f,N,0,0.34379109010796455,0.6562089098920354,true_shap_primary_holdout_sample
23170,751c5667ac264dd29a72ffefff57f3d42ccf8ba822799a9d80f6faec47ff841240a4d553bdb013a0ea3e47ce46841cdf207a74c8b666ee45ccc18b88405543f2,N,0,0.33058807688707215,0.6694119231129279,true_shap_primary_holdout_sample
23174,4f12813fa0c8551e6cd498ef6d9544038598fb327bc55db81b739040452b99f8b7eefa25552ce06f21bbec56527790ffedcf5f4835f9f57fd869f50d9100713f,Y,1,0.980518740932882,0.01948125906711795,true_shap_primary_holdout_sample
23177,6f5d91b8309068550b41a94e20a7341d34fc8f285b189b1ac5dd9b4ec3f6cdc96e8a273df92b743ccf4be2584c76f9262f6c8141633a1d54a79bb71f896e33c4,Y,1,0.5096684619121208,0.4903315380878792,true_shap_primary_holdout_sample
23182,6b8fd9dd232141d1447cef7f5f5c84e88ed8d05ead873615a9e9d6264e34efbcc79122b053357433020aa9ac6481b2e3eff0706cfecb992fc0fcbe11a66049da,N,0,0.5790817990463346,0.4209182009536654,true_shap_primary_holdout_sample
23187,e30634a4119b6f2e5753a0f0efe676bb7fcb7cccf4058c11014d566072cb0c767ef41baed5c1786bdb38210bec304337168a61bdfc3410ffeae8dfb824ebd60e,Y,1,0.697414407020626,0.30258559297937404,true_shap_primary_holdout_sample
23202,f0d3d48ed04c1cbf20b3c041c3d25c5ead0c70e48d44997190c629c9338c07ac9ba804843a8b18594782d3512b6ac2d7f2a6a70fcb4397d37f9b7ee509633cf9,Y,1,0.934739642655336,0.06526035734466396,true_shap_primary_holdout_sample
23212,a41d796a62f5d2d7e12aa1a4c58d84b639041b53c236b073e9b828b9758084fc0d6e8e691b01037e15ea8f5efda64304a8cd87bcd8ef827991dbce179c2b329d,Y,1,0.6728190469857332,0.32718095301426675,true_shap_primary_holdout_sample
23217,c6d7aa9fc0d3c37c4e8c459f4e04ffdd6aa54910460ffedf3410f42df2a73adff32474e464bf41f0e2f102497fcc8045237f3714f3bd942a146886187bb6d188,Y,1,0.9824395929908409,0.017560407009159062,true_shap_primary_holdout_sample
23223,7806e3f8f9916a4820470cb48083fca5b8a1c8a40b21fc33344a21839cc380efe0cb6dc6c5a676ef14591a601eb96aa378c4364b60e8e10d5f93172e2082aaec,Y,1,0.9140240182080316,0.08597598179196841,true_shap_primary_holdout_sample
23257,94cdbb42b2e20327a9961d24559f77dfb9bc6929a3aeb48a2caa929cc1edf0a299fa2df3fba0221d61e722d612db717c3d65bdad899dc289998cce22b9872700,Y,1,0.9710586689425285,0.028941331057471542,true_shap_primary_holdout_sample
23267,f5e0d80185e907d5bf58008d4e8c00fb2ba7ded93a134062eddf2c1a7a98a80ad74c961ce9cc83619379adcbd37e611e31eb3b4db1de4f816ad60c0c2449adf4,Y,1,0.7311823971618994,0.26881760283810063,true_shap_primary_holdout_sample
23268,79a131a071433bbce0464766c87ad36bb2a446a63c6323fdc57ea18ca5dbd1966afbc0a21c9a5ce2c5abe99661c20837e5b0ecfee2f923f4861237805681e3d0,Y,1,0.9774042374733054,0.022595762526694596,true_shap_primary_holdout_sample
23286,6afbaa8a43f53e3ab1ece2a7e34b68191d9b35abfa4b998d221f984b912f19c37b0568c3bf5fb9c7db39666cb5e7c047de5727bac43651ca735a9a1612ab3111,Y,1,0.9835458046945246,0.016454195305475428,true_shap_primary_holdout_sample
23287,6e2ab36c738283b98f65eb506519e1ca17f9868d1af3c42fd75eff3f62c30cf514e365cd6c4fc46f5e3e6539829f678727e16550998a9f3c13694f6c9e6361a8,N,0,0.2291499551661727,0.7708500448338274,true_shap_primary_holdout_sample
23288,86c0921df5794dfea5b4204c7ccc153e29de809b9e321786321c7c2c0ac4a3e374034534dfd088e3c70d5d3c6397f89d5d2eafcee10964e9a2f8e5ec0463675e,Y,1,0.2704011967002337,0.7295988032997662,true_shap_primary_holdout_sample
23302,7d78ed63c4eb05ff766687c767ce2a7534997c6f0020097424ac7ee0c63f5c1e5fea1ee03feeb224787f0b061ee4a26628442efbac57aa67787d0f5a31faa69b,N,0,0.15436419277296715,0.8456358072270329,true_shap_primary_holdout_sample
23303,81502b39d137bf481a4abef1a2b208a19f018e2d63446e8ae6b657f22b883b67784459b73b80d1a7f57b749e8fb39a5d6a9b6f3a09392c2973c875dd4fc7023f,Y,1,0.5230580335206313,0.4769419664793687,true_shap_primary_holdout_sample
23322,94acd0d9d7b6a7b13cd90e15cf184a0d64ce29f2f8d7d27fcf00b9a77253bb608b097ca5e98657d6b891055b80548f831055db52fb5791e94610e06d99132ef6,N,0,0.22690168695414054,0.7730983130458595,true_shap_primary_holdout_sample
23357,1d3aae30a7d29540e40301f625b9d341ede264626bf14d4020f12c57556e8370c02b0169f4ceb1d9525335311d497f593be719429afdc1ac9dc5c7842f4ddb4e,N,0,0.22177209317415955,0.7782279068258404,true_shap_primary_holdout_sample
23364,263b6ddbc8a7497fd755ac99766b845e8726888e0935ca5c230a05d1869f02b83f3b9398a07d4cc910fcf87eebb995e8fd85393db0a3e4d70891e43fbd52a12c,Y,1,0.7326981034832822,0.26730189651671776,true_shap_primary_holdout_sample
23371,8bc7e2a75c1472ff3a77b856f1eaeace74d17f9703488461419460182cbcacb0a3d1b01a68331184780f9c0aaab864f31676e1e0061b61a5e51a9b80cc7ae85d,Y,1,0.5137084132720156,0.48629158672798445,true_shap_primary_holdout_sample
23377,8341fb062d95e22aeabb3566f89cdccf3c5e31cef4089d1b4afc37350df9c66cfc56453b2bf50198d980887bc0f55c884f4900f290c28e4f0b6f425d6131ed0a,Y,1,0.8238343725128505,0.17616562748714948,true_shap_primary_holdout_sample
23396,06e97a748e014d184a991c3d4981c16c9c12f0fc2afc40356124b488c78bd765a76b2a6a45c0c10a62e0d9b979fa62203bc6c4be3a822ab1714757a670047feb,N,0,0.19616735315080258,0.8038326468491974,true_shap_primary_holdout_sample
23398,c3af51542c2afca28f0bde35d5aa4cb60841b967de5ba10de7055054df11ba1d6e98e313b8d0ddb68bb2d3edd337aa68c984676af6ef5764c7725ba925db8aaa,N,0,0.5651322027419271,0.4348677972580729,true_shap_primary_holdout_sample
23402,d5d10d9a429b5c2d41692cfe7ef8bcc5ad110b8dc8d413484a9d18de66467df6c57ea4407ce0bd38f68e8c74fb295413a3aa3b595fb679397aca4358060000d7,Y,1,0.9785059693073829,0.021494030692617128,true_shap_primary_holdout_sample
23424,cc6124e3a233080c4a113a82129549cd9abbd465ba4133ebbe3c2438dc569827362a59e10922746504acb88bbadd5150e5fac4db0c5cc33f65abb38bcf108c06,Y,1,0.9171122176353679,0.08288778236463212,true_shap_primary_holdout_sample
23427,606c22b2cd0c8a587e836d3748ec511949c73029d07a65e4bd5b98c2546201c523319c019a1de351a18f3189c0e1146da3a7700863f3951a9022ea70fc57f093,N,0,0.16657721499494024,0.8334227850050597,true_shap_primary_holdout_sample
23457,6f2b18c58ef63f17bdcd24af1106a6f5254eeae9e9983aceafc2e00b1286f0f9316bf77d84df4da99417e10f54e3311cadb6c43ee3b0c15868083d97a7eb0c5c,N,0,0.2500956720007856,0.7499043279992144,true_shap_primary_holdout_sample
23483,3a748a7e3582ed142db5fd73cfbd9d3fa104176cbb6846d2e0ac060a42506e3144cad3c39d3fa271881c7a35fffb906c12a335fdf044a39cff4e6cf040cb441b,N,0,0.2301109295578675,0.7698890704421325,true_shap_primary_holdout_sample
23489,47c47bb5e3a7d1b523b644f931b202cdfbbf83d3ce91a486e1ec8d8501333287b76b0ab1bce728b7a296a801921486a4d6c56d87605fe2242b9df9be26be3f92,Y,1,0.9797066478967524,0.020293352103247564,true_shap_primary_holdout_sample
23497,309f82523a51bbc3a846e3ff198058010f7555817285247bc8442b66aa4d8b83ceca93a305060c7b81fffecdf4720c466d966d0ce05675ef933fc50262b6d28e,Y,1,0.7352186989548657,0.2647813010451343,true_shap_primary_holdout_sample
23501,a378056f37eb280822ceabac1a5a1b4c61502e6fa2dc8dad74315beef338eb8dd3a7ef330df1f66944112b86911339f5da231c800a932d31e21c9b05e9ffbf16,Y,1,0.9879380004811184,0.01206199951888165,true_shap_primary_holdout_sample
23514,5d7cb865b7c52ef29881991bf5acc34df779c3d3d2c37c3ec4e4f712703afb9679937189d9a1277e03b151446806012b6edccd57c494de763f50d93bfdf04873,Y,1,0.6719089394721942,0.3280910605278058,true_shap_primary_holdout_sample
23526,d5f1abf84de777f2856a1d363426d79bcfff5153bba00d6148163b4c7c4d2c21ca2fc1775c6404897d4c8438d47dcca592f5bf2d8420d806956e702053d8f61a,N,0,0.1403729261034813,0.8596270738965187,true_shap_primary_holdout_sample
23542,f7ef6e354a513f32ac570d9026a15013c93245214bc617a706ece6edbfa1e77abc22d55273793ba4d49b39bc99ad97fa51b3193f1a3a76f68919dc5ee7240af5,N,0,0.5941583636217962,0.4058416363782038,true_shap_primary_holdout_sample
23547,15bdfe5c96d2185d8f9e0ed4690235ce2cd38de8fd39c3fe02e1b4f40dfb5f6bafab799748bce45cfe739b40a631bde11c969a0c94642aa26bce3ffea9fcfc18,Y,1,0.6593391395636738,0.34066086043632615,true_shap_primary_holdout_sample
23557,ff375a950340e9e80147cca90c8c4b27866c27bad0652531f0feca18db58d4b5249fce7485a206ca8126635695179732eec182981edfb7ecf6ed96e722cc0598,Y,1,0.5475174943819324,0.4524825056180676,true_shap_primary_holdout_sample
23579,0bdc06dcb10b3ce8e58493e08d907d88311ed21b351572d838b39b8d4c78c99f829f9b09a32907bc4e19540ddc8b15eabc386d68bf966606db79faa65ab3c32e,N,0,0.30407730305458897,0.6959226969454111,true_shap_primary_holdout_sample
23592,60556476907f9bebeb455a99c27baece7ef0e17377dabfb93558885bba435c073bb0528e188664a070ee524fc13e194b5fefdc4e9cb60d96fc6978489ecbddaf,Y,1,0.9840903549405565,0.015909645059443478,true_shap_primary_holdout_sample
23601,db5eef60fce33af98f21e1dd5422f6364e7c3da68b669bb75edca1d57296bb5869907a26db81fd5dedfe1ea91f51e6a0e6b36ad13353d2fe143c8240d4103882,Y,1,0.8943564329851947,0.10564356701480526,true_shap_primary_holdout_sample
23612,ec232d20ce718c23d4a253656974ac353f221500e01e1ae8e7db07bb08249f41d53d4e6643e8ae0757564bc93e96247ef98b72fd5a5300b72579b80c8801dd2f,Y,1,0.4009181477778141,0.5990818522221859,true_shap_primary_holdout_sample
23614,a1e120bef1cf78b801d6e9ec5d64fa3ac5bda7e8d7387d5bb4a7336e860d9e09ddd383fb26c0404d72be7226029c4f6e8262c988b511b45c307a9923ec876e90,N,0,0.23212448148995168,0.7678755185100483,true_shap_primary_holdout_sample
23618,5ff84c88a96b661423a5d0e0ea4fc4f2120501c9c7a1f6c9b428e30eb7b36a3caf35790f2f6f458f0a8d2e8deea36196b9bb773e80deb1a8ebba9e9b7541f5a5,Y,1,0.985122615231203,0.014877384768796964,true_shap_primary_holdout_sample
23619,fcdf9c5106e016850f4f8b2b6402b80a00df50b6be5303d5691e8f937bbf06a53656369ff12f472a54ce0140eab9f90346cf073a2cfc51bf99d832b6ed234975,N,0,0.17685300168531165,0.8231469983146884,true_shap_primary_holdout_sample
23630,f7463f29c8e99040256d01faa830b04c24827088afb36e2ec253b7d9ff48b93b017eae017e3ef7c8d2e76103a87352802d035a7e67c60e4fb3b801f9e192faa4,N,0,0.7179638985375876,0.2820361014624124,true_shap_primary_holdout_sample
23658,d0d16ac63046b1f4103bc11369164f9106d6545df4a93cbaaa51b4b2e4a515c1bcc822a7421af94bbd5c2afd46523df1ce3e757b7c896b7eb5d332997dcfa829,Y,1,0.9781212381745831,0.021878761825416926,true_shap_primary_holdout_sample
23665,8614ac54d65af6dfc528d288ab406c5c6b711139396cd6ebc4bbedf4b50fcc01019dcca6e26208f1ac54c1fa85baa8db3f22dd834f78cebc7b8004890d016a26,N,0,0.6063834865233126,0.39361651347668736,true_shap_primary_holdout_sample
23679,386c23e0643b6bd05b4c7624f77f829aa382bc94c2fc48f7581753b13a74a6545bf67446f3fb8d0a85a143da5ae3d0b13b2f44eedf9edb5101d8ef0f590074bd,Y,1,0.7450166241549253,0.2549833758450747,true_shap_primary_holdout_sample
23688,be3ce0fd21edfd6eae8285ab07e3a6a6b262a5b066626e0c7600a64ab1228285da26fdf2b1aa34b1008ed3d8c68efd27ba7cba460df4d027e754adce0d63c59d,N,0,0.2687308529152138,0.7312691470847862,true_shap_primary_holdout_sample
23696,10e2a54fb038efea6569ab22189ed6d0c34678c5175b5e58c6b701431d00a8e56c6bdc989541cd13155f4c8c598e1c525dea188bbd8c965db399429f6f5371ca,Y,1,0.48602645242548786,0.5139735475745122,true_shap_primary_holdout_sample
23699,a8b4782e55dea045c3ad129bf07e2b4fe73f995941ce410f6cd4c8b412703fde72ed1e1847d5cab7eb6bf54325f5c7701920027a55c0c5113e712d43b883fccf,Y,1,0.9345369917911801,0.0654630082088199,true_shap_primary_holdout_sample
23708,9985d4342fdb4cabbadd2a0bfc5b7aa4da436dc52018526b92f59ec68738b5e9bb2b2b9fedff25d8af5bc4694c27249c83eac2ef667b471f6ed23b72ddc5cf7b,Y,1,0.9802996946345062,0.01970030536549383,true_shap_primary_holdout_sample
23711,a79cd68165e52704d10af6fbd99f478ea3b699c288fc9c3c76b131d5ca9ad0fab3ea3f6bbf074cec0d7d95bf056b9932904be8076237846c2c17083f8b19adaa,N,0,0.7053005748778954,0.29469942512210456,true_shap_primary_holdout_sample
23733,5c2609c0f0405330887bbdd3bf2b9312e0feecc994a410630eaf588e8512e8eb53c8f79db4fd30f3014b3730007f57dcf6b78277333a4ced05a4c2d326199c0d,N,0,0.21712545386183374,0.7828745461381663,true_shap_primary_holdout_sample
23736,68ea660caff1fd1cea5284139beebdcc4f8a659b31568985582c2d8cf407558315b893d8cc250f41008449bedef253f48c90846810f6ca876571571522656974,N,0,0.6012174789777974,0.3987825210222026,true_shap_primary_holdout_sample
23778,7099374ce763e39a7bbdfca719744c11d186fe3216ac148caf1035cf202097b1bd6797cf109b67fbfa0b6db6c3d6e807d5a80eefe74c92b596eeb35271bd49d3,Y,1,0.9827411444554814,0.01725885554451856,true_shap_primary_holdout_sample
23788,62236830764891c87754f3d80eb4ed0c87510f8ffb27e41b8210d111e517a0ee85fb9771a78dbc8f8ac6698c7fb381700a91d7ac29a4b29a3d973cb0744d5848,N,0,0.23579035952304633,0.7642096404769536,true_shap_primary_holdout_sample
23795,1bb76e0ec624b2fd6c19629c417ab66659096a900f15f9ed20690c58f3c336434c429201f178d187adbd6f5e0de9cced21630dbfdee5306e086309340e4aef53,N,0,0.157934741192177,0.842065258807823,true_shap_primary_holdout_sample
23839,c6a8411b23793dfe502b77a41c775cdd0d04a304982049004174acf938eca8c3d4f07ed487a5f9e7a7ba6f34823939458f9991d1fe705e462bcb70cca50c7425,N,0,0.18064183847458276,0.8193581615254173,true_shap_primary_holdout_sample
23862,8ae4dcebd792d95969ee152a473b1b077da0d148b9b3cc76009ad8cbff154d2fa8d042938392c22adb007ff8dca132c4da02d4a01a7dcdab1c0c0b4605912d35,N,0,0.760151821521051,0.23984817847894901,true_shap_primary_holdout_sample
23889,599e0a1f96b6e49ee4142495b6705ca366ecd7583cf329ac2ff6f646e24e03474f222a853840e0b194515322a9e952d0e9461671f2be54968830369af0731b18,N,0,0.3451863524435741,0.6548136475564259,true_shap_primary_holdout_sample
23892,f8f3c4538126e88d678fe94deea17fd23c53e53148304dc866a6d8515670039a5d2731b10303c3c81f659a0baa85481f982a9dfbb5b44bd5a28b28bf4ea738e9,N,0,0.4715532481685176,0.5284467518314824,true_shap_primary_holdout_sample
23908,d7ffd63f78555df57200ee45dd7f694bafdf90c52edb060aba3546ffadd80670db73313630d9718457fc0217d7a908376a6edf08f12d295085c9acd762ced7f3,N,0,0.5009563372371019,0.49904366276289813,true_shap_primary_holdout_sample
23967,488d4d61917484a0d1be739c33fba0edaf03f0e183fc91003583efd93c0f44ff3e443aa05e3b673ee89f0afe66b7a42bf4bd1a80efaa067cfbb3f31692bd5d8b,N,0,0.20329473926222533,0.7967052607377747,true_shap_primary_holdout_sample
23974,963a8ac72c733124bef5c5afd9e24dae5924f2fd3fef7fb0d4504dcccbea6373c2019c43757ff20e636c663004e64abafc7c7fc8a7a6a46ca4a9a7d347aa4903,N,0,0.22110415481282622,0.7788958451871738,true_shap_primary_holdout_sample
23983,bcf0e22744e7dd098dac6903e6d15b6ad389712c1ef7c04b6254aee7576e380bfcec74380c31ddbdcbf050d1011e2b3496435a9482329ba8824f63f39e90205f,Y,1,0.888769398137194,0.11123060186280598,true_shap_primary_holdout_sample
24010,212531861e3ae11c9867482cf139f2b0934ebc57fa6536dba87aa68b7d8ec7f647c6bdf62c710d3d92b9115a1fbc96c7cfcb4cb04fddd9c2628a633567ff7b3a,Y,1,0.9846980043075053,0.015301995692494685,true_shap_primary_holdout_sample
24063,77dc2f08b612ebbcff62245926681b59d0521c166a6e65bc18fc5797d7a0e27a61d3387bc969d8d63dc09d057ad33d1c5ee07629981e9307424ad5c4fa3c7ad3,Y,1,0.9615197046150471,0.0384802953849529,true_shap_primary_holdout_sample
