MOVIE_ID,TITLE,genre,country,showTM
4243,코마,"액션, SF",러시아,1시간 50분
1860,이퀼리브리엄,"액션, SF, 스릴러, 드라마",미국,1시간 47분
2170,소울,"판타지, 애니메이션, 가족, 드라마, 음악, 코미디",미국,1시간 41분
6031,당신이잠든사이에(1995),"SF, 드라마, 판타지, 로맨스, 스릴러, 코미디",대한민국,37분
12495,스피드(1994),"스릴러, 액션",미국,1시간 56분
10978,예수는역사다,드라마,미국,1시간 52분
7541,아티스트봉만대,코미디,대한민국,1시간 40분
40,그대이름은장미,코미디,대한민국,2시간 6분
13893,잭스나이더의저스티스리그,"액션, 판타지, SF, 다큐멘터리",미국,4시간 2분
559,배트맨대슈퍼맨:저스티스의시작,"액션, 판타지, SF",미국,2시간 32분
2198,어니스트씨프,"액션, 범죄, 드라마, 스릴러",미국,1시간 39분
8074,월스트리트:분노의복수(2013),"드라마, 스릴러, 액션, 범죄",캐나다,1시간 39분
14380,알라딘(2019),"액션, 판타지, 로맨스, 가족, 코미디, 드라마",미국,2시간 7분
9247,피노키오,"애니메이션, 판타지, 액션, 드라마, 가족",미국,1시간 57분
611,호라이즌라인,"액션, 스릴러","스페인, 영국, 아일랜드, 스웨덴",1시간 32분
2842,죽지않는인간들의밤,"SF, 스릴러, 코미디, 공포",대한민국,1시간 50분
6082,내부자들,"범죄, 드라마, 액션, 스릴러",대한민국,2시간 10분
10865,베테랑,"코미디, 액션, 범죄, 스릴러",대한민국,2시간 3분
966,더셰프,다큐멘터리,미국,25분
7340,몬스터헌터,"애니메이션, 액션, 판타지",일본,23분
10053,하이큐!!땅VS하늘,애니메이션,일본,48분
14250,미션파서블,"액션, 스릴러, 코미디, 범죄",대한민국,1시간 45분
3781,이탈리안레이스,"드라마, 액션, 스포츠, 유럽에서 제작",이탈리아,1시간 59분
4039,우리가족:라멘샵,드라마,"싱가포르, 프랑스, 일본",1시간 30분
14596,그린북,"드라마, 코미디, 음악",미국,2시간 10분
6708,톰과제리,"코미디, 스릴러, 가족, 애니메이션, 액션, 범죄",미국,49분
14134,씨피버,"스릴러, 공포, 드라마, SF, 유럽에서 제작","영국, 벨기에, 아일랜드, 스웨덴",1시간 35분
3134,스카이라인:라스트워,"액션, 스릴러, SF","스페인, 아랍에미리트, 영국, 미국, 리투아니아",1시간 53분
9552,봉마전,"액션, 판타지, 로맨스, 드라마",,1시간 30분
4133,생존:러스트크릭,"드라마, 액션, 스릴러, 범죄",미국,1시간 48분
6880,언더워터(2020),"공포, SF, 액션, 스릴러",미국,1시간 35분
4216,토미리스:전쟁의여신,"드라마, 전쟁, 액션, 판타지",Kazakhstan,2시간 36분
12484,아마겟돈2046,"액션, SF","영국, 미국",1시간 36분
6654,뱅가드,"액션, 코미디, 범죄, 스릴러","홍콩, 인도, 대한민국, 대만, 영국",1시간 47분
10232,라이어트:기계들의역습,"SF, 액션",미국,1시간 25분
10693,더이퀄라이저2,"액션, 스릴러, 범죄",미국,2시간 1분
13093,그린랜드,"SF, 액션, 스릴러","영국, 미국",2시간 0분
8283,더터널,"드라마, 스릴러, 액션, 범죄, 유럽에서 제작","영국, 프랑스",47분
7121,논스톱(2014),"드라마, 코미디, 로맨스",대한민국,21분
3767,회사원,"드라마, 액션, 범죄, 스릴러",대한민국,1시간 36분
6533,익스펜더블3,"코미디, 범죄, 스릴러, 액션","프랑스, 독일, 불가리아, 미국",2시간 6분
5168,비밀,"드라마, 로맨스",대한민국,1시간 3분
10828,퍼펙트케어,"스릴러, 코미디, 범죄, 드라마","영국, 미국",1시간 58분
1616,마스터(2016),"드라마, 유럽에서 제작",미국,2시간 18분
10600,익스트랙션,"범죄, 스릴러, 액션","태국, 호주, 캐나다, Bangladesh, 미국, 인도",1시간 56분
9650,엘도라도,"애니메이션, 코미디, 판타지, 가족, 액션",미국,1시간 29분
7896,큰엄마의미친봉고,"드라마, 코미디",대한민국,1시간 39분
3736,휴고,"드라마, 가족, 판타지, 유럽에서 제작","영국, 미국",2시간 6분
7568,스타게이트(1994),"액션, SF","미국, 프랑스",2시간 1분
8579,겨울왕국2,"가족, 애니메이션, 액션, 코미디, 판타지, 드라마",미국,1시간 43분
3009,프라미싱영우먼,"범죄, 드라마, 스릴러",미국,1시간 54분
12385,이웃사촌,"드라마, 코미디",대한민국,2시간 4분
7391,시동,"드라마, 코미디, 액션",대한민국,1시간 42분
5352,맨오브스틸,"액션, SF","영국, 미국",2시간 23분
10526,인시디어스,"공포, 스릴러",미국,1시간 46분
4396,제인의썸머,"드라마, 로맨스",대한민국,1시간 29분
4100,니나내나,다큐멘터리,,1시간 25분
5946,엑시트,"액션, 코미디",대한민국,1시간 43분
10281,라스트레터(2018),"로맨스, 드라마",일본,2시간 0분
9046,탐정:리턴즈,"범죄, 코미디, 스릴러, 액션",대한민국,1시간 56분
10639,플라이트93(2006),"스릴러, 드라마, 액션, 역사, 유럽에서 제작","미국, 프랑스, 영국",1시간 51분
8076,후궁:제왕의첩,"드라마, 공포, 역사, 로맨스",대한민국,2시간 2분
11132,운봉,액션,대한민국,1시간 20분
10561,도둑들:비트코인전쟁,"액션, 범죄, 스릴러, 코미디","홍콩, 대한민국, 미국, 일본, 스위스",2시간 15분
12174,히트맨(2020),"코미디, 액션",대한민국,1시간 50분
9959,아가씨[확장판],"드라마, 로맨스, 스릴러",대한민국,2시간 25분
12648,인사이드아웃,"코미디, 애니메이션, 가족, 액션, 드라마, 판타지",미국,1시간 35분
1037,청년경찰,"액션, 범죄, 코미디",대한민국,1시간 49분
5135,스파이더맨,"액션, SF",미국,2시간 1분
8116,스파이더맨3,"SF, 액션, 유럽에서 제작",미국,3시간 15분
5532,투빅맨,다큐멘터리,,1시간 25분
6271,레컨,"스릴러, 전쟁",미국,1시간 35분
9821,보이콰이어,"음악, 드라마, 유럽에서 제작",미국,1시간 43분
14489,더레이서,"드라마, 코미디, 스포츠","아일랜드, 룩셈부르크, 벨기에",1시간 35분
8968,작은집,"드라마, 로맨스",일본,2시간 16분
1765,우이러브,"코미디, 드라마, 로맨스",일본,1시간 40분
3766,영주,드라마,대한민국,1시간 40분
8599,파커,"액션, 범죄, 스릴러",미국,1시간 58분
12705,온리더브레이브(2018),"역사, 드라마, 액션, 유럽에서 제작",미국,2시간 13분
2943,존라베-난징대학살,"드라마, 역사, 전쟁, 유럽에서 제작, 다큐멘터리","이탈리아, 스페인, 오스트리아, 벨기에, China, 프랑스, 독일",2시간 14분
13215,론서바이버,액션,미국,1시간 27분
10682,나이스가이즈,"범죄, 액션, 코미디, 드라마, 로맨스, 스릴러",미국,1시간 56분
1494,디파이언스(2008),"액션, 드라마, 역사, 스릴러, 전쟁, 유럽에서 제작",미국,2시간 17분
5184,궁(2013),"코미디, 드라마, 로맨스",대한민국,1시간 0분
10508,최후의카운트다운,"드라마, 스릴러, 코미디, 액션, 로맨스",미국,1시간 27분
8106,테스(1979),"드라마, 로맨스, 유럽에서 제작","영국, 프랑스",2시간 51분
13596,인스트루먼트오브워,다큐멘터리,,1시간 25분
5220,원더우먼1984,"액션, 판타지",미국,2시간 31분
7133,간이역,"드라마, 로맨스",대한민국,1시간 41분
6926,엑스맨:데이즈오브퓨처패스트[확장판],"액션, SF, 스릴러",미국,2시간 12분
5085,코코,"애니메이션, 음악, 액션, 가족, 코미디, 드라마, 판타지, 유럽에서 제작",미국,1시간 45분
1892,해리포터와마법사의돌,"액션, 판타지, 가족","미국, 영국",2시간 32분
1842,드론전쟁:굿킬,"드라마, 스릴러, 전쟁",미국,1시간 44분
1610,히든피겨스,"역사, 드라마",미국,2시간 7분
1126,본슈프리머시,"드라마, 스릴러, 액션, 유럽에서 제작",미국,1시간 48분
2526,특수부대백호2,다큐멘터리,,1시간 25분
9524,어벤져스:에이지오브울트론,"SF, 액션",미국,2시간 21분
4439,앤트맨,"액션, SF, 코미디",미국,1시간 57분
734,캡틴아메리카2:윈터솔져,"SF, 액션, 드라마",미국,50분
8965,백악관을무너뜨린사나이,"드라마, 스릴러, 역사","미국, 영국",1시간 43분
7592,사일런싱,"액션, 범죄, 스릴러","캐나다, 미국",1시간 33분
6236,에이리언:커버넌트,"SF, 공포, 스릴러, 액션",미국,2시간 2분
10308,식스빌로우,"스릴러, 드라마, 스포츠",미국,1시간 37분
9963,배트맨대슈퍼맨:저스티스의시작[확장판],"액션, 판타지, SF",미국,2시간 32분
10238,원더우먼,"액션, 판타지, 전쟁, SF",미국,2시간 21분
3090,인비저블위트니스,"스릴러, 드라마",이탈리아,1시간 43분
5081,아뉴스데이,"드라마, 역사, 유럽에서 제작","벨기에, 프랑스, 폴란드",1시간 55분
7758,론서바이버:아미오브원,액션,미국,1시간 27분
6319,간첩,"드라마, 코미디, 액션",대한민국,1시간 55분
8736,늑대와춤을:디오리지널,다큐멘터리,,1시간 25분
3495,"내어깨위고양이,밥2","가족, 드라마",영국,1시간 33분
1284,아이스브레이커,다큐멘터리,,1시간 25분
13879,리스타트,"액션, SF, 스릴러, 코미디","미국, 영국",1시간 41분
2293,브레이브언더파이어,"드라마, 액션",러시아,2시간 11분
6038,볼리션:미래를보는자,"스릴러, SF, 범죄, 드라마",미국,1시간 31분
12043,더러너스,"액션, 범죄",미국,1시간 34분
12641,혹성탈출(2001),"SF, 액션, 스릴러, 드라마",미국,2시간 25분
6167,엑스맨:아포칼립스,"액션, SF, 판타지",미국,2시간 24분
11934,킹콩(2005),"드라마, 로맨스, 액션","뉴질랜드, 독일, 미국",3시간 0분
3411,조커,"스릴러, 드라마, 범죄","미국, 캐나다",2시간 2분
5218,어린왕자(2015),"애니메이션, 판타지, 유럽에서 제작, 드라마, 가족, SF, 코미디","캐나다, 프랑스, 이탈리아",1시간 46분
13841,뮤턴트:변종바이러스,"공포, SF, 유럽에서 제작, 드라마",프랑스,1시간 25분
482,뉴뮤턴트,"SF, 공포, 액션",미국,1시간 34분
8480,도굴,"코미디, 액션, 범죄",대한민국,1시간 54분
9534,메가스네이크,"드라마, 공포, 액션, 판타지",China,1시간 14분
2738,도어락,"범죄, 스릴러, 공포",대한민국,1시간 42분
8503,신고질라,"액션, 드라마, 공포, SF",일본,2시간 0분
6024,신패왕화:예스마담,액션,,1시간 29분
10957,만델라이펙트,"스릴러, 드라마, SF, 공포",미국,1시간 20분
7754,겟어웨이걸스,"공포, 스릴러, 액션, 다큐멘터리, 판타지, 범죄",미국,1시간 16분
3478,3개의얼굴들,드라마,Iran,1시간 40분
3634,워위드그랜파,"가족, 코미디, 드라마",미국,1시간 38분
458,아이,"Reality TV, 액션, 스포츠",대한민국,1시간 23분
4278,퓨리어스,"공포, 스릴러",미국,1시간 56분
6075,웨이다운,"스릴러, 드라마, 액션","스페인, 프랑스",1시간 54분
4108,밀리언달러트러블,"코미디, 가족, 음악, 애니메이션",캐나다,1시간 27분
13180,여배우들(2009),다큐멘터리,영국,1시간 20분
7938,미녀와야수(2017),"판타지, 애니메이션, 가족",미국,1시간 12분
1443,피아니스트(2002),"드라마, 전쟁, 음악, 유럽에서 제작","프랑스, 독일, 폴란드, 영국",2시간 30분
11307,스파이더위크가의비밀,"판타지, 드라마, 가족, 액션, 스릴러",미국,1시간 36분
5843,해피투게더(1997)[리마스터링],"Reality TV, 코미디",대한민국,43분
8556,밤쉘:세상을바꾼폭탄선언,드라마,"캐나다, 미국",1시간 49분
10958,철의심장을가진남자,"전쟁, 액션, 역사, 스릴러, 유럽에서 제작","벨기에, 프랑스, 영국, 미국",2시간 0분
5765,나우유씨미:마술사기단(2013),"스릴러, 범죄","미국, 프랑스",1시간 56분
9278,나우유씨미2,"범죄, 스릴러, 액션, 코미디","홍콩, 미국",2시간 9분
4946,드래곤길들이기,"드라마, 가족, 판타지, 애니메이션, 액션, SF, 코미디",미국,23분
13075,드래곤길들이기2[2D],"액션, 애니메이션, 가족, 판타지, 코미디",미국,1시간 42분
2123,드래곤길들이기3,"애니메이션, 가족, 액션, 판타지, 코미디, 드라마",미국,1시간 44분
1589,베티블루37.2디오리지널,"드라마, 로맨스, 유럽에서 제작",프랑스,2시간 0분
5991,애정중독,다큐멘터리,,1시간 25분
13404,아멜리에(2001),"로맨스, 코미디, 유럽에서 제작","프랑스, 독일",2시간 2분
5414,다만악에서구하소서,"드라마, 스릴러, 액션, 범죄",대한민국,1시간 48분
1908,작전명반데라스,"드라마, 전쟁, 스릴러",우크라이나,1시간 53분
6477,이모티:더무비,"애니메이션, 가족, 코미디, SF, 판타지",미국,1시간 26분
13236,타짜:원아이드잭,"범죄, 드라마, 스릴러",대한민국,2시간 19분
10282,트랜스포터:리퓰드,"액션, 스릴러, 범죄, 유럽에서 제작","벨기에, China, 프랑스",1시간 35분
10294,이안에외계인이있다,다큐멘터리,,1시간 25분
12212,마다가스카의펭귄[2D],"가족, 애니메이션, 액션, 코미디, 범죄, SF",미국,1시간 32분
1319,달콤한인생,"범죄, 액션, 드라마, 스릴러",대한민국,1시간 59분
269,독고리와인드(2018)[상],"액션, 드라마",대한민국,10분
8843,개구쟁이스머프2[2D],"판타지, 가족, 코미디, 애니메이션","미국, 캐나다, 벨기에",1시간 45분
5020,주먹왕랄프2:인터넷속으로,"SF, 코미디, 애니메이션, 가족, 액션, 판타지, 스포츠",미국,1시간 52분
987,과속스캔들(2008),"코미디, 드라마, 음악",대한민국,1시간 48분
8232,데이비드게일(2003),"드라마, 스릴러, 범죄","독일, 영국, 미국",2시간 10분
6994,럭키몬스터,"코미디, 드라마, 스릴러",대한민국,1시간 30분
12298,고백(2020),"스릴러, 드라마, 유럽에서 제작",일본,1시간 47분
12300,신비한동물들과그린델왈드의범죄,"액션, 판타지, 가족, 다큐멘터리","영국, 미국",2시간 14분
12364,테넷,"스릴러, 액션, SF","미국, 영국",2시간 30분
7020,마리오네트,스릴러,"영국, 룩셈부르크, 네덜란드",1시간 48분
6377,저스티스리그,"판타지, 애니메이션, SF, 액션",미국,1시간 21분
10130,베를린천사의시,"판타지, 로맨스, 드라마, 유럽에서 제작","독일, 프랑스",2시간 8분
8037,케이크메이커,다큐멘터리,,1시간 25분
11030,태극권,"스릴러, 액션, 코미디, 드라마",홍콩,1시간 36분
5797,헌터킬러,"액션, 스릴러","미국, 프랑스",2시간 1분
1676,자토이치(2003),"드라마, 액션, 코미디, 범죄, 스릴러","일본, 프랑스",1시간 55분
2767,모든것을벗어던진특별한여행,"코미디, 로맨스",호주,1시간 41분
1887,그녀를믿지마세요,"로맨스, 코미디",대한민국,1시간 55분
6094,"어디갔어,버나뎃","드라마, 코미디, 범죄",미국,1시간 49분
13176,알라딘,"판타지, 코미디, 가족, 로맨스, 애니메이션",미국,1시간 27분
4201,무뢰한,"드라마, 범죄, 로맨스, 스릴러",대한민국,1시간 58분
4367,너는내운명,"드라마, 가족, 로맨스, 코미디",대한민국,45분
12399,바나나쏭의기적,"다큐멘터리, 음악, 드라마, 가족",대한민국,1시간 28분
1832,서핑업(2007),"액션, 코미디, 로맨스, 스포츠",미국,1시간 41분
12693,세자매,드라마,대한민국,1시간 55분
447,마피아Inc,"범죄, 드라마",캐나다,2시간 23분
13625,워리어,"드라마, 역사, 액션, 범죄, 서부",미국,53분
13384,이민자(2013),"드라마, 로맨스","프랑스, 미국",1시간 57분
1984,블랙북(2007),"스릴러, 드라마, 유럽에서 제작, 전쟁","영국, 벨기에, 독일, 네덜란드",2시간 25분
2443,함께있을수있다면,"드라마, 유럽에서 제작, 로맨스",프랑스,1시간 37분
5816,바람에쓴편지,"로맨스, 드라마",미국,1시간 39분
5110,무기여잘있거라,"로맨스, 전쟁, 드라마",미국,1시간 29분
2637,가베:그녀의숲,"드라마, 로맨스, 스릴러",스웨덴,1시간 40분
12588,슬픔은그대가슴에,"로맨스, 드라마, 유럽에서 제작",미국,2시간 5분
7061,원스어폰어타임인아메리카[감독확장판],,미국,251분
4642,로스트인베를린,"드라마, 전쟁",독일,1시간 30분
782,위워솔져스(2017),"전쟁, 유럽에서 제작",독일,1시간 37분
11354,스윙보트(2008),"코미디, 드라마",미국,2시간 0분
10750,트랜스아메리카,다큐멘터리,,1시간 25분
6252,헤븐퀘스트,"액션, 판타지, SF",미국,1시간 32분
10311,리미트리스(2011),"스릴러, SF",미국,1시간 46분
13583,알.이.엠,"코미디, 드라마, 로맨스",대한민국,1시간 6분
9496,분노의강,다큐멘터리,,1시간 25분
5515,백야(1957),"드라마, 스릴러, 음악",미국,2시간 16분
7913,패밀리맨,"드라마, 코미디, 스릴러, 판타지, 로맨스",미국,2시간 5분
1559,세컨드,"코미디, 드라마",프랑스,1시간 20분
1999,전망좋은방(1985),"드라마, 로맨스, 코미디",영국,1시간 57분
3731,히스레저의캔디,다큐멘터리,,1시간 25분
11582,비포선라이즈,"로맨스, 드라마, 코미디, 유럽에서 제작","오스트리아, 미국",1시간 41분
7106,대통령의연인,"드라마, 로맨스, 코미디",미국,1시간 53분
8970,주토피아,"애니메이션, 액션, 가족, 코미디, 범죄",미국,1시간 49분
12764,스틸앨리스,드라마,"영국, 미국, 프랑스",1시간 41분
10237,예감은틀리지않는다,"스릴러, 드라마",영국,1시간 48분
9934,"오전0시,키스하러와줘","코미디, 로맨스",일본,1시간 55분
608,너와100번째사랑,"로맨스, 드라마",일본,1시간 56분
1390,"나는내일,어제의너와만난다","로맨스, 드라마, 판타지",일본,1시간 51분
4804,"굿바이,입술",드라마,대한민국,10분
13110,사랑은비가갠뒤처럼,"로맨스, 드라마, 스포츠",일본,1시간 51분
1065,온다,"드라마, 공포",일본,2시간 15분
13584,언덕길의아폴론(2018),"드라마, 애니메이션, 로맨스, 음악",일본,23분
7321,라스트레터,"로맨스, 드라마",일본,2시간 0분
1914,햄릿(1990),"드라마, 유럽에서 제작",미국,4시간 2분
6612,펠론(2008),"스릴러, 액션, 범죄, 드라마",미국,1시간 43분
4248,플라이트플랜,"스릴러, 드라마",미국,1시간 38분
9302,더임파서블,"스릴러, 역사, 드라마, 유럽에서 제작","스페인, 미국",1시간 53분
6847,난그녀와키스했다,"코미디, 유럽에서 제작, 로맨스",프랑스,1시간 38분
14467,미녀삼총사,"코미디, 범죄, 액션","미국, 브라질",1시간 46분
14026,시라노:연애조작단,"로맨스, 코미디",대한민국,1시간 58분
14274,남극의쉐프,"드라마, 코미디",일본,2시간 5분
9110,여배우는오늘도,다큐멘터리,,1시간 25분
722,가버나움,드라마,"영국, 미국, 프랑스, 레바논",2시간 6분
14407,차이나타운,"드라마, 스릴러, 범죄, 액션, 음악, 다큐멘터리",대한민국,1시간 50분
300,우리는같은꿈을꾼다,"드라마, 로맨스, 판타지",헝가리,1시간 56분
12930,꿈의제인,"스릴러, 드라마",대한민국,1시간 44분
7525,세비지그레이스(2007),"드라마, 유럽에서 제작","프랑스, 미국, 스페인",1시간 37분
255,매직마이크,"코미디, 드라마, 음악",미국,1시간 55분
3620,천사의사랑,"드라마, 로맨스",일본,1시간 59분
5822,비거스플래쉬,"드라마, 스릴러, 로맨스, 유럽에서 제작, 음악","프랑스, 이탈리아, 미국",2시간 4분
688,남산의부장들,"드라마, 스릴러",대한민국,1시간 54분
7211,버닝(2018),"스릴러, 드라마, 공포, 코미디, 유럽에서 제작",대한민국,2시간 28분
5038,오네긴,"로맨스, 드라마","영국, 미국",1시간 44분
12438,무사회:사무라이대습격,액션,China,1시간 59분
14509,재심,,대한민국,119분
5298,해바라기,"드라마, 범죄, 로맨스, 액션",대한민국,1시간 56분
12181,스플릿,"드라마, 스포츠, 액션",대한민국,2시간 1분
7874,해피엔드,"드라마, 판타지, SF","영국, 일본, 미국, 싱가포르",1시간 53분
1900,죽여주는여자(2016),드라마,대한민국,1시간 50분
11814,샤인(1996),"드라마, 음악, 로맨스","호주, 영국",1시간 45분
1046,베이루트:리미티드아워,"드라마, 액션, 스릴러, 범죄",미국,1시간 49분
10085,엔젤해즈폴른,"스릴러, 액션",미국,2시간 2분
912,레드,"범죄, 스릴러, 액션, 코미디",미국,1시간 51분
5084,라스트특공대,"드라마, 전쟁, 역사, 유럽에서 제작","포르투갈, 브라질, 이탈리아",1시간 47분
8760,익스펜더블,"액션, 스릴러","불가리아, 독일, 미국",1시간 43분
13938,깨져버린불륜,다큐멘터리,,1시간 25분
11488,생활의발견(2002),"드라마, 로맨스",대한민국,1시간 56분
7693,니키타[리마스터링],,프랑스,117분
3010,미스터노바디,"SF, 드라마, 로맨스, 유럽에서 제작, 판타지","벨기에, 캐나다, 프랑스, 독일",2시간 21분
11369,클래식,"드라마, 로맨스",대한민국,2시간 13분
14452,캡틴아메리카:시빌워,"액션, SF",미국,2시간 29분
11312,거짓말을사랑하는여자,"드라마, 스릴러, 로맨스",일본,1시간 58분
13733,베를린,"액션, 스릴러, 범죄",대한민국,2시간 0분
9152,4월이야기,다큐멘터리,,1시간 25분
14434,새해전야,"드라마, 코미디, 로맨스",대한민국,1시간 54분
9497,라이트오브라이프,"SF, 드라마, 스릴러",미국,1시간 59분
13835,"예스,갓,예스","코미디, 드라마",미국,1시간 18분
9328,소리도없이,"드라마, 범죄, 스릴러",대한민국,1시간 39분
7941,럭키(2016),"코미디, 범죄, 액션",대한민국,1시간 52분
10925,커터헤드,"스릴러, 드라마, 유럽에서 제작",덴마크,1시간 24분
735,다이너소어,"애니메이션, 가족, 액션, 드라마, 판타지",미국,1시간 22분
2012,뮬란,"액션, 애니메이션, 가족, 전쟁, 코미디, 판타지",미국,1시간 28분
1428,씽(2016),"음악, 코미디, 가족, 애니메이션",미국,1시간 48분
6096,공주와개구리,"로맨스, 판타지, 가족, 애니메이션, 코미디",미국,1시간 38분
5244,리틀프린세스소피아:진정한용기,,미국,1시간 4분
596,사도,"드라마, 역사, 다큐멘터리",대한민국,2시간 6분
4364,내가사랑했던모든여자들에게,"판타지, 로맨스, 드라마, 애니메이션",미국,1시간 25분
4008,바람의검심,"애니메이션, 액션, 드라마, 역사, 로맨스, 스릴러",일본,23분
2508,더원(2001),다큐멘터리,,1시간 25분
1000,언노운솔저,"드라마, 전쟁, 다큐멘터리, 유럽에서 제작, 역사","핀란드, 벨기에, 아이슬란드",2시간 59분
12365,머룬베레:이름없는영웅,다큐멘터리,,1시간 25분
8693,더킹:독립전쟁,"서부, 드라마, 역사, 코미디, 액션",미국,1시간 56분
7465,극한직업,"범죄, 액션, 코미디",대한민국,1시간 51분
12746,오케이마담,"코미디, 액션, 스릴러",대한민국,1시간 40분
11977,어톤먼트,"드라마, 로맨스, 전쟁","영국, 미국, 프랑스",2시간 3분
11008,세상의모든디저트:러브사라,"드라마, 로맨스, 코미디",영국,1시간 37분
5520,겟아웃,"스릴러, 공포",미국,1시간 44분
3347,롤러코스터,코미디,대한민국,1시간 34분
6172,더리더:책읽어주는남자,"드라마, 로맨스, 유럽에서 제작","미국, 독일",2시간 4분
1706,우리가이별뒤에알게되는것들,드라마,캐나다,1시간 20분
7243,하와이언레시피,"드라마, 로맨스",일본,1시간 51분
2276,블루스인인디아,"음악, 로맨스, 코미디",미국,1시간 46분
9224,엔딩스비기닝스,"드라마, 로맨스","미국, 대한민국",1시간 50분
10655,"전혀아니다,별로아니다,가끔그렇다,항상그렇다",드라마,"미국, 영국",1시간 41분
10593,새벽의약속,"역사, 전쟁, 드라마, 로맨스, 유럽에서 제작","벨기에, 프랑스",2시간 10분
1791,마이베이커리인뉴욕,"코미디, 로맨스, 유럽에서 제작","스페인, 미국",1시간 41분
616,산의톰씨,다큐멘터리,,1시간 25분
12329,비블리아고서당사건수첩,"드라마, 스릴러",일본,2시간 1분
7485,더워리어:돌아온전사,"범죄, 액션, 스릴러, 드라마","태국, 인도",2시간 25분
13071,대폭격(2018),"역사, 액션, 드라마, 전쟁","China, 미국",2시간 7분
8536,미이라:비밀의문,"판타지, 액션",미국,2시간 5분
13953,국두,"드라마, 로맨스","China, 일본",1시간 35분
9056,지푸라기라도잡고싶은짐승들,"범죄, 드라마, 스릴러",대한민국,1시간 48분
5654,스푸트닉,"드라마, 공포, SF, 스릴러",러시아,1시간 53분
10365,우상,"스릴러, 다큐멘터리, 범죄",대한민국,2시간 24분
120,로그시티,스릴러,프랑스,1시간 56분
1047,로그원:스타워즈스토리,"SF, 액션",미국,2시간 14분
13209,반지의제왕3:왕의귀환,"판타지, 액션, 드라마","미국, 뉴질랜드",3시간 22분
3674,박화영,드라마,대한민국,1시간 39분
7898,특종:량첸살인기,"스릴러, 코미디, 범죄, 드라마",대한민국,2시간 5분
4915,기담,"공포, 드라마",대한민국,1시간 42분
8811,헝거게임:판엠의불꽃,"SF, 액션, 스릴러",미국,2시간 22분
697,헝거게임:캣칭파이어,"액션, SF, 스릴러",미국,2시간 26분
5541,13구역:크로스파이어,"액션, 코미디",China,1시간 28분
6216,복수는나의것,"액션, 드라마, 스릴러, 범죄",대한민국,2시간 9분
12378,분노,"액션, 드라마, 스릴러, 유럽에서 제작",Vietnam,1시간 38분
2133,온워드:단하루의기적,"코미디, 드라마, 가족, 판타지, 애니메이션",미국,1시간 42분
5269,토이스토리4,"애니메이션, 액션, 가족, 코미디, 판타지",미국,1시간 40분
6491,<소울>의음악[별도편성],다큐멘터리,,1시간 25분
4213,운디네,"드라마, 로맨스, 판타지, 스릴러","프랑스, 독일",1시간 30분
1698,스케어리스토리:어둠의속삭임,"스릴러, 공포","캐나다, 홍콩, 미국",1시간 48분
12454,신은죽지않았다3:어둠속의빛,드라마,미국,1시간 45분
11604,체실비치에서,"드라마, 로맨스, 음악",영국,1시간 50분
6521,더시크릿(2021),"스릴러, 공포, 드라마, 유럽에서 제작","스페인, 미국",1시간 51분
11769,터널,"스릴러, 드라마",대한민국,2시간 6분
4848,침묵의소리,드라마,미국,1시간 27분
5636,다크워터스,"드라마, 스릴러, 역사",미국,2시간 6분
11538,나이브스아웃,"스릴러, 코미디, 범죄, 드라마",미국,2시간 20분
13471,디아워스,"드라마, 로맨스","미국, 영국",1시간 54분
4560,엘리제궁의요리사,"드라마, 유럽에서 제작, 코미디",프랑스,1시간 35분
12215,피터래빗,"가족, 코미디, 액션, 판타지, 애니메이션, 드라마","호주, 미국",1시간 33분
4033,파이널포트레이트,"드라마, 스릴러, 코미디","영국, 미국",1시간 27분
7220,백조공주:왕가의비밀(2014),"애니메이션, 판타지, 가족, 코미디, 로맨스","인도, 대한민국, 미국",1시간 19분
9859,600결사대,다큐멘터리,,1시간 25분
6588,리틀포레스트2:겨울과봄,드라마,일본,2시간 0분
9119,경주,"드라마, 로맨스",대한민국,2시간 25분
8049,"다시,벚꽃","드라마, 로맨스",대한민국,29분
9670,공범자들,다큐멘터리,,1시간 25분
6201,적인걸:측전무후의비밀,"드라마, 스릴러, 액션, 판타지, 역사","China, 홍콩",2시간 3분
6718,인투더포레스트,"SF, 스릴러, 드라마",캐나다,1시간 41분
9944,마스터,"드라마, 유럽에서 제작",미국,2시간 18분
11674,반지의제왕:반지원정대,"판타지, 액션, 드라마","미국, 뉴질랜드",2시간 59분
2950,백엔의사랑,"드라마, 로맨스, 코미디",일본,1시간 54분
7628,스페셜포스:블러드마운틴,,튀르키예,107분
1588,전장의묵시록(2008),"드라마, 스릴러, 전쟁, 유럽에서 제작",폴란드,1시간 36분
14282,삼진그룹영어토익반,"드라마, 코미디, 범죄",대한민국,1시간 50분
14447,결백,"범죄, 스릴러, 드라마","대한민국, 미국",1시간 50분
8564,#살아있다,"액션, 공포, SF, 드라마, 스릴러",대한민국,1시간 38분
3683,반도,"공포, 스릴러, 액션, 드라마",대한민국,1시간 54분
1195,특별수사:사형수의편지,"범죄, 코미디, 드라마",대한민국,2시간 0분
14571,"벨과세바스찬,계속되는모험","액션, 가족, 유럽에서 제작",프랑스,1시간 38분
5388,침묵,"스릴러, 드라마, 범죄",대한민국,2시간 5분
14287,라이온킹(2019),"드라마, 애니메이션, 가족, 액션",미국,1시간 29분
1968,뮬란2(2020),"코미디, 가족, 액션, 애니메이션, 판타지",미국,1시간 19분
10317,뮬란:전사의귀환[리마스터링],"드라마, 로맨스, 전쟁","홍콩, China",1시간 53분
8470,러덜리스,"드라마, 코미디, 음악",미국,1시간 45분
14071,콜미바이유어네임,"로맨스, 드라마, 유럽에서 제작","이탈리아, 미국, 브라질, 프랑스",2시간 12분
4530,베놈,"액션, SF","China, 미국",1시간 52분
9210,더컴퍼니맨(2010),드라마,미국,1시간 44분
3255,신용문객잔:피안화의저주,,대만,45분
7069,무인곽원갑:금강대전,다큐멘터리,,1시간 25분
10872,해리포터와죽음의성물2,"판타지, 액션, 가족","영국, 미국",2시간 10분
1043,신비한동물사전,"판타지, 액션, 가족","영국, 미국",2시간 13분
3211,애비게일,"공포, 스릴러, 액션, 코미디, 범죄, 드라마",미국,1시간 49분
11363,해리포터와비밀의방,"액션, 판타지, 가족","독일, 영국, 미국",2시간 41분
13646,마틸다(1996),"코미디, 가족, 판타지, 유럽에서 제작",미국,1시간 39분
13606,트롤1,다큐멘터리,,1시간 25분
13684,금의위:3인의무사,드라마,China,1시간 27분
6782,1941:세바스토폴상륙작전,"코미디, 전쟁, 액션",미국,1시간 53분
8645,오루시!,다큐멘터리,,1시간 25분
10651,초이스,"드라마, 로맨스, 스릴러, 유럽에서 제작",미국,1시간 51분
7996,쥬라기공원2:잃어버린세계,"SF, 액션",미국,2시간 9분
3183,쥬라기월드,"스릴러, 액션, SF","미국, 영국, 몰타, 인도, 대만, 일본",2시간 13분
13799,쥬라기월드:폴른킹덤,"액션, SF, 스릴러, 코미디",미국,2시간 8분
10091,왕의춤,"드라마, 역사, 음악, 유럽에서 제작","프랑스, 독일, 벨기에",1시간 55분
5022,정상회담살인사건,"스릴러, 드라마, 유럽에서 제작","프랑스, 이탈리아",1시간 43분
478,종횡사해(1991),"코미디, 스릴러, 범죄, 액션",홍콩,1시간 48분
2673,폴리스스토리(1985),"액션, 범죄, 스릴러, 코미디",홍콩,1시간 45분
2461,레고무비,"코미디, 가족, 판타지, SF, 애니메이션, 유럽에서 제작","캐나다, 덴마크, 미국",1시간 47분
13985,레디플레이어원,"액션, SF",미국,2시간 20분
2861,해리포터와혼혈왕자,"액션, 판타지, 가족","영국, 미국",2시간 33분
1486,카오산탱고,"드라마, 로맨스, 음악",대한민국,1시간 37분
10259,강철비2:정상회담,"액션, 스릴러, 전쟁, 드라마",대한민국,2시간 12분
2035,신과함께:인과연,"액션, 판타지, 스릴러, 드라마",대한민국,2시간 21분
3753,브레이킹더웨이브(1996),"드라마, 유럽에서 제작","네덜란드, 노르웨이, 스웨덴, 덴마크, 프랑스",2시간 39분
11202,폴링오버나잇,다큐멘터리,,1시간 25분
6049,나이스걸라이크유,"코미디, 로맨스",미국,1시간 34분
11978,블라인드(2007),"드라마, 로맨스, 유럽에서 제작","불가리아, 네덜란드, 벨기에",1시간 43분
13608,빅히어로,"액션, 가족, 애니메이션, 코미디, SF, 범죄",미국,1시간 42분
12759,겨울왕국,"액션, 판타지, 애니메이션, 가족, 코미디",미국,1시간 42분
8708,성실한나라의앨리스,"스릴러, 코미디, 드라마",대한민국,1시간 27분
1189,그녀를보기만해도알수있는것,"드라마, 로맨스",미국,1시간 49분
3433,28일동안(2000),"코미디, 드라마",미국,1시간 43분
9715,보이걸씽(2006),"코미디, 판타지, 로맨스","영국, 캐나다, 미국",1시간 35분
10253,후엠아이,"스릴러, 유럽에서 제작, 범죄, 드라마, SF",독일,1시간 41분
7431,아드레날린242(2009),"액션, 스릴러",미국,1시간 36분
10200,블리츠(2011),"범죄, 액션, 스릴러","영국, 미국, 프랑스",1시간 37분
13417,디트로이트,"드라마, 스릴러, 역사, 범죄, 유럽에서 제작",미국,2시간 23분
12142,13구역,"스릴러, SF, 액션, 유럽에서 제작, 범죄",프랑스,1시간 24분
10628,오마이갓(2020),"코미디, 드라마, 판타지",인도,2시간 5분
9909,어벤져스:엔드게임,"SF, 액션, 드라마",미국,3시간 1분
7459,스파이더맨:홈커밍,"액션, SF",미국,2시간 13분
10068,맨인블랙3,"액션, 코미디, SF","미국, 아랍에미리트",1시간 46분
3742,적벽대전1부:거대한전쟁의시작,"드라마, 역사, 전쟁, 액션","China, 홍콩, 일본, 대한민국, 대만, 미국",2시간 28분
5871,적벽대전2부:최후의결전,"전쟁, 액션, 드라마, 역사","홍콩, 일본, 대한민국, 대만, 미국, China",2시간 24분
8317,24시티,"드라마, 다큐멘터리","China, 일본",1시간 48분
5894,삼국지:용의부활,드라마,China,52분
7011,공자춘추전국시대[감독판],"드라마, 역사",China,2시간 5분
4309,기도의막이내릴때,"스릴러, 범죄",일본,1시간 59분
4485,삼국지:명장관우(2011),드라마,China,52분
4682,명장,"액션, 드라마, 역사, 전쟁, 로맨스","China, 홍콩",2시간 6분
9709,군중낙원,다큐멘터리,,1시간 25분
9640,어느가족,"드라마, 범죄, 스릴러, 다큐멘터리",일본,2시간 0분
10410,달링,"드라마, 로맨스","스위스, 영국",1시간 58분
1954,순정,"드라마, 로맨스",대한민국,1시간 53분
552,국가대표,"코미디, 드라마, 스포츠",대한민국,2시간 19분
5116,국가대표2,"드라마, 스포츠",대한민국,2시간 6분
6288,데이라이트,"드라마, 스릴러, 유럽에서 제작",네덜란드,1시간 55분
5308,아이스틸씨유,"스릴러, 판타지, 공포, SF",미국,1시간 38분
5445,소드마스터:절대강호의죽음,"액션, 드라마","홍콩, China",1시간 43분
3042,천녀유혼2-인간도,"코미디, 판타지, 액션, 공포, 로맨스",홍콩,1시간 42분
4792,더테이블,"드라마, 로맨스",대한민국,1시간 10분
9287,사생결단_SD,다큐멘터리,,1시간 25분
13336,지금만나러갑니다(2018),"로맨스, 드라마, 판타지",일본,1시간 59분
7848,어느날,"판타지, 드라마",대한민국,1시간 54분
6755,파파로티,"음악, 드라마, 코미디",대한민국,2시간 7분
4791,나의특별한형제,"코미디, 드라마",대한민국,1시간 54분
8468,작전(2009),"액션, 범죄, 스릴러, 드라마",대한민국,1시간 59분
11656,루터,"스릴러, 범죄, 드라마, 유럽에서 제작",영국,58분
11982,뮤직박스,다큐멘터리,,1시간 25분
12276,천녀유혼(1987),"액션, 판타지, 공포",홍콩,1시간 35분
13643,가족(2004),"드라마, 가족",대한민국,1시간 35분
7301,투러버스,"로맨스, 드라마, 유럽에서 제작","미국, 프랑스",1시간 50분
13186,언더더선,"로맨스, 드라마, 유럽에서 제작",스웨덴,2시간 10분
12823,생로랑,"드라마, 유럽에서 제작, 로맨스","프랑스, 벨기에",2시간 30분
9416,어벤져스:인피니티워,"액션, SF",미국,2시간 30분
1372,프리즌브레이커스,"드라마, 스릴러",칠레,2시간 16분
13656,퍼스트어벤져,"액션, SF",미국,2시간 4분
2473,어벤져스,"액션, SF",미국,2시간 23분
10857,배트맨비긴즈,"드라마, 액션, 범죄, 스릴러","영국, 미국",2시간 20분
14109,국가부도의날,"드라마, 역사",대한민국,1시간 54분
2854,라이언,"드라마, 유럽에서 제작","호주, 영국, 미국",1시간 58분
3893,에이미,"음악, 다큐멘터리",영국,2시간 7분
473,순수의시대(2014),드라마,대한민국,1시간 3분
14516,빅매치,"코미디, 액션, 스릴러",대한민국,1시간 52분
3667,저스트프렌드,,"미국, 캐나다, 독일",94분
10997,12번째솔저,다큐멘터리,,1시간 25분
11819,#아이엠히어,멜로/로맨스,프랑스,97분
4031,은교,"드라마, 로맨스",대한민국,2시간 9분
10167,레지던트이블(2002),"SF, 드라마, 액션, 공포, 스릴러",미국,51분
13092,동네사람들,"스릴러, 범죄, 액션",대한민국,1시간 39분
11240,라라랜드,"코미디, 드라마, 로맨스, 음악",미국,2시간 8분
13352,이웃의아내,"스릴러, 드라마, 로맨스",미국,1시간 37분
12102,원데이[특별판],"코미디, 드라마, 로맨스",영국,29분
7958,아오하라이드(2016),"애니메이션, 코미디, 드라마, 로맨스",일본,24분
1145,람보[특별판],"액션, 스릴러, 전쟁",미국,1시간 33분
6287,두근두근내인생(2014),드라마,대한민국,1시간 57분
10894,나를차버린스파이,"액션, 코미디",미국,1시간 57분
5031,눈길(2017),다큐멘터리,,1시간 25분
2922,패딩턴2,"코미디, 가족, 액션, 유럽에서 제작","영국, 프랑스",1시간 44분
13069,슈퍼배드3,"액션, 애니메이션, 코미디, 가족, 범죄, SF",미국,1시간 30분
7590,겨울전쟁:105일간의전투,"드라마, 전쟁, 유럽에서 제작, 역사",핀란드,3시간 9분
11426,기쿠지로의여름(1999),다큐멘터리,,1시간 25분
8649,제로다크서티,"스릴러, 드라마, 역사",미국,2시간 37분
5466,샷콜러,"범죄, 드라마, 스릴러",미국,2시간 1분
10173,언니,"드라마, 범죄, 스릴러, 액션, 로맨스",대한민국,1시간 33분
13736,리지,"드라마, 스릴러, 범죄",미국,1시간 46분
13651,토미리존스의쓰리베리얼,다큐멘터리,,1시간 25분
4182,암고양이들,드라마,일본,1시간 24분
11790,더서치,"드라마, 전쟁, 유럽에서 제작","프랑스, Georgia, 미국",2시간 29분
6985,진링의13소녀,"전쟁, 드라마, 역사, 로맨스","China, 홍콩",2시간 26분
192,올더머니,"역사, 스릴러, 범죄, 드라마","이탈리아, 미국",2시간 12분
2835,존윅3:파라벨룸,"스릴러, 범죄, 액션, 드라마",미국,2시간 10분
2874,해피이벤트,다큐멘터리,,1시간 25분
6009,타임라인(2003),다큐멘터리,,1시간 25분
10909,당산대형(1971),"액션, 스릴러, 범죄, 드라마",홍콩,1시간 39분
13074,용재변연,다큐멘터리,,1시간 25분
12621,분노의질주:홉스&쇼,액션,미국,136분
454,라스트솔져스:최후의결전,"전쟁, 액션, 드라마, SF",우크라이나,1시간 52분
2849,"러브,어게인","코미디, 로맨스, 드라마",미국,1시간 44분
3980,파이널환타지,"애니메이션, 액션, 판타지, SF, 로맨스","미국, 일본",1시간 46분
12987,시카리오:데이오브솔다도,"액션, 범죄, 스릴러, 드라마","멕시코, 미국",2시간 2분
465,스머프:비밀의숲,"코미디, 가족, 판타지, 애니메이션","미국, 벨기에, China",1시간 29분
7222,오늘의키라군,,일본,110분
12117,스튜어트리틀(1999),"액션, 가족, 판타지, 코미디","독일, 미국",1시간 24분
5646,스튜어트리틀2(2002),"코미디, 판타지, 가족",미국,1시간 17분
4433,"안녕,형아",드라마,대한민국,1시간 35분
1921,"오늘밤,로맨스극장에서","드라마, 로맨스, 음악, 판타지",일본,1시간 48분
6524,"그아이의,포로",다큐멘터리,,1시간 25분
2137,마이펫의이중생활2,"애니메이션, 가족, 코미디, 액션",미국,1시간 26분
10224,빅쇼트,"코미디, 드라마, 역사",미국,2시간 11분
7943,패션오브크라이스트(2004),드라마,미국,2시간 7분
420,허리케인하이스트,"스릴러, 액션, 범죄","영국, 미국",1시간 43분
5282,더마우스,"드라마, 판타지, 공포, 유럽에서 제작",스페인,1시간 30분
4003,세얼간이[감독판],,인도,141분
2824,섹스앤더시티,"드라마, 코미디, 로맨스",미국,29분
2471,퀸오브하츠,"드라마, 유럽에서 제작","스웨덴, 덴마크",2시간 7분
3998,매드맥스:분노의도로,"액션, SF","미국, 호주",2시간 0분
12918,킬러더스파이,"액션, 스릴러, 드라마","콜롬비아, 미국",1시간 32분
14584,돈의맛,드라마,대한민국,1시간 12분
2256,베어(1988),"드라마, 가족, 액션, 유럽에서 제작","미국, 프랑스",1시간 37분
10988,어린신부,"로맨스, 코미디, 드라마",대한민국,1시간 55분
3967,뮬란(2020),"액션, 애니메이션, 가족, 코미디, 판타지, 전쟁",미국,1시간 28분
8584,스타워즈4:새로운희망,다큐멘터리,,1시간 25분
2404,스타워즈3:시스의복수,다큐멘터리,,1시간 25분
6279,맞짱의신:시라소니,액션,대한민국,1시간 23분
5557,스타워즈5:제국의역습,다큐멘터리,,1시간 25분
10819,커넥트(2020)[별도편성][예고편],"SF, 스릴러, 드라마, 범죄, 판타지, 공포",대한민국,43분
10385,원타치,"스릴러, 액션, 범죄, 드라마",일본,1시간 17분
12958,겨울밤에,다큐멘터리,,1시간 25분
13877,1번가의기적,"로맨스, 코미디, 스포츠",대한민국,1시간 53분
13362,지.아이.제인(1997),"드라마, 전쟁, 액션","영국, 미국",2시간 5분
7577,아웃레이지비욘드,"액션, 범죄, 드라마",일본,1시간 52분
7025,레지던트이블4:끝나지않은전쟁,"액션, 공포, SF, 유럽에서 제작","미국, 캐나다, 독일",1시간 37분
1435,아나콘다(1997),"코미디, 액션, 공포",미국,1시간 39분
3744,시간의끝에서널기다려,"판타지, 드라마, 로맨스, 공포","체코 공화국, 홍콩, China",1시간 55분
7001,기생충,"드라마, 코미디, 스릴러",대한민국,2시간 12분
11679,붉은수수밭(1988),"드라마, 액션",China,45분
8171,5일의마중(2014),"로맨스, 드라마, 다큐멘터리, 역사, 유럽에서 제작","미국, China, 프랑스, 홍콩, 인도",1시간 51분
151,나홀로집에,"코미디, 범죄, 가족",미국,1시간 33분
3082,아바타,"SF, 액션, 판타지","영국, 미국",2시간 42분
5877,나홀로집에2,"액션, 코미디, 가족, 범죄",미국,2시간 0분
6714,파퍼씨네펭귄들(2011),"코미디, 가족, 판타지",미국,1시간 34분
2436,반지의제왕2:두개의탑,"액션, 판타지, 드라마","미국, 뉴질랜드",2시간 59분
7709,검은사제들,"스릴러, 공포, 코미디",대한민국,1시간 43분
11742,82년생김지영,드라마,대한민국,1시간 59분
5326,더블패티,다큐멘터리,,1시간 25분
4839,마녀를잡아라,"코미디, 공포, 가족, 판타지","미국, 멕시코, 영국",1시간 46분
13910,한솔로:스타워즈스토리,"SF, 액션",미국,2시간 15분
7998,말레피센트2,"가족, 판타지, 액션, 로맨스, 드라마, 다큐멘터리",미국,1시간 59분
10540,터칭더보이드,"액션, 드라마, 다큐멘터리, 스포츠",영국,1시간 46분
913,코드8,"액션, 범죄, SF, 드라마, 스릴러","미국, 캐나다, 영국",1시간 39분
2489,더웨이백,"드라마, 스포츠","캐나다, 미국",1시간 48분
3993,위대한쇼맨,드라마,미국,1시간 45분
9227,존윅:리로드,"범죄, 액션, 스릴러",미국,2시간 2분
12690,존윅(2014),"스릴러, 액션, 범죄",미국,1시간 41분
9651,하이앤로우더무비,액션,일본,2시간 9분
13994,체르노빌(2018),"드라마, 스릴러, 역사",미국,1시간 5분
8576,귀목요괴:화신술,다큐멘터리,,1시간 25분
11009,더포리너,"범죄, 액션, 스릴러, 유럽에서 제작","스위스, China, 인도, 영국, 미국",1시간 54분
99,북두의신,다큐멘터리,,1시간 25분
13741,정무대영웅:영예지상,다큐멘터리,,1시간 25분
12753,다이하드:굿데이투다이,"액션, 스릴러",미국,1시간 38분
4610,더히어로(2019),"드라마, 로맨스",미국,1시간 33분
14043,와인미라클,"코미디, 드라마",미국,1시간 50분
6574,반교:디텐션,"스릴러, 드라마, 공포","대만, 필리핀 제도",1시간 42분
7300,마이스파이,"액션, 코미디, 가족",미국,1시간 52분
4023,아저씨,"액션, 스릴러, 범죄, 드라마",대한민국,1시간 59분
10783,너는여기에없었다,"범죄, 드라마, 스릴러","영국, 프랑스",1시간 29분
1386,순수의시대(2014)[무삭제판],드라마,대한민국,1시간 3분
7151,호수괴물,"공포, SF, 스릴러",미국,1시간 44분
1185,탈출(1995),"스릴러, 드라마, 역사, 전쟁, 액션",대한민국,2시간 1분
10126,이연걸의정무문,"액션, 드라마","홍콩, China",1시간 39분
10117,실미도,"액션, 드라마",대한민국,2시간 15분
5931,의적로빈후드,"액션, 드라마, 로맨스",미국,2시간 23분
5416,라이프(2017),"공포, SF, 스릴러",미국,1시간 43분
13077,한나(2018),"액션, 로맨스, 범죄, 드라마",미국,49분
362,레고닌자고무비,"가족, 코미디, 액션, 애니메이션, 판타지, SF, 스릴러, 드라마","미국, 호주, 덴마크",1시간 41분
14529,7번째내가죽던날,"드라마, 판타지",미국,1시간 38분
12448,고백할수없는,다큐멘터리,,1시간 25분
13658,살아남은사람들,"드라마, 유럽에서 제작",헝가리,1시간 23분
8713,수상한가족,"드라마, 코미디",미국,1시간 36분
13101,악의교전,"스릴러, 공포",일본,2시간 9분
5983,골든슬럼버[가치봄],"스릴러, 액션",대한민국,1시간 48분
7013,영웅:천하의시작,"역사, 드라마, 액션, 애니메이션","홍콩, China",1시간 39분
8212,여자적인걸유비춘,다큐멘터리,,1시간 25분
5157,천녀유혼3-도도도,다큐멘터리,,1시간 25분
4391,무비빅158회:씬난다-<잭스나이더의저스티스리그>,다큐멘터리,,1시간 25분
4178,신데렐라(2015),"드라마, 유럽에서 제작, 판타지, 로맨스, 가족","영국, 미국",1시간 45분
9632,디어스킨,"코미디, 공포, 유럽에서 제작","스위스, 벨기에, 프랑스",1시간 17분
8333,라운더스,"드라마, 범죄",미국,2시간 1분
4489,볼케이노2017,"액션, 드라마, SF, 스릴러",미국,1시간 31분
9269,킬러맨,"스릴러, 액션",미국,1시간 52분
6251,포인트블랭크,"스릴러, 유럽에서 제작, 액션, 범죄, 드라마",프랑스,1시간 24분
7960,프리즈너스,"범죄, 드라마, 스릴러",미국,2시간 33분
7838,엔드오브왓치(2012),"범죄, 드라마, 스릴러, 액션",미국,1시간 49분
1442,시카리오:암살자의도시,"액션, 범죄, 스릴러, 드라마","멕시코, 미국",2시간 1분
4865,인디아나존스-최후의성전,액션,미국,2시간 7분
925,인디아나존스,액션,미국,1시간 58분
9968,인디아나존스-크리스탈해골의왕국,모험,미국,121분
12800,레고무비2,"코미디, 가족, 판타지, SF, 애니메이션, 유럽에서 제작","덴마크, 미국, 캐나다",1시간 47분
2672,윔피키드(2010),"코미디, 드라마, 가족, 애니메이션","미국, 캐나다",1시간 18분
4737,블랑섹의기이한모험,"판타지, 액션, 스릴러, 유럽에서 제작, 코미디, 가족",프랑스,1시간 47분
10675,"내어깨위고양이,밥","가족, 드라마","미국, 룩셈부르크, 영국",1시간 43분
2949,리틀큐,"드라마, 가족",홍콩,1시간 47분
2901,엽문리부트2020,"액션, 드라마",China,1시간 22분
3064,펠레:버스오브어레전드,"드라마, 스포츠",미국,1시간 47분
11405,42(2013),"드라마, 스포츠",미국,2시간 8분
309,호날두:세상은그의발아래에,"다큐멘터리, 스포츠",미국,54분
5145,베리드(2010),"스릴러, 유럽에서 제작","스페인, 미국",1시간 35분
4688,본콜렉터,"스릴러, 드라마, 범죄",미국,1시간 58분
1133,부러진화살(2011),"드라마, 범죄",대한민국,1시간 40분
3465,슈렉포에버,"판타지, 애니메이션, 가족, 코미디, 액션, 로맨스",미국,1시간 33분
11260,행복한사전,드라마,일본,133분
6636,페르시아의왕자:시간의모래,"판타지, 액션",미국,1시간 56분
14371,다이버전트,"액션, SF, 드라마",미국,2시간 20분
869,진정령난백,"드라마, 액션",China,1시간 23분
6222,진정령생혼,다큐멘터리,,1시간 25분
1125,트로이그레이트워,"액션, 판타지",미국,1시간 30분
8438,트로이,"액션, 역사, 전쟁, 드라마, 유럽에서 제작","미국, 영국",2시간 43분
5076,킹덤(2019),"애니메이션, 드라마, 액션, 역사, 전쟁",일본,26분
12722,앨리스:원더랜드에서온소년,"코미디, 드라마, 로맨스",대한민국,1시간 9분
12530,밤의문이열린다,"드라마, 판타지",대한민국,1시간 30분
12996,매드맥스:로드워,"액션, SF, 공포",미국,1시간 30분
4463,호텔아르테미스,"액션, 범죄, 스릴러, SF, 드라마","미국, 영국",1시간 34분
3333,네무덤에침을뱉어라2,"범죄, 스릴러, 공포",미국,1시간 46분
4429,쓰리:서바이벌아일랜드,"드라마, 코미디, 스릴러","룩셈부르크, 영국, 독일",1시간 35분
9654,지니어스,"드라마, 역사",미국,52분
11845,런,"드라마, 스릴러, 공포",미국,1시간 30분
169,궁합,"코미디, 로맨스, 역사",대한민국,1시간 50분
1063,오드토머스,"스릴러, 판타지, 공포, 로맨스, 코미디",미국,1시간 33분
10490,레플리카,"스릴러, 드라마, 액션, SF","캐나다, China, Puerto Rico, 영국, 미국",1시간 48분
9571,리틀포레스트:사계절,드라마,일본,2시간 17분
12851,신과함께:죄와벌,"스릴러, 액션, 드라마, 판타지",대한민국,2시간 19분
403,사탄의인형2,"스릴러, 공포",미국,1시간 24분
1740,그린마일(1999),"판타지, 드라마, 범죄",미국,3시간 9분
6594,고스트오브워,"공포, 스릴러, 전쟁, 판타지",미국,1시간 34분
5460,비독:파리의황제,"드라마, 범죄, 스릴러, 역사, 유럽에서 제작","프랑스, 벨기에",2시간 1분
1131,7솔져스,"액션, 드라마, 전쟁",미국,1시간 48분
613,메모리즈[단편],"다큐멘터리, 판타지, 로맨스, 스릴러, 코미디, 드라마, 유럽에서 제작",프랑스,1시간 3분
13377,쥬라기공원,"액션, SF, 스릴러",미국,2시간 7분
13477,본아이덴티티,"스릴러, 액션","체코 공화국, 미국, 독일",1시간 59분
10436,부산행,"스릴러, 액션, 공포",대한민국,1시간 58분
5741,만신,다큐멘터리,,1시간 25분
10220,아메리칸셰프,"코미디, 드라마",미국,1시간 55분
11193,해리포터와아즈카반의죄수,"액션, 판타지, 가족","미국, 영국",2시간 22분
10030,킬빌Vol.1,"드라마, 액션, 스릴러",미국,43분
8189,비긴어게인,"Reality TV, 드라마, 가족",대한민국,1시간 24분
5977,메이즈러너,"SF, 스릴러, 액션","미국, 영국",1시간 53분
7559,<소울>미리보기[별도편성],다큐멘터리,,1시간 25분
1455,몬스터호텔3,"가족, 판타지, 애니메이션, 코미디, 공포, 로맨스, 스릴러",미국,1시간 37분
2046,마스크오브조로(1998),"액션, 코미디, 드라마, 로맨스, 스릴러, 서부","미국, 독일",2시간 16분
8746,프린세스다이어리(2001),"가족, 드라마, 코미디",미국,
11177,귀여운여인,"로맨스, 코미디",미국,2시간 0분
834,프린세스다이어리2(2004),"가족, 로맨스, 코미디, 드라마",미국,1시간 53분
13438,잠자는숲속의미녀와야수,"액션, 판타지, 공포",미국,1시간 29분
12819,조선명탐정:각시투구꽃의비밀,"역사, 코미디, 범죄, 스릴러, 액션",대한민국,1시간 55분
12551,레드:더레전드,"범죄, 스릴러, 액션, 코미디",미국,1시간 56분
1667,지구최후의밤,"드라마, 로맨스, 유럽에서 제작","대만, China, 프랑스",1시간 50분
6242,토이스토리2,"코미디, 가족, 애니메이션, 판타지",미국,1시간 32분
11935,그린치(2018),"코미디, 드라마, 가족, 판타지, 애니메이션, 유럽에서 제작",미국,1시간 26분
13117,범죄의여왕,"코미디, 범죄, 스릴러",대한민국,1시간 43분
4205,블랙호크다운,"다큐멘터리, 역사, 전쟁",미국,52분
13603,프로스펙트,"SF, 드라마, 스릴러","캐나다, 미국, 영국",1시간 38분
4731,인비저블게스트,"스릴러, 범죄, 드라마, 유럽에서 제작",스페인,1시간 47분
3012,허밍버드,"액션, 스릴러, 유럽에서 제작","미국, 영국",1시간 40분
10938,킹메이커(2012),드라마,대한민국,123분
10787,제5계급,"드라마, 스릴러, 범죄, 유럽에서 제작","인도, 미국",2시간 4분
7734,스시장인:지로의꿈(2011),다큐멘터리,"캐나다, 미국",1시간 22분
13326,인크레더블2,"액션, 애니메이션, 가족, 코미디, SF, 스릴러",미국,1시간 58분
13298,몬스터대학교,"애니메이션, 가족, 코미디, 판타지",미국,1시간 44분
9188,몬스터주식회사,"코미디, 가족, 애니메이션, 판타지",미국,1시간 28분
5971,곰돌이푸다시만나행복해,"코미디, 가족, 판타지, 액션, 드라마","영국, 미국",1시간 44분
9018,카(2006),"액션, 코미디, 가족, 애니메이션, 스포츠",미국,1시간 57분
9473,볼트,"액션, 코미디, 애니메이션, 가족, 범죄, 드라마, SF",미국,1시간 38분
9341,말레피센트,"액션, 가족, 로맨스, 판타지, 드라마",미국,1시간 37분
4987,염력,"판타지, 액션, 코미디",대한민국,1시간 41분
9293,해치지않아,"코미디, 드라마",대한민국,1시간 57분
6,맨인블랙2,"SF, 액션, 코미디",미국,1시간 28분
8613,킹스맨:시크릿에이전트,"범죄, 코미디, 액션, 스릴러","영국, 미국",2시간 9분
1424,킬러의보디가드,"스릴러, 액션, 코미디, 범죄, 로맨스","프랑스, 스웨덴, 미국, 영국, 불가리아",1시간 57분
11758,희랍인조르바,다큐멘터리,,1시간 25분
2414,카잔자키스,다큐멘터리,,1시간 25분
11903,프리키데스데이,"공포, 코미디, 스릴러",미국,1시간 42분
9440,인투더미러,"SF, 판타지, 공포, 드라마, 스릴러",캐나다,1시간 44분
8954,엘리펀트송,다큐멘터리,,1시간 25분
2522,프릭스,"SF, 스릴러, 드라마, 판타지","미국, 캐나다",1시간 45분
13698,에이바,"액션, 스릴러, 범죄, 드라마",미국,1시간 36분
2972,나의소녀시대,"로맨스, 코미디","China, 홍콩, 대만",2시간 13분
11904,성난황소,"스릴러, 코미디, 범죄, 액션, 유럽에서 제작",대한민국,1시간 56분
13094,#아이엠히어[별도편성][예고편],멜로/로맨스,프랑스,97분
865,휘트니,"음악, 다큐멘터리, 드라마","미국, 영국",2시간 0분
6327,"색,계(2007)","로맨스, 스릴러, 액션, 드라마, 역사, 전쟁","China, 홍콩, 대만, 미국",2시간 38분
13282,업(2009),"애니메이션, 코미디, 가족, 액션, 드라마",미국,1시간 36분
7472,라스트프론티어,"드라마, 전쟁, 액션",러시아,2시간 10분
5955,언더월드(2003),"판타지, 액션, 스릴러, 유럽에서 제작",미국,2시간 2분
12056,디어헌터(1978),"드라마, 전쟁","영국, 미국",3시간 3분
10868,너의췌장을먹고싶어,"드라마, 가족, 로맨스, 애니메이션",일본,1시간 49분
13251,썸머85,"로맨스, 드라마","프랑스, 벨기에",1시간 41분
4473,범죄해결특수반,"액션, 범죄",대한민국,1시간 21분
12030,갱,코미디,대한민국,1시간 34분
1774,베이비드라이버,"액션, 범죄, 음악, 드라마","미국, 영국",1시간 55분
10156,정무문2:전설의흑협,다큐멘터리,,1시간 25분
7894,파앤드어웨이,"드라마, 서부, 로맨스",미국,2시간 20분
1899,공각기동대:고스트인더쉘,"드라마, 액션, 범죄, SF, 스릴러","미국, China, 홍콩, 인도",1시간 47분
1971,인턴,"코미디, 드라마",미국,2시간 2분
6743,인셉션,"액션, SF, 스릴러","영국, 미국",2시간 28분
6637,공수도,"액션, 코미디",대한민국,1시간 52분
1647,굿바이레닌,"코미디, 드라마, 유럽에서 제작, 로맨스",독일,2시간 1분
9781,순종,다큐멘터리,대한민국,1시간 28분
11306,김광석,"음악, 다큐멘터리",대한민국,1시간 21분
9434,컬러풀웨딩즈,"코미디, 유럽에서 제작",프랑스,1시간 34분
282,북오브헨리,다큐멘터리,,1시간 25분
14211,지난여름갑자기,"드라마, 로맨스",대한민국,37분
9914,암살,"액션, 스릴러, 드라마",대한민국,2시간 20분
13058,점박이:한반도의공룡,"애니메이션, 액션, 다큐멘터리, 코미디, 드라마",대한민국,1시간 28분
6003,침입자(2020)[별도편성][예고편],"액션, 드라마, 스릴러",미국,1시간 32분
14589,뉴욕의가을,"드라마, 로맨스",미국,1시간 43분
3154,깨끗하고연약한,다큐멘터리,,1시간 25분
9436,탐정당인:차이나타운살인사건,"코미디, 스릴러, 액션",China,2시간 15분
14478,국제수사,"범죄, 액션, 코미디",대한민국,1시간 46분
12120,패왕별희디오리지널,"드라마, 음악, 로맨스","China, 홍콩",2시간 51분
12897,택시4,다큐멘터리,,1시간 25분
7464,본얼티메이텀,"드라마, 스릴러, 액션","영국, 미국",1시간 55분
14065,브릭맨션:통제불능범죄구역,"드라마, 액션, 범죄, SF, 스릴러","프랑스, 미국, 캐나다",1시간 40분
5982,스카이아크:지구최후의날,"가족, SF, 액션, 스릴러, 판타지",미국,1시간 28분
6169,복수의밤,다큐멘터리,,1시간 25분
1797,스나이퍼:라스트미션,"드라마, 역사, 전쟁",Kazakhstan,2시간 17분
10487,더비포타임,"스릴러, 공포",미국,1시간 20분
12544,옴샨티옴,"스릴러, 드라마, 코미디, 판타지, 로맨스, 액션",인도,2시간 42분
11134,노래로쏘아올린기적,"코미디, 드라마, 음악","카타르, 아랍에미리트, 영국, 네덜란드, 팔레스타인",1시간 40분
757,국군29초영화제수상작[군인부],다큐멘터리,,1시간 25분
4398,당신의부탁,다큐멘터리,,1시간 25분
133,1987,"드라마, 스릴러, 역사",대한민국,2시간 9분
2118,허삼관,드라마,대한민국,2시간 4분
7413,웰컴투동막골(2005),"코미디, 드라마, 전쟁",대한민국,2시간 13분
4521,오!브라더스,"코미디, 드라마, 가족",대한민국,1시간 49분
8795,관상,"드라마, 역사, 액션",대한민국,2시간 20분
10759,리스본행야간열차,"스릴러, 로맨스, 유럽에서 제작","포르투갈, 스위스, 독일",1시간 51분
579,담보,"드라마, 가족, 코미디",대한민국,1시간 53분
11061,대장김창수,"드라마, 역사, 액션",대한민국,1시간 55분
13437,요노스케이야기,"드라마, 로맨스, 코미디",일본,2시간 40분
4843,독수인심,다큐멘터리,,1시간 25분
4878,유열의음악앨범,"드라마, 로맨스",대한민국,2시간 2분
210,청춘연애,"드라마, 로맨스, 코미디",China,1시간 39분
9392,주선,"드라마, 로맨스, 액션, 판타지",China,1시간 41분
3315,몽키킹제로,다큐멘터리,,1시간 25분
2765,메이메이쇼핑몰의기적,다큐멘터리,,1시간 25분
14130,블랙앤화이트(2012),"스릴러, 범죄, 액션, 드라마",미국,1시간 49분
4321,모어댄블루,"드라마, 로맨스",대만,45분
2579,블랙앤화이트:던오브저스티스,"액션, 스릴러, 코미디, 범죄, 드라마","대만, China, 홍콩",2시간 6분
1680,음양사1(2001),다큐멘터리,,1시간 25분
5230,적인걸2:신도해왕의비밀[감독판],"액션, 범죄, 판타지, 드라마","홍콩, China",2시간 14분
3445,바운티헌터스:현상금사냥꾼,"코미디, 드라마, 액션, 로맨스, 범죄","대한민국, 홍콩, China",1시간 46분
13758,도묘필기2:잃어버린제국,다큐멘터리,,1시간 25분
8808,7급공무원,"액션, 코미디, 로맨스",대한민국,1시간 53분
13177,카페6,"로맨스, 코미디",대만,1시간 43분
12045,카구야님은고백받고싶어-천재들의연애두뇌전-,"코미디, 드라마, 로맨스, 애니메이션",일본,24분
3130,사대명포3:종극대결전,"액션, 범죄, 판타지","China, 홍콩",1시간 47분
3510,풍운2(2009),"액션, 판타지",홍콩,1시간 50분
14398,마이미씽발렌타인,,대만,119분
4727,28세미성년,"로맨스, 판타지, 드라마, 코미디",China,1시간 47분
14326,삼생삼세십리도화(2018),"드라마, SF, 판타지, 로맨스",China,45분
11498,써니,"SF, 코미디, 드라마, 스릴러",미국,33분
12238,태백권,"가족, 코미디, 액션",대한민국,1시간 47분
6802,헤이와이어(2012),"드라마, 액션, 스릴러","아일랜드, 스페인, 미국",1시간 33분
10417,툼스톤,"액션, 서부, 역사, 드라마",미국,2시간 10분
13942,바스티유데이,"액션, 범죄, 드라마, 스릴러","영국, 미국, 프랑스",1시간 32분
7959,캅랜드,"범죄, 드라마, 스릴러",미국,1시간 44분
1662,도신3:소년도신,다큐멘터리,,1시간 25분
9389,최고수전:전설의살인마,다큐멘터리,,1시간 25분
4740,더블,"액션, 드라마, 범죄, 스릴러",미국,1시간 38분
14331,닌자의나라,"역사, 로맨스, 전쟁, 액션",일본,2시간 5분
1804,플레이메이커,"드라마, 범죄, 스포츠, 유럽에서 제작",독일,1시간 39분
8624,선종무문관,다큐멘터리,대한민국,1시간 36분
7481,묵공(2007),"액션, 드라마, 전쟁","네덜란드, 대한민국, China, 홍콩, 일본",2시간 13분
11027,배틀오브레전드,"전쟁, 드라마, 유럽에서 제작",프랑스,1시간 49분
9907,백두산,"액션, 스릴러, 유럽에서 제작, SF",대한민국,2시간 8분
6044,신의한수,"범죄, 액션",대한민국,1시간 46분
116,미니언즈,"가족, 애니메이션, 액션, 코미디, 범죄, SF",미국,1시간 31분
4721,아일라,"전쟁, 역사, 드라마",터키,2시간 4분
1996,월터의상상은현실이된다,"판타지, 액션, 코미디, 드라마, 로맨스","캐나다, 아이슬란드, 영국, 미국, 호주",1시간 55분
4328,바람의검심:전설의최후편,"액션, 판타지, 드라마",일본,2시간 15분
8052,언터처블:1%의우정,"코미디, 드라마",프랑스,1시간 52분
12559,씨민과나데르의별거,드라마,이란,124분
10263,벨(2013),"드라마, 로맨스",영국,1시간 45분
2068,오직사랑뿐,"드라마, 역사, 로맨스","영국, 미국, 체코 공화국, 프랑스",1시간 51분
9306,툼레이더(2001),"판타지, 액션, 스릴러","일본, 영국, 미국",2시간 2분
565,조선명탐정:사라진놉의딸,"스릴러, 액션, 역사, 코미디, 범죄",대한민국,1시간 55분
10213,블랙팬서,다큐멘터리,프랑스,28분
2371,몽골,"전쟁, 액션, 역사, 유럽에서 제작, 드라마","Kazakhstan, 러시아, China, Mongolia, 독일",2시간 5분
13883,노팅힐,"로맨스, 코미디, 드라마","미국, 영국",2시간 4분
8739,캡틴필립스,"스릴러, 액션, 드라마, 범죄",미국,2시간 14분
2737,미녀는괴로워(2006),"드라마, 코미디, 로맨스, 음악",대한민국,1시간 56분
9518,8인:최후의결사단(2009),"드라마, 액션, 역사","홍콩, China",2시간 19분
4800,언페이스풀,"스릴러, 드라마, 로맨스","미국, 스위스, 독일",2시간 4분
10715,투마더스,"드라마, 로맨스","프랑스, 호주",1시간 40분
2764,몬태나,"액션, 드라마, 서부, 역사",미국,2시간 14분
544,일론머스크:리얼아이언맨,다큐멘터리,영국,1시간 11분
4017,아이스에이지3:공룡시대,"애니메이션, 코미디, 가족, 액션, 다큐멘터리",미국,1시간 34분
12932,여교사,"드라마, 로맨스, 스릴러",대한민국,1시간 36분
12632,완벽한거짓말,"드라마, 스릴러, 유럽에서 제작",프랑스,1시간 43분
3778,더히어로,"드라마, 로맨스",미국,1시간 33분
1641,조블랙의사랑(1998),"판타지, 드라마, 로맨스",미국,2시간 58분
5441,콜로니,"드라마, SF, 액션",미국,42분
13600,인베이젼2020,"드라마, 액션, SF",러시아,2시간 9분
11226,글래스,"스릴러, 드라마, SF, 공포, 판타지",미국,2시간 9분
2087,캡틴마블,"액션, SF",미국,2시간 3분
8514,내아내의모든것,"코미디, 로맨스, 드라마",대한민국,2시간 1분
13356,그래비티,"SF, 스릴러, 드라마","미국, 영국",1시간 31분
3822,앤트맨과와스프,"액션, SF, 코미디",미국,2시간 5분
4414,우는남자,"액션, 스릴러, 드라마, 범죄",대한민국,1시간 57분
12019,나의결혼원정기(2005),"코미디, 로맨스, 드라마",대한민국,2시간 0분
31,전설의파이터,다큐멘터리,,1시간 25분
5672,마이뉴파트너,"액션, 코미디",대한민국,1시간 50분
12558,검객,"드라마, 액션, 역사",대한민국,1시간 41분
11617,카운트다운,"스릴러, 범죄, 드라마",미국,47분
9992,비욘드엣지:카지노를털어라,"액션, 판타지, SF",러시아,1시간 41분
9745,아일랜드,"스릴러, SF, 액션, 유럽에서 제작",미국,2시간 16분
11746,에반올마이티,"판타지, 코미디, 가족",미국,1시간 36분
6219,앱솔루틀리애니씽,"SF, 코미디",영국,1시간 25분
14059,스토커,"드라마, 공포, 스릴러",미국,1시간 39분
10277,지구인,"범죄, 코미디, 드라마",대한민국,1시간 13분
6924,300(2006),"액션, 드라마, 전쟁","불가리아, 미국, 캐나다",1시간 57분
12250,줄무늬파자마를입은소년(2008),"드라마, 전쟁, 역사","미국, 영국",1시간 34분
11766,초미의관심사,"코미디, 가족, 드라마",대한민국,1시간 32분
5202,헬릭스(2016),"액션, 스릴러, SF, 유럽에서 제작",캐나다,1시간 38분
1608,파수꾼(2010),드라마,대한민국,1시간 57분
8406,야구소녀,"드라마, 스포츠",대한민국,1시간 45분
13902,아이언스카이2:더커밍레이스,"코미디, SF, 액션, 유럽에서 제작","핀란드, 독일",1시간 33분
14552,아이언스카이(2012),"코미디, SF, 액션, 유럽에서 제작","핀란드, 독일",1시간 33분
13200,딥스페이스:외계접촉,"SF, 드라마",미국,1시간 33분
6814,상류사회(2018)[확장판],"드라마, 범죄, 로맨스",대한민국,1시간 59분
5214,레이디맥베스,"드라마, 로맨스",영국,1시간 26분
12839,오리엔트특급살인,"드라마, 스릴러, 범죄",영국,2시간 8분
8284,겨울왕국열기,"애니메이션, 가족, 액션, 코미디, 판타지",미국,8분
11739,레미제라블,"드라마, 로맨스","미국, 영국",2시간 32분
5263,미드웨이(2019),"액션, 전쟁, 역사, 드라마","미국, 캐나다, 홍콩",2시간 18분
4854,에베레스트,"드라마, 스릴러, 유럽에서 제작","영국, 미국, 아이슬란드",2시간 2분
14123,킹덤오브헤븐,"액션, 역사, 전쟁, 드라마","스페인, 미국, 영국, 독일",2시간 24분
3026,벤자민버튼의시간은거꾸로간다,"로맨스, 드라마, 판타지",미국,2시간 46분
4483,람보:라스트워,"스릴러, 드라마, 액션, 범죄","China, 미국",1시간 41분
11332,전장의패트롤,"드라마, 액션, 전쟁","모로코, 영국",1시간 23분
4021,테이큰,"스릴러, 액션, 범죄","프랑스, 미국",1시간 33분
7214,커뮤터,"스릴러, 액션, 유럽에서 제작","프랑스, 스페인, 미국",1시간 44분
7596,미스터트롯:더무비,"음악, 다큐멘터리",대한민국,1시간 55분
12127,더킥,다큐멘터리,,1시간 25분
13790,은밀한,"액션, 판타지, 스릴러, 공포, 드라마",태국,1시간 55분
1122,하드킬,"액션, 스릴러",미국,1시간 38분
3688,북스마트[별도편성][예고편],코미디,미국,1시간 42분
4136,스포트라이트(2016),"드라마, 역사, 범죄",미국,2시간 9분
8618,터미네이터:다크페이트,"스릴러, SF, 액션",미국,2시간 8분
12321,램페이지,"액션, SF",미국,1시간 47분
7354,스테이션7,"드라마, 스릴러, 역사",러시아,1시간 51분
1784,오목소녀(2018),"드라마, 코미디, 가족",대한민국,58분
12993,세상의중심에서사랑을외치다,"로맨스, 드라마",일본,2시간 18분
6657,동사서독리덕스(2008),"로맨스, 액션, 드라마","홍콩, 대만",1시간 33분
2056,터널(2016),"드라마, 스릴러",대한민국,2시간 6분
4556,눈의여왕[2D],"판타지, 애니메이션, 코미디, 가족",러시아,1시간 29분
7416,나의서른에게,다큐멘터리,,1시간 25분
5272,노벰버크리미널즈,"스릴러, 범죄, 드라마","영국, 미국",1시간 26분
11993,애프터매스(2018),"전쟁, 드라마, 로맨스, 음악, 유럽에서 제작","미국, 영국, 독일",1시간 48분
5050,더그레이(2011),"애니메이션, 코미디",미국,22분
8675,보디가드(2011),"드라마, 전쟁, 스릴러, 범죄, 유럽에서 제작",영국,1시간 0분
10596,레이디인더워터(2006),"드라마, 판타지, 스릴러",미국,1시간 50분
2969,아메리칸갱스터(2007),"범죄, 드라마, 유럽에서 제작",미국,2시간 37분
998,컨택트2020,"드라마, SF",미국,1시간 59분
4221,위플래쉬,"드라마, 음악, 스릴러",미국,1시간 45분
13966,해피엔딩프로젝트,드라마,캐나다,103분
11586,블라인드사이드,"드라마, 스포츠",미국,2시간 9분
14010,남과여:여전히찬란한,드라마,대한민국,52분
7530,덫[무삭제판],"드라마, 범죄, 스릴러",Arjantin,52분
4419,에이전트오브디셉션,다큐멘터리,,1시간 25분
4928,그레이의50가지그림자[무삭제],"드라마, 로맨스, 스릴러",미국,2시간 5분
9113,러브(2015),"드라마, 로맨스, 유럽에서 제작","브라질, 벨기에, 프랑스",2시간 14분
5568,니모를찾아서[2D],"애니메이션, 코미디, 가족",미국,1시간 40분
5922,사자,"공포, 스릴러, 액션",대한민국,2시간 9분
12627,광대들:풍문조작단,"역사, 코미디, 다큐멘터리, 드라마",대한민국,1시간 48분
520,런던해즈폴른,"액션, 스릴러","인도, 미국, 영국, 불가리아",1시간 39분
3946,블레이드러너2049,"드라마, SF, 스릴러, 액션","영국, 미국, 캐나다",2시간 44분
8928,고질라:킹오브몬스터,"SF, 액션, 판타지","China, 일본, 미국",2시간 11분
5470,고질라(2014),"SF, 스릴러, 액션",미국,2시간 3분
2736,고질라(1998),"SF, 스릴러, 액션",미국,2시간 3분
3959,야간비행,"드라마, 다큐멘터리",대한민국,2시간 13분
8266,모아나,"판타지, 코미디, 액션, 가족",미국,
9486,어거스트러쉬(2007),"가족, 드라마, 음악","미국, 영국, 대한민국",1시간 54분
14052,안시성,"전쟁, 역사, 액션, 드라마",대한민국,2시간 15분
4561,봉오동전투,"액션, 드라마, 역사, 전쟁",대한민국,2시간 15분
5593,공작,"드라마, 스릴러",대한민국,2시간 20분
1490,폴리스,"드라마, 범죄, 스릴러",프랑스,1시간 38분
7120,뮤직앤리얼리티,다큐멘터리,,1시간 25분
6372,어떤관계,드라마,대한민국,1시간 16분
9125,어린의뢰인,"드라마, 범죄",대한민국,1시간 54분
12925,오버드라이브,"스릴러, 액션, 범죄, 유럽에서 제작","영국, 벨기에, 프랑스, 미국",1시간 33분
11469,골드,"드라마, 스릴러, 액션, 범죄",미국,2시간 0분
2794,툼레이더2:판도라의상자,"판타지, 액션","미국, 독일, 홍콩, 일본, 영국",1시간 57분
1384,로렌스애니웨이,"드라마, 로맨스","캐나다, 프랑스",2시간 48분
7363,집으로...,"드라마, 가족",대한민국,1시간 26분
9983,락아웃:익스트림미션,"SF, 액션, 스릴러, 유럽에서 제작",프랑스,1시간 35분
9841,혈투:황위쟁탈전,"드라마, 액션, 역사",대한민국,1시간 51분
10363,수퍼소닉,"코미디, 가족, 액션, SF, 판타지","일본, 미국",1시간 39분
9052,돈맛(2016),다큐멘터리,,1시간 25분
5395,타잔(1999),"드라마, 가족, 애니메이션, 코미디",미국,1시간 28분
9568,007북경특급2,다큐멘터리,,1시간 25분
5132,리바이어던,"액션, SF, 전쟁, 애니메이션, 드라마, 판타지, 역사",일본,25분
13784,로그,"액션, 스릴러, 공포","영국, 남아프리카공화국, 미국",1시간 46분
6323,범죄도시(2017),"스릴러, 액션, 범죄",대한민국,2시간 1분
12954,동감,"SF, 드라마, 판타지, 로맨스",대한민국,1시간 54분
12101,피끓는청춘,"드라마, 코미디, 로맨스",대한민국,2시간 1분
11764,펠리니를찾아서,"드라마, 판타지, 로맨스",미국,1시간 33분
11738,조선명탐정:흡혈괴마의비밀,"스릴러, 액션, 코미디, 범죄",대한민국,2시간 0분
2168,천재화가고야특급살인,"스릴러, 액션, 범죄, 드라마, 공포, 유럽에서 제작","벨기에, 스페인",1시간 35분
6855,마이걸(1991),"코미디, 드라마, 가족, 로맨스, 유럽에서 제작",미국,1시간 43분
2482,아기배달부스토크,"애니메이션, 코미디, 가족, 액션, 드라마, 판타지",미국,1시간 27분
986,슈퍼배드,"코미디, 범죄, 가족, SF, 애니메이션","미국, 프랑스",1시간 35분
7059,슈퍼배드2,"코미디, 애니메이션, 범죄, 가족, SF",미국,1시간 38분
3367,플립(2010),"로맨스, 드라마, 코미디",미국,1시간 29분
5206,애프터:그후,"드라마, 로맨스",미국,1시간 45분
1069,남매의여름밤,드라마,대한민국,1시간 45분
5700,까미유끌로델,"역사, 드라마, 유럽에서 제작",프랑스,1시간 35분
8913,피노키오(2019),"애니메이션, 판타지, 액션, 드라마, 가족",미국,1시간 57분
8550,암모나이트,"로맨스, 드라마, 역사",영국,1시간 58분
2050,멀리가지마라,다큐멘터리,,1시간 25분
13675,그것,"드라마, 공포",미국,2시간 15분
9686,엑스맨:다크피닉스,"SF, 액션",미국,1시간 54분
2569,김복남살인사건의전말,"스릴러, 범죄, 드라마, 공포",대한민국,1시간 57분
10967,심플라이프,다큐멘터리,,1시간 25분
12304,트와일라잇(2008),"드라마, 로맨스, 판타지","미국, 영국",2시간 2분
14125,애프터어스,"액션, SF, 드라마",미국,1시간 40분
12097,엽문4:종극일전,"드라마, 액션, 유럽에서 제작",홍콩,1시간 40분
2734,데스숏컷,"액션, 판타지, 공포, 유럽에서 제작","독일, 이탈리아",1시간 20분
3076,엽문4:더파이널,"드라마, 액션, 역사","China, 홍콩",1시간 45분
9755,화이트라이언찰리,다큐멘터리,,1시간 25분
8839,감염:지구최후의날,"스릴러, 공포, 드라마, 유럽에서 제작",프랑스,1시간 32분
13455,또하나의약속,드라마,대한민국,2시간 0분
9166,무쌍,"액션, 범죄, 스릴러","China, 홍콩",2시간 10분
10953,아들에게가는길,"드라마, 판타지, 가족",대한민국,1시간 40분
13734,사랑이무서워,"드라마, 코미디, 로맨스","홍콩, 대한민국",1시간 52분
2438,더킹,"범죄, 액션, 다큐멘터리, 드라마",대한민국,2시간 14분
2768,돈,"드라마, 범죄",대한민국,1시간 55분
10608,리틀포레스트,"가족, Reality TV",대한민국,1시간 9분
8229,그것만이내세상,"코미디, 드라마, 가족",대한민국,2시간 0분
73,한나,"액션, 드라마, 로맨스, 범죄",미국,49분
3642,펭귄:위대한모험2,"액션, 다큐멘터리, 가족, 코미디, 드라마, 유럽에서 제작",프랑스,1시간 25분
5131,나폴리:위험한유혹,"스릴러, 드라마, 로맨스, 유럽에서 제작",이탈리아,1시간 53분
4738,택시운전사,"드라마, 역사, 액션",대한민국,2시간 18분
14397,타샤튜더,다큐멘터리,일본,1시간 45분
13838,법정스님의의자,다큐멘터리,대한민국,1시간 15분
2939,펠햄123,"액션, 범죄, 스릴러","미국, 영국",1시간 46분
11062,돌이킬수없는(2002),"드라마, 스릴러, 범죄, 유럽에서 제작",프랑스,1시간 37분
1209,인시디어스:두번째집,"스릴러, 공포",미국,1시간 46분
12055,스파이전쟁,"드라마, 역사, 로맨스, 전쟁, 유럽에서 제작","영국, 미국, 독일, 벨기에",1시간 47분
8606,아쿠아렐라,다큐멘터리,"영국, 미국, 러시아, 독일",1시간 30분
7641,어덜트월드,"코미디, 드라마",미국,1시간 47분
12894,기묘한가족,"코미디, 공포, 드라마, SF",대한민국,1시간 52분
3990,열혈형사,"범죄, 코미디",대한민국,1시간 36분
564,오만과편견(2005),"드라마, 로맨스",영국,52분
12342,원라인,"스릴러, 범죄, 드라마",대한민국,2시간 11분
2698,당신이잠든사이에,"SF, 드라마, 판타지, 로맨스, 스릴러, 코미디",대한민국,37분
9338,거짓말은자란다,다큐멘터리,,1시간 25분
3491,나의PS파트너,"로맨스, 코미디",대한민국,1시간 54분
13378,연애의온도,"코미디, 로맨스, 드라마",대한민국,1시간 52분
11147,서양골동양과자점앤티크,"코미디, 드라마, 로맨스",대한민국,1시간 51분
4999,한니발(2001),"범죄, 드라마, 공포, 스릴러",미국,43분
6444,미션임파서블1,다큐멘터리,,1시간 25분
7697,탐정:더비기닝,"코미디, 스릴러, 액션, 범죄",대한민국,2시간 0분
1877,굿바이싱글,"드라마, 코미디",대한민국,1시간 59분
7228,메시지맨,"범죄, 스릴러, 액션","아랍에미리트, 영국, 인도네시아, 호주",1시간 31분
2431,역모:반란의시대,"드라마, 역사, 액션",대한민국,1시간 43분
1011,괴물(2006),"공포, 스릴러, SF",미국,1시간 49분
5287,명탐정피카츄,"판타지, 액션, 코미디, 가족, SF","일본, 미국",1시간 45분
4930,신기전,"액션, 역사, 드라마",대한민국,2시간 14분
4282,녹정기,"액션, 코미디, 범죄, 로맨스",홍콩,1시간 46분
12678,녹정기2:신룡교,다큐멘터리,,1시간 25분
13869,투사부일체(2006),"코미디, 액션",대한민국,2시간 4분
11296,두사부일체,"범죄, 액션, 코미디",대한민국,1시간 38분
1750,인천상륙작전,"역사, 드라마, 전쟁, 액션",대한민국,1시간 51분
7650,블랙아웃:인베이젼어스,"스릴러, SF, 액션",러시아,2시간 7분
8401,인피니:에이펙스의비밀,"공포, SF, 스릴러",호주,1시간 50분
13031,에조:인류최후의전쟁,다큐멘터리,,1시간 25분
5837,바이러스격리구역,"SF, 공포",미국,1시간 15분
3237,몬스터즈2:죽음의대륙,"스릴러, 드라마, 전쟁, 액션, SF",영국,1시간 59분
14261,좀비사파리,"공포, SF, 스릴러, 유럽에서 제작","스페인, 벨기에, 영국",1시간 27분
7093,아수라도,"범죄, 액션",대한민국,1시간 30분
6959,아웃오브아프리카(1985),"로맨스, 드라마, 역사",미국,2시간 41분
4092,위풍당당질리홉킨스,"가족, 코미디, 드라마",미국,1시간 39분
7948,와일드로즈(2018),"코미디, 드라마, 음악","미국, 캐나다, 영국",1시간 41분
13090,위대한사랑,다큐멘터리,,1시간 25분
4155,지구:놀라운하루,"다큐멘터리, 가족","China, 영국",1시간 33분
10932,루키스,"액션, 코미디",China,1시간 53분
3936,아델라인:멈춰진시간,"로맨스, 판타지, 드라마",미국,1시간 52분
12352,800,"드라마, 액션, 전쟁, 역사",China,2시간 27분
2801,키다리아저씨,"드라마, 코미디, 로맨스",대한민국,1시간 39분
7749,형사,"액션, 로맨스, 코미디",대한민국,1시간 51분
1801,영원한여름,"드라마, 로맨스",대만,1시간 36분
4847,"지난여름,갑자기+남쪽으로간다","로맨스, 드라마",대한민국,37분
12735,헝거게임:모킹제이,"스릴러, SF, 액션",미국,2시간 3분
7463,스텝업4:레볼루션,"드라마, 로맨스, 음악",미국,1시간 39분
12956,에브리타임룩앳유,"로맨스, 드라마, 코미디, 유럽에서 제작",독일,2시간 24분
6340,트랜스포머,"SF, 액션",미국,2시간 24분
1506,트랜스포머2:패자의역습,다큐멘터리,,1시간 25분
11254,매트릭스,"SF, 액션",미국,2시간 16분
5970,유주얼서스펙트,"드라마, 범죄, 스릴러",미국,1시간 46분
12554,보스베이비,"SF, 애니메이션, 액션, 코미디, 가족, 판타지",미국,25분
4836,월-E,"SF, 애니메이션, 가족",미국,1시간 36분
8410,정글북(2016),"액션, 가족, 애니메이션, 코미디",미국,1시간 18분
5763,인어공주(1989),"판타지, 애니메이션, 가족, 로맨스",미국,1시간 23분
8179,판타스틱4(2015),"액션, SF","영국, 독일, 미국",1시간 40분
8988,은밀한유혹,"스릴러, 범죄, 드라마",대한민국,1시간 50분
9276,끝까지간다,"범죄, 스릴러, 액션",대한민국,1시간 51분
150,복수(1970),"음악, 스릴러, 코미디",미국,1시간 47분
1536,울지마톤즈(2010),다큐멘터리,대한민국,1시간 22분
2450,김씨표류기,"로맨스, 드라마, 코미디",대한민국,1시간 59분
2329,금발이너무해(2001),코미디,미국,2시간 0분
152,금발이너무해2(2003),"코미디, 로맨스",미국,1시간 35분
6958,퀸카로살아남는법,코미디,미국,1시간 53분
13307,이웃사람,"스릴러, 드라마, 다큐멘터리, 범죄",대한민국,1시간 50분
7083,서유기:월광보합,"코미디, 드라마, 판타지, 액션",홍콩,1시간 28분
13683,파울라,"드라마, 역사, 유럽에서 제작","프랑스, 독일",2시간 3분
12864,가면속의아리아,"음악, 드라마, 유럽에서 제작",벨기에,1시간 40분
9189,파이터,"드라마, 스포츠, 액션",미국,1시간 56분
5042,발몽,"드라마, 로맨스, 유럽에서 제작","영국, 프랑스",2시간 17분
7606,타임랩스,"SF, 스릴러",미국,1시간 44분
2638,마담프루스트의비밀정원,"코미디, 드라마, 유럽에서 제작, 음악",프랑스,1시간 46분
11044,죽은시인의사회,"드라마, 코미디",미국,2시간 9분
5007,사라져버린,"스릴러, 공포, 액션, 범죄",미국,1시간 55분
5633,송가인더드라마,"다큐멘터리, 음악",대한민국,1시간 23분
8183,카2(2011),"가족, 액션, 코미디, 애니메이션, 범죄, SF, 스포츠",미국,1시간 46분
10584,카3:새로운도전,"드라마, 애니메이션, 가족, 스포츠, 코미디",미국,1시간 42분
3265,태양의노래(2006),"로맨스, 드라마, 음악",대한민국,1시간 49분
11301,홈(2018),"SF, 가족, 판타지, 코미디, 애니메이션",미국,1시간 34분
14309,"당신,거기있어줄래요","판타지, 드라마, 로맨스",대한민국,1시간 51분
8940,코코＋올라프,"애니메이션, 음악, 액션, 가족, 코미디, 드라마, 판타지, 유럽에서 제작",미국,1시간 45분
11878,21브릿지:테러셧다운,"액션, 드라마, 범죄, 스릴러","미국, China",1시간 40분
8148,이웃집스타,"코미디, 드라마",대한민국,1시간 38분
14238,칙파이트,"액션, 코미디, 드라마, 스포츠",미국,1시간 38분
11208,건축학개론,"코미디, 로맨스, 드라마",대한민국,1시간 58분
11322,비밀과거짓말,"드라마, 코미디","영국, 프랑스",2시간 22분
11446,바람(2009),드라마,대한민국,1시간 48분
9267,런보이런,"드라마, 액션",대한민국,1시간 40분
7260,타임패러독스,"스릴러, SF, 액션, 드라마",호주,1시간 38분
6497,이니시에이션러브,"스릴러, 로맨스",일본,1시간 50분
8588,반드시잡는다,"범죄, 스릴러, 드라마",대한민국,1시간 50분
7892,연인[무삭제판],"드라마, 스릴러, 역사, 로맨스, 전쟁",대한민국,1시간 11분
4648,아사코,"로맨스, 드라마",일본,2시간 0분
8525,오지않는아이,공포,대한민국,1시간 52분
10355,몬몬몬몬스터,다큐멘터리,,1시간 25분
5089,이동진의라이브톡-그린북,"드라마, 코미디, 음악",미국,2시간 10분
641,박물관이살아있다2,"코미디, 가족, 액션, 판타지, 다큐멘터리",미국,1시간 45분
13743,데스노트:라스트네임,"스릴러, 판타지, 범죄, 드라마",일본,2시간 20분
12814,삼국-무영자,"액션, 전쟁, 판타지, 역사","China, 홍콩",1시간 56분
5774,언피니시드(2010),"드라마, 스릴러, 유럽에서 제작",미국,1시간 53분
3482,필(2019),코미디,미국,22분
2959,인턴십,코미디,미국,1시간 59분
8547,딜리버리맨,"코미디, 드라마","미국, 인도, 캐나다",1시간 45분
9243,인굿컴퍼니,"드라마, 로맨스, 코미디",미국,1시간 50분
7461,돈존,다큐멘터리,,1시간 25분
448,튤립피버,"드라마, 로맨스, 역사","영국, 미국",1시간 47분
13540,명량,"전쟁, 액션, 드라마, 역사",대한민국,2시간 6분
2151,붉은10월,"스릴러, 액션",미국,2시간 14분
7043,킬러엘리트(2011),,"영국, 오스트레일리아",116분
4131,레드라이트,"스릴러, 드라마, 판타지, 유럽에서 제작, 공포","스페인, 미국",1시간 53분
6001,핸즈오브스톤,"드라마, 다큐멘터리, 스포츠","파나마, 미국",1시간 51분
727,로닌(1998),"액션, 스릴러, 범죄","영국, 미국",2시간 2분
5026,오마이그랜파,코미디,"미국, 독일",1시간 42분
2301,체이싱리버티,"코미디, 로맨스","영국, 미국",1시간 51분
662,지상최대의작전,"전쟁, 액션, 드라마, 역사, 유럽에서 제작",미국,2시간 58분
11276,페니핀처,다큐멘터리,,1시간 25분
9305,사무라이검신,"액션, 드라마, 역사","일본, 영국",1시간 45분
8378,사무라이-검신주베에,"애니메이션, 액션, 코미디, 드라마, 스릴러, 역사",일본,23분
2613,라쇼몽,"드라마, 범죄",일본,1시간 28분
13138,7인의사무라이,"액션, 드라마",일본,3시간 27분
10771,무사시,"액션, 역사",일본,2시간 0분
10745,적인걸3:사대천왕,"스릴러, 액션, 판타지, 드라마","China, 홍콩",2시간 12분
9075,이대요정:미남과요괴,"코미디, 판타지, 로맨스",China,1시간 50분
904,고양이사무라이2,"코미디, 역사",일본,1시간 25분
11558,고양이사무라이,"액션, 코미디, 역사",일본,1시간 40분
1521,양의나무,"범죄, 드라마, 스릴러",일본,2시간 6분
2328,변호인,"드라마, 범죄, 역사",대한민국,2시간 7분
4310,미운오리새끼,"애니메이션, 코미디, 가족",미국,9분
10121,애비규환,다큐멘터리,,1시간 25분
3540,블랙머니,"스릴러, 범죄",미국,1시간 21분
2316,원더풀고스트,다큐멘터리,,1시간 25분
5832,노무현입니다,다큐멘터리,대한민국,1시간 49분
3408,노무현과바보들,다큐멘터리,대한민국,1시간 38분
5337,배심원들,드라마,대한민국,1시간 54분
226,화이:괴물을삼킨아이,"액션, 스릴러, 범죄",대한민국,2시간 5분
6948,천문:하늘에묻는다,"역사, 드라마",대한민국,2시간 12분
827,생일,드라마,대한민국,2시간 0분
2635,트랜스포머3,"액션, SF, 코미디, 스릴러, 다큐멘터리",미국,2시간 14분
11625,트랜스포머:최후의기사,"액션, 코미디, SF, 스릴러",미국,2시간 31분
1932,주먹왕랄프,"코미디, 애니메이션, 가족, 액션, SF, 판타지, 스포츠",미국,1시간 52분
9580,그림자살인,"스릴러, 범죄",대한민국,1시간 51분
4827,무림타이치-장삼풍,다큐멘터리,,1시간 25분
4266,무방비도시(1945),"액션, 범죄",대한민국,1시간 52분
2785,범블비,"액션, SF","China, 미국",1시간 54분
1499,항거:유관순이야기,"역사, 드라마",대한민국,1시간 45분
11828,팬텀스레드,"로맨스, 드라마","미국, China",2시간 10분
2963,프라임러브,"판타지, 가족, 코미디","독일, 미국",1시간 45분
7150,감각의제국(1976),"드라마, 로맨스, 유럽에서 제작","프랑스, 일본",1시간 45분
8067,교수와여제자2,"드라마, 유럽에서 제작, 판타지, 로맨스",프랑스,1시간 44분
8867,레터스투줄리엣(2010),"코미디, 드라마, 로맨스",미국,1시간 45분
9965,원초적본능(1992),스릴러,필리핀 제도,1시간 47분
1051,강남1970[무삭제판],"액션, 범죄, 스릴러, 드라마",대한민국,2시간 15분
12116,레지던트이블2(2004),"공포, 액션, SF, 스릴러, 유럽에서 제작","영국, 미국, 캐나다",1시간 34분
9472,레지던트이블3:인류의멸망(2007),"공포, 액션, SF, 유럽에서 제작","미국, 캐나다, 프랑스, 독일",1시간 34분
2365,더웨이브,"드라마, 스릴러, 유럽에서 제작","프랑스, 독일",1시간 47분
4114,팀버튼의크리스마스악몽(1993),"판타지, 애니메이션, 가족",미국,1시간 16분
6865,당신에게도사랑이다시찾아올까요?,"로맨스, 코미디, 스포츠",미국,1시간 46분
10400,스폰지밥,"판타지, 코미디, 가족, 애니메이션, 액션",미국,1시간 32분
9950,와호장룡,"액션, 드라마, 로맨스, 판타지","홍콩, 대만, 미국, China",2시간 0분
1696,윤희에게,"드라마, 로맨스",대한민국,1시간 46분
11313,엣지오브투모로우,"액션, SF",미국,1시간 54분
10425,인더더스트,"드라마, SF, 스릴러, 액션, 유럽에서 제작","프랑스, 캐나다",1시간 30분
4755,다이하드4.0,"범죄, 드라마, 액션, 로맨스, 스릴러, 코미디",미국,43분
3297,트리플스렛,"액션, 스릴러","미국, China, 태국, 영국",1시간 36분
11973,스티븐시걸의CIA,"액션, 범죄, 스릴러, 드라마","미국, 캐나다",1시간 27분
7931,드라이브(2011),"스릴러, 범죄, 드라마, 액션",미국,1시간 40분
2416,해커스게임,다큐멘터리,,1시간 25분
7457,애프터(2019),"드라마, 로맨스",미국,1시간 46분
14224,씬시티,"스릴러, 애니메이션, 액션, 범죄, 드라마, 판타지, 유럽에서 제작",미국,1시간 42분
5487,조(2019),"드라마, 범죄, 스릴러, 유럽에서 제작",미국,1시간 58분
14532,광란의시간(1990),,미국,106분
2617,1급기밀,"스릴러, 액션",대한민국,1시간 40분
2362,장난스런키스(2018),"코미디, 로맨스",대한민국,1시간 2분
10923,더넌,다큐멘터리,,1시간 25분
3632,애나벨:인형의주인,"스릴러, 공포",미국,1시간 49분
1666,컨저링:악마의집,공포,영국,1시간 35분
5142,스피닝맨,"스릴러, 범죄, 드라마, 유럽에서 제작","미국, 폴란드",1시간 40분
5735,아이엠우먼,"드라마, 음악, 로맨스",호주,1시간 56분
12165,킬빌Vol.2,"애니메이션, 액션, 코미디, 범죄, 가족, 스릴러",미국,1시간 48분
1663,헤이트풀8,"드라마, 스릴러, 서부, 범죄",미국,3시간 8분
8243,머니백,"코미디, 범죄, 액션",대한민국,1시간 41분
10871,킹스맨:골든서클,"코미디, 범죄, 스릴러, 액션","영국, 미국",2시간 21분
9962,살인자의기억법,"스릴러, 액션, 범죄",대한민국,1시간 58분
12033,해리포터와죽음의성물1,"액션, 판타지, 가족","미국, 영국",2시간 26분
8400,몬스터호텔,"애니메이션, 코미디, 가족, 판타지, 공포, 스릴러",미국,1시간 29분
8842,덤보,"애니메이션, 가족, 드라마, 판타지",미국,1시간 4분
2923,오션스일레븐(2001),"스릴러, 범죄",미국,1시간 56분
3013,스카이스크래퍼,"액션, 스릴러","미국, 일본",1시간 42분
6964,미녀삼총사2:맥시멈스피드,"코미디, 범죄, 액션","미국, 브라질",1시간 46분
7546,그때그사람들,"드라마, 스릴러, 코미디, 역사",대한민국,1시간 42분
3093,자백,"범죄, 드라마",대한민국,1시간 2분
7619,나의별에게,"드라마, 코미디, 로맨스",대한민국,23분
10009,카사블랑카,"로맨스, 전쟁, 드라마",미국,1시간 42분
6787,사랑도통역이되나요?(2003),"드라마, 코미디, 로맨스, 유럽에서 제작","미국, 영국",1시간 42분
3928,타오르는여인의초상,"드라마, 로맨스",프랑스,2시간 1분
2372,두잇![리마스터링],다큐멘터리,,1시간 25분
12761,프리다의그해여름,"드라마, 가족, 유럽에서 제작",스페인,1시간 36분
10875,환상의마로나,"애니메이션, 드라마, 가족, 유럽에서 제작","벨기에, 프랑스, 루마니아",1시간 32분
8045,몬스터헌트,"액션, 코미디, 판타지, SF","China, 홍콩",1시간 50분
1052,환상속의그대,"드라마, 판타지, 로맨스",대한민국,1시간 50분
1528,비밀은없다,"스릴러, 드라마, 범죄",대한민국,1시간 42분
9972,해피니스로드,다큐멘터리,,1시간 25분
3113,안녕베일리,"가족, 액션, 드라마, 판타지, 코미디","인도, 미국, China",1시간 49분
9340,해피디데이,"코미디, 가족, 로맨스, 드라마",미국,1시간 52분
5434,모비딕(2011),"액션, 유럽에서 제작",대한민국,1시간 52분
470,"사탄의인형5:처키,사탄의씨앗","코미디, 공포, 스릴러",미국,1시간 26분
2298,나미야잡화점의기적,"판타지, 드라마",일본,2시간 9분
9039,나미야잡화점의기적:또하나의이야기,"드라마, 판타지, 가족","China, 홍콩, 일본",1시간 45분
3596,샤잠!,"코미디, 판타지, 액션",미국,2시간 12분
4449,해리포터와불사조기사단,"액션, 판타지, 가족","미국, 영국",2시간 18분
7976,해리포터와불의잔,"판타지, 액션, 가족","영국, 미국",2시간 37분
9086,걸캅스,"코미디, 범죄, 액션",대한민국,1시간 47분
6450,슈퍼맨2(1980),"액션, SF","미국, 영국",2시간 7분
445,선물(2019),"드라마, 코미디",대한민국,2시간 7분
8786,라스트풀메저,"드라마, 액션, 전쟁",미국,1시간 50분
139,스파이브릿지,"드라마, 스릴러, 역사, 전쟁","독일, 미국",2시간 21분
3420,마이애미바이스,"범죄, 드라마, 액션, 스릴러",미국,49분
13882,늑대와빨간재킷,"액션, 공포, 스릴러","아일랜드, 벨기에, 프랑스",1시간 27분
7879,살인마잭의집,"공포, 스릴러, 드라마, 범죄, 유럽에서 제작","덴마크, 프랑스, 독일, 스웨덴",2시간 32분
10105,하이스트렁,"드라마, 음악, 로맨스, 유럽에서 제작","미국, 루마니아",1시간 36분
8341,바바야가:숲의악령,"공포, 판타지",러시아,1시간 36분
655,좋은친구들(2014),"드라마, 범죄, 스릴러",대한민국,1시간 54분
2161,47미터,"공포, 스릴러, 드라마","영국, 미국",1시간 30분
6481,헌트(2020),"드라마, 액션, 스릴러",대한민국,2시간 11분
10640,루시드드림(2018),"SF, 스릴러",대한민국,1시간 41분
12239,에로스:왕가위감독[특별판],"드라마, 로맨스, 유럽에서 제작","영국, 미국, 프랑스, 홍콩, 이탈리아, 룩셈부르크",1시간 49분
4158,인간중독,드라마,대한민국,2시간 12분
2286,미스터하트,다큐멘터리,,1시간 25분
1055,나쁜녀석들,"범죄, 액션",대만,1시간 45분
8996,조선미녀삼총사,"액션, 코미디",대한민국,1시간 47분
11830,타임투게더,드라마,"미국, 캐나다",1시간 48분
7583,무서운이야기들:겟아웃,공포,미국,1시간 19분
1378,위아엑스,"음악, 다큐멘터리","일본, 영국",1시간 32분
3264,밥정,다큐멘터리,대한민국,1시간 30분
4793,영웅본색2,"범죄, 스릴러, 액션, 드라마",홍콩,1시간 44분
10338,영웅본색3,"액션, 범죄, 스릴러, 드라마, 전쟁",홍콩,1시간 58분
3441,남한산성,"드라마, 역사, 전쟁, 액션",대한민국,2시간 20분
2742,보디가드(1992),"전쟁, 스릴러, 범죄, 드라마, 유럽에서 제작",영국,1시간 0분
8209,리벤지(2017),"드라마, 스릴러",미국,43분
3774,기생충:흑백판,"드라마, 코미디, 스릴러",대한민국,2시간 12분
14352,제이티르로이,"드라마, 역사",미국,1시간 45분
10802,프리즌이스케이프,"드라마, 스릴러, 액션, 범죄","캐나다, 남아프리카공화국, 영국, 미국, 호주",1시간 42분
3894,인터스텔라,"드라마, SF, 액션","영국, 캐나다, 미국",2시간 49분
14164,어니스트씨프[별도편성][예고편],"드라마, 스릴러, 액션, 범죄",미국,1시간 39분
4630,프랑켄슈타인(1994),"드라마, 판타지, 공포, SF","미국, 캐나다",2시간 30분
5322,아쿠아맨,"액션, 판타지, SF",미국,2시간 23분
8250,저스티스리그:아틀란티스의왕좌(2015),"액션, 애니메이션, SF, 판타지",미국,1시간 12분
6004,블러드머신,"SF, 공포, 음악",프랑스,50분
4565,죄많은소녀,드라마,대한민국,1시간 53분
3710,형,"드라마, 코미디, 스포츠",대한민국,1시간 50분
4242,작은영웅데스페로[한글자막],"가족, 액션, 애니메이션, 판타지, 코미디","영국, 미국",1시간 33분
9948,다이빙벨[확장판],다큐멘터리,,1시간 25분
12754,르누아르,다큐멘터리,,1시간 25분
2596,종이달,드라마,대한민국,40분
9255,조폭마누라3(2006),"코미디, 액션, 드라마","홍콩, 대한민국",1시간 55분
14122,조폭마누라(2001),"액션, 드라마, 로맨스, 코미디, 범죄",대한민국,1시간 50분
10647,조폭마누라2.돌아온전설,다큐멘터리,,1시간 25분
1513,용형호제(1986),"코미디, 액션","홍콩, Yugoslavia, 오스트리아",1시간 37분
298,라디오스타,,대한민국,1시간 16분
3918,네이비씰:어둠의전쟁,"액션, 드라마",미국,1시간 39분
10165,허트로커,"드라마, 스릴러, 전쟁","영국, 미국",2시간 11분
12810,무협:절대비기의비밀,"드라마, 스릴러, 액션, 범죄","홍콩, China",1시간 54분
4690,모데카이(2015),"코미디, 액션, 범죄",미국,1시간 47분
9449,귀권,다큐멘터리,,1시간 25분
4177,더울프오브월스트리트,"범죄, 드라마, 코미디",미국,3시간 0분
13970,퇴마포송령:천녀유혼전,"가족, 판타지, 로맨스, 액션, 코미디","China, 홍콩",1시간 48분
5766,진용,"코미디, 판타지, 역사, 로맨스",홍콩,1시간 46분
578,그날의분위기,"로맨스, 코미디",대한민국,1시간 43분
6806,콜드체이싱,"범죄, 액션, 코미디, 드라마, 스릴러","미국, 프랑스, 노르웨이",1시간 59분
6176,암수살인,"드라마, 스릴러, 범죄",대한민국,1시간 40분
5240,하녀(2010),"스릴러, 드라마",대한민국,1시간 47분
9597,청춘의증언,"전쟁, 역사, 드라마, 유럽에서 제작, 로맨스","덴마크, 영국, 미국",2시간 9분
5660,경계에서꿈꾸는집,다큐멘터리,대한민국,1시간 18분
13669,미쓰백,"드라마, 스릴러, 범죄",대한민국,1시간 38분
6885,몰리스게임,"드라마, 범죄",미국,2시간 21분
11836,키스오브뱀파이어(2012),"로맨스, 스릴러, 공포, 드라마",미국,1시간 35분
3,그링고,"코미디, 액션, 범죄, 드라마, 유럽에서 제작","미국, 호주",1시간 51분
1365,찰리컨트리맨,"드라마, 스릴러, 코미디, 로맨스, 유럽에서 제작",미국,1시간 48분
3657,뜨거운녀석들,"범죄, 액션, 코미디, 스릴러, 유럽에서 제작","프랑스, 영국",2시간 1분
14347,가장보통의연애,"로맨스, 코미디, 드라마",대한민국,1시간 55분
5857,데드워터(2019),"액션, 범죄, 스릴러",미국,1시간 29분
176,서울역,"스릴러, 애니메이션, 공포, SF, 액션, 다큐멘터리",대한민국,1시간 32분
9569,연을쫓는아이(2007),드라마,"영국, 미국, China",2시간 8분
7421,콜래트럴(2004),"드라마, 스릴러, 액션, 범죄",미국,2시간 0분
3471,나는나를해고하지않는다,다큐멘터리,,1시간 25분
1986,비바리움,"SF, 스릴러, 공포","미국, 벨기에, 덴마크, 아일랜드",1시간 37분
168,리그레션,"스릴러, 공포, 범죄, 드라마, 유럽에서 제작","캐나다, 스페인, 미국",1시간 46분
13492,델마,"코미디, 액션","미국, 스위스",1시간 38분
1631,단지세상의끝,드라마,"프랑스, 캐나다",1시간 39분
13032,어둠속의빛,"드라마, 전쟁, 유럽에서 제작","폴란드, 독일, 캐나다",2시간 25분
13548,공조,"액션, 드라마, 스릴러, 코미디",대한민국,2시간 5분
3678,캐쉬백,"드라마, 코미디, 로맨스",영국,1시간 43분
6927,47미터2,"스릴러, 공포, 드라마","영국, 미국",1시간 30분
8958,안나카레니나,"드라마, 로맨스","러시아, 영국, 미국",1시간 48분
1776,메이즈러너:스코치트라이얼,"스릴러, 액션, SF",미국,2시간 11분
10370,인서전트(2015),"스릴러, 로맨스, SF, 액션",미국,1시간 59분
1233,다이버전트시리즈:얼리전트,"액션, SF, 스릴러, 판타지",미국,2시간 0분
14269,터미네이터3:라이즈오브더머신,"스릴러, SF, 액션, 유럽에서 제작","영국, 미국, 독일",1시간 49분
4874,스타워즈:깨어난포스,"액션, SF, 판타지",미국,2시간 16분
12651,스타워즈:라스트제다이,"액션, SF, 판타지",미국,2시간 32분
10860,스타워즈:라이즈오브스카이워커,"SF, 액션, 판타지, 유럽에서 제작",미국,2시간 22분
6812,터미네이터:제니시스,"스릴러, SF, 액션","캐나다, 미국",2시간 6분
13828,오버더펜스,드라마,일본,1시간 52분
13273,버티칼리미트(2000),"액션, 스릴러, 드라마, 스포츠","미국, 독일",2시간 4분
7718,호스티지(2005),"전쟁, 드라마, 스릴러",영국,44분
568,유로파리포트,"스릴러, SF, 드라마",미국,1시간 30분
8775,인턴게임,코미디,미국,1시간 35분
7869,마미,드라마,캐나다,2시간 18분
4916,언디스퓨티드(2002),"액션, 드라마, 스포츠, 범죄","독일, 일본, 미국",1시간 36분
6871,계춘할망,드라마,대한민국,1시간 56분
13045,틴스피릿,"드라마, 음악","영국, 미국",1시간 32분
7866,조디악,"스릴러, 범죄, 드라마",미국,2시간 37분
275,콩:스컬아일랜드,"판타지, 액션, SF","China, 미국",1시간 58분
671,판타스틱Mr.폭스[한글자막],"코미디, 가족, 애니메이션, 범죄, 드라마",미국,1시간 27분
665,어메이징메리,"코미디, 드라마","영국, 미국",1시간 41분
10944,와일드영,"드라마, 유럽에서 제작","덴마크, 스웨덴",1시간 54분
12812,일대종사,"드라마, 역사, 액션, 로맨스, 전쟁","미국, 홍콩",2시간 10분
14573,욕창,,대한민국,99분
2109,영웅본색(1986),"드라마, 액션, 범죄, 스릴러",홍콩,1시간 35분
2651,래디우스,"SF, 스릴러, 드라마, 공포","캐나다, 벨기에",1시간 33분
2150,JamDocu강정,다큐멘터리,,1시간 25분
12577,호텔레이크,"공포, 스릴러",대한민국,1시간 40분
11683,쥬라기테러,"SF, 공포, 스릴러, 액션, 코미디",미국,1시간 30분
4728,미드소마,"드라마, 스릴러, 공포","미국, 스웨덴",2시간 28분
7429,사울의아들,"드라마, 스릴러, 전쟁, 유럽에서 제작",헝가리,1시간 47분
9175,나만이없는거리(2016),"드라마, 스릴러, 애니메이션, SF, 범죄, 판타지",일본,22분
313,살인의뢰,"스릴러, 범죄, 드라마",대한민국,1시간 42분
1061,더라스트오브어스:인류최후의생존자들,"공포, 스릴러, SF, 드라마",미국,1시간 37분
9121,인크레더블헐크(2008),"액션, SF",미국,1시간 54분
62,그렇게아버지가된다,드라마,일본,2시간 0분
9982,검사외전,"코미디, 액션, 범죄, 스릴러",대한민국,2시간 6분
324,나를찾아줘,"스릴러, 드라마","홍콩, 대한민국",1시간 48분
561,나를찾아줘(2019),"스릴러, 드라마","홍콩, 대한민국",1시간 48분
12603,이웃사촌[가치봄],"드라마, 코미디",대한민국,2시간 4분
12566,물괴[가치봄],"액션, 공포, 드라마, 판타지",대한민국,1시간 46분
6975,싱스트리트,,대한민국,48분
8303,시크릿슈퍼스타,"드라마, 음악",인도,2시간 30분
8526,내사랑왕가흔,다큐멘터리,,1시간 25분
7782,적인걸:심해용궁,"스릴러, 드라마, 판타지",China,1시간 14분
5519,적인걸4-신탐천하,다큐멘터리,,1시간 25분
9179,적인걸5측천무후지유명도,"액션, 판타지",China,1시간 37분
9044,적인걸:윤회도의비밀,"드라마, 스릴러, 역사",China,42분
4122,무림강호：영웅불패의신화,다큐멘터리,,1시간 25분
5447,악마의씨,"공포, 스릴러, 드라마",미국,2시간 18분
14035,벨벳골드마인[무삭제],"드라마, 음악","미국, 영국",2시간 3분
11473,세레니티(2018),"SF, 스릴러, 액션",미국,1시간 59분
260,사라진시간(2019)[별도편성][예고편],"드라마, 판타지",대한민국,1시간 45분
3294,아무도없었다,"공포, 스릴러",미국,1시간 30분
11118,스플린터,"공포, 스릴러, 범죄, SF",미국,1시간 22분
5848,응보,다큐멘터리,,1시간 25분
125,혼:공포의시작,공포,대한민국,1시간 20분
13619,8년,공포,대한민국,1시간 53분
3431,된장,"드라마, 스릴러, 로맨스",대한민국,1시간 47분
7209,괴담,"공포, 판타지, 스릴러",대한민국,2시간 2분
6073,알렉산더(2004),"로맨스, 액션, 드라마, 역사, 전쟁","미국, 이탈리아, 모로코, 태국, 프랑스, 독일, 네덜란드, 영국",2시간 55분
1994,타이페이카페스토리,"드라마, 코미디",대만,1시간 22분
14381,스코어:영화음악의모든것,,,
3057,찰스디킨스의비밀서재,"역사, 코미디, 가족, 드라마, 유럽에서 제작","아일랜드, 캐나다",1시간 45분
12216,서바이벌패밀리,"액션, 코미디, 가족, 드라마",일본,1시간 57분
1344,헬보이(2004),"판타지, 액션, 공포, SF",미국,2시간 2분
9131,노원리브스,"공포, 스릴러, 액션","영국, 미국",1시간 27분
2932,흐르는강물처럼,"드라마, 가족","미국, 영국",2시간 3분
2611,벅스라이프,"가족, 애니메이션, 액션, 코미디",미국,1시간 35분
961,보르도우정여행,"코미디, 드라마, 가족, 로맨스, 유럽에서 제작","벨기에, 프랑스",2시간 15분
4163,드림빌더,"액션, 가족, 애니메이션, 드라마, 판타지, 코미디, 유럽에서 제작",덴마크,1시간 21분
5805,로스트크리스마스,"드라마, 가족",영국,1시간 28분
10242,몽키킹4:투신의귀환,다큐멘터리,,1시간 25분
781,빛과철,"드라마, 범죄",대한민국,1시간 47분
14091,노벰버맨,"스릴러, 범죄, 액션","영국, 미국",1시간 48분
945,알포인트,"액션, 역사, 공포, 전쟁",대한민국,1시간 47분
5535,배틀로얄[무삭제판],"액션, 드라마, 스릴러, SF",일본,1시간 53분
1856,노예12년,"드라마, 역사","영국, 미국",2시간 14분
1890,나쁜녀석들:더무비,"액션, 범죄, 스릴러",대한민국,1시간 54분
13535,박하사탕(1999),드라마,"대한민국, 일본",2시간 11분
9666,어메이징그레이스(2018),"음악, 다큐멘터리",미국,1시간 27분
14050,피아니스트,"드라마, 전쟁, 음악, 유럽에서 제작","프랑스, 독일, 폴란드, 영국",2시간 30분
1540,케빈에대하여(2011),"드라마, 스릴러","미국, 영국",1시간 52분
9036,셀마,"역사, 드라마","영국, 미국",2시간 8분
2829,후드,"스릴러, 판타지, 드라마, 액션",미국,1시간 56분
10643,허슬러,"드라마, 코미디, 범죄",미국,1시간 50분
13324,리플레이:다시시작되는순간,드라마,미국,1시간 36분
11245,열화영웅,"액션, 드라마","China, 홍콩, 미국",1시간 58분
5236,아가씨,"스릴러, 드라마, 로맨스",대한민국,2시간 25분
12429,너의시선이머무는곳에,"로맨스, 드라마",대한민국,1시간 24분
5770,위시유,"로맨스, 음악, 드라마",대한민국,1시간 42분
1083,싱글맨(2009),"드라마, 로맨스, 스릴러",미국,1시간 40분
9261,번지점프를하다,"드라마, 로맨스",대한민국,1시간 41분
11829,트롤2:월드투어,다큐멘터리,,1시간 25분
262,레이니데이인뉴욕,"코미디, 로맨스",미국,1시간 34분
11727,스파이,"범죄, 액션, 코미디",미국,2시간 0분
12831,여중생A,드라마,대한민국,1시간 54분
12786,7호실,"코미디, 스릴러, 범죄",대한민국,1시간 40분
9499,미스터보스,"드라마, 액션",대한민국,1시간 38분
3388,인싸,"액션, 코미디",대한민국,1시간 23분
6413,라푼젤,"애니메이션, 가족, 액션, 코미디, 판타지, 로맨스",미국,1시간 42분
9447,토이스토리3,"코미디, 애니메이션, 가족, 판타지",미국,1시간 43분
1337,어댑테이션,"드라마, 코미디",미국,1시간 54분
5437,"열여덟,열아홉",드라마,대한민국,34분
2085,킹아더(2004),"드라마, 액션, 전쟁","미국, 아일랜드, 영국",2시간 6분
7063,오페라의유령(2006),"드라마, 로맨스, 스릴러",영국,2시간 40분
10959,브릿마리여기있다,"드라마, 코미디, 스포츠, 유럽에서 제작","스웨덴, 노르웨이",1시간 34분
12173,"러브,로지",드라마,대한민국,1시간 1분
2497,새구두를사야해,다큐멘터리,,1시간 25분
14169,뉴욕라이브러리에서,다큐멘터리,미국,3시간 25분
9045,아이언맨,"액션, SF",미국,2시간 6분
4932,어벤져스오브저스티스,"판타지, 액션, 코미디, 가족",미국,1시간 28분
3158,인간중독[가치봄],드라마,대한민국,2시간 12분
1244,엽문[특별판],"역사, 드라마, 액션, 판타지, 전쟁","China, 홍콩",1시간 46분
7603,스파이더맨:뉴유니버스,"액션, SF, 애니메이션, 가족, 판타지",미국,1시간 57분
12714,카메라를멈추면안돼!,"공포, 드라마, 코미디",일본,1시간 36분
10461,도쿄좀비아이돌,"코미디, 공포, 액션",일본,1시간 21분
4657,맨온렛지(2012),"액션, 스릴러, 범죄, 유럽에서 제작",미국,1시간 42분
129,더로드(2009),"공포, SF",영국,1시간 36분
786,코요테어글리(2000),"코미디, 드라마, 음악, 로맨스",미국,1시간 40분
7719,다우트(2008),드라마,미국,1시간 44분
7068,최종병기활[확장판],"드라마, 액션, 역사","대한민국, 미국",2시간 2분
7591,발레리안:천개행성의도시,"SF, 액션, 애니메이션, 판타지, 유럽에서 제작","미국, 벨기에, China, 프랑스, 독일, 아랍에미리트",2시간 17분
6673,바람과함께사라지다(2012),"드라마, 로맨스, 전쟁",미국,3시간 53분
2536,이태원살인사건,"범죄, 스릴러, 드라마",대한민국,1시간 40분
5909,파이널리벤지,다큐멘터리,,1시간 25분
6662,테러시티22,"액션, 드라마, 스릴러",인도네시아,1시간 11분
6531,맹룡과강,"액션, 범죄, 코미디, 드라마, 스릴러",홍콩,1시간 39분
1813,석양의갱들(1971),"서부, 유럽에서 제작, 드라마, 전쟁",이탈리아,2시간 37분
7531,정무문(1972),"드라마, 스릴러, 액션, 로맨스",홍콩,1시간 48분
3036,심야의결투,다큐멘터리,,1시간 25분
9006,쥬라기파크:아마존어드벤쳐,"스릴러, 액션, 공포, SF, 다큐멘터리",영국,1시간 40분
820,성항기병,"액션, 범죄, 드라마, 스릴러",홍콩,1시간 46분
4589,스페셜포스:블랙마운틴,"전쟁, 액션, 스릴러, 드라마",터키,1시간 30분
10235,언디스퓨티드2,"드라마, 액션, 범죄, 스릴러, 스포츠","미국, 불가리아",1시간 33분
7232,음양검:간장막야,다큐멘터리,,1시간 25분
4292,우리선희(2013),"로맨스, 드라마, 코미디",대한민국,1시간 29분
7388,다만악에서구하소서파이널컷,"드라마, 액션, 범죄, 스릴러",대한민국,1시간 48분
4112,분노의질주:더익스트림,"범죄, 스릴러, 액션",미국,2시간 16분
3597,퍼스트리폼드,"드라마, 스릴러","영국, 미국",1시간 53분
10312,브루스올마이티(2003),"코미디, 판타지",미국,1시간 41분
2703,페임,"드라마, 음악",미국,2시간 13분
5419,아이필프리티,"로맨스, 코미디","China, 미국",1시간 50분
10749,이케아옷장에서시작된특별난여행,"드라마, 코미디, 액션, 유럽에서 제작","프랑스, 인도, 싱가포르, 미국, 벨기에",1시간 36분
12222,가디언즈오브갤럭시,"코미디, 판타지, SF, 액션","미국, 뉴질랜드, 프랑스, 캐나다",2시간 30분
9599,시간여행자의아내(2009),"판타지, 드라마, 로맨스, SF, 유럽에서 제작",미국,1시간 47분
6848,가려진시간,"판타지, 드라마",대한민국,2시간 9분
2380,디어존,"드라마, 로맨스, 전쟁",미국,1시간 48분
6525,대부:끝나지않은이야기,"범죄, 드라마, 유럽에서 제작, 역사, 스릴러, 액션",프랑스,1시간 42분
8587,오르페브르36번가,"스릴러, 범죄, 드라마, 유럽에서 제작, 액션",프랑스,1시간 51분
9353,양과늑대의사랑과살인,"스릴러, 드라마, 공포, 로맨스, 범죄",일본,1시간 43분
11298,타워,"액션, 드라마, 스릴러",대한민국,2시간 1분
5422,해피댄싱,"코미디, 드라마, 음악, 로맨스, 가족","이탈리아, 영국, 미국",1시간 51분
3147,딥워터호라이즌,"드라마, 액션, 역사, 스릴러",미국,1시간 47분
10968,슬립리스:크리미널나이트,"액션, 범죄, 스릴러, 전쟁, 드라마",미국,1시간 35분
2777,모범시민,"스릴러, 드라마, 범죄, 액션","미국, 영국",1시간 49분
11315,할로우포인트,다큐멘터리,,1시간 25분
9410,1917,"드라마, 전쟁, 역사, 액션","미국, 영국, 스페인, 인도",1시간 50분
5231,인세인,다큐멘터리,,1시간 25분
7432,1945항일전쟁,,중국,75분
1639,케이프피어,"드라마, 범죄, 스릴러, 유럽에서 제작",미국,2시간 8분
13593,이벤트호라이즌,"공포, SF, 스릴러","영국, 미국",1시간 36분
5944,스테이트오브플레이,"스릴러, 드라마, 범죄, 로맨스",영국,52분
7743,더퍼지,"액션, 공포, 스릴러, SF","미국, 프랑스, 일본",1시간 49분
10141,카모메식당,"드라마, 코미디","핀란드, 일본",1시간 42분
12774,고스트보트(2014),"스릴러, 공포",미국,1시간 30분
426,폴리스스토리2-구룡의눈,"액션, 범죄, 스릴러, 코미디",홍콩,1시간 45분
10789,네무덤에침을뱉어라(1979),"스릴러, 공포",미국,1시간 32분
5668,멜랑콜리아(2011),"SF, 유럽에서 제작, 드라마","덴마크, 프랑스, 독일, 스웨덴",2시간 10분
3569,징기스칸의후예,"액션, 판타지",Mongolia,2시간 38분
13708,완벽한가족,"드라마, 가족, 스릴러",대한민국,59분
2664,크리미널스쿼드,"액션, 스릴러, 범죄, 드라마","미국, 캐나다",2시간 24분
7042,군함도,"액션, 드라마, 역사",대한민국,2시간 12분
4125,증인,"드라마, 범죄, 유럽에서 제작",대한민국,2시간 9분
700,젠틀맨,"액션, 코미디, 범죄, 드라마","영국, 미국",51분
225,셜록홈즈:그림자게임,"액션, 범죄, 스릴러",미국,2시간 9분
6381,찰리와초콜릿공장,"코미디, 가족, 판타지, 액션","영국, 미국",1시간 55분
7216,언플랜드,"드라마, 유럽에서 제작",미국,1시간 46분
13878,디노소어어드벤쳐,다큐멘터리,,1시간 25분
575,플래툰,"전쟁, 액션, 드라마","영국, 미국",2시간 0분
8425,무서운영화,코미디,미국,1시간 23분
11983,신의한수:귀수편,"범죄, 액션",대한민국,1시간 46분
7410,톰보이,"드라마, 유럽에서 제작",프랑스,1시간 22분
9673,마빈의방,드라마,미국,1시간 38분
7359,월요일이사라졌다,"SF, 판타지, 스릴러, 액션, 범죄","프랑스, 미국, 벨기에",2시간 3분
11023,킹오브썸머,"코미디, 드라마",미국,1시간 35분
11383,언더더트리,"드라마, 코미디, 스릴러, 유럽에서 제작","독일, 덴마크, 아이슬란드, 폴란드",1시간 29분
10073,오직사랑하는이들만이살아남는다(2013),"드라마, 로맨스, 판타지, 공포, 코미디, 유럽에서 제작","독일, 그리스, 프랑스, 영국",2시간 3분
8285,플레저오브스킨감각탐구,드라마,캐나다,1시간 37분
1415,도즈오브해피니스,드라마,"불가리아, 영국",1시간 40분
14403,레온,다큐멘터리,,1시간 25분
11026,캐리비안의해적:낯선조류,"액션, 판타지","미국, 영국",2시간 16분
5669,대부,"드라마, 범죄",미국,2시간 55분
8672,캐리비안의해적:블랙펄의저주,"액션, 판타지",미국,2시간 23분
13123,이니셜D(2006),"드라마, 애니메이션, 액션, 코미디, 스포츠, 로맨스",일본,27분
9043,이터널선샤인[리마스터링],"SF, 드라마, 로맨스",미국,1시간 48분
234,캣츠뮤지컬특별공연,다큐멘터리,,1시간 25분
614,딥워터,"스릴러, 드라마, 공포","스웨덴, 벨기에, 노르웨이",1시간 22분
4863,미션(1986),"드라마, 역사",영국,2시간 6분
11297,히말라야,"액션, 드라마",대한민국,2시간 5분
2419,신문기자,드라마,일본,1시간 53분
13484,아토믹블론드,"액션, 스릴러, 유럽에서 제작","스웨덴, 미국, 독일, 헝가리",1시간 55분
4574,아메리칸울트라,"액션, 코미디","스위스, 미국",1시간 36분
466,이스턴프라미스[리마스터링],"스릴러, 범죄, 드라마","미국, 캐나다, 영국",1시간 40분
4884,뉴폴리스스토리[리마스터링],"스릴러, 드라마, 액션, 범죄",홍콩,2시간 3분
10446,스파이더맨:파프롬홈,"액션, SF, 코미디, 판타지",미국,2시간 9분
9402,데이라잇(1996),"액션, 스릴러, 드라마",미국,1시간 55분
2662,진주만,"액션, 드라마, 로맨스, 전쟁",미국,3시간 3분
7710,무서운영화2,"코미디, 공포",미국,1시간 22분
11,앵그리버드더무비,"액션, 코미디, 가족, 애니메이션, 유럽에서 제작","미국, 핀란드",1시간 37분
10863,반지의제왕:반지원정대[확장판],"판타지, 액션, 드라마","미국, 뉴질랜드",2시간 59분
7221,반지의제왕2:두개의탑[확장판],"판타지, 액션, 드라마","미국, 뉴질랜드",2시간 59분
4457,반지의제왕3:왕의귀환[확장판],"액션, 판타지, 드라마","미국, 뉴질랜드",3시간 22분
8339,나홀로집에3,"가족, 코미디, 범죄, 액션",미국,1시간 42분
3372,헬보이2:골든아미,"판타지, 액션, SF, 공포, 다큐멘터리","독일, 헝가리, 미국",2시간 0분
12305,황제를위하여,"액션, 범죄, 스릴러",대한민국,1시간 44분
11931,방자전,"로맨스, 드라마, 코미디",대한민국,2시간 4분
10527,뺑반,"범죄, 액션",대한민국,2시간 13분
11860,잠자는숲속의공주,"애니메이션, 로맨스, 가족, 판타지, 코미디, 유럽에서 제작",미국,1시간 15분
13599,아기코끼리덤보,"애니메이션, 가족, 드라마, 판타지",미국,1시간 4분
12469,완벽한타인,"드라마, 코미디, 스릴러",대한민국,1시간 55분
1210,타짜,"범죄, 코미디",대한민국,2시간 19분
11179,군도:민란의시대,"액션, 드라마",대한민국,2시간 17분
7895,신세계,"스릴러, 범죄, 드라마, 액션",대한민국,2시간 14분
14283,대역전,코미디,미국,1시간 56분
237,어바웃타임,"드라마, 판타지, 로맨스, SF, 코미디, 유럽에서 제작","미국, 영국",2시간 3분
7433,포스오브네이쳐,"범죄, 스릴러, 드라마, 액션","Puerto Rico, 영국, 미국",1시간 31분
3308,블리딩스틸,"스릴러, SF, 액션","China, 홍콩",1시간 49분
13532,모탈:레전드오브토르,"액션, 판타지, 스릴러, 드라마, 유럽에서 제작","영국, 노르웨이, 미국",1시간 44분
6970,빅샤크:매직체인지,"애니메이션, 액션, 코미디, 가족, 판타지, SF",China,1시간 25분
5867,로베르토의특별한일주일,"코미디, 드라마","스페인, Arjantin",1시간 33분
12966,미스터주:사라진VIP,"액션, 판타지, 코미디",대한민국,1시간 54분
13663,아우토반(2017),"스릴러, 액션, 다큐멘터리, 범죄","독일, 영국, 미국",1시간 38분
5767,검우강호(2010),액션,"대만, China, 홍콩",1시간 57분
6898,리허설,,대한민국,104분
1454,수상한그녀,"드라마, SF, 스릴러, 판타지, 음악, 로맨스, 코미디",대한민국,1시간 1분
1465,"힘을내요,미스터리","코미디, 가족, 드라마",대한민국,1시간 51분
1519,신데렐라2(2002),"판타지, 애니메이션, 가족, 로맨스","일본, 미국",1시간 14분
2491,신데렐라,"드라마, 유럽에서 제작, 판타지, 로맨스, 가족","영국, 미국",1시간 45분
1952,주키퍼스와이프,"드라마, 전쟁, 역사","체코 공화국, 영국, 미국",2시간 6분
978,[OCEAN공개]사라진시간(2019),"드라마, 판타지",대한민국,1시간 45분
4526,[OCEAN공개]커넥트(2020),"SF, 스릴러, 드라마, 범죄, 판타지, 공포",대한민국,43분
5191,"[OCEAN공개]내어깨위고양이,밥2","가족, 드라마",영국,1시간 33분
7904,[OCEAN공개]런보이런,"드라마, 액션",대한민국,1시간 40분
8821,[OCEAN공개]#아이엠히어,"코미디, 로맨스, 다큐멘터리","벨기에, 프랑스",1시간 37분
9910,[OCEAN공개]침입자(2020),"액션, 드라마, 스릴러",미국,1시간 32분
7097,[OCEAN공개]마이미씽발렌타인,"로맨스, 판타지, 스릴러, 코미디, 드라마","필리핀 제도, 대만",1시간 59분
12760,본투비블루,"드라마, 로맨스, 음악","영국, 캐나다",1시간 37분
9523,반창꼬(2012),"드라마, 코미디, 다큐멘터리, 로맨스",대한민국,2시간 0분
8580,파비안느에관한진실,"드라마, 코미디, 유럽에서 제작","프랑스, 일본",1시간 46분
11911,맥스피스트,"범죄, 판타지, 스릴러, 애니메이션, 액션","미국, 영국",1시간 30분
10033,스텝업2:더스트리트(2008),"음악, 드라마, 로맨스",미국,1시간 38분
12765,스텝업:올인,"음악, 로맨스, 드라마",미국,1시간 52분
3787,스텝업6:이어오브더댄스,"드라마, 음악","China, 미국",1시간 40분
6512,스텝업3,"드라마, 로맨스, 음악",미국,1시간 47분
1828,마녀(2018),"액션, 스릴러, SF, 유럽에서 제작","대한민국, 홍콩",2시간 6분
11391,"가장따뜻한색,블루","드라마, 액션, 전쟁",대한민국,1시간 48분
14431,히로인실격,"드라마, 로맨스, 코미디",일본,1시간 52분
12805,엔더스게임,"SF, 액션",미국,1시간 54분
9556,내인생의마지막변화구,"드라마, 스포츠, 로맨스",미국,1시간 51분
14294,"아이,로봇","액션, SF, 스릴러","독일, 캐나다, 미국",1시간 55분
3830,해피해피레스토랑,"드라마, 가족",일본,2시간 6분
9240,증발,다큐멘터리,,1시간 25분
13849,시간이탈자,"드라마, 스릴러, 판타지, 로맨스, 액션",대한민국,1시간 47분
8034,무간도3:종극무간,"범죄, 드라마, 액션, 스릴러","China, 홍콩, 대만",1시간 58분
14179,파도인,"드라마, 로맨스, 코미디","China, 홍콩",2시간 8분
13099,여고괴담,"드라마, 공포, 스릴러",대한민국,1시간 45분
3720,백설공주와일곱난쟁이,"판타지, 애니메이션, 가족, 로맨스",미국,1시간 23분
1653,나의사랑나의신부,"코미디, 로맨스",대한민국,1시간 50분
6069,라스트레터(2018)[별도편성][예고편],"로맨스, 드라마",일본,2시간 0분
1864,토이스토리,"애니메이션, 가족, 코미디, 액션, 드라마, 판타지",미국,
12006,메리다와마법의숲,"애니메이션, 가족, 판타지, 액션, 드라마, 코미디",미국,1시간 33분
4360,"다시,봄(2019)","드라마, 판타지, 로맨스",대한민국,1시간 44분
11153,봄이가도,다큐멘터리,,1시간 25분
929,고스트맘마,다큐멘터리,,1시간 25분
14522,살인의늪,"스릴러, 범죄, 유럽에서 제작",스페인,1시간 44분
4934,마션,"SF, 드라마, 액션",미국,2시간 21분
985,타인의삶,"드라마, 스릴러, 유럽에서 제작","독일, 프랑스",2시간 17분
14076,수상한교수,"코미디, 드라마",미국,1시간 30분
14322,꽃보다남자(2008),"코미디, 드라마, 로맨스",대한민국,1시간 4분
2397,안나,"액션, 스릴러, 유럽에서 제작","미국, 프랑스, Guadeloupe, 러시아, 세르비아",1시간 59분
14218,백투더비기닝,"SF, 드라마, 스릴러",미국,1시간 41분
130,어쌔신:더비기닝,"스릴러, 액션","홍콩, 미국",1시간 52분
13342,레이크,"스릴러, 액션, 범죄, 드라마, 전쟁, 유럽에서 제작","미국, 독일, 벨기에, 프랑스",1시간 46분
10025,톰하디의도망자(2013),"드라마, 전쟁",영국,1시간 30분
8932,더플랫폼,"스릴러, SF, 코미디, 드라마, 공포, 유럽에서 제작",스페인,1시간 35분
5283,연애의맛[무삭제판],"코미디, 로맨스, 드라마",대한민국,1시간 41분
1945,내남자,"로맨스, 드라마, 코미디","스페인, 미국",1시간 36분
9057,소림사무림탐정:취의전장,다큐멘터리,,1시간 25분
103,취화선(2002),"드라마, 역사",대한민국,2시간 0분
10218,쌍화점(2008),"드라마, 로맨스, 역사",대한민국,2시간 13분
13049,여자는남자의미래다(2004),"드라마, 로맨스","프랑스, 대한민국",1시간 28분
7141,간신,"드라마, 역사, 범죄, 스릴러",대한민국,2시간 13분
13397,심야식당2(2017),"드라마, 가족, 코미디",일본,1시간 48분
3619,벌지대전투:지옥의사수작전,"액션, 전쟁, 드라마, 스릴러, 유럽에서 제작, 판타지",미국,1시간 25분
9575,바탈리온,"SF, 전쟁, 액션, 드라마",호주,1시간 32분
6203,더포스트,"드라마, 역사, 스릴러, 전쟁","인도, 미국",1시간 56분
10182,성판17[무삭제판],다큐멘터리,,1시간 25분
4490,찬실이는복도많지,"로맨스, 드라마, 판타지",대한민국,1시간 36분
13905,심장박동조작극,다큐멘터리,,1시간 25분
13533,캠프살인사건의비밀,"공포, 코미디, 다큐멘터리",미국,2시간 10분
9655,캠퍼스킬러,"코미디, 공포, 스릴러, 유럽에서 제작, SF",스페인,1시간 30분
218,캠퍼스레전드(1998),"공포, 스릴러",미국,1시간 40분
11163,컨페션,"스릴러, 역사, 코미디, 범죄, 드라마, 로맨스, 유럽에서 제작","영국, 미국, 독일",1시간 53분
2723,아메리칸뷰티,드라마,미국,2시간 2분
12225,스티븐시걸의리벤지,다큐멘터리,,1시간 25분
5451,다크아이리스,"스릴러, SF",미국,1시간 40분
9931,가슴노출을허하라!,다큐멘터리,,1시간 25분
1130,인크레더블,"액션, 애니메이션, 가족",미국,1시간 55분
375,라따뚜이,"가족, 판타지, 애니메이션, 코미디",미국,1시간 51분
6748,헬렌:내영혼의자화상,"드라마, 로맨스","핀란드, 에스토니아",2시간 2분
2478,내가고백을하면,다큐멘터리,,1시간 25분
13097,콜레트,"드라마, 역사, 로맨스, 유럽에서 제작","영국, 미국",1시간 51분
12556,청춘:그날의설렘처럼,Reality TV,대한민국,1시간 21분
854,뱀파이어시스터,"가족, 판타지, 드라마, 유럽에서 제작, 공포, 코미디",독일,1시간 37분
853,고스트버스터즈,"판타지, 코미디, SF, 액션",미국,1시간 47분
805,하모니(2009),"드라마, 음악",대한민국,1시간 55분
10532,고백,"스릴러, 드라마, 유럽에서 제작",일본,1시간 47분
2853,테슬라(2020),드라마,미국,1시간 42분
8443,"안녕,헤이즐","드라마, 로맨스",미국,2시간 6분
3232,장수상회,"코미디, 드라마, 로맨스",대한민국,1시간 52분
12965,원티드(2008),"액션, 스릴러, 범죄, 코미디",미국,1시간 50분
2282,눈먼자들의도시(2008),"스릴러, SF, 드라마","이탈리아, 일본, 영국, 브라질, 캐나다",2시간 1분
7624,더룸,"판타지, 공포, 스릴러, 드라마, SF, 유럽에서 제작","프랑스, 벨기에, 룩셈부르크",1시간 40분
4369,식스티세컨즈(2000),"스릴러, 액션, 범죄",미국,1시간 58분
1878,쇼생크탈출(1994),"드라마, 범죄",미국,2시간 22분
12811,지옥의묵시록(1979),드라마,미국,3시간 16분
11053,투모로우샤크,"액션, SF, 공포, 코미디, 스릴러",미국,1시간 25분
2145,올마이라이프,"로맨스, 드라마","China, 미국",1시간 33분
3989,"엘리노어릭비(종합본,3편)","드라마, 로맨스",미국,2시간 3분
14126,사라진시간(2019),"드라마, 판타지",대한민국,1시간 45분
2345,바람의언덕,드라마,대한민국,1시간 48분
2876,나는보리,"드라마, 가족",대한민국,1시간 50분
13503,남자가사랑할때,"드라마, 로맨스",대한민국,2시간 2분
13546,봉쇄수도원카르투시오,다큐멘터리,,1시간 25분
12253,진주귀걸이를한소녀(2003),"드라마, 로맨스, 스릴러","룩셈부르크, 영국, 프랑스",1시간 41분
9822,타이타닉(1998),"드라마, 로맨스",미국,3시간 14분
3553,모사드:인질구출작전,"코미디, 액션","러시아, 이스라엘, 미국, 일본, 영국",1시간 35분
8734,캔사스시티,"드라마, 범죄, 음악, 스릴러","미국, 프랑스",1시간 56분
11760,검찰측증인디오리지널,"범죄, 드라마, 스릴러",미국,1시간 56분
1175,알이씨REC,다큐멘터리,,1시간 25분
6858,그녀에게[리마스터링],"드라마, 로맨스, 유럽에서 제작",스페인,1시간 52분
7142,러브인비즈니스클래스,"코미디, 로맨스, 유럽에서 제작",프랑스,1시간 36분
5252,캠퍼스S커플,다큐멘터리,,1시간 25분
11431,위험한정사,"드라마, 스릴러",미국,57분
2869,영주의애인,"드라마, 로맨스, 유럽에서 제작","벨기에, 프랑스, 룩셈부르크, 독일, 스위스, 영국",2시간 4분
9142,스윙어스,"드라마, 유럽에서 제작, 로맨스",네덜란드,1시간 33분
9225,연애담,"드라마, 로맨스",대한민국,1시간 39분
220,오르가즘다이어리:브릴리언트러브,다큐멘터리,,1시간 25분
9444,말레나,"드라마, 로맨스, 전쟁, 유럽에서 제작","미국, 이탈리아",1시간 48분
7293,굿모닝하트에이크,다큐멘터리,,1시간 25분
9374,두여자(2010),"드라마, 로맨스",대한민국,1시간 45분
13035,남과여(2016),드라마,대한민국,52분
1028,여자가사랑할때,"로맨스, 드라마, 유럽에서 제작, 범죄",프랑스,1시간 25분
8981,공범,"스릴러, 드라마",대한민국,1시간 35분
10996,옥중룡,"액션, 범죄, 드라마",홍콩,1시간 37분
14054,A-특공대,애니메이션,대한민국,1시간 15분
9132,더이퀄라이저,"스릴러, 액션, 범죄, 드라마",미국,43분
9526,리벤져,"스릴러, 액션, 범죄",대한민국,1시간 42분
7253,쿵푸팬더(2008),"코미디, 액션, 애니메이션, 가족, 드라마, 판타지",미국,1시간 30분
4517,나이트언데드,"공포, 스릴러",미국,1시간 24분
7182,인디펜던스데이:리써전스,"액션, SF",미국,2시간 0분
12297,그레이의50가지그림자,"드라마, 로맨스, 스릴러",미국,2시간 5분
11889,"인사하고,키스","드라마, 로맨스",일본,1시간 39분
2875,인헤리턴스(2020),"스릴러, 드라마","영국, 미국",1시간 50분
3304,바람과함께사라지다(1939),"드라마, 로맨스, 전쟁",미국,3시간 53분
3442,신데렐라3,"가족, 판타지, 애니메이션, 로맨스",미국,1시간 14분
14280,내니맥피:우리유모는마법사,"판타지, 코미디, 가족","프랑스, 영국, 미국",1시간 37분
5742,백투더퓨쳐,"코미디, SF",미국,1시간 56분
12098,내니맥피2:유모와마법소동,"가족, 코미디, 판타지, 전쟁, 유럽에서 제작","영국, 프랑스, 미국",1시간 49분
5122,태양을덮다,"드라마, 스릴러",일본,2시간 10분
1772,세번째살인,"스릴러, 드라마, 범죄",일본,2시간 5분
12583,윈드리버[감독판],"스릴러, 서부, 범죄, 드라마","프랑스, 영국, 미국",1시간 47분
14520,엔테베작전,"스릴러, 드라마, 범죄, 액션, 역사","미국, 영국",1시간 47분
14442,칼리토(1993),"드라마, 범죄, 스릴러",미국,2시간 24분
6579,슈퍼맨리턴즈,"SF, 액션",미국,2시간 34분
3640,가문의영광4:가문의수난(2011),"액션, 코미디",대한민국,1시간 43분
14581,홍콩레옹,,홍콩,86분
11952,십계,"드라마, 역사, 가족, 유럽에서 제작",미국,3시간 40분
8947,신을믿습니까?,"드라마, 공포, 판타지",미국,1시간 55분
12824,맥퀸,다큐멘터리,,1시간 25분
8482,보이후드,드라마,미국,2시간 45분
1427,키드냅,"드라마, 역사","이탈리아, 프랑스, 독일",2시간 14분
11191,"이대로,죽을순없다","액션, 코미디",대한민국,1시간 46분
6697,아기와나(2017),"코미디, 가족",대한민국,1시간 36분
14018,"그래,가족","드라마, 가족, 코미디, 로맨스",대한민국,1시간 2분
2582,파티마의기적,"드라마, 전쟁","미국, 포르투갈",1시간 53분
3345,황후화(2006),"드라마, 액션, 로맨스","홍콩, 영국, 미국, China",1시간 54분
10099,계절과계절사이,"로맨스, 드라마",대한민국,1시간 38분
6034,파운더,드라마,"미국, 그리스",1시간 55분
11667,배드지니어스,"스릴러, 드라마, 범죄",캐나다,1시간 36분
11551,몬스터헌터:귀멸의검,액션,,1시간 28분
12370,천년여우여우비[우리말],"드라마, SF, 애니메이션, 가족, 판타지, 액션",대한민국,1시간 26분
10429,비커밍제인(2007),"로맨스, 드라마, 유럽에서 제작","영국, 아일랜드",2시간 0분
10821,강철비2:정상회담[확장판],"액션, 스릴러, 전쟁, 드라마",대한민국,2시간 12분
4088,뱅가드[별도편성][예고편],"액션, 코미디, 범죄, 스릴러","인도, 대한민국, 대만, 영국, 홍콩",1시간 47분
3923,당대명포:의문의주검,다큐멘터리,,1시간 25분
3205,미스페레그린과이상한아이들의집,"드라마, 가족, 판타지, 스릴러, 유럽에서 제작, 다큐멘터리",미국,2시간 7분
10543,뮌헨,"스릴러, 드라마, 역사, 액션","미국, 프랑스, 캐나다",2시간 44분
3650,지상최대전투:갈리폴리,"전쟁, 드라마, 역사, 액션",터키,1시간 41분
13909,굿다이노,"애니메이션, 가족, 액션, 코미디, 드라마, 판타지",미국,1시간 33분
11011,진격의거인파트1,"공포, 액션, SF, 드라마, 판타지",일본,1시간 38분
12548,제리맥과이어,"로맨스, 코미디, 드라마, 스포츠",미국,2시간 19분
12682,가시꽃,드라마,대한민국,34분
12339,시험에들지말게하옵시며(2011),"드라마, 유럽에서 제작",프랑스,1시간 49분
3814,실락원,"로맨스, 드라마",일본,1시간 59분
6728,몽상가들(2003),"로맨스, 드라마, 유럽에서 제작, 코미디","미국, 프랑스, 이탈리아, 영국",1시간 55분
7979,로리타(1997),"드라마, 로맨스, 유럽에서 제작","프랑스, 미국",2시간 17분
4333,썸머타임:아름다운계절,"드라마, 스릴러",대한민국,1시간 43분
13087,바보선언,"드라마, 코미디",대한민국,1시간 37분
11127,영앤뷰티풀,"드라마, 유럽에서 제작, 로맨스",프랑스,1시간 35분
2250,구층요탑:전설의부활,"액션, 스릴러, 드라마, 판타지",China,1시간 55분
2034,특공황비,"드라마, 로맨스, 전쟁, 액션",China,46분
4365,겟머니,"범죄, 드라마, 역사, 스릴러, 액션",미국,1시간 39분
7303,와일드카드(2015),"액션, 스릴러, 범죄, 드라마","미국, 프랑스",1시간 32분
6008,문라이즈킹덤,"코미디, 드라마, 로맨스, 판타지",미국,1시간 34분
1910,미스터앤미스터대디,"코미디, 드라마","미국, 영국",1시간 31분
6555,하이큐!!또다른도전,애니메이션,,1시간 9분
4931,퍼펙트건맨,"서부, 스릴러, 드라마, 유럽에서 제작","아일랜드, 룩셈부르크, 영국, 벨기에, 프랑스",1시간 41분
1907,더가디언즈,"SF, 액션, 판타지, 코미디, 스릴러","미국, 러시아",1시간 29분
10970,에린브로코비치,드라마,미국,2시간 11분
6962,후크(1991),"액션, 판타지, 코미디, 가족",미국,2시간 16분
5619,파울볼,다큐멘터리,대한민국,1시간 26분
6879,"나,다니엘블레이크",드라마,"영국, 프랑스, 벨기에",1시간 40분
4713,진실금지구역,"범죄, 스릴러",China,1시간 49분
14404,세인트조지,"드라마, 범죄, 유럽에서 제작","포르투갈, 프랑스",1시간 52분
13818,걸스로스트,드라마,미국,1시간 35분
2182,리틀포레스트:여름과가을,드라마,일본,1시간 51분
11658,마틴에덴,"로맨스, 드라마","프랑스, 독일, 이탈리아",2시간 4분
9949,래시컴홈,"액션, 가족, 드라마, 유럽에서 제작",독일,1시간 40분
8540,"조금씩,천천히안녕",다큐멘터리,,1시간 25분
10480,빛의아버지:파이널판타지XIV,"가족, 드라마, 코미디",일본,1시간 54분
6041,아오이유우의편지,다큐멘터리,,1시간 25분
11037,도리를찾아서,"액션, 애니메이션, 가족, 판타지, 코미디",미국,1시간 37분
8392,그레이트뷰티,"드라마, 유럽에서 제작","프랑스, 이탈리아",2시간 22분
656,10년,"로맨스, 코미디",미국,1시간 30분
3325,큐리오사,"드라마, 역사, 유럽에서 제작",프랑스,1시간 47분
4806,그날이온다,"코미디, 범죄","영국, 미국",1시간 28분
10890,태양대폭발:지구최후의날,"SF, 가족",우크라이나,1시간 36분
8274,유랑지구,"SF, 액션, 드라마, 스릴러",China,2시간 6분
3080,코스모스,"다큐멘터리, 가족",미국,43분
1904,대지진:엔드오브더월드,"액션, SF, 전쟁, 드라마, 역사, 로맨스, 스릴러",미국,1시간 28분
9839,업그레이드,"로맨스, 코미디","영국, 미국",1시간 45분
6821,너의여자친구,"코미디, 로맨스",대한민국,1시간 40분
9463,곰돌이푸우,"가족, 애니메이션, 코미디, 드라마",미국,49분
8834,오즈의마법사:돌아온도로시[우리말],"애니메이션, 가족, 판타지",미국,1시간 28분
13513,점박이한반도의공룡2:새로운낙원,다큐멘터리,,1시간 25분
8749,마이펫의이중생활,"가족, 코미디, 액션, 애니메이션",미국,1시간 26분
1218,네무덤에침을뱉어라3,"스릴러, 공포",미국,1시간 32분
719,네무덤에침을뱉어라4,다큐멘터리,,1시간 25분
10170,마이펫오지,다큐멘터리,,1시간 25분
5400,데스레이스(2008),"SF, 액션, 스릴러","독일, 영국, 미국",1시간 45분
7563,빠삐용(2017),"드라마, 액션, 범죄, 유럽에서 제작","세르비아, 스페인, 미국, 체코 공화국, 몰타",2시간 13분
14271,빌로우:적과의동거,"스릴러, 드라마","아랍에미리트, 영국",1시간 26분
5937,라이프라이크,"스릴러, SF, 드라마",미국,1시간 35분
779,울트라바이올렛(2006),"SF, 액션, 스릴러","미국, 홍콩",1시간 27분
11898,님은먼곳에(2008),"전쟁, 음악, 드라마, 로맨스",대한민국,2시간 6분
42,천장지구(1990),"로맨스, 범죄, 액션, 드라마",홍콩,1시간 28분
2398,겟스마트,"코미디, 스릴러, 액션",미국,1시간 50분
3693,리턴투아나콘다,"SF, 스릴러, 공포, 판타지, 액션",미국,1시간 36분
8441,제인에어(1944),"드라마, 로맨스","영국, 미국",2시간 0분
4635,왕자와무희,다큐멘터리,,1시간 25분
6729,애니멀크래커,"가족, 코미디, 애니메이션, 액션, 판타지","미국, 대한민국, 호주, 스페인, China",1시간 44분
3575,킹덤,"애니메이션, 드라마, 액션, 역사, 전쟁",일본,26분
12163,마담뺑덕,"로맨스, 스릴러, 드라마",대한민국,1시간 51분
829,와일드시티,"스릴러, 범죄, 드라마",영국,1시간 43분
9299,바이크원정대:인이탈리아,"액션, 다큐멘터리",대한민국,1시간 40분
10531,조제,"로맨스, 드라마","대한민국, 일본",1시간 57분
5760,멋진하루,"드라마, 코미디, 로맨스",대한민국,2시간 3분
9275,은밀하게위대하게[확장판],"액션, 드라마, 코미디",대한민국,2시간 4분
14053,굿윌헌팅,"드라마, 로맨스",미국,2시간 7분
4077,삼총사[2D],"액션, 스릴러, 판타지, 로맨스, 유럽에서 제작","미국, 영국, 독일, 프랑스",1시간 50분
1869,넘버3,"드라마, 코미디, 액션, 범죄",대한민국,1시간 48분
9739,해피데스데이2유,"코미디, 공포, SF, 스릴러","미국, 일본",1시간 40분
13246,벌새,드라마,대한민국,2시간 15분
9889,아마겟돈,"액션, 스릴러, SF",미국,2시간 31분
9051,세인트빈센트,"코미디, 드라마",미국,1시간 42분
11364,의뢰인,"드라마, 스릴러, 범죄",미국,1시간 59분
11190,칠곡가시나들,다큐멘터리,대한민국,1시간 39분
9600,소림축구,"액션, 코미디, 판타지, 스포츠",홍콩,1시간 53분
11840,신디케이트:라스트마피아,"드라마, 액션, 범죄",미국,1시간 49분
2523,가디언즈오브갤럭시VOL.2,"SF, 액션, 코미디, 판타지",미국,2시간 17분
3698,로맨틱레시피,"드라마, 코미디","아랍에미리트, 인도, 미국",2시간 2분
7644,벼룩잡는사무라이,,일본,110분
4542,더터닝,"스릴러, 공포, 드라마","인도, 미국",1시간 34분
12149,아비정전(1990),"범죄, 드라마, 로맨스",홍콩,1시간 34분
10249,지오스톰,"액션, SF, 스릴러","홍콩, 미국",1시간 49분
7271,와호장룡무림강호,다큐멘터리,,1시간 25분
1370,정직한후보,코미디,대한민국,1시간 44분
6249,음치클리닉,"코미디, 드라마, 로맨스",대한민국,2시간 0분
11350,전국노래자랑,Reality TV,대한민국,1시간 16분
12348,원스,"코미디, 가족, 드라마, 스포츠",Arjantin,23분
3751,3AMPart1,"공포, 애니메이션",태국,1시간 36분
11955,엔젤오브마인,"드라마, 스릴러","미국, 호주",1시간 38분
2149,사일런스(2019),"드라마, 역사","멕시코, 미국, 영국, 이탈리아",2시간 41분
8278,그집,공포,"스페인, 프랑스",1시간 44분
8004,팔로우미,"스릴러, 공포",미국,1시간 28분
3151,프란츠,"역사, 드라마, 로맨스, 전쟁, 유럽에서 제작","독일, 프랑스",1시간 53분
4597,로봇전쟁,"스릴러, SF",영국,1시간 20분
4065,엑소더스:신들과왕들,"액션, 드라마, 판타지","스페인, 미국, 영국",2시간 30분
3783,생텀(2010),"액션, 스릴러, 드라마","호주, 미국",1시간 48분
2940,커넥트(2020),"SF, 스릴러, 드라마, 범죄, 판타지, 공포",대한민국,43분
8888,인도차이나,다큐멘터리,,1시간 25분
800,니말을믿으라는거야?,다큐멘터리,,1시간 25분
11504,중독노래방,"스릴러, 판타지, 드라마, 범죄",대한민국,1시간 46분
11047,친구,"액션, 드라마, 범죄",대한민국,1시간 58분
411,더허니문,"스릴러, 공포, SF, 드라마",미국,1시간 28분
1040,미드나잇버스,드라마,일본,2시간 37분
14,크레이지리치아시안,"코미디, 드라마, 로맨스","홍콩, 미국",2시간 0분
4976,타이탄,"액션, 판타지","미국, 영국",1시간 46분
7247,밴티지포인트(2008),"드라마, 액션, 스릴러, 범죄","멕시코, 스페인, 미국",1시간 30분
453,아틀란틱림,다큐멘터리,,1시간 25분
8028,타임루프:초시공간여행,"SF, 유럽에서 제작",이탈리아,1시간 23분
3719,비정규직특수요원,"액션, 코미디",대한민국,1시간 57분
8187,"그시절,우리가좋아했던소녀","코미디, 드라마, 로맨스",대한민국,1시간 41분
1089,대지진(2016),"드라마, 역사","China, 홍콩",2시간 15분
12497,플로리다프로젝트,드라마,미국,1시간 52분
8121,해무,"스릴러, 드라마",대한민국,1시간 51분
3031,스파이더맨3[확장판],"SF, 액션, 유럽에서 제작",미국,3시간 15분
5361,어메이징스파이더맨2,"액션, SF, 코미디, 역사, 전쟁",미국,2시간 22분
8228,금의위2-무주지전,다큐멘터리,,1시간 25분
622,금의위:비검수춘도,"드라마, 로맨스",China,1시간 23분
6914,자금성금의위,다큐멘터리,,1시간 25분
7155,금의위3:황제의검,다큐멘터리,,1시간 25분
3957,검신의제국1,다큐멘터리,,1시간 25분
9912,소오강호[리마스터링],"드라마, 액션, 판타지",China,43분
1901,주윤발의도성풍운,다큐멘터리,,1시간 25분
4059,미션임파서블:폴아웃,"액션, SF, 드라마",미국,57분
990,"아이,토냐","드라마, 코미디, 스포츠",미국,2시간 1분
1196,더보이2:돌아온브람스,"스릴러, 공포, 드라마",미국,1시간 27분
13655,희망에빠진남자들,"코미디, 로맨스, 유럽에서 제작, 드라마",체코 공화국,1시간 55분
11587,어스,"공포, 스릴러",미국,1시간 56분
9241,이터너티,다큐멘터리,,1시간 25분
13810,황비홍-천하지남북영웅,액션,홍콩,1시간 44분
10658,램페이지(2018),"액션, SF",미국,1시간 47분
7376,쥬만지:넥스트레벨,"액션, 코미디, 판타지",미국,2시간 3분
4583,샤오린:3인의고수,"액션, 드라마","China, 홍콩",2시간 11분
9,손오공:색즉시공,"코미디, 로맨스, 드라마",대한민국,1시간 36분
1670,몽키킹:왕의귀환,"액션, 판타지, 코미디",China,1시간 35분
429,나랏말싸미,"역사, 드라마",대한민국,1시간 50분
8105,PMC:더벙커,"액션, 스릴러",대한민국,2시간 4분
4026,버티고,"드라마, 로맨스",대한민국,1시간 54분
554,루시드드림,"SF, 스릴러",대한민국,1시간 41분
1399,7년의밤,"스릴러, 드라마",대한민국,2시간 3분
11618,그레이스오브모나코,"드라마, 로맨스, 유럽에서 제작","프랑스, 이탈리아, 스위스, 미국, 벨기에",1시간 43분
7261,클로젯,"공포, 스릴러",대한민국,1시간 38분
12466,"어쩌다,결혼","코미디, 가족, 로맨스",대한민국,1시간 27분
8589,화차,"스릴러, 드라마",대한민국,1시간 57분
5966,몽타주,"드라마, 범죄, 스릴러",대한민국,2시간 0분
3483,러브픽션,"로맨스, 코미디",대한민국,2시간 1분
3208,사라진밤,"스릴러, 범죄",대한민국,1시간 41분
10748,13년의공백,"드라마, 가족",일본,1시간 21분
33,영화로운나날,다큐멘터리,,1시간 25분
9325,다니엘이즌리얼,"공포, 스릴러, 드라마, 판타지",미국,1시간 41분
14448,리틀프린세스소피아,"애니메이션, 가족, 코미디, 판타지",미국,24분
12665,창문넘어도망친100세노인,"드라마, 코미디, 유럽에서 제작",스웨덴,1시간 54분
11261,롱샷,"로맨스, 코미디",미국,2시간 5분
736,원더,"드라마, 가족",미국,1시간 53분
12828,메리포핀스리턴즈,"판타지, 가족, 코미디, 음악",미국,2시간 10분
13460,미스슬로운,"스릴러, 드라마, 범죄, 유럽에서 제작","프랑스, 미국",2시간 13분
2110,뷰티풀보이,드라마,미국,2시간 1분
7548,돈워리,"스릴러, 드라마",미국,2시간 3분
12743,봉신연의:불의검외전,"드라마, SF, 로맨스, 판타지, 역사",China,45분
5790,트립투스페인,"드라마, 코미디","영국, 스페인",1시간 55분
11851,해적:바다로간산적,"액션, 코미디, 판타지",대한민국,2시간 10분
7586,소년시절의너,"드라마, 범죄, 로맨스, 스릴러","홍콩, 영국, China",2시간 15분
12039,킨:더비기닝,"스릴러, SF, 액션, 드라마",미국,1시간 42분
4901,서바이벌리스트,"드라마, SF, 스릴러",영국,1시간 44분
2944,레이드:첫번째습격,"액션, 스릴러, 범죄","미국, 인도네시아, 프랑스",1시간 41분
9793,구미호가족,"음악, 코미디, 판타지",대한민국,1시간 41분
9455,컨테이젼,"드라마, 스릴러, SF","아랍에미리트, 미국",1시간 46분
8478,아부의왕,코미디,대한민국,1시간 58분
6261,은행나무침대,"액션, 로맨스",대한민국,1시간 57분
3748,눈의여왕2:트롤의마법거울,다큐멘터리,,1시간 25분
8091,퍼시픽림,"SF, 액션","멕시코, 미국",2시간 11분
13400,이집트왕자,"가족, 애니메이션, 드라마, 역사",미국,1시간 14분
12029,부산(2009),"액션, 드라마",대한민국,1시간 41분
1602,요가학원:죽음의쿤달리니,공포,대한민국,1시간 37분
3028,펜트하우스코끼리,"로맨스, 드라마",대한민국,2시간 24분
4298,미씽:사라진여자,"스릴러, 드라마",대한민국,1시간 40분
511,강철비,"스릴러, 액션, 드라마",대한민국,2시간 19분
2629,행복한장의사,"드라마, 코미디",대한민국,1시간 39분
12362,굿바이(2008),드라마,일본,2시간 10분
11150,양자물리학,"범죄, 액션, 코미디, 스릴러",대한민국,1시간 59분
11801,타이거마운틴,"액션, 스릴러, 전쟁, 역사","China, 홍콩",2시간 21분
3608,어멍,드라마,대한민국,1시간 35분
1729,촉산전2,드라마,China,1시간 31분
12885,아수라,"액션, 범죄, 스릴러",대한민국,2시간 16분
13370,몬스터호텔2,"코미디, 가족, 판타지, 애니메이션, 공포, 스릴러",미국,1시간 29분
8872,무에타이,"드라마, 액션, 스릴러",태국,1시간 56분
12135,로지(2018),"코미디, 로맨스, 스릴러, 드라마",미국,1시간 33분
3806,스노우화이트,"코미디, 드라마, 로맨스, 유럽에서 제작","프랑스, 벨기에",1시간 52분
10178,BB프로젝트(2006),"드라마, 액션, 코미디, 범죄, 가족, 스릴러",홍콩,2시간 16분
10459,일대종사곽가권,다큐멘터리,,1시간 25분
14545,노프라블랜드,,,1시간 10분
10705,라이언일병구하기,"드라마, 전쟁",미국,2시간 49분
8628,쿵푸팬더3,"액션, 코미디, 가족, 애니메이션, 판타지","China, 미국",1시간 35분
5720,더문(2009),다큐멘터리,,1시간 25분
2204,비포미드나잇(2013),"드라마, 로맨스","미국, 그리스",1시간 49분
13475,스파이키드4:올더타임인더월드,"드라마, 판타지, 코미디, 가족, SF, 액션",미국,1시간 29분
4004,내일,,프랑스,120분
8858,신황제를위하여,액션,대한민국,1시간 39분
9638,파이어스톰,"액션, 스릴러, 범죄",홍콩,1시간 45분
2140,클로이,"드라마, 스릴러, 유럽에서 제작","캐나다, 프랑스, 미국",1시간 36분
9802,해어화,"역사, 로맨스, 드라마, 음악",대한민국,2시간 0분
2833,연방보안관:제임스맥코드,"서부, 드라마, 액션, 유럽에서 제작",미국,1시간 32분
6694,외출(2005),다큐멘터리,,1시간 25분
13591,엔드오브어건,"액션, 범죄, 스릴러",미국,1시간 27분
1036,"님아,그강을건너지마오","다큐멘터리, 로맨스, 드라마",대한민국,1시간 26분
11211,서유기:철선녀의파초선,"판타지, 코미디, 드라마, 로맨스, 액션",홍콩,1시간 39분
1674,검신의제국2,다큐멘터리,,1시간 25분
12552,요괴외전,"판타지, 액션, 코미디",,1시간 16분
1111,신몽키킹:여인천국,다큐멘터리,,1시간 25분
12110,블루발렌타인,"드라마, 로맨스",미국,1시간 52분
13549,레거시오브라이즈,"스릴러, 액션","영국, 미국, Georgia, 네덜란드, 폴란드, 우크라이나",1시간 41분
13311,겟어웨이:끝없는도주,"스릴러, 액션, 범죄, 드라마","미국, 일본",1시간 55분
9191,언더월드2:에볼루션,"판타지, 액션, 스릴러",미국,1시간 46분
9530,워호스,"액션, 드라마, 전쟁",미국,2시간 6분
9010,시티오브갓(2002),"드라마, 범죄","브라질, 프랑스, 독일",2시간 9분
1525,퇴마전:마령검의비밀,"로맨스, 액션, 판타지","China, 홍콩",1시간 58분
1453,오션스트웰브,"스릴러, 범죄",미국,2시간 5분
4356,마다가스카3:이번엔서커스다!,"애니메이션, 가족, 코미디, 액션",미국,1시간 33분
7336,위베어베어스더무비,"애니메이션, 액션, 가족, 코미디, 판타지",미국,1시간 9분
5119,어글리돌,"코미디, 애니메이션, 음악, 가족, 판타지","China, 미국, 캐나다",1시간 28분
7070,스누피:더피너츠무비,"코미디, 드라마, 가족, 애니메이션",미국,1시간 28분
8435,닥터,"스릴러, 액션, 공포",대한민국,1시간 37분
14459,2009로스트메모리즈(2002),"스릴러, 드라마, 액션, SF",대한민국,2시간 16분
9676,홍반장,"스릴러, 액션, 코미디, 로맨스",대한민국,1시간 48분
8939,말할수없는비밀,"음악, 로맨스, 판타지, 드라마",대한민국,1시간 43분
7368,프란치스코,"드라마, 유럽에서 제작, 전쟁, 역사, 로맨스, 스릴러","스페인, Arjantin",1시간 44분
8064,독전,"스릴러, 범죄, 액션",대한민국,2시간 3분
12703,프리즈너,액션,대한민국,1시간 22분
9682,에릭클랩튼:기타의신,"다큐멘터리, 음악",영국,2시간 15분
9938,헝거게임:더파이널,"액션, SF, 스릴러, 유럽에서 제작","독일, 미국",2시간 16분
10952,2:22,"스릴러, SF, 드라마, 로맨스","영국, 미국, 호주",1시간 39분
14173,위오운더나잇,"범죄, 스릴러, 드라마",미국,1시간 58분
2652,컨저링,"공포, 스릴러",미국,1시간 52분
4670,소년은울지않는다,"범죄, 드라마, 로맨스",미국,1시간 58분
8272,더나이트클럭,"드라마, 로맨스, 스릴러, 범죄",미국,1시간 30분
3477,더블:달콤한악몽,"스릴러, 드라마, 코미디, SF",영국,1시간 33분
10431,킬러인리커버리,"공포, 스릴러",미국,1시간 27분
13056,도미노이펙트,"유럽에서 제작, 드라마",네덜란드,1시간 38분
7678,안소니짐머(2005),"스릴러, 범죄, 드라마, 로맨스, 유럽에서 제작",프랑스,1시간 30분
6853,피의자:사라진증거,"드라마, 스릴러",인도,1시간 47분
2060,비질란테,"드라마, 범죄, 액션, 스릴러",대한민국,45분
1640,트루스,"드라마, 스릴러, 역사","미국, 영국",2시간 5분
14382,인시던트,공포,미국,1시간 30분
5536,에멜리,"공포, 스릴러",미국,1시간 22분
8072,다이얼M을돌려라,"스릴러, 범죄, 드라마",미국,1시간 45분
4247,아이덴티티:11번째환자,스릴러,미국,1시간 30분
6973,오빠생각,,대한민국,124분
3449,악인전,"액션, 스릴러, 범죄",대한민국,1시간 50분
12924,미스테리어스스킨,드라마,"미국, 네덜란드",1시간 45분
9483,신보보경심,다큐멘터리,,1시간 25분
11525,오!문희,"로맨스, 드라마",대한민국,2시간 7분
10078,트립투이탈리아,"드라마, 코미디, 유럽에서 제작","영국, 이탈리아",1시간 48분
10199,나의산티아고,"코미디, 드라마, 가족, 유럽에서 제작","독일, 스페인",1시간 32분
1852,트라이앵글,"공포, 액션, 드라마, SF, 스릴러, 판타지, 유럽에서 제작","영국, 호주",1시간 38분
5853,설국열차,"드라마, 액션, SF, 스릴러, 유럽에서 제작",대한민국,2시간 7분
12726,협상,"스릴러, 범죄, 액션",대한민국,1시간 54분
4157,산이울다,"드라마, 액션, 로맨스","홍콩, China",1시간 47분
7731,13구역-언리미티드,"액션, 코미디",China,1시간 28분
5197,오늘의연애,"코미디, 로맨스, 드라마",대한민국,1시간 58분
9917,벤이즈백,"드라마, 유럽에서 제작",미국,1시간 43분
2267,문신을한신부님,"드라마, 유럽에서 제작","프랑스, 폴란드",1시간 56분
385,체게바라:1부아르헨티나,"전쟁, 드라마, 역사","프랑스, 미국, 스페인",2시간 14분
12271,반딧불이정원(2008),드라마,미국,1시간 39분
10255,실화:숨겨진비밀,"스릴러, 드라마, 유럽에서 제작","벨기에, 프랑스, 폴란드",1시간 37분
10048,대부3,"범죄, 드라마, 스릴러",미국,2시간 42분
4254,대부2,"드라마, 범죄",미국,3시간 22분
14303,미비포유,"드라마, 로맨스",미국,1시간 50분
6886,엽기적인그녀,"코미디, 로맨스, 드라마",대한민국,2시간 17분
13690,인타임,"액션, 스릴러, SF, 드라마",미국,1시간 49분
11728,은밀하고도매혹적인비밀수업:착한여자,"범죄, 드라마, 스릴러, 로맨스",대한민국,1시간 10분
13278,수어사이드스쿼드,"액션, 코미디, SF",미국,2시간 12분
13054,팬데믹,SF,미국,1시간 38분
699,인디펜던스데이[리마스터링],"액션, SF",미국,2시간 0분
4846,오블리비언,"액션, SF, 스릴러, 유럽에서 제작",미국,2시간 4분
8622,적인걸2:신도해왕의비밀,"액션, 범죄, 판타지, 드라마","China, 홍콩",2시간 14분
3986,쥬만지:새로운세계,"코미디, 판타지, 액션",미국,1시간 59분
11452,죠스2,"공포, 스릴러",미국,1시간 56분
3666,시실리2KM(2004),,대한민국,109분
4130,"광해,왕이된남자","드라마, 역사",대한민국,2시간 11분
2076,브로크백마운틴,"드라마, 로맨스, 유럽에서 제작","미국, 캐나다",2시간 14분
8184,범털,"범죄, 액션, 드라마",대한민국,1시간 48분
3354,싸움의기술2[무삭제판],액션,대한민국,1시간 7분
10298,걷기왕,"코미디, 드라마",대한민국,1시간 33분
4162,다이하드3,"액션, 스릴러",미국,2시간 8분
2711,무협강호,액션,China,1시간 0분
10056,백야협,다큐멘터리,,1시간 25분
12012,봉황천화:절대병기의비밀,다큐멘터리,,1시간 25분
10128,봉신대전,다큐멘터리,,1시간 25분
94,상흔,다큐멘터리,,1시간 25분
4392,거북이달린다(2009),"코미디, 드라마, 스릴러, 액션, 범죄",대한민국,1시간 57분
8329,미성년,"드라마, 로맨스",일본,22분
2053,박수건달,"코미디, 범죄, 드라마",대한민국,2시간 8분
2305,이트(2016),다큐멘터리,,1시간 25분
2279,제미니맨,"SF, 액션, 스릴러, 드라마","미국, China, 콜롬비아",1시간 57분
14137,다크나이트,"스릴러, 액션, 범죄, 드라마","영국, 미국",2시간 32분
6691,악마를보았다,"스릴러, 공포, 액션",대한민국,2시간 24분
4515,코러스(2004),"코미디, 음악, 드라마, 유럽에서 제작","프랑스, 스위스",1시간 37분
5985,빌리엘리어트(2000),"드라마, 코미디, 음악, 유럽에서 제작","프랑스, 영국, 미국",1시간 51분
9186,탑건,"액션, 드라마, 로맨스",미국,1시간 50분
13653,더아이덴티티,스릴러,미국,1시간 30분
7251,범죄와의전쟁:나쁜놈들전성시대,"스릴러, 액션, 범죄, 드라마",대한민국,2시간 13분
6468,표적,"로맨스, 코미디, 범죄, 드라마, 스릴러",미국,2시간 3분
4831,콘스탄틴,"판타지, 공포, 액션","미국, 독일",1시간 55분
14292,언프렌드,"공포, 스릴러, 유럽에서 제작","독일, 남아프리카공화국",1시간 32분
1216,모놀리스,"공포, 스릴러, SF, 드라마",호주,1시간 34분
7633,사운드웨이브,다큐멘터리,,1시간 25분
14524,더서클,Reality TV,"영국, 미국",52분
1748,서치,"스릴러, 드라마",미국,1시간 42분
147,아이.티.,"Reality TV, 액션, 스포츠",대한민국,1시간 23분
6664,패스트앤퓨리어스-도쿄드리프트,다큐멘터리,,1시간 25분
7636,말죽거리잔혹사,"드라마, 역사, 액션",대한민국,1시간 58분
2531,베이컨시,"스릴러, 공포, 코미디",미국,1시간 25분
7822,언힌지드,"공포, 액션, 스릴러","미국, 영국",1시간 30분
13459,기사윌리엄(2001),"액션, 로맨스, 드라마",미국,2시간 12분
12650,맨프롬엉클,"액션, 코미디",미국,1시간 56분
5348,장교와스파이,"드라마, 스릴러, 역사, 유럽에서 제작","이탈리아, 프랑스",2시간 12분
5194,드림랜드,"드라마, 스릴러, 서부","미국, 영국",1시간 38분
5719,마일22,"액션, 스릴러, 범죄","미국, China, 콜롬비아",1시간 34분
2147,나바론요새,"스릴러, 전쟁, 액션, 드라마","미국, 영국",2시간 40분
12666,미녀와야수(2017)[싱어롱],"판타지, 애니메이션, 가족",미국,1시간 12분
7437,맘마미아!2,"코미디, 로맨스","영국, 미국",1시간 54분
6233,에움길,다큐멘터리,,1시간 25분
5098,스탠리의도시락,"코미디, 가족, 드라마",인도,1시간 36분
462,페르디난드,"코미디, 드라마, 가족, 애니메이션",미국,1시간 46분
9201,치외법권,"액션, 범죄, 코미디",대한민국,1시간 44분
10463,노굿디드(2002),"스릴러, 범죄, 코미디, 드라마, 공포",미국,1시간 24분
7468,주디,"드라마, 역사, 음악, 로맨스, 유럽에서 제작",영국,1시간 58분
4297,음식남녀(1994),"코미디, 드라마, 로맨스","미국, 대만",2시간 4분
10881,뚜르드프랑스:기적의레이스,"코미디, 스포츠, 유럽에서 제작",프랑스,1시간 38분
5981,도쿄오아시스(2011),다큐멘터리,,1시간 25분
6065,포세이돈(2013),"스릴러, 액션, 드라마",미국,1시간 38분
3293,그레이트월,"액션, 판타지, 스릴러","China, 미국",1시간 43분
11627,불한당:나쁜놈들의세상,"스릴러, 액션, 범죄, 드라마",대한민국,2시간 0분
11789,시인할매,다큐멘터리,대한민국,1시간 27분
7305,도묘필기:제국의서막,"액션, 판타지","홍콩, China",2시간 3분
7836,도묘필기:미이라의부활,"액션, 판타지","홍콩, China",2시간 3분
14374,도묘필기3:제국의부활,,중국,103분
8448,이별계약,"로맨스, 드라마","China, 대한민국",1시간 41분
6306,러브,"드라마, 로맨스, 유럽에서 제작","브라질, 벨기에, 프랑스",2시간 14분
10135,시칠리아햇빛아래,다큐멘터리,,1시간 25분
7582,파풍:스피드매치,"로맨스, 액션, 드라마, 스포츠","China, 대만, 홍콩",2시간 5분
13550,아현재상애:나이제사랑하고싶어,다큐멘터리,,1시간 25분
1600,그래도좋아해,"코미디, 로맨스, 드라마",China,1시간 46분
6136,포드V페라리,"드라마, 액션, 역사, 스포츠",미국,2시간 33분
2265,이웃집에신이산다,"코미디, 판타지, 유럽에서 제작, 드라마","룩셈부르크, 벨기에, 프랑스",1시간 54분
10375,너를만난여름,"로맨스, 드라마",China,1시간 50분
3070,더커리어,"범죄, 드라마, 스릴러, 액션",영국,1시간 39분
3934,"안녕,나의소녀","로맨스, 코미디","China, 홍콩, 대만",2시간 13분
13719,이프온리(2004),"드라마, 판타지, 로맨스, 코미디","영국, 미국",1시간 32분
7373,프리즌,"범죄, 액션, 스릴러, 애니메이션",대한민국,2시간 5분
13490,잔다라어게인:불멸의사랑파트2,다큐멘터리,,1시간 25분
1686,팅커벨,"애니메이션, 가족, 액션, 판타지","인도, 미국",1시간 18분
14083,무드인디고,"드라마, 판타지, 유럽에서 제작, 코미디, 로맨스","프랑스, 영국",2시간 11분
9665,라이온킹,"드라마, 애니메이션, 가족, 액션",미국,1시간 29분
9618,원초적본능2[리마스터링],"드라마, 로맨스, 판타지, 공포",미국,1시간 34분
7401,굿나잇마미,"공포, 스릴러, 범죄, 드라마","프랑스, 미국",1시간 32분
11396,1919유관순,다큐멘터리,대한민국,1시간 19분
161,우리들,"드라마, 가족, 유럽에서 제작",대한민국,1시간 35분
2840,귀향(2016),"드라마, 로맨스, 코미디, 유럽에서 제작",스페인,2시간 1분
13493,"귀향,끝나지않은이야기","다큐멘터리, 드라마, 역사, 전쟁",대한민국,1시간 36분
953,부에나비스타소셜클럽2:아디오스,"다큐멘터리, 음악","미국, 쿠바",1시간 50분
6972,액트오브디파이언스,드라마,"남아프리카공화국, 네덜란드",2시간 4분
1330,사랑과욕망의짐노페디,"드라마, 로맨스",일본,1시간 22분
2820,내부자들:디오리지널,"범죄, 드라마, 액션, 스릴러",대한민국,2시간 10분
12316,바그다드카페:디렉터스컷,"코미디, 드라마, 유럽에서 제작",독일,1시간 48분
27,마법에걸린사랑,"코미디, 가족, 판타지, 로맨스, 애니메이션",미국,1시간 58분
14032,샤오린:최후의결전,"액션, 드라마","홍콩, China",2시간 11분
12421,프랑스여자,드라마,대한민국,1시간 29분
6678,대가리3:일진후배들,액션,대한민국,1시간 46분
6190,경계선,"판타지, 범죄, 애니메이션, 드라마, 로맨스, SF, 스릴러, 유럽에서 제작","스웨덴, 덴마크",1시간 49분
2995,소나기(1978),"애니메이션, 드라마, 로맨스",대한민국,48분
14425,버드맨,"드라마, 코미디",미국,1시간 59분
7109,라스트베르메르,,미국,117분
1383,더와이프,"드라마, 유럽에서 제작","스위스, 영국, 미국, 스웨덴",1시간 40분
689,로켓맨,"드라마, 음악, 역사","영국, 미국",2시간 1분
8449,스킨,"로맨스, 드라마, 범죄","브라질, 캐나다, China, 미국",1시간 50분
3775,살아있는시체들의섬,공포,영국,1시간 46분
11031,할로윈:살인마잭,"공포, 스릴러",영국,1시간 30분
3716,프로즌그라운드,"스릴러, 범죄, 드라마","미국, 독일, 영국",1시간 45분
11547,웃는남자(2012),음악,대한민국,2시간 22분
9836,룩어웨이,다큐멘터리,,1시간 25분
4775,마터스:천국을보는눈,"공포, 드라마, 스릴러, 유럽에서 제작","캐나다, 프랑스",1시간 39분
8938,서치아웃,스릴러,대한민국,1시간 32분
12580,미쓰GO(2012),"액션, 코미디",대한민국,1시간 55분
6017,사바하,"스릴러, 공포, 범죄",대한민국,2시간 2분
14008,덕수리5형제(2014),다큐멘터리,,1시간 25분
6498,달나라에사는여인,"드라마, 로맨스, 유럽에서 제작","벨기에, 프랑스",2시간 0분
3637,5X2,"드라마, 유럽에서 제작, 로맨스",프랑스,1시간 31분
6373,택시드라이버,"범죄, 드라마",미국,1시간 54분
10742,레스큐언더파이어,"전쟁, 액션, 드라마, 스릴러, 유럽에서 제작",스페인,1시간 33분
738,에이브의쿠킹다이어리,"코미디, 드라마","미국, 브라질",1시간 25분
281,버니드롭(2011),"드라마, 코미디",일본,1시간 54분
9335,마인드헌터(2004),"드라마, 스릴러, 범죄",미국,53분
13124,큐브,"SF, 스릴러, 공포",캐나다,1시간 30분
2128,봄날은간다,"로맨스, 드라마",대한민국,1시간 55분
14167,부라더,"코미디, 판타지",대한민국,1시간 42분
14427,너의얼굴은,"드라마, 코미디, 로맨스",미국,1시간 32분
4161,엽문3:최후의대결,"액션, 드라마, 역사, 범죄","China, 홍콩",1시간 45분
6412,트랜스포머:사라진시대,"SF, 액션, 코미디, 스릴러",미국,2시간 45분
1811,패딩턴,"코미디, 액션, 가족, 판타지, 유럽에서 제작","프랑스, 영국",1시간 35분
1601,리버풀클롭의숨겨진우승스토리,다큐멘터리,영국,44분
10017,윈드토커,"전쟁, 액션, 드라마",미국,2시간 14분
16,벌룬,"드라마, 역사, 스릴러, 유럽에서 제작","프랑스, 독일",2시간 5분
10673,페인티드버드,"전쟁, 드라마, 스릴러, 공포","슬로바키아, 체코 공화국, 우크라이나",2시간 49분
594,홀로코스트,공포,"콜롬비아, 이탈리아",1시간 35분
6564,다운폴,"역사, 전쟁, 드라마, 유럽에서 제작","오스트리아, 독일, 이탈리아",2시간 35분
2836,포화속의우정,"전쟁, 드라마, 다큐멘터리, 액션, 역사, 유럽에서 제작",독일,1시간 32분
10472,베스테르플라테전투,"드라마, 역사, 전쟁, 유럽에서 제작","폴란드, 리투아니아",1시간 58분
6703,내겐너무어려운연애,"코미디, 드라마, 유럽에서 제작",이탈리아,1시간 24분
4351,화양연화(2000)[리마스터링],"드라마, 로맨스","프랑스, 홍콩",1시간 38분
2382,이층의악당(2010),"코미디, 범죄, 로맨스",대한민국,1시간 55분
12199,쉐이드,"스릴러, 범죄",미국,1시간 41분
13681,그놈이다,"스릴러, 범죄",대한민국,1시간 49분
14332,해빙,스릴러,대한민국,1시간 57분
12292,U235:무적의잠수함,"액션, 전쟁, 역사, 유럽에서 제작","몰타, 네덜란드, 벨기에",1시간 50분
5621,레전드인더스카이,"드라마, 전쟁, 역사",터키,1시간 53분
6002,나이팅게일(2020),"드라마, 스릴러, 서부","호주, 미국, 캐나다",2시간 16분
3985,더록(1996),"스릴러, 액션",미국,2시간 16분
480,딜린저,"드라마, 범죄, 액션",미국,1시간 47분
8642,닥터스트레인지,"액션, 판타지, SF",미국,2시간 6분
8089,치즈인더트랩(2018),"로맨스, 드라마",대한민국,1시간 53분
5930,셜록:유령신부[다국어자막],"드라마, 스릴러, 범죄",영국,1시간 30분
10703,반고흐:위대한유산,드라마,영국,2시간 25분
6829,7번방의선물,"드라마, 코미디",대한민국,2시간 7분
12111,오직그대만,"드라마, 로맨스, 액션",대한민국,1시간 48분
1254,그녀의비밀정원,"드라마, 로맨스",대한민국,1시간 27분
14387,트랩트(2002),"스릴러, 범죄, 드라마",아이슬란드,43분
1903,스푹스:MI5,"스릴러, 액션, 드라마",영국,1시간 44분
3743,폭스캐처,"스릴러, 드라마, 역사, 스포츠",미국,2시간 9분
9759,열두번째용의자,"스릴러, 범죄, 드라마, 역사",대한민국,1시간 42분
203,7년:그들이없는언론,"다큐멘터리, 역사",대한민국,1시간 50분
4412,독도Korea,다큐멘터리,,1시간 25분
1979,삽질,"다큐멘터리, 범죄",대한민국,1시간 48분
2422,토르:라그나로크,"코미디, SF, 액션, 판타지",미국,2시간 10분
11444,곤지암,"공포, 스릴러",대한민국,1시간 35분
11455,귀곡성:귀신을부르는소리,다큐멘터리,,1시간 25분
7263,퍼시픽림:업라이징,"판타지, SF, 액션",미국,1시간 51분
4228,판의미로:오필리아와세개의열쇠,"드라마, 전쟁, 판타지, 유럽에서 제작","멕시코, 스페인, 미국",1시간 58분
10454,레이서앤제일버드,"드라마, 로맨스, 범죄, 스릴러, 유럽에서 제작","네덜란드, 벨기에, 프랑스",2시간 10분
1858,문라이트,드라마,미국,1시간 51분
6750,오타쿠에게사랑은어려워,코미디,일본,1시간 54분
9602,재밌는영화,"코미디, 액션",대한민국,2시간 2분
13604,싸움의기술,"코미디, 드라마",대한민국,1시간 40분
1334,제인에어(1996),"드라마, 로맨스","영국, 미국",2시간 0분
7159,심야식당(2015),드라마,대한민국,30분
9928,"집에돌아오면,언제나아내가죽은척을하고있다","코미디, 드라마",일본,1시간 55분
871,라스트보이,"공포, 판타지, 스릴러","영국, 미국, 독일, 인도",1시간 58분
7137,섹스트립,"코미디, 판타지",미국,1시간 30분
3245,바람난가족(2003),"드라마, 범죄, 로맨스",대한민국,1시간 46분
9692,완득이,"드라마, 코미디, 스포츠, 가족",대한민국,1시간 50분
816,벤허(1959),드라마,미국,3시간 32분
2781,노틀담의꼽추(1956),"드라마, 로맨스, 애니메이션, 가족",미국,1시간 31분
5372,화려한휴가,"드라마, 역사",대한민국,1시간 58분
13085,불새(1997),"드라마, 로맨스, 전쟁","에스토니아, 영국, 미국",1시간 47분
11113,무림9대문파:항하살수,"액션, 스릴러",China,1시간 19분
8999,지구침공:컨테이젼,"액션, 드라마, SF","프랑스, 영국",1시간 38분
11194,101마리의달마시안개(1961),애니메이션,미국,79분
10302,"아무튼,아담",드라마,미국,1시간 40분
3319,포르노스캔들,다큐멘터리,,1시간 25분
446,정글(2018),"드라마, 스릴러, 액션, 유럽에서 제작","영국, 호주, 콜롬비아",1시간 55분
5825,쇼독스:언더커버캅스,다큐멘터리,,1시간 25분
8925,바이스,"드라마, 역사, 코미디",미국,2시간 12분
9120,피와뼈(2004),드라마,일본,2시간 24분
963,언더더씨,애니메이션,미국,1시간 12분
5306,108영웅:전설의무공,다큐멘터리,,1시간 25분
11809,의형제(2010),"스릴러, 드라마, 액션",대한민국,1시간 57분
10270,충격과공포,"스릴러, 드라마, 역사, 전쟁",미국,1시간 30분
7406,팅커벨4:날개의비밀,"판타지, 액션, 애니메이션, 가족","인도, 미국",1시간 32분
13551,쓰리썸씽,코미디,미국,1시간 11분
264,잉글리쉬페이션트,"드라마, 로맨스, 전쟁","영국, 미국",2시간 42분
4891,당신이사랑하는동안에(2004),"드라마, 스릴러, 로맨스",미국,1시간 55분
7820,브루클린,"로맨스, 드라마, 역사, 유럽에서 제작","아일랜드, 영국, 캐나다",1시간 51분
1935,걸어도걸어도,"드라마, 가족, 다큐멘터리",일본,1시간 54분
5377,해피해피브레드,"코미디, 드라마",일본,1시간 54분
7208,맨체스터바이더씨,,미국,137분
6916,언노운솔저디오리지날,다큐멘터리,,1시간 25분
11710,디스민즈워,"액션, 코미디, 로맨스",미국,1시간 38분
14530,설계,"스릴러, 유럽에서 제작, 범죄",대한민국,1시간 36분
1117,나인스라이프,다큐멘터리,,1시간 25분
12971,사이드이펙트(2016),"범죄, 드라마, 스릴러",미국,1시간 46분
9417,액트오브킬링,"범죄, 역사, 전쟁, 다큐멘터리","노르웨이, 영국, 덴마크, 인도네시아",1시간 57분
1293,미녀삼총사3,"코미디, 액션",미국,1시간 59분
5879,"크레이지,스투피드,러브","로맨스, 코미디, 드라마",미국,1시간 58분
8754,첩혈쌍웅:디오리지널,"액션, 범죄, 드라마, 스릴러",홍콩,1시간 50분
2155,시크릿인데어아이즈,"범죄, 스릴러, 드라마","영국, 미국, 대한민국, 스페인",1시간 51분
3311,인비저블맨,"스릴러, SF, 공포, 드라마","호주, 미국",2시간 4분
12769,닥터두리틀(2020),"판타지, 액션, 가족, 코미디","미국, China",1시간 41분
5852,처키의저주,"공포, 스릴러",미국,1시간 37분
8654,동주,"드라마, 역사",대한민국,1시간 51분
1707,스윈들러,드라마,대한민국,1시간 33분
13366,판타스틱썸머,"코미디, 로맨스, 드라마",미국,1시간 42분
5096,왕의남자,"역사, 스릴러, 드라마",대한민국,2시간 1분
6177,나의청춘은너의것,"로맨스, 코미디","China, 대만",1시간 30분
13851,나비잠,"드라마, 로맨스","일본, 대한민국",1시간 51분
12357,토르:천둥의신,"액션, 판타지",미국,1시간 55분
7910,엑스맨:데이즈오브퓨처패스트,"액션, SF, 스릴러",미국,2시간 12분
8338,스파이(2015),"범죄, 액션, 코미디",미국,2시간 0분
1003,마이애미핫가이즈,"코미디, 음악, 유럽에서 제작",네덜란드,1시간 55분
7662,미이라리턴즈,"액션, 판타지, 공포",미국,1시간 20분
12671,스타이즈본,"드라마, 음악, 로맨스",미국,2시간 15분
5827,고스트스토리,"드라마, 판타지, 로맨스",미국,1시간 27분
12773,독전:익스텐디드컷,"범죄, 액션, 스릴러",대한민국,2시간 3분
1962,메카닉,"스릴러, 범죄, 액션","독일, 미국",1시간 33분
6457,사랑하기때문에,"로맨스, 드라마, 판타지",대한민국,1시간 50분
13457,나는왕이로소이다,"코미디, 드라마, 역사",대한민국,2시간 0분
9242,좋은날,"드라마, 로맨스, 역사",대한민국,2시간 2분
2976,인어전설,"코미디, 드라마",대한민국,1시간 46분
14293,미쓰와이프,,대한민국,1시간 40분
12499,백설공주살인사건,다큐멘터리,,1시간 25분
8305,클릭,"코미디, 드라마, 판타지, 로맨스",미국,1시간 47분
13889,더건맨:테이큰감독뉴프로젝트,"액션, 드라마, 범죄, 전쟁, 유럽에서 제작, 스릴러","스페인, 영국, 미국, 프랑스",1시간 55분
1101,오펀:천사의비밀,"공포, 스릴러",미국,2시간 3분
12837,피아니스트의전설,"드라마, 음악, 유럽에서 제작, 로맨스","이탈리아, 우크라이나",2시간 50분
2776,나는부정한다,"드라마, 역사","영국, 미국",1시간 49분
6330,사운드오브뮤직(1965),"드라마, 가족, 로맨스",미국,2시간 54분
6268,스탈린이죽었다!,"코미디, 드라마, 역사, 유럽에서 제작","벨기에, 캐나다, 프랑스, 영국, 미국",1시간 47분
10549,스웨그,"드라마, 로맨스",대한민국,1시간 28분
6365,안경(2007),"코미디, 드라마",일본,1시간 46분
5104,아웃포스트(2020),"역사, 액션, 전쟁, 드라마",미국,2시간 3분
2233,밀정,"액션, 스릴러, 역사",대한민국,2시간 20분
10503,계약연애,"로맨스, 드라마",China,1시간 36분
8267,크리미널,"범죄, SF, 액션, 스릴러","영국, 미국, 불가리아, 프랑스",1시간 53분
11314,사랑방손님과어머니,다큐멘터리,,1시간 25분
5232,공작부인:세기의스캔들,"로맨스, 드라마, 역사, 스릴러, 유럽에서 제작","영국, 프랑스, 이탈리아",1시간 50분
12105,다이하드,"액션, 스릴러",미국,2시간 12분
10016,콘에어(1997),"스릴러, 범죄, 액션",미국,1시간 56분
8055,하얀리본(2009),"드라마, 스릴러, 유럽에서 제작","이탈리아, 독일, 오스트리아, 프랑스",2시간 24분
3909,모스트원티드맨,"스릴러, 범죄, 드라마, 유럽에서 제작","미국, 벨기에, 독일, 영국",2시간 2분
2924,더홀,다큐멘터리,,1시간 25분
10205,콜오브와일드,"액션, 가족, 드라마",미국,1시간 40분
1451,슈렉,"애니메이션, 판타지, 로맨스, 코미디, 가족",미국,1시간 30분
9446,3022:지구대폭발,SF,미국,1시간 30분
7322,폴워커의네고시에이터,,"미국, 독일",97분
4572,공포의신생아실,"공포, 스릴러",미국,1시간 28분
12850,잠못드는공포이야기,다큐멘터리,,1시간 25분
8855,꼬마유령[우리말],"코미디, 가족, 판타지",미국,1시간 40분
1537,공포극장:절규편,공포,일본,1시간 14분
4508,몬스터런,"액션, 판타지, SF, 스릴러, 드라마","홍콩, 미국, China",1시간 44분
2393,아일랜드제로,"공포, 스릴러, 드라마, SF",미국,1시간 40분
8391,바바둑,"드라마, 공포","캐나다, 호주",1시간 33분
8639,인시디어스4:라스트키,"공포, 스릴러, 다큐멘터리",미국,1시간 43분
4290,세일즈우먼,다큐멘터리,,1시간 25분
14090,컨택트,"드라마, SF, 스릴러",미국,1시간 56분
2871,데빌데쓰,다큐멘터리,,1시간 25분
9254,블랙스완,"드라마, 스릴러, 공포",미국,1시간 48분
10500,소년파르티잔,"스릴러, 드라마","호주, 미국",1시간 38분
2988,애송이,다큐멘터리,,1시간 25분
1269,성판17,다큐멘터리,,1시간 25분
7456,체온-그녀의온도,,일본,72분
8787,1+3,"드라마, 액션, 스릴러",미국,43분
6080,롤플레이2:동침,"드라마, 전쟁, 코미디, 로맨스",대한민국,2시간 15분
1366,까시,"드라마, 공포, 액션",대한민국,1시간 43분
2890,비투스(2006),"음악, 드라마, 유럽에서 제작",스위스,2시간 0분
8369,스티브잡스,"드라마, 역사","영국, 미국",2시간 2분
8462,포가튼러브,"로맨스, 드라마",폴란드,2시간 20분
13065,길(2016),"드라마, 유럽에서 제작",이탈리아,1시간 55분
10632,메기,"코미디, 드라마",대한민국,1시간 28분
5875,시크릿가든,"코미디, 드라마, SF, 판타지, 로맨스",대한민국,1시간 1분
3300,골든슬럼버(2018),"스릴러, 액션",대한민국,1시간 48분
12293,창궐,"공포, 드라마, 판타지, 액션, 서부, 역사, 스릴러",대한민국,2시간 2분
7428,타락천사[리마스터링],"액션, 로맨스, 범죄, 드라마, 코미디",홍콩,1시간 38분
11414,더프린세스:도둑맞은공주,"가족, 애니메이션, 코미디, 액션, 판타지",우크라이나,1시간 25분
8797,돈의맛:금지된거래,드라마,대한민국,1시간 12분
13711,입영전야,로맨스,대한민국,1시간 30분
1077,베이비티스,"코미디, 드라마, 로맨스, 공포",호주,1시간 58분
13945,레고배트맨무비,"코미디, 가족, 애니메이션, 액션, 판타지, SF, 유럽에서 제작","덴마크, 호주, 미국",1시간 44분
3282,룸메이트(2014),"Reality TV, 드라마, 코미디",대한민국,1시간 20분
10724,캐리비안의해적:망자의함,"액션, 판타지",미국,2시간 31분
4716,캐리비안의해적:세상의끝에서,"액션, 판타지",미국,2시간 49분
4955,캐리비안의해적:죽은자는말이없다,"액션, 판타지",미국,2시간 9분
5795,백문오갑,다큐멘터리,,1시간 25분
12660,롤플레이(2012),"코미디, 로맨스, 액션","독일, 미국, 프랑스",1시간 41분
10677,내머리속의지우개,"드라마, 로맨스",대한민국,1시간 57분
10362,마법의성(2002),"드라마, 로맨스, 코미디",대한민국,1시간 48분
11805,패트리어트:늪속의여우,"드라마, 전쟁, 액션","독일, 미국",2시간 45분
1021,이비자,"코미디, 유럽에서 제작","벨기에, 프랑스, 스페인",1시간 26분
10695,잔칫날,다큐멘터리,,1시간 25분
5493,뷰티인더글라스,"SF, 드라마",미국,1시간 21분
9623,마담싸이코,"스릴러, 드라마, 유럽에서 제작","홍콩, 아일랜드, 대한민국, 미국, 캐나다",1시간 38분
3349,킬링디어,"드라마, 스릴러, 공포","영국, 미국, 아일랜드",2시간 1분
8337,바람바람바람,"코미디, 드라마",대한민국,1시간 40분
4922,28시간후:더비기닝,공포,미국,1시간 39분
4653,28주후,"공포, SF, 스릴러","영국, 스페인",1시간 39분
6830,얼론,"액션, 공포, SF, 드라마, 스릴러",대한민국,1시간 38분
6704,작은아씨들(1949),"로맨스, 드라마",미국,2시간 15분
9249,소공녀(1939),"드라마, 로맨스, 코미디",대한민국,1시간 45분
12409,통메모리즈[확장판],"드라마, 액션",대한민국,12분
7608,매트릭스2:리로디드,"스릴러, 액션, SF",미국,2시간 18분
2472,리:본,"액션, 코미디, 드라마, 판타지",,1시간 53분
5913,짱[무삭제판],다큐멘터리,,1시간 25분
6432,독고리와인드(2018)[하],"드라마, 액션",대한민국,10분
10954,아인,"스릴러, 애니메이션, 액션, 드라마, 판타지, 공포, SF",일본,23분
6519,청설(2009),"드라마, 로맨스",대한민국,1시간 49분
3855,천룡팔부-두전창궁,"드라마, 액션",China,43분
2591,교주전:천공의눈,"판타지, 액션, 코미디, 로맨스",China,1시간 48분
8594,아이캔스피크,"드라마, 코미디",대한민국,1시간 59분
9172,암살교실,"애니메이션, 액션, 코미디, 가족, 판타지, SF",일본,23분
13279,황비홍-천하무인,"드라마, 액션",홍콩,2시간 14분
8389,유전,"스릴러, 공포, 드라마","영국, 미국",2시간 8분
677,<소울>나의이웃[별도편성],"드라마, 코미디","이스라엘, 폴란드",1시간 36분
5854,스킵트레이스:합동수사,"액션, 범죄, 코미디, 스릴러","홍콩, 미국, China",1시간 47분
7353,크루즈패밀리[2D],"가족, 판타지, 애니메이션, 코미디, 액션","프랑스, 미국",24분
8871,빅풋주니어2:패밀리가떴다,"애니메이션, 액션, 가족","Faroe Islands, 벨기에, 프랑스",1시간 37분
5406,엘♥디케이러브하우스,로맨스,일본,1시간 47분
4527,아이엠마더,"스릴러, SF, 드라마","미국, 룩셈부르크, 호주",1시간 55분
8304,거룩한분노,"코미디, 드라마, 유럽에서 제작",스위스,1시간 40분
11439,더클리닉(2009),"범죄, 스릴러, 공포",호주,1시간 34분
5599,래비지,"공포, 스릴러, 드라마",미국,1시간 24분
12413,퍼미션,"드라마, 코미디, 로맨스",미국,1시간 39분
9141,포러버즈,"로맨스, 유럽에서 제작",프랑스,1시간 43분
13822,팜스윙스스와핑클럽,"드라마, 코미디, 로맨스",미국,1시간 35분
11385,가을의마티네,"로맨스, 드라마",미국,2시간 4분
4361,스모킹에이스(2007),"액션, 코미디, 범죄, 스릴러, 드라마, 유럽에서 제작","영국, 미국, 프랑스",1시간 49분
4770,밀정1930,다큐멘터리,,1시간 25분
3247,첨밀밀,"로맨스, 드라마",홍콩,1시간 58분
5090,무협:강호수사대,액션,China,1시간 0분
13473,그강아지그고양이,다큐멘터리,,1시간 25분
1988,택시2,다큐멘터리,,1시간 25분
2560,니드포스피드,"드라마, 스릴러, 액션, 범죄, 유럽에서 제작","미국, 인도",2시간 11분
13291,"국군29초영화제수상작[일반,청소년부]",다큐멘터리,,1시간 25분
6744,러브앳,"드라마, 로맨스",미국,1시간 31분
13952,노트북,"로맨스, 드라마",미국,2시간 3분
13430,구스범스:몬스터의역습,"판타지, 공포, 코미디",미국,1시간 30분
758,파라노말액티비티,"공포, 스릴러",미국,1시간 31분
12608,로즈와마틴의유령퇴치주식회사,"공포, 판타지, 코미디, 애니메이션, 유럽에서 제작","벨기에, 아일랜드",1시간 34분
4171,마이리틀자이언트,"액션, 가족, 판타지","인도, 영국, 미국",1시간 57분
1512,세븐데이투리브,다큐멘터리,,1시간 25분
8359,주피터스문,"SF, 스릴러, 드라마, 판타지, 유럽에서 제작","독일, 헝가리, 프랑스",2시간 9분
8857,로건,"액션, 드라마, SF, 스릴러",미국,2시간 17분
3951,시라이,다큐멘터리,,1시간 25분
5483,인간실격,"드라마, 스릴러",일본,2시간 0분
12555,으라차차!마이러브,"드라마, 코미디",대한민국,1시간 6분
8367,스파이지니어스,"코미디, 드라마, 가족, SF, 스릴러, 애니메이션, 액션",미국,1시간 42분
2063,나의인생여행,"드라마, 역사, 로맨스",영국,1시간 25분
7054,비홀드마이하트,드라마,미국,1시간 20분
10157,스켈리톤키(2005),"스릴러, 드라마, 공포","독일, 미국",1시간 44분
10656,서스페리아,"공포, 드라마, 판타지, 스릴러, 유럽에서 제작","이탈리아, 미국",2시간 32분
4715,도망자(1993),"드라마, 액션, 스릴러, 범죄",미국,2시간 11분
3919,열혈남아(1987),"드라마, 범죄, 로맨스",홍콩,1시간 38분
7156,영화판(2012),다큐멘터리,,1시간 25분
10380,사대문파,"액션, 드라마",홍콩,1시간 45분
4554,무협양축검접,"로맨스, 액션",홍콩,1시간 42분
55,당갈,"드라마, 코미디, 액션, 스포츠",인도,2시간 41분
7887,"다시,뜨겁게사랑하라!","드라마, SF, 판타지, 로맨스",대한민국,30분
13852,"은밀한계절,봄",드라마,멕시코,1시간 40분
3738,오리지널씬(2001),"역사, 스릴러, 드라마, 로맨스, 범죄, 유럽에서 제작","미국, 영국, 프랑스, 스위스",1시간 56분
9026,바운티헌터(2010),"로맨스, 액션, 코미디",미국,1시간 50분
11820,샤크(2004),"액션, 코미디, 가족, 애니메이션, 스릴러",미국,1시간 30분
2813,수퍼배드(2007),코미디,미국,1시간 53분
5508,마더!,"드라마, 스릴러, 범죄, 유럽에서 제작",대한민국,2시간 9분
6650,엑스텐션(2003),"공포, 스릴러, 유럽에서 제작","루마니아, 프랑스",1시간 31분
12150,무서운집,"공포, 코미디",대한민국,1시간 38분
2493,개를훔치는완벽한방법,"코미디, 드라마, 가족, 범죄",대한민국,1시간 49분
12156,에이트빌로우(2006),"가족, 액션, 드라마","미국, 독일, 영국",2시간 0분
6506,울프콜,"스릴러, 액션, 유럽에서 제작",프랑스,1시간 56분
5262,핀란드메탈밴드,"코미디, 음악, 유럽에서 제작","벨기에, 핀란드, 노르웨이",1시간 32분
14490,어드리프트:우리가함께한바다,"로맨스, 액션, 스릴러, 드라마, 유럽에서 제작","아이슬란드, 미국",1시간 36분
6436,윈드리버,"스릴러, 범죄, 드라마, 서부","미국, 프랑스, 영국",1시간 47분
4824,샤크프렌지,"공포, 스릴러, 드라마, SF, 액션",미국,1시간 25분
9223,2차세계대전타임트랙,"액션, SF, 전쟁, 스릴러, 판타지",미국,1시간 30분
4368,사라의열쇠,"드라마, 전쟁, 유럽에서 제작",프랑스,1시간 51분
12610,아우슈비츠,"전쟁, 드라마, 스릴러",영국,1시간 27분
527,홀로코스트:소비보르탈출,"드라마, 역사, 스릴러, 전쟁, 유럽에서 제작",러시아,1시간 50분
14482,절청풍운3,다큐멘터리,,1시간 25분
12009,퍼시잭슨과번개도둑,"판타지, 가족, 액션",미국,1시간 58분
7679,캣츠앤독스2,"코미디, 판타지, 액션, 가족",미국,1시간 22분
2454,OCEAN가입하기,다큐멘터리,,1시간 25분
789,몽루아,"드라마, 로맨스, 유럽에서 제작, 다큐멘터리",프랑스,2시간 5분
9048,슬렌더맨,"공포, 스릴러",미국,1시간 33분
2181,딥언더워터,"드라마, 공포, 스릴러",미국,1시간 25분
4813,로쿠로쿠요괴괴담,다큐멘터리,,1시간 25분
4553,운동회(2018),"코미디, 가족",대한민국,1시간 15분
5411,인턴형사오견식,"액션, 범죄, 드라마",대한민국,1시간 17분
2405,위대한유산,"드라마, 역사",미국,2시간 6분
84,애프터라이프,"코미디, 드라마",영국,28분
1362,애정의조건,"드라마, 코미디",미국,2시간 12분
9606,풀잎들,드라마,대한민국,1시간 6분
160,도망친여자,드라마,대한민국,1시간 17분
2148,마드모아젤C,"다큐멘터리, 유럽에서 제작",프랑스,1시간 33분
8915,늑대의유혹,"드라마, 액션, 로맨스",대한민국,1시간 53분
9102,시스터액트(1992),"음악, 코미디, 가족",미국,1시간 40분
5189,듀데이트,"코미디, 드라마",미국,1시간 35분
7269,빌로우허,"드라마, 로맨스",캐나다,1시간 31분
9038,내사랑내곁에,"드라마, 로맨스",대한민국,2시간 1분
9829,아이언맨3,"액션, SF",미국,2시간 20분
13303,타이탄의분노,"액션, 판타지","미국, 스페인",1시간 39분
11861,헤라클레스(1997),"코미디, 로맨스, 애니메이션, 액션, 가족, 판타지, 유럽에서 제작",미국,1시간 33분
14499,라스트크리스마스,"드라마, 로맨스, 코미디, 판타지, 유럽에서 제작",영국,1시간 43분
4617,쓰리썸머나잇[무삭제판],다큐멘터리,,1시간 25분
5397,즐거운인생,"드라마, 음악, 코미디",대한민국,1시간 52분
7417,슈퍼펫,"코미디, 가족, 애니메이션, 액션, 판타지",영국,1시간 28분
4812,<소울>조가드너를만나다[별도편성],다큐멘터리,,1시간 25분
10035,치하야후루상편,"드라마, 로맨스, 스포츠, 코미디",일본,1시간 51분
10524,호텔뭄바이,"드라마, 스릴러, 액션, 역사","미국, 영국, 호주, 싱가포르",2시간 5분
7015,군함도[감독판],"액션, 드라마, 역사",대한민국,2시간 12분
4448,나의한국어선생님,"로맨스, 코미디",일본,1시간 38분
7476,가타카(1997),"스릴러, SF, 로맨스, 드라마",미국,1시간 47분
121,블러드샷,"액션, SF","미국, China",1시간 49분
9461,최고의이야기,다큐멘터리,,1시간 25분
7027,기술자들,"드라마, 액션, 범죄, 스릴러",대한민국,1시간 56분
536,굿모닝프레지던트,"드라마, 코미디",대한민국,2시간 11분
5671,사랑의선물,"역사, 드라마",대한민국,1시간 28분
3584,심야식당:식도락,드라마,대한민국,30분
14019,미스터쉐프,"코미디, 드라마","홍콩, China",1시간 38분
11107,마사의부엌,"로맨스, 코미디, 유럽에서 제작, 드라마","스위스, 독일, 이탈리아, 오스트리아",1시간 46분
325,엄마의레시피,다큐멘터리,,1시간 25분
5844,님포매니악볼륨1,"드라마, 유럽에서 제작","독일, 벨기에, 덴마크, 프랑스, 스웨덴",1시간 58분
303,연가시,"스릴러, 드라마, SF",대한민국,1시간 49분
13489,라스칼라갈라콘서트:별들을다시보려고,다큐멘터리,,1시간 25분
680,페인앤글로리,"드라마, 유럽에서 제작",스페인,1시간 54분
8711,낫디엔드,"코미디, 액션, 판타지, SF",미국,1시간 46분
13808,택시(2015),"코미디, 범죄, 액션, 유럽에서 제작",프랑스,1시간 26분
10392,레토,다큐멘터리,,1시간 25분
1121,세상의모든계절,다큐멘터리,,1시간 25분
10437,영화속독립운동가들,다큐멘터리,,1시간 25분
13766,리딕:헬리온최후의빛,"액션, SF, 스릴러",미국,1시간 59분
10874,에너미(2013),"스릴러, 판타지, 드라마","캐나다, 프랑스, 스페인",1시간 31분
870,뉴욕아이러브유(2008),"코미디, 드라마, 로맨스, 유럽에서 제작","미국, 영국",1시간 43분
11142,공포분자,다큐멘터리,,1시간 25분
2788,럭키가이,다큐멘터리,,1시간 25분
2067,100일동안100가지로100퍼센트행복찾기,"코미디, 드라마, 유럽에서 제작",독일,1시간 51분
8856,동경가족,드라마,일본,2시간 26분
1744,박사가사랑한수식,"로맨스, 드라마, 가족",일본,1시간 57분
11089,오다기리죠의도쿄타워,다큐멘터리,,1시간 25분
5057,나나(2005),"로맨스, 드라마, 음악",일본,1시간 53분
12562,블러드스크린,"공포, 스릴러","Arjantin, 우루과이",1시간 28분
7803,퍼니셔(2004),"액션, 드라마, 스릴러, 범죄",미국,53분
12031,데스페라도(1995),"스릴러, 액션, 범죄, 서부, 드라마, 유럽에서 제작",미국,1시간 44분
10252,해피투게더(2018),"Reality TV, 코미디",대한민국,43분
4983,위스틸스틸더올드웨이,"드라마, 범죄, 코미디, 스릴러, 액션",영국,1시간 30분
598,알카트라즈:죽음의수용소,"역사, 드라마, 범죄",미국,2시간 27분
10614,노아-40일의기적,"코미디, 다큐멘터리",미국,1시간 9분
8354,포스트임팩트,다큐멘터리,,1시간 25분
5941,야연(2006),"액션, 역사, 판타지, 드라마, 로맨스, 유럽에서 제작","홍콩, China",2시간 11분
13088,쿵푸팬더2,"코미디, 드라마, 가족, 판타지, 애니메이션, 액션",미국,1시간 31분
8566,스타워즈6:제다이의귀환,다큐멘터리,,1시간 25분
5835,혈투,"드라마, 액션, 역사",대한민국,1시간 51분
8291,스내치(2000),"범죄, 코미디",영국,1시간 43분
5271,아이덴티티(2003),스릴러,미국,1시간 30분
12644,연의황후,다큐멘터리,,1시간 25분
9713,엠마(2020),"로맨스, 코미디, 드라마","미국, 영국",2시간 4분
11241,플랜맨,"코미디, 음악, 로맨스, 드라마",대한민국,2시간 1분
5266,인투더스톰,"액션, 스릴러, 드라마",미국,1시간 29분
7458,어둔밤,다큐멘터리,,1시간 25분
8767,"날,보러와요",스릴러,대한민국,1시간 31분
5331,파라다이스힐스,"SF, 스릴러, 판타지, 유럽에서 제작","스페인, 미국",1시간 35분
9432,무한대를본남자,드라마,"영국, 미국",1시간 48분
878,파힘,"드라마, 코미디, 유럽에서 제작",프랑스,1시간 47분
4465,황산벌(2003),"역사, 전쟁, 코미디",대한민국,1시간 44분
9894,K2,"드라마, 로맨스, 스릴러, 범죄, 액션",대한민국,1시간 5분
2504,레볼루셔너리로드,"드라마, 로맨스","영국, 미국",1시간 59분
10409,레미:집없는아이,"드라마, 액션, 가족, 유럽에서 제작","벨기에, 프랑스",1시간 49분
7720,피치퍼펙트,"코미디, 음악, 로맨스",미국,1시간 52분
14354,오퍼나지:비밀의계단(2007),"공포, 드라마, 스릴러, 유럽에서 제작",스페인,1시간 45분
670,깡철이,"드라마, 액션, 가족",대한민국,1시간 48분
4313,팅커벨3,"판타지, 애니메이션, 액션, 가족","인도, 미국",1시간 16분
1570,극장판반지의비밀일기,"애니메이션, 가족",,1시간 12분
2657,팅커벨5:해적요정,"애니메이션, 가족, 판타지",미국,1시간 18분
12646,12명의죽고싶은아이들,"스릴러, 드라마",일본,1시간 58분
3600,늑대의아이들,"공포, 전쟁, 드라마, 유럽에서 제작","독일, 네덜란드, 폴란드",1시간 28분
1464,아이들...,"범죄, 스릴러, 드라마, 다큐멘터리",대한민국,2시간 12분
296,천년여우구미호,"역사, 판타지",대한민국,1시간 14분
5738,장산범,"공포, 스릴러",대한민국,1시간 40분
2007,작은아씨들(2019),"로맨스, 드라마",미국,2시간 15분
2750,주유소습격사건2,"코미디, 액션",대한민국,1시간 51분
7291,백악관최후의날,"액션, 스릴러",미국,2시간 0분
753,수영장으로간남자들,"드라마, 코미디, 스포츠, 유럽에서 제작","프랑스, 벨기에",2시간 2분
6626,제인에어,"드라마, 로맨스","영국, 미국",2시간 0분
4009,위대한개츠비,"로맨스, 드라마","미국, 호주",2시간 23분
3734,인류멸망:외계인이주는마지막기회,"공포, SF",영국,1시간 36분
11198,설리:허드슨강의기적,"드라마, 역사",미국,1시간 36분
12729,컨스피러시,"액션, 드라마, 스릴러, 범죄",미국,2시간 15분
1139,어메이징스파이더맨,"SF, 액션",미국,2시간 16분
5715,강철대오:구국의철가방,코미디,대한민국,1시간 53분
2071,2012,"액션, SF",미국,2시간 38분
2029,최후의Z,"스릴러, 드라마, 로맨스, SF, 유럽에서 제작","스위스, 미국, 아이슬란드, 뉴질랜드",1시간 37분
8615,다이노소어어드벤처:백악기공룡대백과,"애니메이션, 가족, 액션, 코미디","호주, 인도, 영국, 미국",1시간 27분
7953,새벽의저주,"공포, 액션",미국,1시간 41분
10545,샌안드레아스,액션,미국,114분
7509,블루아워,"드라마, 코미디",일본,1시간 32분
10115,올레,"드라마, 코미디, 액션, 스릴러",대한민국,1시간 43분
7341,바람바람바람[무삭제판],"코미디, 드라마",대한민국,1시간 40분
13756,하나빼고완벽한뉴욕아파트,"로맨스, 코미디, 드라마",미국,1시간 31분
7163,연애소설,"로맨스, 드라마",대한민국,1시간 46분
7143,내안의그놈,액션,대한민국,2시간 2분
10204,겨울왕국[무자막],"판타지, 애니메이션, 가족, 액션, 코미디",미국,1시간 42분
5203,레이디와트램프,"로맨스, 코미디, 가족",미국,1시간 44분
1623,델타보이즈,"코미디, 드라마",대한민국,2시간 0분
7742,튼튼이의모험,"코미디, 드라마, 스포츠",대한민국,1시간 45분
2217,귀여운남자,다큐멘터리,,1시간 25분
12065,메가로돈,"공포, 액션, SF, 스릴러","China, 미국",1시간 53분
8190,"안녕,나의소울메이트","드라마, 로맨스",대한민국,2시간 4분
858,세인트주디,드라마,미국,2시간 16분
4937,퍼스널쇼퍼,"드라마, 스릴러, 유럽에서 제작","프랑스, 독일, 영국, 벨기에, 체코 공화국",1시간 46분
13496,걸,"드라마, 유럽에서 제작","네덜란드, 벨기에",1시간 45분
5893,클로저,"범죄, 드라마, 스릴러",미국,50분
6545,째즈빠히로시마,"로맨스, 드라마",대한민국,1시간 47분
12880,엘르(2017),"스릴러, 드라마, 범죄, 액션, 로맨스, 유럽에서 제작","벨기에, 프랑스, 독일",2시간 11분
5041,짝패(2006),"스릴러, 액션, 범죄",대한민국,1시간 32분
10979,가문의영광,"드라마, 가족, 로맨스",대한민국,1시간 3분
3185,이연걸의영웅,"스릴러, 액션, 범죄, 드라마",홍콩,1시간 44분
5228,경찰서를털어라(1999),"액션, 코미디, 범죄, 스릴러",미국,1시간 33분
14483,고령화가족,"드라마, 코미디",대한민국,1시간 52분
5819,족구왕,"드라마, 코미디, 스포츠",대한민국,1시간 44분
772,건즈아킴보,"스릴러, 액션, 코미디, 범죄","뉴질랜드, 영국, 미국, 오스트리아, 호주, 벨기에, 독일",1시간 38분
4984,룸이스케이프,"공포, 스릴러",미국,1시간 30분
4936,이스케이프룸,"공포, 스릴러, 액션, SF",미국,1시간 30분
5251,직쏘,"공포, 스릴러",미국,1시간 31분
9728,왓칭,"스릴러, 공포",대한민국,1시간 37분
706,프리스트,"판타지, 공포, 액션, SF, 스릴러",미국,1시간 27분
12582,레전드오브타잔,"액션, 판타지, 드라마, 로맨스, 유럽에서 제작","캐나다, 영국, 미국",1시간 49분
10829,햄스테드,"코미디, 로맨스, 드라마",영국,1시간 42분
3341,무비빅(58회)어벤져스:히어로총정리,다큐멘터리,,1시간 25분
977,포레스트검프,"드라마, 로맨스, 코미디",미국,2시간 22분
4049,야반소두,"스릴러, 공포",China,1시간 34분
6954,러브앤프렌즈,다큐멘터리,,1시간 25분
11338,윔피키드:가족여행의법칙,"코미디, 가족, 액션",미국,1시간 31분
4890,윔피키드2(2011),"가족, 코미디",미국,1시간 39분
815,미스비헤이비어,"드라마, 코미디, 역사",영국,1시간 47분
4660,원더풀라이프(1998),"드라마, 판타지",일본,1시간 58분
9559,판타스틱우먼,드라마,"칠레, 독일, 스페인, 미국",1시간 44분
14565,패터슨,"드라마, 코미디, 로맨스, 유럽에서 제작","독일, 프랑스, 미국",1시간 58분
8204,무간도,"스릴러, 범죄, 드라마, 액션",홍콩,1시간 41분
12623,보안관,"범죄, 코미디",대한민국,1시간 55분
14178,애드아스트라,"SF, 드라마, 스릴러","China, 미국, 브라질",2시간 3분
7286,최악의하루,"드라마, 로맨스",대한민국,1시간 34분
5492,더컨덕터,"드라마, 역사, 음악, 로맨스, 유럽에서 제작","네덜란드, 벨기에, 불가리아",2시간 17분
7482,올이즈로스트,"드라마, 액션",미국,1시간 46분
5234,K-19위도우메이커(2001),"드라마, 역사, 스릴러, 전쟁","미국, 캐나다, 독일, 러시아, 영국",2시간 18분
14209,촉산2항마전,,China,1시간 8분
13210,런던워Z:레드콘,"액션, 공포, SF, 스릴러",영국,1시간 57분
581,스타워즈2:클론의습격,다큐멘터리,,1시간 25분
3236,페이스,"공포, 범죄, 드라마",대한민국,1시간 32분
5683,무서운이야기3:화성에서온소녀,"스릴러, 공포, SF",대한민국,1시간 34분
4217,프로젝트마스,"드라마, 액션, SF",러시아,1시간 35분
5552,앨빈과슈퍼밴드:악동어드벤처,"가족, 코미디, 음악, 액션, 애니메이션, 판타지",미국,1시간 32분
12041,어벤져스그림:시간전쟁,다큐멘터리,,1시간 25분
9769,간신[감독판],"드라마, 역사, 범죄, 스릴러",대한민국,2시간 13분
3357,"연애,그참을수없는가벼움","로맨스, 코미디, 드라마",대한민국,1시간 55분
1716,시크릿어페어,다큐멘터리,,1시간 25분
2589,붉은다리아래따뜻한물,"드라마, 코미디, 유럽에서 제작, 판타지, 로맨스","일본, 프랑스",1시간 59분
9891,다른길이있다,"로맨스, 드라마",대한민국,1시간 30분
9197,빌리어네어보이즈클럽,"드라마, 스릴러",미국,1시간 48분
5463,리턴투센더,"드라마, 스릴러",미국,1시간 35분
11230,네레우스:바다의괴물,"공포, 스릴러",미국,1시간 43분
2616,캐치미이프유캔,"드라마, 범죄",미국,2시간 21분
9872,악녀,"액션, 스릴러, 유럽에서 제작",대한민국,2시간 9분
1417,앵그리버드2:독수리왕국의침공,"애니메이션, 액션, 코미디, 가족, 유럽에서 제작","핀란드, 미국",1시간 37분
5697,그레이브인카운터2,공포,"미국, 캐나다",1시간 35분
7671,007제로,다큐멘터리,,1시간 25분
5297,데스노트:더뉴월드,"공포, SF, 스릴러, 범죄, 드라마",일본,2시간 14분
7980,시카고(2002),"드라마, 코미디, 범죄",미국,1시간 53분
2786,모터싸이클다이어리,"드라마, 유럽에서 제작","프랑스, 영국, 미국, Arjantin",2시간 6분
8103,챔피언(2018),"코미디, 드라마, 스포츠","대한민국, 홍콩",1시간 48분
5221,리오,"코미디, 로맨스, 애니메이션, 가족, 음악",미국,1시간 36분
9320,리오2,"코미디, 로맨스, 애니메이션, 가족, 음악",미국,1시간 41분
13626,최종병기활,"드라마, 액션, 역사","대한민국, 미국",2시간 2분
11360,넥스트제네레이션패트레이버,다큐멘터리,,1시간 25분
12849,넥스트제네레이션패트레이버2,다큐멘터리,,1시간 25분
1741,넥스트제네레이션패트레이버4,다큐멘터리,,1시간 25분
11696,넥스트제네레이션패트레이버:수도결전,다큐멘터리,,1시간 25분
1285,아이엠넘버포,"SF, 액션, 스릴러","인도, 미국",1시간 49분
11379,스파이더맨2,"액션, SF, 판타지",미국,3시간 10분
316,소녀검객아즈미대혈전(2003),"액션, 드라마",일본,1시간 48분
1577,13인의자객(2010),"드라마, 액션","일본, 영국",2시간 6분
2865,도로로(2007),"애니메이션, 액션, 판타지, 공포",일본,24분
746,테라포마스,"액션, 공포, SF",일본,1시간 49분
12619,디스트릭트9(2009),"SF, 액션, 스릴러","미국, 뉴질랜드, 남아프리카공화국",1시간 52분
2355,바스터즈:거친녀석들,"드라마, 스릴러, 전쟁","독일, 미국",2시간 33분
12974,세상을바꾼변호인,"드라마, 역사",미국,2시간 0분
13700,메이데이(2018),"드라마, 스릴러, 판타지",미국,1시간 40분
452,모탈어페어,다큐멘터리,,1시간 25분
1336,아름다운파도와바다,다큐멘터리,,1시간 25분
3786,겨울왕국이야기:디즈니애니메이션제작스토리,다큐멘터리,,1시간 25분
7890,리치리치,"코미디, 가족",미국,1시간 34분
5964,언더워터,"공포, SF, 액션, 스릴러",미국,1시간 35분
5811,몬스터(2014),"드라마, 스릴러, 애니메이션, 범죄",일본,23분
6752,좀비랜드:더블탭,"공포, 코미디, 액션",미국,1시간 39분
7160,인필트레이터:잠입자들,"드라마, 스릴러, 범죄","미국, 영국",2시간 7분
5036,첫사랑,드라마,대한민국,52분
10341,레옹디오리지널,다큐멘터리,,1시간 25분
2757,슈퍼맨:언바운드,"애니메이션, 액션, SF",미국,1시간 15분
7647,걸온더트레인,"범죄, 스릴러, 드라마","인도, 미국",1시간 52분
3850,인어공주:매직어드벤처,"액션, 판타지, 로맨스, 드라마, 가족",미국,1시간 38분
13897,아이스에이지4:대륙이동설,"가족, 애니메이션, 코미디, 액션",미국,1시간 28분
9478,파리의도적,다큐멘터리,,1시간 25분
11440,69세,"드라마, 범죄",대한민국,1시간 37분
13357,카우보이비밥:천국의문,"애니메이션, SF, 액션, 범죄, 드라마",일본,2시간 0분
7317,부에노스아이레스제로디그리,"다큐멘터리, 드라마",홍콩,1시간 2분
11686,에로스(2004),"드라마, 로맨스, 유럽에서 제작","영국, 미국, 프랑스, 홍콩, 이탈리아, 룩셈부르크",1시간 49분
2254,연평해전,"전쟁, 역사, 드라마, 스릴러, 액션",대한민국,2시간 10분
7272,롱리브더킹:목포영웅,"액션, 범죄, 코미디, 드라마, 로맨스",대한민국,1시간 58분
11101,런던프라이드,"드라마, 코미디, 역사, 로맨스","프랑스, 영국",2시간 0분
7181,"알로,슈티","코미디, 드라마, 유럽에서 제작, 로맨스",프랑스,1시간 46분
14057,폴리스스토리2014,"범죄, 드라마, 액션, 스릴러","China, 홍콩",1시간 50분
5523,하늘에서음식이내린다면2,"애니메이션, 가족, 코미디, 판타지, SF",미국,1시간 35분
7732,내가죽던날,다큐멘터리,,1시간 25분
3520,블랙헤븐,다큐멘터리,,1시간 25분
2027,다크플레이스(2015),"드라마, 스릴러, 범죄, 유럽에서 제작","프랑스, 영국, 미국",1시간 53분
9439,트레스패스,"스릴러, 범죄, 드라마",미국,1시간 31분
3424,도그빌,"범죄, 드라마, 스릴러, 유럽에서 제작","노르웨이, 스웨덴, 네덜란드, 덴마크, 이탈리아, 영국, 프랑스, 핀란드, 독일",2시간 58분
5707,로미오와줄리엣(1968),"드라마, 로맨스, 유럽에서 제작","영국, 미국, 이탈리아",2시간 18분
6275,포카혼타스,"로맨스, 액션, 애니메이션, 가족, 드라마, 유럽에서 제작",미국,1시간 21분
3430,"그대,고맙소:김호중생애첫팬미팅무비",다큐멘터리,대한민국,1시간 20분
37,슈퍼에이트,"스릴러, SF, 액션",미국,1시간 52분
13575,알라딘-램프의신,"판타지, 액션, 가족",미국,1시간 27분
8950,굿우먼(2019),"스릴러, 범죄, 드라마","벨기에, 프랑스, 영국",1시간 37분
7184,그누구도아닌,,프랑스,111분
8176,테스와보낸여름,"드라마, 코미디, 가족, 유럽에서 제작","네덜란드, 독일",1시간 20분
8465,글로리아를위하여,"드라마, 유럽에서 제작","이탈리아, 프랑스",1시간 46분
9522,리빙보이인뉴욕,드라마,미국,1시간 29분
10858,트랜짓(2018),"드라마, 로맨스, SF, 유럽에서 제작","프랑스, 독일",1시간 42분
737,"베를린,아이러브유","액션, 스릴러, 범죄",대한민국,2시간 0분
9669,카페벨에포크,"코미디, 드라마, 판타지, 로맨스, 유럽에서 제작",프랑스,1시간 55분
2741,누군가어디에서나를기다리면좋겠다,"드라마, 로맨스, 유럽에서 제작",프랑스,1시간 29분
13217,걸후드,"드라마, 유럽에서 제작",프랑스,1시간 52분
14586,애프터웨딩인뉴욕,드라마,"미국, 영국",1시간 50분
10419,버든:세상을바꾸는힘,"드라마, 역사",미국,2시간 9분
3866,뮤지컬브로드웨이42번가,코미디,영국,2시간 12분
6873,리썰웨폰4,"액션, 범죄, 스릴러",미국,2시간 7분
12326,레지던트이블5:최후의심판,"SF, 액션, 공포, 스릴러","미국, 캐나다, 독일",1시간 35분
2649,레지던트이블:파멸의날,"액션, 공포, SF, 스릴러, 유럽에서 제작","미국, 캐나다, 프랑스, 독일",1시간 47분
11519,더하우스,"드라마, SF, 스릴러",독일,1시간 30분
11425,케이브,"액션, 공포, 스릴러, SF, 유럽에서 제작","덴마크, 루마니아, 독일, 미국",1시간 37분
76,엘리자베스(1998),"드라마, 역사","영국, 미국",2시간 3분
2399,어떤살인,"스릴러, 드라마, 범죄",대한민국,1시간 48분
3572,혼스,"스릴러, 드라마, 판타지, 공포, 코미디",미국,2시간 0분
11879,보스베이비[3D],"SF, 애니메이션, 액션, 코미디, 가족, 판타지",미국,25분
4510,나는살을빼기로결심했다,드라마,대만,1시간 29분
1373,개와고양이를위한시간,다큐멘터리,,1시간 25분
4767,고양이집사,다큐멘터리,대한민국,1시간 37분
6439,나는고양이로소이다,다큐멘터리,대한민국,1시간 30분
6317,고양이케디,다큐멘터리,미국,1시간 19분
9664,뮬란(2019),"애니메이션, 가족, 액션, 전쟁, 코미디, 판타지",미국,1시간 28분
3048,1987[가치봄],"드라마, 스릴러, 역사",대한민국,2시간 9분
4418,치킨런,"액션, 코미디, 가족, 애니메이션",영국,1시간 41분
9943,가을날의동화,"드라마, 로맨스",홍콩,1시간 38분
14477,더테러라이브,"드라마, 스릴러, 액션, 범죄",대한민국,1시간 37분
6789,라라걸,"드라마, 스포츠","호주, 스위스, 영국",1시간 38분
5100,창세기이야기,다큐멘터리,,1시간 25분
9230,슈퍼히어로(2008),"액션, SF, 코미디, 다큐멘터리",미국,1시간 22분
14513,소녀의세계,다큐멘터리,,1시간 25분
10046,뱀파이어아카데미,"코미디, 액션, 판타지, 로맨스, 스릴러, 드라마, 공포",미국,1시간 44분
13359,혼숨,다큐멘터리,,1시간 25분
4573,도쿄트라이브,"액션, 드라마, 범죄, 음악, SF, 판타지",일본,1시간 56분
3332,유다이:죽음의24시간,"드라마, 스릴러, 공포, 유럽에서 제작",이탈리아,1시간 34분
10413,헬페스트,"공포, 스릴러",미국,1시간 29분
13234,슬리핑뷰티(2008),"드라마, 로맨스, 스릴러",호주,1시간 42분
5229,쥬라기공원3,"SF, 액션, 스릴러",미국,2시간 27분
3231,헬프,드라마,미국,2시간 26분
13030,일주일간친구(2017),드라마,China,1시간 46분
1001,트라이앵글(2018),"공포, 액션, 드라마, SF, 스릴러, 판타지, 유럽에서 제작","영국, 호주",1시간 38분
6343,더렌탈:소리없는감시자,"드라마, 공포, 스릴러",미국,1시간 28분
8862,더넌:수녀의저주,"공포, 스릴러",미국,1시간 20분
6557,마신자:빨간옷소녀의저주,"공포, 스릴러",대만,1시간 48분
5058,화이트노이즈2,다큐멘터리,,1시간 25분
12437,성프란치스코,"드라마, 역사, 유럽에서 제작","프랑스, 이탈리아, 벨기에",1시간 27분
6026,아이언맨2,"액션, SF, 유럽에서 제작",미국,2시간 4분
6479,호두까기인형과4개의왕국,"가족, 판타지, 액션",미국,1시간 39분
3114,이집트왕자2,"가족, 애니메이션, 드라마, 역사",미국,1시간 14분
13011,비트윈랜드앤씨,"다큐멘터리, 액션, 스포츠, 유럽에서 제작",아일랜드,1시간 27분
9609,그녀가사라졌다,"로맨스, 드라마, 코미디",호주,1시간 48분
10972,캐스트어웨이,"드라마, 액션, 로맨스",미국,2시간 23분
14466,꼴통2인조,액션,대한민국,1시간 21분
10245,알투비:리턴투베이스,"드라마, 액션, 로맨스",대한민국,1시간 53분
11540,터보,"애니메이션, 가족, 코미디, 스포츠",미국,1시간 36분
6710,안티크라이스트(2009),"드라마, 유럽에서 제작, 스릴러, 공포","이탈리아, 폴란드, 스웨덴, 덴마크, 프랑스, 독일",1시간 48분
5914,젊은이의양지,"로맨스, 범죄, 드라마",미국,2시간 2분
7670,작은새,"드라마, 로맨스",대한민국,1시간 35분
7361,아쿠아슬래시,"코미디, 드라마, 공포","캐나다, 프랑스",1시간 11분
11418,손오공:대천복요,"애니메이션, 가족, 판타지, 코미디, 로맨스",일본,1시간 35분
6490,엑스마키나,"드라마, 스릴러, SF, 유럽에서 제작","미국, 영국",1시간 48분
6324,용쟁호투:전설의시작,"드라마, 액션","China, 미국",1시간 43분
12920,수녀,"공포, 드라마, 판타지, 스릴러",영국,1시간 31분
12070,꾼(2017),"범죄, 액션, 스릴러",대한민국,1시간 57분
7819,베토벤,"가족, 코미디, 드라마",미국,1시간 27분
1225,플러버,"코미디, 가족, SF",미국,1시간 33분
8614,늑대소년[일반판],"로맨스, 판타지, 드라마",대한민국,2시간 2분
8508,부당거래,"스릴러, 범죄, 액션, 드라마",대한민국,1시간 59분
13440,드라큘라:전설의시작,"액션, 드라마, 판타지, 공포, 스릴러",영국,1시간 28분
4424,고지전(2011),"드라마, 액션, 역사, 전쟁",대한민국,2시간 13분
574,내가살인범이다,"액션, 스릴러, 범죄",대한민국,1시간 59분
8590,수색역,"드라마, 액션, 역사, 범죄",대한민국,1시간 52분
11635,갓오브이집트,"액션, 판타지, 드라마","호주, 홍콩, 미국",2시간 7분
4675,델마와루이스(1991),"드라마, 범죄, 액션","미국, 영국",2시간 10분
12137,히트(2013),"범죄, 드라마, 액션",미국,2시간 50분
11187,브로큰플라워,"로맨스, 드라마, 코미디, 유럽에서 제작","미국, 프랑스",1시간 46분
2045,부활(2016),"액션, 범죄, 드라마, 전쟁",일본,1시간 41분
2135,스쿨오브락,"코미디, 음악, 가족, 유럽에서 제작",미국,1시간 50분
9969,더웨이브(2019),"드라마, 스릴러, 유럽에서 제작","프랑스, 독일",1시간 47분
7685,섀도우헌터스:뼈의도시,"판타지, 액션, 스릴러, 로맨스, 공포","캐나다, 독일, 영국, 미국",2시간 10분
2666,그랜토리노,드라마,"미국, 독일",1시간 56분
5398,데스위시(2018),"드라마, 액션, 범죄, 스릴러",미국,1시간 47분
7932,히마와리와나의7일,다큐멘터리,,1시간 25분
7899,내부고발자들:월급쟁이의전쟁,"스릴러, 드라마",일본,1시간 59분
1153,폰조,"드라마, 범죄","캐나다, 미국",1시간 43분
4979,닥터슬립,"공포, 드라마, 판타지, 스릴러",미국,2시간 32분
13515,눈의여왕3:눈과불의마법대결,"판타지, 애니메이션, 코미디, 가족",러시아,1시간 29분
11572,반도[가치봄],"공포, 스릴러, 액션, 드라마",대한민국,1시간 54분
10339,미저리(1990),"드라마, 스릴러",미국,1시간 47분
8605,더랍스터,"로맨스, 코미디, 드라마, 유럽에서 제작, SF, 스릴러","영국, 프랑스, 그리스, 아일랜드, 네덜란드",1시간 59분
4868,오살,"범죄, 스릴러, 드라마",China,1시간 52분
2654,맨인블랙:인터내셔널,"SF, 액션, 코미디","미국, China",1시간 55분
13518,12솔져스,"전쟁, 드라마, 액션, 역사",미국,2시간 6분
12662,원스어폰어타임...인할리우드,,"미국, 영국",161분
1958,박물관이살아있다,"코미디, 가족, 판타지","미국, 영국",1시간 45분
3679,레전드(2015),"범죄, 스릴러, 드라마","프랑스, 영국, 미국",2시간 12분
12333,"조제,호랑이그리고물고기들","드라마, 로맨스",일본,1시간 56분
10845,"나니아연대기:사자,마녀그리고옷장","액션, 가족, 판타지","미국, 영국",2시간 23분
4102,좋아해줘(2016),다큐멘터리,,1시간 25분
2558,투문정션,다큐멘터리,,1시간 25분
4061,스캔들(2018),"드라마, 스릴러",미국,43분
11706,천일의스캔들(2008),"드라마, 로맨스, 역사","영국, 미국",1시간 55분
9924,모리스,"드라마, 로맨스","영국, 미국",2시간 20분
9282,피원에이치:새로운세계의시작,"드라마, SF, 액션",대한민국,1시간 39분
10489,인비저블라이프,드라마,"독일, 브라질",2시간 20분
12688,인시디어스:벽장속그것,공포,미국,1시간 15분
12422,인시디어스:죽음의병원,"공포, 스릴러",미국,1시간 30분
1015,인시디어스:더하우스,"스릴러, 공포",미국,1시간 46분
3784,제로포커스(2009),다큐멘터리,,1시간 25분
2169,"로봇,소리","드라마, SF",대한민국,1시간 57분
7666,일진시즌2:도깨비,"드라마, SF, 코미디, 판타지, 로맨스",대한민국,1시간 16분
13005,...ing,"드라마, 로맨스",대한민국,1시간 50분
14455,우리가잃어버릴청춘,,중국,130분
2620,만추(2010),"드라마, 로맨스","홍콩, China, 미국, 대한민국",1시간 53분
14308,기문둔갑,"액션, 판타지","홍콩, China",1시간 53분
5413,더크리미널마인드:공공의적,"범죄, 스릴러",China,2시간 4분
5693,골든에이지(2007),"역사, 로맨스, 드라마, 전쟁","독일, 프랑스, 영국",1시간 54분
12961,잠복근무,"범죄, 로맨스, 액션, 코미디",대한민국,1시간 53분
1609,삼국지:명장여포,드라마,China,52분
4072,화씨11/9:트럼프의시대,다큐멘터리,미국,2시간 8분
11976,하나레이베이,드라마,일본,1시간 37분
7864,카트,드라마,대한민국,1시간 43분
6800,소스코드(2011),,"미국, 프랑스",93분
5155,아슈라,"공포, 스릴러, 판타지","모로코, 프랑스",1시간 30분
8178,소수의견,"범죄, 드라마",대한민국,2시간 7분
8485,오즈의마법사:돌아온톰과제리[한글자막],"액션, 애니메이션, 코미디, 가족, 판타지",미국,1시간 20분
8524,부릉!부릉!브루미즈:스피더의모험일기[우리말],애니메이션,대한민국,1시간 0분
11524,세상에서가장아름다운이별,드라마,대한민국,2시간 5분
6451,트리플엑스2:넥스트레벨,"액션, 스릴러, 범죄, SF",미국,1시간 41분
8292,71:벨파스트의눈물,"전쟁, 드라마, 액션",대한민국,2시간 0분
7441,아이스에이지,"액션, 애니메이션, 코미디, 가족","미국, 캐나다",1시간 22분
11511,엔딩스비기닝스[별도편성][예고편],"드라마, 로맨스","대한민국, 미국",1시간 50분
2774,엘리게이터,"스릴러, 공포, SF",미국,1시간 31분
9595,더레이서[별도편성][예고편],"드라마, 코미디, 스포츠","룩셈부르크, 벨기에, 아일랜드",1시간 35분
6580,보리vs매켄로,"드라마, 역사, 스포츠, 유럽에서 제작","핀란드, 스웨덴, 체코 공화국",1시간 48분
5114,고래사냥,다큐멘터리,,1시간 25분
5064,운명의칵테일,다큐멘터리,,1시간 25분
11636,개같은날의오후(1995),"드라마, 코미디",대한민국,1시간 48분
14317,컨트롤러,"스릴러, 범죄, 드라마, 로맨스, SF",미국,1시간 46분
5794,바우하우스,다큐멘터리,,1시간 25분
11233,올아이즈온미,"역사, 드라마, 음악",미국,2시간 19분
5347,겟리치오어다이트라잉,다큐멘터리,,1시간 25분
1283,보헤미안랩소디,"음악, 드라마, 역사","영국, 미국",2시간 14분
1515,더윈드:악마의속삭임,"서부, 공포, 스릴러, 드라마",미국,1시간 26분
4623,그레텔과헨젤,"공포, 판타지, 스릴러","캐나다, 미국",1시간 27분
14281,무서운이야기,"공포, 스릴러, 판타지, 범죄, 드라마",대한민국,1시간 48분
13224,모추어리컬렉션,"공포, 판타지",미국,1시간 48분
9643,더리벤지,"드라마, 스릴러, 액션, 유럽에서 제작","미국, 불가리아",1시간 27분
9146,무릎꿇어너희다,다큐멘터리,,1시간 25분
3555,킬좀비,다큐멘터리,,1시간 25분
3796,비뚤어진집,"스릴러, 드라마, 범죄","영국, 미국",1시간 55분
10879,거울나라의앨리스,"액션, 가족, 판타지","영국, 미국",1시간 53분
3604,종이꽃,"드라마, 로맨스",인도,2시간 22분
10174,"동물,원","전쟁, 역사, 가족, 유럽에서 제작","아일랜드, 영국",1시간 37분
8640,수호지-노지심,액션,,1시간 34분
1925,덕혜옹주,"드라마, 역사, 액션",대한민국,2시간 6분
1862,커피메이트,다큐멘터리,,1시간 25분
7298,미드나잇인파리(2011),"판타지, 로맨스, 코미디","프랑스, 스페인, 미국",1시간 34분
7834,악마는프라다를입는다,"코미디, 드라마",미국,1시간 44분
8163,남자사용설명서,"코미디, 로맨스",대한민국,1시간 56분
10637,무서운이야기2,"공포, 스릴러, 판타지, 범죄, 드라마",대한민국,1시간 48분
13199,트랜스퍼런스,다큐멘터리,,1시간 25분
13269,대배우,코미디,대한민국,1시간 48분
8694,어퓨굿맨,"드라마, 스릴러",미국,2시간 18분
5703,조작된도시,"액션, 스릴러, 범죄",대한민국,2시간 6분
7735,프리윌리,"가족, 액션, 드라마",미국,1시간 52분
11339,가디언즈,"가족, 판타지, 액션, 애니메이션, 코미디, 드라마, SF",미국,1시간 37분
6116,미세스다웃파이어,"가족, 코미디, 드라마",미국,2시간 5분
10613,퍼블릭에너미(2009),"드라마, 범죄, 역사, 유럽에서 제작","일본, 미국",2시간 20분
6039,야누스:욕망의두얼굴,"로맨스, 스릴러, 드라마",대한민국,1시간 23분
14548,블러드파더,"액션, 스릴러, 드라마, 범죄, 유럽에서 제작","프랑스, 미국",1시간 28분
10987,슈렉2,"코미디, 가족, 판타지, 로맨스, 애니메이션",미국,1시간 33분
243,해피피트2,"애니메이션, 로맨스, 코미디, 가족","호주, 미국",1시간 39분
1937,장화신은고양이,"판타지, 코미디, 가족, 애니메이션, 액션",미국,1시간 43분
10838,스쿠비!,"코미디, 가족, 판타지, 공포, SF",미국,1시간 33분
341,김복동,다큐멘터리,,1시간 25분
5706,뉴문,"판타지, 드라마, 로맨스, 액션",미국,2시간 11분
5039,이클립스(2010),"판타지, 로맨스, 스릴러, 액션, 드라마",미국,2시간 4분
5333,닌자어쌔신,"액션, 스릴러, 유럽에서 제작","프랑스, 독일, 미국",1시간 39분
8352,본레거시,"액션, 스릴러",미국,2시간 15분
6207,2046[리마스터링],"드라마, SF, 로맨스, 유럽에서 제작","홍콩, China, 프랑스, 이탈리아, 독일",2시간 8분
5639,위대한침묵,"드라마, 서부, 유럽에서 제작","프랑스, 이탈리아",1시간 46분
898,슈퍼맨(1978),"SF, 액션",미국,2시간 10분
1847,스나이퍼:특수작전부대,"액션, 전쟁, 스릴러",미국,1시간 24분
6732,시크릿레터,"드라마, 로맨스, 유럽에서 제작",이탈리아,2시간 2분
12424,안녕까지30분,다큐멘터리,,1시간 25분
4380,도쿄구울(2017),"SF, 애니메이션, 드라마, 판타지, 공포, 스릴러, 액션",일본,24분
2225,옆자리괴물군(2018),"코미디, 애니메이션, 로맨스",일본,24분
4519,죠죠의기묘한모험-다이아몬드는부서지지않는다제1장,"액션, 판타지, 스릴러",일본,1시간 59분
7620,러브레시피,다큐멘터리,,1시간 25분
1918,너는달밤에빛나고,"드라마, 로맨스",일본,1시간 41분
5134,포르투나의눈동자,"드라마, 판타지, 로맨스",일본,1시간 50분
2623,감쪽같은그녀,"드라마, 코미디",대한민국,1시간 44분
11443,미인도,"드라마, 로맨스",대한민국,1시간 48분
6568,아이즈온미:더무비,"다큐멘터리, 음악",대한민국,1시간 44분
5896,소원,드라마,대한민국,2시간 2분
3549,우리는형제입니다,"코미디, 드라마",대한민국,1시간 41분
2912,극비수사,"범죄, 드라마",대한민국,1시간 48분
13482,쓰리빌보드,"범죄, 드라마, 코미디","영국, 미국",1시간 55분
23,연애의목적,"코미디, 로맨스",대한민국,2시간 1분
3865,50가지그림자:해방,"드라마, 로맨스, 스릴러",미국,1시간 45분
2828,베일리어게인,"판타지, 가족, 코미디, 드라마","인도, 미국",1시간 41분
97,백투더퓨쳐3,"액션, 코미디, SF, 서부",미국,1시간 58분
11622,빅(1988),"드라마, 코미디, 판타지, 로맨스",미국,1시간 44분
8200,트위스터(1996),"액션, 드라마, 스릴러",미국,1시간 53분
10814,런치박스,"드라마, 로맨스","프랑스, 독일, 인도, 미국",1시간 44분
7435,카페소사이어티,"코미디, 드라마, 로맨스",미국,1시간 37분
5344,셜록홈즈,"드라마, 스릴러, 범죄, 유럽에서 제작",영국,58분
8146,스물,"드라마, 코미디, 로맨스",대한민국,1시간 55분
9466,아이스에이지:지구대충돌,"SF, 코미디, 가족, 애니메이션, 액션",미국,1시간 35분
5475,도살자들:돌아온텍사스전기톱살인자,"공포, 스릴러",캐나다,1시간 33분
469,할힌골전투:일본군최후의날,다큐멘터리,,1시간 25분
10013,배틀필드:카르발라전투,"전쟁, 드라마, 스릴러, 유럽에서 제작","불가리아, 폴란드",1시간 55분
6774,노굿디드(2014),"범죄, 스릴러, 코미디, 공포, 드라마",미국,1시간 24분
11701,군달라:슈퍼히어로의탄생,"SF, 드라마, 액션",인도네시아,2시간 3분
3135,시월애(2000),"드라마, 로맨스, SF, 판타지, 다큐멘터리",대한민국,1시간 36분
9059,그여름가장조용한바다,다큐멘터리,,1시간 25분
534,대니쉬걸,"드라마, 유럽에서 제작","영국, 미국, 벨기에",1시간 59분
12404,다이빙:그녀에빠지다,"드라마, 유럽에서 제작",프랑스,1시간 42분
9268,룸(2016),"드라마, 스릴러, 유럽에서 제작","캐나다, 아일랜드, 영국, 미국",1시간 58분
8704,CGV아트하우스이동진의라이브톡:조커,"스릴러, 드라마, 범죄","캐나다, 미국",2시간 2분
2466,강철중:공공의적1-1,"코미디, 범죄, 스릴러, 액션",대한민국,2시간 7분
9814,사라센의칼,"드라마, 가족",대한민국,1시간 23분
2426,살인의추억,"스릴러, 범죄, 드라마",대한민국,2시간 11분
13363,몬스터볼(2001),"드라마, 로맨스",미국,1시간 48분
7602,블루버드인마이하트,"스릴러, 드라마, 유럽에서 제작","벨기에, 프랑스",1시간 26분
11079,사선에서(1993),"액션, 드라마, 스릴러, 범죄",미국,2시간 8분
6157,편지,"로맨스, 드라마",대한민국,1시간 45분
1659,국제시장,"드라마, 전쟁",대한민국,2시간 6분
349,댄싱퀸,"드라마, 코미디, 로맨스, 가족, 음악",대한민국,2시간 4분
9689,행복목욕탕,드라마,일본,2시간 5분
57,디센던트,"코미디, 드라마",미국,1시간 55분
11348,거룩한계보,"드라마, 코미디, 범죄",대한민국,2시간 6분
988,전우치,"액션, 코미디, 판타지, 역사",대한민국,2시간 16분
10515,록키5(1990),"드라마, 스포츠",미국,1시간 44분
5356,록키2(1979),"드라마, 스포츠",미국,1시간 59분
11259,록키발보아(2006),"드라마, 스포츠",미국,1시간 42분
8812,임금님의사건수첩,"액션, 코미디",대한민국,1시간 55분
9372,봉이김선달,코미디,대한민국,121분
10601,박열,"역사, 드라마",대한민국,2시간 9분
3072,동창생,"액션, 스릴러, 드라마",대한민국,1시간 52분
9989,특수본,다큐멘터리,,1시간 25분
7073,모로코요리사:타제카,"코미디, 드라마, 유럽에서 제작","프랑스, 모로코",1시간 35분
361,하이스쿨뮤지컬:졸업반,"가족, 음악, 코미디, 로맨스, 드라마",미국,1시간 57분
11404,논스톱투헬,"공포, 액션, SF, 스릴러, 판타지",미국,1시간 29분
9867,살인택시괴담:야경챕터2,다큐멘터리,,1시간 25분
6741,카운트다운(2019),"스릴러, 범죄, 드라마",미국,47분
4386,포제션오브한나그레이스,"공포, 드라마, 스릴러",미국,1시간 26분
4394,더넌:돌아온저주,공포,미국,1시간 13분
7252,인펙션(2020),"스릴러, 공포",베네수엘라,1시간 35분
9704,위자:마지막게임,"공포, 유럽에서 제작",이탈리아,1시간 21분
9510,하우스오브데몬,"액션, 가족, 공포, 스릴러, 애니메이션, 드라마, 판타지",미국,1시간 30분
13369,엑소시스트:사탄의부활,"SF, 액션, 공포, 애니메이션, 드라마, 판타지",일본,24분
9437,레벨16,"스릴러, 드라마, 유럽에서 제작",캐나다,1시간 42분
14011,트루스오어데어,"스릴러, 공포, 다큐멘터리, 유럽에서 제작",미국,1시간 40분
10423,크리스마스호러스토리,공포,영국,1시간 37분
2093,아파트209,"드라마, 공포, 스릴러",미국,1시간 30분
3770,좋은친구들(1990),"드라마, 범죄, 스릴러",대한민국,1시간 54분
7761,추격자(2008),"스릴러, 액션, 범죄, 드라마",대한민국,2시간 3분
5588,리-에볼루션,"액션, 코미디, 드라마, 판타지",,1시간 53분
9162,지저스크라이스트슈퍼스타,"드라마, 역사",미국,1시간 48분
6844,오페라의유령:25주년특별공연,"드라마, 로맨스, 스릴러",영국,2시간 40분
4651,레미제라블:25주년런던라이브공연,Reality TV,대한민국,1시간 25분
14426,피치퍼펙트:언프리티걸즈,"코미디, 음악, 로맨스",미국,1시간 52분
11086,레이(2004),"드라마, 음악",미국,2시간 32분
326,버레스크,"드라마, 로맨스, 음악",미국,1시간 59분
4336,적인걸용의강림,스릴러,,1시간 10분
8659,신복수무정,"액션, 범죄, 스릴러",영국,1시간 35분
2017,오픈그레이브,"스릴러, 공포, SF","노르웨이, 미국",1시간 42분
2710,케이스39(2009),"공포, 스릴러, 드라마","캐나다, 미국",1시간 49분
13693,유령신부,"판타지, 애니메이션, 로맨스, 코미디, 드라마, 가족","영국, 미국",1시간 17분
345,담쟁이,"드라마, 로맨스",대한민국,1시간 39분
9301,드림걸즈,드라마,미국,2시간 10분
4195,창왕:스피드4초,다큐멘터리,,1시간 25분
12934,말모이,"드라마, 코미디, 역사",대한민국,2시간 15분
3487,머니몬스터,"스릴러, 범죄, 드라마, 액션",미국,1시간 38분
1509,여자라는이름으로,"드라마, 유럽에서 제작","프랑스, 이탈리아",1시간 38분
2844,아르고,"드라마, 스릴러, 역사","영국, 미국",2시간 0분
3278,도신외전,다큐멘터리,,1시간 25분
14378,브레이브하트,"드라마, 전쟁, 역사, 액션",미국,2시간 58분
3428,미스리틀선샤인,"코미디, 드라마",미국,1시간 41분
9961,미나문방구,"드라마, 코미디",대한민국,1시간 46분
8852,레이어케이크(2004),"드라마, 스릴러, 범죄",영국,1시간 45분
1023,걸리버여행기,"코미디, 액션, 판타지, 가족",미국,1시간 26분
10612,첫잔처럼,드라마,대한민국,1시간 41분
11808,미녀와야수[2D],"판타지, 애니메이션, 가족",미국,1시간 12분
6562,천군,"코미디, SF, 액션",대한민국,1시간 46분
6907,태평륜완결편,다큐멘터리,,1시간 25분
5424,트윈스터즈,다큐멘터리,,1시간 25분
12159,백설공주,"가족, 판타지, 로맨스",미국,1시간 49분
13580,사탄의인형:상속받은저주,다큐멘터리,,1시간 25분
11299,사탄의인형,"공포, 코미디, 스릴러",미국,1시간 29분
12425,토르2:다크월드,다큐멘터리,,1시간 25분
10347,바람의검심:교토대화재편,"액션, 드라마, 판타지",일본,2시간 18분
13697,수춘도,"액션, 드라마, 역사, 로맨스, 스릴러",China,2시간 0분
13235,수호지-강호의장청,드라마,China,43분
9404,촉산복마전,"액션, 판타지",China,1시간 30분
13821,퍼펙트스톰,"드라마, 다큐멘터리, 스릴러, 액션",미국,2시간 10분
5881,도가니,"드라마, 범죄, 스릴러",대한민국,2시간 5분
8186,숨바꼭질,"스릴러, 공포",대한민국,1시간 47분
2367,방황하는칼날,"드라마, 액션, 범죄, 스릴러",대한민국,2시간 2분
2512,블라인드,"드라마, 로맨스, 유럽에서 제작","벨기에, 불가리아, 네덜란드",1시간 43분
1500,콜보이,"드라마, 로맨스",일본,1시간 59분
5284,밀애,"드라마, 스릴러, 로맨스",대한민국,1시간 52분
22,철권:블러드벤젠스,"액션, 판타지",China,1시간 20분
9109,토르:오리지날전설,"액션, 판타지, 스릴러, 유럽에서 제작","아이슬란드, 노르웨이, 스웨덴, 덴마크",1시간 45분
10292,검은여름,드라마,대한민국,1시간 51분
8833,시호,드라마,대한민국,1시간 43분
86,"동거,동락","드라마, 로맨스",대한민국,1시간 41분
4019,후궁:천년금애[무삭제감독판],"드라마, 코미디, 스릴러, 로맨스",홍콩,1시간 34분
11794,에스파트너,다큐멘터리,,1시간 25분
3305,창피해,"드라마, 로맨스, 판타지",대한민국,1시간 51분
2906,잔다라어게인:불멸의사랑파트1,다큐멘터리,,1시간 25분
7489,탱크투베를린,"드라마, 전쟁",러시아,1시간 22분
8559,더히어로:네메시스작전,액션,콜롬비아,2시간 0분
3346,폴리스스토리3-초급경찰,"액션, 스릴러, 코미디, 범죄",홍콩,1시간 35분
9708,듀마,"액션, 드라마, 가족","남아프리카공화국, 미국",1시간 40분
3958,티끌모아로맨스,"로맨스, 코미디",대한민국,1시간 54분
7765,빅샤크3:젤리몬스터대소동,다큐멘터리,,1시간 25분
9482,리틀드래곤코코넛2:정글대탐험,"애니메이션, 가족, 코미디, 판타지, 유럽에서 제작",독일,1시간 20분
5562,웜바디스,"코미디, 로맨스, 공포, SF, 스릴러, 액션",미국,1시간 38분
3481,맨인더다크,"스릴러, 공포, 범죄, 액션",미국,1시간 38분
3492,머시블랙:저주받은아이,"공포, 스릴러",미국,1시간 27분
5121,레슬러,"코미디, 드라마, 로맨스, 스포츠",대한민국,1시간 50분
12751,호빗:뜻밖의여정,"액션, 판타지","미국, 뉴질랜드",2시간 50분
13111,호빗:스마우그의폐허,"액션, 판타지","뉴질랜드, 미국",2시간 41분
4028,호빗:다섯군대전투,"액션, 판타지","뉴질랜드, 미국",2시간 24분
8000,람보3,"스릴러, 액션",미국,1시간 41분
2338,겨울왕국[영어자막],"가족, 액션, 판타지, 애니메이션, 코미디",미국,1시간 42분
2270,주짓수,"SF, 판타지, 액션, 스릴러","사이프러스, 미국",1시간 42분
5016,나는전설이다,"드라마, 스릴러, SF, 공포","영국, 미국",1시간 41분
3391,공공의적,"액션, 범죄",대한민국,2시간 18분
4067,미스프레지던트,"역사, 다큐멘터리",대한민국,1시간 25분
6711,월드워Z:아포칼립스,,영국,75분
9262,핵소고지,"드라마, 역사, 전쟁","호주, 영국, 미국",2시간 19분
13868,돌멩이,다큐멘터리,,1시간 25분
14355,"구름의저편,약속의장소","애니메이션, 액션, 드라마, 로맨스, SF",일본,1시간 30분
7949,미이라3:황제의무덤(2008),"액션, 판타지, 공포, 유럽에서 제작","China, 독일, 미국",1시간 52분
6679,미이라2,"스릴러, 액션, 판타지, 공포",미국,1시간 50분
10396,엠티맨,"공포, 스릴러, 드라마","미국, 남아프리카공화국",2시간 17분
2054,기프트(2000),"스릴러, 공포, 드라마, 판타지",미국,1시간 52분
9866,인류멸망보고서,다큐멘터리,,1시간 25분
4912,곡성,"공포, 스릴러, 드라마",대한민국,2시간 36분
474,사범,"다큐멘터리, 가족",대한민국,1시간 25분
4861,셰익스피어인러브(1998),"로맨스, 드라마, 역사, 코미디",미국,2시간 3분
12113,로드킬(2018),"드라마, 전쟁, 스릴러",영국,57분
5499,함정(2015),"공포, 스릴러, 드라마, 범죄",대한민국,1시간 36분
4236,8마일(2002),"드라마, 음악, 유럽에서 제작","독일, 미국",1시간 50분
3807,인사이드르윈,"드라마, 음악, 유럽에서 제작","미국, 프랑스, 영국",1시간 45분
745,나쁜녀석들2,"액션, 범죄, 코미디, 스릴러",미국,2시간 26분
13645,백악기꼬마공룡을찾아서,"가족, 액션, 코미디, 판타지","캐나다, 미국",1시간 25분
8241,"부르고뉴,와인에서찾은인생","드라마, 코미디, 다큐멘터리, 유럽에서 제작",프랑스,1시간 53분
9978,시티오브조이,"다큐멘터리, 범죄, 드라마, 스릴러, 전쟁","미국, 콩고민주공화국",1시간 14분
4343,파리의자살가게,"애니메이션, 음악, 코미디, 유럽에서 제작","프랑스, 캐나다, 벨기에",1시간 19분
7056,발칸라인,"드라마, 액션, 전쟁","세르비아, 러시아",2시간 10분
10717,라스트킹:왕가의혈투,"액션, 드라마, 역사, 전쟁, 유럽에서 제작","헝가리, 아일랜드, 노르웨이, 덴마크",1시간 39분
5087,보헤미안랩소디싱어롱추가팩,다큐멘터리,,1시간 25분
10164,천승:극강의싸움꾼,액션,대한민국,1시간 30분
2354,구마적,다큐멘터리,,1시간 25분
10468,침입자(2020),"액션, 드라마, 스릴러",미국,1시간 32분
6462,컨트랙티드2,"공포, 스릴러, 드라마",미국,1시간 18분
14041,정복자1453,"액션, 드라마, 전쟁, 역사",터키,2시간 40분
8263,오스카그랜트의어떤하루,"드라마, 범죄",미국,1시간 22분
3882,내게주신두번째기회,다큐멘터리,,1시간 25분
12335,살파랑,"액션, 범죄, 스릴러, 드라마","China, 홍콩",2시간 0분
6770,브레이크(2020),"스릴러, 드라마, 공포",러시아,1시간 30분
13372,라스트캐슬,"드라마, 액션, 스릴러",미국,2시간 11분
10113,이상한나라의앨리스(2010)[한글자막],"판타지, 액션, 애니메이션, 가족, 코미디",미국,1시간 15분
11110,맨홀,"공포, 스릴러",대한민국,1시간 41분
9630,터미널,"드라마, 코미디, 로맨스",미국,2시간 8분
10038,키드[리마스터링],"코미디, 드라마, 가족",미국,1시간 8분
7674,함정(1999),,대한민국,96분
1719,사쿠란,"역사, 드라마",일본,1시간 51분
13229,류이치사카모토:코다,다큐멘터리,,1시간 25분
6281,라이온킹2,"액션, 애니메이션, 드라마, 로맨스, 가족",미국,1시간 21분
6102,브레이븐,"스릴러, 액션",캐나다,1시간 34분
9074,스파르타쿠스,"액션, 드라마, 로맨스, 역사",미국,54분
11320,"다만,널사랑하고있어","드라마, 로맨스",일본,1시간 56분
3932,도살장,"공포, 코미디",미국,1시간 25분
11712,스타워즈1:보이지않는위험,다큐멘터리,,1시간 25분
6565,에이지오브투모로우,다큐멘터리,,1시간 25분
9339,은혼,"SF, 애니메이션, 액션, 코미디",일본,24분
9476,아기거북토토의바다대모험[2D],"다큐멘터리, 가족","영국, 오스트리아, 독일",1시간 21분
104,U311,"전쟁, 액션, 드라마, 역사",우크라이나,1시간 42분
7329,파이브패신저스,"SF, 스릴러",미국,1시간 29분
5367,12몽키즈(1996),"드라마, SF, 스릴러",미국,43분
13932,샬롯의거미줄,"가족, 판타지, 코미디","독일, 미국",1시간 37분
1013,전설의주먹,"드라마, 액션",대한민국,2시간 33분
3039,라이온킹:시그니처콜렉션,"애니메이션, 가족, 드라마, 액션",미국,1시간 29분
8244,미라클(2017),"드라마, 역사, 스포츠, 유럽에서 제작",미국,2시간 15분
344,용의자X,"스릴러, 범죄, 드라마",대한민국,2시간 0분
6430,타운,"스릴러, 범죄, 드라마","영국, 미국",2시간 5분
10021,친구2,"드라마, 액션, 범죄","미국, 대한민국",2시간 4분
9164,솔트,"액션, 스릴러",미국,1시간 40분
1302,잠깐만회사좀관두고올게,다큐멘터리,,1시간 25분
4375,양귀비:왕조의여인,"역사, 로맨스, 전쟁, 드라마",China,2시간 2분
3884,탈혼이진도:자객의기억,다큐멘터리,,1시간 25분
2822,쾌찬차(1984),"로맨스, 범죄, 코미디, 액션",홍콩,1시간 49분
3489,예스마담2(1987),"드라마, 스릴러, 액션, 범죄",홍콩,1시간 36분
1140,간기남(2012),"스릴러, 액션, 코미디, 범죄",대한민국,1시간 57분
7312,초능력자,"스릴러, SF, 액션",대한민국,1시간 54분
1701,변신(2019),"공포, 스릴러",대한민국,1시간 53분
4264,스파이게임(2017),"액션, 범죄, 스릴러","프랑스, 독일, 일본, 미국",2시간 6분
4430,길티오브마인드,"스릴러, 범죄, 드라마, 액션, SF",China,1시간 50분
7242,모뉴먼츠맨:세기의작전,"전쟁, 드라마, 역사, 액션, 코미디","독일, 미국",1시간 58분
2891,거룩한소녀마리아,"드라마, 유럽에서 제작, 코미디",독일,1시간 50분
5892,인크레더블2[디지털특별판],"액션, 애니메이션, 가족, SF, 스릴러, 코미디",미국,1시간 58분
1473,스펙타클워,"전쟁, 역사, 드라마, 액션","Syria, 스페인, 이라크",2시간 15분
9757,1945:포인트오브노리턴,전쟁,영국,1시간 50분
12973,배틀트랩,"전쟁, 드라마, 유럽에서 제작",네덜란드,1시간 18분
7445,액트오브밸러:최정예특수부대,"액션, 스릴러, 전쟁",미국,1시간 50분
4464,하트의전쟁,다큐멘터리,,1시간 25분
8056,워이베이젼,"드라마, 전쟁",호주,1시간 32분
1645,섹터4,"전쟁, 액션",미국,1시간 31분
9061,에브리맨스워,"드라마, 전쟁",미국,1시간 44분
4025,앤트로포이드,"역사, 스릴러, 전쟁, 액션, 드라마, 로맨스, 유럽에서 제작","미국, 영국, 체코 공화국, 프랑스",2시간 0분
756,킹페타르:세계대전의서막,"드라마, 역사, 전쟁","세르비아, 그리스",2시간 5분
1715,1940:최강의독일전차부대,"드라마, 유럽에서 제작, 역사, 전쟁",덴마크,1시간 33분
289,작전명덩케르크,"액션, 역사, 전쟁",미국,1시간 35분
1132,USS인디애나폴리스,"액션, 전쟁, 드라마, 역사, 스릴러",미국,2시간 8분
13800,투엔드올워즈,다큐멘터리,,1시간 25분
8110,지옥의영웅,"전쟁, 드라마",미국,1시간 26분
13316,라플라타강의전투(1956),다큐멘터리,,1시간 25분
12861,워히어로,"전쟁, 액션",미국,1시간 30분
2815,서유기:모험의시작,"액션, 코미디, 판타지, 로맨스","홍콩, China",1시간 50분
14157,몽키킹3:서유기여인왕국,"액션, 가족, 판타지","홍콩, China",1시간 54분
6291,리플리,"범죄, 드라마, 스릴러",미국,56분
7075,황비홍2:남아당자강,다큐멘터리,,1시간 25분
5167,메달리온[리마스터링],"스릴러, 액션, 코미디, 판타지","홍콩, 미국",1시간 28분
1151,특종병기전랑:마약전쟁,"액션, 범죄, 스릴러","China, 홍콩",1시간 57분
8107,특종병기전랑,다큐멘터리,,1시간 25분
5351,에어포스원,"액션, 스릴러",미국,1시간 24분
7204,제이슨본,"액션, 스릴러","China, 미국",2시간 3분
7294,혼노지,"코미디, 판타지, 역사",일본,2시간 0분
3733,세상에서고양이가사라진다면,"판타지, 드라마",일본,1시간 43분
1158,북스마트,코미디,미국,1시간 42분
13848,사우스사이드위드유,"드라마, 로맨스, 역사",미국,1시간 20분
14101,미스터디즈(2002),"코미디, 로맨스",미국,1시간 37분
5918,도둑들,"액션, 범죄, 코미디, 스릴러","미국, 일본, 스위스, 홍콩, 대한민국",2시간 15분
1734,프랭크,"드라마, 코미디, 유럽에서 제작, 음악","아일랜드, 영국",1시간 35분
12230,내일도우린사랑하고있을까,"로맨스, 드라마, 코미디",China,1시간 39분
1796,러브컷,"드라마, 로맨스","스위스, 오스트리아",1시간 34분
13891,모텔리어,다큐멘터리,,1시간 25분
7942,위워솔저스,"역사, 전쟁, 액션, 드라마","독일, 미국, 영국, 프랑스",2시간 18분
9691,도굴[가치봄],"코미디, 액션, 범죄",대한민국,1시간 54분
12303,23아이덴티티,"스릴러, 공포",미국,1시간 57분
9925,암살교실:졸업편,"코미디, 액션, SF",일본,1시간 56분
13964,메가샤크터미네이터,"스릴러, 액션, 공포, SF, 코미디",미국,1시간 29분
12779,완벽한타인:킬모바일,다큐멘터리,,1시간 25분
11826,꿀벌대소동,"코미디, 드라마, 가족, 로맨스, 애니메이션",미국,1시간 31분
1082,4등,"드라마, 스포츠",대한민국,1시간 56분
11966,글러브,"가족, 드라마, 스포츠",대한민국,2시간 24분
13033,김종욱찾기,"코미디, 로맨스",대한민국,1시간 52분
10781,크래쉬포인트,다큐멘터리,,1시간 25분
5195,멀홀랜드드라이브,"스릴러, 드라마","미국, 프랑스",2시간 27분
10697,라이온킹1과1/2(2004)[우리말],"애니메이션, 액션, 코미디, 범죄, 가족, 스릴러",미국,1시간 48분
2755,아드레날린24(2006),"스릴러, 범죄, 액션, 유럽에서 제작",미국,1시간 28분
2066,퍼시잭슨과괴물의바다,"판타지, 가족",미국,1시간 46분
4164,잘알지도못하면서,"드라마, 코미디, 다큐멘터리",대한민국,2시간 8분
9884,로스트바이킹:전쟁의신의아들,"역사, 액션",영국,1시간 43분
5405,올드보이[리마스터링],"스릴러, 액션, 드라마",대한민국,2시간 0분
12394,거울속으로,"공포, 스릴러",대한민국,1시간 53분
8738,크로싱(2008),드라마,"Georgia, 스웨덴, 덴마크, 프랑스, 터키",1시간 46분
3402,정사:금지된사랑,"드라마, 로맨스",대한민국,1시간 32분
10833,너의결혼식,"로맨스, 드라마, 코미디",대한민국,1시간 50분
10511,바울,"드라마, 역사",미국,1시간 48분
14116,쥬만지,"판타지, 액션, 코미디",미국,1시간 59분
9770,월드워Z,"스릴러, 액션, 공포, SF","영국, 미국",1시간 56분
8570,해운대,"액션, 드라마, 스릴러, SF",대한민국,2시간 0분
10344,나쁜상사,"애니메이션, 스릴러",대한민국,1시간 43분
4223,미이라(1999),"액션, 판타지",미국,2시간 5분
10343,원더랜드(2019),"SF, 드라마",대한민국,1시간 53분
8921,레고프렌즈:걸즈포라이프,"가족, 애니메이션",미국,1시간 12분
475,도굴꾼,"판타지, 액션",China,1시간 25분
3204,50가지그림자:심연,"드라마, 로맨스, 스릴러",미국,1시간 55분
3312,인디펜던스데이:지구침공,스릴러,미국,1시간 25분
3900,그크신하나님의사랑,다큐멘터리,,1시간 25분
5803,사랑과영혼,"스릴러, 드라마, 로맨스, 판타지",미국,2시간 7분
8357,필라델피아,드라마,미국,2시간 5분
8887,페인티드베일(2006),"로맨스, 드라마","미국, 캐나다",2시간 5분
5924,"메리,퀸오브스코틀랜드","역사, 드라마","영국, 미국",2시간 4분
8017,이스트드래곤:고대왕릉의비밀,다큐멘터리,,1시간 25분
12509,비스티보이즈,"코미디, 드라마",대한민국,2시간 6분
10439,우리들의행복한시간,"드라마, 로맨스",대한민국,2시간 0분
4192,범죄의재구성,"범죄, 액션, 코미디",대한민국,1시간 56분
12852,화피(2008),"액션, 판타지, 스릴러, 드라마","홍콩, 싱가포르, China",1시간 43분
1038,용문비갑[3D],"드라마, 액션","China, 홍콩",2시간 5분
9134,심용결:잃어버린전설,"액션, 판타지, 스릴러, 드라마, 공포",China,2시간 7분
9605,1982:말비나스전쟁,드라마,대한민국,1시간 59분
11585,스페셜포스:라스트타겟,"전쟁, 액션, 스릴러, 드라마",터키,1시간 30분
6223,로스트인파리,"코미디, 유럽에서 제작","벨기에, 프랑스",1시간 23분
896,"나의사랑,그리스","드라마, 로맨스",그리스,1시간 53분
12661,카이로의붉은장미(1985),"코미디, 판타지, 로맨스",미국,1시간 18분
6301,외전혜옥란,"역사, 드라마",홍콩,1시간 40분
8293,화장(2014),드라마,대한민국,1시간 29분
9527,잔혹한앵글의로망스,다큐멘터리,,1시간 25분
11465,맨하탄녹턴,"스릴러, 범죄, 드라마",미국,1시간 53분
9424,초야:맛의유혹,"드라마, 로맨스",홍콩,1시간 48분
2120,마티나:위험한정사,다큐멘터리,,1시간 25분
221,아자미의모든것,"드라마, 로맨스",일본,1시간 53분
6834,썬샤인패밀리,"코미디, 드라마, 유럽에서 제작",스웨덴,1시간 44분
10922,어웨이프롬허,다큐멘터리,,1시간 25분
2808,스윙어:막장불륜멜로,"드라마, 유럽에서 제작, 로맨스",네덜란드,1시간 33분
10275,7:20원나잇포에버,"드라마, 로맨스","도미니카 공화국, 칠레",1시간 16분
1574,고백(2015),"스릴러, 드라마, 유럽에서 제작",일본,1시간 47분
6350,헬로우고스트,"코미디, 드라마, 가족, 로맨스",대한민국,1시간 51분
1532,쥬피터스타쉽,"SF, 드라마",미국,1시간 30분
5839,항마전:황금룡의부활,"코미디, 판타지","홍콩, China",1시간 30분
7256,블랙사이트,"범죄, 드라마, 액션, 스릴러","미국, 호주",1시간 39분
11564,용의자X적헌신,다큐멘터리,,1시간 25분
1414,행성탈출:최후의전쟁,"SF, 스릴러, 드라마",영국,1시간 47분
768,협도연맹:도둑들의전쟁,"범죄, 액션, 드라마","홍콩, 미국, China, 체코 공화국",1시간 48분
9976,잃어버린지구속으로(2008),다큐멘터리,,1시간 25분
6515,래빗홀(2010),"드라마, 스릴러, 액션",미국,47분
6405,가나의혼인잔치:언약,다큐멘터리,,1시간 25분
13230,트럭(2008),"스릴러, 범죄","홍콩, 대한민국",1시간 36분
13527,블러드퀀텀,"드라마, 공포",캐나다,1시간 38분
13135,고려아리랑:천산의디바,다큐멘터리,대한민국,1시간 36분
6957,영웅:천하의시작(2002)[무삭제판],"역사, 드라마, 액션, 애니메이션","홍콩, China",1시간 39분
7860,피아니스트의마지막인터뷰,"드라마, 음악",캐나다,1시간 37분
11135,퍼펙트맨(2019),"드라마, 코미디",대한민국,1시간 57분
1073,프로디지,"스릴러, 공포, 판타지, 유럽에서 제작",미국,1시간 32분
3161,위대한전진,"전쟁, 드라마, 유럽에서 제작",헝가리,1시간 44분
5865,러브포세일,드라마,일본,1시간 28분
10720,타짜-신의손,"드라마, 범죄",대한민국,2시간 27분
6620,로스트인베이징(2007),"로맨스, 드라마","China, 프랑스",1시간 55분
7725,립이어:자학의성,"드라마, 로맨스",멕시코,1시간 34분
9356,다빈치코드,스릴러,미국,2시간 29분
13696,악의연대기,"스릴러, 범죄, 드라마",대한민국,1시간 42분
1183,사랑에대한모든것,"로맨스, 드라마","영국, 미국",2시간 3분
4318,연인들,"로맨스, 드라마, 역사, 유럽에서 제작","오스트리아, 독일",3시간 0분
624,깡치2,다큐멘터리,,1시간 25분
14289,조선주먹,다큐멘터리,,1시간 25분
4016,삼국지:황건적의난,드라마,China,52분
13142,돌아와요부산항애,다큐멘터리,,1시간 25분
3073,싸움의기술(2019),"코미디, 드라마",대한민국,1시간 40분
6605,싸움의기술[무삭제판],"코미디, 드라마",대한민국,1시간 40분
6438,대결(2016),"액션, 스릴러",미국,1시간 30분
5928,강적(2006),다큐멘터리,,1시간 25분
1681,세상끝의사랑,다큐멘터리,,1시간 25분
1420,바람의파이터,"액션, 드라마, 역사, 전쟁",대한민국,2시간 1분
11022,비행기2:소방구조대,"가족, 애니메이션, 코미디, 액션, 스포츠",미국,1시간 23분
10228,연애,"드라마, 로맨스",대한민국,1시간 40분
11589,워터월드(1995),"SF, 액션",미국,2시간 15분
4207,왓위민원트,"코미디, 로맨스, 판타지",미국,2시간 7분
2722,브링잇온,"코미디, 로맨스, 스포츠, 유럽에서 제작",미국,1시간 39분
12186,클로버,"코미디, 로맨스, 드라마",일본,2시간 0분
11246,쉬즈더맨(2006),"로맨스, 코미디, 스포츠",미국,1시간 45분
6394,미션:톱스타를훔쳐라,"액션, 코미디",대한민국,1시간 25분
5563,피델리티,드라마,러시아,1시간 22분
9536,어글리트루스,"로맨스, 코미디",미국,1시간 36분
13856,개같은것들,"스릴러, 가족, 드라마, 범죄",대한민국,1시간 39분
11521,인천상륙작전:익스텐디드에디션,"역사, 드라마, 전쟁, 액션",대한민국,1시간 51분
14413,패스파인더(2011),"액션, 드라마, 전쟁",미국,1시간 39분
5385,덩케르크,"드라마, 전쟁, 액션, 역사, 스릴러","영국, 미국",1시간 46분
11032,13시간,"전쟁, 액션, 역사, 드라마, 스릴러",미국,2시간 24분
8182,쏜다(2007),"코미디, 드라마, 범죄, 스릴러, 액션",대한민국,1시간 58분
617,레이싱:더라이벌,"드라마, 액션, 음악, 로맨스, 스포츠, 코미디, 다큐멘터리",미국,1시간 30분
3409,널기다리며,"스릴러, 범죄",대한민국,1시간 48분
3799,포화속으로(2010),"전쟁, 드라마, 액션",대한민국,2시간 0분
8687,얼굴없는보스,다큐멘터리,,1시간 25분
1833,학교는끝났다,"스릴러, 드라마, 유럽에서 제작",프랑스,1시간 40분
11255,라이프온더라인,"드라마, 액션, 스릴러, 다큐멘터리, 유럽에서 제작",미국,1시간 37분
13461,파이니스트아워,"드라마, 역사, 스릴러, 액션",미국,1시간 57분
4199,아포칼립스2014,"액션, 드라마, 스릴러",미국,1시간 28분
10595,에이리언:버뮤다삼각지대,"드라마, SF, 스릴러, 공포",미국,55분
350,스톰둠스데이,다큐멘터리,,1시간 25분
2459,아메리칸초밥왕,"드라마, 코미디, 가족",미국,1시간 40분
13967,블랙위도우:파이널챕터,"범죄, 스릴러, 드라마, 액션, 유럽에서 제작",네덜란드,1시간 56분
246,두번할까요,"코미디, 로맨스",대한민국,1시간 52분
9553,아이즈와이드셧,"드라마, 스릴러","미국, 영국",2시간 40분
947,미스터브룩스,"스릴러, 범죄, 드라마",미국,2시간 0분
8123,애쉬래드:트롤의숲,"액션, 판타지, 가족, 유럽에서 제작","체코 공화국, 아일랜드, 노르웨이",1시간 40분
8237,배틀필드2025,"SF, 공포, 액션",미국,1시간 25분
14252,피케이:별에서온얼간이,"드라마, SF, 코미디",인도,2시간 33분
11821,프레데터(1987),"스릴러, 공포, SF, 액션",미국,1시간 47분
516,워킹데드나잇,"SF, 공포, 스릴러, 드라마, 유럽에서 제작",프랑스,1시간 34분
11225,소리꾼,"드라마, 역사, 음악",대한민국,1시간 59분
4960,반칙왕,"코미디, 드라마, 로맨스, 스포츠",대한민국,1시간 52분
276,스틸라이프,"드라마, 로맨스, 유럽에서 제작",China,1시간 48분
5415,나니아연대기:새벽출정호의항해,"액션, 가족, 판타지, 코미디, 스포츠","미국, 영국",1시간 53분
2706,올라프의겨울왕국어드벤처,"코미디, 가족, 판타지, 애니메이션",미국,23분
7750,그녀는거짓말을너무사랑해(2018),"드라마, 코미디, 로맨스, 음악",대한민국,1시간 7분
14014,절벽위의트럼펫,다큐멘터리,,1시간 25분
4677,교실안의야크,"드라마, 가족","China, Bhutan",1시간 49분
6500,에이아이,"액션, 드라마, SF","영국, 미국",2시간 26분
1263,트루먼쇼,"드라마, 코미디",미국,1시간 43분
3886,미스터리도굴단:사라진보물,다큐멘터리,,1시간 25분
10027,단추,다큐멘터리,,1시간 25분
5,국도극장,드라마,대한민국,1시간 46분
8542,김관장대김관장대김관장(2006),"코미디, 액션",대한민국,1시간 37분
10864,나이트비포(2014),코미디,미국,1시간 26분
11890,드래프트데이,"드라마, 스포츠",미국,1시간 50분
13923,마틸다:황제의연인,"드라마, 역사, 로맨스",러시아,2시간 10분
7562,화이트크로우,드라마,"영국, 세르비아",2시간 7분
8409,댄서(2017),다큐멘터리,,1시간 25분
5740,와이키키브라더스,"드라마, 음악",대한민국,1시간 49분
4524,경호원,"액션, 드라마, 범죄",대한민국,1시간 21분
14213,아메리칸스나이퍼,"전쟁, 액션, 드라마",미국,2시간 13분
7146,콘트라밴드(2012),"스릴러, 액션, 드라마, 범죄","미국, 아이슬란드, 영국",1시간 49분
3707,사랑해도괜찮아(2018),"코미디, 드라마, 유럽에서 제작, 로맨스",프랑스,1시간 41분
4417,엽문외전,"범죄, 드라마, 액션","홍콩, China",1시간 47분
381,비틀스:에잇데이즈어위크투어링이어즈,"다큐멘터리, 음악, 역사","영국, 미국",1시간 46분
8632,커런트워,"역사, 드라마","러시아, 미국",1시간 48분
13419,칼리더킬러,"범죄, 드라마",미국,1시간 29분
10962,작전명아이다호,"스릴러, 범죄, 액션",미국,1시간 50분
1304,배신자(2019),"범죄, 스릴러, 드라마, 유럽에서 제작","이탈리아, 브라질, 프랑스, 독일",2시간 31분
11491,클로즈에너미,"드라마, 스릴러, 유럽에서 제작","벨기에, 프랑스",1시간 51분
7169,비밀이아닌이야기,"로맨스, 드라마",미국,1시간 51분
3453,갱스터파라다이스,"스릴러, 드라마, 범죄",세르비아,2시간 5분
12213,소울리스,"코미디, 음악",미국,1시간 55분
4126,오션스게임,"드라마, 범죄, 스릴러, 코미디",미국,1시간 17분
9285,화이트블러드,다큐멘터리,,1시간 25분
1993,파라다이스로스트마약카르텔의왕,다큐멘터리,,1시간 25분
12492,군산:거위를노래하다,"드라마, 로맨스, 역사",대한민국,2시간 2분
12915,뷰티풀마인드,"드라마, 스릴러, 로맨스",대한민국,8분
4506,파리로가는길,"코미디, 드라마, 로맨스","영국, 미국, 프랑스, 일본",1시간 32분
7442,식물도감,"로맨스, 드라마",일본,1시간 52분
2343,오픈더도어,"범죄, 스릴러",대한민국,1시간 41분
5144,로빈:살인자의유혹,스릴러,"덴마크, 스웨덴",1시간 28분
1867,10미니츠곤,"스릴러, 범죄, 액션",미국,1시간 36분
792,007제11탄-문레이커,"액션, 스릴러, SF","미국, 프랑스, 영국",2시간 6분
12519,특수부대:스카이헌터,"액션, 스릴러, 전쟁, 드라마, 로맨스",China,1시간 58분
6399,오퍼레이션레드씨,"스릴러, 전쟁, 액션, 드라마","모로코, China, 홍콩",2시간 18분
1289,더베스트오브맨,"드라마, 역사, 전쟁",영국,1시간 30분
7033,도망자2,"드라마, 서부, 스릴러, 유럽에서 제작",미국,1시간 43분
12444,프리퀀시,"SF, 범죄, 스릴러, 드라마",미국,1시간 58분
3535,베이직,"스릴러, 범죄, 액션, 드라마","미국, 영국",1시간 38분
6918,아기돼지3형제와쿵푸랜드,다큐멘터리,,1시간 25분
14202,아기돼지3형제와매직램프,다큐멘터리,,1시간 25분
6520,툴리,"드라마, 코미디","미국, 캐나다",1시간 36분
13674,드레스메이커,"코미디, 서부, 드라마, 유럽에서 제작","영국, 호주",1시간 58분
3479,디아블로:분노의질주,"범죄, 액션, 스릴러","콜롬비아, 미국",1시간 31분
12491,제인도,"스릴러, 공포","영국, 미국",1시간 26분
1529,마파도2,코미디,대한민국,2시간 9분
8222,로그워페어,,미국,99분
1176,공모자들(2012),"드라마, 스릴러, 범죄, 액션",대한민국,1시간 51분
114,레고배트맨:더무비(2013),"가족, 애니메이션, 액션, 코미디, SF",미국,1시간 11분
2691,그녀들의방(2008),드라마,대한민국,1시간 46분
10939,병구,다큐멘터리,,1시간 25분
12220,아는여자,"로맨스, 코미디",대한민국,1시간 47분
1592,열정같은소리하고있네,"코미디, 로맨스",대한민국,1시간 46분
13881,친구와연인사이,"코미디, 로맨스",미국,1시간 47분
3655,완벽한커플,"드라마, 범죄, 로맨스, 유럽에서 제작","프랑스, 독일",1시간 37분
10240,언브로큰,"드라마, 스포츠, 전쟁",미국,2시간 17분
3473,비단꽃길,다큐멘터리,대한민국,1시간 31분
8630,옵세스드,"드라마, 로맨스, 스릴러, 코미디",미국,1시간 48분
6859,침묵의시선,"역사, 다큐멘터리, 유럽에서 제작","미국, 덴마크, 핀란드, 인도네시아, 노르웨이, 영국",1시간 40분
2945,잃어버린세계를찾아서2:신비의섬,"액션, SF, 가족, 판타지, 코미디",미국,1시간 34분
10974,밤비2,"애니메이션, 드라마, 가족, 판타지, 로맨스",미국,1시간 12분
10404,신기질:중원의결사대,"역사, 액션",China,1시간 50분
11340,대리사:취월교방대방화,다큐멘터리,,1시간 25분
14163,천지불패,다큐멘터리,,1시간 25분
1583,파이란(2001),"드라마, 로맨스",대한민국,1시간 55분
6791,T-34,"액션, 드라마, 전쟁",러시아,2시간 19분
14512,보존상:천년의유혼,다큐멘터리,,1시간 25분
11629,라이즈오브더풋솔져,"드라마, 액션, 범죄",영국,1시간 47분
3469,라비앙로즈,"드라마, 음악, 로맨스, 유럽에서 제작","프랑스, 영국, 체코 공화국",2시간 20분
13927,권순분여사납치사건,"범죄, 코미디",대한민국,1시간 58분
105,미드나잇선(2018),"로맨스, 드라마, 유럽에서 제작",미국,1시간 32분
13225,프렌즈:하얀거짓말(2014),"코미디, 드라마, 유럽에서 제작",프랑스,2시간 34분
2040,여친남친(2013),다큐멘터리,,1시간 25분
2715,빛과철[별도편성][예고편],"드라마, 범죄",대한민국,1시간 47분
479,데드풀2:순한맛,"액션, SF, 코미디",미국,1시간 58분
2230,이미테이션게임,"전쟁, 역사, 드라마, 스릴러","미국, 영국",1시간 53분
11856,스카페이스(1983),"액션, 범죄, 드라마",미국,2시간 51분
12770,나의작은시인에게,다큐멘터리,,1시간 25분
13188,12명의성난사람들,"드라마, 범죄",미국,1시간 37분
8298,우리도사랑일까(2011),"드라마, 코미디","캐나다, 프랑스",1시간 56분
13771,크래쉬,"스릴러, 드라마","영국, 캐나다",1시간 40분
1693,미스컨덕트,"드라마, 스릴러, 범죄",미국,1시간 46분
3496,시라노(1990),"드라마, 로맨스","캐나다, 미국, 영국",2시간 3분
9381,이장,다큐멘터리,,1시간 25분
1924,화해,다큐멘터리,,1시간 25분
10763,이상한나라의앨리스(1951),"판타지, 액션, 애니메이션, 가족, 코미디",미국,1시간 15분
10438,더티댄싱,"드라마, 로맨스, 음악",미국,1시간 26분
272,리노,"애니메이션, 가족, 판타지, 로맨스, SF, 코미디, 다큐멘터리, 유럽에서 제작",브라질,1시간 33분
9384,나만없어고양이,"가족, 판타지, 드라마",대한민국,1시간 37분
14500,리틀프린세스소피아:신비한섬,,미국,1시간 4분
191,멋진인생,"드라마, 가족, 판타지, 로맨스",미국,2시간 11분
8557,미라클프롬헤븐,"드라마, 가족",미국,1시간 59분
14119,나비효과(2004),"SF, 드라마, 스릴러","캐나다, 미국",1시간 53분
7699,브레이킹던part1,"액션, 판타지, 로맨스, 스릴러, 드라마",미국,1시간 57분
12457,알라딘3-알라딘과도둑의왕,"애니메이션, 로맨스, 코미디, 가족, 판타지",미국,1시간 20분
1393,자칼(1997),"스릴러, 액션, 범죄, 드라마, 유럽에서 제작",미국,2시간 4분
5329,식스틴블럭[특별판],"액션, 범죄, 스릴러, 드라마","영국, 캐나다, 독일, 미국",1시간 45분
6745,인생후르츠,다큐멘터리,,1시간 25분
7380,배틀필드전쟁의사상자들,"전쟁, 드라마",캐나다,1시간 31분
3283,이보다더좋을순없다(1997),"드라마, 코미디, 로맨스",미국,2시간 19분
10450,레고DC코믹스:저스티스리그vs비자로리그,다큐멘터리,,1시간 25분
7139,쇼크웨이브,"액션, 범죄, 스릴러","China, 홍콩",1시간 59분
10747,영웅본색4,"액션, 범죄, 드라마",China,1시간 54분
4845,특수요원,"액션, 드라마",대한민국,1시간 34분
8073,특수부대백호,"액션, SF",China,1시간 16분
1767,고스트버스터즈2,"SF, 액션, 코미디, 판타지",미국,1시간 48분
1606,마다가스카,"액션, 코미디, 가족, 애니메이션",미국,1시간 25분
2389,그린치(2000),"코미디, 애니메이션, 드라마, 가족, 판타지, 유럽에서 제작",미국,1시간 26분
3125,이연걸의히트맨,"액션, 코미디, 스릴러, 범죄",홍콩,1시간 43분
5722,레이드2(2014),"드라마, 스릴러, 범죄",인도,2시간 19분
12450,쎄시봉,"로맨스, 드라마, 코미디, 음악",대한민국,2시간 0분
11669,리틀포니프린세스,다큐멘터리,,1시간 25분
4476,런던시계탑밑에서사랑을찾을확률,"로맨스, 코미디, 드라마",영국,1시간 28분
432,스타이즈본디오리지널,"드라마, 음악, 로맨스",미국,2시간 56분
13387,로제타,"드라마, 유럽에서 제작","벨기에, 프랑스",1시간 35분
7532,마음이,,대한민국,92분
4446,마지막레슨,"드라마, 가족, 유럽에서 제작",프랑스,1시간 45분
4668,크로닉,다큐멘터리,,1시간 25분
5370,파리의연인들,"드라마, 유럽에서 제작, 코미디, 로맨스","벨기에, 프랑스",1시간 46분
3068,덤앤더머,코미디,미국,1시간 47분
13207,돈틀리스:미드웨이해전,"역사, 전쟁, 액션, 드라마",미국,1시간 38분
13715,다크나이트라이즈,"액션, 드라마, 스릴러, 범죄","미국, 영국",2시간 45분
8070,셀프/리스,"액션, 스릴러, SF",미국,1시간 57분
10367,쿵푸타운,,,1시간 27분
5898,매혹의스캔들,"로맨스, 역사, 드라마, 액션, 유럽에서 제작",헝가리,2시간 1분
11640,희생부활자,"스릴러, 액션",대한민국,1시간 31분
10012,눈의꽃,"로맨스, 드라마",일본,2시간 5분
12652,에너미오브스테이트(1998),"액션, 스릴러","미국, 영국",2시간 4분
10505,리듬오브리벤지,"액션, 스릴러, 드라마, 유럽에서 제작","스페인, 영국, 미국",1시간 49분
6832,태양의소녀들,"드라마, 전쟁, 유럽에서 제작","스위스, 벨기에, Georgia, 프랑스",1시간 51분
12904,미나미양장점의비밀,드라마,일본,1시간 44분
1638,무사:400vs1,액션,일본,1시간 31분
13567,코렐라인:비밀의문,"애니메이션, 가족, 판타지, 드라마",미국,1시간 40분
14084,파워배틀와치카:와치가면의역습,다큐멘터리,,1시간 25분
13133,메가로돈:거대상어의습격,"공포, 액션, SF, 스릴러",미국,1시간 30분
12132,몬스터(2003),"애니메이션, 드라마, 스릴러, 범죄",일본,23분
13762,팅커벨2:팅커벨과잃어버린보물(2009),"애니메이션, 가족, 판타지","미국, 인도",1시간 15분
12035,피터팬(1953)[한글자막],"액션, 판타지, 가족, 로맨스","호주, 영국, 미국",1시간 53분
14454,카운트다운:쇼크웨이브,"액션, 스릴러, SF",미국,1시간 30분
12382,짱,다큐멘터리,,1시간 25분
8453,슈렉3,"코미디, 가족, 판타지, 액션, 애니메이션, 로맨스",미국,1시간 33분
3052,오션스8,"범죄, 코미디, 액션, 스릴러",미국,1시간 50분
6208,연애완전정복[무삭제판],"로맨스, 코미디, 드라마",대한민국,1시간 32분
11258,주홍글씨(2004),"범죄, 로맨스, 스릴러, 드라마",대한민국,1시간 55분
200,황금나침반,"SF, 드라마, 액션, 판타지",영국,54분
11424,미스터앙리와의조금(?!)특별한동거,"드라마, 코미디, 유럽에서 제작",프랑스,1시간 40분
4971,가필드(2004),"애니메이션, 가족, 코미디, 액션, 판타지","홍콩, 영국, 미국",1시간 41분
10428,프랑켄슈타인VS미라,공포,미국,1시간 54분
1470,스윙키즈,"드라마, 전쟁",대한민국,2시간 13분
3444,픽셀,"SF, 액션, 코미디, 판타지, 스릴러","프랑스, 인도, 미국, China",1시간 46분
6346,UFO스케치,다큐멘터리,,1시간 25분
906,크리스마스의기적(2017),"코미디, 드라마, 가족, 로맨스",러시아,1시간 37분
8975,배틀쉽,"액션, SF, 스릴러","미국, 일본",2시간 11분
8860,페이스블라인드,"스릴러, 범죄, 드라마, 로맨스","미국, 캐나다, 프랑스",1시간 42분
9160,스네이크아이,"액션, 범죄, 판타지, SF, 스릴러","캐나다, 일본, 미국",2시간 1분
11352,스타트렉다크니스,"액션, SF",미국,2시간 12분
3179,이티(E.T),"SF, 액션, 가족, 판타지",미국,1시간 55분
11482,대립군,"전쟁, 액션, 드라마, 역사","대한민국, 일본",2시간 9분
5086,뷰티풀데이즈,드라마,"프랑스, 대한민국",1시간 44분
11891,크리스마스에는행복이,"코미디, 로맨스",미국,1시간 42분
14436,내가잠들기전에,"스릴러, 유럽에서 제작, 드라마","스웨덴, 영국, 미국, 프랑스",1시간 32분
2022,뷰티인사이드,"로맨스, 판타지, 드라마",대한민국,2시간 7분
10040,"나를책임져,알피",다큐멘터리,,1시간 25분
431,식스센스,Reality TV,대한민국,1시간 39분
14140,그것:두번째이야기,"공포, 스릴러, 드라마, 판타지",미국,2시간 45분
7287,비트(1997),"액션, 드라마, 범죄",대한민국,1시간 56분
9593,더기버:기억전달자,"SF, 드라마, 로맨스, 스릴러",미국,1시간 37분
10395,초속5센티미터,"애니메이션, 로맨스, 드라마, 가족",일본,1시간 3분
6106,잭리처,"액션, 범죄, 드라마, 스릴러",미국,2시간 10분
5976,잭리처:네버고백,"드라마, 범죄, 액션, 스릴러","미국, China",1시간 58분
13636,빅샤크2:해저2만리,다큐멘터리,,1시간 25분
13594,몬스터즈,"드라마, 스릴러, SF, 로맨스",영국,1시간 34분
5601,아메리칸패스토럴,"범죄, 드라마, 스릴러, 로맨스","홍콩, 미국",1시간 48분
3842,채비,"드라마, 가족",대한민국,1시간 54분
2092,평일오후3시의연인,"드라마, 로맨스",일본,2시간 5분
12453,내남자의이중생활,"드라마, 스릴러, 범죄, 로맨스, 유럽에서 제작",독일,1시간 40분
4585,크랙(2009),"드라마, 스릴러, 유럽에서 제작","프랑스, 아일랜드, 스페인, 영국, 미국",1시간 44분
6891,그곳에서만빛난다,드라마,일본,2시간 0분
13297,금의위:14검의비밀,"드라마, 액션, 스릴러, 역사","홍콩, China, 싱가포르",1시간 54분
13383,지.아이.조-전쟁의서막,액션,"미국, 체코",118분
4453,라이즈오브워리어퀸:부디카,역사,영국,1시간 22분
1356,대지진(2010),"드라마, 역사","China, 홍콩",2시간 15분
11899,다운어다크홀,"스릴러, 판타지, 드라마, 공포, 유럽에서 제작","스페인, 미국",1시간 36분
1434,탱크:무적의T34,"액션, 드라마, 전쟁",러시아,2시간 19분
4315,더탱크:KV-1vs팬저,"드라마, 역사, 전쟁, 액션",러시아,1시간 30분
12804,제5원소[리마스터링][감독판],"SF, 액션",프랑스,2시간 6분
8916,사랑할때이야기하는것들,"로맨스, 드라마",대한민국,1시간 54분
383,12피트,"공포, 스릴러",미국,1시간 25분
8464,화이트하우스다운,"액션, 드라마, 스릴러","미국, 캐나다",2시간 11분
7588,리멤버,"드라마, 스릴러",대한민국,59분
10853,어느독재자,다큐멘터리,,1시간 25분
5912,밀리언달러베이비(2004),"드라마, 스포츠","스위스, 미국",2시간 12분
8188,슬럼독밀리어네어,"로맨스, 드라마, 범죄",영국,2시간 1분
12733,갱스터오브시티,다큐멘터리,,1시간 25분
14089,닥터지바고,"드라마, 로맨스, 전쟁","영국, 미국, 이탈리아",3시간 17분
6052,카센타,범죄,대한민국,1시간 36분
4706,캐롤,"로맨스, 드라마, 유럽에서 제작","영국, 미국",1시간 58분
4569,블러드다이아몬드파이널,다큐멘터리,,1시간 25분
5994,난징!난징!,"전쟁, 드라마, 역사","China, 홍콩",2시간 12분
4246,오퍼레이션메콩,"액션, 범죄, 전쟁, 드라마, 역사, 스릴러","China, 홍콩",2시간 4분
10139,디파티드(2006),"드라마, 스릴러, 범죄","홍콩, 미국",2시간 31분
14183,사랑의소용돌이(2014),"드라마, 로맨스",일본,2시간 3분
7852,"금붕어,여자",전쟁,대한민국,1시간 4분
10751,포화속의우정[시리즈완전판],"전쟁, 드라마, 다큐멘터리, 역사, 액션, 유럽에서 제작",독일,1시간 32분
5642,호밀밭의반항아,"드라마, 로맨스, 전쟁",미국,1시간 46분
12639,세인트모드,"스릴러, 공포, 드라마",영국,1시간 25분
5237,크게될놈,드라마,대한민국,1시간 48분
8880,"세라비,이것이인생!","코미디, 드라마, 로맨스, 유럽에서 제작",프랑스,1시간 55분
417,헤어드레서,다큐멘터리,,1시간 25분
6475,메리미,"로맨스, 코미디, 음악","일본, 미국",1시간 52분
2175,완벽한주인,"드라마, 코미디, 유럽에서 제작",독일,1시간 51분
11471,소공녀(2018),"드라마, 로맨스, 코미디",대한민국,1시간 45분
5316,소년들은쏘아올린불꽃을옆에서보고싶었다,다큐멘터리,일본,1시간 30분
13405,하나식당,다큐멘터리,,1시간 25분
2831,어센트:타임슬립,"드라마, SF, 판타지, 역사, 로맨스",대한민국,1시간 6분
5099,셰임,"드라마, 유럽에서 제작","캐나다, 영국",1시간 42분
2246,템프팅,"드라마, 로맨스, 코미디, 유럽에서 제작",프랑스,1시간 38분
11051,남자들이모르는은밀한것들(2002),"드라마, 유럽에서 제작, 코미디, 판타지, 로맨스",프랑스,1시간 55분
9539,리틀페어런트,"코미디, 액션, 가족, 유럽에서 제작","독일, 오스트리아",1시간 33분
4229,게임의법칙:인간사냥,"스릴러, 액션",대한민국,1시간 24분
3310,인어공주이야기,"가족, 드라마",미국,1시간 32분
7419,헬보이(2019),"액션, 판타지, 공포, SF",미국,1시간 59분
2201,17어게인,"판타지, 드라마, 로맨스, 코미디, 스포츠",미국,1시간 42분
5222,타타라사무라이,"액션, 코미디, 드라마, 역사, 전쟁",일본,2시간 15분
10975,엘리펀트킹덤보,다큐멘터리,,1시간 25분
12386,레브,"액션, 드라마, 다큐멘터리, 스릴러",미국,1시간 31분
6048,트리플엑스(2002),"스릴러, 범죄, 드라마, 액션",미국,2시간 4분
13520,바이킹:왕좌의게임,"드라마, 역사, 전쟁, 액션",러시아,2시간 13분
7022,엑스맨:퍼스트클래스,"액션, SF",미국,2시간 12분
7854,쁘띠아만다,"드라마, 로맨스, 코미디",미국,1시간 34분
7424,갤버스턴,"스릴러, 드라마, 액션, 범죄",미국,1시간 31분
6185,해피엔드(2019),"SF, 드라마, 판타지","영국, 일본, 미국, 싱가포르",1시간 53분
7400,행맨(2018),"범죄, 스릴러, 드라마, 공포",미국,1시간 38분
13413,"고흐,영원의문에서","드라마, 역사, 유럽에서 제작","프랑스, 스위스, 영국, 미국",1시간 51분
13767,보이스비,"드라마, 액션",대한민국,1시간 30분
10079,셔터아일랜드,"드라마, 스릴러",미국,2시간 18분
8991,흥부,다큐멘터리,,1시간 25분
3213,변신(2019)[가치봄],"공포, 스릴러",대한민국,1시간 53분
6458,트랩(2007),"범죄, 공포, 스릴러",미국,1시간 45분
7173,사채왕페그,"코미디, 드라마, 로맨스",미국,1시간 35분
14498,디스트로이어,"스릴러, 범죄, 드라마, 액션","미국, 영국",2시간 1분
12585,탐엣더팜,다큐멘터리,,1시간 25분
6997,뷰티풀뱀파이어(2018),"드라마, 판타지, 로맨스",대한민국,1시간 12분
14229,무적철교삼(2018),다큐멘터리,,1시간 25분
9423,개세영웅,"판타지, 액션",China,1시간 23분
841,만추(1981),"드라마, 로맨스","홍콩, China, 미국, 대한민국",1시간 53분
7034,미녀와야수[시그니처콜렉션],"판타지, 애니메이션, 가족",미국,1시간 12분
3598,브레스트요새,"드라마, 전쟁, 액션, 역사","벨라루스, 러시아",2시간 18분
2847,화이트스톰,"액션, 범죄, 스릴러, 드라마","홍콩, China",2시간 5분
10290,화심:욕망의꽃,"로맨스, 드라마",일본,1시간 35분
2870,분화구의두사람,"드라마, 로맨스",일본,1시간 55분
7538,미옥,"액션, 범죄",대한민국,1시간 31분
8918,더틱,다큐멘터리,,1시간 25분
13458,리메인,"드라마, 애니메이션, 코미디, 스포츠",일본,23분
8014,택시5,"코미디, 범죄, 액션, 유럽에서 제작",프랑스,1시간 42분
2255,점쟁이들,"액션, 판타지, 코미디, 스릴러, 다큐멘터리, 공포",대한민국,1시간 59분
6384,GP506,"공포, 스릴러",대한민국,2시간 1분
4040,달마야놀자,"코미디, 드라마",대한민국,1시간 35분
8565,공공의적2,"액션, 범죄, 드라마",대한민국,2시간 28분
12772,프랑켄위니[한글자막],"애니메이션, 코미디, 가족, SF, 스릴러, 드라마, 공포",미국,1시간 27분
11384,내꿈은컬러꿈,다큐멘터리,,1시간 25분
9312,미이라:악령의부활,"액션, 공포",영국,1시간 25분
7876,물랑루즈,"드라마, 로맨스","호주, 미국",2시간 8분
11087,연인(2004),"드라마, 스릴러, 역사, 로맨스, 전쟁",대한민국,1시간 11분
1099,더위치,"공포, 코미디, 가족, 판타지","미국, 멕시코, 영국",1시간 46분
5776,선희와슬기,다큐멘터리,,1시간 25분
3301,메멘토:더걸,"스릴러, 드라마",미국,1시간 53분
5444,내생애가장아름다운일주일,"드라마, 로맨스, 코미디",대한민국,2시간 9분
669,서바이브더나잇,"액션, 스릴러, 드라마",미국,1시간 30분
11457,국화꽃향기(2003),"드라마, 로맨스",대한민국,1시간 49분
6259,새드무비(2005),다큐멘터리,,1시간 25분
11797,강남1970,"액션, 범죄, 스릴러, 드라마",대한민국,2시간 15분
9545,덫,"드라마, 범죄, 스릴러",Arjantin,52분
5095,6웨이투다이,"스릴러, 액션, 범죄",미국,1시간 43분
7748,나이트라이즈,"액션, 드라마",미국,1시간 36분
3337,무인곽원갑(2006),"드라마, 액션","홍콩, 미국, China",1시간 43분
10688,벡키,"스릴러, 공포, 드라마, 액션, 범죄",미국,1시간 40분
3181,루나:소녀의복수,"액션, 스릴러, SF, 로맨스, 드라마, 유럽에서 제작",독일,1시간 32분
12702,디즈니삼총사(2004),"액션, 애니메이션, 코미디, 가족, 로맨스",미국,1시간 8분
6226,가족의탄생(2006),드라마,대한민국,1시간 53분
10585,더리틀아워즈,"코미디, 로맨스","캐나다, 미국",1시간 30분
1120,이장과군수,코미디,대한민국,1시간 53분
12050,교회오빠,다큐멘터리,대한민국,1시간 24분
10324,용길이네곱창집,"드라마, 가족",일본,2시간 8분
1902,먹고기도하고사랑하라(2010),"드라마, 로맨스, 코미디",미국,2시간 13분
2763,디바(2020),"드라마, 스릴러, 액션, 다큐멘터리, 유럽에서 제작, 범죄, 음악",프랑스,1시간 57분
4798,우주로봇씨어,다큐멘터리,,1시간 25분
5241,두개의달,공포,대한민국,1시간 26분
14531,신마적:독불장군엄동욱,드라마,,1시간 27분
14435,아무르,"드라마, 유럽에서 제작","독일, 오스트리아, 프랑스",2시간 7분
7311,페이퍼보이:사형수의편지,"스릴러, 드라마, 범죄, 유럽에서 제작",미국,1시간 41분
572,프리스테이트,"드라마, 역사, 전쟁, 서부, 액션",미국,2시간 19분
9985,다키스트마인드,"드라마, SF, 스릴러, 액션, 로맨스",미국,1시간 45분
9847,달콤한인생(1960),"범죄, 액션, 드라마, 스릴러",대한민국,1시간 59분
1152,리얼맥코이,"스릴러, 범죄, 드라마",미국,1시간 40분
7607,팅커벨6:네버비스트의전설[한글자막],"액션, 애니메이션, 가족, 판타지",미국,1시간 17분
5193,애나벨,"공포, 스릴러",미국,1시간 39분
14093,퍼펙트이스케이프,다큐멘터리,,1시간 25분
9464,이제난용감해질거야,다큐멘터리,,1시간 25분
6095,앵커,"스릴러, 공포",대한민국,1시간 51분
6504,관계의가나다에있는우리는,드라마,대한민국,1시간 40분
1652,다운레인지,"공포, 스릴러, 액션",미국,1시간 30분
3140,공개예정:소울(영화),"SF, 범죄, 드라마, 로맨스",미국,45분
10817,하늘에서음식이내린다면,"코미디, 가족, 애니메이션, 판타지, SF",미국,1시간 30분
7102,허큘리스,"액션, 판타지",미국,1시간 38분
2064,스카우트(2007),"코미디, 드라마, 로맨스",대한민국,1시간 34분
10927,피아노치는대통령,"코미디, 로맨스, 드라마",대한민국,1시간 35분
5509,아이스맨,"스릴러, 범죄, 드라마",미국,1시간 45분
2881,25시,드라마,미국,2시간 14분
6522,질투,"로맨스, 드라마, 유럽에서 제작",프랑스,1시간 17분
14429,독전[가치봄],"범죄, 액션, 스릴러",대한민국,2시간 3분
5576,센츄리온,"액션, 드라마, 역사, 전쟁","프랑스, 영국",1시간 37분
8583,심판(2017),"드라마, 범죄, 스릴러, 유럽에서 제작","독일, 프랑스, 이탈리아",1시간 46분
8156,숙명(2007),"스릴러, 범죄, 액션, 드라마",대한민국,2시간 3분
8360,황제의검신,다큐멘터리,,1시간 25분
1146,천하제패:반란의시대,"드라마, 역사, 액션",대한민국,1시간 43분
6610,무림쟁패:황제암살단,다큐멘터리,,1시간 25분
3984,일포스티노,"코미디, 드라마, 유럽에서 제작, 로맨스","프랑스, 벨기에, 이탈리아",1시간 48분
7640,하드어택,"스릴러, 액션, SF",미국,1시간 35분
7646,우리생애최고의날,"드라마, 코미디, 유럽에서 제작",독일,1시간 53분
2607,127시간,"스릴러, 액션, 드라마","프랑스, 영국, 미국",1시간 34분
14033,싸이코(1960),"스릴러, 공포, 드라마",미국,1시간 49분
2994,포스마쥬어:화이트베케이션,다큐멘터리,,1시간 25분
14461,겟썸(2008),,미국,112분
8355,테일오브테일즈,"로맨스, 판타지, 공포, 유럽에서 제작, 드라마","영국, 이탈리아, 프랑스",2시간 14분
7842,성의,"드라마, 역사, 로맨스",미국,2시간 15분
10387,미이라:피라미드의비밀,"액션, 공포, 스릴러","독일, 미국",1시간 28분
13325,밀레니엄:제1부여자를증오한남자들,"드라마, 스릴러, 범죄, 유럽에서 제작","덴마크, 독일, 노르웨이, 스웨덴",2시간 32분
12489,태양은가득히,"범죄, 드라마, 스릴러, 유럽에서 제작","이탈리아, 프랑스",1시간 58분
14097,우리오빠좀데려가,"코미디, 드라마, 판타지",China,1시간 53분
331,레이디수잔,"코미디, 드라마, 로맨스, 유럽에서 제작","아일랜드, 네덜란드, 프랑스",1시간 30분
11302,육체의학교,다큐멘터리,,1시간 25분
12390,레베카(1940),"스릴러, 로맨스, 드라마",미국,2시간 10분
10650,블레이드러너,"드라마, 스릴러, 액션, SF","홍콩, 영국, 미국",1시간 57분
9236,매트릭스3:레볼루션,"스릴러, 액션, SF",미국,2시간 9분
9591,바닐라스카이,"스릴러, 로맨스, SF, 판타지","미국, 스페인",2시간 16분
13570,윌리[우리말],"코미디, 가족, 애니메이션",말레이시아,1시간 30분
10278,동자대소동,다큐멘터리,,1시간 25분
943,고스트헌터-슈퍼내추럴,"공포, 코미디",미국,1시간 32분
4188,나는예수님이싫다,드라마,일본,1시간 18분
12635,알리타:배틀엔젤,"액션, SF, 스릴러",미국,2시간 2분
9798,가문의부활:가문의영광3,"범죄, 코미디, 드라마",대한민국,2시간 8분
2406,맘마미아,"코미디, 로맨스, 유럽에서 제작","미국, 독일, 영국",1시간 48분
11647,경성학교:사라진소녀들,"공포, 스릴러",대한민국,1시간 39분
4151,스카이라인2,"SF, 액션, 애니메이션, 공포","인도네시아, 싱가포르, 영국, 미국, 캐나다, China, 홍콩",1시간 45분
6178,스카이라인:더비욘드,"스릴러, SF, 공포",미국,1시간 25분
4867,뫼비우스의악녀:붉은방,다큐멘터리,,1시간 25분
1441,저스티스리그[다국어자막],"SF, 액션, 판타지, 애니메이션",미국,1시간 21분
9135,썸니아,"판타지, 공포, 스릴러, 드라마",미국,1시간 37분
10726,독수리에디,"코미디, 드라마, 역사, 액션, 스포츠, 다큐멘터리","미국, 영국",1시간 46분
8971,만남의광장(2007),"코미디, 로맨스, 드라마, 전쟁",대한민국,1시간 47분
10512,강시선생:일미도인,"액션, 코미디, 공포, 판타지",홍콩,1시간 30분
4621,강시선생3:영환도사,다큐멘터리,,1시간 25분
13972,화성은엄마가필요해[한글자막],애니메이션,미국,88분
8978,오션스:문어구출대작전,"범죄, 코미디, 액션, 스릴러",미국,1시간 50분
13816,신은죽지않았다2,드라마,미국,2시간 1분
7882,터미네이터2:오리지널,"스릴러, 액션, SF","미국, 프랑스",2시간 17분
754,용루각2:신들의밤,"액션, 스릴러",대한민국,1시간 31분
7648,못말리는컬링부,다큐멘터리,,1시간 25분
9165,선샤인패밀리,다큐멘터리,,1시간 25분
12246,토마스크라운어페어,"드라마, 범죄, 로맨스, 스릴러",미국,1시간 53분
11035,컨트랙티드,"공포, 스릴러, 드라마",미국,1시간 24분
12367,버킷리스트,"드라마, 코미디, 유럽에서 제작",미국,1시간 37분
8247,좀비캠프,"공포, 애니메이션, 드라마",미국,1시간 28분
4317,아틱,"액션, 드라마, 유럽에서 제작","아이슬란드, 미국",1시간 38분
9233,대지(1937),"드라마, 로맨스",미국,2시간 19분
11837,줄리에타,다큐멘터리,,1시간 25분
10507,환상의빛,드라마,일본,1시간 50분
938,울지마톤즈2:슈크란바바,다큐멘터리,대한민국,1시간 22분
9613,사이코메트리[가치봄],"스릴러, 드라마, SF",대한민국,1시간 47분
1884,분노의질주,"액션, 범죄, 스릴러",미국,2시간 22분
8759,탱크독,"액션, 전쟁, 역사, 코미디",러시아,1시간 35분
4043,더탱크,"드라마, 역사, 전쟁, 액션",러시아,1시간 30분
11804,1864남북전쟁,다큐멘터리,,1시간 25분
13559,검은집,"스릴러, 공포",대한민국,1시간 44분
11165,디센트,"공포, 액션, 스릴러",영국,1시간 40분
11199,목격자:눈이없는아이,"스릴러, 범죄",대한민국,1시간 51분
4385,판도라,"스릴러, 드라마, 액션",대한민국,2시간 16분
6453,항거:유관순이야기[가치봄],"역사, 드라마",대한민국,1시간 45분
7405,유니버셜솔저(1992),"액션, SF",미국,1시간 22분
3876,취권3(1994),"액션, 코미디",홍콩,1시간 31분
5729,매디슨카운티의다리,"드라마, 로맨스, 유럽에서 제작",미국,2시간 15분
7230,복면달호,"음악, 코미디, 다큐멘터리","일본, 대한민국",1시간 54분
93,데드돈다이,"코미디, 공포, SF, 범죄, 액션, 드라마, 스릴러, 판타지","스웨덴, 일본, 미국",1시간 43분
9848,와일드마운틴타임,"로맨스, 드라마, 코미디","영국, 미국, 아일랜드",1시간 42분
9317,돌연변이,"코미디, 드라마, 판타지",대한민국,1시간 32분
2961,설해,다큐멘터리,,1시간 25분
2965,가디언의전설,"가족, 판타지, 애니메이션, 액션, 드라마, 스릴러, 전쟁","미국, 호주",1시간 37분
9297,엘리시움,"액션, 드라마, 스릴러, SF",미국,1시간 49분
4794,다운사이징,"드라마, 코미디, 판타지, SF, 유럽에서 제작",미국,2시간 15분
11203,허스토리,"드라마, 코미디",대한민국,2시간 1분
5200,마음에부는바람,"로맨스, 드라마",일본,1시간 47분
11529,굿모닝에브리원,"드라마, 코미디, 로맨스","영국, 미국",1시간 47분
13025,친절한금자씨,"스릴러, 드라마, 범죄",대한민국,1시간 55분
1964,"미안해요,리키","드라마, 유럽에서 제작","영국, 프랑스, 벨기에",1시간 41분
13401,치어리딩클럽,"코미디, 드라마, 스포츠","캐나다, 영국, 미국",1시간 31분
1555,그녀,"드라마, 로맨스, SF",미국,2시간 6분
10391,소림사:고수의길,Reality TV,대한민국,1시간 30분
8335,구타유발자들,"스릴러, 범죄, 액션, 코미디, 드라마, 공포",대한민국,1시간 55분
9274,필로미나의기적(2013),"드라마, 코미디, 유럽에서 제작",영국,1시간 38분
10274,꼬마니콜라의여름방학(2014),"가족, 코미디, 유럽에서 제작",프랑스,1시간 37분
13255,디에고,"다큐멘터리, 스포츠, 유럽에서 제작",영국,2시간 10분
6362,용의자,"액션, 스릴러, 드라마",대한민국,2시간 17분
9147,점박이:한반도의공룡[우리말][3D],"애니메이션, 액션, 다큐멘터리, 코미디, 드라마",대한민국,1시간 28분
10195,원트백다운,다큐멘터리,,1시간 25분
12642,러브어페어(1994),"드라마, 로맨스, 코미디, 유럽에서 제작",프랑스,2시간 2분
13072,엑설런트어드벤쳐3,"코미디, SF, 액션, 음악","바하마, 미국",1시간 32분
2462,빅대디(1999),"드라마, 코미디, 유럽에서 제작",미국,1시간 33분
12155,터미네이터솔저,다큐멘터리,,1시간 25분
11264,고스트버스터즈(2016),"판타지, 코미디, SF, 액션",미국,1시간 47분
11069,하나와앨리스(2004),"드라마, 코미디, 로맨스",일본,2시간 15분
10422,립반윙클의신부,"드라마, 로맨스",일본,2시간 59분
6943,미쓰홍당무(2008),"코미디, 드라마",대한민국,1시간 40분
2402,우리집(2019),"드라마, 가족, 다큐멘터리",대한민국,1시간 33분
7642,우리동네(2007),"Reality TV, 코미디",대한민국,1시간 11분
8690,더씽,다큐멘터리,,1시간 25분
12134,차타레부인의사랑(1981),"로맨스, 드라마, 유럽에서 제작","영국, 프랑스, 독일",1시간 44분
3263,트루스어바웃엠마누엘,"드라마, 스릴러","영국, 멕시코, 미국",1시간 36분
2566,더울버린,"액션, SF",미국,2시간 6분
3157,미션임파서블2,"스릴러, 액션",미국,2시간 3분
9429,킹아서:제왕의검,"드라마, 액션, 전쟁","영국, 미국, 아일랜드",2시간 6분
10627,거미줄에걸린소녀,"액션, 범죄, 스릴러, 드라마, 유럽에서 제작","영국, 미국, 독일",1시간 55분
10877,피스메이커,"드라마, 액션, SF, 코미디, 범죄, 판타지",미국,42분
681,007스펙터,"스릴러, 액션","영국, 미국",2시간 28분
13238,파이브피트,"드라마, 로맨스",미국,1시간 56분
9014,카스바,"코미디, 음악, 전쟁","모로코, 미국",1시간 46분
14366,갈매기,"드라마, 로맨스, 코미디",미국,1시간 38분
8395,모든비밀스러운것들,"스릴러, 범죄, 드라마",미국,1시간 33분
11974,씨오브트리스,"드라마, 판타지, 스릴러, 유럽에서 제작",미국,1시간 50분
11121,라스트위치헌터,"액션, 판타지, 공포, 스릴러","미국, 캐나다, 홍콩",1시간 46분
7552,캣츠(2019),"판타지, 코미디, 드라마, 가족","China, 영국, 미국",1시간 50분
2302,막다른골목의추억,"드라마, 로맨스","일본, 대한민국",1시간 29분
9746,하프웨이,다큐멘터리,,1시간 25분
1098,바디오브라이즈,"액션, 드라마, 스릴러",미국,2시간 8분
8126,썬키스패밀리,"드라마, 코미디, 가족",대한민국,1시간 45분
10516,데스노트,"SF, 스릴러, 애니메이션, 범죄, 드라마, 판타지",일본,24분
5061,우리삼촌,다큐멘터리,,1시간 25분
165,우리집멍멍이진진과아키다,다큐멘터리,,1시간 25분
4807,싱글라이더,드라마,대한민국,1시간 37분
7038,영웅호색소패왕:세명의신부,다큐멘터리,,1시간 25분
10286,레이더스,액션,미국,1시간 55분
166,리젠드,"판타지, 로맨스","영국, 미국",1시간 34분
9030,"무비빅(57회)어벤져스,전설의시작",다큐멘터리,,1시간 25분
11787,언스토퍼블,"액션, 스릴러","영국, 미국",1시간 38분
6817,스위트노벰버,"드라마, 로맨스",미국,1시간 59분
9819,만물생장:끝없는관계,"드라마, 로맨스, 다큐멘터리, 스포츠",China,1시간 46분
2387,아메리칸히스토리X,"드라마, 범죄",미국,1시간 54분
8741,아이[별도편성][예고편],"Reality TV, 액션, 스포츠",대한민국,1시간 23분
1234,말로는힘들어,로맨스,대한민국,25분
13330,어쩌다룸메이트,"판타지, 코미디, 로맨스, 드라마, 스릴러",China,1시간 41분
2452,스워드피쉬(2001),"스릴러, 액션, 범죄",미국,1시간 36분
14313,루프(2020),"드라마, SF",브라질,1시간 38분
8658,스파르탄(2004),"스릴러, 액션, 범죄, 드라마","독일, 미국",1시간 46분
968,룸13,"드라마, 스릴러, 범죄, 액션","미국, 바하마",1시간 48분
10719,버스657,다큐멘터리,,1시간 25분
12630,들리나요?,"다큐멘터리, 유럽에서 제작",대한민국,1시간 20분
370,리틀킹덤,"드라마, 전쟁, 유럽에서 제작",슬로바키아,1시간 38분
13344,그리고우린춤을추었다,"드라마, 로맨스, 유럽에서 제작","스웨덴, 프랑스, Georgia",1시간 53분
4840,호텔타지마할,"드라마, 스릴러","호주, Nepal",2시간 8분
8674,모진:용골천서의비밀,"액션, 판타지, 공포",China,1시간 50분
10415,블레이드,"공포, 액션, SF",미국,2시간 1분
7203,303전투비행단,"드라마, 전쟁, 유럽에서 제작",폴란드,1시간 55분
3371,건달티처,"액션, 드라마",대한민국,1시간 23분
12255,사랑의규칙,다큐멘터리,,1시간 25분
8509,나치오버로드,"액션, 공포, SF, 스릴러, 전쟁",미국,1시간 28분
4035,애나벨집으로,"공포, 스릴러",미국,1시간 46분
12310,좀비대에일리언,다큐멘터리,,1시간 25분
5468,다이하드2,"액션, 스릴러",미국,2시간 4분
2605,히치하이크,"드라마, 가족",대한민국,1시간 50분
11596,살아남은아이,"드라마, 스릴러",대한민국,2시간 3분
12401,렛힘고,"서부, 범죄, 드라마, 스릴러, 코미디",미국,1시간 53분
3468,기묘한이야기:리플레이,"액션, 공포, 스릴러, 코미디, SF",미국,1시간 28분
751,에볼루션(2001),"코미디, SF, 유럽에서 제작",미국,1시간 42분
7752,빅피쉬(2004),Reality TV,대한민국,1시간 18분
11474,질투:복수의화신,드라마,대한민국,48분
2051,"연애의발동:상해여자,부산남자(2014)","스릴러, 드라마, 범죄","미국, 캐나다",1시간 25분
4943,샤오린2017:소림고수전,다큐멘터리,,1시간 25분
6188,우아한거짓말,"드라마, 스릴러",대한민국,1시간 57분
13127,빅픽처,다큐멘터리,,1시간 25분
7500,우주전쟁(2005),"스릴러, 공포, SF",미국,1시간 31분
11138,우주전쟁2019,다큐멘터리,,1시간 25분
4686,에브리바디원츠썸!!,코미디,미국,1시간 57분
3560,시티헌터[리마스터링],"액션, 드라마, 범죄, 스릴러, 로맨스",대한민국,1시간 4분
14220,성형일기,다큐멘터리,,1시간 25분
653,쿵푸요가,"스릴러, 가족, 액션, 코미디, 판타지","홍콩, 아이슬란드, 인도, 대한민국, China",1시간 47분
4828,보통사람,"범죄, 액션, 드라마, 스릴러",대한민국,2시간 1분
1247,상류사회(2018),"드라마, 범죄, 로맨스",대한민국,1시간 59분
1759,"제자,옥한흠","액션, 전쟁, 드라마",대한민국,1시간 27분
14277,블랙매스,"드라마, 범죄, 역사","미국, 영국",2시간 3분
490,아메리카뮤직&와일드,"액션, 범죄, 드라마",대한민국,1시간 46분
9795,차일드인타임,드라마,영국,1시간 30분
4537,죄와벌,"드라마, 범죄, 유럽에서 제작",핀란드,1시간 33분
6494,디어미,다큐멘터리,미국,1시간 29분
5107,테이크다운,SF,남아프리카공화국,2시간 0분
9870,파리의인어,"드라마, 코미디, 로맨스, 판타지, 유럽에서 제작","미국, 벨기에, 프랑스, 마케도니아",1시간 42분
2506,워크래프트:전쟁의서막,"판타지, 액션",미국,2시간 3분
8793,아빠를빌려드립니다,다큐멘터리,,1시간 25분
12672,죽어야사는여자(1992),"판타지, 공포, 코미디",미국,1시간 44분
9941,이소룡의생과사,"공포, 범죄, 판타지, 스릴러",홍콩,1시간 30분
14502,레인맨(1988),드라마,미국,2시간 14분
13995,데인저러스메소드(2011),드라마,"영국, 독일, 캐나다, 스위스",99분
1002,광야의40일:시험,"애니메이션, 액션, SF, 코미디, 판타지",일본,23분
13716,우리들의완벽한세계,"로맨스, 드라마",일본,1시간 42분
4167,하워즈엔드(1993),"드라마, 로맨스","영국, 일본",2시간 22분
11957,콜드워(2018),"스릴러, 드라마",미국,1시간 44분
3935,프랑켄슈타인:불멸의영웅,"스릴러, 공포, 판타지, SF, 액션","호주, 미국",1시간 32분
9256,미믹,"공포, SF",미국,1시간 45분
7984,람보(1982)[리마스터링],"액션, 스릴러, 전쟁",미국,1시간 33분
14253,람보2,"전쟁, 액션, 스릴러","멕시코, 미국",1시간 36분
13204,황금시대(2014),"드라마, 공포, 애니메이션, 액션, 판타지",일본,1시간 16분
14385,뱅크잡,"스릴러, 범죄, 드라마","호주, 영국, 미국",1시간 52분
2196,미스터빈의홀리데이(2007),"코미디, 가족, 유럽에서 제작","미국, 영국, 프랑스, 독일",1시간 29분
13118,그들이진심으로엮을때,드라마,일본,2시간 7분
6614,깊고푸른밤(1985),드라마,대한민국,1시간 48분
924,존카터:바숨전쟁의서막,"액션, SF, 유럽에서 제작",미국,2시간 12분
11825,골든오케스트라!,"드라마, 코미디, 음악",일본,1시간 59분
6621,내이야기!!(2018),"애니메이션, 코미디, 로맨스",일본,24분
12723,나라타주,"드라마, 로맨스",일본,2시간 20분
7652,피터팬(2003),"액션, 판타지, 애니메이션, 가족",미국,1시간 17분
5112,책도둑,"드라마, 전쟁","미국, 독일",2시간 11분
777,미술관옆동물원(1998),"코미디, 드라마, 로맨스",대한민국,1시간 48분
3973,성룡의홍번구,"액션, 코미디, 스릴러, 범죄",홍콩,1시간 46분
13422,아이킬드마이마더,"드라마, 로맨스",캐나다,1시간 36분
7488,박물관이살아있다:비밀의무덤,"코미디, 가족, 판타지, 다큐멘터리","미국, 영국",1시간 38분
5812,메이트,"로맨스, 드라마, 애니메이션",대한민국,1시간 32분
7738,엣지오브더월드,"드라마, 액션, 역사","영국, 미국, China, 말레이시아",1시간 41분
6427,아웃랜더,"판타지, 로맨스, SF",미국,59분
1915,오렌지(2017),"SF, 드라마, 애니메이션, 로맨스",일본,24분
9277,잃어버린세계를찾아서(2019),"액션, SF, 코미디, 가족, 판타지",미국,1시간 34분
164,관종,"드라마, 로맨스, 스릴러",영국,1시간 32분
14484,파리넬리(1994),"드라마, 유럽에서 제작, 음악, 역사","이탈리아, 프랑스, 벨기에",1시간 51분
388,"소년,소녀를만나다(2016)","드라마, 로맨스, 유럽에서 제작",프랑스,1시간 44분
3078,콩나물,드라마,대한민국,20분
6260,먹거나먹히거나,"드라마, 범죄, 스릴러, 액션","영국, 미국, China",1시간 33분
216,홈프론트-하드액션,"액션, 스릴러, 범죄",미국,1시간 40분
14172,닌자터틀,"코미디, SF, 액션, 범죄, 판타지, 애니메이션",미국,1시간 41분
5136,페어런트트랩,"로맨스, 코미디, 가족, 드라마",미국,2시간 7분
9007,내생애최고의경기,"드라마, 스포츠","캐나다, 미국",2시간 0분
635,1944워히어로,"드라마, 전쟁, 유럽에서 제작",영국,1시간 45분
4504,사월의끝,"드라마, 공포, 스릴러",대한민국,2시간 0분
3911,보리밭을흔드는바람,"전쟁, 드라마, 유럽에서 제작","아일랜드, 영국, 독일, 이탈리아, 스페인",2시간 7분
14402,풀메탈자켓,"드라마, 전쟁","영국, 미국",1시간 57분
2136,대가리,액션,대한민국,1시간 24분
1310,대가리2:학교무림,다큐멘터리,,1시간 25분
1834,독고다이,다큐멘터리,,1시간 25분
4650,리얼파이터,다큐멘터리,,1시간 25분
3817,쎈놈,액션,대한민국,1시간 15분
4337,쎈놈들의반란,다큐멘터리,,1시간 25분
4372,일진3,다큐멘터리,,1시간 25분
9214,일진,"액션, 드라마",대한민국,1시간 21분
2618,일진2,액션,대한민국,1시간 21분
6902,일진나쁜녀석들,다큐멘터리,,1시간 25분
13354,원펀치(2019),"코미디, 드라마, 스포츠","캐나다, 미국",1시간 32분
6379,싸움의법칙,다큐멘터리,,1시간 25분
2069,어쌔신크리드,"액션, SF","미국, 프랑스, 영국",1시간 55분
7926,육지금마(1994),다큐멘터리,,1시간 25분
3202,게이트,"코미디, 범죄",대한민국,1시간 32분
11634,적인걸더파이널,"액션, 드라마, 스릴러",China,1시간 33분
12695,비밀정보원:인더프리즌,"스릴러, 드라마, 액션, 범죄","영국, 미국",1시간 49분
12675,스코어투셔틀,액션,미국,104분
8474,아메리칸잡,"범죄, 드라마",미국,1시간 31분
2457,가비(2012),"드라마, 역사",대한민국,1시간 55분
14094,삼손,"액션, 드라마",미국,1시간 50분
9590,티파니에서아침을,"코미디, 로맨스, 드라마",미국,1시간 55분
7507,실종(2008),"범죄, 스릴러, 드라마","일본, 대한민국",2시간 4분
1346,손오공,"판타지, 액션, 가족",China,2시간 10분
13468,암전,"액션, 스릴러, 드라마, 범죄",홍콩,1시간 33분
7327,진범,"스릴러, 범죄",대한민국,1시간 40분
10109,이끼,"드라마, 스릴러, 범죄, 다큐멘터리, 액션, 스포츠, 유럽에서 제작",대한민국,2시간 42분
7124,프로젝트A(1983),"액션, 코미디",홍콩,1시간 45분
9837,잭더자이언트킬러,"액션, 드라마, 판타지",미국,1시간 54분
8129,링,"공포, 스릴러",일본,1시간 36분
6593,체인지오버,"판타지, 스릴러, 공포","뉴질랜드, 영국",1시간 35분
1839,레이디버드,"드라마, 코미디",미국,1시간 34분
8475,도미노,"스릴러, 다큐멘터리, 범죄, 유럽에서 제작","덴마크, 프랑스, 이탈리아, 네덜란드, 벨기에",1시간 29분
5502,워킹위드더데드,"코미디, 공포, 다큐멘터리",미국,1시간 28분
472,천재강아지미스터피바디,"코미디, 액션, 가족, 애니메이션, SF, 판타지, 역사",미국,1시간 32분
6921,세상의종말을예언하는소년:프로디지,"SF, 스릴러, 드라마",미국,1시간 51분
2970,콜드마운틴,"액션, 로맨스, 전쟁, 역사, 드라마, 유럽에서 제작","루마니아, 이탈리아, 미국, 영국",2시간 34분
11111,단테스피크(1997),"스릴러, 액션",미국,1시간 48분
11784,에이리언4,"공포, 액션, SF",미국,1시간 49분
1939,에이리언3,"SF, 액션, 공포",미국,1시간 54분
2274,에이리언2,"SF, 액션, 공포, 스릴러",미국,1시간 48분
1363,쾌락지구3,"로맨스, 코미디",홍콩,1시간 33분
12801,에이리언컨버전스,"공포, SF, 액션, 스릴러",미국,1시간 26분
5336,퓨리,"드라마, 액션, 전쟁",미국,2시간 15분
190,저산너머,다큐멘터리,,1시간 25분
10440,라이프오브파이,"드라마, 판타지",미국,2시간 6분
13813,마부(1961),다큐멘터리,,1시간 25분
8095,콰이강의다리,"드라마, 역사, 전쟁",영국,2시간 42분
3726,스타빙게임,"코미디, SF",미국,1시간 23분
8879,리메인즈,"공포, 스릴러, 다큐멘터리, 유럽에서 제작",미국,1시간 25분
11605,대최면술사,"스릴러, 드라마",China,1시간 44분
3343,안티포르노,"드라마, 공포",일본,1시간 16분
11863,파더앤도터,"드라마, 유럽에서 제작","미국, 이탈리아",1시간 56분
9390,샤크베이트,"공포, 액션, SF, 코미디, 스릴러",미국,1시간 29분
12000,언더워터샤크,"SF, 공포, 스릴러, 액션, 코미디",미국,1시간 25분
12645,샤크쓰나미,"코미디, 공포, SF, 액션, 판타지, 스릴러",미국,1시간 26분
10414,메가샤크어택(2017),"SF, 액션, 공포, 판타지, 코미디, 스릴러, 애니메이션",미국,1시간 30분
4068,메가헤드샤크,"공포, 코미디, SF, 스릴러, 액션",미국,1시간 29분
14016,메가몬스터샤크,"공포, SF, 액션, 스릴러, 코미디",미국,1시간 30분
11505,샌드샤크,"코미디, 공포, SF, 스릴러, 액션",미국,1시간 27분
2245,레고DC샤잠!매직앤몬스터즈,"가족, 액션, 애니메이션, 코미디, SF, 판타지","미국, 덴마크",1시간 21분
5264,택시3,다큐멘터리,,1시간 25분
6573,"마리오푸조의대부,에필로그:마이클콜레오네의죽음","범죄, 드라마, 스릴러",미국,2시간 42분
12089,글렌게리글렌로스(1992),"드라마, 범죄",미국,1시간 40분
13379,데드풀,"액션, 코미디, SF",미국,1시간 48분
7951,인피니티포스:독수리오형제최후의심판,다큐멘터리,,1시간 25분
10329,차형사,"로맨스, 코미디, 액션",대한민국,1시간 50분
11188,콜,"SF, 스릴러, 범죄, 공포",대한민국,1시간 52분
7989,퀴즈왕,코미디,대한민국,2시간 1분
12032,자전차왕엄복동,"드라마, 역사, 스포츠, 전쟁",대한민국,1시간 56분
7988,손님,드라마,대한민국,19분
13873,잃어버린아이들의도시(1995),"판타지, SF, 액션, 드라마","프랑스, 독일, 스페인, 영국",1시간 52분
1612,폰부스,"스릴러, 범죄",미국,1시간 21분
13098,바닷마을다이어리,"드라마, 가족",일본,2시간 7분
10649,쿼드런트,"SF, 공포, 스릴러, 액션",미국,1시간 28분
7444,데어윌비블러드,드라마,미국,2시간 38분
1212,바시르와왈츠를,"애니메이션, 다큐멘터리, 드라마, 전쟁, 유럽에서 제작, 역사","이스라엘, 스위스, 미국, 호주, 벨기에, 핀란드, 프랑스, 독일",1시간 30분
6131,더페이버릿:여왕의여자,"역사, 코미디, 드라마, 유럽에서 제작","미국, 아일랜드, 영국",2시간 0분
2194,툼인베이더,액션,미국,1시간 23분
9768,더월,다큐멘터리,,1시간 25분
9685,더헌트,"드라마, 스릴러",프랑스,49분
7560,프로포즈(2009),"드라마, 로맨스, 코미디",미국,1시간 48분
4440,미션임파서블3,"액션, 스릴러",미국,2시간 6분
6193,미션임파서블:로그네이션,"액션, 스릴러",미국,2시간 11분
8288,인페르노타워,"액션, 공포, 드라마, 스릴러, 다큐멘터리, 유럽에서 제작","프랑스, 벨기에",1시간 30분
10522,지구[우리말][SE](2007),"다큐멘터리, 유럽에서 제작","영국, 프랑스",1시간 30분
6899,"각오는됐나,거기여자","코미디, 로맨스",일본,1시간 35분
11785,스파나잇,드라마,미국,1시간 36분
3187,열대야,"드라마, 로맨스, 스릴러",대한민국,26분
1485,어느여름날밤에,드라마,대한민국,1시간 38분
11237,일렉트릭러브,코미디,미국,1시간 21분
9551,바다로가자,다큐멘터리,대한민국,1시간 11분
11548,마스크,"로맨스, 코미디, 범죄, 판타지, 유럽에서 제작",미국,1시간 41분
8637,퍼스트맨,"드라마, 역사",미국,2시간 21분
1147,인더섀도우오브우먼,다큐멘터리,,1시간 25분
2460,두근두근(2017),드라마,대한민국,1시간 57분
3008,쇼걸(1995),드라마,"미국, 프랑스",2시간 11분
13901,해피피트,"애니메이션, 로맨스, 코미디, 가족","미국, 호주",1시간 39분
12153,덕구,"드라마, 로맨스",대한민국,1시간 31분
597,메이즈러너:데스큐어,"스릴러, SF, 액션",미국,2시간 22분
7625,아직사랑하고있습니까?,"코미디, 로맨스, 드라마",대한민국,1시간 39분
4994,"러브,비하인드",드라마,대한민국,1시간 1분
12432,쇼퍼홀릭,"코미디, 로맨스",미국,1시간 44분
13739,특별시민,"드라마, 스릴러",대한민국,2시간 10분
3861,댄저클로즈:롱탄대전투,"전쟁, 액션, 드라마, 역사","호주, 영국",1시간 58분
5464,그여자작사그남자작곡,"로맨스, 코미디, 음악",미국,1시간 44분
8206,한번더해피엔딩,"코미디, 드라마, 가족, 로맨스",대한민국,1시간 3분
2070,내여자친구의남자친구,"로맨스, 드라마, 코미디, 유럽에서 제작",프랑스,1시간 43분
6709,소녀,"공포, 스릴러, 드라마",대한민국,1시간 50분
39,얼굴없는보스:못다한이야기[감독판],다큐멘터리,,1시간 25분
9265,기묘한이야기들2,공포,미국,1시간 18분
517,역린,"역사, 액션, 드라마",대한민국,2시간 15분
11387,성난변호사,"액션, 스릴러, 범죄",대한민국,1시간 57분
2817,로맨틱홀리데이,"코미디, 로맨스, 유럽에서 제작",미국,2시간 16분
3084,글래디에이터:바이킹과의전쟁,"드라마, 액션","영국, 미국",2시간 28분
12806,"하이,젝시",코미디,미국,84분
9645,니나,"드라마, 음악",미국,1시간 30분
4801,콰이어트플레이스,"공포, SF, 스릴러, 드라마",미국,1시간 39분
14270,실종:사라진아이,"드라마, 액션",포르투갈,1시간 55분
6715,크롤(2019),"스릴러, 공포, 액션","미국, 세르비아",1시간 27분
11768,테러리스트(1995),"스릴러, 범죄, 드라마, 액션",홍콩,1시간 52분
10044,영화는영화다,"액션, 범죄, 드라마",대한민국,1시간 51분
7050,파이널데스티네이션5,"공포, 스릴러, 유럽에서 제작",미국,1시간 31분
5029,소림사:인자무적,"액션, 코미디, 드라마",홍콩,1시간 48분
7657,칠복성,"코미디, 액션",홍콩,1시간 40분
5978,취권(1978),"코미디, 액션",홍콩,1시간 51분
12604,소권괴초2:용등호약,다큐멘터리,,1시간 25분
4957,보헤미안걸,"드라마, 코미디, 유럽에서 제작",독일,1시간 59분
10122,폭풍속으로(1991),"스릴러, 범죄, 액션",미국,2시간 2분
14110,시네마천국[리마스터링],"드라마, 유럽에서 제작, 로맨스","이탈리아, 프랑스",2시간 4분
11736,바이러스(2017),드라마,대한민국,1시간 39분
12734,아카이브,"SF, 드라마, 판타지, 스릴러","영국, 헝가리, 미국",1시간 49분
14318,데스체이싱,"액션, 공포, 스릴러, 유럽에서 제작","벨기에, 네덜란드",1시간 26분
3423,미스터소크라테스(2005),"액션, 범죄",대한민국,1시간 49분
5708,33,"드라마, 유럽에서 제작, 역사",미국,2시간 7분
10619,노크노크,"스릴러, 공포, 범죄","독일, 미국, 칠레",1시간 39분
8213,007제4탄-썬더볼작전,다큐멘터리,,1시간 25분
1830,007제9탄-황금총을가진사나이,다큐멘터리,,1시간 25분
3941,스티븐시걸의작전명고스트,"액션, 범죄, 스릴러, 드라마","캐나다, 미국",1시간 27분
8396,스티븐시걸의살인면허,"스릴러, 액션, 범죄, 드라마","캐나다, 미국",1시간 30분
1990,사막의라이온,"드라마, 역사, 전쟁","리비아, 미국, 영국",2시간 53분
11143,에일리언프레데터2,다큐멘터리,,1시간 25분
1335,파라다이스좀비,"드라마, 공포, 스릴러, 액션","태국, 미국",1시간 20분
13427,터미네이터(1984),"스릴러, 액션, SF","영국, 미국",1시간 47분
10668,인시디어스3,"공포, 스릴러","미국, 캐나다",1시간 37분
7917,두개의사랑,"드라마, 로맨스, 스릴러, 유럽에서 제작","프랑스, 벨기에",1시간 48분
5063,근거리연애,"드라마, 로맨스",일본,1시간 58분
12481,페어웰,"코미디, 드라마","미국, China",1시간 40분
828,정검:금의위,"드라마, 액션",China,1시간 36분
10433,콜드스킨,"판타지, 드라마, 공포, SF, 스릴러, 액션, 유럽에서 제작","프랑스, 스페인",1시간 46분
12044,더보트,"공포, 스릴러, 애니메이션","몰타, 영국",1시간 29분
8908,엽기적인그녀2(2016),"코미디, 로맨스","China, 대한민국",1시간 39분
12423,썸원썸웨어,"로맨스, 코미디, 드라마, 유럽에서 제작","벨기에, 프랑스",1시간 50분
13034,아가사:살인의진실,"드라마, 스릴러, 범죄",영국,1시간 33분
11024,캡틴마블예고편,다큐멘터리,,1시간 25분
148,러시:더라이벌,"액션, 드라마, 스포츠, 유럽에서 제작","영국, 미국",2시간 3분
8444,더바디(2012),"스릴러, 유럽에서 제작, 범죄, 드라마",스페인,1시간 47분
1297,알파:위대한여정,드라마,"캐나다, 미국, China",1시간 36분
10912,정직한후보[가치봄],코미디,대한민국,1시간 44분
4432,세인트아가타,"공포, 스릴러",미국,1시간 30분
311,태평륜,"드라마, 역사, 로맨스, 전쟁","홍콩, 미국, China",2시간 9분
6076,적선인:흑마살수,다큐멘터리,,1시간 25분
8696,이치,"액션, 공포, 범죄, 드라마",일본,2시간 9분
6400,열정의제국[리마스터링],"드라마, 로맨스, 공포","프랑스, 일본",1시간 45분
5474,러브레터(1995),"로맨스, 드라마",일본,1시간 57분
4842,황비홍3:사왕쟁패,다큐멘터리,,1시간 25분
2550,자객섭은낭,"드라마, 액션, 역사","대만, 홍콩",1시간 45분
10523,모모(1986),"드라마, 코미디, 로맨스",대만,48분
5537,퍼펙트게임(2011),"드라마, 스포츠",대한민국,2시간 7분
6759,코리아,"드라마, 스포츠",대한민국,2시간 7분
13574,운명,"드라마, 공포, 스릴러, 판타지, 유럽에서 제작",독일,1시간 45분
2226,스윗프랑세즈,"드라마, 로맨스, 전쟁, 스릴러, 역사, 유럽에서 제작","벨기에, 캐나다, 프랑스",1시간 43분
1379,봉신연의:영웅의귀환,"액션, 판타지","China, 홍콩",2시간 10분
5558,화광여인,다큐멘터리,,1시간 25분
3944,멜라니:인류의마지막희망인소녀,"액션, 공포, SF, 드라마, 스릴러",영국,1시간 51분
10780,비스트(2019),"드라마, 공포, 스릴러, 액션","일본, 아이슬란드, 미국",1시간 33분
13264,악인전[가치봄],"액션, 스릴러, 범죄",대한민국,1시간 50분
10634,사냥,"스릴러, 액션, 드라마",대한민국,1시간 33분
4090,남쪽으로튀어,"코미디, 드라마",대한민국,2시간 1분
1618,공수도-극진파이터,"드라마, 스포츠",홍콩,1시간 30분
9763,리썰웨폰,"드라마, 코미디, 액션, 범죄, 스릴러",미국,43분
711,7년만의외출,"코미디, 로맨스",미국,1시간 45분
8173,뷰티인사이드[가치봄],"로맨스, 판타지, 드라마",대한민국,2시간 7분
11099,레볼루션아일랜드,"SF, 액션, 판타지, 드라마",러시아,1시간 30분
10820,맥스스틸(2018),"SF, 액션, 판타지","영국, 미국",1시간 32분
6591,상은:너에게중독되다,다큐멘터리,,1시간 25분
2065,내이웃과의섹스라이프,"드라마, 코미디, 유럽에서 제작",영국,1시간 23분
6396,어스인베이젼,"공포, 액션, SF, 스릴러",미국,1시간 43분
6608,[OCEAN공개]겨울밤에,다큐멘터리,,1시간 25분
8376,[OCEAN공개]살아남은사람들,"드라마, 유럽에서 제작",헝가리,1시간 23분
6641,매기,"코미디, 드라마",대한민국,1시간 28분
11941,에밀리아의노동자들은쓰러지지않는다,다큐멘터리,,1시간 25분
7681,하이재킹,"드라마, 스릴러",영국,47분
13796,돈을갖고튀어라(1969),"코미디, 범죄",미국,1시간 25분
2257,뮤턴트워,"액션, 공포",미국,1시간 35분
11924,쓰키지원더랜드,다큐멘터리,일본,1시간 50분
9093,삼진그룹영어토익반[가치봄],"코미디, 드라마, 범죄",대한민국,1시간 50분
6835,내셔널트레져:비밀의책(2007),"스릴러, 액션",미국,2시간 4분
8924,500일의썸머,"로맨스, 코미디, 드라마",미국,1시간 35분
2683,죠스,"스릴러, 액션, 공포",미국,2시간 4분
5198,체포왕,"코미디, 액션",대한민국,1시간 57분
12784,와인스타인,"다큐멘터리, 범죄, 유럽에서 제작",영국,1시간 38분
3099,여자의일생(2017),드라마,,2시간 5분
2571,주전:와인전쟁,다큐멘터리,,1시간 25분
11753,이별식당,드라마,대한민국,1시간 35분
13579,그랜드부다페스트호텔,"코미디, 드라마, 유럽에서 제작, 범죄","미국, 독일",1시간 40분
11919,아리스토캣[우리말],"코미디, 가족, 애니메이션",미국,1시간 18분
4233,스위니토드:어느잔혹한이발사이야기,"드라마, 공포, 스릴러","미국, 영국",1시간 56분
10088,액션우먼인할리우드,다큐멘터리,미국,1시간 24분
10664,섹스앤더시티2,"코미디, 드라마, 로맨스",미국,2시간 26분
10869,아이언맨&헐크,"드라마, SF, 판타지, 로맨스",대한민국,59분
4982,이스케이프,"스릴러, 액션","미국, 태국",1시간 43분
5051,스파이서바이버,"스릴러, 액션, 범죄","영국, 미국",1시간 36분
10704,나쁜교육(2004),"드라마, 유럽에서 제작, 범죄",스페인,1시간 42분
6143,명탐정코난:괴조전설의수수께끼,"스릴러, 범죄, 드라마",일본,1시간 35분
3259,명탐정코난:교토신선조살인사건,"로맨스, 범죄, 스릴러, 애니메이션, SF, 코미디, 액션, 드라마",일본,24분
4472,용서는없다,"스릴러, 액션, 범죄",대한민국,2시간 5분
443,용형호제2(1991),"액션, 범죄, 스릴러, 코미디","China, 홍콩",1시간 47분
2106,토카레브(2014),"스릴러, 액션, 유럽에서 제작","미국, 프랑스",1시간 38분
7626,프린세스브라이드,,미국,98분
14501,코로나도,다큐멘터리,,1시간 25분
8578,혹성탈출:진화의시작,"액션, 드라마, SF, 스릴러","미국, 영국",1시간 45분
3704,악의꽃(2019),"드라마, 범죄, 스릴러, 로맨스",대한민국,1시간 11분
4479,특수요원K,"액션, 범죄, 스릴러",인도,2시간 1분
5512,신밧드:7대양의전설,"애니메이션, 액션, 판타지, 가족, 코미디",미국,1시간 26분
8127,맨프럼어스,"SF, 드라마, 판타지",미국,1시간 27분
1202,마법사멀린:최후의대결,다큐멘터리,,1시간 25분
7728,넥스트투모로우2,"액션, SF, 드라마, 스릴러",미국,1시간 28분
2011,퍼스트킬,"드라마, 스릴러, 로맨스, 공포",미국,49분
5517,선생님과길고양이,"드라마, 코미디",일본,1시간 47분
9209,내사랑,"로맨스, 역사, 드라마, 유럽에서 제작","캐나다, 아일랜드",1시간 55분
6181,[OCEAN공개]하이큐!!또다른도전,애니메이션,,1시간 9분
9952,홀리데이(2005),"액션, 범죄, 스릴러",인도,2시간 50분
7095,커플즈(2011),"코미디, 로맨스",대한민국,1시간 50분
9788,아이인더스카이,"드라마, 스릴러, 전쟁, 액션",영국,1시간 42분
9012,노크:초대받지않은손님,"공포, 스릴러","미국, 영국",1시간 26분
7821,인보카머스,"공포, 스릴러, 범죄, 가족, SF",미국,1시간 58분
4354,타이거하우스,다큐멘터리,,1시간 25분
6090,판더믹,"공포, 액션, SF, 스릴러",미국,1시간 31분
530,엑스우먼,다큐멘터리,,1시간 25분
12858,좀비VS헌터,"코미디, 액션, SF, 스릴러, 공포",미국,1시간 33분
7713,소림사십팔나한,다큐멘터리,,1시간 25분
6332,신요괴전:나타요해,다큐멘터리,,1시간 25분
3854,사도행자2:스파이전쟁,"스릴러, 액션, 범죄","홍콩, 스페인, China",1시간 38분
7233,엘스톰:부패방지수사국,"범죄, 스릴러, 액션","China, 홍콩",1시간 37분
11546,세이프(2011),"스릴러, 액션, 범죄","미국, 인도",1시간 34분
11144,파국:끝까지간다,"범죄, 액션",China,1시간 53분
522,리벤지라이드,다큐멘터리,,1시간 25분
12820,드라큘라:모로이의전설,"액션, 드라마, 판타지, 공포, 스릴러",영국,1시간 28분
9126,클루리스,"코미디, 로맨스",미국,1시간 37분
3811,내겐너무가벼운그녀,"판타지, 드라마, 코미디, 로맨스",미국,1시간 54분
10301,파워배틀와치카미니카배틀리그:불꽃의질주,다큐멘터리,,1시간 25분
9083,알렉산더대왕,"전쟁, 액션, 역사, 드라마","미국, 스페인",2시간 16분
1460,결백[가치봄],"범죄, 스릴러, 드라마","대한민국, 미국",1시간 50분
14020,데스퍼레이트(1998),"드라마, 서부",미국,1시간 30분
12673,호두까기인형3D[2D],가족,"미국, 러시아 연방",96분
10852,감기,"액션, SF, 스릴러, 로맨스, 드라마, 판타지, 범죄",대한민국,2시간 2분
11762,바람피기좋은날,"코미디, 로맨스",대한민국,1시간 43분
1279,지금은맞고그때는틀리다,"드라마, 로맨스",대한민국,2시간 1분
3439,살인병기,"액션, 드라마",미국,1시간 36분
8849,머드,"드라마, 유럽에서 제작",미국,2시간 10분
3472,칼라스포에버,"로맨스, 드라마, 음악, 유럽에서 제작","프랑스, 스페인, 루마니아, 영국, 이탈리아",1시간 51분
7514,환상특급이야기,다큐멘터리,,1시간 25분
3374,사이코메트리,"스릴러, 드라마, SF",대한민국,1시간 47분
3398,미스터주부퀴즈왕(2005),코미디,대한민국,1시간 47분
1162,아나콘다2:사라지지않는저주,"공포, 스릴러, 액션",미국,1시간 36분
8681,아나콘다3:오프스프링,다큐멘터리,,1시간 25분
6550,나이트크롤러,"드라마, 스릴러, 범죄",미국,1시간 57분
11620,쥬라기게임,"SF, 액션, 공포, 판타지, 스릴러",미국,1시간 26분
6290,비긴어게인[무한도전더빙판],"Reality TV, 드라마, 가족",대한민국,1시간 24분
11654,잃어버린세계:로스트퓨쳐,"액션, SF, 스릴러, 유럽에서 제작","미국, 독일, 남아프리카공화국",1시간 30분
4557,고질라(1954),"SF, 스릴러, 액션",미국,2시간 3분
5299,언더파이어,"드라마, 로맨스, 역사, 전쟁",China,1시간 37분
1792,센스앤센서빌리티,"드라마, 로맨스, 유럽에서 제작",영국,58분
7337,쿵푸트래블러:남권,다큐멘터리,,1시간 25분
12139,비룡맹장[리마스터링][감독판],"로맨스, 액션, 코미디",홍콩,1시간 33분
5381,방세옥-천하대전,"역사, 액션",홍콩,1시간 36분
3498,몬테크리스토백작(1975),"드라마, 로맨스, 스릴러, 액션","벨기에, 프랑스",2시간 58분
11865,카운터어택,"액션, 스릴러",미국,1시간 30분
3107,콜리니케이스,"드라마, 스릴러, 전쟁, 범죄, 유럽에서 제작",독일,1시간 58분
11126,강시선생2:강시가족,다큐멘터리,,1시간 25분
9636,귀타귀,"코미디, 공포, 액션, 판타지",홍콩,1시간 42분
7152,강시:리거모티스,"공포, 액션, 판타지",홍콩,1시간 45분
11434,일본침몰(2006),"SF, 드라마, 스릴러, 액션",일본,2시간 15분
13205,파이브갤럭시스,"드라마, SF, 액션","독일, 미국",1시간 13분
7053,지구를지켜라,"코미디, 범죄, 드라마, 공포, SF, 스릴러",대한민국,1시간 57분
12363,두여인,"드라마, 다큐멘터리, 코미디, 음악",미국,2시간 3분
1215,더스퀘어,"드라마, 코미디, 유럽에서 제작","덴마크, 프랑스, 독일, 스웨덴, 미국",2시간 31분
24,블랙클랜스맨,"범죄, 코미디, 드라마, 역사",미국,2시간 8분
5312,갈리폴리:최악의상륙작전,"드라마, 역사, 전쟁",호주,1시간 52분
10775,상하이나이츠(2003),"코미디, 서부, 액션, 유럽에서 제작","홍콩, 미국",1시간 55분
11720,원챈스,"드라마, 코미디, 음악","영국, 미국",1시간 43분
11068,1942:언노운배틀,"역사, 전쟁, 드라마",러시아,1시간 53분
4341,개구리왕국2,"애니메이션, 가족",미국,1시간 27분
4590,메리포핀스[한글자막],"코미디, 가족, 판타지",미국,2시간 19분
7450,썬더와마법저택[우리말],"판타지, 애니메이션, 액션, 가족, 유럽에서 제작, 코미디","영국, 벨기에, 프랑스",1시간 25분
10955,장사리:잊혀진영웅들,"드라마, 전쟁",대한민국,1시간 44분
12968,아이언마스크:용패지미,"판타지, 액션, 가족","미국, 러시아",2시간 0분
377,이다,"드라마, 유럽에서 제작","덴마크, 폴란드",1시간 22분
3303,브라더베어,"가족, 액션, 애니메이션, 로맨스, 코미디, 판타지",미국,1시간 13분
285,프라이빗워,"드라마, 전쟁",미국,1시간 46분
8792,달라스바이어스클럽(2013),드라마,미국,1시간 57분
13654,걷기왕[가치봄],"코미디, 드라마",대한민국,1시간 33분
14320,추룡[무삭제판],"범죄, 스릴러, 액션, 역사","China, 홍콩",2시간 8분
13839,추룡,"범죄, 스릴러, 액션, 역사","China, 홍콩",2시간 8분
5170,빙봉협:시공행자,"코미디, 판타지, 역사, SF, 액션",China,1시간 44분
4425,엔터더팻드래곤,"액션, 코미디, 범죄","홍콩, China",1시간 36분
4685,일개인적무림,"액션, 스릴러, 범죄","China, 홍콩",1시간 40분
1075,폭풍의언덕(2012),"로맨스, 드라마",영국,2시간 4분
13312,킹다닐로,"액션, 역사",우크라이나,1시간 40분
6623,플래닛바이러스,,"영국, 아일랜드",98분
4401,랜드오브데드(2005),"공포, SF, 스릴러","미국, 프랑스, 캐나다",1시간 33분
11362,오픈워터2,다큐멘터리,,1시간 25분
7475,죠스3,"스릴러, 공포",미국,1시간 38분
784,콘스탄트가드너(2005),"스릴러, 로맨스, 드라마","스위스, 케냐, 독일, 영국",2시간 9분
8751,패트리어트데이,"드라마, 역사, 스릴러, 액션, 범죄","미국, 홍콩",2시간 13분
2319,CIA데빌헌터,"액션, 스릴러",영국,1시간 39분
9730,제3의사랑,"로맨스, 드라마",China,1시간 53분
2542,소울오브브레드,다큐멘터리,,1시간 25분
131,그사람추기경(2013),다큐멘터리,,1시간 25분
13314,내친구정일우,다큐멘터리,,1시간 25분
2804,개구쟁이스머프,"애니메이션, 코미디, 가족, 판타지",벨기에,14분
7841,한공주,"드라마, 범죄",대한민국,1시간 52분
2495,작은소망,"코미디, 드라마",China,1시간 47분
11490,불꽃처럼나비처럼(2009),"드라마, 액션, 역사, 로맨스",대한민국,2시간 4분
11336,심야의FM,"범죄, 액션, 스릴러",대한민국,1시간 46분
14106,다이애나,"드라마, 로맨스, 유럽에서 제작","벨기에, 프랑스, 스웨덴, 영국",1시간 53분
5375,바베트의만찬(1996),"드라마, 코미디, 유럽에서 제작",덴마크,1시간 44분
5900,다시만난날들,드라마,대한민국,1시간 38분
5787,미스푸줏간[무삭제판],"로맨스, 스릴러, 범죄, 코미디",대한민국,1시간 34분
5849,식스볼,"범죄, 액션",대한민국,1시간 43분
2697,존말코비치되기(1999),"코미디, 드라마, 판타지",미국,1시간 53분
852,24아워즈투리브,다큐멘터리,,1시간 25분
2176,헤라클레스:레전드비긴즈,"코미디, 판타지, 로맨스, 애니메이션, 액션, 가족, 유럽에서 제작",미국,1시간 33분
11351,좀비랜드(2009),"코미디, 공포, 액션",미국,1시간 27분
14247,좀비월드,다큐멘터리,,1시간 25분
6099,비포선셋,"드라마, 로맨스",미국,1시간 20분
8340,붉은가족,드라마,대한민국,1시간 39분
5091,CJ7:장강7호[중국어더빙],"SF, 코미디, 드라마, 가족, 판타지",홍콩,1시간 28분
13407,"색,계[리마스터링]","액션, 드라마, 로맨스, 스릴러, 역사, 전쟁","대만, 미국, China, 홍콩",2시간 38분
2655,나쁜영화(1997),"드라마, 범죄",대한민국,2시간 24분
1102,코끼리는그곳에있어,"드라마, 범죄",China,3시간 50분
13929,나의첫번째슈퍼스타,"드라마, 로맨스, 코미디, 음악","영국, 미국",1시간 53분
8777,호빗:스마우그의폐허[확장판],"판타지, 액션","미국, 뉴질랜드",2시간 41분
1076,역전의명수,"코미디, 범죄, 스릴러",대한민국,2시간 2분
13582,히어로2,다큐멘터리,,1시간 25분
13043,키리시마가동아리활동그만둔대,드라마,일본,1시간 43분
6769,씨클로,다큐멘터리,,1시간 25분
1416,마리앙투아네트(2006),"드라마, 역사, 로맨스, 유럽에서 제작","일본, 미국, 프랑스",2시간 3분
10782,오버커머,"드라마, 코미디, 가족, 스포츠",미국,1시간 59분
14588,스노우화이트앤더헌츠맨,"판타지, 드라마, 액션, 다큐멘터리",미국,2시간 7분
13334,신이말하는대로,"스릴러, 공포, 코미디, SF",일본,1시간 57분
1817,쉰들러리스트,"드라마, 역사, 전쟁",미국,3시간 15분
9566,머펫모스트원티드[한글자막],다큐멘터리,,1시간 25분
8804,케이팩스,"드라마, SF, 유럽에서 제작","독일, 영국, 미국",2시간 0분
6336,차일드44,"스릴러, 범죄, 역사, 드라마, 유럽에서 제작",미국,2시간 17분
425,아이엠히어,"코미디, 로맨스, 다큐멘터리","프랑스, 벨기에",1시간 37분
12983,데스티네이션게임:죽음의굴레,다큐멘터리,,1시간 25분
2754,쓰리데이즈투킬,다큐멘터리,,1시간 25분
2758,"그날,바다",다큐멘터리,대한민국,49분
8005,천년호,"판타지, 액션, 로맨스, 드라마, 공포",대한민국,1시간 32분
4146,스트라튼,"액션, 스릴러",영국,1시간 34분
8033,리디머:최후의심판자,"액션, 범죄, 드라마",칠레,1시간 28분
6739,지오쓰나미,"액션, SF, 드라마, 스릴러",미국,1시간 27분
11773,ISRA88,"스릴러, 액션, SF, 드라마",미국,1시간 59분
3558,어거스트에이트(2012),"액션, 드라마, 판타지, SF, 스릴러, 전쟁",러시아,2시간 0분
4384,리틀보이,"드라마, 범죄, 역사",영국,45분
525,토네이도걸,"드라마, 유럽에서 제작","네덜란드, 벨기에",1시간 45분
4404,스쿠프!,"코미디, 스릴러, 범죄, 판타지, 유럽에서 제작","영국, 미국",1시간 36분
12251,치하야후루하편,"드라마, 로맨스, 코미디, 스포츠",일본,1시간 52분
232,제멋대로떨고있어,"로맨스, 코미디, 드라마",일본,1시간 57분
10022,아버지와이토씨,"코미디, 드라마",일본,1시간 59분
8094,노틀담의꼽추(1996),"드라마, 로맨스, 애니메이션, 가족",미국,1시간 31분
5753,가문의위기:가문의영광2,"코미디, 범죄, 액션, 로맨스",대한민국,1시간 55분
4327,전설의라이타,액션,대한민국,1시간 49분
5855,대호,"역사, 액션, 드라마",대한민국,2시간 19분
13791,숨바꼭질:어둠의속삭임,"스릴러, 공포",대한민국,1시간 47분
2907,브레이크다운,"스릴러, 액션, 범죄, 드라마, 유럽에서 제작",미국,1시간 33분
10070,곤충왕국3D,,,1시간 25분
11922,블러드다이아몬드(2006),"드라마, 스릴러, 액션","독일, 미국",2시간 23분
9148,3:10투유마,"서부, 드라마, 액션, 범죄",미국,2시간 2분
2447,사이드웨이,"코미디, 드라마, 로맨스",미국,2시간 6분
12081,브이포벤데타(2005),"액션, 스릴러, SF, 드라마","독일, 영국, 미국",2시간 13분
1498,서부전선,"액션, 드라마, 역사, 전쟁, 코미디",대한민국,1시간 51분
10926,사랑:세도시이야기,"코미디, 드라마, 로맨스",대한민국,1시간 2분
5522,침입자들,"스릴러, 액션, 범죄","China, 홍콩",1시간 33분
11495,기방도령,"코미디, 로맨스, 역사",대한민국,1시간 50분
3574,오두막,"드라마, 가족, 판타지","홍콩, 미국, 캐나다",2시간 12분
7570,아이캔온리이매진,"음악, 드라마, 가족",미국,1시간 50분
11292,패는여자,다큐멘터리,,1시간 25분
333,세상의끝에서커피한잔,드라마,"일본, 대만",1시간 58분
8720,해커스(2012),"드라마, 스릴러, 유럽에서 제작",프랑스,1시간 20분
3887,녹차의맛(2004),"판타지, 코미디",일본,2시간 23분
11077,인터프리터(2005),"범죄, 스릴러, 유럽에서 제작","독일, 미국, 영국, 프랑스",2시간 8분
8090,마션랜드,"공포, SF, 액션, 스릴러",미국,1시간 30분
2031,천주정,"범죄, 드라마",China,2시간 11분
2951,크리미널[무삭제특별판],"범죄, SF, 액션, 스릴러","프랑스, 영국, 미국, 불가리아",1시간 53분
5864,마녀(2013),"액션, 스릴러, SF, 유럽에서 제작","대한민국, 홍콩",2시간 6분
11926,킹아더전설의서막,"판타지, 가족",영국,1시간 43분
9178,명량:회오리바다를향하여,"다큐멘터리, 역사",대한민국,1시간 35분
11841,폭력써클(2006),"액션, 범죄",대한민국,1시간 40분
6352,파크,"드라마, 가족",일본,1시간 58분
6549,파도가지나간자리,"로맨스, 드라마","영국, 미국, 인도",2시간 13분
2336,한낮의유성,"로맨스, 가족",일본,1시간 59분
7618,양지의그녀,"드라마, 로맨스, 판타지",일본,2시간 8분
1005,백설공주:또다른이야기,"범죄, 드라마, 스릴러",대한민국,1시간 3분
11517,화양:당대최고수전,다큐멘터리,,1시간 25분
11392,스캔들:조선남녀상열지사,"드라마, 로맨스",대한민국,2시간 4분
2179,프렌즈위드베네핏,"코미디, 로맨스",미국,1시간 49분
5069,지니어스독,"드라마, 코미디, 가족, SF","영국, 미국",1시간 31분
1712,아이엠샘,드라마,미국,2시간 12분
10034,어쩌다로맨스,"코미디, 판타지, 로맨스, 유럽에서 제작","미국, 캐나다",1시간 28분
14088,나쁜녀석들:포에버,"액션, 범죄, 스릴러, 코미디",미국,2시간 4분
3844,투모로우랜드,"SF, 액션, 가족, 스릴러, 판타지",미국,2시간 10분
3087,소름,"스릴러, 공포, 드라마",대한민국,1시간 52분
7447,스티븐시걸의테이큰파이널,다큐멘터리,,1시간 25분
8863,필름시대사랑,드라마,대한민국,1시간 10분
7366,명탐정코난:검은조직과의대결,"범죄, 스릴러, 애니메이션, 액션, 드라마, SF, 코미디, 로맨스",일본,24분
6183,언셀러,"스릴러, 범죄, 액션, 드라마","스웨덴, 영국, 미국, 덴마크",1시간 30분
6067,레볼루션아일랜드2,"액션, 판타지, SF, 드라마",러시아,1시간 30분
4620,문트랩:타겟어스,"액션, SF, 공포",미국,1시간 21분
9370,메가마인드,"액션, SF, 애니메이션, 가족, 판타지, 코미디, 범죄",미국,1시간 36분
13752,욕망의독:중독,"드라마, 로맨스, 스릴러",대한민국,1시간 50분
8080,소원택시(2013),"드라마, 코미디",대한민국,1시간 57분
9330,닥터[무삭제감독판],"스릴러, 액션, 공포",대한민국,1시간 37분
8342,스틸플라워,드라마,대한민국,1시간 23분
2186,에이지오브킬,액션,영국,1시간 25분
7837,아이언맨&캡틴아메리카,"액션, 애니메이션, 드라마, 가족, 코미디, SF",미국,1시간 11분
5542,벽속에숨은마법시계,"판타지, 공포, 스릴러, 코미디, 가족, SF","인도, 미국",1시간 45분
11593,헐크,"SF, 액션",미국,2시간 18분
8046,미스사이공:25주년기념공연(2016),다큐멘터리,,1시간 25분
13304,스타더스트,"액션, 판타지, 로맨스, 가족","영국, 미국, 아이슬란드",2시간 7분
1350,레고DC슈퍼히어로:플래시[한글자막],"코미디, 가족, SF, 액션, 애니메이션",미국,1시간 18분
8523,나는아들을사랑하지않는다,"드라마, 다큐멘터리, 유럽에서 제작","콜롬비아, 노르웨이",1시간 40분
13721,사마에게,"다큐멘터리, 전쟁","영국, Syria",1시간 40분
301,인투더와일드(2007),"드라마, 액션",미국,2시간 28분
5821,사랑과영혼:헬로우고스트,다큐멘터리,,1시간 25분
4014,루시,"액션, SF, 유럽에서 제작, 스릴러",프랑스,1시간 29분
13364,모털엔진,"SF, 액션, 판타지, 스릴러","뉴질랜드, 미국",2시간 8분
3802,데자뷰(2006),"스릴러, SF, 액션, 범죄, 유럽에서 제작, 드라마","미국, 영국",2시간 6분
11419,돈바스:최후의결전,"전쟁, 액션, 드라마",우크라이나,2시간 0분
13819,아무도없다,"스릴러, 공포, 드라마",미국,1시간 38분
4776,다가오는것들,"드라마, 유럽에서 제작","프랑스, 독일",1시간 42분
8093,베스트오브미,다큐멘터리,,1시간 25분
10209,히트(1995),"범죄, 드라마, 액션",미국,2시간 50분
8609,일대일,"로맨스, 다큐멘터리, 드라마",대한민국,1시간 26분
861,스피릿(2002),"서부, 드라마, 가족, 애니메이션",미국,1시간 20분
12064,47로닌,"드라마, 액션, 판타지","일본, 미국, 영국",1시간 59분
8520,첫키스만50번째(2018),"코미디, 로맨스, 드라마",미국,1시간 39분
4911,더원아이러브,"로맨스, 코미디, 드라마, 스릴러, 판타지, SF",미국,1시간 31분
3851,북클럽,"로맨스, 코미디, 드라마",미국,1시간 44분
6783,바다의뚜껑,드라마,일본,1시간 24분
1236,울프SWAT,"역사, 드라마, 액션, 스릴러, 전쟁",터키,2시간 6분
10943,위선자들[감독판][UHD],다큐멘터리,,1시간 25분
3588,검찰측의죄인,"범죄, 스릴러, 드라마",일본,2시간 4분
6286,몬스터즈(2014),"스릴러, SF, 드라마, 로맨스",영국,1시간 34분
5178,위시어폰,공포,멕시코,1시간 36분
172,파인더스키퍼스,"스릴러, 공포",미국,1시간 25분
3455,원스어폰어타임인베니스,"스릴러, 액션, 코미디, 범죄",미국,1시간 34분
2973,배틀그라운드:브릿지전투,"전쟁, 드라마",러시아,1시간 50분
6544,동갑내기과외하기,"코미디, 로맨스, 액션",대한민국,1시간 50분
7101,옥희의영화,"코미디, 드라마, 로맨스",대한민국,1시간 21분
2534,레전드(2015)[다국어자막],"범죄, 스릴러, 드라마","프랑스, 영국, 미국",2시간 12분
1447,혐오스런마츠코의일생,"드라마, 코미디",일본,2시간 10분
271,페티쉬(2007),스릴러,미국,1시간 27분
9157,굳세어라금순아,드라마,대한민국,29분
374,YMCA야구단,다큐멘터리,,1시간 25분
989,레드카펫,"코미디, 로맨스",대한민국,1시간 58분
13778,알라딘2-돌아온자파[우리말],"가족, 액션, 애니메이션, 로맨스, 판타지, 코미디",미국,1시간 9분
468,바람[감독판],드라마,대한민국,1시간 48분
6751,헬머니(2015),"코미디, 드라마",대한민국,1시간 48분
7516,셜록:유령신부,"드라마, 스릴러, 범죄",영국,1시간 30분
4858,하트비트라우드,"드라마, 코미디, 음악",미국,1시간 37분
336,그레이브인카운터,"스릴러, 공포, 판타지",캐나다,1시간 33분
3769,쏘우:데스머신(2009),"공포, 스릴러",미국,
9180,마이크로코스모스,"다큐멘터리, 유럽에서 제작","프랑스, 스위스, 이탈리아",1시간 20분
5366,사과씨의맛,"드라마, 유럽에서 제작",독일,2시간 0분
11390,라임라이트,"음악, 로맨스, 드라마, 코미디",미국,2시간 17분
5584,찰리채플린걸작선1,다큐멘터리,,1시간 25분
4312,줄리앤줄리아,다큐멘터리,,1시간 25분
7135,유브갓메일,"로맨스, 코미디, 드라마",미국,2시간 10분
10111,인간사냥꾼,"스릴러, 액션, 드라마","영국, 캐나다",1시간 31분
1056,늑대의제국(2005),"액션, 유럽에서 제작, 스릴러, 범죄, 드라마",프랑스,2시간 8분
3801,마르셀의추억,다큐멘터리,,1시간 25분
8256,우리연애의이력,다큐멘터리,대한민국,1시간 36분
13773,토이스토리4[3D],"코미디, 애니메이션, 액션, 가족, 판타지",미국,1시간 40분
1629,드래곤헌터[우리말],"애니메이션, 가족, 유럽에서 제작, 액션, 코미디, 판타지","벨기에, 룩셈부르크, 프랑스",1시간 22분
4482,안티갱스쿼드,다큐멘터리,,1시간 25분
10797,오피스,코미디,미국,24분
5181,사일런스,"드라마, 역사","영국, 이탈리아, 멕시코, 미국",2시간 41분
10607,분노는말이없다,"드라마, 스릴러, 범죄",China,1시간 59분
2360,은밀한유혹(1993),"스릴러, 범죄, 드라마",대한민국,1시간 50분
11464,고고70,"코미디, 음악",대한민국,1시간 58분
5280,명당,"역사, 드라마",대한민국,2시간 6분
12183,크레이지인러브,다큐멘터리,,1시간 25분
6417,어롱웨이다운,"코미디, 드라마","독일, 영국",1시간 36분
7629,R.I.P.D,"판타지, 액션, 코미디, 범죄, SF",미국,1시간 36분
10694,프롬어하우스온윌로우스트리트,"공포, 범죄, 스릴러, 액션",남아프리카공화국,1시간 30분
5699,브이아이피,"범죄, 스릴러, 액션",대한민국,2시간 8분
13148,퍼펙트,"스릴러, 액션, 범죄, 드라마",미국,1시간 58분
10876,몽키킹2:서유기여정의시작,"액션, 판타지","China, 홍콩",1시간 59분
3912,나를구하지마세요,드라마,대한민국,1시간 36분
5489,플라워쇼,"드라마, 다큐멘터리, 로맨스, 유럽에서 제작",아일랜드,1시간 40분
11520,더블유엠디:대량살상무기,"전쟁, 액션, 스릴러",미국,1시간 30분
4956,비욘드라인,"전쟁, 액션, 드라마",캐나다,1시간 18분
3824,로스트인더스트,"서부, 범죄, 드라마, 스릴러",미국,1시간 42분
1446,라이크크레이지(2011),"드라마, 로맨스",미국,1시간 30분
14553,스트롱거,"드라마, 다큐멘터리","미국, 홍콩",1시간 59분
13145,적도,"액션, 스릴러, 범죄, 드라마","홍콩, China",1시간 58분
11550,아웃브레이크:지구최후의날,"SF, 스릴러, 액션, 드라마",미국,2시간 9분
4703,좀비헌터,"공포, 액션, 스릴러","독일, 미국",1시간 24분
4308,438일,"스릴러, 드라마, 역사, 유럽에서 제작",스웨덴,2시간 4분
1287,소년아메드,드라마,"벨기에, 프랑스",1시간 25분
12549,세렌디피티,"코미디, 로맨스","미국, 인도",1시간 30분
12204,투나잇스탠드,"로맨스, 코미디",미국,1시간 26분
5389,아버지를위한노래,"드라마, 유럽에서 제작, 코미디","프랑스, 아일랜드, 이탈리아",1시간 58분
908,마담보바리(2015),"로맨스, 드라마, 코미디, 유럽에서 제작","영국, 프랑스",1시간 39분
1873,하이앤로우더레드레인,드라마,일본,1시간 50분
10154,쉐도우울브스,"스릴러, 액션","미국, 영국",1시간 35분
12007,파주(2009),"로맨스, 드라마",대한민국,1시간 52분
8433,포세이돈(2006),"스릴러, 액션, 드라마",미국,1시간 38분
8813,두여자:피의복수,"드라마, 로맨스",대한민국,1시간 45분
11996,더레슨:마지막수업,"드라마, 스릴러, 공포",영국,1시간 38분
2641,황야의무법자,"서부, 유럽에서 제작, 드라마","독일, 이탈리아, 스페인",1시간 39분
8175,동성서취(1993),"코미디, 판타지, 액션","대만, 홍콩",1시간 43분
13714,앨리스크리드의실종,"범죄, 드라마, 스릴러",영국,1시간 40분
8280,버진스노우,"스릴러, 드라마, 유럽에서 제작","프랑스, 미국",1시간 31분
3970,위스퍼,"액션, 공포, 스릴러",태국,1시간 50분
8032,카니발(2013),"SF, 스릴러, 드라마, 판타지",미국,52분
6122,88분,"스릴러, 범죄, 드라마","캐나다, 미국, 독일",1시간 48분
3217,스텝업:브레이킹쓰루,"로맨스, 드라마, 음악, 코미디","인도, 아랍에미리트, 미국",1시간 50분
5504,트레이닝데이(2001),"드라마, 스릴러, 범죄, 액션",미국,2시간 2분
5169,데블스오운(1997),"범죄, 스릴러, 드라마, 액션, 유럽에서 제작",미국,1시간 47분
9791,물괴,"액션, 공포, 드라마, 판타지",대한민국,1시간 46분
2578,테레즈라캥,"범죄, 로맨스, 드라마, 스릴러","미국, 헝가리, 세르비아",1시간 41분
1966,조조래빗,"코미디, 드라마, 전쟁, 유럽에서 제작","미국, 뉴질랜드",1시간 48분
8616,맨온와이어,"다큐멘터리, 드라마, 범죄, 역사, 스포츠, 스릴러",영국,1시간 34분
5987,청담보살,"코미디, 로맨스",대한민국,1시간 59분
7229,자칼이온다,"액션, 코미디",대한민국,1시간 47분
8680,울프특공대,다큐멘터리,,1시간 25분
1576,비행기[2D],"액션, 코미디, 애니메이션, 가족, 판타지, 스포츠",미국,1시간 31분
6416,데드맨1부:복수의서막,"서부, 드라마, 액션",미국,2시간 57분
703,라스트미션(2019),"범죄, 드라마, 스릴러, 유럽에서 제작","미국, 캐나다",1시간 56분
5786,천녀유혼(2011),"액션, 판타지, 공포",홍콩,1시간 35분
128,"지금,만나러갑니다","로맨스, 드라마, 판타지",일본,1시간 59분
9153,300:제국의부활,"드라마, 액션, 판타지","불가리아, 미국",1시간 42분
7449,로얄어페어(2012),"드라마, 역사, 로맨스, 유럽에서 제작","덴마크, 독일, 스웨덴, 체코 공화국",2시간 17분
135,에일리언어브덕션(2014),다큐멘터리,,1시간 25분
7394,점퍼:더비기닝,,미국,80분
7275,깡패들,"액션, 로맨스",대한민국,1시간 31분
6337,메카닉:리크루트,"액션, 범죄, 스릴러","프랑스, 미국, 독일",1시간 39분
4595,홈[2D],"애니메이션, SF, 가족, 판타지, 코미디",미국,1시간 34분
5856,엽문2[특별판],"드라마, 역사, 액션","홍콩, China",1시간 48분
2127,여고괴담2,"공포, 로맨스, 드라마",대한민국,1시간 38분
3458,여고괴담4-목소리,공포,대한민국,1시간 44분
11159,여고괴담3-여우계단,"공포, 드라마",대한민국,1시간 40분
6974,퍼펙트머더,"공포, 드라마",미국,1시간 45분
970,고양이여행리포트,드라마,일본,1시간 58분
5514,고양이와할아버지,드라마,일본,1시간 43분
4907,채비[가치봄],"드라마, 가족",대한민국,1시간 54분
8405,록키(1976),"드라마, 스포츠",미국,2시간 0분
10132,인정사정볼것없다,"액션, 범죄, 스릴러",대한민국,1시간 48분
7057,오!수정(2000),"로맨스, 드라마",대한민국,2시간 7분
13268,패신저57,"액션, 스릴러, 범죄",미국,1시간 24분
11430,위자:저주의시작,"스릴러, 드라마, 공포",미국,1시간 39분
10504,프론테라스,"드라마, 스릴러, 액션",미국,1시간 45분
14314,영국남자처럼사랑하는법,"로맨스, 코미디","영국, 미국",1시간 39분
6470,하이스쿨뮤지컬(2006),"코미디, 드라마",미국,35분
7245,하이스쿨뮤지컬2(2007),"드라마, 음악, 로맨스, 코미디, 가족",미국,1시간 44분
1760,키스오브드래곤[리마스터링],"스릴러, 액션, 범죄, 유럽에서 제작","프랑스, 미국",1시간 38분
9796,협도연맹:유럽공략단,"액션, 범죄, 드라마","China, 체코 공화국, 홍콩, 미국",1시간 48분
10345,치킨리틀,"애니메이션, SF, 코미디, 가족, 판타지",미국,1시간 21분
3416,변산,"드라마, 코미디, 음악",대한민국,2시간 3분
5581,크로우즈제로(2007),"코미디, 액션, 범죄",일본,2시간 10분
1493,크로우즈제로2,"액션, 범죄, 코미디, 드라마, 스릴러",일본,2시간 13분
7846,블루밍러브,"드라마, 로맨스","영국, 미국",1시간 57분
4231,당신을오랫동안사랑했어요,"드라마, 유럽에서 제작","독일, 프랑스",1시간 57분
7501,여교수의은밀한매력,"코미디, 로맨스",대한민국,1시간 44분
4249,샐린저,다큐멘터리,미국,2시간 5분
1085,브로큰하츠갤러리,"코미디, 로맨스",미국,1시간 49분
2642,분노의윤리학,"드라마, 스릴러",대한민국,1시간 50분
6467,폴라익스프레스,"판타지, 애니메이션, 가족",미국,1시간 40분
2026,시(2010),드라마,대한민국,2시간 19분
1124,소림쿵푸:마지막대결,"액션, 범죄, 드라마, 로맨스, 다큐멘터리, 스릴러, 가족",캐나다,1시간 33분
1622,성기사단:어둠의마법사,판타지,미국,1시간 47분
9067,미확인동영상:절대클릭금지,"스릴러, 공포, 범죄",대한민국,1시간 33분
12960,하류인생,"액션, 범죄, 드라마",대한민국,1시간 45분
3576,청사:낙천결계,"판타지, 로맨스, 액션, 드라마",홍콩,1시간 39분
14069,사랑한다고말해:키스하고싶어질땐,"로맨스, 드라마",일본,1시간 42분
8683,인사이드맨,"드라마, 스릴러, 범죄",영국,1시간 0분
8371,머시니스트(2005),"드라마, 스릴러, 유럽에서 제작",스페인,1시간 42분
5781,인생은아름다워(1997),"드라마, 가족, 로맨스",대한민국,1시간 4분
571,그랜드파더,다큐멘터리,,1시간 25분
4772,반상회,다큐멘터리,,1시간 25분
7755,오이시맨,"드라마, 음악, 로맨스","대한민국, 일본",1시간 38분
1934,내심장을쏴라,"드라마, 코미디",대한민국,1시간 41분
12876,위섬온더다크니스,"공포, 스릴러, 드라마, 음악","미국, 영국",1시간 23분
10372,런올나이트,"스릴러, 액션, 범죄","스페인, 미국",1시간 54분
10187,언노운(2011),"스릴러, 액션, 유럽에서 제작","프랑스, 독일, 미국, 영국",1시간 53분
9851,끝과시작,"드라마, 로맨스",대한민국,1시간 27분
976,게임의규칙,"드라마, 코미디, 로맨스, 유럽에서 제작",프랑스,1시간 50분
14062,전성수배,"스릴러, 드라마, 로맨스, SF, 공포, 액션, 범죄",China,1시간 41분
1239,캡틴파일럿,"액션, 드라마, 가족, 스릴러","China, 홍콩",1시간 51분
6566,새벽의저주:좀비랜드,"SF, 액션, 공포, 스릴러, 코미디",미국,1시간 30분
684,파워레인져스:더비기닝,"액션, SF, 판타지","홍콩, 미국",2시간 4분
796,엘프:사탄의인형,공포,미국,1시간 31분
3903,사탄의인형(2019),"공포, 코미디, 스릴러",미국,1시간 29분
10564,퍼펙트겟어웨이(2009),"스릴러, 액션, 드라마",미국,1시간 38분
11933,택시(1998),"코미디, 범죄, 액션, 유럽에서 제작",프랑스,1시간 26분
9588,스위트룸,"로맨스, 드라마",일본,5분
6887,잉여들의히치하이킹,다큐멘터리,대한민국,1시간 46분
11033,프랑스인김명실,"음악, 다큐멘터리",캐나다,27분
7278,슈퍼햄찌,,핀란드,78분
9349,언브레이커블,"스릴러, 드라마, SF, 유럽에서 제작",미국,1시간 46분
9174,마음이2,"드라마, 코미디, 가족",대한민국,1시간 32분
2598,로그온배틀그라운드,다큐멘터리,,1시간 25분
7206,치어댄스,"코미디, 스포츠, 드라마",일본,2시간 1분
8456,이창,"스릴러, 드라마",미국,1시간 52분
1851,더블스파이(2009),"코미디, 로맨스, 스릴러, 범죄","독일, 미국",2시간 5분
6934,환타지아(1940),"가족, 판타지, 애니메이션, 음악",미국,2시간 4분
5999,춘몽,다큐멘터리,,1시간 25분
12520,노필터,"코미디, 드라마, 유럽에서 제작",프랑스,1시간 40분
11913,이블데드2020,공포,이탈리아,1시간 27분
761,퀼,드라마,일본,1시간 40분
5634,노인을위한나라는없다,"스릴러, 범죄, 드라마",미국,2시간 2분
9980,메가샤크VS크로코사우러스(2010),"액션, 공포, SF, 스릴러, 코미디",미국,1시간 30분
6864,호빗:뜻밖의여정[확장판],"액션, 판타지","미국, 뉴질랜드",2시간 50분
9507,알라딘2,"가족, 액션, 애니메이션, 로맨스, 코미디, 판타지",미국,1시간 9분
3816,봄(2014),"로맨스, 드라마",대한민국,1시간 42분
13327,열혈남아(2006),"드라마, 범죄, 로맨스",홍콩,1시간 38분
14298,매기스플랜,"로맨스, 드라마, 코미디",미국,1시간 39분
12768,분노의질주:언리미티드,"액션, 코미디",China,1시간 28분
4252,분노의질주:더맥시멈,"스릴러, 범죄, 액션",미국,2시간 25분
3369,AK-47,"드라마, 전쟁, 역사, 액션",러시아,1시간 45분
872,사랑과영혼2016,다큐멘터리,,1시간 25분
154,각설탕,"로맨스, 드라마",대한민국,2시간 3분
1358,아라비아의로렌스,"역사, 전쟁, 액션, 드라마",영국,3시간 38분
13240,솔로몬의위증전편:사건,"스릴러, 드라마, 범죄",일본,2시간 1분
14124,정사:두여자,"드라마, 로맨스",대한민국,1시간 32분
9177,8월의크리스마스[리마스터링],"드라마, 로맨스, 판타지, 가족",대한민국,1시간 37분
1697,올어바웃안나,다큐멘터리,,1시간 25분
5565,365일:비밀의여자,"스릴러, 공포",미국,1시간 19분
10469,셰이프오브워터:사랑의모양,"드라마, 판타지, 로맨스, SF",미국,2시간 0분
4808,소두라,다큐멘터리,,1시간 25분
9361,유에프오:지구침공,"SF, 액션, 스릴러",미국,1시간 37분
10963,키스미어게인,다큐멘터리,,1시간 25분
9744,러브퍼즐,다큐멘터리,,1시간 25분
8824,프렌즈위드러브,"로맨스, 코미디, 드라마",미국,1시간 17분
1431,호텔룸(2017),다큐멘터리,,1시간 25분
2202,하늘이기다려,"드라마, 유럽에서 제작",프랑스,1시간 30분
4608,50가지욕망의그림자,"스릴러, 드라마",미국,1시간 31분
7370,생존자들,"전쟁, 액션, 드라마",미국,1시간 39분
1149,데드캠프,"스릴러, 공포, 드라마","영국, 독일, 미국",1시간 50분
3298,모리의정원,"드라마, 코미디",일본,1시간 39분
13740,논스톱:다마스커스타겟,"드라마, 코미디, 로맨스",대한민국,21분
66,무비43,코미디,미국,1시간 38분
10388,하드코어헨리,"액션, SF, 스릴러","러시아, China, 미국",1시간 30분
6518,크림슨타이드(1995),"스릴러, 액션, 드라마, 전쟁","프랑스, 미국",1시간 56분
7096,에이전트레드,"드라마, 액션, 스릴러",미국,1시간 35분
8043,엑스맨:최후의전쟁,"액션, SF, 스릴러",미국,1시간 44분
5796,엑스맨2,"SF, 액션, 스릴러",미국,2시간 13분
5226,유령선,다큐멘터리,대한민국,49분
918,로마의휴일,"드라마, 코미디",대한민국,1시간 48분
3376,위험한상견례,"코미디, 로맨스",대한민국,1시간 58분
2434,은실이,드라마,대한민국,57분
11909,파리오페라발레단,"다큐멘터리, 유럽에서 제작",프랑스,1시간 50분
883,아마데우스[감독판],"드라마, 음악",미국,2시간 40분
421,세이프하우스,"스릴러, 액션",미국,1시간 55분
435,아틀란틱림라이징,다큐멘터리,,1시간 25분
13018,사내본색,"드라마, 코미디",,1시간 37분
11709,정글북(1967),"액션, 판타지, 가족, 드라마, 애니메이션","영국, 미국",1시간 46분
3098,내일의기억,"스릴러, 드라마",대한민국,1시간 39분
14030,기억의밤,"스릴러, 범죄, SF",대한민국,1시간 48분
11218,마르셀의여름,다큐멘터리,,1시간 25분
12180,노리개:그녀의눈물,드라마,,1시간 18분
2771,두남자,"코미디, 로맨스",미국,22분
6889,살인자,"드라마, 스릴러, 공포",대한민국,1시간 48분
10002,고양이를빌려드립니다,"코미디, 드라마",일본,1시간 50분
11054,아내를죽였다,다큐멘터리,,1시간 25분
1376,데이브미로만들다:판타스틱미로대탈출,"공포, 판타지, 코미디, 액션",미국,1시간 21분
1071,레옹[리마스터링],"범죄, 드라마, 액션, 스릴러, 유럽에서 제작",프랑스,1시간 51분
5529,가스등,"스릴러, 드라마, 범죄, 로맨스",미국,1시간 54분
18,프리댄스,"음악, 로맨스, 드라마, 유럽에서 제작","미국, 루마니아",1시간 43분
14072,23,"스릴러, 공포",미국,1시간 57분
3507,시즈닝하우스,"공포, 스릴러, 드라마",영국,1시간 29분
4105,데스로드,,,53분
1388,솔트앤파이어,"드라마, 스릴러, SF, 액션, 유럽에서 제작","멕시코, 미국, 볼리비아, 프랑스, 독일",1시간 38분
8677,성난변호사[가치봄],"스릴러, 액션, 범죄",대한민국,1시간 57분
6189,오버드라이브(2018),"스릴러, 액션, 범죄, 유럽에서 제작","벨기에, 프랑스, 미국, 영국",1시간 33분
4104,나랏말싸미[가치봄],"드라마, 역사",대한민국,1시간 50분
2918,트레저헌터플린,"액션, 코미디, 다큐멘터리","호주, 캐나다",1시간 35분
2488,레고DC코믹스수퍼히어로:우주전쟁,SF,미국,1시간 33분
1607,나를잊지말아요,"로맨스, 드라마, 스릴러, 코미디",대한민국,1시간 46분
3454,미성년이지만어린애는아냐,"로맨스, 드라마, 코미디, 가족",일본,1시간 44분
6647,석조저택살인사건,"스릴러, 드라마",대한민국,1시간 49분
13429,크리미널체이스,"액션, 스릴러, 드라마",미국,1시간 29분
14085,업사이드,"코미디, 드라마",미국,2시간 6분
7687,시애틀의잠못이루는밤,"코미디, 드라마, 로맨스",미국,1시간 45분
14045,환타지아2000,"애니메이션, 가족, 음악, 판타지",미국,1시간 14분
9260,더미드와이프,"드라마, 유럽에서 제작","미국, 스웨덴, 스위스, 영국",1시간 40분
12546,데스티네이션웨딩,"로맨스, 코미디, 드라마",미국,1시간 30분
8902,그녀에게잠들다,"드라마, 로맨스",대한민국,1시간 40분
6424,슬리핑위드아더피플,"코미디, 로맨스, 드라마",미국,1시간 40분
10043,안젤리크,"애니메이션, 드라마, 코미디, SF, 로맨스, 액션, 판타지",일본,25분
11462,시크릿닌자,다큐멘터리,,1시간 25분
7888,"달콤,살벌한연인","범죄, 로맨스, 드라마, 코미디",대한민국,1시간 50분
7817,더티댄싱-하바나나이트,"드라마, 음악, 로맨스",미국,1시간 26분
1488,카마수트라:뱀의여인,"드라마, 로맨스",미국,1시간 28분
3427,멜로,"로맨스, 스릴러, 드라마",대한민국,1시간 59분
13161,콜마이네임,"코미디, 드라마",일본,1시간 26분
11445,친정엄마,"드라마, 가족",대한민국,1시간 49분
7157,클럽버터플라이(2001),드라마,대한민국,1시간 36분
7000,최저,드라마,일본,2시간 0분
7136,비밀애(2018),다큐멘터리,,1시간 25분
691,킹아더:원탁의기사,다큐멘터리,,1시간 25분
11853,캠프엑스레이,"드라마, 전쟁",미국,1시간 57분
14330,패닉룸,"드라마, 스릴러, 범죄",미국,1시간 52분
2587,피터팬:아무도몰랐던이야기,판타지,영국,3시간 0분
10042,미성년[가치봄],"드라마, 로맨스",일본,22분
10137,매릴랜드,다큐멘터리,,1시간 25분
7995,골든슬럼버,"스릴러, 액션",대한민국,1시간 48분
4134,톰과제리:잭과콩나무,다큐멘터리,,1시간 25분
10809,기생:꽃의고백,다큐멘터리,대한민국,1시간 17분
9158,미들스쿨:꼰대길들이기,"코미디, 가족",미국,1시간 32분
5650,파일럿:스카이미션,드라마,대한민국,58분
6364,내가널사랑할수없는10가지이유,"로맨스, 코미디, 드라마",미국,1시간 37분
434,퀵,"범죄, 스릴러, 코미디, 액션",대한민국,1시간 55분
7861,데이브레이커스(2009),"액션, 판타지, SF, 공포, 스릴러","호주, 미국",1시간 38분
5730,에베레스트(2019),"드라마, 스릴러, 유럽에서 제작","영국, 미국, 아이슬란드",2시간 2분
6239,부력,"드라마, 범죄","태국, 호주, Cambodia",1시간 33분
642,에브리데이(2018),"로맨스, 판타지, 드라마","미국, 스위스, 영국",1시간 37분
12868,호스트,공포,영국,56분
8316,도희야,드라마,대한민국,1시간 59분
633,더게임(2007),"액션, SF, 범죄, 드라마, 판타지, 스릴러",대한민국,32분
6309,그린존,"액션, 드라마, 스릴러, 전쟁","영국, 미국, 프랑스, 스페인",1시간 55분
13628,더블샤크,다큐멘터리,,1시간 25분
14405,"심슨가족,더무비[한글자막]",,미국,86분
11270,라이엇,액션,미국,1시간 28분
643,남극일기,"공포, 스릴러",대한민국,1시간 54분
3142,서버비콘,"드라마, 스릴러, 범죄, 코미디, 유럽에서 제작","China, 미국",1시간 45분
8905,인랑,"스릴러, 드라마, SF, 액션","일본, 대한민국, 홍콩",2시간 18분
4196,도라와잃어버린황금의도시,"가족, 코미디, 액션, 판타지",미국,1시간 42분
1643,쿠스코?쿠스코!(2000),"애니메이션, 판타지, 가족, 코미디",미국,1시간 18분
2089,원나잇(2017),"드라마, 로맨스",미국,1시간 20분
1538,크리드(2015),"드라마, 액션, 스포츠",미국,2시간 13분
3240,미안해사랑해고마워,드라마,대한민국,1시간 55분
7037,저스트머시,"드라마, 범죄, 역사",미국,2시간 16분
8987,명량[가치봄],"드라마, 역사, 전쟁, 액션",대한민국,2시간 6분
764,조지클루니의표적(1998),"범죄, 로맨스, 코미디, 드라마, 스릴러",미국,2시간 3분
2394,악질경찰(2019),"드라마, 범죄, 다큐멘터리","미국, 독일",2시간 2분
9712,집으로가는길,드라마,대한민국,2시간 11분
9783,신과인간사이,드라마,일본,1시간 29분
6872,춘사월의첩,다큐멘터리,,1시간 25분
8221,화이트릴리,"드라마, 공포",일본,1시간 20분
6047,행복한라짜로,"드라마, 판타지, 유럽에서 제작","프랑스, 독일, 이탈리아, 스위스",2시간 5분
12075,넥스트투모로우(2011),"액션, SF, 드라마, 스릴러",미국,1시간 28분
11831,마약왕,"드라마, 액션, 범죄",대한민국,2시간 19분
8617,빅브라더,"액션, 드라마, 코미디","홍콩, China",1시간 51분
3654,강변호텔,드라마,대한민국,1시간 36분
4172,푸른소금,"로맨스, 액션, 드라마, 범죄, 스릴러",대한민국,2시간 2분
13066,글래디에이터,"드라마, 액션","미국, 영국",2시간 35분
1194,카핑베토벤(2006),"드라마, 음악","미국, 독일, 헝가리, 영국",1시간 44분
8517,"두번째여름,두번다시만날수없는너",다큐멘터리,,1시간 25분
4094,비밀의아코짱,"코미디, 로맨스, 판타지",일본,2시간 0분
638,철벽선생,"로맨스, 코미디, 다큐멘터리",일본,1시간 45분
2740,해안가로의여행,"판타지, 로맨스, 드라마, 유럽에서 제작",일본,2시간 8분
4257,맨인블랙,"SF, 액션, 코미디","미국, China",1시간 55분
12777,톰과제리:수퍼레이스,"애니메이션, 스포츠, 액션, 코미디, 가족",미국,1시간 15분
4866,부탁하나만들어줘,"스릴러, 코미디, 범죄","캐나다, 미국",1시간 50분
11985,유감스러운도시,"코미디, 액션",대한민국,2시간 1분
9852,그것:광대의저주,"공포, 스릴러, 범죄",미국,1시간 20분
5630,더길티(2019),"스릴러, 드라마, 범죄",미국,1시간 29분
7023,다키스트아워,"드라마, 역사, 전쟁","영국, 미국",2시간 5분
290,홈프론트-가족을지켜라,"액션, 스릴러, 범죄",미국,1시간 40분
12078,백조공주:왕실의미스테리,다큐멘터리,,1시간 25분
12,백조공주:왕실결혼식,"판타지, 애니메이션, 가족, 코미디, 로맨스",미국,1시간 23분
8042,백조공주:해적에서공주로,"가족, 애니메이션, 코미디, 액션, 판타지, 로맨스","미국, 인도",1시간 21분
13500,와일드라이프,드라마,"벨기에, 프랑스",102분
3983,도쿄느와르,다큐멘터리,,1시간 25분
8322,5인의탐정가,"코미디, 범죄, 스릴러",미국,1시간 34분
8764,22년후의고백,"드라마, 스릴러",일본,1시간 58분
1475,미스에이전트,"액션, 코미디, 범죄",미국,1시간 55분
138,택시:더맥시멈,"코미디, 스릴러, 범죄, 액션, 유럽에서 제작","프랑스, 미국",1시간 37분
13017,미스에이전트2:라스베가스잠입사건(2005),"액션, 코미디, 범죄",미국,1시간 55분
2349,프레지던트메이커,"코미디, 드라마",미국,1시간 47분
397,오션월드[2D],다큐멘터리,,1시간 25분
9857,아메리칸허니:방황하는별의노래,"드라마, 로맨스","영국, 미국",2시간 42분
1850,라스트갓파더,"로맨스, 코미디, 범죄",대한민국,1시간 40분
1019,대테러님로드작전,"액션, 드라마, 역사, 스릴러","뉴질랜드, 영국",1시간 35분
8596,킥애스2:겁없는녀석들,"범죄, 액션, 드라마, 스릴러, 코미디","영국, 미국, 일본",1시간 43분
3340,각자의미식,다큐멘터리,,1시간 25분
10806,무지개빛데이즈(2017),"코미디, 드라마, 로맨스",일본,1시간 49분
9193,더우먼:조앤,"드라마, SF, 공포, 스릴러",벨기에,1시간 11분
11839,좋은여자,드라마,대한민국,1시간 40분
3524,에일리언침공,"스릴러, 공포, 드라마, SF",미국,1시간 19분
11956,오퍼나지:비밀의집,"공포, 스릴러, 드라마","불가리아, 미국",1시간 30분
13586,이지라이더(1969),"액션, 드라마",미국,1시간 35분
14095,더팩토리(2012),"범죄, 스릴러, 드라마, 유럽에서 제작","프랑스, 러시아",1시간 49분
205,우먼인할리우드,다큐멘터리,,1시간 25분
7774,엄마바람피게하기,다큐멘터리,,1시간 25분
10394,걸스카우트,코미디,대한민국,1시간 40분
9722,맨오브마스크,"전쟁, 드라마, 범죄, 코미디, 유럽에서 제작","캐나다, 프랑스",1시간 57분
1068,방세옥3:천면수라,다큐멘터리,,1시간 25분
9354,미녀와야수3-벨과마법의성[우리말],다큐멘터리,,1시간 25분
9451,미이라:고대전설의부활,공포,미국,1시간 20분
12334,채피,"범죄, 액션, SF, 드라마, 스릴러","남아프리카공화국, 멕시코, 미국",2시간 0분
3235,엑스트라,"드라마, 코미디, 액션",대한민국,1시간 40분
1982,칠드런액트,드라마,"미국, 영국",1시간 45분
8309,스텝업:하트비트,"로맨스, 드라마, 음악, 코미디","아랍에미리트, 미국, 인도",1시간 50분
6326,로스트:직소퍼즐,"스릴러, 드라마, 액션, SF",대한민국,2시간 16분
13453,퀸카가아니어도좋아,"코미디, 로맨스",미국,1시간 40분
4616,땡스포쉐어링,"코미디, 드라마, 로맨스",미국,1시간 52분
4691,강시선생(1985),"코미디, 공포, 액션, 판타지",홍콩,1시간 38분
917,개미(1998),"코미디, 액션, 애니메이션, 가족",미국,1시간 23분
11953,천년학,"드라마, 음악",대한민국,1시간 46분
10519,군산:거위를노래하다[가치봄],"드라마, 로맨스, 역사",대한민국,2시간 2분
838,B급며느리,다큐멘터리,대한민국,1시간 20분
339,밤의해변에서혼자,"드라마, 로맨스",대한민국,1시간 41분
1650,아이스에이지2,"액션, 애니메이션, 가족, 코미디",미국,1시간 31분
12683,챔피언,"코미디, 드라마, 스포츠","대한민국, 홍콩",1시간 48분
1510,레디오어낫,"공포, 코미디, 액션, 스릴러",미국,1시간 35분
4638,"두뇌유희프로젝트,퍼즐","액션, 스릴러, 범죄",대한민국,1시간 31분
11109,공포의묘지:망자의저주,"공포, 판타지",영국,1시간 40분
6123,자매의공동묘지,다큐멘터리,,1시간 25분
652,프록시마프로젝트,"드라마, SF","프랑스, 독일",1시간 47분
2957,이너스페이스,"코미디, SF, 액션, 음악, 스릴러",미국,2시간 0분
87,사랑에빠진여자,"드라마, 유럽에서 제작","스웨덴, 폴란드",1시간 44분
2212,마가렛앤줄리앙:금지된사랑,"드라마, 역사, 로맨스, 유럽에서 제작",프랑스,1시간 45분
14568,팻걸(2001),다큐멘터리,,1시간 25분
11807,구니스,"가족, 액션, 코미디",미국,1시간 54분
13036,블레이드러너:파이널컷,"드라마, 스릴러, SF, 액션","홍콩, 영국, 미국",1시간 58분
5012,크리스마스캐롤(2009),"드라마, 가족, 판타지",영국,51분
4965,라스트시프트,"드라마, 코미디",미국,1시간 30분
10548,세상의모든아침,"드라마, 유럽에서 제작, 음악, 로맨스, 역사",프랑스,1시간 55분
959,러브인베를린,"로맨스, 코미디, 드라마","독일, 미국",1시간 34분
6360,체인질링,"드라마, 스릴러, 범죄, 역사",미국,2시간 21분
14344,대호[가치봄],"드라마, 액션, 역사",대한민국,2시간 19분
2567,007스카이폴,"스릴러, 액션","영국, 미국",2시간 23분
14295,도망자,"드라마, 액션, 스릴러, 범죄",미국,2시간 11분
180,0.0mhz,공포,대한민국,1시간 42분
9331,무간도외전,다큐멘터리,,1시간 25분
4241,헌터스프레어,"스릴러, 액션, 유럽에서 제작","독일, 스페인, 영국, 미국",1시간 31분
2195,춤추는숲,다큐멘터리,대한민국,1시간 34분
13620,몬스터하우스[한글자막],"코미디, 애니메이션, 가족",미국,1시간 30분
2185,아버지의깃발,"드라마, 전쟁, 액션, 역사",미국,2시간 12분
13770,연가시[가치봄],"스릴러, 드라마, SF",대한민국,1시간 49분
8008,엑소시스트3,"드라마, 공포, 스릴러",미국,1시간 50분
6369,리턴(2007),"스릴러, 드라마",대한민국,38분
12107,천국에다녀온소년,"드라마, 가족","캐나다, 미국",1시간 39분
141,액슬,"SF, 액션, 가족, 스릴러, 드라마, 스포츠",미국,1시간 38분
12620,미스스티븐스,"코미디, 드라마",미국,1시간 26분
8038,그랑블루[리마스터링][감독판],"코미디, 애니메이션, 드라마",일본,24분
6611,핫썸머나이츠,"드라마, 범죄, 로맨스",미국,1시간 47분
1327,나의특별한사랑이야기,"로맨스, 코미디, 드라마, 유럽에서 제작","영국, 프랑스, 독일",1시간 52분
9758,숲속의부부,"스릴러, 드라마, 판타지",대한민국,1시간 45분
1164,파일:4022일의사육,"스릴러, 드라마",대한민국,1시간 32분
9868,"소설,영화와만나다",드라마,대한민국,1시간 44분
10100,모든걸걸겠어,다큐멘터리,,1시간 25분
4795,"파리,사랑한날들(2010)","드라마, 로맨스, 유럽에서 제작",프랑스,1시간 23분
6687,7일간의정상회담,"드라마, 스릴러","스페인, Arjantin, 프랑스",1시간 54분
2107,몽돌스캔들,다큐멘터리,,1시간 25분
1374,오직기도뿐,다큐멘터리,,1시간 25분
11579,러브앤드럭스,"드라마, 코미디, 로맨스",미국,1시간 52분
13446,페이스오프,"액션, SF, 유럽에서 제작, 범죄, 스릴러",미국,2시간 18분
10761,모피를입은비너스(2012),"드라마, 스릴러",대한민국,1시간 20분
12436,리턴(2003),"스릴러, 드라마",대한민국,38분
4458,아직끝나지않았다,"스릴러, 드라마, 유럽에서 제작",프랑스,1시간 33분
612,더바버:사라진연쇄살인마,스릴러,미국,1시간 36분
2819,더파이브,"스릴러, 드라마, 범죄, 액션",대한민국,2시간 3분
1361,신밧드와복수의여신들,"액션, 판타지",미국,1시간 30분
5698,똥개,드라마,대한민국,1시간 41분
5290,바르게살자,"액션, 범죄, 코미디",대한민국,1시간 42분
1819,무적행운성,"액션, 코미디, 범죄",홍콩,1시간 35분
11370,지존소자,다큐멘터리,,1시간 25분
10785,주성치의파괴지왕,"코미디, 액션, 로맨스",홍콩,1시간 37분
1049,구세주:리턴즈,코미디,대한민국,1시간 38분
8621,로빈후드,"드라마, 액션, 코미디, 로맨스, 유럽에서 제작",영국,45분
4119,살인매뉴얼,"드라마, 공포, 스릴러",미국,1시간 31분
1736,누구의딸도아닌해원(2012),"드라마, 로맨스",대한민국,1시간 31분
4693,잘못된만남,"코미디, 드라마",대한민국,1시간 44분
13168,어벤저,"액션, 스릴러, 드라마, 스포츠",미국,1시간 38분
1201,직지코드,다큐멘터리,,1시간 25분
1468,로스트인마운틴,"드라마, 스릴러, 액션",미국,1시간 36분
1315,엘리미네이터,"액션, 스릴러","영국, 미국",1시간 34분
356,아파트(2006),"Reality TV, 코미디",대한민국,1시간 40분
10125,드림하우스,"스릴러, 드라마","미국, 캐나다",1시간 24분
9662,킬유어달링(2013),"로맨스, 스릴러, 드라마",미국,1시간 43분
13293,베리굿걸,"드라마, 로맨스",미국,1시간 31분
3425,러브에버라스팅,"로맨스, 드라마",미국,1시간 32분
6648,메가크로커다일,다큐멘터리,,1시간 25분
13685,이온플럭스,"스릴러, SF, 액션","독일, 미국",1시간 33분
14527,가문의영광5-가문의귀환,"코미디, 범죄",대한민국,1시간 44분
14264,악몽선생,"스릴러, 드라마, 공포",대한민국,15분
9258,백투더퓨쳐2,"코미디, SF",미국,1시간 48분
14324,로그워페어3:데스오브네이션,"전쟁, 액션",미국,1시간 43분
13250,블랙호크다운:4솔져스,"전쟁, 액션, 코미디, 드라마, 판타지, 스릴러",미국,1시간 10분
13294,스페셜솔져,"드라마, 액션, 코미디",미국,1시간 33분
14446,드론:미래전쟁,스릴러,캐나다,1시간 31분
11989,월드워핵전쟁의서막,"액션, SF, 스릴러, 전쟁","뉴질랜드, 미국",1시간 30분
1524,앙:단팥인생이야기,"드라마, 유럽에서 제작","일본, 프랑스, 독일",1시간 53분
13780,어쩌다아스널,"코미디, 드라마","프랑스, 벨기에",1시간 45분
6586,우견아랑,드라마,홍콩,1시간 35분
3561,중안조,"액션, 범죄, 스릴러, 드라마",홍콩,1시간 47분
3754,풍운제일도,다큐멘터리,,1시간 25분
6224,무림지존:천하제일검,다큐멘터리,,1시간 25분
4443,이스케이프플랜,"액션, 스릴러, 범죄","영국, China, 미국",1시간 37분
12712,메멘토[리마스터링],"스릴러, 드라마",미국,1시간 53분
3144,이스케이프플랜2:하데스,"액션, 스릴러, SF, 범죄","China, 영국, 미국",1시간 33분
975,이스케이프플랜3,"범죄, 액션, 스릴러","미국, 영국, China",1시간 37분
13607,사브리나,"코미디, SF, 공포, 로맨스, 액션, 판타지, 가족, 드라마",미국,30분
6461,하오의연정(1957),"로맨스, 코미디, 범죄, 드라마",미국,2시간 10분
9902,존윅:특별판,"액션, 스릴러, 범죄",미국,1시간 41분
2810,뱅크잡:리뎀션,"액션, 코미디, 드라마, 스릴러, 범죄",미국,46분
2153,안나카레니나:브론스키백작의사랑,"로맨스, 드라마",러시아,2시간 18분
1471,택스콜렉터,"드라마, 액션, 범죄, 스릴러",미국,1시간 35분
91,사랑이눈뜰때,"드라마, 로맨스, 스릴러, 범죄, 유럽에서 제작",미국,1시간 45분
11843,바람의소리(2013),다큐멘터리,,1시간 25분
6670,롬멜:사막의여우,"액션, 전쟁, 역사, 드라마, 다큐멘터리, 유럽에서 제작","독일, 오스트리아, 프랑스",2시간 0분
13132,태양의서커스월드어웨이(2012),"음악, 드라마, 로맨스, 판타지, 가족",미국,1시간 31분
6984,검투사아틸라,"역사, 액션, 유럽에서 제작",프랑스,2시간 54분
12038,늑대소년[확장판],"로맨스, 판타지, 드라마",대한민국,2시간 2분
3027,시크릿웨폰,다큐멘터리,,1시간 25분
14496,배트맨:배드블러드,"애니메이션, 액션, 범죄, SF",미국,1시간 14분
2480,배트맨:킬링조크[한글자막],"범죄, 스릴러, 액션, 드라마",미국,2시간 57분
14243,배트맨(1989),"범죄, 스릴러, 드라마, 액션",미국,2시간 57분
12493,프라이빗스쿨,다큐멘터리,,1시간 25분
13647,우리생애최고의순간,"드라마, 스포츠",대한민국,2시간 4분
177,찌라시:위험한소문,다큐멘터리,,1시간 25분
11409,더크리스마스,"애니메이션, 코미디, 액션, 가족, 판타지, 유럽에서 제작",미국,1시간 26분
13921,변호인[가치봄],"드라마, 범죄, 역사",대한민국,2시간 7분
9584,비상착륙,"액션, 드라마, 스릴러",미국,2시간 27분
7977,신의한수:귀수편[가치봄],"범죄, 액션",대한민국,1시간 46분
5902,라붐1,다큐멘터리,,1시간 25분
4632,스니치(2013),"스릴러, 드라마, 액션","미국, 아랍에미리트",1시간 52분
12709,더타이탄,"스릴러, SF, 판타지, 공포, 드라마, 로맨스","영국, 미국, 스페인",1시간 37분
1735,델타포스3,다큐멘터리,,1시간 25분
5685,올드가드인런던,"액션, 스릴러, 범죄",영국,1시간 35분
5614,시리아나(2005),"드라마, 스릴러",미국,2시간 8분
6540,몽키킹:손오공의탄생,"액션, 판타지, 가족","홍콩, China",1시간 59분
13220,펜트하우스노스,"드라마, 스릴러",미국,1시간 25분
12622,노아,"드라마, 액션, 스릴러",미국,2시간 14분
1410,러스트앤본,"드라마, 로맨스, 유럽에서 제작","프랑스, 벨기에, 이탈리아",2시간 0분
8604,서약(2012),"드라마, 로맨스, 유럽에서 제작",미국,1시간 44분
6986,빈(1997),"가족, 액션, 코미디","영국, 미국",1시간 29분
294,귀신이산다,"코미디, 공포",대한민국,2시간 3분
2193,여인의향기,"코미디, 드라마, 로맨스",대한민국,1시간 2분
9946,SM작가(2000),다큐멘터리,,1시간 25분
6334,들개들,"공포, 스릴러",대한민국,1시간 39분
9190,은지:돌이킬수없는그녀,스릴러,대한민국,1시간 30분
1187,딥임팩트,"SF, 액션, 드라마, 스릴러",미국,2시간 1분
13026,꿈은이루어진다(2010),코미디,대한민국,1시간 53분
2509,라이어라이어,"코미디, 판타지",미국,1시간 26분
9725,더기프트,"스릴러, 드라마, SF, 판타지, 로맨스",터키,43분
10681,어비스:메가샤크,"액션, SF, 스릴러, 코미디, 공포",미국,1시간 26분
12320,안나카레니나(1997),"드라마, 로맨스","러시아, 영국, 미국",1시간 48분
6345,가족은괴로워2,"코미디, 드라마",일본,1시간 53분
8689,일일시호일,드라마,일본,1시간 40분
1141,패왕화스페셜포스,"코미디, 범죄, 드라마, 액션","말레이시아, 홍콩",1시간 45분
2568,스페셜포스:블러드마운틴[UHD],"전쟁, 드라마, 액션, 범죄",터키,2시간 15분
2314,스페셜포스:화이트마운틴,"전쟁, 액션, 스릴러, 드라마",터키,1시간 30분
9629,스페셜포스,"전쟁, 액션, 스릴러, 드라마",터키,1시간 30분
8458,미션이스탄불3:더리벤지,다큐멘터리,,1시간 25분
4787,미션이스탄불,다큐멘터리,,1시간 25분
6195,대전차특공대:스페셜포스,"전쟁, 액션, 스릴러, 드라마",터키,1시간 30분
14048,미션이스탄불5:더파이널,다큐멘터리,,1시간 25분
1845,스페셜포스vs분노의좀비,다큐멘터리,,1시간 25분
7506,미션이스탄불4:익스트림데이,다큐멘터리,,1시간 25분
2551,6솔져스,"액션, 드라마, SF","미국, 인도네시아",1시간 54분
12027,웨이크필드프로젝트,다큐멘터리,,1시간 25분
7479,월레스와그로밋:거대토끼의저주,"코미디, 가족, 판타지, SF, 애니메이션","영국, 미국",1시간 25분
9244,이누야시키:히어로VS빌런,"액션, SF, 판타지, 스릴러, 드라마",일본,2시간 7분
12504,럼블,"애니메이션, 가족, 코미디, 판타지, 스포츠",미국,1시간 35분
4919,양철북[무삭제감독판],"전쟁, 드라마, 역사, 유럽에서 제작","Yugoslavia, 프랑스, 독일",2시간 42분
9723,해바라기(1970),"범죄, 드라마, 로맨스, 액션",대한민국,1시간 56분
850,빈폴,"드라마, 전쟁, 애니메이션, 유럽에서 제작","미국, 러시아",2시간 14분
13965,사랑의병,"범죄, 드라마",일본,1시간 36분
3024,마담보바리,"로맨스, 드라마, 코미디, 유럽에서 제작","프랑스, 영국",1시간 39분
5469,클린스킨,"드라마, 스릴러, 액션, 범죄",영국,1시간 50분
9281,더킹오브엠파이어,"액션, 드라마, 판타지, 유럽에서 제작","체코 공화국, 덴마크, 아이슬란드, 노르웨이, 스웨덴",1시간 36분
4908,부다페스트로큰롤,다큐멘터리,,1시간 25분
899,허풍,로맨스,,1시간 17분
4132,로드킬,"드라마, 전쟁, 스릴러",영국,57분
13392,12디재스터,다큐멘터리,,1시간 25분
5005,에일리언우주전쟁,SF,미국,1시간 33분
9649,어트랙션(2017),"SF, 액션, 드라마, 로맨스",러시아,1시간 57분
5592,아이엠어히어로,"액션, SF, 판타지, 스릴러, 드라마",일본,2시간 7분
5607,목격자(2018),"스릴러, 범죄",대한민국,1시간 51분
7862,야수(2006),"판타지, 공포, 로맨스, 드라마, 유럽에서 제작",프랑스,1시간 38분
7487,월스트리트:머니네버슬립스,드라마,미국,2시간 13분
1891,예루살렘Z:좀비와의전쟁,"스릴러, 공포, 액션, SF, 판타지","미국, 이스라엘",1시간 27분
7180,좋아해줘(2016)[가치봄],다큐멘터리,,1시간 25분
13391,리얼스틸,"드라마, SF, 스포츠, 액션","미국, 인도",2시간 7분
6820,와호강호,다큐멘터리,,1시간 25분
532,칠검2:백발마녀전,"액션, 판타지, 로맨스, 스릴러",홍콩,1시간 20분
1422,무림방주:절대고수의탄생,다큐멘터리,,1시간 25분
12252,수춘도2:수라전장,"액션, 드라마, 역사, 로맨스, 스릴러",China,2시간 0분
4256,도술혈전,다큐멘터리,,1시간 25분
10721,천하대전,"드라마, 판타지, 액션, 로맨스",Vietnam,1시간 30분
12507,월령검,다큐멘터리,,1시간 25분
7313,태극권2014:어전시위,액션,China,1시간 34분
11556,화도대전,"로맨스, 액션, 코미디, 판타지",홍콩,1시간 46분
1955,협객,다큐멘터리,,1시간 25분
4707,히트맨:에이전트47,"코미디, 액션",대한민국,1시간 50분
305,언디스퓨티드:1대100의혈투,"스릴러, 유럽에서 제작, 액션, 드라마, 스포츠","불가리아, 미국",1시간 27분
9181,벤데타:피의복수,"스릴러, 액션",영국,1시간 42분
5105,옹박-무에타이의후예,다큐멘터리,,1시간 25분
3856,옹박:리턴즈오브레전드,액션,태국,1시간 44분
6440,늦여름,"가족, 로맨스",대한민국,1시간 33분
10248,조용한세상,다큐멘터리,,1시간 25분
1177,프로포즈데이,"코미디, 로맨스, 유럽에서 제작","미국, 아일랜드",1시간 40분
12750,누명,"범죄, 공포, 스릴러, 드라마, 유럽에서 제작",헝가리,2시간 0분
14046,스턱인러브,"드라마, 코미디, 로맨스",미국,1시간 36분
3314,스페이스비트윈어스,"드라마, 로맨스, SF, 액션",미국,2시간 0분
10722,스페이스워커,"스릴러, 액션, 드라마, 역사, 코미디",러시아,2시간 20분
1456,대사건,"범죄, 스릴러, 다큐멘터리, 역사, 액션, 드라마, 유럽에서 제작",홍콩,1시간 30분
3014,사도행자:특별수사대,"범죄, 드라마, 액션, 스릴러","China, 홍콩",1시간 48분
12863,비스트스토커2,다큐멘터리,,1시간 25분
13060,천하영웅자객(2012),다큐멘터리,,1시간 25분
384,장난스런키스더무비2:캠퍼스편,"로맨스, 코미디, 드라마",일본,1시간 44분
1912,여자들,"코미디, 드라마",미국,2시간 13분
11304,아가다,다큐멘터리,,1시간 25분
13163,달빛사냥꾼,드라마,,1시간 45분
7007,진아의벌레먹은장미,"드라마, 로맨스",,1시간 33분
11401,적도의꽃(1983),"드라마, 스릴러",대한민국,1시간 45분
714,구로아리랑,드라마,대한민국,1시간 47분
1408,봉자,다큐멘터리,,1시간 25분
12593,우리가족삼총사,다큐멘터리,,1시간 25분
7292,위험한정사(2015),"드라마, 스릴러",미국,57분
5979,아이스프린세스,"드라마, 코미디, 가족, 스포츠","캐나다, 미국",1시간 38분
8308,브레이킹던part2,"판타지, 드라마, 로맨스",미국,1시간 55분
11234,타짜:원아이드잭[가치봄],"범죄, 드라마, 스릴러",대한민국,2시간 19분
1299,버즈오브프레이(할리퀸의황홀한해방),"액션, 범죄, 코미디",미국,1시간 49분
11988,피라냐,"코미디, 공포",미국,1시간 28분
1060,"사랑하니까,괜찮아","코미디, 가족, 드라마",대한민국,1시간 42분
1127,나의펜싱선생님,"드라마, 유럽에서 제작, 역사, 스포츠","핀란드, 독일, 에스토니아",1시간 33분
12687,나쁜놈은죽는다,다큐멘터리,,1시간 25분
13414,스트레인저-무황인담,,,1시간 7분
11979,돼지가우물에빠진날(1996),"드라마, 로맨스",대한민국,1시간 57분
12707,거짓말(2015),드라마,대한민국,1시간 35분
11883,랭고리얼,다큐멘터리,,1시간 25분
9292,그놈목소리,"스릴러, 드라마, 범죄",대한민국,2시간 2분
6151,터키쉬아이스크림,"역사, 드라마, 전쟁",터키,2시간 0분
4747,킬유어프렌즈,"코미디, 범죄, 스릴러, 음악",영국,1시간 44분
9350,소림오조(1994),"액션, 드라마",홍콩,1시간 50분
10326,리틀몬스터,"공포, 코미디, SF","영국, 미국, 호주",1시간 34분
6765,나의붉은고래,"애니메이션, 액션, 판타지, 드라마, 가족, 로맨스","China, 대한민국",1시간 41분
11331,창,"공포, 드라마, 판타지, 액션, 서부, 역사, 스릴러",대한민국,2시간 2분
8062,플로렌스,"드라마, 코미디, 음악","미국, 영국",1시간 50분
2408,다운시커,"SF, 액션, 판타지",미국,1시간 22분
8488,시티온파이어,"드라마, 스릴러, 역사, 범죄",미국,52분
7544,혹성탈출:반격의서막,"드라마, 스릴러, SF, 액션, 유럽에서 제작","미국, 영국",2시간 10분
5841,용의자X의헌신(2008),"범죄, 드라마, 스릴러",일본,2시간 8분
12886,알제리전투,"전쟁, 역사, 드라마, 유럽에서 제작","알제리, 이탈리아",2시간 2분
9586,산타모니카인러브,"코미디, 드라마, 로맨스",미국,1시간 34분
2075,열여섯의봄,"드라마, 공포, 범죄",China,1시간 39분
10251,철의여인,"드라마, 역사",영국,1시간 45분
3212,박봉곤가출사건,다큐멘터리,,1시간 25분
10528,푸시,"스릴러, 액션, SF","캐나다, 미국",1시간 51분
14384,주리,다큐멘터리,,1시간 25분
4285,릴리슈슈의모든것,다큐멘터리,,1시간 25분
13185,꿀벌과천둥,"음악, 드라마",일본,1시간 59분
4358,푸치니의여인,"드라마, 로맨스, 유럽에서 제작",이탈리아,1시간 24분
1604,칠드런오브맨(2006),"SF, 스릴러, 액션, 드라마","미국, 영국",1시간 49분
996,백야행,"드라마, 범죄, 로맨스",일본,50분
833,들개,"범죄, 드라마, 스릴러",일본,2시간 2분
9881,컨저링2,"공포, 스릴러",미국,2시간 14분
4744,한밤의아이들,다큐멘터리,,1시간 25분
10942,스트리트파이터:전설의귀환,액션,영국,1시간 36분
2873,브라보!재즈라이프,"코미디, 드라마, 가족",대한민국,30분
9366,전설의무예,다큐멘터리,,1시간 25분
3514,영국인과공작,다큐멘터리,,1시간 25분
11862,트레져헌터(2009),"판타지, SF, 액션, 로맨스",대만,1시간 45분
12092,건틀릿,"범죄, 스릴러, 드라마, 액션",미국,1시간 49분
9503,나의이름,"드라마, 역사",프랑스,1시간 40분
9347,아워바디,드라마,대한민국,1시간 33분
8686,불량한가족,"드라마, 코미디",대한민국,1시간 43분
11776,행복의단추를채우는완벽한방법,"드라마, 코미디",영국,1시간 31분
1599,미인어,"판타지, 로맨스, 코미디, 드라마","China, 홍콩",1시간 34분
2911,총알탄사나이,"코미디, 범죄",미국,24분
8818,잡식가족의딜레마,"다큐멘터리, 가족",대한민국,1시간 45분
1262,사랑과거짓말(2018),"애니메이션, 드라마, 로맨스",일본,25분
10214,논스톱플라이트,"액션, 스릴러, 범죄",미국,1시간 27분
11067,더큐어,"판타지, 공포, SF, 스릴러, 드라마, 유럽에서 제작","룩셈부르크, 미국, 독일",2시간 26분
3595,결혼하지않아도괜찮을까,다큐멘터리,,1시간 25분
5373,로드투로마,다큐멘터리,,1시간 25분
14170,드라이빙미스데이지(1989),"드라마, 코미디","미국, 영국",1시간 39분
2812,와일드(2014),"드라마, 스릴러",영국,51분
5011,"오늘,우리2",드라마,,1시간 37분
12740,아들의방(2001),"드라마, 유럽에서 제작","프랑스, 이탈리아",1시간 39분
10898,스페이스배틀쉽,"드라마, SF, 액션",일본,2시간 11분
12463,"나의아들,나의어머니",다큐멘터리,,1시간 25분
4736,노베이비즈온더필드,다큐멘터리,,1시간 25분
5993,폴레트의수상한베이커리,"코미디, 범죄, 유럽에서 제작",프랑스,1시간 27분
14576,겨울왕국2[3D],,미국,103분
14475,오늘도어디선가말은태어난다,다큐멘터리,,1시간 25분
9237,배꼽,다큐멘터리,,1시간 25분
4274,스케치(2014),"드라마, SF, 액션, 코미디, 판타지",대한민국,1시간 9분
10961,은밀하게위대하게,"액션, 드라마, 코미디",대한민국,2시간 4분
1387,부기나이트,"코미디, 드라마, 액션, 범죄, 판타지, 로맨스",대한민국,1시간 28분
515,도망자2018,"드라마, 서부, 스릴러, 유럽에서 제작",미국,1시간 43분
1012,집행자,"액션, 범죄, 드라마, 스릴러",미국,1시간 44분
1781,바토리,"드라마, 판타지, 유럽에서 제작, 역사","헝가리, 슬로바키아, 체코 공화국, 영국",2시간 21분
9853,미키의크리스마스,"애니메이션, 가족, 판타지, 코미디",미국,26분
13845,겨울왕국[3D],"액션, 판타지, 애니메이션, 가족, 코미디",미국,1시간 42분
13083,콜로니:인류최후의날,"스릴러, SF, 드라마",영국,1시간 23분
5938,코드명J,"SF, 액션, 드라마, 스릴러","캐나다, 미국",1시간 37분
10336,별을쫓는아이:아가르타의전설,"액션, 판타지, 가족, 애니메이션, 드라마",일본,1시간 56분
9646,블리자드,,일본,1시간 5분
8997,A계획속집(1987),다큐멘터리,,1시간 25분
2704,탐정홍길동:사라진마을,"액션, 드라마, 스릴러, 범죄",대한민국,2시간 5분
6487,아라한장풍대작전,"스릴러, 판타지, 액션, 코미디",대한민국,1시간 54분
5578,15시17분파리행열차,"드라마, 스릴러, 다큐멘터리",미국,1시간 34분
6250,잃어버린세계-지구속으로,"스릴러, SF, 공포, 액션, 코미디, 판타지",캐나다,1시간 31분
4698,퍼스트러브,"드라마, 로맨스",일본,54분
3831,어서오시게스트하우스,다큐멘터리,,1시간 25분
5130,아디오스,"액션, 드라마, 스릴러, 유럽에서 제작",스페인,1시간 51분
11288,스키타이:불멸의전사,"드라마, 판타지, 역사, 액션, 로맨스, 스릴러",러시아,1시간 45분
77,아메리칸허슬,"드라마, 범죄",미국,2시간 18분
8769,명탐정코난:작별까지의프롤로그,"스릴러, 범죄, 드라마",일본,1시간 30분
4701,훠궈전쟁,"드라마, 코미디, 범죄, 스릴러",China,1시간 34분
8053,해로,다큐멘터리,,1시간 25분
5667,발렌티노:마지막황제,다큐멘터리,,1시간 25분
5743,마지막황제,"역사, 드라마, 유럽에서 제작","프랑스, 이탈리아, 영국, China",2시간 43분
570,피도눈물도없이,"스릴러, 드라마",대한민국,40분
8420,후회하지않아,"드라마, 로맨스","네덜란드, 대한민국",1시간 53분
4885,로데오카우보이,"드라마, 서부","미국, 영국",1시간 43분
3104,작은빛,다큐멘터리,,1시간 25분
11305,러시안레이드,액션,러시아,1시간 43분
6977,작전명D-DAY,"드라마, 스릴러",스페인,43분
13885,더블타겟,"전쟁, 액션, 드라마",미국,41분
5725,에스코바르,"범죄, 드라마, 유럽에서 제작","불가리아, 스페인",2시간 3분
8678,다운바이러브,"드라마, 로맨스, 유럽에서 제작",프랑스,1시간 50분
7955,은하,"드라마, 로맨스",대한민국,1시간 37분
2465,펄프픽션,"스릴러, 범죄, 코미디, 드라마",미국,2시간 34분
7088,태양의제국,"드라마, 전쟁",미국,2시간 43분
10001,환절기,드라마,대한민국,1시간 42분
3859,콜오브듀티:라스트워,"스릴러, SF, 전쟁, 액션, 드라마, 공포",미국,1시간 35분
11378,마티아스와막심,"로맨스, 드라마",캐나다,2시간 0분
4048,틴틴:유니콘호의비밀,"액션, 애니메이션, 스릴러, 가족","미국, 뉴질랜드",1시간 47분
4409,미이라(2017),"액션, 판타지",미국,2시간 5분
12060,해피데스데이,"코미디, 공포, SF, 스릴러","미국, 일본",1시간 40분
5605,러브액츄얼리,"코미디, 로맨스, 드라마","프랑스, 영국",2시간 15분
8113,거북이는의외로빨리헤엄친다(2005),코미디,일본,1시간 30분
576,터치오브스파이스,"드라마, 코미디","터키, 그리스",1시간 48분
3287,초인,다큐멘터리,,1시간 25분
580,하이소사이어티,"드라마, 코미디, 유럽에서 제작",프랑스,1시간 35분
11227,블루라군(1980),"드라마, 로맨스",미국,1시간 44분
1754,미녀와야수(2014),"판타지, 가족, 애니메이션",미국,1시간 12분
7477,스몰풋,"코미디, 드라마, 가족, 판타지, 애니메이션",미국,1시간 37분
11644,왈츠포모니카,다큐멘터리,,1시간 25분
12785,오베라는남자,"코미디, 드라마, 유럽에서 제작, 로맨스","노르웨이, 스웨덴",1시간 56분
3246,홀리데이헬,"공포, 드라마",미국,1시간 57분
10683,데빌스나이트,다큐멘터리,,1시간 25분
9572,쥬드,다큐멘터리,,1시간 25분
13006,댄스타운,다큐멘터리,,1시간 25분
6807,우리형(2004),드라마,대한민국,1시간 52분
4156,세터데이모닝,공포,미국,1시간 28분
1295,회초리,드라마,대한민국,1시간 44분
12795,나를구해줘,"스릴러, 공포",미국,1시간 30분
11347,백야(1985),"드라마, 스릴러, 음악",미국,2시간 16분
13190,금의위-무림천하,"드라마, 로맨스",China,1시간 23분
2009,아르고[확장판],"드라마, 스릴러, 역사","영국, 미국",2시간 0분
12346,그후,Reality TV,대한민국,1시간 4분
1721,괴테스쿨의사고뭉치들,"코미디, 유럽에서 제작",독일,1시간 59분
8312,기도하는남자,다큐멘터리,,1시간 25분
4240,화이트칙스(2004),"코미디, 범죄",미국,1시간 49분
9459,익스트랙티드,"스릴러, SF, 드라마",미국,1시간 25분
6534,심장이뛴다(2010),,대한민국,1시간 6분
90,기억속에퍼즐,다큐멘터리,,1시간 25분
6066,베이비콜,"스릴러, 드라마, 유럽에서 제작, 공포","독일, 스웨덴, 노르웨이",1시간 33분
632,고사:피의중간고사(2008),"공포, 스릴러",대한민국,1시간 30분
10743,록키4(1985),"드라마, 스포츠",미국,1시간 31분
3624,록키3(1982),"드라마, 액션, 스포츠",미국,1시간 40분
9095,가디언스,"드라마, 유럽에서 제작, 범죄, 스릴러, 액션",독일,2시간 13분
7248,남자로만들어주세요,다큐멘터리,,1시간 25분
2321,브리짓존스의일기-열정과애정,"로맨스, 코미디, 드라마, 유럽에서 제작","프랑스, 영국, 미국",1시간 48분
2986,당대명포:고수의부활,다큐멘터리,,1시간 25분
11460,당대명포:무림고수대결전,다큐멘터리,,1시간 25분
8537,콴타:외계와의조우,"SF, 드라마",호주,1시간 33분
9309,아주르와아스마르,"애니메이션, 유럽에서 제작, 가족, 판타지","이탈리아, 스페인, 벨기에, 프랑스",1시간 39분
1134,내어머니의인생,다큐멘터리,,1시간 25분
4529,어카운턴트,"범죄, 스릴러, 드라마, 액션",미국,2시간 8분
10360,수체스카,다큐멘터리,,1시간 25분
2668,콘티키:위대한항해,"액션, 역사, 드라마, 유럽에서 제작","독일, 노르웨이, 스웨덴, 영국, 덴마크",1시간 58분
10506,왕을참하라,"드라마, 역사",대한민국,1시간 56분
13801,영웅마영정,다큐멘터리,,1시간 25분
5596,마약전쟁(2019),"범죄, 액션, 드라마, 스릴러","China, 홍콩",1시간 47분
2602,쌍칼,다큐멘터리,,1시간 25분
6837,맨헌트(2018),"스릴러, 서부, 드라마, 역사, 범죄",미국,51분
10161,엑스맨,"SF, 가족, 애니메이션, 액션",미국,22분
11365,행복을찾아서,"드라마, 유럽에서 제작",미국,1시간 57분
11145,22블렛,"드라마, 범죄, 스릴러, 코미디, 유럽에서 제작, 액션",프랑스,1시간 57분
6810,노킹온헤븐스도어,"범죄, 액션, 드라마, 코미디, 유럽에서 제작",독일,1시간 29분
11019,불면증,"코미디, 드라마, 음악, 로맨스",China,31분
13462,맥시멈체이스,다큐멘터리,,1시간 25분
13776,글로리아의여정,"드라마, 역사",미국,2시간 27분
3095,위험한상견례2,다큐멘터리,,1시간 25분
1654,반두비(2009),다큐멘터리,,1시간 25분
5188,하루(2017),"스릴러, 드라마",대한민국,1시간 30분
6849,쿠르스크,"드라마, 역사, 스릴러, 액션, 유럽에서 제작","프랑스, 룩셈부르크, 벨기에",1시간 58분
11682,퇴마:무녀굴,"공포, 스릴러",대한민국,1시간 45분
12984,레드드래곤(2002),"스릴러, 공포, 범죄, 드라마, 유럽에서 제작","이탈리아, 미국, 독일",2시간 4분
13189,대무생,"드라마, 액션, 로맨스",China,1시간 35분
13276,나쵸리브레,"코미디, 스포츠, 가족","미국, 독일",1시간 32분
14288,렛미인,"공포, 드라마, 유럽에서 제작, 판타지, 로맨스","독일, 스웨덴",1시간 55분
9035,가족의나라,드라마,일본,1시간 40분
11796,도쿄!(2008),"드라마, 코미디, 액션, 범죄",일본,46분
2455,아무도모른다(2004),"드라마, 범죄, 스릴러",대한민국,43분
8457,키즈리턴:재회의시간,다큐멘터리,,1시간 25분
1359,테이큰3(2015),"스릴러, 액션, 유럽에서 제작, 범죄","프랑스, 미국, 스페인",1시간 49분
418,히트맨2017,다큐멘터리,,1시간 25분
2733,디어리스트,다큐멘터리,,1시간 25분
892,러시아워2(2001),"범죄, 액션, 코미디, 스릴러","미국, 홍콩",1시간 30분
12123,마지막방위,"코미디, 유럽에서 제작",대한민국,1시간 33분
1790,밀리언리틀피시즈,드라마,미국,1시간 53분
12762,블랙메일,"드라마, 스릴러, 범죄",영국,1시간 26분
346,코만도:라스트액션히어로,"액션, 전쟁, 코미디, 드라마","멕시코, 미국",1시간 35분
8505,마지막액션히어로(1993),"코미디, 가족, 액션, 판타지",미국,2시간 11분
12260,코만도,"스릴러, 액션",미국,1시간 27분
10190,SF8:블링크,"SF, 로맨스, 액션, 코미디, 판타지, 스릴러, 드라마, 공포",대한민국,52분
8574,스텝업(2006),"드라마, 로맨스, 음악",미국,1시간 39분
6952,니딩유:고남과녀,다큐멘터리,,1시간 25분
2606,미스터스마일,"드라마, 코미디, 범죄, 로맨스",미국,1시간 34분
293,오늘도위위,다큐멘터리,대한민국,1시간 10분
8610,집(2010),다큐멘터리,미국,34분
12287,몽마르트파파,다큐멘터리,대한민국,1시간 23분
3513,돌아온다,다큐멘터리,,1시간 25분
8132,한낮의피크닉,다큐멘터리,,1시간 25분
7307,표류일기,,대한민국,75분
12944,"메밀꽃,운수좋은날,그리고봄봄",다큐멘터리,,1시간 25분
10521,벤허:레저렉션,액션,미국,1시간 30분
11224,피의연대기,다큐멘터리,대한민국,1시간 24분
13102,벤허(2016),드라마,미국,3시간 32분
4382,빅킬,다큐멘터리,,1시간 25분
8837,엘리자베스하베스트,"공포, 스릴러, SF",미국,1시간 45분
11263,우리사랑할까요?,다큐멘터리,,1시간 25분
10136,샬롯:욕망의법칙,"드라마, 코미디","미국, 독일",1시간 14분
2315,맨발의기봉이(2006),"코미디, 가족, 드라마",대한민국,1시간 40분
11641,검객풍운,다큐멘터리,,1시간 25분
2474,드래곤블레이드:천장웅사,"판타지, 액션, 역사, 드라마, SF","홍콩, China",2시간 7분
6329,레드배드,"드라마, 액션, 역사, 전쟁, 유럽에서 제작",네덜란드,2시간 40분
10447,에이리언2020(2000),"SF, 스릴러, 액션, 공포",미국,1시간 48분
5491,포커스,"로맨스, 코미디, 범죄, 드라마",미국,1시간 45분
13757,서스페리아1977,"공포, 유럽에서 제작",이탈리아,1시간 38분
7547,사랑방선수와어머니(2007),"코미디, 로맨스",대한민국,1시간 47분
13558,마셰티,"스릴러, 액션, 코미디, 범죄","영국, 미국, 독일",1시간 45분
6721,빙하:살인의추억,"스릴러, 액션, 범죄",China,1시간 43분
11571,써로게이트,"스릴러, SF, 액션",미국,1시간 28분
9078,소셜포비아,"스릴러, 드라마",대한민국,1시간 40분
4978,우리는지금제네바로간다,다큐멘터리,,1시간 25분
7323,장미의나날,"스릴러, 드라마",대한민국,1시간 46분
12808,베를린리포트,다큐멘터리,,1시간 25분
256,브루클린의멋진주말,"드라마, 코미디",미국,1시간 32분
7330,하푼:딥워터,"스릴러, 코미디, 공포",캐나다,1시간 22분
9066,언싱커블(2018),"드라마, 스릴러, 범죄, 유럽에서 제작",미국,1시간 37분
14064,더가드,"스릴러, 범죄, 액션, 코미디, 유럽에서 제작","영국, 미국, 아일랜드",1시간 36분
8922,킬러비인베이전,다큐멘터리,,1시간 25분
4941,데드캠프:더파이널,"공포, 스릴러, 드라마","독일, 미국, 영국",1시간 50분
11052,웬디고:전설의몬스터,공포,미국,1시간 28분
13280,스마일페이스킬러,"공포, 스릴러",미국,1시간 37분
6828,여대생기숙사살인사건,"공포, 스릴러, 범죄",캐나다,1시간 22분
8029,살수이말,다큐멘터리,,1시간 25분
12264,호랑이보다무서운겨울손님,"드라마, 로맨스",대한민국,1시간 47분
251,선물,"드라마, 코미디",대한민국,2시간 7분
2126,트라우마센터,"스릴러, 액션","Puerto Rico, 미국",1시간 27분
9607,산나물처녀,다큐멘터리,,1시간 25분
3972,색즉시공2,"로맨스, 코미디, 드라마",대한민국,1시간 55분
4428,절대무림신공,다큐멘터리,,1시간 25분
1544,1914전투,"드라마, 역사, 로맨스, 전쟁, 유럽에서 제작",폴란드,2시간 20분
428,서유기2:선리기연,"판타지, 액션, 코미디, 드라마, 로맨스",홍콩,1시간 39분
2904,고스트라이더3D:복수의화신[3D],"스릴러, 액션, 판타지, SF","아랍에미리트, 미국",1시간 35분
7973,초급학교패왕:스트리트파이터,"액션, 코미디, SF",홍콩,1시간 35분
13562,게이트웨이,SF,호주,1시간 30분
5809,좀비아포칼립스,"액션, 드라마, 공포, 스릴러",China,1시간 30분
4656,인터스텔라:우주전쟁,SF,미국,1시간 30분
11170,드라이브:분노의질주,"액션, 드라마, 범죄, 스릴러",미국,39분
9620,고령가소년살인사건,"드라마, 로맨스, 범죄",대만,3시간 57분
8591,금옥만당(1994),"로맨스, 코미디","홍콩, China, 프랑스",1시간 40분
5060,네버엔딩스토리(2012),"드라마, 로맨스, 코미디",대한민국,1시간 54분
610,헷지,"코미디, 가족, 애니메이션",미국,1시간 23분
13939,더퍼지:최초의시작,공포,미국,1시간 25분
3950,떼시스:예고살인자VS최강변호사,"스릴러, 드라마, 범죄","스페인, Arjantin",1시간 46분
5253,글루미선데이(1999),다큐멘터리,,1시간 25분
505,원브레스,드라마,러시아,1시간 40분
12948,데자뷰(2018),"스릴러, SF, 액션, 범죄, 유럽에서 제작, 드라마","미국, 영국",2시간 6분
10096,"고산자,대동여지도","역사, 드라마",대한민국,2시간 9분
13662,시간위의집,"스릴러, 공포, 드라마",대한민국,1시간 39분
12713,언더월드3:라이칸의반란(2009),다큐멘터리,,1시간 25분
10755,아이스(2018),"드라마, 코미디, 로맨스, 스포츠",러시아,1시간 58분
6476,죽이러갑니다,다큐멘터리,,1시간 25분
14510,딥워터엘리게이터,"공포, 액션, 스릴러, 코미디",미국,1시간 23분
755,침묵의목격자,"범죄, 드라마, 유럽에서 제작",영국,1시간 3분
13333,커넥트(2008),"SF, 스릴러, 드라마, 범죄, 판타지, 공포",대한민국,43분
7653,킥복서더레전드,"드라마, 액션",미국,1시간 50분
11266,퍼펙트타겟,"드라마, 액션, 역사, 전쟁, 유럽에서 제작",프랑스,1시간 38분
10581,로그워페어2:더헌트,다큐멘터리,,1시간 25분
2821,스트리트오브파이어,다큐멘터리,,1시간 25분
13595,리얼(2017),"액션, 범죄, 스릴러",대한민국,2시간 17분
8412,킬러들의수다,"액션, 코미디, 드라마",대한민국,2시간 0분
8481,나를기억해,"스릴러, 드라마, 공포, 범죄",대한민국,1시간 56분
645,자칼(2017),"스릴러, 액션, 범죄, 드라마, 유럽에서 제작",미국,2시간 4분
8820,마리이야기:손끝의기적,"드라마, 유럽에서 제작",프랑스,1시간 35분
4470,레프트비하인드:남겨진시대,"드라마, 액션, 다큐멘터리",미국,1시간 28분
7849,매란방(2008),"드라마, 역사","China, 홍콩, 대만",2시간 26분
7236,이지버츄,"로맨스, 드라마, 스릴러",영국,1시간 10분
702,크림슨리버(2000),"범죄, 드라마, 스릴러, 유럽에서 제작","독일, 프랑스, 벨기에",49분
8977,바운스(2000),"로맨스, 드라마",미국,1시간 47분
882,마을금고연쇄습격사건,"코미디, 범죄, 드라마",대한민국,1시간 51분
10971,램페이지2-워싱턴심판의날,"범죄, 스릴러, 액션","캐나다, 독일",1시간 33분
8558,은혼2:규칙은깨라고있는것,"SF, 액션, 코미디, 역사",일본,2시간 14분
2674,108:잠들수없는시간,"드라마, 유럽에서 제작","프랑스, 벨기에",3시간 21분
3537,이세상의한구석에[한글자막],"애니메이션, 로맨스, 전쟁, 역사, 드라마, 가족",일본,2시간 10분
9603,엑소시스트하우스오브이블,다큐멘터리,,1시간 25분
5427,챔피언프로그램,"드라마, 스포츠, 유럽에서 제작","프랑스, 영국",1시간 43분
2590,무림3대고수전,"코미디, 판타지",China,1시간 21분
13842,쉿!오늘부터거기만남자!,"코미디, 애니메이션, 다큐멘터리, 유럽에서 제작","벨기에, 프랑스",1시간 35분
5554,안티고네,"드라마, 범죄",캐나다,1시간 49분
8268,투모로우2019:지구대빙하기,SF,미국,1시간 23분
3190,천하대전:왕좌의전쟁,"드라마, 판타지, 액션, 로맨스",Vietnam,1시간 30분
13876,검은사제들:지옥의문,"공포, 드라마, 로맨스, 스릴러","Nepal, 미국, 프랑스",1시간 31분
11885,파이어라이트,다큐멘터리,,1시간 25분
13742,아메리칸드리머,"범죄, 스릴러, 드라마",미국,1시간 32분
8611,스몰타임크룩스,"코미디, 범죄",미국,1시간 34분
4098,원더휠,"드라마, 로맨스",미국,1시간 41분
14409,포르노그래퍼,"드라마, 코미디, 유럽에서 제작, 다큐멘터리","체코 공화국, 슬로바키아",2시간 13분
5438,제7기사단,"액션, 유럽에서 제작, 드라마","일본, 대한민국, 미국, 체코 공화국",1시간 55분
7689,좀비아웃브레이크,다큐멘터리,,1시간 25분
11537,좀비오브아프리카,"공포, 스릴러, 드라마",남아프리카공화국,1시간 15분
11852,홍콩좀비히어로,"코미디, 공포",홍콩,1시간 47분
3466,바후발리:더비기닝,"액션, 드라마",인도,2시간 39분
12353,신포청천:혈수고,"액션, 스릴러",China,45분
10910,채리불:천하제일권,중국,,90분
2242,후계자들(2019),"드라마, 범죄","미국, 인도",1시간 44분
1489,라스트데이즈,"드라마, 음악",미국,1시간 37분
10848,블러드글래셔:알프스의살인빙하,다큐멘터리,,1시간 25분
7921,베이오브사일런스,"스릴러, 드라마",영국,1시간 45분
2845,셀:인류최후의날,"SF, 스릴러, 공포, 액션",미국,1시간 38분
9438,밀양,드라마,대한민국,2시간 23분
9000,나를미치게하는여자,"로맨스, 코미디, 드라마",미국,2시간 5분
11723,2001스페이스오디세이(1968),"액션, SF, 스릴러","영국, 미국",2시간 29분
13241,깡패들[무삭제판],"액션, 로맨스",대한민국,1시간 31분
6402,절대연필,다큐멘터리,,1시간 25분
8504,[단편]보이후드,드라마,미국,2시간 45분
9535,우리도사랑한다,다큐멘터리,,1시간 25분
13855,말아톤(2005),"가족, 드라마, 스포츠",대한민국,1시간 57분
6653,프로메테우스,"공포, SF","미국, 영국",2시간 4분
2294,레고아쿠아맨[한글자막],다큐멘터리,,1시간 25분
13975,마하2,"액션, 전쟁, 드라마, 스릴러",Kazakhstan,1시간 41분
13243,미녀와야수2-마법의크리스마스[우리말],다큐멘터리,,1시간 25분
13749,LA:볼케이노칼립스,"코미디, 드라마, 로맨스, 음악",미국,2시간 8분
7676,레비아탄,"공포, 스릴러, SF, 유럽에서 제작","이탈리아, 미국",1시간 38분
9471,아워즈,"스릴러, 드라마",미국,1시간 37분
9929,인카네이트,"스릴러, 공포",미국,1시간 31분
11912,톨맨(2012),다큐멘터리,,1시간 25분
6426,로보캅(2014),"스릴러, SF, 액션, 범죄",미국,1시간 42분
11995,더웹툰:예고살인,"공포, 스릴러",대한민국,1시간 44분
10310,머메이드:죽음의호수,"공포, 로맨스, 스릴러, 판타지",러시아,1시간 27분
6062,스타트렉비욘드,"SF, 액션, 스릴러",미국,2시간 2분
1403,파이트클럽,"드라마, 스릴러, 범죄","미국, 독일",2시간 19분
12781,카지노(1995),"액션, 범죄, 드라마",대한민국,59분
5724,아홉살인생,"가족, 로맨스, 드라마",대한민국,1시간 45분
1997,줄루:범죄도시,"스릴러, 액션, 범죄",대한민국,2시간 1분
10966,요코하마갱스터,다큐멘터리,,1시간 25분
9238,퍼니퍼니,애니메이션,대한민국,14분
13557,스파이서바이버[무삭제판],"스릴러, 액션, 범죄","영국, 미국",1시간 36분
11718,애니(1982),"코미디, 드라마, 가족",미국,2시간 7분
1200,어퍼펙트데이,"드라마, 유럽에서 제작, 전쟁, 코미디",스페인,1시간 46분
13096,고야의유령,"드라마, 역사, 유럽에서 제작","스페인, 미국",1시간 54분
13804,스워드오브갓,"역사, 공포, 스릴러","벨기에, 폴란드",1시간 40분
4570,장난스런키스더무비1:하이스쿨편,"코미디, 로맨스, 드라마",일본,1시간 43분
7631,장난스런키스더무비3:프로포즈편,다큐멘터리,,1시간 25분
14537,황무지5월의고해,"다큐멘터리, 드라마",대한민국,2시간 2분
14199,금의위-기문둔갑,"드라마, 로맨스",China,1시간 23분
1960,권법형사:차이나타운,"드라마, 스릴러, 범죄, 액션, 음악, 다큐멘터리",대한민국,1시간 50분
2556,데스트랩,다큐멘터리,,1시간 25분
456,도플갱어(1993),"스릴러, 공포, 로맨스, 유럽에서 제작",미국,1시간 44분
4353,아포칼립스:죽은자의주문,"액션, 공포, SF, 코미디",호주,1시간 28분
8398,소림절세귀동-천하곡술,다큐멘터리,,1시간 25분
4062,트리플엑스리턴즈,"액션, 스릴러","China, 미국, 캐나다",1시간 47분
9720,의리의사나이외팔이,"액션, 드라마",홍콩,1시간 51분
10777,데이라이트엔드:인류멸망의날,"액션, 공포, SF, 판타지",미국,2시간 0분
11735,게이트크래시,다큐멘터리,,1시간 25분
2102,스타워즈:클론전쟁,"액션, SF, 애니메이션, 드라마, 판타지",미국,23분
1472,클로버필드,"액션, 스릴러, SF, 공포",미국,1시간 25분
11833,사랑이뭘까,"드라마, 로맨스, 가족",일본,2시간 6분
5233,요시노이발관,"드라마, 코미디",일본,1시간 36분
13491,살인의뢰[감독판],"스릴러, 범죄, 드라마",대한민국,1시간 42분
7360,와일드카드,"액션, 스릴러, 범죄, 드라마","미국, 프랑스",1시간 32분
4797,라라랜드[다국어자막],"코미디, 드라마, 로맨스, 음악",미국,2시간 8분
3329,죽거나혹은나쁘거나,"액션, 범죄, 드라마",대한민국,1시간 35분
12730,지금사랑하는사람과살고있습니까,"드라마, 로맨스","홍콩, 대한민국",1시간 56분
13332,현기증,"스릴러, 로맨스, 유럽에서 제작",미국,2시간 8분
12263,미이라:황제의부활,"액션, 판타지, 공포, SF, 스릴러","미국, 베네수엘라",1시간 16분
6559,토네이도:지구재앙의날,"공포, 액션",미국,1시간 29분
12013,바람에젖은여자,"드라마, 공포, 로맨스",일본,1시간 17분
11400,분노의질주:더세븐,"액션, 범죄, 스릴러",미국,2시간 19분
9635,꼬마돼지베이브(1995),"코미디, 드라마, 가족, 판타지","호주, 미국",1시간 37분
11873,고스톱살인,다큐멘터리,,1시간 25분
6819,촉산전,"액션, 판타지","China, 홍콩",1시간 44분
7174,개에게처음이름을지어준날,다큐멘터리,,1시간 25분
10015,일분만더,다큐멘터리,,1시간 25분
5904,레드스프링아포칼립스,"액션, 공포",캐나다,1시간 42분
9792,프로젝트메자,"SF, 액션",캐나다,1시간 17분
11493,소녀검객아즈미대혈전2(2005),"액션, 드라마",일본,1시간 48분
14342,갈매기의꿈,다큐멘터리,,1시간 25분
13571,몬스터파크,"애니메이션, 판타지, 코미디, 공포, 가족, 유럽에서 제작","벨기에, 프랑스",1시간 18분
10792,뚱보가세상을지배한다,"코미디, 드라마",미국,1시간 39분
198,드럼라인,"코미디, 음악, 드라마, 로맨스",미국,1시간 58분
14047,워터릴리스,"드라마, 유럽에서 제작, 로맨스",프랑스,1시간 25분
3594,백발마녀전1,"판타지, 드라마, 액션, 로맨스, 스릴러",홍콩,1시간 32분
12119,순천부:살인가면,다큐멘터리,,1시간 25분
2183,미드소마[감독판],"드라마, 스릴러, 공포","미국, 스웨덴",2시간 28분
14357,행성탈출:반란의서막,"SF, 공포, 스릴러, 액션, 드라마",호주,1시간 35분
5088,방울토마토,다큐멘터리,,1시간 25분
4859,마리아칼라스:세기의디바,"다큐멘터리, 유럽에서 제작, 음악",프랑스,1시간 53분
2237,드론컨트롤러,스릴러,캐나다,1시간 31분
10572,파란문너머의환상세계,다큐멘터리,,1시간 25분
10553,중경삼림[리마스터링],"드라마, 코미디, 로맨스, 범죄",홍콩,1시간 43분
14582,침입자(2017),"액션, 드라마, 스릴러",미국,1시간 32분
4287,"사랑을부르는,파리","드라마, 유럽에서 제작, 코미디, 로맨스",프랑스,2시간 10분
10031,컨덕트,다큐멘터리,,1시간 25분
7185,엘리트,액션,미국,1시간 29분
2310,1996뽕,다큐멘터리,,1시간 25분
2180,신의선물,"드라마, 스릴러, 판타지",대한민국,1시간 1분
7777,귀접(2014),"드라마, 공포",대한민국,1시간 20분
1586,블랙잭(1997),"애니메이션, 드라마",일본,25분
11095,실종:사라진아내,"드라마, 스릴러, 로맨스",대한민국,2시간 0분
13125,발광하는현대사(2019),"드라마, 애니메이션",대한민국,3시간 52분
11628,궁녀,"드라마, 스릴러, 공포, 범죄, 역사",대한민국,1시간 52분
6693,맹진사댁경사,다큐멘터리,,1시간 25분
13113,신의숲:운명의시작,다큐멘터리,,1시간 25분
12376,미스터앤미세스스미스,다큐멘터리,,1시간 25분
7296,엑스맨탄생:울버린,"액션, SF, 다큐멘터리",미국,1시간 47분
4377,로마에서생긴일(2010),"판타지, 로맨스, 코미디",미국,1시간 31분
6331,폭력교실,"SF, 액션, 공포",미국,1시간 39분
4269,페럴월드,"SF, 드라마, 공포",미국,1시간 45분
11355,해머오브갓,"역사, 액션, 공포",영국,1시간 39분
10004,로즈,"드라마, 로맨스, 유럽에서 제작",아일랜드,1시간 48분
8788,아름답다,"애니메이션, 코미디, SF, 액션, 판타지, 로맨스",일본,22분
14223,달려라장미,"로맨스, 드라마, 코미디",대한민국,1시간 27분
12403,"리벤지,미친사랑이야기","스릴러, 범죄, 공포",홍콩,1시간 30분
11282,사라진기억,"로맨스, SF, 스릴러, 유럽에서 제작","리투아니아, 벨기에, 프랑스",2시간 0분
1380,비치온더비치,"코미디, 드라마",대한민국,1시간 39분
13237,블라인드(2016),"드라마, 로맨스, 유럽에서 제작","불가리아, 네덜란드, 벨기에",1시간 43분
2557,소통과거짓말,드라마,대한민국,1시간 43분
8572,지골라,다큐멘터리,,1시간 25분
11468,벨아미,"로맨스, 유럽에서 제작, 범죄, 드라마, 역사","이탈리아, 영국",1시간 42분
3201,저속희극,코미디,홍콩,1시간 32분
13814,클립,드라마,세르비아,1시간 40분
6513,나의사적인여자친구,다큐멘터리,,1시간 25분
10663,돌이킬수없는(2013),"드라마, 스릴러, 범죄, 유럽에서 제작",프랑스,1시간 37분
3435,버진뱀파이어,"코미디, 판타지, 공포",미국,1시간 33분
1644,"패션,위험한열정","스릴러, 드라마, 유럽에서 제작","독일, 프랑스",1시간 42분
3109,미스체인지(2013),"드라마, 코미디, 로맨스",대한민국,1시간 31분
6007,레바논감정,다큐멘터리,,1시간 25분
14360,여동생(2017),,"미국, 중국",8분
1689,싱글인LA,다큐멘터리,,1시간 25분
3094,관능의법칙,"드라마, 코미디, 로맨스",대한민국,1시간 48분
12268,드리머(2005),"드라마, 가족, 스포츠, 판타지",미국,1시간 46분
5826,단장검,다큐멘터리,,1시간 25분
12783,아큐페이션,"드라마, 액션, SF",호주,1시간 59분
2327,검은수선화,드라마,영국,1시간 40분
4173,죽지못하는남자의이유,"판타지, 로맨스, 스릴러, 범죄",영국,1시간 38분
6706,백두산[가치봄],"스릴러, 액션, 유럽에서 제작, SF",대한민국,2시간 8분
6349,미션임파서블:고스트프로토콜,"액션, 스릴러",미국,2시간 13분
7747,도검소,다큐멘터리,,1시간 25분
2915,요로나의저주,"공포, 스릴러",미국,1시간 33분
13064,우리지금만나,,대한민국,1시간 11분
4790,더시크릿하우스,"스릴러, 공포, 드라마, 유럽에서 제작","스페인, 미국",1시간 51분
2476,미친사랑(2019),드라마,대한민국,1시간 46분
9506,꾸뻬씨의행복여행,"액션, 드라마, 코미디, 유럽에서 제작","남아프리카공화국, 영국, 미국, 캐나다, China, 독일",1시간 54분
11004,미드나잇인뉴욕,"드라마, 로맨스",미국,1시간 21분
9981,커피가식기전에,"드라마, 판타지, SF, 로맨스",일본,1시간 56분
3643,딥블루씨,"SF, 액션, 공포, 스릴러","미국, 호주",1시간 45분
387,미스터캣,"판타지, SF, 코미디, 드라마, 가족, 유럽에서 제작","China, 프랑스",1시간 27분
13059,잡스,"드라마, 역사, 다큐멘터리","스위스, 미국",2시간 9분
1863,기생수파트2,"공포, 액션, 드라마, SF",일본,1시간 57분
9085,마이블라인드라이프,"코미디, 드라마, 유럽에서 제작",독일,1시간 51분
10378,내가죽기전에가장듣고싶은말,"코미디, 드라마, 다큐멘터리, 유럽에서 제작",미국,1시간 48분
11155,비스틀리(2011),"드라마, 로맨스, 판타지",미국,1시간 26분
7775,P.S온리유,"드라마, 로맨스, 판타지, 코미디",미국,1시간 37분
6841,잘나가는그녀에게왜애인이없을까,"코미디, 로맨스, 스릴러, 범죄",미국,1시간 36분
3648,보이카:언디스퓨티드파이널,"스릴러, 유럽에서 제작, 액션, 드라마, 스포츠","불가리아, 미국",1시간 27분
229,웬디와루시,드라마,미국,1시간 20분
9511,블레이드2,"공포, 액션, 스릴러, 판타지, SF",미국,1시간 57분
8709,블레이드3,"액션, 공포, SF",미국,1시간 53분
866,혈의누,스릴러,대한민국,1시간 59분
10061,우드쇼크,"드라마, 스릴러, 판타지",미국,1시간 41분
9815,트론:새로운시작(2010),"SF, 액션, 유럽에서 제작",미국,2시간 6분
13432,타이거마스크,"액션, 애니메이션, 스포츠, 드라마",일본,23분
1508,비열한거리,"액션, 범죄, 드라마",대한민국,2시간 21분
10994,서부전선이상없다,"드라마, 전쟁, 역사",독일,2시간 28분
10896,레모니스니켓의위험한대결,"가족, 코미디, 스릴러, 액션, 드라마",미국,47분
1757,프리다,"드라마, 로맨스",미국,2시간 3분
6245,네가원한다면,"드라마, 유럽에서 제작",스페인,1시간 41분
10901,몬스터콜,"액션, 가족, 판타지, 드라마, 공포, 유럽에서 제작","스페인, 미국",1시간 48분
7153,문영,드라마,대한민국,1시간 4분
12018,변태가면2:잉여들의역습,"액션, 코미디, 판타지",일본,1시간 58분
12343,무명인,"드라마, 스릴러",일본,2시간 0분
12106,쿵푸허슬(2005),"액션, 코미디, 범죄, 판타지","홍콩, China",1시간 39분
4150,작전명발키리(2008),"전쟁, 드라마, 스릴러, 역사, 유럽에서 제작","미국, 독일",2시간 1분
8748,파송송계란탁,"코미디, 드라마",대한민국,2시간 0분
