membership_row_id,USER_KEY,is_repurchase_label,repurchase_score,churn_risk_score
2,4ec765db76545c1d6dda9f421590bf9d02f584009f8d92100afeef4594ee72306b661c43d19086f82f85f02bbb5716280f52bb7f0fde823a0656a830a0e6e41f,0,0.20006237448827643,0.7999376255117235
42,8a9217ad1f2e18ba77d15d1eb0f73c4ea0c3105df50ccb8511122376fa6dfca3cc04fe7be3c15d4b920e1eccd13605a5e19927651751c436a36426f70d7eec92,1,0.7437222766772292,0.25627772332277077
47,dd6f29255829683dfe5531ffcabf6499bb6fc872a4dfc78f467e6979641697d6f47b952bdc8fd5db1b6ce840888eb556a2225562d669166e1578afa9f6c659be,0,0.7029001480432768,0.29709985195672317
48,a02a14ff1ab86edbfe46ad5a6a7fce054dc83c39aa7c362622171c550dcfe7099733a95d986e379eedfcb8edb5adc79c3f2439a56104f63410b83a10131c8ea5,1,0.9911941999380597,0.008805800061940317
64,69d2bf8e8eeaf6841830a7463d812e7b4004b31bdb8268b89c5330490197ffb4becbd6930202b813364a83fe20cea166db50b472de6fbc64f1b587fc93a9b942,1,0.9000742101709214,0.09992578982907863
77,5001f3439e676716df0fbe765c252772cb2a5a876fb35accb54c39589e548421f70f17edc938f037df707fbddb1074053230097bfd6793b8dd68fcb9e6f3e512,1,0.9777858903550093,0.02221410964499071
91,3134c156e69d7c9e8e2893d8ec976fdd9d9afde58f700cc075e359925b748c31777663ce4ced40b3be6caf843d9b92a517b43ca5cd0cfd82b8b3c76807acc7d9,0,0.4897840782127134,0.5102159217872866
114,a0b706494275eed5e96e5d3c64cb3acb4e48c6af6aaf3cbace364d7432ccb3f2ff6c802dc26da4a5f3223dc18992ed251ebe937e10c54d65aea5f89b1751f261,1,0.9523244711081856,0.04767552889181437
135,2a602ae8309eb6385bc0702d840671ec74b087b2ce8e65801298992e0632e09afc77a7167dba4e6b2549391e429124e09cae2324e44ca589b27edc5220b8fd18,1,0.8052816830533593,0.19471831694664066
142,3a531c3c332ba300b9a57d37f656addd318c9c0f01f478120a9ad24a32a186dcc276d6a7ab77168870d660fc6b706d812a74def29bc80bd90c2a3c8eb6f557f7,1,0.9755778308506294,0.024422169149370565
147,a3fb0fbb5c6baa68768bafa2fe84070a0d09d05de1d5a3fb1031913cf212c7bb9807f0c8da6fd21367d92c053dacab372728848ac2aea6837338ae14b81d4d03,1,0.35672250131216177,0.6432774986878382
176,9e45e179fb0c1e17a0057f5b0b39dd17485cae2b1292050b49c6241345599af94c2fae6746926664b39ab931b3c63cced7904d4c769e4e410a3e5ee1814e8c0a,1,0.9446630842490328,0.05533691575096722
181,c01511c8c09b96a42d5860d06757e77ec8f4875884614198fcdc86665ddeed7c72f19c699bb3f9b5665c2dec47fd5f3b58c2532339c061bdcef2d75e9f98e8f4,1,0.38269714807679944,0.6173028519232006
184,19e3f5e6ca1894ddb544b0ff90d74f7d598b6b51e355c156d470b35d8394721ddbc9baabd77ef67192ee3c7259b26dad0ec2bde1d60c24fc833654ac0966e4c4,0,0.8137953695541079,0.18620463044589208
185,6a37e15545e9533a200135a89b4a82af8b65ae907622d1f75a08122acc8ec9ffa8348ab636d53639c3afbb7d6aa1bbceebe0057e5f8f2eb5db246cd1be1e39a9,1,0.979022665700164,0.020977334299835948
186,3e4eb264f239cd0f720202f93aa7b295699562f5e7f1efa95102153c1d7280a9501334fa99dbc980a47ba02f950b317c5f6d3d4005537e9d03b7a9ef5ad904dd,1,0.7510963152873238,0.2489036847126762
227,4206c923cfe0aa27c0b1106c88b876d60e1520b08f874de37ddf78314f52839680a761d54467c8ab3637a15fc0cfaab5566121efa658ec5aa37801b19d5649c0,1,0.5842628342696655,0.4157371657303345
236,5c9f180650338f7a17aa0da7757a3f92bfe37b1c25f0e7f673e88a32392daa818d4a9ed19638a3f615f22756da25179950bd187863a889f4da06308b81994f43,1,0.6714164664879244,0.3285835335120756
255,7326446afb7924904282d3ed404cafd083b5630740a767c9b6ddc685032ba205ea98404e785a1ca4f43c4fcbbcd83485cfd49e4a88912914bb6cfc78fc7bb81c,0,0.13721974798459555,0.8627802520154044
267,dd640cb7a3b361402e2413807918ef040f3ee6f20bf470dc1a4e0d5b23924d7b165d03178652867be58ab24d3f89f388d52f09656e0057f868fe900c847107d6,1,0.7762352770184192,0.2237647229815808
293,e1843282dffbd1616174b9cae90c817a8f5f4a7d8b467a7d42aa604449201a3c9558c02ceaff0c7245c1004cc377623345f9dde5c8ba991653430f99f2974e0a,0,0.5934740374859037,0.40652596251409634
298,c4252ffd4c2364c6b047b3306df55ac5b834b34f8a17d70882430c979b964d4bdf259f3cb213294198cf43c7d8658639275a2b004a9b201be88c44a45acdb7d2,1,0.9832242791969341,0.016775720803065886
322,45d3f330c0b8f9c4ce51e0bf5bd62e0479e2c45b55c0477a794a21b4d5211cf7ee873e823106b22235608f08da3ce009e646bae55c87277bef48f67c21ce8073,1,0.7306597052186781,0.26934029478132193
329,2bff4748b205ab5bbe7099ceb2c6a66d6725ba0f926dfb578f64d5a4c5bca3bd804c7f1d3222f47ce58d66471fb4928d16123c3cf460986800b23f0a20e98caa,1,0.3297773584018864,0.6702226415981136
335,776ed8646c8479df7173c5c279c883ed76df9a904d9c7eff6eae0e9a42a435f64b2a58a81193503b32445ffc80607db89edbfeb27a829abce5313ec068666a4b,1,0.8452170766310048,0.15478292336899524
343,03fad0989cf6a4e3a881f472e2dfc7f10d005dba9eff866d7fb9304b577249c50d49ae74587e9c0995b4208093c312cf7e67d379a55873ebb1e8ada5dad8a11b,1,0.4334955419409444,0.5665044580590556
360,fad11b32d11354c420a84ef15cda4739815df1553a645433ba1753a3149d6fa8fe63b4a439ba52c635a6bf2dbedbb0502ec46c870a0d50816b0f84390a747145,1,0.9499321377734229,0.05006786222657711
374,5b6312a1e8187773c9e7d11e5dd19ab50c258141ab5b97c4e5f81d0f6fca20897fb444ae04c9c594562f8cf317612f689bf7776ddc922fbc57a7e71b0baaadf6,1,0.7202725459455871,0.2797274540544129
380,79b15654094b0ca1c16fc7a4d454bbcde78351db80422c7bcbd268f1bb44c320dfa5a708d0c15680e9447d7ff0cb9f5e5123cbe9ca819d2700b4ecd37e7d68b2,1,0.5798394338550238,0.4201605661449762
381,55dda105441f697c7cbb4a6e57e9641862a81e6efa6e858b0fc208ed8ca5f2ea59e5d62d3ac0f4ec497884e915aa979944486204a32c9e67f768d3f5ae272027,1,0.7943605548367942,0.20563944516320576
397,784e75c3772ba7ad94aca539fddf97a3c65d5ee1a7a90124210983e6a7ccdb0d3e72707f1adeef69b4765252d6a08144887444b1871592da17685ef05f55940a,1,0.3259635679599853,0.6740364320400147
399,2c7e877244bbb4614746a634b15213dd2bf7cc9447e29dcfa9acd9ca53e671ca5f9f7515af7bbfbb80a6708ab59ce4883df71dfe10202ec87a4b116b910b5053,0,0.7911431614235311,0.20885683857646886
401,e395075e75eb80d0b2db8e4586debc88bdb5813e57059023d664670fc8822304acd495f0dff0c0c52d938296640a0da3633ca275fb1d386779da02d9cfccd6e6,1,0.6874832618919497,0.31251673810805025
418,dd92b02822787c09e75a12e0232ea5a61565ccc85cf3854699be09ea571f51ec5a58909c9d0faca474aa7523e4e082facd05646c672885050923f512c6f549a2,0,0.5433169191607529,0.45668308083924714
422,3a3eb9b677c5f2688de2fd8f46b67680b80fe8834ee8a26f8729191ff7b28f7f89211807a74e166322097e7ca3d0d9f3cef5bb85335a30239d788b22e9bf41b8,1,0.9594005219379059,0.040599478062094074
436,aee51802d8a2e3f500e043d6d50b21960f06d55cc0ea377727279cdd3bc9e94f4c8abd629fc45afe24a44be64b7bff0860dcc37c39979678330054f19cdfeee9,1,0.891835463382792,0.10816453661720804
458,4779eb3569114caf02b618b4da89f950d2c36f4505b15d9a8faff6e3b9dd4c8327c7e5f22665bd1d1d1340b2b6c901f3f25ff762fd85aee56146946e8649485a,1,0.9874364297284135,0.0125635702715865
472,c447871c9a6d2e4cc1742d00eee18e2e56b2833b4983d452e9510e14b8f698961f09df795703ce77cdbf9a37895d79dabb2afd8ea393d15a532fa4a3964e95f6,0,0.3643063347559509,0.635693665244049
480,e31fa6c217cb0c6c734c82bb78503b0eaa616900487dc2f6d6a752b81967b054f56fba005356312501a4f13a308de211a198eea039dab11fdb4a741866ff1410,0,0.86331114370645,0.13668885629355
487,8488a7d40ba2903f853f5cd8ba3872d69488456a65e6aa7a12fc711b0bb6a1442fc5a8161cc8e0fdcfc03a0b5ab41b233fe992a931ffa4256883c7251f3c7677,1,0.7592679250580483,0.2407320749419517
489,c9314e60e4e08d4681c35c942ad759dd85d151fdb5d0bccced1f6ada0976e81ee614df7d0552397116213a2fe31fac3a03189c91062f4c515d9f4546599ad866,1,0.89044128572895,0.10955871427105002
501,9f2bc1aadca1e86d59103f44b928505092762ef5c9fe18bb9bbda61f75b5362a35c21813fd2f5a02023eb281784c98fe9f5412d53de878093c2d2de19e00da4f,1,0.9135624276229674,0.08643757237703265
513,b7b96bf18c208ba935e1c776e96c09eda741fc375d4b93a8779818888df9f053937cd22c357981dca0366ca04fd7492a769eafbb00ba95517ab9874e7059e86b,1,0.9329154638533238,0.0670845361466762
525,70b3733e0c3665f66f7e1f5b073ba47f7fca9a60eba3de9eea517f5a55eb439413161161b6155614ec8e339904473a0dad751841202ba58c7fe29a6183184135,1,0.8943108733803642,0.10568912661963581
528,d34522e876fa021c756c598a9ad5f5e5555ff1659fad354e81d8f3cff9086864a69641cb2c04a46997838de2ef9d732c8d9a9bb9c549c5b5902111148a5d63b0,1,0.35742703882784116,0.6425729611721589
551,2cfc1a3ace52f6525bf470cffd81b1e3341226e9e34a6191cdcfcce483c0a49104674f82431331195d03eb572a88a2b415b11279646ca7a0950b4d3332c55d38,1,0.9333233303753778,0.06667666962462215
561,5aa96c0fcf04cdd19fb33479a1533e9738e6857ccb7bf85fde63083bf2182dccefcb3569b07f36c2a79e5204a65529722a003564fd403c5840c9ec66fa15dd91,1,0.7762599044707352,0.22374009552926477
569,f131d00a38ca83a4b93778b8ff7de53ca7b5ef312e4f43687e8b9fc5e5f74bcb861c49ef1cbca656acc959a4dbb23876a8e7715e1c1ad754d03b1c81c71b9ba0,0,0.7779745437447407,0.22202545625525927
572,247b47bb563f70886d9f6c403d96a3aa3e4a4ad0484fe6ad07385ab08e4b5a79330447bd7ca66b9fcee8d712547fede085d138f72842512ae6f207f5be4b6ce6,1,0.2823260532350035,0.7176739467649965
603,2927f09c6f66b6c3ccd5c21491000b0914e4177f2f1bd650712e35ebbdb8a9cc1942f5c90f122ce9537899ed8780c3912b8ab87304c30303fe7ce90677fdcf56,1,0.9575115270038401,0.042488472996159876
606,b790969e9f042a79109b71dda85cbd9f436297bb522bb58eda37ff64dcfe985710dc369f1a0091fa7bee4c907404121b4c461ace3a1af5a2b66c68be00e8bf30,1,0.5936378405441237,0.4063621594558763
617,d766a111cbf8cb2bb81f869ce4e570b22c12a1605d31b29c3efad6283967af1da0c08140dde3e421578f34f6f34613f7ff9e911bae66bf5b3cf74f33bf6284f2,1,0.6077871069726959,0.3922128930273041
620,7d78e13864ec9de0df4b1ff124d35010bedbe1ddffb2b930357c10542dd619107339cf12e73812e3c52819fc56fd6e2ae6df2548537b3675bc7b00542fb7679c,1,0.9760403724453514,0.023959627554648644
650,d7bb3ac43b0e605e9c63a3a98f24280e8cb1816f3e174b64ed973aa1fa3e71fa1c2dabaf78ad2d9309999f0b6bd9dc816df659b1000e05a8245cff05856c42ee,1,0.6862237559041467,0.31377624409585325
667,9b136dbf125020fdfa46f0c50af70129dcfffb68342df83fbbba8af232018291ca4b71a4953b67d7fe222ac8a861167c6779d4cee964dff5f2d9a4ede2db80ec,1,0.5754776488217949,0.42452235117820514
670,6fa38eb033e824d9c6f2fcf475e10c1d7491d4e3a23c29df56bb4597bf8c69cd2380b9b4244217746ef7bc0710061b7ca790e22f3dac75c4b8a492f80a858add,1,0.8792151545935898,0.12078484540641021
683,9b3b8899c460f7871f6930e6b3d52dc2538f5c44befdeb209ac4d3ca0314f73e3867c4c7468ff81395bb39100f404c955f88accdf7a9321e4ed400d0b49ce519,0,0.8326161380480697,0.16738386195193034
688,b09981decc553002e935e439324d5dfb4321b790ed2c55e48a97782581eb0c11d877c8796617ab72f55e1601f7018e4a7d3953aebe6b44ff2d7b3249cf17d297,1,0.7466303882852532,0.2533696117147468
694,bf3f867edafd82aaa12d48a1a161322e102f06beb79776774d17909c9b2f242e4b3cdbe12d15d243a0d3e5b0745d7860b37025f7c8384db594bba8653703a091,0,0.23698125261670222,0.7630187473832978
705,0f0adb615c17ff5c189be55e95c9001625ee8cc4f40a158bc13c4168b2147adecfb142b9239f4344428f6c551db809844644202880cdbb4adc768aaed14b9a26,1,0.516932891043393,0.483067108956607
718,59e48d3813d0c1a54ba16fb0affe2b7165ac627e6d24a09411986649c10eae492a71270991d2cf645a46a018583567a6c05b7b6eb073bfc98e430fd3bc1a380c,0,0.9097376964945344,0.0902623035054656
727,ea5cbd7c0cb87a6216fd12ea26a54438a96ceae7923c78ffbd3cafdfcf9467c2ca7f3ad18cbb81800a746e02066d124e5a7d90ac702a8c717249ac38c94b28bb,1,0.7682945059380353,0.23170549406196472
734,2c00227f9a41f5332220f4216b6432ad8ed3a6f62360733a8e21a4f9ef9950dd53d9f136261ac7184e5193f4cdf6ce0fd58d5b92a5a541c86aa593261669f308,0,0.592858367023923,0.407141632976077
759,e2c3ca06ec83abcd03b1f426918228f0dea6f94742a2a0a8be4852ddf746041611e4a7da46c853180a9c4107f607d147c3b83ab69d72c760dcc0f050eb72fe0f,1,0.935268550868604,0.06473144913139595
762,3b2f5d385c66879ef285816f27fa415d4685671f5f1c201bb85d683334ee9b6f9f53bb78bfb8a2ce4a8edad5774e2dbf8fa71a75a782e8b2e77c42ae3efa5583,1,0.9106895186867748,0.08931048131322517
764,cae850dccdd72e676735944fa51181a01887aecd5198ddda27126862d010cb919868f54132ec1ff94b4d6c97a1d58d12562409bd5cfb015699ff942fc7a7db99,1,0.7419452849968566,0.25805471500314336
782,0e87b0be766a664829f23b94eb8252aabc91a4bc374ab2b01343dc6c20dbd19df75ce2ebe45c166059d4bb8e1220ef617e8b2ba16b94120aed8fa810b34352db,1,0.9745454419144555,0.025454558085544532
805,f1bee5a9113f4a123c1aee848f67cde61d844c198ca268492783810bd9cca4a6c080e77b32d9acb02cf87cf95e0231115cc5935cea2ff075986893f1d9c43eff,1,0.2701467336111672,0.7298532663888329
811,341352dd10d628d3d4fb4d1aa74cd58182f8d601b585193c27404c5ae1c5250db0beb8a74743e9672d9a139c170f1dad5018e5e5157b54704dcf9f4bdccdcc08,1,0.9792271941642795,0.020772805835720498
817,3608662a72e2437226dffcea6fd482cbc9fcbd27728719a97b2bf9cfc23bc1eed49b909cd87f7730144ee2aee46789f35836959d4db49c808f01bc0bc81c0c21,0,0.4998022577991161,0.5001977422008839
830,040606f09d876f5870dc0e21a3c8894f1318fcc53366fac9adb34f11a8d4d78d17890f7c5ec2f3d62aec64ce7b3b4fedb7d1e696c90f8ae691f07b28a6a9b7f8,1,0.746442821981415,0.253557178018585
837,9e336bfdaff724e54d3c9460fb765af50682c4a61f7249d8a60b49177539182b4d05975fef3904d77c147715e2ac709a7ce4ba396109c4f1534341699ba4ba3a,0,0.33699241389051304,0.663007586109487
839,95a88470c85f6a87d0b0d8394f194d95729b8f0b0d52b7084f45560298a9b75e18c4f3dee3ce870f8e9b8bddb056cdf08cb3a739fe78785aa39247cfc4d49097,0,0.5757292266882252,0.42427077331177476
859,0a2fe142bcf56e2832e9c212509d03e78837a27df9d73343742e66e3b48193b6fefaabe754adb34f4631f8a0af58dad45fac6d171d9f403d749db7211ac424b5,0,0.24490170413110499,0.755098295868895
862,be510e2960949267a1171480f5bd60ca92d403c6c679ef3220080f0a5a4d5ca1c20a253796ebb241181d4cc8f55f263a4727b0bd7509bd746929573122a13139,1,0.9537719887161265,0.04622801128387355
864,9f803999e269ae38ee6e0bb8b406982ba46cc7b24d334b02d3e2825fa0304bfb0a03f2e701bac5c2ada304bb48cd218bf0b98ffd52eaddcc7ff56740b7c34431,1,0.8511311561894391,0.14886884381056087
871,90872015e2c9c96c9b87dec15c014c6b2e090e283274a3fc712bf1480b2ddf4a4cc3ad0bf75e7131b1cec85fb4899cf8be36ae68f4b8fa04d18d3ad6bdc323dd,0,0.3989771923587139,0.6010228076412861
874,337f71499fabb5ceaf6b3cee29e14b4a278a9aeb402d69ff8a71534afd64623e84a26a10eb3d8c18b02b90946f0d8a1655e070c56ef6cbe4b3f1ea641f176e02,1,0.7580332908169302,0.24196670918306984
883,9387a748b752885ca425e443b5a17d0019e372b224766c21786298afb06d98afb4a59f0fba3c5dfa4e388b50a4e303a47b65791a8535c48979ffe1eb0f82e8fe,0,0.160446313392945,0.839553686607055
884,214c09c003659b53685c46affcc577a82239b8dbb9867c9639f3369012cec194abd4ca9e80aa29cc47a7f7946a1468060af6201406ddc3e68ba555c5bb752983,1,0.6805508149705112,0.3194491850294888
894,31ad079b3e13d5dbcac1a874a192abba669e27f8320c206870c1d0f1c7cf1fb11b6742d8063de7c25b75abe656be3b5e470485f5e67592bbede96835651c8933,1,0.8622684241908639,0.1377315758091361
903,84192a4a19f8d68d265eb546dbe7b8ff3e63679dee189afe1403d2293e2c57ff550e79074db3c006223af3515fb59dff195cde146584438dbe4029f56ff2b4c0,0,0.8877362710376407,0.11226372896235925
906,d2be5dc535f5b0034bb03debae5ccd47aea6034ac7e968efc7e24e583447fc202ffa9cf050784b129cc87143a2b0b3b7ed79a2954102bf776bacbaa75289d8d8,1,0.5820471007236493,0.4179528992763507
911,7fd0dcba460ed5ceab4f55177b0e3ac81f42a1f3916e04b5c7cafbc51789f9bf125e7b77e426143db2563e7511fd703d010e9f35e0184e1fe532d9d3d2826d9e,1,0.48119590484576324,0.5188040951542368
913,f77885e0adc104f897cbe1a10319cec75df62f93e4f607c2d8ebd66c85a16c807e29f7cc99a87ce2cc4042783cf8de7ce1ac98e554abe7e8b29344d43289bfaa,1,0.9746428010767141,0.025357198923285917
934,d3d145e53c05d061a9e4004db2c7bdaabed2bf891dbf7fb8f7a7fa388061baf9d857e5a68479d4043ddb79d0c1f8e09f9a04244e650675faf783208a8b789ba4,1,0.8596262350030823,0.14037376499691767
940,7de27474a9033c00f27c5d59d2f0431e8f152295135ee305bb4cfcceaecada9ad70bdc556ae5dd8327147d1e1888cbb87a8b603270926c80be295d8d676ba598,1,0.734646439069465,0.26535356093053497
958,b40d60d234d8afa04eabbd653c8a49f4d0a951b528131fbaba493bb598c28b7a374e7f73c99e6c303af2fe3831e363a44507e5f63ec75b3a4085eaf0718b414d,1,0.7549296870402457,0.24507031295975434
979,30035b446434209e94d694605f35f116e9bc5ac45a7ddbe1b8d826f1663dc90657290b5c87f6785fa9e4d91a188717af9395c7ca3f6178bf8732df53670c2b66,0,0.22086617075211287,0.7791338292478871
983,f88f4c64f7be1ac20caf4b1fed6cae80d80cbf1f9b98a43963c02769446bd0ba06b720cc2258f1d5122f7b1c97eae13c388c57f4830df019d37db9b7ec750f0a,0,0.38501240249110635,0.6149875975088936
990,b99604919ef1c933a85fbb939838d2703db19dc6c83c8b54c2db5fb10abf918f179a90c5593297060028b6e6ad57afd874e08d200f57744accd5e51014f3a604,1,0.6569582237065674,0.3430417762934326
994,235e3e5e61e0452aed395c11260492362dc8a2f87d5a0983f07ded1a42410128d4daec236e1c4e9abaddf34b4b3edce13ef67c146dfee676c6726aff46b44216,0,0.9539465610392578,0.04605343896074221
996,2d0695edbd760bdb33394b86a4cbcf17bb0870298093a256b5b5f5740d91ed691e2064d74705d129c1277d0d45425f1cd4bcde8df4da52653ca0789fccd5ee82,1,0.905644368079079,0.094355631920921
1001,17d0a3ccf26fcbf1524603595340eb73b29bb0f2981c84ad623b8698bad54aec671f0bf467a16fe2d2a02226268b77d9f0130365a305133df65ad05751d9a398,1,0.9850397053179414,0.014960294682058617
1027,f4346f8b19fa6ba49d6c76fe2fd0795cd460659b9105dc3af2dfad1bf2575fd1561c0dce60e05847e84d64b721576548e7e3618a953f40fc601ac7af913054f5,0,0.6714385748825026,0.3285614251174974
1056,a876f47a3737d6782d51531b338187e066fbfbfb0784efb22d0756d633f9e76d2ad797122b629d22395a53cf330f97c07a1d3cd8b2bcba05fe260e15b4dc7793,1,0.9825330686675205,0.01746693133247945
1057,739d6860f231a4419c1abcd27df115d3c684d04ca02de044a53ff4b92c28b776446b0e443d9c9663366f31f38cb7570d947d28a89111df916c648628287dcebe,0,0.39242554226855764,0.6075744577314424
1059,3e2e39bb4476bfb26fb90ad50244f2bb8aeea9cb3840c96b8fc1bb42c918d76899386cbc8cbeef8c31871c2bcf34d89af7dc3d0804bf21778a8ba7357ac4d6fd,1,0.9796213821075037,0.020378617892496287
1063,24edfd0a65f1eab84c1184165d8d5a2acb22f31c89c521602decaddc3c428a65576cb37e5be4ad2e89eb12b4ac420e5cb9659aaecacb92c2f9be368f25fe9e7a,0,0.8298625908174353,0.1701374091825647
1099,23aea2261196cd089e85edbbe2a300aef03ce0d67c0a847e34624868bbdae9a2d061cf5b4c5e556f9b4249abfdcfd5bf7f0bedb01fd81a0b7b3ce880a700bc60,1,0.7558546508150091,0.24414534918499087
1117,0f9eb5eb35fb45fc24a3b94b251724b15fc99a6f97140b92f549eb78b7c59315475d76a343925745266dc4f9828098e3b21a2e233c8e4a729085afa62b1d4f26,0,0.5735920336120732,0.4264079663879268
1132,83d38459fe7abfabadf3e0d6a255db0e09fdf0e22977df0aa0b4b1b955e086e4c97245bb5138f2da2a0953bac6af5ab90e7099a2a235a6d241130d6ab027bf91,0,0.6820599041072715,0.31794009589272854
1159,b7bd3bdae876610ebeb6461cb0dedf26999b420f5f4ea18e3d731a66dca8db7a52c03f9c5a35085856f582fe8a45a196e9d26f1cb80063c46401465e44ee17ed,0,0.5463516753630384,0.4536483246369616
1167,981a5aef21a3621439b4b226bf8ab5714863610632c0c3b31315713772e93accfddb1252f04d2ef883c08423cf996b3d19a50db59caf8f3f7e73a61bdeb2225c,1,0.6827667341577263,0.31723326584227374
1197,46d8bca5cadbf173ef95d350614f3c500c56262832d135695046e545aa9981dc2d2b7cfb462966a4c405804b6cf8aeaa9243983200aae1eacf09c9132af55e20,1,0.831851436899704,0.16814856310029602
1226,0bc55e3ed6495860867cb74c7e1753efd8f34a62ed143c1268f8aa0b0cca124391770fa59f1178b1c3c07f31c7abff6a099f27ced201a44feec1b6b2ec632840,1,0.9787258830639936,0.02127411693600645
1239,63ff9e1d035c273f0552c11447b859c9560c7f9ae16aa90ea0d4f265e381fbda6e0888925f36af6fa0161365af0aa19fbcd945e607f94606718997f795cd342e,1,0.31277688254474206,0.6872231174552579
1241,eeb30b1ab2c61535ef9051e2860e7c8cf6b982e0fe44d0354679c94e2d4fd73705d4cc03f257480e52e487463ad8ea294a9c6df1b87336e04d66a8ae20a4dbe4,1,0.5176936628422375,0.4823063371577625
1265,2ab8e2cf896346c83c45e55b541309ca780cda702c5d0e4686bf8d602f468b6d43b13793baf92a2c730b4729af8b37d9f52667964acc0de6c0ac031a43152474,1,0.9047157325148065,0.09528426748519347
1272,3755b9adc700f71ec9653553b3f3d6b6332b0e6f08a8a5df691d01c67e187f774ab6395ebd8f78db130f489474afff2ad926093d8042c87e10da89a7617e3d15,1,0.34644300336600176,0.6535569966339982
1274,6347898292efec8d5d88f5f801f9b7f337d9b1a203677c9ed7c42bf6bc8f8735934b4f00d26c5bf8fe3ebec252a00261b8fe69687deee45dc865e4693b84f5ba,0,0.650559519190634,0.34944048080936596
1286,e32b27cc19c634cdc2d7586c13b2722a5900280b984936a3151abd16c6c799c2c9a09c4ea9362452575ce9421786154894c48d0c98a705416904a89267bc02c7,1,0.9857348620766616,0.014265137923338389
1289,5c8528c9301ab9c283641fd7114e9fe20654a2b48c7ac5a0f3984e28c5848977222a1cb4e9cace440125497cea384b879ce499f05a596778b1c385201b6d8ce2,1,0.9912139719604102,0.008786028039589833
1303,aaccb4c35b0941b35a7458f36a8f1dfdb6bcffdedaef0fbb01967ffd1407ece1f8d2b04c21965df585f091140ea462118b0e9ad981108ec47d609b815a4ad11d,1,0.3199398218259477,0.6800601781740523
1310,e060fa478965a43de39ec845aab9a7f22e2dad148cdd8515df62ce5d056cd375e5a59c9127afce4b3164681937b713d59b7f59f76bb15aa1fa3c9f832438b907,1,0.9387813888016656,0.06121861119833438
1316,012dbfaa53614d06761259b73b4c2595ea0725252b9187323774b78111f5978f636f8b33eba1732a442d0f4aef150f846272c4b97a126990a8a46e93ff2f05c3,1,0.9671824018514856,0.03281759814851437
1317,7f15a0200c9e2f0a103ee5e8c0dc5337eb497e54bf2d6d77e0a865abc36971af34fae5010bec228921323584f3ad3ab9c14d1444acf712e9fb3b6c55e6d5f279,1,0.8975097292934932,0.10249027070650685
1318,9c858754df5fd795f16081d480d8ab6af6182e755152b6ea4b38e7a07ce48c2573f32bc821431edbdf97ae5f4f9a5d44508a667ca7b8794ebc122a5140d5a691,0,0.16296746954130864,0.8370325304586914
1345,9cdec06a862da700e1e73697c0f24123f6870a78a9ef4e5d08e601a4a9774aeb598127065ca948bb8e0204cfff85e4335b802091c5aadeac73cbf44004583022,0,0.4251167882166105,0.5748832117833895
1347,813ebd2b634004b2fdd5afa7bd086b2de8776380cef85591bed9bfd7d287a4970fbc1e3287defbae4f0cafad45208d1179882cf223508b6918efc78acea1fe56,0,0.6212253898091378,0.3787746101908622
1380,f5f4063452bcd8a3b3aab99ca99709e583d663b41990bdc15f51277caf84686af16d820c2151e745674a4b4aa2f4ef7f2c08ab71c8aa7efc0e5ff5b8c35fd0a7,0,0.28256791349114097,0.717432086508859
1391,d8c5e949f4d291607f1b23ac56cff514bf6333f7f5fa8f7296ea433c9c85c2e15614a76b5cf018521d4f277dd5b048b8635493b5c2d27c886bd8ace20f356170,0,0.23889513474822457,0.7611048652517755
1394,a75e4221f3b76e46fd30aab1d7f5704bfce494b607735aa97e9058a684ba697bc17fd0d4dbd10c01c3fe0850ee374e203b1d7d54e13eb3dbe6fbdea913533223,1,0.7615909445083032,0.23840905549169678
1402,bcb0e53ae507490175fb72bb46de800c2eff2705d5036cf198383d1f5c0ee4fddd6c46043b9ae4c8ae22e3103bc8d50541f79293a9d9452cd8bf4ea9dddc994c,1,0.9518817950156996,0.04811820498430042
1412,27040016f482a39ad0a982b7933a69bc58bc88ef1b9e1325fbe7efaac867555eba6c7f9c09bb968fc13381388edeb2a5875a2f10e11bd917def7f9b581e6062a,1,0.9838109045243706,0.01618909547562941
1422,91beae937f654697cb87cc9897755c55b5598cfb042daf444e147c817073b6b50d0790f3c268591b206fb2ef549cd2afd71260b70d9fc0b6b64acc65c8c38d85,1,0.1923029288727944,0.8076970711272056
1426,2c9cfc958aab54e68174510dd3cff05246e3ddd423ba33859e09869e9322bb362fa189f4dbe4e44a95ec51934873fa2ba18eefd8b7d5e57731d4de108418898a,1,0.9096797388528547,0.09032026114714531
1430,5347acf4f8dde18b64a3103dca2e33489274ad6b6c4d4ab8958a7bc8b21d5a34dc4f7f8dfbec7cddb6b2bd0339b0d9547d98dc5da30a3706ac6c40b3c0ffdeaa,1,0.5579689924172405,0.4420310075827595
1479,719b57d1c9a5385af79e02343ae344ca618f90de19032a8c18459a593e56b034374af6ae3249ae8d782f3b10ef1aa7ac1be9e1334179d746d3c244b49e26408d,1,0.9639111887229621,0.03608881127703789
1496,2d435171dfa496533a85d90278e9455538a71ad0447b2c5dad2d92c73c661268a5d820cfcfc1a7fe5dc686ede20033bdf007f4cbb30a59ee55e1a6c70888e619,0,0.5784538159186714,0.4215461840813286
1504,7c4139e1f732b3acbf0e422f119cb7db0c13953b8813825cca881083f48cd1fd5c2d644030905ec5310c15cfe648c31b3ccd6ab8229cd6a306bdaced5bde3bce,1,0.7233169319834062,0.2766830680165938
1505,c8be18a7a849f4c6460fcf5af166a6e3320a594f88f319de835c60be11f541d99e40035a391fdfcecc76695a308e26269cf8e7c715802e1e02e3161f584037ff,1,0.35962268714134443,0.6403773128586556
1506,b3888095b14ca23c71653e1805c36dd3318e1dfd52af7282b8bd8bb899b58cd6affcf98897d098ddc4ba3edfa3064dca178a01e98d112330d50b566daa1c3463,1,0.9515674661601944,0.048432533839805614
1510,074b6defcdb62d5f4329d87ad545e1f1ee7e07bcee29fc2c350e927c44ae4c9b7a82126699d733fb294aefbcd1fd6441469559f7ffe72054e93500df65383e2d,1,0.8393961393262447,0.16060386067375532
1512,0b4208ce8911d99185e1f9eee0b38ac564b7198d87911dde97572a55d1e511c9a3e00b2b5d39fb6d07524c16d6f7f5d20bdb9e50debfad8340e1a677f95a308b,1,0.9063107724972383,0.09368922750276165
1518,ee80ae5ead9b93265f5833daaa683c09ad51f92c8378ed0a58e3579b1a641bfac0ca40bc88947407f7d216c991d98c772d53464495eab2f457de9bf4e8f564a3,0,0.8583322132003108,0.14166778679968917
1529,bec06e37439e2eeca7a9f3cb6c393d8cf33606455af3fa28076a57d01e7401454b215651e7bf89d7ac718d457deab4d5ba374cc3b05a48345028a94efde4cac1,1,0.7043844739287733,0.29561552607122665
1532,8e817432cf037182a53dec02669cc0d0894913b84431ff961b4766642f4afc9ca23b9b24e9e835b793c5cd52bf4fefdde97e67ef3af3a37f65d7efb2f277eaae,1,0.8350801123913902,0.16491988760860976
1535,90c6069f5585541925925a34dbcb0233c96aee44826432eb630f37df6255eb6ba2e141e6e5014eb72a0aae39971f8b6c0578381d11d0420314ef3c37a09447ed,0,0.5096317371005469,0.4903682628994531
1542,4e9b896039db61114aed93febc7fcd5b1afffa4f6c53f9e63012405ed17e8aa40c53d85cb7a6a48e718f269ed41abaa59daf0a79d0d68369a72e13539afab124,1,0.9450236303321696,0.05497636966783037
1544,c218a5d581093873f1b8e4776d48924a35270f05ba8b3350835214f3fe9decd0235caca775362ac38ab478f3b21137f441482629ea30de5e0e9b370eec0ceb08,1,0.936856680736515,0.06314331926348504
1581,182bedf17a09402e32a903ba838e154661177d871a3c566b1b06b0962b8b1c546bf2ab433ed5ac00ea637d83259d89e1d5726bafc7fa87015cd53131089c0ba5,1,0.5924886408985843,0.40751135910141567
1589,ad1ef4fe2da1f1f21db6c22b8cf778a83e1d8e8e786d9f0bdcb1ad1b72fb212f7c0221cdacab9a99b6269827791a1f157c5e147fb614e7f706c47914a533d0f5,1,0.31916005228880817,0.6808399477111918
1592,fa78f363011ced6b66d4d47ce9683fbc51d2aa5427552f10af1c33e28920a08cca940465912328cf70f518fbd7881fd5a4a06e16b7835222878692f5ba1cce70,0,0.7125259239788652,0.28747407602113484
1615,f0c781c5b5b3e378e3adfdf669a40766213e5126547c4ded999f2b248aa34f08ef5082fbb816b954d78fa0fb85aa8745a7ece473f01f44d42a92d9e952f2ca07,1,0.9692375988962344,0.030762401103765602
1622,d582c549b7fd127dba56227875bfddb3f171dce73409d6058da80afcc52b4586348141af715c7284fc3636c4656e29c316350ee7900f9b48bc7209f434a5a93e,1,0.9070748417067497,0.09292515829325032
1630,37d80f15bca2c66db5fb91e43d74dff62f273d634b16361e72eb190426aa17044f58f9f34ba5c9edf2f385d58c10902e81e3a2c4f7b34efe8df0f327fe9f1bfb,1,0.3942228436028282,0.6057771563971718
1646,e28a877ab62303811baacb872ba80990b74958f41d33d73830ab5d38a905abab223740eaf878ce5464d9e3a94553212efe14174e4e523748d70ee7ce29890ccf,1,0.7832122195915395,0.21678778040846047
1647,22bb6aeb4993793f9f19c27983293c261740c2cf3413d07fcc0deee677bb019e34cee1771d81cc085a9231b1d8918dd7b99a3fb78437a04bcccfde8ea04bfb35,1,0.9255864481450209,0.07441355185497911
1658,54c46572296ba1df406b830d7fbed830f787175ccc0b3e6fc71a1b2094ee7d2e290c6f97e3eff73ebf6229ff1e6cbe9655650fa5e6414add76166c79cb98c55f,1,0.904656035555678,0.09534396444432203
1665,1bb5bc41c902cda6f711d44e830c46ce2e5d35f0ff76a5d1e12c61424a2efc43211fad7a790989fd132eaeeb63e127ad8384fdc7b2787c07ee2a6803f5cf3673,1,0.9710122250519767,0.028987774948023293
1682,33a0970531d6cb5f8df40ed9cc778cb8f3c00b87e7511adf93e530094019f963550bb1fd824de683957fc140a745b515a5b3b0489f57d3a056847e003fcbc96c,1,0.22797443978992,0.7720255602100801
1694,475d6adbe539b41da62420c084b46c9a4f4e95bd4e2a8398608a87b179351c4df0d01ca3e6938996a1f66007903145927f213493a0708cf16da806d96ba60503,1,0.7328896360198796,0.26711036398012045
1698,38c188639383ae3afa0ff79dbab7b1a3e9394e215eef29f25576f885f0a858c1a008f6bd79ce0fed9cf70a1b82632c587d746461f02c122942cc3c3abe0bf3b8,1,0.9903553256156413,0.009644674384358676
1699,63574f3c1c373a39806c7f50c893e9a1d797ed728659e1100cc4600b7b9a6189d6122a7083748e60ac66761f3a8ebaa3309e0bd1feee6c968557bd847a014964,0,0.14514567357713715,0.8548543264228629
1755,1e3b5855db94486f3939cf17fdbf17ebcf8ecb14a56d7d93099fa19d2f384f6ebb3262a38c687719ac67db349ef71f09bb60837e53c42d8f7e13c8fb1f7b70cb,1,0.8772466561019281,0.12275334389807191
1757,b4fccfbeff6a45819c79877490788f06bb069db7e0f9c55cdb31a10b0406ba1ab163f09b9e7ee9c0318641978757cabefef19630212775663c137c7fe54a182c,1,0.5530933628907604,0.4469066371092396
1788,75d5c0e804f9dc8a64b446ebe109bbf48cd2189f135b6956bdb58d01917ae529031cd2c64c7462ef948445da97b43fa699f6afe719f966c9a8a65811687155df,1,0.9632284700266325,0.03677152997336752
1802,036838121a8351a4e5b9d52f0fb04c1aef1b1e5bf6b61de7fa10e429be2813379c92b2a42e44690cdeecfec1198261f95801f1bcd69d61a551cd890138d50cb6,0,0.3385784345290368,0.6614215654709632
1812,880e2a3b8bef9dcd4a261061d2b48d2b4e9950ccfabb229476f5d9ff5f3bd87a2ac1e41ca169acb6e21956670a92b2c03a58f2d4f26839e9bb6b3ef4bcb225ec,1,0.39531822453254545,0.6046817754674545
1821,b4b016a8c9ef8182db665c40bc50f65bbc29e00a037de086e0239d97f0ec55111285085a170e04421b03d41fa09a877e55ae6520bb2262071d6ef859f540158b,0,0.5091668521517536,0.4908331478482464
1842,a22e35460d20e1707aae7dba54eb63548f59e978f58051718cf41174052a4455ab508960dc853f080009d17ebcfa556e87ca344d926cb79afa8783e603257af1,1,0.9448102711093693,0.055189728890630674
1844,fdd868f8b21457e8e55a9364cbecd81895e326349393072fbb797d7e52f5192a6b70388bfce831ee0640a1a078dc95af522bc6d4a56613071493f49711c342de,0,0.5784538159186714,0.4215461840813286
1853,912faef337ea1e84d53c31a5f2c857f35f5488d32b150e163c250b9268e44f697acdebf410f23f6fba4a6477fdfff6a903d7d30cf06a2844359a1d0e8d4ed54b,1,0.9555183853414884,0.04448161465851164
1859,2be11affb6fea55ec452b0581756e64067b646ea3566532267e847267d5509357d39218edc804f071e1989b7b977028ae4448d87b06a11e7bafdfb94939aab4d,1,0.3368017924047058,0.6631982075952942
1887,8fc28baebf45800559b852464abb6cfb18ea319dba81da7791595423cb971fd2c7b7a234417a6ccf71394667a4c2aec12d1b91bbbc1f7b794b4743b6c6b7288a,1,0.9733556876816685,0.02664431231833153
1894,ad7988ba20460ff870946f3c0a9262dedd995c7e50336e0629a96c1f19d4822f7b30e5e5bf71e9259223bbba1c92dbf3a4a26d865ee54a50ca3a485b3565ea06,1,0.9629851194174026,0.03701488058259739
1899,65084081950ea7850063ccd4be32f1f8cde4b1fec28de91f6770151a374c2dcd527a545da7c43af016b9f7dc22e80e4b1b3d24aaf1f637514171edf1c84c3ffc,1,0.7999905921703575,0.2000094078296425
1911,d6176b313483184e42aae1ed972bba9e3a39e9a4d37cc156aae5d0eea6e2379abff2d9f15c27eb0c71b26bd0ccc624915801c37b5f19929ac0e30e08caef9c7c,1,0.9094527398988056,0.0905472601011944
1918,02f04beadfcc0e45d13c6fcc61919a2ba7e503b2d7bf24feeae420f7607c3f3e65dea91039372feb56ac3b6167f8d1cc35863764898e25a668214c7cf1bb4485,1,0.983212981967946,0.016787018032053957
1943,c61302be5ae37c41710e4c8492c6c0665209b4b7a1b5feddcb68c207029d3ca589403de8b677d30050eca2f538449e2f2b8dd338945d0067aa2a2be1dd93b82a,1,0.5230435911927936,0.47695640880720636
1951,d5115df95d9eceaaf6ea1507c34a26d243082c1d79044179b6a597dd1b9e7331b1f82293bdc7bb3cf36919e970aafab2b1b2119d3bdc8474033433d9729fac29,1,0.49639198815836916,0.5036080118416308
1956,ce6e498a1e5e93c77d8411c81b967def725b4418d63bccf2ad389634fcc694516d87e2336bad15cbd9c2632db9ccb032e7764d454e1e540ac998fde548e5ab27,1,0.534865153287929,0.46513484671207095
1968,0e06985dd9c762c15a5e33bdf02d4a566942a9a647e599857b6c4f6e7f25f5f8eca38ea75628d3b0bbcefac4f076c25c8a58de47e4ee0b05e7e7bdf4b7f2d889,1,0.9794110403102477,0.020588959689752273
1973,5d042299a171cca9cb492d58199e047b4e1ad1104b159aed9ac0485d2caa7ec3f6a633f55ab1c8a75f89a00f832b590b591e902b530d9da61f682fac0736c0f9,1,0.6488438876475162,0.3511561123524838
1991,ba160163474fc8fd7931aaba5fd90e2010ba50ad711b66dae7fa584eabb62ae6b1c8b6f3517d3be3e7873003305fb0f37053350a5ef5787885ada4084b4bc95f,1,0.626655385349775,0.37334461465022495
1993,1bad334b8b048996c1cd698c416247cb22bac06c6c41ec2fa347138219e49598e4286f81821c9a7973061de482487759b9ab29224e127e4ad571e7bf40f5b79b,0,0.33706401514243833,0.6629359848575617
2019,7f81ec5909f289e555441fc1c59b284404d850b6dcfaf0712957c7e0d99d003801ef48a548bbfedf580d9b7852439c833dfca0039275cdbfc050ed692b21825d,0,0.5903758048332375,0.4096241951667625
2030,cd90711c5b719c9e9cf0d2630ac75d1da0029b0bd2a2f8fdd0a844e88eceb9a148c27c953d0e941d3a768011f612b2d94b30101a3675047f70323ddcbdac3c4a,1,0.8402842491656104,0.1597157508343896
2032,764b8031ac12b12b774e2853a416249f9990b061c94c48065fb479d62aa3ec9ee040f80834d01afce89d6c5492c29f4ad38407f4b627f7688307a41c5a1a35a5,1,0.8436636206846481,0.15633637931535194
2048,4564a1bb3d664a325924760b16a51ab6b2c5f22da27d51dda736fce6425ff4cc165fe151fdf525e4a6dd4977a3cc907bade871fde41edaca75956956429b6390,1,0.983444781924509,0.016555218075490985
2063,5b4d4cb3edc334ada86fad330b9fc871d98726bb550b943b6670fd066880d9aba42e33e78d9d74a7a6a34d441e33a18da907af47b967d9c894945f87eb46afd4,0,0.14456061229924316,0.8554393877007569
2070,dfa61cf1e18fb2baa3be87ca62c9edfa5e9191a0247d0f240e9461e06fc9c505942ec620a509de45e5062a8849a84b8fdc2485358aaaff304cc65a4965ed9d8d,1,0.47968523746805053,0.5203147625319495
2072,1e176d15229b4866c4fc4e9afe766796615c20e3a6ce969b073c4417c707776f641212a3dd17851d90f675ef05d0447c0c4aff9c9e75bcd5244849e015368105,0,0.9083853028374902,0.0916146971625098
2077,cf91770c0fa79897a87e039296322cb7d4ea7a652000f9df501583530d829d712c00b2d3f198596c8732ecaebbfc4359ed8f07efb4321b44bf1d469f062e37f1,0,0.6242806236384938,0.3757193763615062
2080,2d88bfc89fe37028b6db0790ca99cf0a11402d16b086a01c5f88a1ca6dde762a7298f5dfe66443405ef6aa9185b5e60c95a89966d097d7c6010057f247bb1b2f,1,0.9158336924444161,0.08416630755558385
2083,1daf8ef9682ba28e3ffd5167401d6360cb3b1a36b3f4f7d3196296db15eeb5186d0aae378bf68a0f15a243956e9f4a26b9073b45ecdd3c715a4b928f049aa741,0,0.8513558781203653,0.14864412187963472
2098,b1c88abd3d4533d94bdfc0e301cc2ca31c9b51cb2bc9cf41b887b33b4b3f215ab6f13c6b7d876183f26c113dea9cfca4b198eecaee98e3bf6ebb105d05ffa81d,1,0.963377157173133,0.03662284282686701
2108,5a1f8a5a0840cef7c03a3f84ea355f16940bec967c4f9c52fe748f04f69f2249c6f6ee9275fac827c324f34602c5d1b634f032382f351af6e8e7a058fc4e0e87,1,0.571871629302335,0.42812837069766496
2118,7a75a0ffd682588a28988005511da6cac01f811b10d2cfcda362050f7e078022f58cc9b750c8680065774b086707a2e25e5dfca8fa2638897f717de88b95a16c,1,0.9866940910012305,0.013305908998769489
2154,e1b9d2e894a601fe19531498179af19307dfbe6c00d492047e57064f22dc1b8871e038b41156abd34778d40a5c4369a8b3f99dfcd0e811ee78dba62a4dd80eed,0,0.7719611714964746,0.22803882850352541
2156,46bb339e0003537abfb1cde85f8a3465478d1aa304d1325b600b6874b43671c5b833c70e041d42e2323467170bb302ffaaad6db913ff482e5c7ef560b5ae0121,0,0.5491235911673499,0.4508764088326501
2182,92295f865b0782540cdb0bf74ccc37305ca662d79943b61e9bbc348f0812f850e6e72bdba7f9dac64c3dc66123cccdf4c213dd38a4a52ec84173fcc1e0e0499b,1,0.8681399711532776,0.13186002884672243
2191,d2b57c106abb8e93f96c81bc1f5d64d57cb985af19ac968d2dec7be5b0bc77d10a8640ec2ec40a4933c01a09e19388747f9d2cb9154eeae4c4ab485191151193,1,0.8766451070659302,0.12335489293406976
2196,d766577432265807b906ecb2a92cbfefddda4e23a027862ee96381d404b351fdef786ed7c8789e644ee20547019d1e50e9c3a9a1e98f5a2eda59f8ab52067851,1,0.9404839370195537,0.059516062980446316
2200,ba0b9d800bee36353236f93800f1975ee6a636c9b044d153971715eb71b0f2bbaafcfe5434a40ccb2974479fc39f28953e1fd5a35a2f9d624f7793d93c925b19,1,0.7168220834042416,0.2831779165957584
2202,7743512d4ebc31d8c65255bc54b541e65a82089e1b8d9ab3c25297e8ed0241d13c43867d257a036aa8edfc80c86591b69280a619271a42319e7f24e6924987b3,0,0.8440750882789626,0.1559249117210374
2220,7bad61ef417a9aba76a9cc1f983f29a4c26f60f46dc063918e480f22b842ac4e182d3f8fe8a2a43f5eece84742ffcb8e837a3a11800b1cd71b4a251b2fb8ef76,0,0.943209951014163,0.05679004898583695
2230,c458d26d14e764496d29b123fd1fe83bd9b78be690dc7ec4d49001255f79e2c0a628a3fc4b9f4365a9acf2aa182cf03d8b9277ecc3b05a457c95a10d88f59324,1,0.9265858011794681,0.0734141988205319
2250,04413ddcc7deb7da317821c8cc0d5a4ebd8826a0ef198575f8e47490dc740cdd2461cc1ef84daa23f10fbba2f0ed8af7da06dc3e78635607d82f958d6c872d43,1,0.7109282939272068,0.2890717060727932
2265,878f72be9b9a0ae95587d907ca70fc84e8f4fb4a4ac9475f12bcade842bdf62c0c8a9c61308c6738976c4bd544f4b6818f1885690be62b5c150989ab7a76ba11,0,0.3881431361682931,0.6118568638317069
2268,9d5adec7b5231f46fca6835318985d79cfdc1ef1fccb51c9e5796eb2b8887e9ccd3b25bbdca14c646fbfc42a41c8fd51c69d0f6bbe7fb46c5914d9859e7e9125,1,0.4931259810851369,0.5068740189148631
2274,40ffdb2c90f44f6a46430391c85e90e515e2f0e5ffc0616ccc844343c112350bdd443f3d5912f2ee3b07f20f4573d9255d2bf863cdc2b1b34443e2200cb3e3c1,1,0.749327681682174,0.250672318317826
2306,7cb4ae2f5b23f14acc510c4a735702043cb28bb684d5aeeba1dcc4305272bcd90ff704f7fbdf38738ff7f89f689b38dae3bb25004c5dddd2680b69f8ddcd81bb,1,0.9017310094884904,0.09826899051150961
2311,8e063db552978a0bdf7a609fdd441627bb9c571235f4a840aafd19de8424487601bf25078ced570a07ad8105e6276d532220141370864b31bbee31b518ed7e98,0,0.8921694740489863,0.10783052595101372
2314,9f81d1daaa193e84536072223199b98813496eca0cad0893f6d1da9d60e9d32bdfa43d59dba4ef8769ec74742d84031fa20223e85e6a465f54c22120f260d6f9,1,0.705999445368853,0.29400055463114705
2344,6b2b90308c371b2f55c88022b98996f04a695b629f1af63f01f7e475c7092981a17c0f148ba6d08d7a465c23bbc08c429aad728eae8f9c1aa0cd2cba543f0eb0,0,0.7897436282992005,0.21025637170079947
2367,34e5d1f6a193ebddebb1d7d9103255b994e16587c8bd80ba02e7ebe11661d383172863697a9a5f977d6c14808e24a446f6c2fd9b464d0d2091633452b8be0972,1,0.7949399852307096,0.20506001476929037
2379,e6e005aa57f021b9e3d2adc30ced848e63808aa39373402dfcd38843b1b94279fa7e3acebd28dd08c6ae3c4b07cbf82408dc2f4ee210d1e12b2b909b37dd92cf,1,0.9002515896760255,0.09974841032397452
2400,9779aeccafbb7039f3f0740bacf6eb95b4f080c84921caad782be652de3e446e4e68818f0ff7633251b871620e79e341d50f06b28e754fba8355f640a957a9c5,0,0.21265263533144793,0.787347364668552
2409,3879f5393414133bde1ae121d4a436cb4b23bfe6a318ab4d43e7c0b1a09fa44fdf424d3a770a9dad6f9c89b7767fd0f571a238a256fa9c78d203026ee59c9c0b,1,0.9196889101133242,0.08031108988667579
2420,d026d69bf53bfe092990e7723c3d75ffe793f0c18e5d8b628b819ceabf448d86406b0f5879a323579936530fa9ac8cb39220ecd2d83cfe193cec1d2a13e4cd77,1,0.9772124296339978,0.022787570366002208
2422,87f50f78fbc448d744fd10d048c041c15745c7fc0a75d62f30bb1441821d0e4af83c81c30ed06e985e42abba500afdb2c4aa923b82cb6320939dd116e4ab1cc2,0,0.34258700402813735,0.6574129959718626
2455,98945ae75bee15e3f4eae5ee92253e48d801c524bdfa2492f2f63bab4b412c86938761fcff4068940e247b1b5d5eca25074f7ab4ced4d83f39b07cd261b7838e,1,0.9656440810710707,0.03435591892892931
2456,331d35c6d0d8b92a11caecbcdab206caccf8658401cde68822e112c6bd47a3b4102b9b20edd0700e392ba41d913666fbb960f2673cd96ca73d1f2291a6428695,1,0.5857494220038573,0.41425057799614273
2490,e651814c02fae9c846301d7bc3849dc3471a8c61532d5a426ecf0583a8a3ed265b3950aaf014e1584ab7e13ca36754b3df54b609616cd9fcef6cd6b6475d7e36,0,0.5944319038590624,0.4055680961409376
2494,cebab9e39a673b0176a35f2de77700f05aa35d9524930438414386c2107b8cda16b3edb4cd028ffb5c0e90faddf1be22ccbb8875750c0f3f45126c701f186d10,1,0.7853019074612653,0.21469809253873473
2514,8564aa1756f163987c896ea4e283512fa5caed1068dad7f0424d468d18c50a1942dadff1bf95ad3748100fec29b1a35e5262b9f3ac9920287c06cdc567aab09f,1,0.9842402960545763,0.015759703945423698
2529,ec47e840ca4ec60baeffebcbbd69488bae6d93b06b5aa0d65eaa2cf3772eac8b53bc48ce4fbc22a0f16a46da3ba38ee3b0899ea32f5877a6f4a9c9b11be1f69a,0,0.7173807956738738,0.2826192043261262
2538,ba25aa8fa0fb3bd3ca54873d2c3027b2d9536f2134e56793f4db46ab9bd5919b9451e35900efb5de957df938275cfd2e2e12dd98212bcdd94d96b47c0aec2cac,0,0.36967767599729195,0.630322324002708
2542,44a79e8f60028348a39cf85bf12e6b8d6bc6a1cf9e74a5d9e3b97f8ef853f871c9f0137100e955aa8eab5e8bfcc0dfe411b7123ab08477e04dde6f8c685ef015,0,0.33879286235532263,0.6612071376446773
2560,12f5716e4950769402c6e66fe95a636c16550cae93233f03d81ae295755bf506bfbee102926a015a2428217df4c6b4fdf46561abc030df506bf977ec7a642946,0,0.29624249901590294,0.7037575009840971
2562,bc0d618b5f7484e5867ee78f353ccd94b8773f43902f229fcb7725863cc6b0810597ea9b25dc8080149796fcedc0aae274d4bd47b5e393102968d875bd06d5f9,0,0.09472827032155799,0.905271729678442
2567,603965e780c806d06e03aefcd9ffc393a2db4f275ed37f5f6a6e1d1b2e3116ab7e4c645c17ffa1457b81e4ad78278e35ed872f6fae9abc4cf282667aaca94c3f,1,0.4831971715328745,0.5168028284671256
2574,0f35ea5857e0232e8fda5dc55025ddad9383d7d2aef2e5170197e38595fbd870c69a1e5f260b65d132044e7b429845cc5ca2ae633bc41722db986db0de8bcd72,1,0.9402073735057038,0.059792626494296175
2604,2e54666d40f94b97aaa41f294fe3edf9eda47e2fef2b24eca56c308dc03ef564947315f59511be73426d3af32cd3bad79d6ba583426dfd6bae02f59a5a1d39f1,1,0.7698531575021241,0.23014684249787587
2607,574a3a70c680844054184480550d05ad6bba0dfcb821a13c64322d1e4d229609f66b027b79d236e97be4cfa9e4dc0e85f4ebb9bb5bdb19ce2330fcaa6e0350ac,1,0.31743653996412213,0.6825634600358779
2612,80c0f8f65789fa38899386da931f7e4b1fd858fb59fc45f1c4b54940595773668543d6f8cf255eea6a2cccfd969de9ab5a69b7648ba6ec6e8e0402475d2420af,1,0.6890119740226099,0.31098802597739006
2614,2fa9aa4e1392863b9e7437592edb88a6aeffa6324e9c6e7b91a806e656fa9154a2cfc10a36d7ed96822e3c8357c271a8cb7dacef8d5dedc8f95fea922dff0c4e,1,0.9878709516184492,0.012129048381550822
2619,f23138291abf257fa038a74ca2f0dd5d726e7d47d69928237ee68d90d90a6ff9f29bf308753025a0ab589cfa53933313b3c9cb7fe0624b8d83e4bc5579128b88,1,0.9903001156283894,0.009699884371610623
2648,baa2d621efc9c15ac614bbbd4f092ec417dbf180e7829b27d2b360f7d7bf4cb2d2209808e1981f16a36dc345424f1ccfe0cc96bed5061e5a1dbef6069391b024,1,0.9820791812913254,0.01792081870867457
2728,398e50f88ee62ced0d3595608b9762a52f4e58a3aa67f14312a3a912781f9097e8eac59ecbfe6ed693f82148ab958caf28830d8e24e707c7b2b474fe52605e04,1,0.9842043267468751,0.01579567325312492
2731,b307a3e92d8affc849b87a422b1c4a245a5a18bb7f35672403b8cdea5feca89342f4155eb1a8e64055a9b40156163d98fd8bdf0d77a5485f6dc6fbb370b7dc2c,0,0.18856289208176655,0.8114371079182334
2736,d7d4dfa50732b7de51645b73375621d89e0af16859020986b1e0b7c48a5a24bcf2477a952cb6bc49d9c47b8fef2870653cbf8115dd652ea378788ef332ecbaa3,1,0.9130110822827988,0.08698891771720119
2749,1969c5df430fcb3cfe9ec7a8fb1cfcbe461d1f727ed8c29524bd80a7864fc7a7cfb5dd3f1b988622e26c1af8022d4e739d25ef600f4b82aaca0908e5814385b1,1,0.7074181402314562,0.2925818597685438
2752,3a63779956ca0751d67a900690a4119b86f16e93685e9868085b0dc59f66f69893b4014e6fca71ec43aac39d3dff52c13b39fa3410461a20b90f1545822a0fe4,0,0.6238637509159766,0.37613624908402343
2753,537b127777fa7694c61fbe9744682afefb52b394b607d55a65d3a6ec0f2dacd228f9d9b5b72975c6b16640e3213784a6b3f0b0e877be3ea40568e9dc5eac1b5f,1,0.7626076282946613,0.23739237170533867
2762,ac216de4e6b18a8b33f23751c4371fcd0d7eaa368c8d97bf32ec03865c1fe9fe6f04d68782d9b69bd11912c11a30eff48d810e9fa919a76a1668a6f9648492fa,1,0.8213183109527201,0.17868168904727988
2768,960e187f5b9a0aad7a3bca88cc46f4a6ba6a3153c6fc58d6d4d6f52783626dcf915a3035f521578f06b324541085ad0edd96e26bd5a7f6da9bea371f166b6779,0,0.5895163587015748,0.4104836412984252
2782,83343ff95998bb6d7bacdb6694dd7b410334fa82701a970b37b257e4f91359646f0710023b21dfdde32a32836603ba852a93b81ca28246bb3ac40a9ee1035e03,0,0.9210481918364455,0.07895180816355452
2798,519251912090f4ca8b5380c8f70ee45bd516470c91454d835b54c0757c38646e8797975c1c3d1cb6aaa917a215d954553264737eef2c20cff36fa154362f28d2,1,0.9289132262656055,0.07108677373439454
2805,fec316c15ff38623fa7bdc288637ff74e48c3f7ffaeb248660861437f3c2148eba6fd4136a2a4c34702297dc151d8383a70c96e942c6870ee0c5f094cf8fe2d9,1,0.9891282266818212,0.01087177331817879
2829,4c6a7556f0b3bf4a3fe10ecdf4a2018618ff3f7f890d5717b3b5a9632e0965b25def46d08ac7e08bacf97b7a3af99c689ae8cc354ecbb5b470dfa522c4a59fbb,1,0.36481315434702416,0.6351868456529759
2842,9ad35fc7080320011c43c128a769f94c8b33bb4e5f3e23aae143fbad43160d80dbaf3f4734dab7139bd08f0dd087770a5e57962bcf44c0b9d1efdace29720087,0,0.6863546313686879,0.3136453686313121
2844,056a7970edc65b52deda0b4db85469571be807af8d666f0b8ab3dbeb2229018b2b02b40a4d84edb60570e4505d4e963c88bac1b8de95c68477905c2ff11dae53,1,0.6089369461259846,0.3910630538740154
2855,ce32ae2e0f1c4f6d4f25765ae9943421cb7f60c6458a9cb6604ab00e01790e49651c65d1c479ce1091da21850b8ea7ec67d94cee8d2f6bee92387e0eea817b59,1,0.3689454419624548,0.6310545580375452
2870,6eab67d24ab7c076e158637f271ea508f744c0dd0bbdc3797a9c8353e5b0f7aa6e6d29978b49b63744dcffbb59cb505c8ea6ca40ed2c206996b399d72de7f111,0,0.6170045045982734,0.3829954954017266
2884,b55611073a04c499a719207fd1dc984646af51c955fea5270f2b6e414e7e60d04b4cbf7aaa21b7fbca90c5b4e8fffede78f49ad88b452378346537c5163b72f7,1,0.8735556190702471,0.12644438092975285
2887,a8c176d01e5eb0a273a70bfe86293970d3d0d9e7c35d04325802f39ae6eddb54989cc194ac25ee6c9fa8d3f0912c342b9346d5b24799c8970aac7917494eba50,0,0.15127810373579204,0.848721896264208
2898,f9faecabf27bce4a026312f1e0ff94f686f646cfa23d001621d6ca84a926bfeb95cfb4821b937c2900ddb16a31b3311e67a08e36d9fadb460040fcfcda44026f,1,0.9626212823495461,0.03737871765045386
2909,a76da788e963be40d8f0d1531b31ffd5d839f1b5ba75a837606b3456ff02553ea84b2d8af573743e6975be0cd2ae33123248ee96905fa6d0eab77c3cdd772264,1,0.9433012469678658,0.05669875303213423
2915,cadc17e628b7aba036932dcb8fd632cc22f148e1b77c849eaaaf2a56e348e4ee405c88318587845074649a787a19dd7d5e55971155b73d62d2582909ce5bc402,1,0.7385439038415834,0.2614560961584166
2923,f09439842e47152987f4bc221f41d9855fb3e224de3cdf63e3bab4828f8fba95cb31cca6b5e0a304db8fe11a526c560fdd1bcab6d4df80946224779a2648bcfe,1,0.6069570952376432,0.3930429047623568
2937,0ee7e0d01e572e610dee970e6e33cb00dec1e520e1d7f7be97bbcc21c99f9b9eff0f094eb2a6d5be88d0b17950bbd42e31e29dd7f6ca54e875c8b7ae072947d8,1,0.9167942602083126,0.08320573979168744
2940,f2770b8f1acd8de518d3d131d245d7f90c4125296b70f738a039468c6375c422cf036633347d08b7f18628b501d6ac8d997e6bc119037c79a686ae5e4f7b4fc0,0,0.5896140913520149,0.4103859086479851
2942,cf30f9571bc72a4c78b1874a6f48581e69c0d116f601171f8b7b8adf7dbcaa4b5a6de67fd491e387a92e0db7912e86234db732e7086450e051cf7edaa77029dc,0,0.4422827401502815,0.5577172598497184
2947,da804c9da42c4aeecc12de1f78f0956ba0fc24113b6f22c2431046e58b05ac9d66a3276d0c765da11549f0309ecb96fe09de694dcb6438976f59a10108ac4a5f,1,0.9616507208146544,0.038349279185345586
2952,b8e1f42f960295e0aadac1d9e4be995ea2d3569c3eb74c5f3d6bbe1b08c89ce02456e717a0f38c343bb7c25d5dc713ed4c763e6207303481ed293edd8b3c882c,1,0.9722920726119915,0.027707927388008535
2969,97ceba6c75fa0c7d973ca332576a817d884084d16d92763b0cb479614af864238ef369ff5acb54b9c47ec15524e22d7654819f234da4a4960e8b3ac400f6cb4d,0,0.6220223846566283,0.3779776153433717
2981,5bd996f5ad8431a6956582131d13a01c147c27650e30c660b0399153de01953f302d6f1f92a841ab35715b21fb73a6e1a7cfaff7b741070d3114ed9ad432a919,1,0.7234559002059284,0.2765440997940716
3006,77bf7389b1312c8e280c22eeefb6f664fd1403eb30ae7ffe7a799472a4d04b984cf58824bf022e577cdcf70655701c134959f0249ac7c0a67027a2e3a02e8137,0,0.1934691347575111,0.806530865242489
3008,5f83be463fd8715c03387c2ec29b25bd3ca321e46b88ddcf305a80e801890bf12ca5db4f149f96b6b87147b284664e34844a23d5e8a9b7cce2f1fb49c7081af0,1,0.9708871617213034,0.029112838278696596
3010,26c01541295c800155698dfae36832480b062c7678bc37417b36c708afdce1f4b04136b3eaf2e4d45a1f2d3ae77ceb0e82ceda181e093ef8704bb9a3f0b141a9,0,0.3103521827151342,0.6896478172848658
3032,c0bf479f27bf84ec2b6b685b61936412cdfd0b93311c439ecfdcfe066650a0c7e202f63634adc5e0de1422e3b27f511bfc9fc5195dc18b63a86c8a88203dbcae,1,0.9686625699057854,0.031337430094214636
3053,d956caea88f9939bd307967cc8dd0eab7c9d9fff305ce9b1ae81c1fd75a2838472789840666892c38ea35a5150e4465abb9b201139df0aff3949e10ea41ffc39,0,0.6301164253306546,0.3698835746693454
3092,96ddd74fc9492d95f6c9f5695730e7aeb7f7b231762652282e9aeb84c025366c64007fec1a807d9c0124744b38158e423bc74e0cc9377ce88ccb2c33b7781db3,0,0.3130302831593033,0.6869697168406967
3099,1f3e67a73cf0015cb55f58d695561f0bafebe66f59f6b36eedad80bd4a4b847a4100e9bb487232a80627920554c41bfd4cc966c7cf9d31f8accd3cc81ba6d7e9,1,0.8345999245391467,0.16540007546085334
3105,dafe860432d7b9768f8d8580aaa3db1e2e30033d39162d033ea4e203834703c5d950d3c92f83dec0bc626fcb1a4d8e345dd25e3712f8b137c8a56c5d49040377,1,0.9372000945330365,0.06279990546696346
3107,cfd831c31555068189652d55d497e5fd496735b714ea3d9ebc46b0a758fe2effa94e89067594cac30781eb4ab6ca63a589f3d17edfd1031d19063902bb65cf5f,1,0.6792918699713877,0.3207081300286123
3117,47376a028d84aca057cb64acf0cae73cefa5a9fa7e445bf7cb25d55cd1dbf4ddd23d06f888492fc1d851b2cd6d23661dccc00b7b17297fa3705f8a23c33e8ddb,1,0.9856304154292389,0.014369584570761096
3124,3c8b2cf663a645a21ed78c3b1ea31b2976f12c03b25d71b694a854836ef7aae90f196c7ed9a805775cb67c81ac623fce81f7b45be3febce0d228323346b64a18,1,0.8966937433440593,0.10330625665594073
3125,c0683c79ae4047fbb4b83ab53e61396088f9704f47e793bc8d5d35dac62063939faaf2aa24ea2d857bfb363311d0f7355d42b270094bd459347588036dd870fb,1,0.7971648998748333,0.2028351001251667
3157,93facb00901a72a8065453bf3584639374a65462889fdc80386e9ab21ba08e057adb77d0c96c4f05b82f038bc173a4483a178569434d40a8e5baf3e4d339ee6e,1,0.9842602831535215,0.015739716846478458
3159,a632cf278933693656a4befd68f387fdd33baa27cb6959893e88e5d4ea7e88299690ff8c7f317eb69136f6305017b935a806de5790391fc28d1f2ff01f12c8ca,0,0.3431064885112363,0.6568935114887637
3162,506d5aeee75c14310f44dc182f34cf540f4f2f66461c2141939727f8ac76824a083c983d78279e9253b4100fb954a132d0c7b070b9425b8f286f938fc4956264,0,0.25388445818775646,0.7461155418122436
3164,fbdad26d2a5aef8186a3a90055a65264b1cb3f49e91823fc1c0c884a5d19e86dd01e25f0b92be9e95a98ffeee88862217742b319aa95c0bb009ece4ef65d61c1,1,0.2916854543919204,0.7083145456080796
3199,5136e1c758c7b86ab6684b73c434b8b7083170e02574751dfbce26ee7a35ca4230ad3b3361d957bcf775f9b9bbf2a85307abcb7e1ca93b20db20a302b70fb990,1,0.985002625331018,0.014997374668981989
3203,49ec8dea834ee8cad7ba46d4e03730bd9927a140bb2bf7971864e10bfb5073f3b3c5f0a19ce37990201ffd3f4f7132f37fc791af1c7c281e2a4c00a42ac446dd,1,0.9899002877847064,0.0100997122152936
3207,17727e1a69555b48e3d48ff28316e613ef8da50c5528fb0fec864cfe830b314e491f432bc0e9b2b64018dfce23f82274ee7884c37ea35d0aef40ee51b407074d,1,0.942092096847933,0.05790790315206695
3220,261e3eb36f136a7ddb202055bea8e25f36c84fb8c449d5dbc324a728e94f3efd2fe247e49ee22adbf7748c89b5e416c344cfc7dedb09295542d31ff49fe99c75,0,0.5735920336120732,0.4264079663879268
3239,43b27ac248312b7dff9b607a59588e148a7a3120a29ec423217278ec54bf8dbb72df5cf6d1924cc74177380457cab0319a128099c7157293e2cecd74f6bce2e4,1,0.9297245158238489,0.07027548417615115
3242,af83dc8647a5acd729e5db7cd219dfd4cf6dc6b13f730f3aed7c2a8ea05b3ea0a79bd7abd3bc63531f32dc24e37d9c6f634ccbaed6954e8ede673198d1f54d8d,1,0.21745154110770742,0.7825484588922926
3245,309adaf5452ab0df10b8bc55fc5ae0104ec2a14d1fdeb8989dd773ffbfb0170f4ca1c2ac9603c184ac12aa4fb40dfe7dc81099b38ac05553cb834d4345757406,1,0.7912313313833845,0.20876866861661547
3265,703f5b223e8aedcd6108a6a5ba0b71320679cfaba91631b33e52ecd033aa45934a68685f43571b69083405e473ab5c2c8b19be535e0ce2776d8206c63f629336,1,0.41877396710823456,0.5812260328917654
3269,712e0a76611a98942b7fda5df6c69308b61b4f324f2308ec9097b6f36f84b32be0f85d10607ea946671d0a166a4b4794a464475f651db08107121440734b93e6,0,0.6530424066673134,0.3469575933326866
3286,4080658378538905e0e9a7178bff0b3082845fcd715146bbdb624242364e76f855a7d0d87e604b35456c0e62cc22e8f91020be030b9b49a810ea70e7b56b60ef,0,0.4403779404252395,0.5596220595747605
3292,0d0cc257f38a52a79b2ad14e1247108b40f6a643f81ec50c7fd3917d51f28d7d188fcf4a8caf123e5b51e0cb4ee6f2c5a7cbcb1c6dc35e7310483333a9c6cb9f,1,0.9744517959949635,0.025548204005036546
3293,28c605143189366c962e41c55065a369318f6d577bd08fad3d1526c91b0217215346eb9277c3c0e9c428d0dc089d1f8baa27d8b49a2d647e0ee37a122fb55a99,1,0.9060317383381651,0.09396826166183492
3305,c4d88d3ff1f8d8c0eea31a5ba8e102e34cacfbaa79e04f10e3e94f166fb38e938fd47c85646480b44f660f8127d0e0b94a456d44a821c08528ae5384f6b082d6,1,0.707968321916859,0.292031678083141
3308,482ce15d64c36befc3a12c2ad97a673933ca4601aa50f9fb34b87a577f50aae820b9bacee5ff244ce35ce8a1be4dd1595ed6ef8ee559524fdebc3c91fd399dd1,1,0.9667962775383192,0.033203722461680796
3311,22d5e2f907b4f751f8e73c20fb49073a4dae464b9f3a73dc702cb2f263646e7a659214cd4ff63e05951126a2f5b803c42185c5c158daa34b16409bdc07069da8,0,0.5842628342696655,0.4157371657303345
3337,af86b5134440a3eb753e1c8886bb14e5e2fb5fcc7d27254b8158ab6bde635a139a1c494f61936fb4cc890d17f32e127e3fde7aefd30820a5181da48ed41e29e0,0,0.8413702653858532,0.15862973461414676
3342,c23c8faf4c205c44b28afa408e330e17653d669fac7eacb216a92b0fc0644154b86c35103b0c7bbe7d50741c3075b98b06f2309d83d889a41767ca28d080b536,0,0.414876312453329,0.585123687546671
3352,371389a43fa19796b25a7e8a8dd59f5726cb621ab3499c15f5065b7c28d417b7c92c0d1d8a31f4ce11417b2dcf9743601e0e96253d8178377a9ba7de89184c74,0,0.7183492241329676,0.28165077586703235
3360,e5af7e5d0d44ade47b0ecb5aeadbdfa653aa95e47b4ac704f3ae62f0f21ace6b79c5f16edf673b677bae3bc03526c8a806619a0c685120e5d2106991b2af0343,1,0.9387778657940378,0.06122213420596223
3369,ca5bbc646df6e012cb0d8208b72824b68b4f3c12704f56cf77671ddf7e0a4923e4008b5ec818f48cde9a48c3597deb65d6d858111f68d437dd52e9faedb7a31c,0,0.46408142902524113,0.5359185709747589
3376,0075f9bc6a69f503b2789fd2c6a58393a59469e876620ab3a6749eca0cb0bb66e659198c43b4a6bf1aaf56a2b956bb1682ea519e94c59d5843472aa064863599,1,0.9647440625050641,0.03525593749493594
3381,82265a8392742958b8245b80918cf0113234ccdbe89017a936dcb23dc7d2c1c298ecf482f9f71a759366b12ed2d26136b1e7e40711e0bf43c464c9c7d00f08c7,1,0.9001116521593444,0.09988834784065559
3390,592b44520bca65c7854c83b578e67492defff391afc4edfa15a655031b78f0a22b496e67946456b33563340dd48f7861c035420b251c058e5733fe8c3946cd3c,1,0.9698626826412016,0.030137317358798432
3411,ae72b46fd6ad8e124aef95eafbbbc232cd28eb46350eb8de4f2fe0b884d014f566b5751d8a6e8ea4d50c44d57ccc6ed2c4630bb43126b770fd0bcfada7c80a32,0,0.7407523714218047,0.2592476285781953
3432,12c5bd33a4ea34f8e0c31205a245384f2f636127c8514606cc14df33f8dcaf1d2a60a6efb4a2f4266a64c6fd740c9f7019eff91e587e0ed11d0b79fce86005ed,1,0.6844692883487976,0.3155307116512024
3437,fe11a1e173f514b4a2f39f862fa6011765f211875de16b22ea31daf4572c1178ef7272a21b78367708a39c019482f44d970300b6458c527044b70d2b038bf420,1,0.6200072701065545,0.37999272989344546
3439,d403e634df586a9b85a1044bb8a23b613e2edf94e309d8be35f905cdaab2c458e04eb613f90481c72b7399f9f0c97fe6d61d707489d3af7fd19c99f8d569f822,1,0.5042729422025224,0.4957270577974776
3447,7eb8cf13c153e24d1cf1a577d38a434dd52224c33a42d07613f0c9c0263e97a3d2230cccf3213ad07e81cbebd5c8017e4d6fcae90acf7c9980927c2fb6b6094e,1,0.45630966902247555,0.5436903309775245
3478,30bae072f00853b01f5690aa9cdb7ccd3c11f7965d757999c23d0a273b074520b7a855c47f4bf032974e3b4fd02b7e8e79a50889926b105313b0b8425529d5a1,1,0.9226860286180122,0.07731397138198781
3483,fecd30a38938eb840bd8f1553f3297c288347a4576b8ab83eaa0393d496377ef95c7d17ad2391df5d873b241e27621c42ec833f2d05a84a02af79fc9fdb7064a,0,0.19551266594464653,0.8044873340553534
3487,337890c7859fedd8214c932be0ed473ca1888f9ce87a4b23346c63b4a7a02b8e63caf674b95ba6a0cdd812207ce37b8ea72fa4cf2768f1377da7b3ce5d3dbd7f,1,0.9579441969844358,0.04205580301556422
3490,2babcf9e9657b458f31dc43d915614099ba3af8f308e1c25ff430df6a15f8ba9fc1f4d6df0244c8ad33fba08b1b0bdf1ca71468a6ab31178a464d099ff0614c3,1,0.7694525411243863,0.23054745887561368
3496,8b6053a5c722fddb8980dac9fe7c582e03bbcbd3430736ae6eb14dc293965e24807e01a3965011ee80043d8662c0df9d7b2b08ed34885e9164c7bf503a3d32f2,1,0.8055429565785538,0.1944570434214462
3499,261515852313ccd04d807a819b12cb876ed9ed15569cd3163bd91e86901bc2c266c2a3a89756f3c1c80f3d09947f88913f450a27eeee9696b59b91f3052dbf73,1,0.9682349708889018,0.03176502911109824
3502,dcde0d800a3e75bf2a5ab2dbdec06ec0760aba7249d83c8d2a57bb15a236fe4c734a72e5589606bf4c3a7c9c5b9850696b74d2b31a3bbdf5a3555a54bccb87c0,1,0.9891710944964393,0.010828905503560748
3529,fd7e11d6272d153de7250aea9d10594f5d520eaaa9ef78c870e90c2edeeef5fe576989defb36f7952dd9c838cc54fbce4bf99aa8afc3b1e118d21127c333022c,0,0.6984530868813431,0.3015469131186569
3531,2c84cc8976d851107695a88e4c5a0165b86f28af5fbbe25e2c8ed9b04edf996f03a86a7a5a53fe933903b2c6e9bfa91897dc871fe6600d08ab164cb2fda81462,0,0.4936342717101736,0.5063657282898264
3538,09f8e88b06e30a0fe980b0f4f8f3a319cb7925ac5ecfd95c0080eee89e47927bae4a2f19a9b3928ec7dbf182d3e51a6082b5ee9f136c9f1ca9e1407b7761b3f2,0,0.17479770825121316,0.8252022917487869
3547,f84f633b01f9da4cd8b510b39affd84a770c666f01dc69979f7cd64d62b89b0f7fcd2cb34d49d35b2e2fea314de11ab6e393f3a59d6b6a99b4027c130e2d8062,0,0.6902814574540923,0.3097185425459077
3578,a53002c4fd30f3efee6e2e382eb4a6bcc905406c75abbb5e1dac6637652f13eeb3e3beb1549bee0de9fd77bdb50cf0f250f10a693856793fc609b4177a2ac380,0,0.6649431593361492,0.3350568406638508
3605,8c121051d2e41d50629763f6ada7be0a993097714f33ff3055dac7511d10b196b0b9bdc609d835f9cc3d06b69ccff96b7d685c9517bc45568540315c16ee0777,1,0.6922821687061655,0.30771783129383445
3632,4819078be19dac6672a0b96737cd5b392ed793a1d350f90c80c00d108927294bf19c94d60c8dae6441fe11f423aa73205c7e00495bb24fec5db0f0f9fbb3b65a,0,0.5227699030706586,0.4772300969293414
3644,d2e1b02ff3d90430bdb2c430c30f937461d830ceab76edeaf3bd4331ccde9d5f4b4f623e1b2849d4cec4f539748ed206c869ff2cb28fb84a3464f9bde1fdbb07,1,0.852809426811216,0.14719057318878404
3658,10c950897cec928f7f7851d03e039f141c3e3ce40aa248570a8def5dcdbbce51efb4ace5033d01ccdaa5f9ffedffe0099e1a3b15d4bad1d9bfa2b9f279fc7742,0,0.6820599041072715,0.31794009589272854
3661,d0df26c25d998a42e2e8bceb815d2051d6ecd0f18b07cc0ddb9da125cb994aa999104d29de35f5685ecdd5e4ef8c1759ea08f1d8c2d53925b452a107a7d79737,1,0.741451857623123,0.25854814237687695
3678,0dbbfaf55e2dcd949a4385fa85c832f2818ee745f6f5232d89b3eb3486d922e9373c25b47c13163a03884f8b343643790feabd3a6aa5a305855a40d7816f061a,1,0.9706803897362446,0.029319610263755402
3699,2d28c3260b722421abce6f6f808eca50cb06e29593a58eac35d03e27f92864a1953f5f2dc5546aca71aa8aac69c49ca01b3475b9c93969780aa35f246fa529b9,1,0.9696781706168021,0.03032182938319794
3727,acbcefd301ecda75cb05124bf0c50fb04e98c7f29367f6670b5d2992730ab9bc7a5f128e34049cc0d568f4a11e7279815794a685a12565d42c571e06f48d3b3e,1,0.5449378352880213,0.4550621647119787
3734,e0285d30d8291f71c0e4bb300425c7cf63184b8149a8055a8931f9b6e060f3c4045d29f99695373c4aaec06e5371533109a199cba9b465dab5c4b77c5f0da337,1,0.43757864465646046,0.5624213553435395
3735,fb375b1a48473344cf565fb34256af3760364e3829b9741f202105c14464d87a5384a58dca6ef28647b4c950f6d56375b29a35e80717c34c6388a30fdfbdee6b,1,0.9827780141864917,0.01722198581350831
3747,b02ec1d0ef720fa75627c708c4ed97411b378b997faa5b581e8fae2efd11eecad354bae6f261be7b2964e838fb7090596b03a8c432f7452775a90d64e50035f7,1,0.6642782583996523,0.33572174160034773
3786,f76979f113ea62a2e6189fbfe9c5a41b98564d8c0b86847203df230c75121580db7fc4159670c782118f806ed99c40eccbf286d2648ba8a63c3af7ce9ff4ffc8,1,0.8078339479952169,0.1921660520047831
3795,1eb6b9ee933e84d5148409ef217deeef8324ce3b64663b2cd55446b0a8852c3f9ada12ff2c982bb669f8e5253f65a97c872e9a13d016a63be70fa37df1c4dffe,0,0.4229508116176057,0.5770491883823943
3800,fdb06065f9438a493741f1e0758b59087035eb646b91e18b44fe8d3b8ae0e48e90b531be850e4043051e4f126c663beb9ce7c7ba865acc6ca440b067d395b980,1,0.9222967698276346,0.07770323017236536
3812,871ffd72619ba011249043708ff7bef6d766c883f03a96be8a2bf099bb9f2c5bb51f65cb9971763ded5cd1abc068a7da8177b18e4f73b928bc9f83b7ef4aa574,1,0.9085859318100363,0.09141406818996367
3826,8e5d65f792c5e9db2024283f903d1f45799940a28df096b6d04fab62ed4b512108cb4a29dec0a0243e0a77aa3837da96a2cf863e86a3a057d27684187f6e48f1,1,0.9817987770439847,0.01820122295601534
3831,706fbbc832d8a5b0048095fbcf8e194787fe230d2038024fb5019809f826ff438686bb06a56dfdd3a8793231b4bd54ca587cfa9508b07cc35367d09b10ddb8f0,1,0.9804526724658751,0.019547327534124914
3847,6e73fa08c0ee91aad1ab20087739c4546adff1bedfce7e4ea968511c50e926a8e1b6cee139a08e78e0d349655e8588de3c063ac9a11649e8987d85e7560d49ee,1,0.9286089123127106,0.07139108768728941
3859,d840cd55fff0934d9881425d2de2358d085621d61afd2dd674541641e7f49399563dc54d66e6a16a5fddb0108e3b01f3ad7e02967df6d0e49eb5b599499e146d,0,0.7096743846953464,0.2903256153046536
3865,b229a628b816c49f51d909ce90d8e03876ba970f4b14f0b00396ea8e44b4180af719add7d1d521cfc7df80b88ba8dd7cc6ea9ba2f6485eb52d098bea7a4a57fe,1,0.9231237616035446,0.07687623839645541
3885,553a1915cea11cda256bfe61b54e77338e5c87caff0afc5ed09293f7a29c8eb5169bf6bff74ad32ba81afc6fac0b240554e888446fd1ede6c9c03483813e2aa4,0,0.357429281547156,0.642570718452844
3890,71215c3ca8452f9019ff1800f7b242cd72cd3410bb2e95f3617685bb52b85a941568629db86645c7a481398e511f08b8d12c36a81ecf2e45cc95a0c28a205336,1,0.9612788294121728,0.0387211705878272
3930,ad14780f638a668afaae9bd6b4a85416294089ee84a790a16945012eb55608e00f73563286c8bd91151881e8a849214d3f4d2da6ceca5e1c411933a96ade4e7e,1,0.9609900969141814,0.03900990308581864
3947,3d8fa638dd1863a8b4a4c220c26f4b5c9c3d9839517356d791319fcef338bcdac1e43acfd632f34abd28e84211360da320d7e55760a68a4fbc39b88ae0340a84,1,0.9579589349172187,0.04204106508278127
3976,a86ea0a4e4e45a05cb4cd17f2ff697f1c65c75bad14d937a6f2393b5c8ab1292ce836c0eb927bf47e2a1d456e249bdefeb023d493d919515fa3adc01579eeee7,1,0.9940611428170664,0.005938857182933632
3995,05ab686307cff0043214de6a8959f2a5d9cf55dda94595f321d218ccba192e7f146c417389808732b493bda2f18edc0dc23751785b1525d9f2fef2a45908b79a,1,0.9637511943949562,0.03624880560504384
4005,61157b5fa68b31e8f45a22f952e21e1180ea2bded289064a607f2e3936b28089c9cd5febc9809d987896247602331c44b0e0a66e000e8c2d5948df5e2be49c41,0,0.33863784459468516,0.6613621554053148
4011,e551b170142f269cc39acebfaac834b8ce1df3be87cc1f0a1d4c54b2114a9aff36067ff5dbd72d00efb4e9d97e301d5fd92b383d9a770d2bcc37d7ea0d70ffdd,0,0.4653214350766586,0.5346785649233414
4015,69f4bb2322e38386a343f983eb52cc6734e9aad88ff994b6541babf5d65d05599af4fcb6ddf1ac06ce90ef47d28e7b4d0e267c34bebc64e6e7a680bc36de9bfe,1,0.6428698161109656,0.3571301838890344
4016,335f051312f8e303e9826a3f6c3ddf3532c9bc32355974c0cd3760ad7f8e3041910898381f0d785494340c020f79818174daecb7b06e4bab048ae0d6aa8385d0,1,0.973496269294204,0.026503730705796036
4031,96acdd876e55bc9fe92485c65a029197ca56161433f19b119d51d86ac0a66eeab602dd2342c98e53837c6dc104f16dd3b2722c3690687e6a26acb20c22cf89c1,0,0.80593246325435,0.19406753674565003
4048,6adfd2d987228fb7fe3ca408953ae2745d6cafdaf28e6fc2b76c20bc7856233229cf6e68df5c7fe5a03c6f45b924f42c1706c6c801405f07b1f4c58f8b20b7d6,0,0.11950193244156894,0.8804980675584311
4050,cf7496c9fb727260a6833a2c2e0bb37a474d2c935c54eb45527bd9d9f2b55de1d0215ab6b81554fbdbbd7e40d96c79d00d5c39e342f21386a2a6974a9cb54e46,1,0.95987774927598,0.04012225072401998
4053,aa4858cafbefbe77cc8451b7bddb5b91917c194ebe5921184554f4023e2edccf15ae7b060bdc26a77068f924019f792e9e694483b45ba3c446436d68a7e9ffa4,0,0.5959653364694758,0.4040346635305242
4057,b8dc66c21136746f98796405ab1ac9adb26a0e6123d1081f866002e60c9f47fd26fb414d9dc74758d58f8fbec0293cb47a485ff24fd5e44251dc73f13d406a3b,1,0.9641868342722444,0.035813165727755614
4058,094263aa69a8d2d3cfd39ae80f781fc298211527b51ee3a8f72c8c7d726a09242f72d768df3ce3df7e294428c9dc9761c2218c0777842444eeb5bdd77a8548ce,1,0.8175966602824543,0.18240333971754574
4061,6eb586b8e227145d616f48bac3388c6d2e5b43710a979d8c6596a23967358fcff3ba292cbac5ad9bf68b360c425ecefc58685ba2b2370e101fbdaed778df18ea,0,0.5924886408985843,0.40751135910141567
4067,af0a9ea9c06fedf34a16a2f84a69075fd998e32875d52a9a9e8c480c65f01d8f0a20a097b35733341ab6764ae55e435e95337e3b58cb0fb90d4141aa3e8b3d58,0,0.2795917993996037,0.7204082006003962
4071,10916f855a89e5032d18acceb198542b5bb858af9481ff7571561b4270b174df133754ebcd695a490e22afa09b34e70efdbe30b79d8e54eec6c71958e154a73b,0,0.1519631306999451,0.8480368693000548
4073,400c168a858311630035c0dbdfe6eaedab12057a320efa1cdd14a251dc8682e5078c983a1880623f61f3aad12212d1572c930fd4b97fcff684ea2595a88b843e,1,0.6736088633883403,0.32639113661165975
4090,85f53ea462d7974bea5d9696a76b5789de04389f49bd28b36935ebad3e4a8a37fc24c19db03ad502e8ea57571e68f8fe8075feb3203693f6a93dc2ce330c6bef,1,0.7780102578396878,0.2219897421603122
4107,052ac333959ffc9bb5e939d64c4bfe1131264ce1e91ece9e6b61c1cc7d49724a30b5fdbd94d049e57d9bfc7f5b596056c8a5a29039d43e4a37c126b1e0a1a9c3,0,0.5757292266882252,0.42427077331177476
4121,d3892e0552f091986a5fc1ef8669bbb9bebe68d6eda0f7cc06d906f7cc4fa7803d73e9abb8c8b158f0cc4ec209af783c37ee23488741e9d5e51bd780bf24c05b,0,0.20238512988273247,0.7976148701172675
4123,0703a2066bb99438356044ff34317394ff731cc5413da52eb5a7a9748cdf3a7d994c4d6300a357b1fdf07cc4ed4a3a47fdfdaceab87cb443286ea977ce704f1d,0,0.30525387796980424,0.6947461220301958
4126,2dba1b14337b92149715744915444c32fab824c7f1fe2390b98c672ca27d490c269f47c32452c334e53aef846a637567344174ad1fe07d9e44b976e21e9c6735,1,0.5757292266882252,0.42427077331177476
4216,4d18713a6a3947bd33371fb276139be0802a87d2bc9c0c50dde3ca5fa2fb10f3154b274d6fbc26677154c8beb425f8bb66d9c9e70b50491a5ccab7a6b7149ecf,0,0.3357322719489401,0.6642677280510598
4218,1280a5b0ae8d42ef803129d2408e261f9a6fd4acdd9305a7bf0382ce36257df03e4b4b7d957476d9c745f0616277f0b7e4694af6cba1dfeac880233f73653c7d,1,0.7083775116327015,0.29162248836729854
4232,a28043587478f2df8e1d0487104529875dc1d834fc6cb64449c9370a8d0631587b6baf91c586202f1b893b6a7af735ef2cd59f42dd472626486a76a7f2530a49,1,0.727433168922577,0.27256683107742297
4245,7bb19afe4bc547bfb480fab5b3d7a7ea85daaceb7858c58fb9bccdd94073428b04bac3838bec360e8e494ef29fef7e4e3bf64a0199aa94d46ac5e049703f55d2,1,0.9430459118453786,0.05695408815462144
4248,3cd940b2651f27b679bc84dedebb2abcab775ac7610a53ab5e555273e6db916d04d2955b07eaa5944dd1e326f40230ba2f78e552a5d97369b78f620bb4a0eef2,1,0.9435162641821286,0.05648373581787136
4267,0e9c0fc6cb9a1a37cb00accb910957ad8ee6028c1797c171878c862971cc6d451dc3a5efdfcd08fdfe6768e61bd4e13f298decb783543df4444a727ec67d5c15,1,0.9602430418717885,0.03975695812821145
4269,3109b201eb3259b6fa1b1ef118bdb12425a707efc00ecc3002172b1f7dc035e6d9ee45cebedf10f1d94fc070c528dfec6fc153817834aef08c200e6769c00c38,1,0.7607474884982907,0.23925251150170934
4274,7c7664764af07cb52ac46e4e54213a04b6389bf544207a0aaa0624fd1e822cd23bf22cbd39a6637c1a3a4868d63a7fa9538e7d47c8ab00a5638438516a53ec25,0,0.595264441875395,0.40473555812460504
4275,cfd8233755c3b44ea5fac3bb3a11c9f5f5ca91ba29c5e0520a901995178974bfc0a6e1541a55c4d79a2a9fa57dd5db1481aa3e950780ed9107aaaecc10481706,1,0.7753623852152008,0.22463761478479916
4279,beb9ecc22bc5946cef0116e3e4ca8187816c7b140ecc3626a3d2db7f49f66dc4d00b9c06401e239becb63a662700bed2a2daf012b378258f8ab14abd485ec015,0,0.24444540723646221,0.7555545927635378
4292,2f2f3cdf70433bdb87a63627c462965b48a2a9ca110f8c0435d1b47de95a88eb7ec9bc8db65fd9a60dceaf4fadec0827ca3e90dfc796c19d09972b42ad51d52d,1,0.910258601191912,0.08974139880808796
4306,3683d23bb39c46af178986146b5d77e4625b74a2af98fdf20b1fd43a7e426856378568452904f611dd0ab1457acef313d0c07b2b98d03f58af585cd6bd816d0f,1,0.9377615064445669,0.062238493555433094
4361,7ba65a1d68d69093de928d6ad380d60ff8c3029d66a92b72542b3819be9869dfd9b1974ec209f68b6fe3c06fcfe1021b67ebfff09b69c0de77c7a4a72a0e850e,1,0.9175853921836622,0.0824146078163378
4362,32b77d7e85c29c9739e5b8e477725b3f904568adbda5ec3bf9c046823e439266ac8c93472b13115e39c2d8176fd98aa83064096d45b0d59a05118b22a49ad999,1,0.5620324709624174,0.4379675290375826
4382,450dce556efc3d2668ca420159cbd665b4d4be69d9633b8f06024231d01bac691674bd7dd8ed578903ead3f5df7452732d5d0effd5df967f7c30988f13d8d013,1,0.7043844739287733,0.29561552607122665
4395,ff47bb2783be54abb5df3aa72515d469254b47146f091232817e29db93196340a199eff7bf4528d3ff3b7399e82fe379b74c66a3d40563b3def52240f59dc70d,0,0.8790938750426348,0.12090612495736519
4406,7b8bb93835af1773a06cba185d36c205496e5f25cfa8745ad22c2aaaebd110cb762667abbd8e3d84de1b2a9604cc4257a2a390f356b39b1a5d1c280333b9ce8a,1,0.30236645381166893,0.6976335461883311
4407,4db38c20b3cba1c34224489c808ae2c3e23f54514355328dc203e2d8a46c0653dda95120653c70f73a33c49959cf988095041478275796be846a9745a8a5a172,1,0.7203566226018929,0.2796433773981071
4412,d0225e09562aaf220f5a814eeef26958a20130ccdd351517c3c607eecfa97094a26698514ab27467ad178c2bb927dafbe40f492e792aa35bee6b531a34bb64e2,1,0.9036392323205362,0.09636076767946378
4448,2889c7da4ad6edd3c724da3f287a4a21cc300b50bc92ddce6ce23dbfbe777f47843cc7be9448373be2a193eb8e2de823056094cf248103f7c9ebfe8b9d995ed7,1,0.5500420819890564,0.44995791801094365
4454,ad92c031e3ca8845772f2fd12e7034579d234b06c8b4beebabebbc86c48a0c921417fb85e470637815d56fb6b2809ba0cbe25a1056e2dfc26a81d1ded65a4337,1,0.36596482382484546,0.6340351761751546
4461,a094066ffb652d35cf9a4e7ca54b915839d666bb345fc7b84d2ec9341420c7dfd5c8ed4cceec749354f8408186f386c6bcc935040a47c31e19b226820ff68b0d,1,0.979447680395671,0.020552319604329017
4497,f6306e03fd508cd5dd0b64db0e18adc7d6a5091fb100a8332bf8e9f88bab933756181adc2f8673d4a8235f95b22f3140d3067609edaa9567b3b42d17c28e91a7,1,0.9674996877089573,0.032500312291042666
4506,3727d84cd3df2f53e6a2a70e1f170760155edd05857e573dfe871942cf52082c6c57b11ce211b44fa39d1b8fda146921db89d594b3c2a6e85999f83e719c1716,1,0.9450248250856054,0.05497517491439463
4510,84d46c8a70b5ebc47e4d8aadf45716991980a5681e8b7a9593e960ff8c69d465211f703ad88d22efddc933b576c792eb875e8685bccc517cb37161601bfeb804,0,0.38320184160210946,0.6167981583978905
4521,587d2b137589c8141c6997f4d428daa00aded5c20a34b483d0028412882f9f859405a7af8b33a9d07e08513cf61fb970beec2a915368e4e62dc4812956642d76,0,0.6677441821626047,0.33225581783739533
4539,c30899a6f4fe5016525bc1cf8578d315ddd864118d1cd4ab7af450b9ead59291188f1a39f3e058262e726003400876cb1fbfc470fbfe77f0d25b03487cc67ef7,1,0.9778224485868113,0.022177551413188668
4541,6001ced2b5df7d66bbac92461b42b9117e74828ef804dc0bcaba0d46aa656ffc67b9cde682aadf8b3c375f97152e6dc58126ae40eb18d1fc27c89a793577f8a9,1,0.7043844739287733,0.29561552607122665
4543,eb415b1e32c5164f6511f7b31a64e0a3b0c2d2d6c5656719949fe3d109ff6d84c09a9d94069db171b956107cceb67d22cfe9b655e7e9a53a0ccfdaad72b81a97,0,0.22512028612124274,0.7748797138787573
4553,ba665e6e8d699640c30410151c2af5f7dcb9554d9576af8097301c91eece2e457ecd3d94481b7d8aa633a4afc37b0f017af9c8f134449e5936299f2e31e07068,0,0.7239898924021615,0.2760101075978385
4561,c7e4e2b49e4cbe02fe4d8f6765a32fe24a41cefdc4823e21c4941d8eabdf78b5a0587737f645c099ce9ed28f05331db986144669ac8b3120cf3cde23bb50f922,1,0.5931689581449753,0.4068310418550247
4565,bc34a043fe8524770ca6722abd40b5b343a51deb8ca4e1bad9f9f9bc13890af4ca9ed578bbab5b12030a42b1c74b1381c4252da8965232affe2592d22d2a8ccd,0,0.43298072256054126,0.5670192774394587
4566,f51d8743ad6b0e97c99c9f1d1f49206ade87159512bec3bb4768ca6ccc99c28b2d51d94703a7cdfc019015805c929df42d0422741a38e45aa942f4fe8af3c470,0,0.7902389531360177,0.20976104686398234
4604,64f52a653973e03ff5faba73888c1c585479340891f581a3bdb2f58eb1bd05e5f55ccbc7bbaeda1f56b74f17a78d1cc15f01efd44bc6c8b790843afea0f3a089,0,0.706581269287584,0.293418730712416
4613,1f7b630d4159adbd06999ef2dfc6da9fc1269cc9dece86bf3b7b9f1a54c34d4d83704afef0720715c41cb891803e48803afd5aff7e50d27a10eb83e95455d1fc,1,0.9498000047086479,0.050199995291352106
4617,8227cb054d7fb37eb180b40ac4f7534207eb323c7832569ac202b897ffaa6014fa8fc9cbf70d7f68d4081362c4eada58b02ad4d7a04051123eb10873c35296e1,1,0.9161153767733613,0.0838846232266387
4624,c62c946ac4b5607a5957ba3f10c651286c2889f9ad1dc028fff31daee0c712d35538be6739ad0e9523a5ba6c843de2e83de9972cc34d0f872b48d42f51de584c,1,0.5895163587015748,0.4104836412984252
4631,1fd4db7dffe3bf137290c01f4d90b94ab3332c0d4a37aae7ac8d510db6657d3de4ec2ce5434107bb6abb49fcb9314afffea89d81fba96d00ed0f410a030ea230,1,0.4626197990617168,0.5373802009382832
4632,c8d470925d674b266bb9f63d84d2119970f26ddcac96f1867a3730819afc7879560534630efd95b588370cea25eb6de19e870e1ff0d8d72c0a4e83d7fa00f26b,1,0.9497271754393615,0.05027282456063853
4639,aba28490ce7cbdc2d971bd51a7cb117a417746510cfb7f5f53eb17bc9263e7ec38778791b8d82a11900b96ecdaf6968d8b33129afdb68f3faec96497b6b4abae,1,0.8667510572183517,0.13324894278164834
4664,ec83539e307711f516290f57525e8bd295b776eaf0237cf886b5227b4431bc4afe6ae65abd53ddd79373a58e7268c6186fa9b1ae662c6ccf86271127fabdefa1,1,0.7990104312474214,0.20098956875257856
4701,66c79da5a265ab02ae5ad9f7658bb5ef77318805a208c81491a9f1ff97ad7a6998b0aa28028f279504d153322e2e49079f586f388aecf4cb96139de9ae8ac522,1,0.938781215871621,0.061218784128379
4712,44baaf8dfd55dc20f26ef985b783a8f04b20eb5f8782c0acd5a7896dddfd9e71eb49e5706b9219e270a76b8ac0850c538c29c06ea57b080ad6ed7aadc02bbc89,0,0.7853476594342137,0.2146523405657863
4717,d425002972236f3544b3b90d90b4d3b582ead4b6150faaabb22cd6272f3b34c2ef4facafbf370f2d2e80c0aa21d2d2a4c69b13f19a5003b5453572b3a645d8ed,1,0.7034488558228468,0.2965511441771532
4718,ee9bf9a74637fda3c2e432ad965d45ecaefd98108c4dac5de40d1ab81fd8b67ae1015bf7d02e5f173053c80e02dd6c90bffc0845417c963c1168067fc4985fe5,1,0.9805654221262836,0.019434577873716385
4721,8961e71e47f405edc5e6ed99ae18fa47b427892c0f9c45625ce3e34363626911c724c157df871cf91876ecbfba236cf06da5b910fcf9865b70f50f0a035aae4e,1,0.972342569640069,0.027657430359930957
4725,b688b40d57886d36fb576918a0096300762112ad0f5b7c9e76a025514c36c11ddd1b5f38a5f73080a26e6c798ff4aa6711da693057e97e485ec5ab476ec92296,1,0.9655816346356849,0.034418365364315084
4735,0dec6ff56c6701dc79112f710e1f522ccb8be56a3b37b585d29e9406527b89002ba3286ddafe884ed6715ceb9713cb4e61caad79117a39552754a82cca53b659,1,0.9216603225769767,0.07833967742302328
4737,a647dbced4a824193d4c5105675bce4eb1a0c966a5db2057018cda1534143b0531a0e5d9c848410a0806ab9073928e7678ed482bf2a2dae75d9c55e254bc2577,1,0.8731935923927095,0.12680640760729045
4757,7a3187c43e6145950829b476d7a7d55b6fbe19f00f4442ff88a83a649dbaa6c229818d835cc69e60092b00eb18dbfb925378b5c55e800cb9ecc134f2fe174d81,1,0.9281297981243603,0.07187020187563975
4781,6dbd95ceab2060cf9d0ef10c753a9f9517ec23c8fec6ee6bf89d5819260aeb4c770c30edadf1f3d78889ea0402a2dd4dfd6e1e3d74482201eb84927238002b4e,1,0.9501074968194716,0.0498925031805284
4789,8d3ac713fa89778670f79b4a796b6154c453868cd437aae5fbc76488558b39d18adf745bc5e54c253856d9629908d758278d9ea96eed642e35712ea322c97bdb,1,0.7353213714991136,0.2646786285008864
4802,fddba49ac5acf656307e8bc02a20f678747015e18aaea48af89e564d4106e0896d9fc0e655697770cab1b99ab731f8c8bda58bab3f1d5e8d63b134f359eda050,1,0.9917219012214811,0.008278098778518928
4810,94c7fa49e782862c1358d3241ddfc071cdb787f6e9d101ca7e0f24ff8d05af9a7861f6ccd47b34924614cfc30719a510b26b97552ee6d0b143aaa717d5545f89,1,0.9431612481775481,0.056838751822451905
4829,bc7c8debe482850285666953b7ef49a4ce9b9304ac9d6cd188363c06652a9e531b91a1177e89fdde2875244dc26f8408d54df7e358448914e2b40db92aed42da,1,0.8359411144708103,0.16405888552918968
4834,62d74f9ba7f810026deb121d90f9c43776902a8f2f16ce3b13de44452d8011a5b5da5b9ef312dfcb4ec04a1e3dc47cd8387fd55752aa72e84338c993f9b2c452,1,0.9655118231413817,0.03448817685861827
4865,1ed3697ccc78f743565637184f5165ac9c962f82c99372c63b8bab190a1a8aea72a46586aa4f453de31af8427d427a8208bffb720e82ca2bde13d6a3e08b6530,0,0.8316726228942409,0.16832737710575907
4902,4a5d7d3fe458d81a59af0644200c58c5e3a68e6ad77cdfe9c115d0b4b23450ba1fa4aa5a7282c0b7079a5a9896f9dd0461e2a465125646726e523353def84629,0,0.2338544180635896,0.7661455819364105
4908,313599c70cea43e52aa5c53462cf3cca4653f94343d5895e6eb25f31a39b7444e3872ab323f68d087001bcf1790ba0e59623e3e9fa4a946b4e2c1b26c5b67edd,1,0.9742568885045478,0.025743111495452164
4934,9d68340cd90fb96eef6608c71c8f258b5c621be710e9639bfb97f72d9556740d1635d18494ae52c63845e3bd04ef03d45712161d2e383cbe695c1a6012e48227,1,0.9887861080457053,0.011213891954294675
4946,87e8b63ccdfe3b4fd1eedf867248b4055e2fd82838c3c1ed09fd0495468f4cda72608593ae1350a8c4c2882c8c96675f7b46c08e9e29dfeeb3a3fae0e26c006a,1,0.9917129506466856,0.008287049353314369
4955,27022b799ccc1912d1a91bb858358584bcdeb1853b09cd6ec4ded00ec84d21de62238b05b7f596d0bab824d801d2d705e685c57e08afb9e13790084a69439cfe,1,0.6472095067559541,0.3527904932440459
4965,30c158dfe55f18b1d18600a2be96c36f48b4743a1ccc779955e4d7dbbd9689b234019d677966833e8e0f1efda8e58bde95c8e33a295dadfafead07561294b33f,1,0.9914644601604421,0.008535539839557904
4995,3dd73e75162d61596bdd6280a93e6b6da6a0292539ba896918cb27e501896701602bdfcea8f65091ec27b24b87702b0665eb95c6c0bb39f5042218bccad4e99e,0,0.6356568732741388,0.3643431267258612
4996,edb99e00188612794f60e1d16d415c082dce4185a010fd52a4848922ac66477b884e128009785516e7e68491f75198d8c6395ffdf9da061592777581b546213d,1,0.9283023680815436,0.07169763191845635
5007,987f35fa058b8276f4fb0d230d87d3260244aab8e6a6f9cb9936c6dee11f62acf9b7394602170a71483b1fc4597f45645d324e8005c2f92609f82eddab4a662b,0,0.14477149060026298,0.855228509399737
5009,47847c9bf506267cde0a3e2b47f810ff85128782a066ef72289e7552f557de3b8a0f3fa7a9f3bcf3c1c440f355aad64f5a126c8927fe5e7e08b9463378cc6220,1,0.9703108604997855,0.029689139500214456
5015,eb3400611c693619822688f35cbd25042180cefb2f6f0258a3bc9380ef87ce68fdb72ac9d2a8f218c35b5741481c43452edb5e110a514380cdfa316d5fcd0169,1,0.70966672842714,0.29033327157286004
5032,aec6e274a14de1023fb896a30e3a56b3aabb5da1582bfcfc097764666a9022581a3e771caa4f2e3aed5d1d5a420b0ad558df4f51140343f0507723bea45b46ce,1,0.6650734006618323,0.3349265993381677
5055,5eff77d60d15f2a7c931b094088e91b44c4cd5954698bee09740f55bb6b3c8c0607e66871e67bd003d4d9168e9c841ee333ee841fcc8bec122454314afee0a81,0,0.12133738572376199,0.878662614276238
5082,988f527c610935b25993c03e3f4844245666ec83ad707a2ac174dbd6b8505d5e5fbf519b73e0a91b6654cd9a15bdf0da99102393798364c4c965f0b7a41c3b3f,1,0.959115195988726,0.040884804011274034
5088,2d68e143f8a211fd92c11028cb0356b155796b351b9d80c340ed56d741fe0265fb2658a55b4266e624e04e16dc3dd642a747baaaee68951154807e54bbf8b878,0,0.3930989707898666,0.6069010292101333
5103,acd79627014377c50c2ca6c5beccf8bc483f6b8e88b9025bf1660011afe819489d050849117677fb0b3f7606f136d9503e8286276a8388abe1c8b143e8618ece,0,0.2608693106035848,0.7391306893964151
5106,7243628d46485230af15b6cb9dbe26b89292e645c8d98c8a5d4ad390bd99b87baab497e62de884a77e38707f388c2fa3516f188574f59c86048332435ab0c617,1,0.8749027090266942,0.1250972909733058
5111,3a4d7b74838cc1e2dfdb26d6b5297fe1f22bbca091075e4f9b09eedf4909f2f457bac2e9fc6766050ad9a961d0aac302d3a3a8ff34ae15d91c9916632c24a7dd,1,0.7758126895223572,0.22418731047764284
5129,4dec712cbcedb45b31a2f14e42c923864a5e7a4dfb5af6e06044ca2546a685b924a10e9ed83fdbaeb9ad6dd16165a69829eefdfa27803c08641b905331fb5928,1,0.7074069775290927,0.29259302247090735
5140,add3841c28e95d8b3acd559997687a0fe1a3b972e31e241e62a6b1f6aeb8a5b21d928b9e5e018fdbba99159675206aaf291e11238837cff4b22893d2429f8196,1,0.9233414969550716,0.07665850304492838
5147,2320db24b6ed874aacd7505f451ce17170d3a34649227bf85fe6be1e26e3cadac70f32435cf31c998ea9c44ab8e81fe67018ac757b6678f3ca9f4cf9f8e928ef,1,0.9590411610764001,0.04095883892359986
5173,f681534368ce9a94140a0c3c66c76807d2f27b90d45a44c09b6ffb8606b488a0ef55822e1c3da71dc85886d3762f07bf6b5bf0c8b63d19cc1a310c826af9c148,0,0.2829128806262108,0.7170871193737892
5175,31853647659b215b802a06c11e0b0a4fd9a7d7624ff0f9f228ec0c46a0a99410c67f16c88ed1c085bd39db2a5f53820a7e6affeb8636c82e002b2f5559d012d7,1,0.7192811725327449,0.28071882746725507
5182,5b90d75fbd4a035899ce84144019ca08bcfdf528c11d7b1571acd481b1a389d943896a63503347acb259e4de364a013a55de0eb4603da03422bded89e81ed4cd,1,0.8815815254882845,0.1184184745117155
5190,212845ab2e4dd0da31df35700e84e6fb077e3ecb38634cd1ed98eb21e4c860db3f1a94ba62292c84db2280e4cf90236bd062cb4dcb2805a9d9731eccd2f9f500,1,0.6765505932339296,0.32344940676607037
5197,bf31d33eb475c479633abbd234c9b564b69b71e249c0949ccd11afe1765870302119f29ca7a8032b45dc7cc3300884a2c28cd0009a0289480ab0ea05cc186815,1,0.9659322598121685,0.03406774018783154
5198,6630673dab6c2eb02fac313a2a6ca4312ab8bfe9dce714b523e0738b3cfe304aee8704ca8162424ca4227e5f10a7c6aab65cf8f65af59a4a84e5849e2753a61f,0,0.7273547916132715,0.27264520838672845
5210,bd16a6dcd2774a287b266778dd88921df01b0bca8ac39caa6d8c4f128121241bdc3fcc467773b28972139987b9b18f24518acfe440832301973a84004fa85c6b,0,0.12623595922013822,0.8737640407798618
5214,b05e054283f40a1fbe6b66e488ff8f9ecc0fa0c48c4c55f552596c6479763f3d90cb66c2fc762c36119a6f3afab221f1a1d7b338ce198a9b9febb1212394b5f3,0,0.7734462311120855,0.22655376888791445
5216,85c2078864c9bd0b0d604bcaca5faab38f23649c712c5556c883824e28b86980721e860c0206a41a19f4c72331eb52b2740113f3738f417da6456e2603adb1be,0,0.5183032620159189,0.4816967379840811
5228,860d2a5df2dadac37fb6bb5473549ae00a8f841311c47f82f63e87e1f22cd51c1589256c11634d9bfdce6e4cb776d383ebb61a36ad45f9359f73e8e39b4d6aaa,0,0.17642540070875476,0.8235745992912452
5229,5af4b84c22c41362f8a94502d0d2b6392df8b1d3f6b4edb9571bdf5cc32499a11f2364f73c00d435608e9e25d73aa30fab232277d159239539ebf619ec97d0b0,1,0.9881628296521899,0.011837170347810066
5234,b39d5a471a6d23da4b23b127b9859624ce2be3f8d042b92bc9625b49e73d2eb554285dcf1edce419faa080f09a1877893c556a778d10f2bc446a055a0ca6057a,1,0.6792918699713877,0.3207081300286123
5252,b639fe73829b2c1f40a5ade3af2d685c121df311304def8526fa1850e5614d793dfe2275eb67b2d9b549a44d29f9adc2df0861c26d65f9526a1f034599f0d337,1,0.8320706473646436,0.16792935263535635
5262,c948c4984cdd44dd58966df53cefe4f970e97d72c89455043fed5c9d0033b172e8c5b50b539a5a231fa03e09ae2f29af60fb011dbae3fef1c84760469f8b26d2,1,0.5735920336120732,0.4264079663879268
5264,185625b306b477d6e52ec41e233af5faee89f3b57492da4d7b922555a0f144de396980999ac26b9a077c799466cbff1ea14a22526e2a600c8f43f9240a3a11a5,0,0.6367180559244762,0.36328194407552383
5273,9489798fb23a4dde644ea8a70c767c3b5b1e2545eb345729d67d616ca9c28e91e28a1c7e9ed33649acadd2bdcd01becd6d6b0e796c0efafb26ff091b99fb22f8,0,0.27186824292498396,0.7281317570750161
5297,09ba6bbbfcf74e9b1d3aeb2fde40c119e4063cd463ec3a33935f93add6a3dba8a236536324913085b4f09a183a1104cf8f4d57393a4fd7560e48bd9257b47959,0,0.32197872670943123,0.6780212732905688
5336,b193a88a2e8d310443690f8eceb269b1a85f71b69ddceea9e1e98e896316ac49e14a2f01b7360caec018faddd9d7f25e4de8cbb669f0e80908d1ecd9adc9e314,1,0.939053179920166,0.060946820079833985
5337,a59017008be5ff8350a97cd7bd6799fb7e7e0a645c9cfb769625a79856f08372cdaeb4af92a170585ce67752eebe2047121f5d742f64dfd259e44ca2ffedc09a,1,0.9298032963802978,0.0701967036197022
5351,b0601126ef9b027387dc40c9d80370aa0b041f46ed6a6519f3128383538c89ee0926047d452d98316eee39a60d131d62f6a8af8fc48bacf3f7b93673e8398555,0,0.3743266056673441,0.6256733943326559
5352,273631ef12b29b18632119e0e6afc1813a32ffc8fd6025ca805ada017f0223070e1bf29a92e73c04a04a5be7326cd015d42981bc317c7b28ff5358a589afdffa,1,0.9883710451089804,0.01162895489101956
5353,81180f0b931a6c238dad5250a506c176a7116518967c680bf2461d001ce3954e1048133d821c9e71ce787233e8e8d445acea8d0e53190802850544deb26fde54,1,0.9207235790861468,0.07927642091385323
5374,32dfce47441766ba8064f9151aae4f2ced4784f437e0d213a96258fac384e88f144ea87f673c9e31dbcc3a2ffef570b73c54fcb29f15061842b2be53e06a25ae,1,0.6887464290237656,0.3112535709762344
5381,283b9d854ec4ec963ea5998eb6248ff95c5cbf921874210844428fd1a22d8c9b8acbb7b1aecd20ee0d2e4117b30fe61d0b7896377e6788391d3a216d40220905,0,0.16115329263111364,0.8388467073688863
5395,99ddad7b1830b8c24ea7beeba58ff3c42988020a2f6e9b0a35be6d195f4b576239f346e196c9e7b889203f27b4af56c7ad3c15a2cf99888a3d85891bcd367bc3,1,0.5577733408636518,0.4422266591363482
5402,0c7f14d754bf7f2cd5f355befd7141dd12fff3c3823a070c37a0c3e2c2d24d5fc6e1591d442f768d0d65742e4891eecfc336db8b3eaf7afa8789b8390c24d43b,1,0.7547548964555731,0.24524510354442686
5408,35539191c6ce7de9b2d1b995ff7a42e8e9b74c77593f76962a053158a53b67e0da4bd8ec1d8c4e67ab644e3803579ad8f41dede8da14d76aca1e83e26876aa3b,0,0.1456878893498327,0.8543121106501673
5412,c7a925b3c691d86032e698422f38ca1cf5a8f13cd3072022c4837364361adffe1265140d9ba93ac9ffd302eb61e873ae55a3adf970fb7268aede7d02bae3dee1,1,0.9244919801458699,0.07550801985413014
5422,80cc4d5552fe3b18242b243b0d2656df9dc516dd98b14a8e3299e73f5ca4a52e387d408eb82f63be7d8f838db1bfe8cdc0b425432a81ce21b68e56396582e170,1,0.8704655545996469,0.12953444540035308
5488,7ac066931e5ba13d76a819d41c7487de8f94251710e534ed04be0703c495b6c169fb4c75ab219d34ab19d664cef8d49b3284d169ae40c54c4a287bf64d001283,1,0.7057585101520537,0.2942414898479463
5510,df8d6593c09ad0c3c45ff7273bc444d79ada1a22d8869b53f5fa9979deaeede7d8d8d4dafa1f505c10fba3fe6ca6f39268fab76e56f68c6e54fa54fb914c42a5,1,0.8297929178401655,0.1702070821598345
5523,9409d0c2eae03f37467a436f3871b2423e62961287ed5f0a83ae2d7faf7bb2c94163beff14dfc9e4c2d47dc8176ef91f3376c9f9aed75de71f993b8cde8a46ef,0,0.33619289253266144,0.6638071074673386
5527,b8ab78910c68fc929befa89d3584e84f0ccb6339686723c75364431e3d60a9fcf6bb20b089695b94ee21e6b1f4f22b0006f61dfd31eb00e45657cacfe94db0f5,1,0.5464660993619717,0.45353390063802834
5529,35de8ba5acb5b5eb12fae518dd3c67453ad5b1fdfa8acd6f1675aeca58c89cb8efc93681d25423bb95fb5d7f13db6ead62961b01555e4d91f7f43a822bffb305,1,0.9236725475417992,0.07632745245820083
5541,59e75bb763391f286820ea1383b3bff3e2bd2a891357bcdb437a120ed55e0884d52964060d168eaa736379f6967816d0234179c5cb141aa2a7c6b39a7f12dba7,1,0.3416124564554307,0.6583875435445693
5548,9f102d1a7349e54f3f7bd32c2d7772b3ecffb18e661031067ea82abc00dbfcbf0b82a69cb3e4d840e42d771c886746a0d91279b4e0a97b4335e00d43c7d4042c,1,0.770048484380988,0.22995151561901195
5550,3655e56590c6f86bc2d95751f0eaa78dc7d4ae635331c7aa416f9e1790f1a3ce820ec8c0b10007516c4e48f3bc48403b872199c1fe77c0786a1196aa684b3cef,1,0.5790243257776533,0.4209756742223467
5553,195095004235c20707830f308418a87a62f6eed78b6c0f440c948e93d2147fce77531c162c8923566549a03de960efa65f57b0bbeb00d33665978e29509c9799,0,0.8286228051908541,0.17137719480914593
5567,16469f2913b895f82e01484bf8bdb705400c26ddac04cb9321e8b0d3242b95b2f28a8860bd1e40e72fa6c2c756a2488533f4d51d4fdd6a961023108c74d8ab0e,1,0.46603309885354877,0.5339669011464512
5569,5d9efcba386277431e2601a3a99f427b58b54c66f4dd480a986f6bfb089fedfd30ca22f05a1398eb61f65006199d9ee57fd2c435f2364026d4311dd19a4991d7,1,0.47572937997466286,0.5242706200253371
5575,8f274c5a96a04dbf862edf55c7bb86d51ab58f0cf3ee83aa69dacc4ff75cb7a7a1eb7ca26d7dbd77d4c798265416685d970a06469bf29b542d5679f128203fbb,1,0.9703580347462046,0.029641965253795366
5578,526384f466875c7871fde89138817f594d0b19f47f6898ac7fa0d68c227cf82909523ad917b055c52270f8a2e6b899379d633a7a32d1a8a3db3e0fd76c088f2d,1,0.983964188389885,0.016035811610115025
5579,89bbe68c2f082e9ec640d65ce8c7fddd8ea479e8f6308373c06cc08d7fce5d28aa279734b4c99525604ad0560dc554e415075f9946159a1fc73baa50798446dd,1,0.983759775565058,0.016240224434941997
5589,3a91d4ea8718dc53c89988ac367247bcf5e7b3de551d70eea6ad28e6c2e21e862b5de8d0a9e32469f8fdfdf77196af1ff09538b39c3475d6a6fed50804df45e1,1,0.9770628713125363,0.02293712868746367
5599,1c003afbcdfe77e0e0c1d8f4bfc99220f505147d76e5cbaf244b7a90af3cea1f463352aad9b29f8012e9b0c975a93df2973e5583879263daaf65a400f1ebd436,0,0.45332191911550596,0.546678080884494
5620,ddbf3617b0af7986df6013a2822c454d20c36e4e02c83df2ed9cbe233b805b2784fe2cbe429168b0ffe37a9bfeeee67aef0e6699134eb86f6c1ca941b4324a9b,1,0.9812860503203513,0.018713949679648678
5621,22e874c83e575b275bdae74a8f3e54a7f2858b9d6b61f74219f2032361d1b7d8965f4da859092ec7ea3d66495792bd38d68e80e59a698615de08b76f042a8eed,1,0.9009987213060715,0.0990012786939285
5625,58d0d3d44077511fff95c2dcd84cdb48978742dee50782a1e1792f20c6849dbfeb429a7b01e228f109d174f5300bb638eb1e19a68c41e2b77b0bb321a306d703,1,0.6842495365215321,0.3157504634784679
5627,38705712b02770cbffc114cfb78b511ba2295219efcfb41f81d13cde4fa1f7019287b239bb3e2120981bbde1a04f672ad2bf0200384f9f325defa7e9bc05c243,1,0.9691130038824903,0.03088699611750967
5630,11ee3d885744136b6bfd3dc65135f6c11612b9e3abf6bd44cc974c274fd973c4c07e9b006622b2e9c2a4dec4d22a366d728ccceae7552b49de2da479d8f81846,0,0.12353573572748372,0.8764642642725162
5648,72282a2b26d6a6c5d7de393c4c0d03352c33b0e058d9b32cdd9cbad0fa4a298bf2d8abaee3d25ef4c7385bdd7896d2c55bb732e586206dc4c33af682e3c4c8ef,1,0.38606812525036344,0.6139318747496365
5663,f099f2a1b373f17992af25933beb1e9c141beda8f55d70ec56ced4b5dc207ffbd8106ee040c2576959b212a627a8f44e2a231dc138bca8e970e72a6204a2f751,1,0.8389930862117932,0.16100691378820675
5688,8a32c595e40b705c65b592464f5594dca4e1f5e9d387727f06f6275e8c94fa9290ece52c14948328e484ecece0425d565922347fc6e1de61298dce5241f0513f,1,0.653184292700167,0.346815707299833
5691,f68b03aa2ef2b441eb5fe7f94c69c1bbecc495edb269f357356a611034c2890f2a3c1d5a01e43ae397008cd7b240c6da6c11d707a0a446bc8ff23a775f3abcc4,1,0.6951243689910387,0.3048756310089613
5693,a08da3deab5509f53057fa2a33c7ea23da79a9772d8e6097da79b79eb026606d1d491f6e4c4ba76caf13a5fded8871b4a2b25e0313fd22ebfcab48bf935b9cf6,1,0.25192372455928674,0.7480762754407133
5694,cf17be158d30511343d205bc341dff1ca89ed9d3abdf89eee01f1be733e6f4089a07a0b308d6daacd40f00b739460f6228c4b4d5379a9be8fb931794aaf65a09,1,0.32198233244893637,0.6780176675510636
5699,84c87e21442196fcad7e5adeca5381e62bed07cb22faa1b76a2f45cae9bcbfe9f4febab57817d173cfe59fe3fb04dddc5b8a3269c2866cadcbdaa457b97b9e2b,1,0.9888396302558399,0.011160369744160126
5717,3a3b1771a0f249b65251f49711bde2a418a09d4573aa5b672ebf5715faaaee9764b7e90b26ecd2f3e2c0a3aedddc9f4505348610d0d3f19f5b5cc273ede49a4b,0,0.8808815080167729,0.1191184919832271
5724,dc4c4ad71ea6b392e3a95fd8fcda7252c417d99490c6986cb8708b4d42133e7601c03f7bd36b4f7aa56750307abf1e0b31b615eace3899db247bfef8f71a3e6f,1,0.8296996017234132,0.17030039827658683
5752,9fbb50698fa589838af484a62d6ac60740662acec4426fb2edae88f171833a0d2b229ec3c9dc58ca61d13bd846e182c18b989824ac70c15aa1029a73d333a455,1,0.1707184652311934,0.8292815347688066
5766,b5794feea1edcf2f46147de8ace6ce61bc004ba2e7b21fca8045790476768d8914756ffc30b85a5e31d183a0e3de3dfa64c767422a63261a6f472b5b4c47325a,0,0.22375923688382227,0.7762407631161777
5783,0697c23bed9bc4f8b7f96d432e0d7f30aeb41e814a5d994055647b1743d7abfe4333e9a7d1127e3164c612f50df3fa190aef2c4d729da96e029c3b432be5c38d,1,0.9453745213521364,0.0546254786478636
5800,fcf481a8a2d1507231f499215144685022921004537d5734bdc7d8b4b3a041e994a05d9d4178143a0e1c256d1db2bd01f1a64b04427b8784750fce1ebd8f2687,1,0.9708571722217566,0.029142827778243396
5803,e91a1971c37626d3f87be6af1dc256435d8616d0c0b64dc1f1bab8b3c95398f109cf5eb859d91ac4788c2aa750d2a9a592e42aac21f17b5fc7cfb5f527260ab2,0,0.5082406567282337,0.4917593432717663
5825,b3097b93be2fa315bacb91717d402db1c974cd783e0f0a9e8d62c7988c49b199b05c943e894246c44426cad8fe1ff056f0de9ee5d17c9183ff91854987c932ec,0,0.3591645403412133,0.6408354596587866
5828,450a1c40e22a2f417f394a97484b727c8e0d8e6a7983957dce9d504d79cd5bd2240c61ac98e4f78d7d2478934481c9db291c66c469f58bf590c006084533dfbc,1,0.4328151481427118,0.5671848518572882
5834,a96b57f5ccaea6601a34611b943032da830f1d74c305099fc0569dcdbc011f0e70aba195790055aa6c8add592d61e10d9967f9ef17e8e9ff20de4a6cf83ef615,1,0.668770378574034,0.331229621425966
5840,eec77e6c64de4d2a77a4eec06ab5fa91154a10e2710b002075dca8917d5b5ac6c04b15d3bf6b4aed54ddb66a95e95d8af997cac359f57c77ad163dce1bc39fad,0,0.7732751330771189,0.22672486692288107
5844,376ecbca6d70099e82dd5f72db9e5578b149e5f53d47340d87aec354ce75c3784821cd92beb1165c9181fd29f8e36976752512632828e4766e7b9bd149e76629,0,0.8228199517971544,0.1771800482028456
5850,6d84715d6eea3fc4a02c7785aa4c1faa08ab84bc83802426945cc6d282aad1008b8f887b8674a65ca8047358dcbec1669c43c9aaee10eaf930d6b2bc4a33e6cf,1,0.9846857221963946,0.015314277803605392
5851,8f53a1b4dde7c17154d8b7327de339409d2c438f8783018a34968fc01050a67944c352ca9937fa088831b9a5f8424161cbff0082071576fcdc6c7c6b05b3e70a,1,0.2416973244568108,0.7583026755431892
5885,88bc3b3d6f742816fd79ebf3d2b256880356d7d958d1ba4d29854474173dc765194a12e163e9f76086d2423a05d0562b596f2ad4a2b65ad3568fa1453fc5ece9,0,0.8255591456912533,0.17444085430874667
5886,c9fa97971ae344cc93ce8fafa2d02c50b4d43d12f93ab3858cf98d9b4fa2647f43a7baf5687d4ebce08539c4ffcc3707b5a48ebb19b1e6b887a41733f8b4eb01,1,0.949670734495534,0.050329265504466036
5900,d80790328eee1b55a42c18913faedb1587e4d194cfb374a87947f57cd43ae2263f349d50579dd8fb182d34765b7e56d6df0a9e756a557a289c0c1d7585ed1335,1,0.6615378199827067,0.33846218001729333
5902,58435c73308d1d8a8a6b5a600489916403e3f20616a2ebcf764841497251c0d284eb5b5208ded2afe140a6cfcd1e003ff8d08f07bb5cebea1dacba86cb068d37,1,0.9824852595578689,0.017514740442131083
5904,a2fc072fa56ee3ef8a8c313907421e7201dc0427805e9909f7d98e4aae1a78b93f50aebdea3751d2e0c3970f95a2f1e8777a05087283a5c370801e3e9a0265ab,1,0.9564399787136866,0.04356002128631342
5909,b0d3cf3c6534182a037c5f05b04e64c79fd0677eec2fad86214722892bc594e0e9d0f579c6045a9d0b57876870e2fcd2e8c6b09750617b7cfe1a04da8100b1ba,1,0.9436331743249756,0.05636682567502438
5910,9291bfdb7bf91ac0da4274d4a5bb768645b27264bbe7dcc729ab300af408667cadb2ab5e80f3ba1d34621419a5236b555f18f199b9c23993d9d37782b16c6584,1,0.41268347579718245,0.5873165242028175
5916,2db3421e626900c284720d151a872ca1f33fc926000ac3dfbde6d2a99b11b859b386f5d69649516e251dcb787a847944d62a4a54d07e94167670db42cb6f0015,0,0.49844952779703466,0.5015504722029653
5929,7a05302c39a5f44fc80f6a17c10fb2218067acf7b9adc4e5c4cb297aef36abb899b05cc5cf13bb9cc8ec7b0ee7de5a0f8689abe1a046c4c1a3ce714b1256984d,1,0.7384168605741315,0.2615831394258685
5930,16d48845e283e1c02d17637fb2449e8313f55162bed61c7c0081561fbfd64c9b719961ca2fd7d4ff21ec919019738ad4ba0bbd9984d6c9d9352a8ba64f7f8a48,1,0.8697659001922533,0.1302340998077467
5941,2e75fae22bbabf556dc223f07606ae6937dab4cd8b4157d7babda764ebd86fd3551e7a3f7eb11a1db4e1cbfbd7ac6ccff71cda97d91cd0a49b2ac0374d717d8e,1,0.5924886408985843,0.40751135910141567
5956,51bb5300f3e0cc9715de9b2f9ef0ad145c513e5082b5677abfb101990c98ad59af9d1ce0c23486c4cf2a907ba90c658c37b6caf11b81153ba56c25f130f81e00,1,0.9853271734881524,0.014672826511847648
5963,4ddfc4b9669ebc4305a0c64c1083d14cf9517b1affdd58e4a1ca1b482a1196b3d9513aa8e71fb47195e9ec7855819dc27129488b24626c99ce25cba69590f0ed,0,0.5124391531293064,0.48756084687069356
5976,634759a588b047aeb13a95f34efb112a3be4590f878fafe5fca37702177db53e024c44159ad32e0f61b29340d4268f46c519ec4504ee21f64a79f0592d385c13,1,0.9862076290055789,0.0137923709944211
5981,afbb7889a2a9fa20fbc5f72a571ee359cc2bda1f069516175310944cc9d05efb0fd70ddef464c56ece03f55671b51ef7a64e0d4a8a216748dd4ac535bddeb869,1,0.9663047827084719,0.033695217291528134
5982,7fd673527aa098ad4baad7dd7348ccf5dd0963c631935906679751e3f11f85ad311b2e63f6161540bc19fc66e0d88ad8f73ecbb739f74b5b6c6c93a1f2d8fceb,1,0.6552737613564366,0.34472623864356344
6011,893d3960df25836ba5feaf7a820728d15240e2c3ee31054feb552cbdf679bcfdd1aa08bf9561a2ffe4fa4cb4a853a424a1d17ae9c31476380a97a044a3b6a1e8,0,0.44393766965344644,0.5560623303465535
6037,87d92b84266d5d3928d1c333b62906ade19e999b77938286d34cbc2161b096ffd8d5ac620db0a6b7d27461a8b971f881743712b937075af2cfc9b2a83d7f084a,1,0.9879676646967417,0.012032335303258312
6050,92a3e05fb7084125425419385c11d97d5223bb48c9196ba5817fe338439837593858494dffa37644498e99e58953cb9ac069a915c4f0303bd083a7a65c0d69db,0,0.12603774417546737,0.8739622558245326
6056,fc1302f11f13d57a83181637a9e871f8ee28180583f276fca484f1c9ed2a7142aa668e7039999cf4843210d0671d5d252f2692ed4fee763843210c14ee957c86,1,0.9661299388428606,0.03387006115713942
6075,5c85b908d1a6c9cc46bd912c449a1a2c86dc3f88e4b7971c9d98b5e853e8541b94a5954f30dc5973c2849054bbbd7579a8f821e0f3f485feaf7e6f2996bddb7c,1,0.8817451197775537,0.11825488022244635
6084,c437721ed2aa8e3410e03b21419cd936bc296894ee5c1bb783e1df8bf2a80711e2792c121d2d5c8fe99b80b3cf1917816350726121543fdaa6f5631f34c3e2f4,1,0.8782847107039502,0.1217152892960498
6096,544a96edbff0e31870f305c0dac25d63642e8502561171e25b2f16313953ac79ed89e6dbd143a9a42a098516a3f51d0714f701c9df11af41faa35a11d2d74f07,0,0.4487983487098952,0.5512016512901048
6105,b597904e345730263b18043d4c32488c8fe714286721d033efb7fdeccde5a1a2935f4c7498c5814e4fef667e8e4bf8927b1e958d5e2b864629ac15017e766eca,0,0.6632542756058645,0.3367457243941355
6109,4896d7fa28ecf0c5e8701858ba7b1a86155ba9d6078c8798dbd9549bcd78d2d13129d8ac4f0a5ea22ed42d0c170688387c30ca3a8e1b80f5404f0b482169d0f0,0,0.7482557850678763,0.25174421493212373
6111,a0eae7156dd5743863ea53e97802b2b2d1e41ed53b4b9d452a75049b2043ac5ed86758e541c29e601fdfa1fb15870e3a889bd195e4f56a61f862c74431933591,1,0.9682748851216293,0.03172511487837071
6122,a8a0a7a33f54d81fe56549fdff9699d98b70844e15e486d78dd5bc947ef63aa7568592bd1ac41837c85b5e254189f725da777b78cdd03f755526506399314979,0,0.1323112095102663,0.8676887904897337
6146,832ef83243219be8255307bf0f7d4d4021a1165344266c32c333740f0ca4c70d557c2097030ddd8e8a3bc5945b380208f447e82eeadc60332f9a1eb9420bd87a,1,0.21069834596350773,0.7893016540364923
6154,a622799a44054508019c8e40b6308a41203f868eca41a49f209a08f0830dd2f75c197d2338171e6651b97bf2ed13729cf86c2ea98c753a77f5e079054c93c365,0,0.2417208938774928,0.7582791061225072
6169,f34ff6ffc61e68ef037056836bea6975b7e1edefdc607c079354b39be94f03c2628c5d78015ec0616f13a142bfadb86cc2c5f1124ebdc8eb781076c0dee9fa4e,0,0.5698384354612049,0.43016156453879506
6190,2ee9f72104d44c66d39880f236f5821978f6e482790a607e7430bc29ea82bb85f5de54111740ad6b7f09e1fd7619139ac48aea8583e091e4caea15f8ec36a7fb,0,0.32920108309599977,0.6707989169040003
6199,ffbbbc32c0bc636710f036a238ea8346f2592e3db2013206f3e0b65078b868c84e062b761d17eef6f4e3bc0072cc7ad0bdba3f6a9a1476b8e7e11787ea8c36b5,1,0.9665578770118887,0.033442122988111334
6208,44ab4f5fff05e4d4834539920fe91df62e6fe5defe00e162e21c280191972f15add6d6c327cc17bcd6f6960fdd55eb1aab20730768668b1b22f3a026d8130dd3,1,0.9802917880282889,0.01970821197171113
6212,24168af9bbc9185c4708f50574ee197ab552851a81776ec9af817d388b1dc7c6bcabbc6531c261a2be83dbb774045d7bd6c1542f177530a7239b2930f8bfcf35,1,0.9784124732825075,0.021587526717492533
6216,039190c4fcffb4bca9c3d24234b18627343f5b805eb79e3b475733be14b07f1bd194cf6ab44cf80d16a510372193e0f0f8aba30937bc7828da29be2e2135a49e,1,0.9831827168037011,0.016817283196298938
6223,4ec2a8dae747def4f568c0d04822417f82a5dd817d6f40b13e9d5c48c646c9af5f2f4a404d69cdca64ee57ac7c18d57b4c9fb959aa5c1a54e87b898c38ce7063,1,0.6170474664264097,0.38295253357359027
6242,a25ac3d268841a05d454dbb8d3f4d902f7e4b0d60dbc8377888b5b237a3b7c4050c531b95640873bb163b8e3badfe1b0a2020952406291a3018be92c81bf3fd5,1,0.9117291752568758,0.0882708247431242
6252,bc07ea949ff7bb8d380556bfe85e9f84c3c562eb540de6a7593c27a17c01e3972d238ea3c46d3d21ddb890b515ed94cb7274ea218d25453a0af7ccffb60a06f9,1,0.9488058466105848,0.05119415338941524
6262,71d663d055fe9a11205488479190449794a815656a72e5e75015493ed76ef8962033af9e079513d458f06cffc1470615be0ee88ed200fa69bc2c248a92d17848,1,0.9846284177995156,0.015371582200484402
6272,494930fd92a6d897e87fa09d7690cd7a7869bd0958f799d283f0faece35e6cf89d75e72782f1e2d1221f43326bbcc9347faadea07545d49a48674a8a28c6dfb5,0,0.7043844739287733,0.29561552607122665
6281,1464e204e478222607ca2f2d1fb5cde41925b85432404ae8ad208ed0a767eab07b67c44565ba3a28a19add049432b8c38cb88ff22936c48db49b173739a1e6ee,1,0.7177883493754874,0.2822116506245126
6292,0cb27d5d6016d249f2dd2921a4f611a6a5634063cbd6dbcb087c7096c732a4ebb88c2b051eaf0aa2573d3722c9dfac2a96b34b4e1bd0f00d571c09330d368739,1,0.8492692822665913,0.15073071773340874
6305,170b8a9fdbd2b17f665d5c2260fd433bde2952694e4aaedaf086955a0c642f966a0c6614ff81dcd03da22e3bc66d8221d6cc07a4ff50d82ea4dd09601f1eb47c,0,0.6141960158422319,0.38580398415776807
6322,d01322541f0507f45dd6e349d54ee144da167a439345a2bd5e7ab300187fd70e7c510d152b803b60e15e1c9602719318affd71e8f4e23ed9d2ecb30d47d3a72d,0,0.2753347894785021,0.7246652105214979
6370,5ee49b6e80c5f990901fec117c5b09a589adf21a9087c1ce2c38f1ae35089ad2babda4c2df3f9806273d7f8e47e88ba626ec1d14e087b5bea2fc3e6ac1abfdf4,1,0.5303456448481697,0.4696543551518303
6379,0fdfe8927528f61e10938c16bf3872f503e261a5afc2ee987ff69fd89bd55777aa3cb6f7ce1e6d6dceae2b41ac13ff294f5ed27b37913cda526a01f9673cfe8f,1,0.281546649912486,0.718453350087514
6400,89ee23d55fd54535e3abc97ffcc75e4a51dc06a0999fe59df3411f9a6ef8ec493524f878e5092b7842b22fe51bf7cc75d9afb0baec768e1bcc18f2b0363e22bb,1,0.9922386939285149,0.0077613060714850635
6417,71fd11dd83ef02ae4b01a4beafb58bb5a0423ba6f9ffb0207e46c681320a87fc57587f6df6aadd86d9e80c42ce45dba9adb7d072d415b1552df1ebd3e1ccf41c,0,0.3929491430645256,0.6070508569354744
6432,853145da603cbb4449ee3fdc4e18a023e8626c8ab6bddf244177f547f5bcbf3954333e9f51dc11d0dade7c8db24fe6ba76517915dcb0c405f62de43165726be9,1,0.9554750244799898,0.044524975520010224
6446,d3b8d55e0b5a2f4f2349c31d5303056846033b1136c107fb625aab84877ff35c1f3b2024d76dc0cbb214f687068ce615c774be8d83ffe79c4c12bb43f93078e0,1,0.9827338974097328,0.017266102590267174
6447,827b7555755feb6e3272be7c5e7538ecc9ef12aa504b605634c50fddd1d823b16d908f9681342944e5e27c28a5370e79eec72831aab1ebca6391e41d1db1bbfd,1,0.7789888350145019,0.2210111649854981
6451,d93369183cf9185ed9a191ab9d3afa33f3cff455918cc58babbee44839d2960e7bedbe589de4818883c72647c9b0cb4928fb65bc86a2880f8c34605789a4ad83,1,0.9768815073185421,0.023118492681457936
6453,eca95ca0b5b944a5832ac7c4ed4155ffd1cef680bae1775e32d381b32d9313e14a029a30cc2d723090af89e161d69536042c84e3bc8a2f078def4c740aec694f,1,0.9939583214954747,0.006041678504525305
6472,ee57167439e43572cc0a2add35492f2ed097a5bc91b7c603db132fc7e0c89a20687c5824b86d278d06d90fe0ac8dd0ddff360f3a61e520cb4e310ce34f552088,1,0.8072065597722852,0.19279344022771483
6482,716c84f966aba9531d4a74870c45683d6a01bde6fb4477bd48ee1b931e782596224c2bd270102137d672729ae0f899776abc3406283f7b44efbb3d711b50bc26,1,0.9657244748405184,0.034275525159481623
6500,97b53576f5321711118fd87f65c9a1e43812eb4d5ac4f3dbaa7050613c58766adae209007180c565526403bdc38ab79e4e2062ebc609cc058bbd4fe772feb5d3,1,0.8096100089037951,0.1903899910962049
6524,d5d02d8817c1390ef493e3a3d002372c0164e72fe14fc1d78cfcda03cbe2051f3d2bb110b4e99e8cf93ba16b9df636f5e6d1c1857a44ea4106cb5921decaf8e0,0,0.9180731714413329,0.08192682855866706
6547,a2e46bdbcfdcff91d36d4136f300b3d46bbcac4c16f275153023015105d2b63f6242960060e4f791c028182cc1afe6464f7a0232a4c959233fd617db6fa52143,1,0.9350401657635797,0.06495983423642027
6573,9e93571de62736ba5a09470ec16fd4aca67789b5a0345a89aa0d3e8fe3fd54e4cb53b6610ab1669ad833e2b09c9f5aeca17df56efd335ac993390d6dad4ba0a2,1,0.9437596361599949,0.05624036384000508
6574,48ef5222b4acbdf8e5818be8b751c20ed6e2c333b89d1fd5b62d670292a6726983e17d9aada9871f0ee5f83081fa768873e5a7689088486e50bad054467c9d38,1,0.9791306091166329,0.020869390883367145
6589,c2201cbf0f366f263caa4525655752ba761a32881e57c7cc4211b62ca2e5d13551327755ea531129e391d8bae2335df6fcb96c89644732e6173b8f8196e51f15,1,0.9790015623770311,0.020998437622968935
6593,03782b296528f4e5fcb7baefa11b1712b560dc0838a34ae7f31d6a2e6aa025f9f15ada10dd7301636b616aeb63f43c3f33eb74a14e9111b36250320ae0ce0807,1,0.9423001020272865,0.057699897972713465
6606,2fc1930d48f2c96c0e8b19f4aa9ea44375d378d2b9da7cf3c939b843d7203b0e082eb294f4e0b1d7a4a28202cfcf8b59ed1a4ccd4d199169118d3f51a8352956,0,0.6019022684976827,0.3980977315023173
6613,36b90ac0311e7ba50949ea7317651464e936079f0a2039e4dcfa88b129c88bddfc764a648cfca6947d97df5930758822324e04722ad5e6bc66ecd87c86386ef8,1,0.743704747507547,0.256295252492453
6618,78be3c91da7b3ba693a90aca0cd874e47c8087fec2e0604f3701a544a16e623673e1a95180c90601874c4bab2bc5bd919bcd8e3a19354de7cdb006f2703043f7,1,0.6890119740226099,0.31098802597739006
6624,db8aae8270948c1308a60a63b1650b61c17cd69c2ebbd4dad69bfcf97c207b60e8fa3505ef94b00abecad74a822ba178a48c977f581e64d21d7486e8bb51be2d,1,0.9826473416602026,0.017352658339797378
6656,187738b4ea45ec3548ecb4bb0c4af73722cc96f28a72d102991652c3ba55d38b5844727d1314f5497af32993c1ae6d861844fe22023c294ba3835db1d6f1f14c,1,0.41253290276297333,0.5874670972370266
6688,fbd52e2fe1f4b0ae58adcb31e21916dee3b8f7db4675ad14444eb6cd0a39bd25f9e8629a80ffa6f78274a90e46b29ad39a563fae3974eb83c87a026906ad5605,0,0.3090243042354228,0.6909756957645772
6694,6630673dab6c2eb02fac313a2a6ca4312ab8bfe9dce714b523e0738b3cfe304aee8704ca8162424ca4227e5f10a7c6aab65cf8f65af59a4a84e5849e2753a61f,1,0.6866563896968663,0.31334361030313373
6718,a220a2e458db02103a74ec9dc299f23532bf8bcebbab3959bff69ac4f057e98c570d3b028a2aa5fe39f64b7caefa50ca0d1c57ccb1e4bd968622614c6a6bc252,1,0.7399744317040222,0.2600255682959778
6719,b4383786aa0c38ccc983b80ada6ffd479ae288687c229473b05f0ec0f349242d37e6aba26132d65fb140be3792767b004ee15bccbcc8e5cfc0d3e7243b7cbbde,1,0.5194886605385235,0.4805113394614765
6726,a960d198cfd787f9d3cc89c167cfcede50c36e08c8998b1d6c9b0ccbfdd6fe147e6749a53a6513ce4841c4bab6ee0d8ec687245e0f27ba18cc2631d74981f4df,1,0.6750589982650843,0.3249410017349157
6733,34e9d5d33512e0b615da3b76d14be6d5dc7b7d21884194d5271f0ad44b94e47ba6208959a8a7640f7f759b6e2c9f7b4d8965a060eff1a3048d08c956d4cc65bc,1,0.5983121884358651,0.4016878115641349
6760,e8ebcf5dc7208566f45911ddaaf9b582cd1dc124b2d2a632893a4903fa002c5b3c8b5d06c8b96fc1aa74bc9512cd58851f86c72a4b563ebe990548bb7e54bb2c,1,0.4258431424329418,0.5741568575670581
6785,243c014a59e566be48d1085767e800e53c8c5037d86f1f7e10df416e0cecb99088e37729030b354b6e46c943572f3c9dad4cd44fa59fdf394d874d705e15f9fb,0,0.3765987319248803,0.6234012680751198
6791,dd5bf7632ec8e3c68aed2bea5480423b6e6b0dcc7b365000f1aca1d9cc53a0f6cd9af89c6ac32a36a15557ac5256ca83f1ea5ad2e976635f3bb89eb7a7f15426,0,0.40656095257310515,0.5934390474268949
6797,539da214f471fbdba50a659aaca5b33f389eb6e30d878122a7b85be27cdb21292d4af78e5d88e4f9276eefd4c2a1e7afa2a6fc142c06071be39481e63ac3e3d5,1,0.8238690563363558,0.17613094366364423
6813,481545dceec3becbf91a1a6187d7ebb1968a2490559ee09f160182fb603c089ad89d9dff317a8130c876cbc980c7c67364af6b6cb654dd198a2becc58ae1c56f,1,0.9594871944663175,0.04051280553368253
6845,874b2954c9ed83f132865938b3c5337333d40977189826a9e92efb546f2536d7070bd67767040f513b4420a1ea533059ccb0c67f71c33eb1aeed04e0ddd9528b,1,0.3170733708786847,0.6829266291213153
6857,5e44fdd352e009bd2a4f3c8f2ebd3b4f9281c9155265ab8acf79e75ff96edc473be2bd1511a7b0648ddca257fb3e59b11de1128360a67152770f63aa9e06c62c,1,0.7855480762827729,0.2144519237172271
6870,93cdbce666e134e1233366c4e058f82760c8f480afcb9971c1374d6c4a4a110a52c557aa250aa2534290b149f9ebc6b225e419dc2e78e6ec83cd6f45928e90b3,1,0.17963721530491703,0.820362784695083
6877,9560ebbae76e2cbeecc1e2a67e393fece7d819bd1e8dace3061ebe7ea091bd1a952ac8750f96a26249ec9f54f73c3d5792d8e95ea4fc1da54191756f764eaa74,1,0.9525437541194244,0.04745624588057562
6912,3af496e280cdd4b9a9ac56e73ebfde9cb52575d4a82de88a5525ff61fbf8a9d5c5c1cf591494e28f7701b9d194923c6f70ffdb5441039af70abb30be1efd512e,1,0.16251497262721212,0.8374850273727878
6937,c6d19ee2eacd5adf57dc499332f425d9761676d958c736fdedd7d2bdcee6a9b3e7b5d48c909ed411ccec2fbcf332809261e82de3ef78ede12249ec3a844458f0,1,0.6516786102951195,0.34832138970488047
6938,c6de7ae532b793420c647a9cb1c7d6f9b874c8b51583687114a878914078f5c4b6e500eb2a92406c75190e77d5f02772a6579bd80e6787edaacb5c68f97ada42,1,0.9293748467856972,0.07062515321430285
6946,b1dc17f71abfb3486a772d35b203f0dcabcd5ea323fd33a3f5a25dc7f0cf994c75c1393037ca90742206ed0e9051f970924c9d8b6eb68e42d52f1d12585078b2,1,0.9525783927562876,0.04742160724371236
6966,7997268b5dd74d891bd5c69f9b4188ffa8b58bf05e9bd10ae162bfd20cc7deb2d75a92faff4de2bd1f555da35d323d27e610c91a25bbf15fef58dec5db965fbb,1,0.5445985440416854,0.4554014559583146
6993,0b69ffa373c6ad5689da895df012a9e033234c91945229e529f7b7f1082e2f92857d4d520c987880a26ac38ea559bd0c8514bd72489e8f2a14e956878ae735fa,0,0.20862383593084316,0.7913761640691568
6994,688a6df0e98a525b6581edf873c0eb2610a8d6b3eccc1155dc721f91ad7d1ef81ece1f8da9d37e2d883b6d992c9dda98af237e5cb0b0569d4bab2667e843448c,1,0.9218529700084668,0.07814702999153322
7008,f3cc6e80f127488e93f0e3dff08e91954c35ee3a1327d7490ea674cc534dd5d1fe488cad1e1a581a22139cc706385544fcec76686b15ac0df1f7225ab5891995,1,0.9458446511171997,0.05415534888280027
7010,9d88c0b5a1aa66b4ee187b183aea02764149305e7b8b55bb18eed13e301865b499862f506479f6439b62d36be72923ec2ed2c1392716fe3d286cf106de259f46,1,0.9746604268262492,0.025339573173750796
7023,b5bfa155c39ad98485772e269bb16be334fccd175548b18ef899db2ace0bba57a2f3525162370ea0f7c4e811836378ba937a307e4eb73c22f40fb7e1644b21a6,0,0.9475954198987071,0.0524045801012929
7034,a087f51386e9d0bc68488f5ac0b80b9f161c413052a3c45b214c0bbe5d91058869fd7b95bc2bb95a90a5a5bd133d76d772e743b792cdd274852fea1d3a373a64,1,0.9387146286056093,0.06128537139439072
7094,23545bfa467e01708008a8e7593c6e045375783eb491f863fcbc9b5cd9d3b2a6963fa9bce9a97d76a9e98a51ab47f361d1034227811de0a956407fe1c4aa1dc0,0,0.479932569511334,0.520067430488666
7095,0224100b6c3296908c6fa76ca53962bcfdbea3c7d651a51917f9dd24d769b380e622714f9e75c54913b380a5509c04ab7303e53975e8915e9f64563b699d2f3e,1,0.9927074969620739,0.007292503037926057
7111,fb87b7f912b43bb2b046795445af1e25aeaa916e3f97f4eec0fbf4e956c7bb9a58ae146516a7a3376dc3f5015bab8c677ffc46e9c04eb951efc90c720f372acf,1,0.8509880556412153,0.14901194435878473
7123,ab29fba3c81cbab162a9f69e895fd4707b3d4af771899553bc1721ad969ab77a28a34890da788b80ddc43444482ee62b91a060b2c2d55c2e38ed7b066174cb94,1,0.972221567258832,0.02777843274116798
7141,042afe6a39225768387fe5d7e3aa574d95b144a26d672aa3843a1d8c0e7b06d2653682e1db2d3051f9bb5cef1f1cf8921aa138212979ee338884ff872987dfbb,1,0.649179127957209,0.350820872042791
7142,9b007160f13ba8880255aa32939db18c4850dbd305e9f6bff56d1197d6d27a74029b2b40b425329917de327fe6a72afd1f622b4bb9727df9adafb196ee56ccb2,1,0.8826231176987067,0.11737688230129328
7146,8f55c9072208a8ff1729b14abb18930e06b009355014aab1f7e34aa3b10402fae1375a298f86c64bb14ff86b6e27ef18f816a3cfafc4584076b85046b8b754a5,1,0.9293546007285932,0.07064539927140678
7161,142c00446cf8870cf0737d2a63a86678b11134511521c1b185789ebc2803df2f4908ea5dc0c08bfb7c05b03c788f636965f3b1a36244f048a2c14c93b8fc0af6,0,0.4620787080322214,0.5379212919677786
7181,5c06303eb691648a2d1d07a1d2657237c49b61b97832f2ec60261f256f255c38283327de6821f703ed5539fee7d53ba01282c14340c9560e1a32e275e7b99835,0,0.17264374646041716,0.8273562535395829
7201,84067f8d56b60b1a61c006837897d107e20b89584f10e215d176ca70ae25af2cd21e7c1b90fe491cd847eeacf8c3e8ccbd6a364a0e113d712e9e797c43802fe7,1,0.5815486302796115,0.41845136972038854
7210,9c63f67699a59c5560e86828353f018caaa38b6d13207b3d2f5e0108eea820ab2f4c3af8fcadeba1fd8102863c7ed0c312c1bdc642343b7531c8bce859543e3f,1,0.7417804433236049,0.25821955667639507
7226,a911645ec9169453ba94b3d60e3b91dffc0afdc7b32f6df547d49ed75d585fc45a061c394424c4eaa53d2d4d797f9102a94a32a1092b344eac39fd773816ffc8,1,0.8149897641898547,0.1850102358101453
7229,604a1396a2b8fcdfde65aad2a8d7eac450b57234f8f0d0cc8c6f990f036cf2d75c7c31c0648ef34fa9cc10d37547d342b8e858d80b1114da83243fe77b1c047c,1,0.9617344272736127,0.03826557272638731
7243,8ffc199c0627a0ab2aafa08599e5830bda29d7a3e8f3ab4a75a5c790a36fc6526bb47a442291af623d1c2bc069a748bed502f6509f15984c18186e5ba38c4304,0,0.5489126547322267,0.4510873452677733
7256,3f7026676a9af5c7f1d9f414fb5f0a4e38a0660bd4736e74799061183ab0e2705e3df799d7372005871b424bd167972cf08520be4b138df3baf47e7c69d17455,1,0.9298646712398289,0.07013532876017115
7268,e1b2e5d1a71d987ecc9b47a682eecd55770606a9ca76ea1de59b660f559c0e28470bc1ca7bb281a85bfe2ab0d473181a43a5bad7862dec4a40ea96ef3382e6fd,1,0.735942029670992,0.264057970329008
7273,feb5ba5bf8076a4cba4b977ffc1ff136ad74102048834d79aaec3eb2ed1dacb6f4bb163b92682bec7c99b95283ef7833c42461ab917b1bde87964c8b8cf8b46e,1,0.9430409022968781,0.05695909770312191
7282,bb64a0078c6fd382663bb823597eec27bc61bb0919bb715cf3838df5f63e483eed2bd43fe4fb55c89df4ee93acb1bf3e7fb3f17ca494ee9ab9f808aaa608c553,1,0.893800501254574,0.106199498745426
7286,40d6203026e0bb6a0515924a92cee54eb50ca3e8b041c7da9fe91c2acdcfe9015013fc870e915e0c7895ae3ed9059f3033920a27e5d2cb7ab821559e8dd70cd6,1,0.965349205700099,0.03465079429990103
7289,b88e688ca1f66010c39d5f223e14a4ad06265cbe74fd21957210444fc27e2290657c961497cd22d9c8ea45f551f3a5cde5921828faa3448cc4d3cebbdf72b8cd,1,0.772937148966186,0.22706285103381396
7295,812734dafb7cbacc601d4bec027fab2e409ba9b32622c986ccaab2aa8d9112bcd93f12a938aff6fa4a5c2fe593abb03f3ad9a1800009e35ed9697df4d352aea4,0,0.4406308108484532,0.5593691891515469
7298,783722be6935c7cb8e0c61acc40c659e68eb6fa6523a43ccc0f63b66107e9d72f6449dae252a68bc7100cb8b88ecc2c76e7efac22826374176e6edba0ae27e2a,1,0.3162406390268273,0.6837593609731727
7309,5278b0d1dfbdb1cb46beb5bc4c7ec032306d0ba38e508c7aded7b16c5e9d6b05592fb4f9e8580b17b16f6eba0f29731b491f19f392ba8d61a76fdb114e30821e,1,0.9326480111391282,0.06735198886087179
7320,fda9cfd3c28ebffcb39396d6381b75086d7fcf20a93ec2d18cd88cc62ffe3e2952d31a10c270338911e514573e03cf93637707457caff9f0fb093b17295416f7,1,0.7737203421381611,0.2262796578618389
7327,0f7997aefad052ba72d1c9a30e4fad06d3c9d3a0bc6a5eb6f2174fc86f0e530783a059e557ee3a926bb0a7f581f63e2ef27837431fa0d883b0f3ee1a9354501d,0,0.18519813030179622,0.8148018696982038
7330,d55c35567acbbaa1810d94e2fe3587e1de683bcd728060f5eb1791b2d5e11f059d6943e02ea6715382d8d8a5d4c61c1d0ea2006c58bb7ecc4db423758d4d61be,0,0.7574217438713743,0.2425782561286257
7344,763dadb12c8e5093188f6b5e98fa5e91aef9b79c89a82313a7307c2112fdc236d578d0d39e7dc546f9f4ee4aabb5cbc9b861fd06c7652ca16f49613289aa8025,0,0.38610243865424065,0.6138975613457593
7354,84d81d7571282c41b90324c71e584bdd264cafeaba7ea5c0d2ec13f8ed07d9464fbe5bb697ed0fbca4a643e8ddb56044e68c9c6625581b9b70ba405400df7e22,1,0.9642555660724084,0.035744433927591635
7359,dc4c45c800ad3b76d5fab55e50449db7e2a438fdd0fe2ec5b794c7a2cfd6f1058bacfb9c899ca696c538769dd563ca129b708a92dfe0cffd89853adeee87c99d,1,0.3394056596704444,0.6605943403295556
7363,ea398f1adef6bf124a2db845a3f7991d8c9e2b9df9722496fb858f9f0d283af0146bcfe712b55dff43bfccb4666be248d7350bfacae706d572306f5d8cad8700,1,0.9395434847211485,0.06045651527885154
7381,b80d1bff9dee00585f05cd015a0c91d84c648ba5fa0583da7e8382584df42e40f7d09ef0f662cee5b51f711eeb811c4f53017926a012d4f44a6f730c80f61c4c,1,0.8213549803174454,0.17864501968255464
7397,5fc472653394623f035cf28813647c817ab5b6039ae86c74eb46d12328840d1bfde36f6108f7e3c256effe1510e83ede63152952d6083e65e874209eb1ab5452,1,0.8653656532821671,0.13463434671783292
7403,79cf3eae15a499be845fc86e9b8df17e3c5027830651b7e58fc460dcd18a5d8d2f936871b825f1fadf126eefe6b818cf397234761c8d01557656b867b6a2a99d,1,0.9648053071303719,0.035194692869628064
7407,b1403d5617968fc06e7a499a3cd04d8300ffec0d52f3d189379c84e36b6a05414f550c185f968a939abe842ac8efb49cd6908b9432f2d4d6469a7a08aeae844c,1,0.9749656742794999,0.025034325720500128
7422,05884914ac5b93178c1791a5acb8c5f61479d8e957f58a81189de51abbd48dc0d6ea3b0bac47d34a26d8d53bb2b79610f62cbb70243c77071a7191781d162258,1,0.8258910576487791,0.17410894235122087
7429,227dd5bf2578f0f3990d186db7fa5760b65ed0a49cd1000d3928ffcfb867ec9ca784cc40dfe4e43007ad9945f987401f846f955a496c5d58503c383e2bb3c4b4,1,0.8495704511464791,0.1504295488535209
7430,46aa33a685689bc42b2bcb0c6dfbc5737704fdce83209a3e0516bc7d4b43f602aacbce7d77ccb527c7291a3229e2ead521431b1986e71fc8c0b020184f6bf223,1,0.9799588538067,0.020041146193299997
7433,8feb24185313cda13e92b927947c799205461300d77db18f717b2937d2a0484bdf976da1642d6d5a60cc56b3b5b0660d3a14893de69a07be05de730ff06cf948,1,0.8480224771246185,0.15197752287538147
7455,84939f45f26a6d46b50517383ef5fbf9ddabc7dcca592158398aae500be4068514894a8e0bfd4766a1d7e1770b36fa64ab70dbd7c49674e6c2421ae576435f21,0,0.19307850127295767,0.8069214987270423
7489,0aa4f6659a9489a3f7f7609908941d641dc83d2b5239981c5bc8882a91cd55d5a05dd6e752ac5964a071f37ddc9d16b574586879bb7a432f90ec1cc0bab7a9c8,1,0.7230307263754346,0.27696927362456536
7491,b1b0b45686e384448279bf5c7a8d433822f97d81fdefe9ab52c8443858c75716c080c1268a9919754bbe508ab8b4b793b4d93734f58b404c209122abd517398c,0,0.25826083951681583,0.7417391604831842
7524,eeac38e8822ad2519eb96f778d1082a245a8ea3f783773d77f12f882a21e9fb7f30c8727eb7aa436c8ec190d810bc41760542b4b5edeaa711f8c8ebfcdff5e48,1,0.6925619285717639,0.3074380714282361
7528,ec3eba99c4775b9c955e4f5ed2b10e3bf76f0d27225593c22a94e2f74ef44fc8af0c7022f9b6739a2d4a442d7e19b92e2a01b1a52d43ef81a696e1896849f143,1,0.811335462806551,0.188664537193449
7529,9f2f5807cd21a52734a85fac8d732cc7084d76a2d3ede3eccb2d20f363e0f78ea444157196abafeb8e5927ff674f3e3db073e0b85e4e4545b781e5db01031520,0,0.2721878763018652,0.7278121236981347
7545,2bedb5c24a15f0ba29471c0d8298b2b98a8fafc52c92262c665a1a065ca8eb97324b2e7e00977d83d02668f854e91cb45291b35021175b4fc8da91f9e01b653e,1,0.8462248886608682,0.1537751113391318
7547,aa15b7dd43cb6b727d150629680f5ab0fb0a66afe720fc71095c52fd45ccddf1f1be029992bc23dc73c3a409b20b87f08f25ff359a0564e211000de499d96c7d,0,0.27796575147940367,0.7220342485205964
7565,25b901efaeff1a017c3413ab495335a046355a75eed2ae53718f18338611b19c7f5070338f40ab7e1385122c7d03b7f92c5646c906538b5d42a140a007586709,1,0.8130526839491965,0.1869473160508035
7580,999e5b2a6c5c02eb0bc073b0bc7f288a7dcc6bc6cfb8a2df8c8ae7d9efa959f9501340c249ebe55ae138bbc4b28aa082a4e2aab1f9f1bd773169ccfb5530fcff,1,0.9810167057073421,0.018983294292657882
7587,60663ea16b5003a397c960bf65d5f00b42d0c2d5b83e7bf537a47326937fd74c620dab1fae5ef951db9c74397d76f595d5d0d4dbe4cfe14ef0502851d3961551,0,0.2812098986375594,0.7187901013624406
7591,37b3f552905456193bd4f5084789deb6f4b8d6418c210588debc7cd7cea062988284599a95b7208ff499efb2a26ad1e0e5dc1c05dafa7a796222dcb89ede0982,1,0.9864034735706416,0.01359652642935838
7594,f2e257ae7356345b9fee7b32dcde1ab76f266e974470684f32ad2159d9fccc502ed5e32124fc280e231ca8435069e2b8f959aa2d223b7b30dc3478a4d261351a,1,0.9199349099640891,0.08006509003591089
7617,83e3feec6f8001b11ae86635e76e9940900de0cbfafbdc2606b0ee4c7021ac4b375b8d1a85ca438a9fda1c84cd4f0602b296336eb06e3a17635a55f072ceb749,1,0.5583500441056263,0.4416499558943737
7625,d8fe8ebb51d146517e49e28a9ef6e2ccb73366bd2e0313a631eb13a5af298fb243715d2f8a07944bcc06611e6b7dd7d542f18fa184d8bd2d37265b6eab8ab870,1,0.8907920013316522,0.10920799866834785
7656,05466d4a6ec379bc952dc7ec5cb09dec0dec18c5d9be380c36d569436e14365b7c96bf4861bfe37e0db26dc0d4af198926b4cea97575361d3b6d824f6da4fed4,1,0.8429106433745757,0.15708935662542434
7669,d1e46664676ef3f50aba1b4da3905b9e7bae10d346ad046bd1760d9cc10b24c251f3b2c4b350d4fa95739e312de2ab0f31e1da868335a1f1e0336dea8882218d,1,0.9030077364718639,0.09699226352813606
7673,ddaad77beeab4cbfe107e72d01beaf7972b1ad1583de31aca4870cf9178a44e2d1358dffabaa320d23ffe522ae2d71cbefb76dc19d88b65dc6d0040d990fb08d,1,0.9746470530648834,0.025352946935116583
7676,81fa7a1fed046e11cc42046ea67fed5adb529d239841c583169ce907e2c354562947729c8f15850ab52bbada6c9f8a21d7e877ebf3ad09051e887a24680d09f3,1,0.7483998783918894,0.2516001216081106
7686,e1b816fbce1080cdfaa10730a4d0b2b9fa24705f0148f393ff55c31c458d3c55d593d45ec71e37a4feb203678a6684144a9bf9a4465852e0afe68774ac921dcd,1,0.7440795280983994,0.2559204719016006
7695,73f505bc4ff67f29d16b7810cb44eb13fb367f1e68789c6088decd8ecab63634e081b964d8aa387310f39ce6b5b0d1d88bccc1fb2336fb74b9b585708807150a,0,0.9060085028839606,0.09399149711603938
7705,c6ce219366c8077cad94ed22f147f4e21d6bc7a39e55cceff2bdab92cf289606e73282626e26558aa8b00f4c4de4f3b8d06ad402798bfa753af907e08e6e55b1,0,0.3217311260416325,0.6782688739583675
7709,5317e6eed5807e6f2aa938292f6a3dcd9710a121679efe73f43d406d9d8ecf489142729ccb882c790ce685e7b2d1e212b3f5b083b04a1b38ac32a0aabebf891e,1,0.987245107444046,0.012754892555953967
7714,611fee70e9d5d2b3eafa48b02fa23b9241308cd6a9706736c78b6c9ffd5cbc6d9d7927ac2eb0023326295d31e41af0d6a347e348041def02f916c0f1e84e0dfc,0,0.5751684728851156,0.42483152711488437
7724,a0c65846788b68ea2649d10e94b01ba530a30ed8f990e8e5be0bbfdbc18e3493884b5cd77e9d8b723b93205ec72e9e837f1a94fdff76ffec06782e799630f081,1,0.9936060721010395,0.006393927898960539
7725,2bbddc8874ded9b8ebbd322e7ae03a0891882aea6707d606b3b47f101fbf091db3dd9c50ca2bfd69eb0c16365c4bd0830c5be099634b6b2cd8a33e853e7a1f49,0,0.7614166467942904,0.23858335320570956
7727,36349c78a75777af99814e165d4caa180d86bb597e29f96b2fa138e536e7963b11d5e92425243760545b05df97ea048b6faf308e63e3e1d178ae74ac04a1eb36,1,0.6613662637351585,0.3386337362648415
7730,1430882d0e5da4286b8e8b50dae8441047babb711b3f8f70af272130c01689599ed8cd41eba1bf091390afe1815acf30ac00f53afe5a12a6f03a81c3447057f0,0,0.27162751744275787,0.7283724825572422
7737,c0e4ccc52da7db0175fd2632d1c85133bfcbb51c6da2b4d08332d360caebf8c51b0224154ce7f3807c4a0083faae153e4d696ac06d6de3cd966c21cc023f8576,1,0.9928433098417689,0.0071566901582310605
7738,a6503ed1870f00faa3fb3a7b34aa300a7194215776e3f6d5061050cbec92be1b83d6c17d63620008b7a06287bd3928378ed49f00e7df8769a3524d8ea0b17375,0,0.25250608503434196,0.7474939149656581
7764,632b78cd275501ce07c01cf514fc40068d6feff518593ba196626e86527831e976f6b01da3f3c41e9e855d89a7e9fcdeb8b060ff930933cf0a380b2701d62ef9,1,0.6503640232730472,0.3496359767269528
7768,b9c0f30605b0acc0002d7ce8b0447df4cd0c2db5830bcf37e46319762a4df7ab00157987000164515780351380725f99cbae09d4ecd6ec35e6796eaafd0fcc1e,0,0.5312262763308333,0.4687737236691667
7774,27b45e7a6fcd44c596c74026491bc6f7dcf2957b943468c93c3ae59a62478b69c5b9c3dc65afcd7a3ddb686fecc1c68ed6c03a57158af619113dc42d4c27c9f1,1,0.6873491176642895,0.3126508823357105
7839,44e9dff50eddb1292208d749e439d151eafa96dd9001d356258a1cc7a341ef061f4f552f8a437c4ba8721e4a82f89c399cdc4ea5f68f67549992a68d67843983,1,0.5325867888832648,0.46741321111673517
7841,0f9831be1c267c0ca2075c9707dcc9b73ddccdeb9adad33cb8795fb9025ab9671792b3a38655434dcfdb0c61dcc96bf11db96fe227b2ca4fbfc05f1e17d4edc2,1,0.9574440207971935,0.042555979202806515
7844,f58ae2bc1299c3af44a424e0693f74f71aeb508d4e70e639d96076896ed245a8078b0dad900e113cbae320ed23898490499cd1d1bb4418ab1e3f05efe6716fbb,1,0.9386029436250352,0.06139705637496484
7849,8380dfdf86abb1bcadf967b71a33ff170021df12e203db330714dea1600daa0899202a10f07a908225df008c8c7fd24a502ac9b4142bfa6d950001dff93327d6,1,0.9624450827577795,0.03755491724222049
7858,4ad11b1af6ee2e7dcddcb58461b133a3f60313ed6104d0f9106177c685e8e3fbdc905ca2d15bad7e749886350ad042b76616b735f996ea1067b495f3be7f1c25,0,0.36210769097354206,0.6378923090264579
7865,f1b3bb72688f9661394198ca13f0bd7e1574515f779d2314e3a757af134fa9ae5e4083283c194380179c9a7b5438067a25c8750b006452b46dd37e389eb7130b,1,0.8682408026293393,0.13175919737066066
7868,e3273f240ad7c8fe2b6252328af6ef5722353bde6a081b8645f2213b77de34d2fa41b6f1d85683148092be25dc72dae6d5682754009dc1a390e5215f74e48f0e,0,0.32461837914477804,0.6753816208552219
7885,9b4ccb2fa91d3256c828dd589a1574d49a2bcadbc1ed5247f5cd84a515ad4526e88f4fe76572529531a63b6a319be175097a82bc1474c9ca0e4cba0ad5cf6f30,0,0.1311472848168079,0.8688527151831921
7897,4fa345a65483e76ad39c68c8cebf00112b2866dd71fa58b8f458234683ff2f3c002a185acb9417b0582aa3e1ad72725ec064e5404ab9467bb236d06fae7e5665,0,0.7343286563646187,0.26567134363538125
7928,7a1fd53afdf836159dc7a76e1a92bc360bf8f2665d48cf06fdf50cf3ae5888d6d5dc7f32b69d315f9e223cab0b581ac5f1c12560f5a2d22266b181281f63c761,1,0.942468867910317,0.05753113208968297
7929,4e9689d8e81a8ae98c467e16dafefcf86511a28651082cd4dfee1a60ea9d4dfc841e8fc55b38998bd652e35579a78649d6a52ce6da618da0a2934603c0c5aad4,1,0.5784538159186714,0.4215461840813286
7930,c13bafc304ef436d8e4189decfedf6543cd548d92357ce53b77f290362ade101a7dfec4f2c71a6ee102a01c4d38c0514732d6a887c77a8e08da6cfa579715d82,0,0.48416787027296243,0.5158321297270376
7931,e14c0e8026ed8c8ea4a952308abee6f9d1b8e6ae1203999f4316834f598e451e8542920a645f701dbbd6fe7125a299b6beff52c72321b485bc2cff7106b47e91,1,0.42102195716299057,0.5789780428370095
7933,1041bede9a9e50f9110994194406e2c8b395f57230abe68923e89cc577e6852df585e46fa9e5dd548a0985c095ab1eb82eeacb93d85105c94555e3d184c6bfe6,1,0.8796185661932268,0.12038143380677324
7939,a06c127350dc8fae3236746a0ad219a94964ef7880d3393753febc022aebdc8a1462878b159d1dbc5de881641ddfc7a717627c32e267becec089f75c55eb951f,1,0.9650090630875736,0.034990936912426385
7941,dd0a133ade908210a7e49e085539b31ec587ee0a0f40108562afe404e7add1a44643fffd04e05c6ae21ef6d2a9618d33f6840889025d2a8789af5b19ef637d3e,1,0.9339435603282878,0.06605643967171215
7945,5d63f02bafca7fe9637cf07dc6114325d86ce9afbb34df1afc751fe69e28d2b1b7d6bb8ede4e0f91e2dff9aa2e653f063583c512ba1d24bbe9d4370803fc7990,1,0.2866205137427197,0.7133794862572803
7962,a4bc8d9f503419b1cfb53975f1b402687f5e54e5208c5904d165ff6a64f484ed04491496b498592ed7f22fb3edfdbf77498c35f312fe08ce00f61f07e6e63a8d,0,0.43191374120607656,0.5680862587939235
7985,05407f612dae39d2be2c8ff587fc4e68a4d26a215ad1b73da47838ac1f88495a38194dd5f07422a8e0ca08dc2e64c98e866228e06bede15f35f8d0c65f765966,1,0.9809626805423145,0.019037319457685498
7992,144e74774a5d35fa37d250c94ecf70003ef9f8cf194548cec3d3c45fc952d44978a2cc02613fc0fadf10912f3c561eb4afc98e0cc8f26d8d147f157d2e50feab,1,0.933411042119901,0.066588957880099
7994,9644e1a6259e8e0318014e012ff43cb186b27fee51523efd89d6e96c8178b335fe530d8aa1d8aad7470fdf899286b35c80c3bab0b53e0bd4da4aeba38792b6cf,1,0.724895297314737,0.275104702685263
8018,4fddd3a7fb109b00b44c4317939ee530320430315c950000499fc4726cc419172292e42e81fe07dbc037f0966064c171385705e958f797175fbfa29b15020fc5,1,0.8540167597832174,0.14598324021678255
8031,1dacbed1c56ad01faf2cdeed9fdfe6f21e3d0621856b0f7dda061abad1ebf36a2b9d581d18cc4096e313016c46002ebdf67c2f3c3394767c9191bf6928574142,1,0.9221477935597764,0.07785220644022361
8052,48514ef8f22876833cbb1f1cc82e58af3ae9f594bbbf41c592196c3bbbd16626f7ae308605090b1ef8329896b1534bb0ecd77fa314ff0b116fe3dcce17a590ac,1,0.886218560241371,0.11378143975862898
8062,a3aacbd3f52fb8c8df3e69bc825b8b11be375b2715ad0ce77442ad3e1cd4a92951d18fea31f0fa1d4e8c4e7542d293cad9236cf14d670102da0cd1ec1f888c53,0,0.791828000668351,0.20817199933164898
8078,2a3044ee46ceed6c9fe5232c4d983fabd1cb923c96038a55bca79426eb7b939e8a23763db01a32efd50557191c3548b7c015dc316d12d79ee8cbd64e9dd792d8,1,0.8852749214782664,0.11472507852173364
8100,5e8b79ac14f314d3c09cb00e9a2b1ea6f16fce5c2472b8659dc1f4167ebbed520448fce174ce47d22d3e46f24e838473d6185383475fb68c01be4ccc2d480354,1,0.9848080359931881,0.015191964006811887
8105,67cd9872e3679b69986cecbbd2d1c59bc2b6aa98ee7317ee7f9431928bac70def020b011acfa73224b9f644e76d76da93d7e19d1ef6e340dd7456e791a865a94,1,0.6408988511357875,0.3591011488642125
8107,03a9b7075d6922c771d24b9ad210941ace484ed1a4f953227543faaaf414a526c140703fa453a79e6c3b867f1e629be3bfb9d2234722205ca2a37d1f1bedbf9c,1,0.9433399100388418,0.05666008996115823
8109,c43a3551f4933f88cdf243fffc418a1fbe5c8015282eeac72d4bdec921ba9c142181a318e4a4da7df7f4102200e901ad0c775c746cb1472c50982dc064050a9e,1,0.9312561889814667,0.06874381101853333
8134,02f822697fdb3388d9425bee1a63da2892b377d73781cf10bb7e79b5e2e11d96368c3f21a615826368fca6de69c27eb11521ed7595aee9857f33f115f460547c,1,0.7734247319339547,0.22657526806604533
8148,30d5b477d13b3eacbbf0b12daec925759cc0eb2917c71ed2cfe4c5991bf3664e5a83cc4475fc75e3bfb0b19d40daa69160165441f3797a675d7c591298664efe,1,0.9711947436854081,0.028805256314591854
8157,50b5a2d8b5653353ed4dddfdfebffe013685a0330e2ad3d83e890e27d1556c162829a4a6caf64b43eb81781fe886a968563abe4e6c5082750c99a69341460c71,0,0.7579470509437971,0.2420529490562029
8171,e37da41e468d92726cab5d7920c7cc66339ad59597697a4e95635767d2ddc7290105f79bb1c26eb1b257061e9cd800405e9332b0e3914eb5a092e015339e48ae,1,0.2399592990327201,0.7600407009672799
8179,ea372d821888d663ec577a9f69554c01f5297b16a9aa89fc254f7fe00622aec0711ab7c98367cec3fa84041baa5592ff08decb0964385424a7a34a234c6901a8,1,0.9570373789853533,0.04296262101464665
8182,519fdfbc9e4d9b186c4dddde35ab5d2f219ce867f4434e49af3c99b3bf9f56517c7908e9f95dcb7d3a2694498a4570cfb3f446c0afc1e55abe3a3a927e06309e,1,0.9787071104387538,0.021292889561246198
8200,4af09b4c2fcba3a7fa3f92a5337726219054c4c92088a70d9949e0db860c76aee3fea498eaa527fcee3d176779d8ab2724648b4197d4c7e0623fce4bf581f31a,0,0.5822002900080355,0.4177997099919645
8220,25e71647acc59674fbf542f9fd849eca1bf1823dd3b3e4b75983f654cdfdf78cb167ff163399c1f05071df52ac0652604cf42645fa490b13089f669c5749a303,1,0.7705103834983059,0.22948961650169408
8234,b16abd8087137d005f17d4c1bed5588e95f2cc19300cb42c2497373fa88b80a5b06dcef6ecb0a91d13f82b1dfc077e4458996dc963d131880dc74c2919ae0eee,1,0.9848121637513725,0.015187836248627518
8246,b72a9021eb1ada70f1e06401feb4dac10f5217c4bd2d3b8a95adfc447b3962aa1fd1cfaf2a14e9553b6701e49fd6d83d7fb41101d7878020ad6ad797b4a234df,0,0.9135358040482291,0.0864641959517709
8249,e88403dde1e7d76c5632628b178093ef4813960a6540962b3e62fa57a8252d9b1ad9ef9564a11acdd946085ea74f590e470631f1b0efcdd1bff7cd531c75a21e,1,0.940609493476706,0.05939050652329403
8256,051b4a76c23903e51e6977e97691342778e7efcac6fbf05db1b53a12e491605c534dd2eb96585f7889f9e8ff0daed91e966aa554618670743d2db8e6c0732466,1,0.347859607042557,0.652140392957443
8263,f6b5f3925ce228dc56c22977423943185a7b223f31ad362fdcb0053a359b26eb63c2b44d4cb4af439179bb993e84f7eab3eb7ea56cd8061854645655bd2d4f2d,1,0.9877329906178696,0.012267009382130434
8268,537f0ed2018fce5eb31fdce8a2e469fda743fb7c981c413e6de6840ba4f10a6e793c42a2e4e3cb335e889e25e0aab8ef34ad1fe62f73948f159d9df801b308a2,1,0.9676474484240746,0.032352551575925426
8271,04dd23f1e75d2ff2c0d4fe985e3439fc2e7958d60e857edf154497e94bacf2020adc70c444c6a0caed30f767ad924f4097e10eccb7c1b9791fa45560b0f94759,1,0.6515602630112702,0.34843973698872976
8282,24f92d4261a29653c9864f37512569f19b4b759d49b2236c25746592a29dc9f05c823b6da34b11e875733b6cc987c8eefb7e54cba11ee0c719fcb67987939409,1,0.9398425198660588,0.06015748013394118
8283,24e3e1b60d681368e6889b63687ec358bd29e9c2f33c9f47a3b95c34bcd073cd87f3d38bf584d886acff7d0222f9eb9cdb93982e33b5c169d6fc1d65a0be7327,1,0.6714164664879244,0.3285835335120756
8292,77e5a857c8d88247aca1cbdea0735a73341970ed60000f19bb51c555f7606d3ac55db3162350528dee1666599a05efe05fa107670818b7e10b2539d5261605db,1,0.36213182940883676,0.6378681705911633
8307,7272c5f2e77e971ca558a32ef663849bf022c060d0a7949b2d19b604016c0e59dc4035e64e1c7d4bae9f2be44c64e2b168d150b81c0997c2f237ea2ddfecbea5,1,0.8446518758185974,0.15534812418140265
8311,39e2837efb0a9f821c3a4c5752cda13f53291fecccd29a139764c6464b18480ff7a07161dd699cdf2bb9997b4867cc4cf663f91084fbd335b11748c5df0d1a9b,1,0.957587611501014,0.04241238849898599
8338,71139e9d6bd58031c7d33d4a54cc7797e5ce31c1e9cbb5d07d6f5cef5829f4247f379a986368d40851e3af0f786ea660d6e4da7696c68e6d06630457d8c71165,1,0.8897698997908573,0.1102301002091427
8359,8a42a515d22bf4ab717b1ccc1e937c4d375e3b1d03bf0cc0caca97f7d152fd69c8df267f3c906690c6a5f699ec2f76bfdbd1b1ab81c89947f0b0fc7955dec5e4,0,0.8253351529099067,0.17466484709009333
8389,49f1588bc31c2bef6f43b08afbb55dccf93e55a1fa7121cf68230fa33ea670726d9792af323d626db04c2b28c31b739c1bb21d572e17ac14a7b86c09460305e2,1,0.8773488636706976,0.12265113632930236
8395,e41894bd8fa6dba4f7d6c4dcf1f7c1691b52800aea23a3ebd091a2aa92f8b8a6cd9e43b9f4943970e5a9edb0a11ba05fcf3e0e4c0cb4682daa0df3f9116f58ea,0,0.42310995314256195,0.576890046857438
8399,b6705f491dac91c7b36571b64604af37a9300ce05dc6c59c2aba8ec9bb2ca9f2be91d944c2534f0cb55c558bfe2d21715a0bbedc33b67a29ab1c62933363e2c6,1,0.6892092451069207,0.3107907548930793
8404,f21f59bf5689b8e1d6bfc2ea22f382d8be3d6108a7834ad1d627e50d22b56aa32f1f4c0abc37b12b8bd0592ce3b53c9ee89eeffaa398afdb785600370f34589e,0,0.47030556825877085,0.5296944317412291
8414,95534fc8318100f37d48171455edfea947ccdaf79ad3f50e768c51bd37b3ffbddd529f0f4155c8e5ba4a87f48764102c138a80569f27cb6dce719b4384e2245e,0,0.12572871345954004,0.8742712865404599
8420,398667b8b0d85f5ee0d746dad2db3bdeeb0fba6edeeef1fd6b42c8e7b2ff4eeb212662d0849622abb1d4d52bfc585bccb65bfdad219f3944d8388f6911f733d3,1,0.7882946188947191,0.21170538110528092
8428,d0107ab8b4679b33e8fe2db916712292e95bf18aeac685bc8c3c34753e2a644edb6f7a848505d0bb06d84b82d974ac53a71527957e3419bc15cceb8e28ca2766,0,0.6674380182535095,0.33256198174649054
8447,30cf78877e6d0acd9841e4c446871bbc4976b5921ae079ba96fda9a0bc888493168cdf9193de07391085e3ad2d905a37d97e95d89221c98bd45f14d34e1f5a68,1,0.8502939478608252,0.14970605213917476
8460,47d4303d04a35730ad53025b74c4684bb31772adb220fbd5862438d0777e3c5a0a4dd1df0314d459cb269e2f324a216fbe74450e1bd4f662b3d9437f1d839a25,0,0.6429154528327382,0.3570845471672618
8474,4f821faf14cdb30156dcb2833f0a74184f3a4d5e3bf57f277e12aa5a9826f2224c6e6389eaf55a6a837075ebc1deb8aaa09ebc17f18b5f52f392b7c5292175fb,1,0.9489132692499277,0.05108673075007231
8480,6e062cca8acf8d41fe1571f2cc90021e1e3d9cba5ef01fbe6360d65c40d8e5ece782c0c35f356a2c0591719ceb083d11f7267a5471a7cda273660d6557f85505,1,0.971660546634364,0.028339453365636036
8494,fd05e83782bd1a1fe89a3f9f232f54540db16476d8d31740028bd53cb91e2496b63a75690b02888a56c158b4c2524a9170121e4b446d961d3d5996e19bd8010b,1,0.7192811725327449,0.28071882746725507
8510,0087671b7e59f167f8c9aa3d0ea00a7c37d3815c5d9df9eadcd526ea8b9f9724b187abfef8e794aab02df98ba8901a1041012c6ec42e3a1143dd961905f86702,1,0.9009534372174782,0.09904656278252177
8519,e9e51fa68f281157415b2d221d4d1fd15dba0f41ffba3d988bd094575008cf999a234adfdb6f0e4be8a53b878df255baf2ebefe86fecfb00d9572249b841f022,1,0.9455436361543382,0.05445636384566177
8557,e6c3140a19357f5e5299ef9b9f578c34d9ded4aff0d166a8d22ef9403595694dfce39cc612858d3842e39579bdb0a453d504f82964472313bb71bd7731dc5f06,0,0.5735920336120732,0.4264079663879268
8606,238f5ca2305beb50d646472c56a2e21a32cc76155ede557c8398fe26cf9e9e02a4b52d8438f48097b4e16c49951faa9772e56ff2d69c8f1050c93702902277fa,0,0.8304101184727961,0.1695898815272039
8637,4ac19bd79bc424e9bf999ac476da82854b8c9b8a2f00a3ba29f624e9121ec0d1eeee2d770dfc0d291bc5f8b3db66b951306d9010736b16ac0e42680856c6fafd,0,0.18027409863342436,0.8197259013665756
8644,4d744be8d41b32812bfa97f16f4a4c458f0c0878bac6a3f0cf5e3e1f279d4ebcdfe0743ecdb9a3383309db98821c9ab6f69983461ff8758703c2ea8b6254a6ae,1,0.9707796707295824,0.029220329270417622
8658,79417d2e0cc0ee30f09e1ee3d6a94f19051aba0df54694c1ec9aabd676e425648f485864c6b63acdf0843aab751e0add97bc76e0cc283874c841e81474c8a3fa,1,0.9111908294647992,0.08880917053520077
8659,f3423c55860d685153c0b212897555f5cc5a2b8beb63a009178e2191f7999e8a8fd12ea1ae266175526307faa528afff4af16730c40714d88f0438e5525eec29,0,0.26937061643743637,0.7306293835625637
8660,489f72a42592552c48b23dd3c53b38305bbd001841651327cbb5d04a431e4754ad4b8f4e6d26f01d53672a164bcf87468e4a084c7e700762ee5f59eae7811b7b,1,0.9410667981203569,0.05893320187964313
8672,b1e181ad939bcac2e5d807e72ffa74e985455ac07e17ca5bc20076e61082bb2871dc16b5d6d5c3dce98da15d632cd46bfebc9da5ff1b84facb2e34875c0f3367,1,0.2956975174454836,0.7043024825545163
8684,24d03bc236979136e9c56d642295343caaa103aa1e3daa473ba1d8db3a9abe2999f26a8c05ffac1bc3a0526bd4ac230a2bd0ceeb93addb7116eaebfe065f33b7,1,0.6602990589580623,0.3397009410419377
8688,8e7e526581582ab8533142d8b390051f6fae04255ab4431d8126cd0aad9c40e34890103beac195b39e2f07cbff8e96dc4721cc8e65fce7086473f0d4bc56936b,1,0.16100914795851096,0.838990852041489
8744,86681c658fe73f02fe0266c34c84935621fb9cf35c5bc5175399bd5105011500a804ba97c992aecafbee070b63f7a8a433ef14efed4205db310f21f3320009a3,1,0.672259617947478,0.327740382052522
8754,9fbc860174f4ebd50a60b380c3c3c2e1a07c0ec1ffda5e5ca1a452530edf7830a449dde20f078591dea701937f1917ac42fe2e4eebdcefdcdd32e0254c1b02a1,1,0.5114155596387124,0.48858444036128756
8758,0f7ed507a9cbe716bdc810cf3ba48aa458c8f71c858a5f4125af47782752356fb959171616573bc7574a321c2e4707c2ca2356730e1db3992b8258b314fe1bd2,1,0.9742660698401365,0.025733930159863472
8767,a5810b75ff492cf2555fc9f929585559b8b4f2cdbd7f7ea04b4b6855a54b68f0d06331da58f29dda2869b4cdc0ed1ca20935aaa0918e1f2df11f9ffc1745d46a,1,0.5801759789603166,0.4198240210396834
8768,3c5f9ae4499402acf2b582c9c7cf08c599d0eee8f5bfe6d4dc43848a34d844729deda4b784a15d588bad10848e6da3be70a7a6afc1d326092fee28ee778ac93d,1,0.6420296700927033,0.3579703299072967
8777,16072892eb736ccf0a4f293b5f54a4d73bf837d4d7f415a53d77125cee5cbdcbdb3c0a0853cfed2e85a8de505442de08f72d4252ddd637d203d010b7df5965dd,1,0.9868099276038029,0.013190072396197072
8797,68d1545d759677bd23bf87f3b135070ea150061deb10f8e24b2929180847cddb635bfdbbf7928b572c09fa21c3a7202bdce44f39816d2fa6d740bcd1c761dfcd,0,0.24196349198541942,0.7580365080145806
8802,d9fc759ecd363e8b311c6ad33709e613906ef2c862c3f2728e513745bc71726f191c34828f4369ed817048a02c4ce51f6635c97e2b80fddd938cd57c81e8e7b5,1,0.9543243066579963,0.04567569334200372
8805,f22a8ffff8c68db591fce2bc867a4681eb2020063283fcb81ea22540e00089adbe89547a4fc5ba0243cff8735f2feaa41754a43fa01810ed66fa35f684de2060,0,0.40637459124951913,0.5936254087504809
8806,030d6ddc2056e252dfd4d25f8da4679853ece30ff45768e4e8887b345a3c88f713c3ae0fccaaf0cce548d644e1d883b6fd9a046f99d3e886f2fa784c501a521e,1,0.6394994788837881,0.3605005211162119
8810,9a7685aee895819a47efdb7fa37c1a1b5bc696081106bffed15a7f2f5f0a882913323d550973b554e56b52212be3acc3f7c446a5693353ca89bc6b8d83f1c8e3,1,0.9481523407180924,0.0518476592819076
8819,7c695366ffbf6bbf6b75deab7031cbe45d3230d9efc3b26ddcde64d52c2128069f871f162c4dcabb0c41a2a250bde8fc2daead1c45b8a0b582a821a068318725,1,0.9472036330664859,0.05279636693351408
8843,44af33b231e849e94af2db01c241b11160dada25ccb5924bd87366859c0d831b9e54c63be0a431b2280846f6332c8979ff6fc3de9e64e683ec9fa7320d0b645b,1,0.9929068555512222,0.007093144448777844
8855,1be0199e6bd0ca2cf51f067e65ece69f080d31dbfd8250c0f7a8eb35528f296dc43b82055ba166dd432e934f26d5d802ebb79326701a84aa8ccbb34ed01a13d5,1,0.5495802851878384,0.4504197148121616
8859,e34a4506f4a2022067093d849d32da7245203738b1fae95584f61d7e5dd936a0a250c323febbcdfb483b2320dfe010e231c4c74742918a0a63d8c55e5fc8d5a5,1,0.9531279901553381,0.04687200984466189
8860,f0a9d2b8706b4d930a26af8bfef93a4423e42332764126907d5dd3ef234777a595b4f5812ebef51a59b4dfaa411950394663bfcf430b049cd45e4197eeae8027,1,0.8930529948761912,0.10694700512380884
8866,869f6a54ea53dca0abc22e18a3b40a3698b94c04edb45c16219b271064d9280b0f73aefb55b30df649a4ebcb935cce25d552c052c3cb77f30a97e72bc01e458c,0,0.4075045151193601,0.5924954848806399
8872,64a99dc82f4353c2e38c9ed5ee6c933159ec2ab806e009d6ff8b927cdf713b7a2d6da3cb0211cad86676bb719f0bc7d9bc39c075ae3c44923d88da2f8e544c70,0,0.2662310661876906,0.7337689338123095
8875,46d34c1facffff6e367a90421380b671351f846e1140c412531a87a4e5904a214d84ded59f484b8cd597ecc423a8aa0f38938f02d9d8e19bb810ef1dedb3dcd8,1,0.7866072511053981,0.2133927488946019
8890,eb1faa43615700f8719de8122aff0e90ed7c5092a32d612e0fc720bf5d05fa2e3a4eef0e35c4985a6732bbfeab70f51f014628c757bbd6ca6b922858927b4f18,1,0.9670849068278142,0.03291509317218577
8898,60376c586f8356afe94990196c62d0373e0fb208373d1080c7e5784a34ff033c49173c2f42302154686fb94223f26fa8a6d21365291c8d686e79142cac786e07,1,0.9268611812481149,0.0731388187518851
8905,2a13854a9ae46f407124094165c27de3a6e12028f64ade940879b26c5fcce2401a28efa532c7afe980432faf1d63ba1f80e583a91d8d8bbe8927b93372f7ee0a,1,0.6801655966772953,0.31983440332270474
8918,5a8e4844feb81973f2039ed20cff372113fd5557e6c3057d86cc72263957fc9dbb008a598052fb864ce55d7d876fd9ddff1123f3cf2752ed1aa054d7a8aa7913,0,0.9102664414640163,0.08973355853598375
8936,3e5793525452e7ac6874196ab6dcf7c184d554f384fb4cd5053f082d940f6771a614a1dde8ecb4e4354eca815826e56bc453caa723a97579ef7f33c66b38d140,1,0.36747980230246396,0.6325201976975361
8941,b0c742111c47915730b7be3165d9f8a62b59d833d0f900e47da9ab8e998ffca4ffc321fe85ebbd7a989021edc92f36a7309598be402be4f88f67ed035b004e9f,1,0.842714746311468,0.15728525368853197
8958,27bb4dffa4674384802d605a007b74f9c3439251f7f6d7a61e2581133808ae4d4849006a35f5ef171eabd4b82bfa14dfd5744231a2e834ccb3834b0f756ef359,1,0.9226484185823175,0.0773515814176825
8964,5754070b4107034a3d110313252e280ad8d82526f55d94ccfe7558da8c77462eb9eaf45df62d67244bc6316ec4dfb54c1f444a055fb6440bd7cf4bd8dcb3f1e2,1,0.9696516256477862,0.030348374352213825
8972,2ec58f9345f5e8a38fae31556f33907cc29c265b440020470f32ce5bd627652deb61ec16e8126b2d9c2210662d559c1a33e40eb51caf6f0ea4ab5ff17587b5b3,0,0.7135548198682977,0.2864451801317023
9005,45bd39a8c68679d7e352ac5cd25efe0b0e05d87aad130afab28f50560c5b56f169792cc9310fcef375d6acbe05d00a48b9f52b1c28e50294e73bfb303c4070f9,0,0.3725807622207364,0.6274192377792636
9016,f579c3fc2f99e3844179541043f880d8341a64837afa92e264bf7f908b4d2ae882a9556df6a87a7afcdce07fc3b64e82599d8f0026a57ced2e975d16c29ed12b,1,0.8101643732260291,0.18983562677397092
9031,f92e09635d277752797291d31d5858c1fc1a22efc6fc141420210c2ca44ab461ae5a904add51c9b62a8ffdb89cbcd0ff8950273f57ce66da4d84ff8ed937c794,1,0.5517150697099975,0.4482849302900025
9043,3817033af33328831fafe5d76553b40daf5cc6ee510be61f1c43a5a2b575b8fc3f231168c1e0cbee48d5e333d5470efc88d23830c5fb22335660cc881e613424,0,0.40918339940292336,0.5908166005970766
9053,e203f084b253ab40bccb405657e6650f4d4c87162fe0960574c971de415d72765ba985d87633ac81f7b3f41431b7d0e5c88e5395fc242124b2be913bc3beaa74,1,0.9882714529505378,0.011728547049462246
9078,06d71531aa38d985f29324bb382df1c5846737e19bc9a60308b4ed6043c6e861d48c9ac84575413e1c7c653c2cc6dd02e8ef223422edab00761b21e6cea960ad,1,0.967897762583261,0.03210223741673901
9086,a527e5b2578cdae8f077d3782ce6a62cd567726722fa69caa54b59697a404f37c8cf804688a8b0344fba1609e386a93b6a5087f6f48bed00dabc0d30bb3ccf9e,1,0.99095940508778,0.009040594912219979
9094,21622bd204d8c9a7847d89f37fe806f9d0f2b5cbeba55683cccef33dba2bb220848e2710e77fb43243af9c9436cfc89bfb87a2d5fe61a16011c030559cfde59a,1,0.8496897168536658,0.1503102831463342
9098,d9f5d76ed6c1ca07dc2b2799ae74b5b37c6deea8f9276961f9702102ca5355920bb8b26cbdf877eceeea69c2be6b96a1f0213beadbfa003391a4f7b793ac03c4,1,0.9909817016631395,0.00901829833686052
9100,5961bbb179970b5c3ea97909878bd1f810c41ed13de0312e4b5cd329536f36442cb68de9b478ba16519bc389cfc560d538f8577c506d176582ac1812bee78a23,0,0.8113381806406109,0.18866181935938908
9104,aeef093e83c3c7996413d1b97ea331ae40378e936e525ab89b854f6526a12c594f37bb39d9f033358e216fd376d21c542303d8eaba251765b5d3940c77e3bec0,1,0.9778880262571326,0.02211197374286744
9115,e2e824416a70d3caadc130538e349a505733d9323ee5175210b42ef120f0e8b8224e319674d100e965c69020ade5f3483a7aa33cdfdd3a89ba8bb31681651e9b,1,0.9122893496412865,0.0877106503587135
9117,a803e2db9b3ef036b136658d09086b2f9168d02dfb1e1669955165aa97f1135cb4718d464d338af6c42e8b46aab3fa4d8136d6c863f0ed5954cc624f7a6177fe,1,0.9696096309910204,0.030390369008979623
9119,b9f02ab27d67362d61ce77592cf1788235c12aecdbfc63ae3a4ea796f869a62d0076b4fdf79bfa3e29f237b9fe856037703cc9db012246f2c9c0d0ff64c873c1,0,0.8915627736461192,0.10843722635388076
9120,4426f3544e80181a08ef43dd5245f3ea5694957e4b39facb18830d884987284d2cea4bff4e1ebfeba1638e09ac7b2e38e8f62cef15ded27faddf0a5a288263e4,1,0.9121151583398922,0.0878848416601078
9141,f1344b51467643f406d3cce97c3cf44aeab200d7598c603db920485f182237f8dc4d2e7bd4f83aaa7c988d43defe18a7448e6c8f9a5be2ba60917a3835aedc93,1,0.9602453296782143,0.0397546703217857
9177,e182efeb9323d6f7c83edef5b65bc3f5899443e3aeee22750fe25d211797e1d109a78f43c23449fc272481e243c9ffce28b7916e763045c2fb9a6f4ed3f5d1d2,1,0.9638291933413696,0.03617080665863037
9203,17816402ee305345826f6e41a83a57c5c7396dba735b59414306dc27396cb52bbe4e473ad61e626c53907e71c4cc7fdcae1b47dd793a5b759e650d71def827c7,1,0.967828071356407,0.03217192864359297
9214,412085382f9b4e7ac0d24c0f9305d7983a48dc9c2f6929175f05d318838d46db6da2aa367197e2aab4bd5c1d74960d0f4137d076b1c4c6e0b4e2157a86c2861a,0,0.6257666609782732,0.37423333902172684
9235,d1d8b2425617ebff7a7c04bc770c55c7533d829ef0b19279743a28d727d37e66d9c3fab6427e761b6a7b021f55f820fe47501aded3f5df360eae2902188ad575,1,0.7184953022064661,0.28150469779353393
9245,71f0964e94fe090634dfe4da8ad73de573567dbd9c25a3006314aedf0612db3edfa4fb415c9acb1afb9e33e390faca86f711a09b1b214790a0040a5bd0f74bc0,1,0.9605724403853109,0.039427559614689134
9250,d491cb5e03113916d1e42a697f53d5b4796d967b954b04fa2a989f800f0ce0278f8fffa5e099802f980ac63ef16c661ed93d76d72994388f2f96ccb749f73175,1,0.9742089259446811,0.025791074055318886
9263,66c2d40b6e83973a80c2bf2b1172beb5d7399bd4f2361f957d03dcc87b1f1cfb9d044b8fa9bd23f2c29a2616c032d26f6c42b0c607f502cb989843e2efd07337,0,0.352114342331815,0.6478856576681851
9274,8d682c6a6a508733718d0eaa86cbc15c31ed95ab043b0ae410141a2a7e426af09c045250ffc51655c88927336a36bf224f575a0fa64a0584c28d86816cb1660d,0,0.24389880998538893,0.7561011900146111
9295,7d6b3890861642bb08a50920a74eeb6aad1e3498b46cfac2c91b602f231ffe6b21960c15b81dd9d76bf17d965018fdc86be3fc0a2487b510236e2ac92e77f96a,1,0.9711258773349066,0.02887412266509337
9309,902eec6a3f1e22b6c65fdfd0e22cd3d7e9ef2becfa20f08f1f629f7a41ae2e6b4052f5b0792126565ff3342bec79f8c1854ca47ece09733b4fbc00c226cc1a14,1,0.7142422700547705,0.2857577299452295
9314,c77ee6a32386580b6189e22dff87b113a57a24e30f477149ef4614d8e268778a0bd199b5523086557826cf39e3ef1cb3655a0bb1edbeaa18d33ad0ee087e9d91,0,0.9389060436212703,0.06109395637872972
9332,09764718635079dbcaa34074cfff6d27fe6047ccd7580baaa22ba9fa755c9fafc68698e9c7e439e8830bcf165833aeb8dac1e50330b7e54f42a08a02155255ec,0,0.4623460540997414,0.5376539459002586
9345,402d1e1fce331d59ad1c196896d2edbc02a484a2bae26e31756baf373e7b986bf27e55d7482518e71197baafa28bc648d6a11f0c702bc19a75b9c37bb13998af,1,0.8255605159286413,0.17443948407135867
9363,1e0bd1bf6219fa86062e3dcf2ee599f9d865d0e70f3fcc05fbafc31e6bce875c68b34a6b4cdcb3197086652013896717c052aba292c70d4862d0492e93c0f23c,1,0.8864687536033621,0.11353124639663792
9376,fe4330248b92e3332a8662db194674a4fa3d72860f8d635a9b0ff5b90af6f4a211fb14e3ccd52aeb7d358c6dad772027e0846913804f03adab54da1f44afdd48,0,0.9633627551145012,0.0366372448854988
9380,3cad0b78798a6d542be7c6ee1da68f1e9f097435459d55da0f193f602369b8ec428c54e5a76be2cd1381627567087ee7e1ef5c5f4c76f4257d0636f67af0d6a3,1,0.7863297066395295,0.2136702933604705
9385,90b96d9d082844cb7db085f43f506c5239ba6b53df3f06309621657bd2d4c4bba5e8ac95531f7f5151449cbb6911c84d05b692c45fbc6c826c466f40e21520d6,0,0.4978826115168195,0.5021173884831804
9397,8d2aba049e46cc46f61ea132e0ad3709a4d58445d2849e748ef2bb57516486197a0d2f8bd7507ef5ad7ce9d7c1270d8c7da70e086045daa6566acad3da49bdaa,1,0.11973003022974883,0.8802699697702512
9401,d1fb5f689c0f1bb96c256763a76022c8e78c174d5c47de8bade47784342006bb17d4e1d8e0514c0149e30042f3d63e8d75ef53c3790d28749d4532f14b9005f0,0,0.2778941812791731,0.7221058187208269
9423,2a7048a180452460baa740a4772b7a24a80384000ea896ce8ddbe3ed7f55190fca7bf3e092f20b879ce532ff34e60049275ffe8a4edb693a57505e77de740684,1,0.6820599041072715,0.31794009589272854
9434,7f6440843bf412a5ff9955eba8c9893863a5c361f41229586d7f3f5a2436a7b821166e2ad1c5c52dc87f560b762740bb180dd27049bad1e09656bf28585c7149,1,0.7187507718047168,0.2812492281952832
9437,17597815429c8b7d25271c1a7ce0225b2964720c62f4e00a09e22ddad630f33c0bc950e5c51cf919dbf79def8434976adc8e3ba5e83000b9318d510e62107f53,1,0.9901469945044566,0.009853005495543354
9457,6df18f55b6ec8e2b9d60351ed4304a3e2c8c0161246cd73e3a41f41e27cb4d793f00fe63689838967b8bebbe80fb146ea0b179411e99091c5f4bfdf5d615c608,0,0.9114712932170107,0.0885287067829893
9515,2d668beaff42145a88cac44ae8bbbb7adf129f410778dd3a8de2b311ef1647139e53ee515f209e9c2a6cf4d4cdfb3e3043de17deb465dac94daa482c5d276c63,1,0.4217574386709006,0.5782425613290993
9518,d5a31eb891739643aed697ce97824d61a6b929f8b3f54e108316021592f8825ac84e02f7bda796f101450f475cf8e044aba82a964887116cab87672e438d9613,1,0.954356082294551,0.045643917705448955
9519,7d81cb928c1aa41b44a9bde35001bdd9334b50ef2c8062a5dd9087e726497957bd3088e60eff8324f7a7a34b8d1317328bad54967e3dfaa1f58f9afbfde2030e,1,0.9866922264468259,0.01330777355317414
9525,3bbb2488c294e86f8b8a0cb4ebb0f2063bbda41581508f2c31c8a6622acc9807ebb35cf36c2ee3a81757814fad37e9ff3acf8314dbbd0d20142246f1c6079f98,1,0.9793244245151558,0.020675575484844222
9531,6c62266fc01b957fe8a7f8db96458b51f7e743fb706dd60eeabec1628618f415b56fae509e4a5b6b7c66303c1c1481f19915005b9c973a6efe511cfbfc3060bd,0,0.8201455887945651,0.17985441120543488
9544,0a6ecac4fbbe20424fb71ae9aff94ce85e004031fe0518282f0207effc0fdac8f609e8e6103d1dab50be748e1f5bcb6b3c3243fd48dc8c1193181b7bad35d172,1,0.9687737959427742,0.03122620405722576
9550,caffef6498dba316989d759e6aee5ce5f8322571875c206a659a60ec053a6b8dc1153992749d93121204a3129396aac86b91424e102e6bae57c8d816d9faeb46,1,0.9712257010944013,0.028774298905598683
9556,cc17c8fdc2072328f778f7855868e96287213f1ed79f11752a66fbaed3c958aa755030d0d7ef0edb83a3458d8a430f8b2bb6219d0501e99142e2012d7614127e,1,0.8949509564338467,0.1050490435661533
9574,104ec6e3a27c888622efa7f28ecd421e81a28cd378bc8a52f773ddd156273c7dc983b57300e1a01cd1935c4e2273beac91b1156ce79631dfde0ad7318449dd47,1,0.7145846118486417,0.28541538815135825
9577,1f6f1fe18dec522447e7997da699547ea3b2001b511e3030275997b8faa9e137cb6c7dbc813f85aa4a0a596ac58adc960fba176ab6f42fd8b70dc2f48c90ef78,0,0.8565741909498753,0.1434258090501247
9586,21570b2b48329c335933dc242414dd1dc20e76f006496c5fab87c3ee81cb35c11232fd8595a33d65f7a552a3557b8b31965bbbe211d40da9aaa4d433bb21a764,1,0.5232170353965471,0.47678296460345293
9591,d0c64704d4ebf98f4e2e5827de8fa0d1823540730206908b2193cf23bfb0f59116d79937ac5a07a62e8f62784ffa0b459d101a6c4836e171b452948e837f049a,1,0.8867049661864118,0.11329503381358819
9596,6e155e1d63318082c208d6dbdfcef2a59fdec721c96d763dc334462886eb9737513ad5066d055dba47623a1e90a6ebc98ef069ca5d60bb6eda59ce0e59376e0b,1,0.8174645432070908,0.18253545679290917
9604,9aeca11a643ced145ca460b1fd0111e7ede5d861ae9da72b6634a26e7bfb8f34ad269558a1e6874abf769a4912622597f2470e07bb2106a196727ceca55ab41e,1,0.8726828193821264,0.12731718061787356
9609,69b9b39283e5e7300f377a6de9d41172521273797fc4b1d907550f86d1c3352b00b4a1767fed8b25efe06c1cde01df4ce8577aba5730e602ee8e98286d0d75fa,0,0.8195895468955307,0.18041045310446935
9634,1807b628c33e55bae2b05f02ff0b26fe57e632b7d5ce58b6e919c379d4a840a15bcb6388103ff8e3568348032391bf4d0ff64124952010e7298df322265d26b7,0,0.9539968994327911,0.04600310056720891
9646,aab50084e9be15a529de995b3d18ad375ac1f4facdda642cebf1e9465709092e242173342c57ba091a354febaefcd57004dd3365677f3c6677989e337260ef70,1,0.981390758035908,0.01860924196409197
9648,0b52fad01d5f470a0c50023b994b58ce7433b1035ea9aabb351225d15025f57f6ae97a743e9e75bcf5888fcd7a8371a9bbb1ef90d462c25c4123be53dcecae72,1,0.7021076721984655,0.2978923278015345
9668,83ef92f45051e6cfd1aefcc67c892930900489d39dfeefa75415e650929255ce562271d819ac0443575dda42152980792d56075f67992d253b4acdac24d9ead7,1,0.7395298228380325,0.2604701771619675
9675,15ed279e4bd6f1ad2c482ba48d1f9e21415268bbab0f558f30887ef038b53e4d1e8a1ec2de596bd1707ac53288eb22a8d0dd90f38c4df7af2f6293d77ee8ca49,1,0.3491092769501885,0.6508907230498115
9679,096dde9615f29f822a01980ff6410f18071b9c930e9821374e560bc28875e0ebf9375042c72538b66361f1ac06509513f721c0dfcc157ca399b9ee3068742985,1,0.965355385135078,0.034644614864921985
9729,3f01a47cc3f216067479a6faef3faced610e883f59f804d46a75b5d811c164925579f0817347561b4cc7892f0d12faa4e2d329645e06bd3488f5cadd9be61c76,1,0.30698059404718747,0.6930194059528125
9732,1a0ceb65d0431fbec41f98c177455076d78a4bc481eabec4cd140c0afc7e7937fcd9e369673716a5995550afe4d3947b64b8274f8ddbb48bfa1f5d78f640188d,0,0.4184354018569609,0.5815645981430391
9733,90969cda7bb68666e4e8a1d24bd64845e0a473ac83bceedcbb6a8806874b34f21b28b8e4bbbb68140df1f59fda4b35ee2ee8693b0286eecf3912f840bb9e86b6,1,0.9884479990734363,0.011552000926563721
9734,fcca10db8736e448cfc8c340488cd3688b8527a44b75885e5c38e2009cb783a523e12defb71f78905b9aab4797564d25ec48c221556e113b35466cf2799b17ac,1,0.8684127791774674,0.1315872208225326
9784,1d7505bf0d945ebd782d2c04834ffefc934e88300583053f063b95a9253af69998aab7d0eb984d13d7e959490d452c2f6a23b4f08dcf5c877b13c795f19b70da,0,0.9156646121099272,0.08433538789007278
9787,b64f1f22772fb9a9874b4018126b1bbcfe5b933ff2ec68d6d074f680b86cc43a98f880ca9cbc68d77aff6f3cf8283e8f94a6f39779e532b0ee1b55afd7753b5f,0,0.8042788723898555,0.19572112761014449
9792,9356cf63418abd8ea1fb1ab923b66419f12bd6b537ddd4ab00cc865b37699fbb8b2e13ed2e6bf4d479d5491cf959402385b1d47f026534b89196fe4cec0def24,1,0.9687117566128836,0.03128824338711644
9795,bd3ea4e13ff90de15e78bd5b95177b9947d0ce3bf690bb6f53e841dbfc51b75f3636a5f7588d75d2a83695df18a070408f6e01f36c7ac0390b237ef62b63e6a5,0,0.6847941338663172,0.31520586613368284
9809,39d8ad1b85f228fff3f2e6b26d9f960a41bca787a1ed57e83bb0eaec17340760ee42e4e2e3b677de037880b98b88f1fb558b5676d3206b2380a5c4726b072ac1,1,0.8562425407262803,0.14375745927371975
9814,b21f5221b24dd4027f03fd78c61c6f5215bf84498e9517190576fdb3c8a3cdf9e25078dca5c2fae579af6d9f4335f0198f6c18d2a1308870dadfcd7dc75a7360,1,0.3245204195668655,0.6754795804331345
9823,d7a9acaa04daadc881569faf0cd7d60c0d1873d5afa4382564a4b6e37869fee28cd74ef588177304961087e182e1a71e6fb95e727c84d13a1fed6e8abfc42dfb,1,0.9268408844445144,0.0731591155554856
9832,1c537fe9b04eac3560f96e3fcbb4a8e032d5163d5f88c22504f1ba8776db735dbbc7d292f458a4678ea6bb0eb1d89b4ac2a86afa6f02795a29102235cc41ba6b,0,0.326273878701926,0.6737261212980741
9843,c93de6d2109b5da7ece23f97928136e234d28d8a347ea54ae41697cfde677046037f374db351dfccddffa64df91ea47aa797962a2e2b0d6611b7ad69047ae9f4,1,0.9587151466551692,0.041284853344830785
9847,439b93b0c316a6439fc6cbe1681278b0b8ed2b632a080472ff6ba0261776155315fe3b6b44cf9f7b84fb332c42f56d59572a880567219f4b18bcbf6042c775e7,0,0.27542644762813406,0.7245735523718659
9926,6b605ab3e44d064cf055d68f3980a49e6bffbc9a67505e48b17401f8931bea916760927812b2c0b319ac4e9b8042926aff96572837c3e6aa3b88e6618620fe7d,1,0.4564546502381728,0.5435453497618272
9934,97ec672d28da0988f7107f93204eee8f174a57ba3aaaf04315f634cde1ba9613c9cf71e5dc79bf36f4d71ff7afe6eb5df06579d61917c74871c9c060cceea638,0,0.8115051650915893,0.18849483490841068
9958,4373f396f2386fc357c204f57c53cfe7ebd0ec2928e4b3ad4cf6edde75414227148111d34168b629c09c6ed0a40de99b5d3a2f218ed0fc811bf44c2e2a48f2f1,1,0.39512839674491673,0.6048716032550833
9988,546d5bd2a78c7e7f57cb7bf9636dbba7184f1d24b1026049511a3a014b6f7041bfc842af506e8c958f60e0f582c499d4e63a168305f57a1f46cb4e27e159c693,1,0.8255418756368251,0.17445812436317487
9994,4e6494bf38330d5126d612b91a39c2234a5fcad8d09d8ae8dd1df5782bb456bda0594ea12b49f09e8eef491c4515a77699b4ab10695597acd96add88f6d5c6d0,1,0.9359610379808763,0.06403896201912374
10023,37999e1cf00cddc0cb8295f24517529592ca769483eaab20500c1253de25d1cd85a57f37d94720e748fab2494254daf9a923c13f2abec09f13c5af1f7bb10dbd,1,0.9833202846234818,0.016679715376518245
10028,6d22e60c7b537b742f6c4b6eb16251aebabe473dcad23ccdb74d248e34220e3d8601564c0e1b4648e25d9b10eb95eebf4327ff61b5086867b610ff6c3b3c0ce3,1,0.7248486659600273,0.2751513340399727
10037,94d992e82ab1c3321572a4cd50250d2658090b24187ce3f18655bb70deb7b9dfce5b7c62c519ec3e24aeadd7137dbf14a6bb29128ccf40c7877f911df9f4e269,1,0.976119190403695,0.023880809596305008
10063,2862d9079822bd41812f773226b3630f1df5b063e25cdd25878cb13f50df9b0377510c4f15af7f624a560b712bcee6417b885a84a2ca0c31a6e168aa8631f2f6,1,0.9694699291209453,0.030530070879054683
10071,8364da45446ebc30501ce503e3a00c1adada3c95d97cacee0a1e781e4f2121662d8b0e416747afce3642e7499d35b8482c7a89f2645ea7754c3ce44a0705e951,1,0.9620547415134003,0.03794525848659969
10084,5bd5377ed40e7e1612e37f37af5e7eb9bc7509d621330b374af2cceb4408f66e885fecd04941c3804c1a25ac5f31b4e98cc7a044ba7946567cb12694b994cc3a,1,0.7895743602437252,0.21042563975627482
10088,02b3588b7972565bbb95398838c4b81591cd8d9995879b1c3959f40e3015869facddc67719c8abaab9997434ee9fca3c8c614011dd535d352dd7a8badacbfa92,1,0.9802905325292891,0.019709467470710895
10090,e6d4c86700513fa6c4aef4b631864a126bf73b6c262b05335f9e5cb930c1ba6267b18d69196c14b067a44356414c408acd3be6dc6697c21e05aa76480498a7cb,0,0.5706237428880357,0.42937625711196425
10091,c84bccffd58766845523f93543e8f93cf8bc36391fd29bacdc899269d21b6f3a77e4930885c310081a05f17474963b81243468e522d3934eb09bed942129e8bc,1,0.6734688355539541,0.3265311644460459
10101,c575a0a2dac328a3dfdfd8d62d2cf7e001f790c5db04c5cc145fac14988ee46154d93f7325605f510fdec76cc5e731793e0f94f70d954cb351efe1bce41fe76a,0,0.3247964277904137,0.6752035722095864
10103,493966fd34d535059c638c2fa1cecde3bc882842ac93b95cb59571f9fffeff88de5c9834ec5da616e6f02925b790d2ab0bb71ea89ad5eade216c9f18f71e3380,1,0.25188499511583756,0.7481150048841625
10106,50f382ae3167181226842d715b4b2b048fbf21228bff9e033b8eedbf483caa1d0a685fc82f14eb65e5e7a5db5e4614ef5c2b6b63953a38421ce49faf9adbf1fd,1,0.9591781692581566,0.04082183074184342
10107,7db0ee513c7b8373df18a3d284ce667cb195e183ab6742a098f05eda470a2d83c54c88a0a0fd18e4e96a732240524d0698fc0fece7b7f2818bc3cf528ce0afc0,1,0.8656793753512501,0.13432062464874994
10128,84fd26787ae6a4e02b616ccbc35891cab28f13b1ffd4207b92646e802f451ef641e38b5558abba229fc9bb6b822b6db03f3a1660fdfda8afd14b8d4c59da5968,1,0.9755174376655165,0.024482562334483537
10152,f6ac30131d2a229b0d28e4ae96339178bd90dd65acf5628f4e8de15e638d77511f5d5c492ad1eec28c74a5ef60e70021a9db9d8b25b87857af7d5d8fe6064d06,1,0.8440519028365648,0.15594809716343516
10184,00c9e845fbe2f2b53c14e57c76dc9a683d0df238bb296fef949c85ebd4760333226d4c280e8045bfb0baf00231183fdca8484ec5d2b5b454ad2c860c184af6a7,1,0.9757114286365905,0.02428857136340945
10192,bf24e6ddf189ac82747372cb145e2162f88f7b1bf42a816473b1748e53c14d13eb41acf3caf7d21d2d1e087486255ad4b7086474e44dd774172ad12b23aadecc,1,0.9656812128289033,0.03431878717109671
10193,50233c6b5d2da3f6d0609299a43f6a5e8e9ab40b2863e27bd63de5f5b766e18cfcd76d18002e96c8b172485885963799bba43c073f99f780910bd8afa74fca79,1,0.6456179604366369,0.3543820395633631
10205,22bd34616a1fd572f0a9ce4ae9fce1a7adddc015a38842151ab7bcb358514f77bdeb4c19b89cb798a6f1d1f470143025e6eae4e7e9ee503d92c629ff9cd20a14,1,0.9645161220046221,0.03548387799537789
10257,fa3b59d06a5156381450bed2524213659dfd7134b1c072cf035997e92ce855a1d560671e21bb83db9123a7d44dae7a9cac473ff279cc898619902cb0281b4e98,1,0.7554492046012652,0.2445507953987348
10265,daf556b3aa3491375bebcb3baf4babeeb02ea512a581ae58952addd7bdcd9ae928ededaa6a843d46725722b4814da8850367968d19403f5bc2eb1049af43aeb6,0,0.7137446638187985,0.28625533618120147
10270,76072042ab9a6ac9a1530c4d666324aaeccbc1c6d0e3cf58f2f58d63a9c2fcb8e09f8f20c4d0ae88b5eaf0d2e88dd380ebc58b61452145d739985c05408744da,1,0.854942773850295,0.14505722614970495
10292,3c84f46457da35bdb4c9f79a05318c4e2744c130dc72f89fd69a1bfab63325830571d9ca78f170be7b68c5a101b2436d1bf3b73559e8347a5ae1ef8da6f4594f,1,0.759139583906734,0.24086041609326603
10306,00b859f8794cc121634489bcc309efbbbb7d5f03194aa4b130753444c9979491f4d42047b93b629a30edb70f31a853f677051e20055e41ef281bccc4bad4ce06,0,0.5450284487274439,0.45497155127255606
10307,9176d1e688d7a2511271df560e90b927e8a30b9967942b9e161a3d0f057ad7ab5099abdad5bce979bfa9936391485964a23332154ceacf08fbdd34ab8c61fde1,1,0.7968466339362588,0.20315336606374124
10311,3e8684f99cffbda96644178bbbf085160ece51fe0fa149a71cecabb53f8dd7785e5a5bd420d0c447f3c7bc39247de01aad047f781493dda524daeb38c941741a,1,0.9871784316231392,0.01282156837686077
10315,a144e2b207af9ea3582a44aaf8e60be7b7d0429d3603631fe03a5a75781a9f3067bd40520b297a101723f94363090d2dbb9483f802d85b91d479a1b66fae5be5,1,0.5146758510615637,0.48532414893843634
10320,45334640cdb6f549d81f602356519f3d2750c875dd0d6a0dc28082c986f5f1f75763575861095898d00f606cd6267a68071e4e97760eb3f40670aa013810bdef,0,0.5501258194141506,0.4498741805858494
10361,6cccd2a09ef71d64f112f3517befd8540728659a01b0d90d75f5201247aee55841bbc186e53e29d3c7d5667f45a32ca256a40ef41af51082ecfdd473c7812cde,1,0.9818088172707934,0.018191182729206612
10370,92da5b612a2fb4633e3eeaf63c74d0645d8e29c020f78a5cabad8fbc144cea2c0e785a9ea3abca181fa142a7f53128400d84175b5411ba3211e3b8f69768961a,0,0.6696308325233111,0.3303691674766889
10371,a9791db098896219c1afcd1c56c2ec99c928e41e458f23a6fe3cc84f45868afe1b7f034cce7a64a4ec5e04ad2ecd42a1b41859aefd1fb50e97e3fd09b92ad107,1,0.6609747348163195,0.3390252651836805
10387,d9bb4d9df6bf9a9007a5b054ff4d56dd5300bd2c1a787b26263962fd3e9713f11c2638595ced388d3801bb34af6abd98715cf856ee1eb860d66cf0dd918451b6,0,0.43402491445370645,0.5659750855462935
10396,6ed66edc09603de3e11cd9a937d431f6fdaed0fdda76129538a1837aab8c51ca9cc6f1c733a3a3eb7caa7c906d018b4b4853ea9db522550a41a65f4762e1630b,1,0.6976915842185172,0.3023084157814828
10404,c930aaf3c1eb0b491db85312fa47c85fc3b0770c1b0e21b15972a1c60e86d765ade66b3d3d3b8c89e20f2ebbb6323841437f2e84338361f427d1859175b0e255,0,0.6984120579349449,0.3015879420650551
10417,09a334269795237f7eb96b8e19578ba911028252e410f9d715659be955855ba6683cdac019b5534ef24280d4b7f60a56cf6dc2e64f9fd6565bee2c0803cf42e2,1,0.9727654013366478,0.027234598663352205
10427,1653f4a1aa40833e7d404baec4e10da1ae1ce49bc07f3d86c878222caf3944c1e6669da1424b037a31cca1401aa87ac4774417d3b0575ee5e276d1ee7cc19e57,0,0.3535255591045261,0.6464744408954739
10461,ffb65315c4622809985b3d9ba7208862aad858c1a67edf1995b81c32cd2fa780ce1820f607dd4a5553042e1e0d8e0e68113c84076a15cb3932f0b5c13d8e62df,1,0.9925113864910872,0.007488613508912834
10478,237e902edb31489d1797a546661778c962f93899d47416af65ce15b772d62a4a48955558bddfecba51b135efed8c3640d45e38837d70becae8a1fa8bcbc719f1,1,0.671543102601893,0.328456897398107
10529,f5835c6b79a2f1607074cb7461149640b3ba5736a992b7778ee8e6dadc33833c891397648bdbef2592b55f985d4d39fb2895cda9b834e24103953ca0ae4a886e,1,0.723144077296877,0.276855922703123
10554,91e308800799d71c6ada648d73beb305a5f67afcdaa4bcbf87b0ffbdeb99cf13ddd740d892798084251d39dae586f4d75fb4c93d3897888b9d014f56985cdd68,1,0.8902569178557788,0.10974308214422124
10567,18d04c2260532099055237406d97136983a6e7390f3b61e7703f8a89f8d6c1df8e3a5d7b9c4795349d1ec27300b303ccbd51cd521da8723b6d29667f4fbae3c9,1,0.9720696246260269,0.027930375373973138
10575,5b8dde0d6918b9c9638d9169bc3cd7c72b74f7fa390b1210bbb1a26cba3839b2a068d074348fc70c64a6f750296675d19df6d07fb14e5a9e9258c696f9a838c7,0,0.8605460136543843,0.13945398634561568
10593,c2b835d6ae434b52b0be3baeb04fbdd19b8fa8e771249d719f37553083a4dfc5d48813c43ce7338728243cf0e209f8382cb698742ec3ecc7d892a33d3721e3bc,1,0.2869987972050004,0.7130012027949997
10603,7e99d5513863b621d69b8607876d7ce21750dd5c9139cdf35bf7a77b890b3c0418d217d9a05723e8c711857b1534fc908d64ff99de2c3fad55ac5efe5e98bd04,0,0.4997124272263349,0.5002875727736651
10633,9050630a25a3ca148b815670cceb41b27be2efd37ad40e661fe76d92fc688bc3af9ae8491dcffe7e5f0ed4cb6a38514bde92f8187ff5dfbbd016b1ad73dcc84a,1,0.9559272543263071,0.044072745673692904
10653,c640fbfba61b65dc87d61bedfdb3ad86c8352d02b52135a50e7f3adf02e3e92c15f5cd05e169542410ac640eaae14dc549b6a02ae7da67d75753d4c50e42ec38,1,0.37879786374023555,0.6212021362597644
10667,7afbbc66fa7e60b63cd54a72833f7df4765e7ffd3a95abda753f91d6d62d152691eaff05be1eaf8d2565beb035aa15b6de746ae2d77c31fbcba2a8e8ea62aff6,0,0.734646439069465,0.26535356093053497
10714,9c267c48f93b99c36cbcb43bee3cf2bbb3f9502e478425baccd517ac2bc062d4b3b9fa9ec3589dcfffb923dd1a94197ec05f1b5bf2dbbede1eb7363ed1ab1c63,0,0.5414863889485242,0.4585136110514758
10732,25d31fda9c82d3e283da36b95a769757174d1e7f894cc0c2ee2d892812ba6539c3ee735a59e0a14096666cca29da8295286660fa5ac44d8986b8b10a71863693,1,0.3257051910059351,0.6742948089940649
10738,9a1f5e325a2ad0fd0fbb86428efdbb739f1a0c90392cb5782585189b46a004b4faeeb9c2d4227dfb45053fca7e5419b012b417e89753cca9ba4bf9e78d30d1ba,1,0.9344847518931507,0.06551524810684928
10756,9934c9e56ac73292596910f9629b6b90b971fb7277454c27b530b541060f29fe625739679ccd2316d59fdd5e7e9bb970e0d381b78d38825c5590618009a0b875,1,0.9473820604313048,0.052617939568695204
10765,c71132d02b6cfa0535e3f99b688018ec102cb07f6d3627de3616717442a5cf40ba93736b807365633d44d5690a368cb917d1a42629fc4348c17028a57747367e,1,0.6786604805517876,0.3213395194482124
10793,0a07a6eff5363f6f388a786ca63b940d8da4ce6baa6080dd9a4be6205c233ebc8fcc584a566b426a997415a5cb80d315fdc73e698e1ef0236da90a380a833f40,1,0.9735129713863742,0.02648702861362584
10794,17ab5b20fe2ca94e15cd8ad35101739a01678e9deee8cff32fe3ea6d65819aa89d677a073516dc8026c6630c53496e27d814c019a018154dacc5a93a6179b02b,1,0.3535789583958775,0.6464210416041225
10795,a06377dec0ecd74a6a53fd059bd4efd0fb4dfc6a9cb94a2d7b879020a2f86eff9726d0ca726b490c8b824be7ba5ec68535b516bccd50e56b2983d689e87a4373,1,0.7043844739287733,0.29561552607122665
10812,1e16fc75859cd9627dff01c4004afe143ba3a58152f07cfee19cab6c2eee43b25a6ac64c5f355cc57394f9bdac245edd13a4480cc5ec649b679f08119351a19c,1,0.796648653800766,0.203351346199234
10814,94c241f2f611e44e4087f7ac1d0f4534666583a16ef3711e24c5eff0c3fddc49cd030e03aa9dc94812c23b4a59f6e3de858fee2bd35f86e9f2c5d1781438f5e2,1,0.9750256778652437,0.024974322134756255
10822,44ca8fa57bdeed74a135263365caed0505f898069cd76d8c8a0f3c4081764b98f3ba3d354c431f76107647999fcf0b70322a5ab2a57b0bad06608e469af05141,0,0.6787769315932948,0.3212230684067052
10827,676a5e98d2ec43a14eaa72b4c01e366368a701e0d641d4b444456102a3692ee5af7325e2ff4cfcb64aec513f70319d75cf653cd92fa06dddbb7d2724dd8b7573,1,0.9585859216328699,0.04141407836713007
10836,8d75b2113f0fb3c888df718b9ffb792b47d06797d5171e18607699bb193073343ca8698ef629505dcb44083f3d280e7e2c38cc9a005088db73c1dc08576a35a7,1,0.8619268445943756,0.13807315540562437
10851,89f8e89fb60d4cde9660d8406c6c2ecf6c1230839ddbc6bf8dc71c3e47aee3d87cfce323f99ce006b980233f8f4e07f8e20bca06f4bd1d3f6dd3bf7c61278411,1,0.4548263631412521,0.5451736368587479
10859,b9add1ecc85c3e9e5531c84f9bdef64601fbd02ab8bbb85c915daee9e0d64ca92543c08756d8aef34e9e59d362bc89a90561bf38cb7fc6d303c204d33b30ad1e,1,0.6709038486234042,0.32909615137659576
10864,68727c766f053644c19e50aa196ad1dac27d8abdeff272fd18d6fb8d848e9820603de45bb3d593de8b3404fe00ae73b701b67e0f8eee2eac6c59f688da84a136,1,0.9818228425720138,0.0181771574279862
10891,08965664eb1b3b2f9c9514e2a48031dae632a6f8492a40d8284cd02b0f162b696bedd2cddcff77d46995256165eaf7e6d029d2554710675d9b07178a3aee835e,0,0.5026578666696603,0.4973421333303397
10893,ba77cf6fa742eb6800d94a0a8dc9d857312f8964d781314790d70e30e8e827a3ea812cfddae62c4f7d5af4f2da51bbd4efb7e5713b2151f5af6f7a6f678406b9,0,0.34541081300409665,0.6545891869959033
10929,82cc7dbd316cb3ca9bbc3801f97d0da60073a08312b0a5ce2ace1d4f3aef14d51c21ac1596a0a17d3c6eaa71c801ba0605a43ad8992d3f29aa81f0ca62ddf0b0,1,0.9795759335955471,0.020424066404452934
10940,30a980a1aab1279a6e670261bd53a7f13a392da34ad6174a5a230a556928b3b9b1dda54baadcbaf2072ef65bc3a0407e7904c9517b362f67bd55ae2904d55794,1,0.9028252608770279,0.09717473912297214
10953,2328a848aaad854ec24c85e4dd250ca1333629ecca163aa6e9189e89b492b56377ae0aba5aea0d5784c575df23f473757e2133348bc2d73d17c403cf25bdd6c3,1,0.9767723086476894,0.02322769135231062
10954,2143a57669d0d3da6beb10e214a616576618e74d4e1e233a6ad472df0dabc1ea5b6e547a3f00b2ab7048a319dcb9a93b974d89bf8d0d002660e2e014c3d0311f,1,0.7043844739287733,0.29561552607122665
10955,be77f52fb71dd959428bd879ffa2605b4dcd088b4d171e5f0f2622186b8bd88a9bdde4755844376f84e60b3cf409288214f221ccc8350a4021bccc2500089fce,1,0.3517330255956684,0.6482669744043317
10968,eda24d1ef0c8d778dfc472143ec0dcb25d849c5f9886ce9c55def91321d6374cfe651daac30210e3d43c0747f3cdcb883dbcce704b82ab23c308b7975495e709,1,0.435079552547589,0.564920447452411
10973,1ba43d9d82a985cf61377767837bc13bedd6467ebcb8552fb3d5a9342480c0b147ba68fae48bd5752d184c01052d55253694997d22878a8bb060dd54b23af6c9,1,0.9760519532985953,0.023948046701404713
10984,4f03d093cbcdcf44e38ac235980f4bd72ec32da84c5c16d77168ee166f4594095044dd7e38120380ad2966c713de7f3f68eb90db2fdd6d655e17cd54527bfee2,0,0.2741743050062173,0.7258256949937827
11006,fa2ae75867ab5f13fd3b5fe51d225a4d5626908a1637f3b7accfcb1f44e6cddda47844ca85582b3b9391320966c8779fd4d8a6632018396b44c9b4c6468d60e8,1,0.9644586542719891,0.03554134572801093
11025,aee7aa43b33bdee6e8c94ee65bd282e4d56e407e2c120e49b2b6a15ff3ca257b336f0462571e7c375916402a226cd540f340e338dca030321884e18702f7e23a,1,0.9549831452748788,0.04501685472512118
11042,c6e481e4239d7bbc0c6500002365dc0bbf0d0f827fc50154dc520280435bc9583f11369711feb71e10b2963fb9c790226b241c0add41535e1e9000432b225908,1,0.7569599914612951,0.2430400085387049
11074,5934bd2d9d38af1cc4c7cedee402effdfadf4973196aba50f69c1c2541288cbdfc23ce9280cc7720a2aead0f94b353da1dab13eb9fd610572606e8bfd6b9529c,1,0.3011935741958563,0.6988064258041438
11082,f52e65c304555e475bb1e6f709893badbd2645dc023ae68ae70d1220b002bfc9b30b4734a97cfc79315bbbf92ca0a6d22eeddca2b2aed44f029b77812df4ef51,1,0.8125219400528998,0.1874780599471002
11107,643bd49e0d72c754b7d0f17411aab4479156f57f664ef02f661339544127c3be3653b865f24e76100763f0af7358108e09966815093154c4dd55e6cc20054108,1,0.6856130816502791,0.3143869183497209
11128,550c69b77826bc03a24cd4f5650faa16f6a8aada3316381f0858f937fec58d73aad1994d5bfcd670a77150f062572a4cc8db366c22df1d69eef6f0ece8adc30f,1,0.9520429123527991,0.04795708764720086
11130,231a1d8074f30405219a815fd7ec48e79be9635ef2ab8cb96aec7899a6e19fabd04f240ef9d0b00f764b032deeaf7263fa8018d5298ee5f5e75627a4f5adc1a5,1,0.8448384303905524,0.1551615696094476
11135,be77681f5835eef2ed4dec6963f84906aa6665972eaef3825c465bce6322af762ba600e8529836cabbc6312c24548c119798125d194f01832a108637677864e3,1,0.9606034604766387,0.03939653952336131
11141,e89bf9c7fec8053e1ac92cd6c80e69107b51a8773e9d5f5589119d8c9d87b1e3f59df97d258368baf4d5b48061e4e6ea91def762016ddcdbe24a74bafbf70eb0,1,0.7725980933063696,0.22740190669363036
11168,a6326067aa81bd914ec549913390dc08da757022352788071cd423350ebc6eed2faf554f540aad966d2c5b23d4ec11168749fcc654f7b39f1aead9085e963581,1,0.2092533239753461,0.7907466760246539
11192,4b02c464345f30d352f8b0caccec6688df924726970a7f18c14334fdb1976d47c2b78134a7faed972c0af1012e9d89211f1c39c73772458141bf069f53d8f611,1,0.31462094245382743,0.6853790575461726
11193,0edd2addf94c60cfd246f55283e2231f7b2542dd5774090db67deaf29aeab62ee2223eace325c887fed3de4642cc1ee368469a5b916cb6abca0ee08a10ef538a,1,0.925396025650002,0.07460397434999799
11203,db8ebb3164a7d44347b1ab7ef9ef7136e49bf55dbbb6e6d16d87e62a4b6804c95bde9ab52ad4f5fd7ef7fd60548c19457070f0ed9368e22c04e460f91b38d8b0,1,0.35688468547811475,0.6431153145218853
11206,d006485a18f894e8e3c5881eefd9ef498f4e675a2e009efa66e313654db840297c26551673ecb2a8c549bb15e223444b9bd32adec455b178825658127f4455a1,1,0.9771195889601634,0.022880411039836623
11227,cc6301eaef17ba253ffef5c8f3de01ecd08bb437960c3da9a94cad9e1cc7925babae9527526fee71ae1b467d064d87a43322b07e6124a9e95466d6302f19524b,1,0.970745498662332,0.02925450133766805
11231,17b0fc41dd9a70559fcc5f5d1aae2181bfced43625523f57e8155f6a29584019fe3d081dcde74eeb7f02adb7760f80656e2c89a852810349688cb3d777d0a1c2,0,0.527373971528291,0.472626028471709
11246,00bb4d643668cc2aa9803fc488739051eb7b1891c766e12904998a4eeedcaba8c6d034aca69b5e89436a0a33b7c9a8d273b37871da88e48c61e18d4f18f87a0f,1,0.9721723598871558,0.02782764011284422
11253,69f1d11ea19be3386fab8caca5b8e4ae3d46f2b9c8f2df203575a87abcbca5ada001e27a46fa4c0b0211389d87de497f121b1cadacc3070518cab81b4194dd77,1,0.9784013802853535,0.021598619714646494
11256,b4e7513787efcd25b7085887f258edb24b56e3fb22d705dcf310c102d923b581d995a95892f5b20c93561af1646538f0e46f2f612a3675b7ebe534787108ac58,1,0.7353213714991136,0.2646786285008864
11276,49d30625cc8becbe8ae3e41ba5406d0e2cba7247b74569228e9352fb4f31d27a224eb00cb212d4554ec0e4c802ecf81685dd5f20e2c2ffb8414d05dd8cd9072f,0,0.5903866919668062,0.40961330803319385
11286,e95c97800cc3409e1a843059b2501f4ca7104ff51a2be388260955d9bc8e0ffdfd77cab2c257432eee62e3058c6a90c171d97ef9792116bc1b546fd9e95ecb0c,1,0.9677725581605214,0.032227441839478566
11294,aea9f2d6f2a52ff905d28c67a0331da97c88f3152420b3a19642233855f1f152831b7faa6c4ed4726b6e855e2f43fdebda5aa9da161dc54e4f5901fa97b5fa17,1,0.9683752281023816,0.031624771897618364
11300,b78d41ffe6921e3270fa47d708edd273321fac81889ffc77be5865b90904bd32f16b92205465932884d880a867b4493d5a74d349ff85afc8a0519066701b9a07,1,0.9090651644598273,0.09093483554017268
11319,c98dc1ac14abf60ffca8c304e9ccbcc12bfe1796f42b09f592b505f995f041b352017a1a3ecdcd57faa3989208a80ae1efdd824de33eb0727376bf4c315a0b77,1,0.9503809385102397,0.04961906148976025
11343,6e558510ad23540d328a3b5b2b89066cb3afbab41bd7342c4d25027959aaa6da4f1e05dce2dbe0cc0bb712416098d804620e155e807ab46c71a4d158eb390d2b,1,0.7367000323653582,0.2632999676346418
11353,bb5b031a6f889a07d70d1af856e6971c6b9c61d0e6185b881caa2c448f823271a1061f162d39ff382911c9c4851113be47133bcbe29d4fe715299780fe7766f9,1,0.7672539907477771,0.23274600925222289
11354,034e96343fcd8a188a48d7e1d87bd4ffc93b813329296a54f5804f4f4ef1b353917d6e68e0b8c4194b2e5b3fc6588db1c561c4ae40e2f13bf05edf23b97d6274,1,0.9835882303611133,0.016411769638886686
11359,d3e379b0adbe7e20729cf6d10981e5420ef53b48bb66224d0cd5b872a98694a4146cee2090a394a62cbdfb0346fb98ea0f687601ad2f6577a8867ee3b783ed21,1,0.9062781342463765,0.09372186575362351
11415,8a32c595e40b705c65b592464f5594dca4e1f5e9d387727f06f6275e8c94fa9290ece52c14948328e484ecece0425d565922347fc6e1de61298dce5241f0513f,1,0.6071163154518273,0.3928836845481727
11417,03abe52794ab31cbc3a1e8f8ae815bfdc6e94313bd84b928a78b07f3c73960ae25bdc06f3da8e98c174ec651b60d51d2ca57a264d4f078e39b00b52ad7ffb723,0,0.32495104052162477,0.6750489594783753
11423,c788bc9c5d5601b13527ef5bd7a05325530b26f7dac4b2cd744ed0803355516b7b3b7ee01a063c4b836a058e6c97e4e4e048fd9b6547609108b301cd1e6f757d,1,0.9661298652814034,0.03387013471859657
11428,276c475099c93e5e3ae0ddc035cf17e81e56e1c724b1de5fd5b5e84d099e516b5506be32e88b5f6990f9842ee72126fa3f1554705e4142dcb1389822017cfe96,0,0.5387267343562571,0.46127326564374294
11435,b17fef0d9ed402c764fcb19b7cf4d8bb088ef9dfb5e4dd71fae59cd81492a1b8ec392e090339b6c7674e994f1f84d01e2fb6d20502710de768ace4b2e493303b,0,0.45761121898141155,0.5423887810185885
11460,f1e667ad6019685f1786e8464b9f6e40b8faac467fa0c4c3dd909e8c8e734b6bc52e34b146a4dbe52ef156c05187d4dfeb1589ea113937a3c87e85fafaa6f680,0,0.8101813621393513,0.18981863786064868
11467,05b7654d5be2746aca596de06f7a1f8dfff827ef651fda74fcb8620d29b66dd38cdbe13ec7038e101a6aaf78d5bdc9509d24350805e6e37cea1145ab96ea40cf,0,0.7664911902446079,0.23350880975539212
11472,59ffd269d3d872feb4e823e495ebaa9a188c8642e80d6ca1666f474e76f38285eca76f785d26209ce040a5ca54477aca38e267c8d0d31b580f94f126ea456253,0,0.2794560175757466,0.7205439824242534
11491,95ee94c8970f00e182d8f58068978614256853a36abe77f7ffa9e7b6596c210999b71a0bdb2d2dc3f545368ac7bb71d71926290587ae37bfa0c3e8ba47311bee,0,0.47472750756487636,0.5252724924351236
11526,f02ec14e147c514772b3cd4f1c5a926c183f387ab6686094b460db235e46399a0732e3041d39b13e4246822ca2e7ce285d91a6cb0320f3ab48cce1633c25de18,1,0.8686612241695482,0.13133877583045184
11528,12b5fd71f69d6f4a3591f385b22f364e421c298b7df479a487941fbc9f2c1b058dde49e72bf094821b3a7eae9b30eac03f79bfbc45225dde1a157c27f5422981,0,0.4765246994500627,0.5234753005499373
11530,26d7f6a98ddb97f950d858a3a958220124559aff97bb178ba8a844eb9b07a67833cff3ed94654633646c4087d0bac7f116c04e542f789e02bc80a823f29d55e2,1,0.8778076443920476,0.12219235560795239
11535,a9bf764b228fddaccd1229123ca3bbfe09a0f5469f747547eaa29e93644fa581cdf9e2a5161eaf57f65803a56ce67dac5530e8173642fdc601af167d51a7527f,1,0.7292883601207524,0.2707116398792476
11555,fa8cd1a9db7c1e12044f196c9c687f109feb3b8db549165bdb644173e12244cd4756f4dd9739c3320648d4d47f770c923fd7c613cf6ee3e5737293282950e28a,0,0.2707811755080709,0.7292188244919291
11556,cd8d5aea3aaf0928840ead3b119086404667531d6a4aa277caf3737033ef86d98419079dc79b98ed3d0ee4299122bcc3c2394aa2501479227fddff64a24be0d9,1,0.5698750310128693,0.4301249689871307
11557,6bfa827fbb33f06f87ef955e8b336a3430e737a9ac732cd9c644b26e5487551d656c673a5d26ed3683b0ded670e4e7ef42b63d9209d7b4360da65d6725835592,1,0.8417890561420226,0.1582109438579774
11560,c5c97b2ce787c9e53507a928b6aa379c11d0491df3c49d914bffc730fc557122ea68c669600cdeb202a246a6574555303f57fbe8411ea057921ee8cdf14ef0b7,1,0.9579145443280102,0.042085455671989846
11576,04ddd3ec672b924921cb5950211a3aede3def9e700cee577e8ea1e9f167cd9aa4ce4608fda373ccd864241f9002f8749d32800a8fc2f551271b3ecc67253c37c,0,0.37267714002891394,0.627322859971086
11581,bb93fcf916946e69bac875f270bca01b861be8cab2655c964c6b8e6bb5bae96d2c6c4fef3f5468f59188d6e34697c21127e76544b168bdd9f6a9f685f9d327d0,1,0.9801604134957751,0.019839586504224904
11587,bb8f98135528fa91229acaf43490647322caf61abe242e960e9f4f8bcdffff0cff067b80ae1d6082781633d99d8539be9838fdd81cb2e1178d7aea0528bae2e3,1,0.923363371063952,0.07663662893604795
11604,afdbe3cf2048f14b0ddd9684d89dd1e13460a527e94044c902f6cb4f00c7b5c0b6d6bb9c4d5b4e4c4e219c9ff8ad877b0d52b7f7febb7ea76b54fdd5c6dc77fc,1,0.3951231669723212,0.6048768330276788
11614,5043b48a49b6b71c83f3b9d9f0e1ea81b61047a52291a4b526c399d0335182be2cba493b1dc5f4219a15ddf40c31018413a3135f30d61e98b4f0772e0e0b7e97,0,0.5970359186032733,0.4029640813967267
11629,ecc325621f91aca10982a1675a000c64c89aa4f9a20799d1a61f78cf76e4bc660c4a16580edcb1f0787a48d15b7f6e87022f7eda96cc799ffd28ded38c8bec6b,1,0.9551777991184405,0.044822200881559526
11630,5a8b5d6762e893a7e67bb9be79de6b3404944d9ce7fa9afff7a646741c2c55aa8f9f1078e0a64198d535058af762a7daf0bb017b7c85e1edd82729e60d7b259a,1,0.7429342722972035,0.25706572770279645
11633,81d53638d969650c69742c63cc8895be215a38c17347c8d0aa2242a0fb2df3816a38405e2c3608b12adc1cc6f5a12d9cfa56d030479b86dd3645c2370d3fc6b7,1,0.9721326386797007,0.027867361320299322
11636,d00a3dc2e162cd9d51fb42e87d3efae94bbf39bd8daa3bc04c68e5b2d4629cdb8e54080676b07f88b0ea64698aac942ad6674b42f920bcc576c75c4019c860a0,1,0.7954041731157322,0.2045958268842678
11641,f25e225ae29667aaab2fb4d66aa3e9f08c21c1756be2fbfc38563a4ebf33fa744f52f9aec593b274b8e4aa8ef5acc99d4dc1b52d8b570c8511693f73730fcbba,1,0.5932443235586735,0.4067556764413265
11645,049ec7b4a25e683842c9349df12238159c848321e0702a1e4ff6ef4cc52198e2b386eb54d823f21659cef4b208fe228de3ab3d152aa0913f667345278f346b04,1,0.4043879936207558,0.5956120063792443
11652,688af199b0b1a3f7a04b29615c52e76f8957047f83e48b747af776222ba9a82ea5fe2ab2b06c5e629b9da6b26499c31f6b277978b4a9d365c572a1ee58d4fee7,1,0.62140333466398,0.37859666533602
11656,00e810af68bf418cfa3ec0c89f0ff546579e4c61b43d07fdc6bc8200197ab5a6c30e4a898afdc6ccd1d8b24541462095f7a30ae5bb19e6b1c5b5909fcb1b15f6,1,0.3785293233876344,0.6214706766123657
11659,1febcd43fa4e6733f7954d476df42d650ffb72a0e1f2318a4126189bf423dae0b85d3c6ee8d7e74fc0aea7389215905c4481caf021ea5212cda5101f52551e42,1,0.8901116224772458,0.10988837752275415
11661,1d1a67609b594c8530b3e95dc339be69a1e65d309df839beed3ca029e95e11ade24a4696f5eb53b86568388970412e71c9a74ebe655d0262e44f2543645072a7,0,0.8552355845021391,0.1447644154978609
11667,0d293534ce5b54a9f4a087fc4693d6e5a9b2fe59749bf7fcf9f2b6ba4cede4d9f76ed19de44116d38a77a1c82a86383ce3a33f69b015c99f48ea5bc00345a786,1,0.9726712712921196,0.02732872870788039
11674,80673bda850099585dfae6ba20c9ae87960db1f6ff02793dcb4ca7da66284b82b437be79ae735ef92aa8dea23174f37029aa8adb89b7eed06e5388252b1f95d7,1,0.9725539850906305,0.027446014909369487
11725,5d31767c36b872935544b6712b7050b808ee24be17b03e325f89fcbcb08a5192a300ea5ae47c4612c44fee18cfb5b32a07c933f91f2d504d881790324b31915a,1,0.9440231609557526,0.05597683904424744
11732,d9441b25d8a85c46bf570722423364c4b8130ac6b5331deac0fb0e8babb795de269502d5ed1f9fda7f27285e5d1c0319f4b625acadfdeea8a8461b22d7148642,0,0.17342609734387895,0.8265739026561211
11742,346e1913e89dd86b3b7f9640bf51b05f4c11e236a7fe6a4abf1148d12f154789f5e8c689515762cdaa44d1d62e0a3f22715a6ba6fc173b1fbadfd3f8c53ba998,1,0.9562387264595267,0.04376127354047332
11757,88782c26b60d49a6abf9ad9faafc428d2ff50ff14d9e47d2a3759d9098575210d3038a512f2b927961ec5683796a89a5016a00e24d4f42e13b34b5d4d4970e3b,1,0.9720592927946955,0.027940707205304505
11773,ae7353a0a87bc95da0836c5acc01495ac48698e7e4bc1dab4a482e94c0343236b7ffaa367f5c8ff216b06776e795967052a3813cc97e46142744a7e5b1c8a204,1,0.9669590030089179,0.033040996991082094
11782,abad0fa276b0cf9c74560d0db78c505f57ce8d66d1131b1acfff725546ea0d2baaed2aa492089b210f4e0c94e398d2f221efb86d244ab0c3a53a078be3ad043c,0,0.7955660753520954,0.20443392464790455
11811,4c99ef0adf789504e652e07319fcf7b68eed54fe9422eac6021bd9f3f55f437148a885d54a1d40d4278af4347d5414e9fceec812ff1bd7f496e463fc098a4102,1,0.9621588411521944,0.03784115884780559
11812,c219cb2a6549558328c0672fd0b75bff4910b2ca069a266976a52c1ce0aa96bf98f0740db5b512469fdb77fb85257a6ef7b94ef43ec4e5959e6cd35d4a8ce561,1,0.937286071155659,0.06271392884434102
11813,4ad4ea02ee955527683bfd5d828caedb56bac1efb98b0d97a5205deeb318caa58f83b9b2ff165c698dc5747ced75e4c9330eb8447b3279735a66c8b468e95aa1,1,0.9626837817197004,0.03731621828029963
11817,106dfbb521df329a1a698ad369c676a6b342be6538c3218a40178a922c7748fdfaed01f9e5332320e7a6f247308020694d46d778cea701d08973cfe00cec4e6d,0,0.6509636117130335,0.3490363882869665
11850,f36f482a7dafe49b2f560aaa7ab1e9e8391647bdf4f0cbd27bb29f31f645142a875a3da8e400f0c717653ef6be6c674eb270ae0600a62b112c37bf147f387259,1,0.7672287959210173,0.23277120407898266
11860,2bea86b214410648cd4de25b137b547d7a4a3a3477be299d84e955f6c3e205431b7de0d20d7f48989cde3d9cec030759692d9529c2b749dea925c05c32af85f3,1,0.7383474808169069,0.26165251918309307
11897,3c71e0f043cdcf489772b295c5bccd8e2fce0867a6b316744370282baa0d42515df9200816cbfb5492f5192d1262da272daa6adbf2466db3130fbe7e8f5cf093,0,0.21424269906129756,0.7857573009387024
11899,e7d643e9ff253736e0c56e51a89c4d8436029b7a3703ed61dc89cb2a47255070f3b2e6aab38966f1c1c9bb0c3ed2136e71690274b493784a1f494a613041edde,1,0.801567083631334,0.198432916368666
11906,471ed70cb806bcf176808aafe8dc4a8d361e029c3656d8bba4463cf5427936734112c1137b505d15579c54659d21eb1bfa031015420328298a5b6197249351a5,1,0.9710636437536456,0.028936356246354378
11930,db43162c886d74e22ebc68fe2219836e637b4c2095d3ff7916e7dc9e64731d52fbee0e85189d8e66aa2130ce5ee715edc66aa1ae8f61332e8b9aef790486a83b,1,0.5222972713327578,0.47770272866724217
11931,1b8f58e149cbd627f324b64e2e68d0c890916bd8b49d5e07776081678393b65dd84360a6a6bd9d854ee48fa796119006ae85fa9a4a215f99fc942d2ea7ff661b,1,0.9789208160390054,0.02107918396099462
11934,967049b62c5d2b01cbb7c52ebfefa258c0c85e472fb85105d6600c5a217e44792c5b6e2036afd8cde3e0e60386a5b73ba69c9086dc5b646480d323712ff2db19,1,0.9649834621398925,0.0350165378601075
11959,057f36ef51685860ce88b1438aa1ae7cff5c31dbecb503780923bba057b7d3dbc2c546bb85298aeacbacf299c143891d595938e0c09472f93ba9915a43db71ba,1,0.9775729886006984,0.02242701139930159
11979,1d166cbb8a957ad312b300e2380f990c4578764a892e33034779c7b17adfd5014e19600f2d4b29dc552ce6eb911229fa8cb07927cbdd0fdc6450f6505cc25836,0,0.8766845689275853,0.12331543107241472
11982,7e96ca14400e2524497eef696854f3abc4a005ce2a02f431366a7141721809c33cf08caaa1a56c07187c9f920ade9e690c34fb613aa9a1e5dc2ec180af417ebe,1,0.9798588270490519,0.020141172950948083
12004,3059dadda7a7afec28efad31daf31a46b47a22e1c299d7c0b0ee62b0da0e599bb4513f4f4fb7cd75b24c6ae9a8dfe7f5f6e6297390bc418c021d2f32de756547,1,0.979587076315948,0.02041292368405201
12010,dfabcb4ebde67a35c056adf39e5d7754e66b0e1c13baa524978825acaf55f1f6edf24b645ff5414530f0d78daddd189b8bcdb52c883e93349c0bdb32e7fdce0f,0,0.214792413291582,0.7852075867084181
12013,8437008a9c0353472240c50aaf8e4a86315e8ea209a9988a12b2303116d81ab08596e21a4050a17c05bf0991c48c7a803bf73f5b8029de04df1d6c9ac7e51ba7,1,0.8918453732984991,0.10815462670150089
12016,8836dea9c4e462e0b0e48c24f5a3608dfb30a3990a0dc0369a6e5e357c315d4295b3d3039a5f9447f93e94050431ad8378750b1694527a91df902e51a25be3c1,1,0.7621956018723866,0.23780439812761345
12017,a48f33808b46804f6e8145a865ef4d511cda09176dd65e516c7283646c642fc67e03ebfa1199d24ae99084fb84a18fa5555fc7c00e98f782d939e4843368f369,1,0.988476753096285,0.011523246903714979
12018,2b9d56d7ee2f647cdabdaad2fcd5752a37291fab7b947794086da5056cc3bc5cfff3f6e242d8c1489aaf7f1bf07caacd6f663151723e793d2403e7819359b2d4,1,0.6676062048976779,0.33239379510232214
12019,590a54ea0658db419361b70ca5496d60ccc55899943a39fe964761acd9d92962aa8f16a072cea4025f3ad6ea4bb69de8a40b6099e3b599742a4a25bde3b2994d,1,0.9207562395681057,0.0792437604318943
12030,58809e0c026426333a5bdfc209ee1b4624c08cbd9b41ec19b7a086ca151cce2f6b17a5e331e6195505247ab98668f83916ae0a001373dc1e3d65411beb42b083,1,0.4078358353441052,0.5921641646558948
12044,0465636a72b883bb3321d11c456761345adcade9183fa322bb0b37daa86950f27c22280377498b97efee06599d1816abcdbcb4706089ee2bb185160b7f0207aa,1,0.9873772748883084,0.012622725111691602
12063,dfb15b3b26a00261aab0f3ccf21a735eed03590d35a695b229952e977f6aae87463aaef8c7f3e44fecef65f4e5ae7f354d94e82e54bb255084c34d20b132b297,1,0.9598272498936998,0.04017275010630017
12068,6048de8946c06ee4c242b91fc0e0e55710b8de177488ffdf8b7433a86f96ec2dc99288c3722349ef761912e9dc4039a832d8bfce38b92337f6ecb0f0de977d0e,1,0.8827092677180202,0.11729073228197984
12074,06e29aff8528056461562d5763bded5505f51c9b89314829defc2d6ac6b918ee36690517e2b1cc46276dd51ccde2c4f61f433f8b727400b51b695d839bb6e64f,0,0.4647885496182972,0.5352114503817028
12082,5ad00b5dcca24f8130941af68f3a890025eaec6decfd8ae1027be547521115d743bc73bc9673cb6ecffd0898695b77ede2c04c7009d2a63cca1e32b0421dd977,0,0.7073606836131212,0.2926393163868788
12104,5a6d7fc62ffb8ef395f95514b8405557eb79c4540753bf69bfce94e6ad354248b7ce8fafbb77be2dd37baa9ea5171555d7d08b80f8ef1029c9df6777da12c612,1,0.9819576861246905,0.018042313875309524
12122,0484e976b623cc3a6d822d429879eb8b6dd6331beaee7afa70d6a4bc18d0f938f3b17651eb8438a05dbdfc758c32b7502ae8cc87c72e6c0e5ba1635c5d5147b1,0,0.11598552735201144,0.8840144726479886
12134,af287e4ff1f2d36d0f549529aa2c230fe8dcab08da10302e0492bcd5dedd2a3d0ee74590864aad2af8f39b3ffcf18936a621c2605d1c494ff6f70a9f92373bd4,1,0.624932462890315,0.375067537109685
12160,65360ef5adfec3afd8e25e3f46a66dd8816bc6d5db6f964a997bb1dc31244700d90600d49f7b888dd8d7063c7df0147d7165d830169a1c2ca3a16048b959a13f,1,0.8723863279324225,0.12761367206757745
12164,c3c526aa9c7dd39cca11a6d555d0731a84049a80d5fb1b18c8bfc5569f03bd04597dcd2dc34934fa7a6ceb9dcd2f42d26fcf4c0f88668f3145e36208fe94b8ba,1,0.6921879565345012,0.30781204346549884
12178,d9ccd005410c18377cc769b88f50403b15e6d5eec1a64a7cfd65f2679a3910a0d7d8fdc9f3e93db7c5c36ecaa3686a4bf1e9f4fe474e9a32d52497ae137b8a9a,1,0.979912855756072,0.02008714424392799
12182,449a0122f49df050b19e2cbaca6b0c54bd19f25ca57189fec417b6e76d2bbd275bcb093544f4f5e33ea51945a7d05ae0ab90b2f5822e42983047c5a2a1272892,0,0.22177099359692148,0.7782290064030786
12204,ad3bd28e9bda42f00689a84a3af12d09488a9840ddacb6a48016ab28fb598478a34594e5fb162b54fc84a8d1fa755f91f4a23fce753152065abefc585b7eadc7,1,0.9570600919843637,0.0429399080156363
12208,12b95997ececb563700ad5c750a7bd71ec5af85d83759b24a1ed98132a69302457847cd64e542030f8becdb2c4d50a3f46c155c5fa0968be84c6370115c39412,0,0.7893445443374453,0.21065545566255472
12225,26e3ba1b0486c5c663afee7d07ee29a694647374563e34abe502d3a5a508a5f5110723b5941a324269fbf04650470ac4c66fda7b433b996a676c92f7114aa829,0,0.5847192849879708,0.41528071501202923
12238,cedad48a029092c4696fe39f6754eb1864673eeba90aa0aee938787a715d84dc58cd62b51828e92253f0069d8d53ee66e5ccef57d8565235c9b652361926778c,1,0.9506167191894074,0.04938328081059262
12251,27642806f805bc770a3bb09734fb02c53d5dab50e65dc08d7f65a3daaf263150d3e41c4d02de79ab0561d82f70ad3c18979f9dcc04d7710acfeaf80edb7a275d,1,0.9676347602321013,0.032365239767898735
12268,1af2dc2f8b42db19525d22b18aab9cf253cc32ae8d62f815bc7c50b68589fca2ef39ebc6b52830b80fff68398a2ee85ac6bb8288c338063dc9f97a998e47b22f,0,0.5322780370122633,0.4677219629877367
12271,5dd13ef159c394bb390179de0954693ea03988b8b518809f8b498ac43801d6a076973e11eb5f434db2c0f03093654cf4ece79c8660e5c3518ebc3e017640b71c,0,0.20079079360738775,0.7992092063926123
12276,f8325f86cc725ace34d082cd4360a16fd2072f3f13a22555a64cb39fb7eaf8b3b6f428cdd0ffba487425ac99d6978c99975aaf457a5e9ac3b5d208fb1115eff7,1,0.3836548859615277,0.6163451140384724
12284,3d225031cb4604b12d45b315ca0b10f105c84f09e39f122076bdd4c7223ab797c1120aace72822b2873ec1b5d994746c3162b3fd045663d40cdd0a822b30e2b8,1,0.7607470519931118,0.23925294800688823
12290,fe94b9c672a688ae844e698cd2017f3ef1501685aba0e646c30114a9dbfc56a711287c3b3c9fa5ec236399aa3b1ab536b891f6f7d6234a83d1d96e548e65a869,1,0.9851899318860113,0.014810068113988661
12317,000d8f3a5159a5a8dccd904bb8eb754f9f8eb6296d700f42334b0c59d6958426352ecd459fe497ffbf25b1971e8c671ada59bb4a272962b5f54a8663700d9c11,1,0.9836503540260151,0.016349645973984916
12343,c89511dc37403cb9fadc15490a2bbd0de08519ca18b4984c1a948c1d224c0175e904dff9b06b69551dfc255f4befaf2e8ed6a7e2bcee7a54dbe22df64f02a9ef,0,0.9744810361387035,0.025518963861296484
12354,df4730a323d77087dca05171aa6521669bdd2a97ad0a27c967fb5e86d3f90877ead7791c9a3a00ce86070d66cf299aa0c7b953da9663e370fe2deb572d84e7b4,0,0.35813083562414355,0.6418691643758565
12355,368471bfd8710428dd6ae7821542f70adc6b908d30fff224fcc8fb4de8f675eac0785a53739d14de7da4129b8b5a10cf4cf30a977c5418f947e4a95ceabeee71,1,0.3051220281370112,0.6948779718629887
12371,b7eb4938164c6feb0b6e628c39451b8c2d8c0ad2bc283d6372a4a9ef5e542f67a65cf6bcd96607e3d3e4edcc5dc0101a868dae0044877470724cab275f8ba3c6,1,0.9827096184929492,0.017290381507050756
12405,259f9282461bd7f5f3d8d24c0b1e9116b52b66dc7d277d6d3b57a524a8781441770e4a9a23a1ed4d00d37e34f1d93d7e92c940031b6a0306565288fc23f00a14,1,0.5842628342696655,0.4157371657303345
12408,bd018ee4c588bbf5fded5e32bd7f7c238c3bb55a0180a4c4a72bb510dac731a4de2ccc9c9730e7fb0217cd28c2015d08b2c619c34beebbf5937b143debac7bd2,1,0.8875043316723855,0.11249566832761448
12420,8362f2fefe12ff8c9979f7a5ab174288ee5602ab19bec2121646e8acb3d880cf64caf5465fe521bbb1dd84edbed2714a4da1a87bd1b2ded4ee0103300bd8f1e1,1,0.9440785566696039,0.05592144333039606
12448,f8c947d2cf87e41ead1d828ecc245d2d24d48bec0ff1ea60f2f4e142fc1e3c1bb7d52b94437ba05675f3202211a8d37ef00d549824d1eedd92e045f9d35e6a56,1,0.8089346712251757,0.1910653287748243
12464,8bba88c90809b35d56a6df7e7d0a870b9a7ebf576512aac849607b7555c266a130f932721209255e28b8d046842dc326b907369966f2b3b9659e428f349c68a2,1,0.9617571452252509,0.03824285477474909
12469,059932552b731079b4f0018a4bc635a1ea5513713b1b3f5ed2f1d8308dc1fd93f09d049bbdc03953d3633951a8d1be3bcbc52c43abb1edaba3d153e02a9c6091,0,0.5717021639458569,0.42829783605414307
12471,fe3422010c28b795ab2fe324e63de027d6eaf24da42ebf40e0efb10915972ee35ad54950968baeb876a498e613a5096c12df1a90b7406809297263cd12e26a89,1,0.9278941807939096,0.07210581920609038
12477,fa7981ab36f1fb821336c7cb7a9e5ef8218dcbb12f3714fb415b3d57de6f102f3a122e30a925e1d1e1fe948687e635c098f0f7385fc0d379d323e574260727d4,1,0.4247808944789962,0.5752191055210039
12480,ae1c41948cd6ecd11971ec2f9e95c808fedf41727e1cf484d19ad39643a5a5b090ccb47ef37f3374ecf4ada176de26fb60d20637a361530e283de7d01baa7ac5,1,0.6804569204893942,0.3195430795106058
12482,8f5d8a903132cff07ffcc50aff14854b977f8c8beba9189ca61ef3a6e1e2ec2d50ffa755ff9e5fde59778535b23584e2844fba29d6d9695482ba4b066d7f8c14,1,0.3517481231478897,0.6482518768521103
12491,0d41efa69158e040a6243ee4e7a452e07e0005553b81a8f157c9a5912d1acd7729d46b2ddeb654d274b0a513b070824dab0c2e63850dde3a78c7ef228c6ff6b6,0,0.333022185938474,0.666977814061526
12496,b7db787eafdd1c39cc860b59764d520ebbe46b00fc8e84d279eb956adecd02a6cf98aedbef59fb2ad0e851c868765dd0c22870c230ac3f872355fa516703db7f,0,0.28169721352161003,0.71830278647839
12533,263db9d7c327474bd51f7e26feedaa728a51a38bde0c8261ed6de6075367c1a3df3d89c8c7d622b54dae4f1ef2b5db65d2ce8c15e5b684ff1f51bf3929fab4c9,0,0.5757292266882252,0.42427077331177476
12536,46d1ce568a93536a5eb8586950a64f914d5473848e2b29a24f00c5a4541931a394b325ad20d5803b61834e133c11c1b4cdb7660612c1966e87138233b8759ae9,1,0.9761591418239296,0.0238408581760704
12537,db251e75c87f5b0acb958dfdeee3821763b3ad478174251ca4a1a664e9a7252d3dcc56fcd33b6f564ecfade58ae0ee17d8fc039e31de53958ce3f743ddc2d948,0,0.8116291672961736,0.18837083270382637
12554,a800e81c19f0cbcc8a249b7d241bbc142ab9923652b6cf6ca2860dc56fe21398b606b22c64c6a943e1b36d6ff5a1c406b9f09a45ae7ef04b128d5fa020b073d8,0,0.8775383925844293,0.12246160741557066
12566,1fd5f52901fd8a8b18703828e60e1666d5ba59520bc12bfe00d394bc6ca81660cf8fb3be7ccdcb1aaef743909d9c7f17e1a6c2287636c1b9372887d1d15f394a,1,0.37512789149171005,0.62487210850829
12575,fdbb14d4b457a9f6aa3a5fadae05a46e822293f48294676b15a2755c796b71a20b836e9225a44e45e8538ec417d50833496f9a93ebbba82fb51aaf783234f3bb,1,0.9804685557849858,0.019531444215014182
12602,a8dccedfc1a280114d1dae34b6ca11907c938bc77938c96ad4347662aa6ecd0475473ebe96fcf90cae1bfda8269747aae906726ceaac542303f87d7f36af9e80,1,0.9862672801192351,0.013732719880764854
12622,aa61f0561c4f7223e9583aa8c307f19d1f1cc654ce98d6982fce223d48115c870d6fb02ffbde4ab862b0e95bbad76729e473d07ed7d0d71c55ac3a269a4b1d66,0,0.4204130451048317,0.5795869548951683
12632,fa6f410a8b123d076e0cc8746075200cc184f6e72ea9c6a1e9dbd51c51fda7190b5505765b4525428863f943439c7a7e2946487ed9c5edfc786b5b529e6649fd,1,0.5565126646350537,0.44348733536494633
12636,4a3faea4b2891f87e01f7cf6e76945eb6cbfa913a7ea49afd82d3cc72cf4e2d80baa22c41d3da747c324108640368a03884a6b956dc195b50d71b2e2d5b1d460,0,0.2886868968792935,0.7113131031207065
12641,f06951ff35605cfa7796e238a35482c0593a7dc566ef4900f39cc8251af904d3c22625d56f44c54ca62e150dd2e1923ce626347b08c91b7b288a65e5e85c5535,1,0.307890252494241,0.6921097475057589
12663,bf4c8b59563d8ea7adafcd77136e37fadd2b1a73654bc3ed7882d8b9c6e068a9a86cdaa1f18ea7ba35829ddc5409327cab995a13d574722318610083c2351e00,1,0.9591734757002945,0.04082652429970546
12670,67849751e6a0e41c5a041d22c660bd5f3b84ed3bf57cd9dc4bcd1bc1fadbc9afc00ec2567621c7a1cf7beadc8019c1e73346ace774a86320d3b80c7ecf2faf7b,1,0.9128116305152932,0.08718836948470676
12687,ac9b6267c1f80cfc248bccb4195093d1ed6a7f0266824e13adb49097ed33687b1e8a7801774c20afbef57f54fa108d4df929aa7e08e398ec54e4de6a7744d6ae,1,0.7177883493754874,0.2822116506245126
12689,d769260b461d8e91bff53bccf7eaebcd100d1901fc772c6e7673236f2b59729942eee22673da72b81c810ca74a514f6a37284c2a1afd940a62f35b2fb6a5c1f5,0,0.5056989957818493,0.4943010042181507
12690,e2ccbabf2d7f7276875eac30511db57f312e94734622e27928bac9eb010f7dbfb33704233a413e558d3ede07ff44ef4f5487e259c159771b3de6a56c3beeb39f,1,0.6962361916181458,0.30376380838185424
12694,e37da41e468d92726cab5d7920c7cc66339ad59597697a4e95635767d2ddc7290105f79bb1c26eb1b257061e9cd800405e9332b0e3914eb5a092e015339e48ae,1,0.2397895418729269,0.7602104581270731
12702,d3c91ce3cc808a7f2fb0bd54d60208ca90f761b4494422082b017c3b70dc721dfa60ce3dd53b778e0dfb84cc3e915c222469cde68d595691f24b2a6fcc33d39c,1,0.5415156571126172,0.4584843428873828
12704,5319e5e5d0a6c9902c313cc07fc88ff0cd1d952cdde71a51deb1323eb7dc30e04042dfb1090ce017da1942932cee74cc833288074674ed52ce6f6462b098afd1,0,0.18254652665306567,0.8174534733469343
12706,9120b13883c5ddbc737c1b19058c2d9b63c44a3733060a503b719dd3ff1fd5f5b737e3909c5e173af5e32426ed654cae643da8681c6e05390fe3c166de5f444e,1,0.9184764483090474,0.0815235516909526
12709,7116f17109dd8e91140682cd37f8199b6988581b789f9dc4a58de4b4c9b0adf09c8c852ed1c39a28216004a905d8311d68639c11f99b6aee0fe5b1b22b7503ca,1,0.5252224516015447,0.4747775483984553
12719,a13486d3dce50ca5c426dad9fbbb378d698072b97cb232423b06a01e9e9bddf2393407597ec23a1fa013abb3ae2616de7412c20a62da0aa814e20aec3c44b3ef,1,0.5500362022432234,0.44996379775677664
12720,dbb20384b36f592e8f18a70a06d82f2c49499f329f3df7761e919eb0a560308afe461246bbd9b34347c062e6a048978b5844f035b9b9436665094faef4d14c50,1,0.9769750042013033,0.023024995798696657
12723,cb9ca891ee87a3b3cf916fc3ad399335afd01be2cb3d854d8a06d84cb3844714de2f1ebf49fb64bacbc2c7f03a126d1b8bde55c737820c0c1818cfc153372e80,1,0.5633634927094789,0.43663650729052106
12724,c5d7d30f805dcfa2a63898d9b9ac5acd6ff14b8535ca30a3f30f77cc1063cd769234f5aaead7b994ab71531c39e531fb5b4729c02e9f597a27cfa5388a40f27b,1,0.9711148179079809,0.02888518209201907
12758,98618e112d1275113277249495d51099e8dbb4a90d0dc8996ae4dcb413ad1a41045754b609602cd1337c9445a9e5862c2f7e426e1663bcad5bcf7a92eea04dd2,1,0.9638267765708616,0.036173223429138424
12761,6252fe0a0543bdd18c603b88ee2e7a878560c237dff1a0cc810a5ba0ca902747a902e2bacb6e0295803552f360fe0b774b9b5132ce9088b9b6ab84a0455f2cda,1,0.9636232510435165,0.03637674895648346
12778,638f92f5c7e99a5f9a6f2e66f12fcc4d5b6aa43b48860a242382a25434e2ef72851262a3c460f8d2d7177874aac779b3456e1894348cf1fb39f450136e91d22b,1,0.9488990562698824,0.05110094373011764
12782,b2393fc65bebc0d6430ed9e818588beb76b5a9640bf7b1f69ed310d2f9aaa7e446395556af82dd43fdb3086f64c9995039d22a126db44262b477ee9b0fc1add7,0,0.4264297939516852,0.5735702060483148
12792,ac141dfdc112ac55036a2d75ba35deccb76509f3e946903b008d095dc752c4554f570654c136dfb9e2a250486dd84e3c5081580380224cf281c523714e5c69ee,1,0.9856654863521145,0.014334513647885516
12822,ffb6e2ac390fa99f7892898297f38f9f090f5fc3a5355cb304924651cd0a06c391c41dfc762ae514c5cb61d869ab7c2fb15a611aed29e62100378658ac309d5f,1,0.9246214295801227,0.07537857041987728
12836,7e601e08a21e7668c12df3e592a9a0357c18706bb1f51410b66c6616f6571f841566b635789c82a19f4769aa4d3c20eeb2a7d111f18c2392497dd284d7120c0d,0,0.5873988438086233,0.4126011561913767
12853,601e5ffe20bf177ece15aa80973c4d511192cfcd7d6b884816f539f3cc54cac8e37809021e58519e163be1d674082a616690d0074ffd225424e0194533f38ec9,0,0.15876774331967336,0.8412322566803266
12865,e5e722e1b36255f83e3d412b7d5d05412070fcf2e2e54025c803e8931fb664931aed2f0633967c97acc4cebde79437d3f8c8ece4f5d41567a45220eee424c214,1,0.8309902068932616,0.16900979310673836
12866,00931059e94b72a681b3ec37b3ae212fe2c8985eaea1be12dac89c689a59c53d87149f3038f89d3952c5989b3de54e401080dcc25d81fdd294d45d440e5195ed,1,0.667805410774426,0.332194589225574
12873,6be611dd0143fa854fb471be30b3ab1e69e0e89e11924fb40da8fb6cedf48bf46c5e0de568709ae28abf076050e67c3928886f4857edc819a92802c3348af43f,1,0.946267374518326,0.05373262548167401
12897,24c077e72f8345b0b0faf0b0c6c94175087b9ae23c90ec390095f2d246518b182dab84f33d239a7c50be25591a61146c6fab3cc43285b9a456c40759a51be666,1,0.8317857536509705,0.16821424634902948
12900,4393ab7faf349700a1043faf387fde586811b8b22ed416efe79ca768b721fa60332a663a702fa6576661768871b2c0f01edbf42a8ea80b492cd536d913fd819d,1,0.9738244900258146,0.026175509974185385
12904,a3b60485e7cc1157fc1fa44974c43bd231689f8663a3bacc013dc5dd3b0f023e842e0527fbca68c5ed6ddc65c7a2c39c19c86011ac3d635be283dc70e65cd136,0,0.6693764813822641,0.33062351861773587
12919,28ce760d3f6a6da553700aaf7b561c2b0b13ba75d8e2c55b7f69202a72bc9d0ad5fe6495f9a4dbf0b92304cf28b4dc2570e6e7fdf4409b2f263b5d26e9726382,1,0.4811316361555226,0.5188683638444773
12930,5d7655ec7dc8f9dde2c0cedea0768b665cb6324ee0ecde9ea8633e4ba7f146dcda1439e769b9db55fa68579f102c5b0e2e31e3cf9ffad04c167a665f88fa80df,1,0.9598019551299362,0.04019804487006384
12932,2954e092f1374e9f8f1ecbe65118d756d0710ccd759b00ca9c23f4cae185bbab132c6026e5110797296b3e1ea4bdd21df0ddb2c2507a2f5e8a1854cdcafa1b56,1,0.9763827076474804,0.023617292352519637
12949,d802cbe2fdf615a4600de9766022253561dd349a82ca9c772e1a9c6efb7a8079e00c937119efbff3d4a0dacebc9fe5550fbd1e09eca6c1693c89347ea2096695,1,0.9499777882515676,0.050022211748432355
12965,54e283553275e4851a29c71460ee834876753cb77f2ab574bfd0732b36f775cb6819393c819fbe6302763344c52c9dc36b0aa5b50602b6199db29b382cb96bf0,1,0.9426223976814059,0.05737760231859412
12988,6fcfb6bc60be2c0216bc190951048491c1e128a40a991fee2732fac19d83e5cbb5a4a187f9acb7e7b702a377ad6ae2f9048a2984e9bd6864010c594c74b40b60,1,0.6498467384794256,0.35015326152057435
13012,8f9c5c7bee55c522fd081e96025b63ce6070ad6387338649f0a3bd174d05236cc89848a229fe880c57328dc60a049671502596bf2334c087f16efed8918d9729,0,0.35529012675563554,0.6447098732443645
13037,694c44578ac3b5a28d5a2b7508b2e631e0399d6d21fa05aa0215e718aa6ccec7f4ff7018b39f32084a4016268fe65839e6e81fd553f4aea817df3689f9ef2934,1,0.671543102601893,0.328456897398107
13060,146a088c356599d08a8d87a092d3eccb0315e27ec788d0e912547d5e6b96b7aeb7dfef2bb1ed6770a70ec2d0306e683bc19a71c93abbecdcd110634b8ce3c182,0,0.24668123934179798,0.753318760658202
13063,362d5e31ae5c329664826800d6b6f98aeeb4f39ec6655bab8405d469b77340fbd61ebbda328181e302c1726505f8eee7b9941e194fb69a86a57bb97a55afabf0,0,0.784893385845098,0.21510661415490195
13075,47c9d02b3984000b39b617d70c2d0e8785da46f8c531a0639c07e16865536d944c062eefd792c0067f6834f8b1e819c3ec31c981a417b0c4a9e341ba51fc246f,0,0.2246843152379868,0.7753156847620132
13099,b83b94b6339c8c47be03700ad4c73d3596953b06c21c2fa42d58076e4c042fcd3e2aa117b7a99afa03400176233813e97b8552ba7813333eea1383d311666c76,1,0.9800772975844594,0.019922702415540616
13105,79dd3204d8619ce61691bb30e3ae24827e350da02f02ff85a343b6e947d9dc51160453d3cd4432f86256cbf57d3302f86ab0e89895957edc61ab68850401a566,0,0.753536253634351,0.24646374636564905
13112,9c2ce35c0b27a4fc8917dcd1394d94862678c64826fb022dfea33985bef5a2202eafa0013f71585dcd3766dadfdc71d7c93a93309c501f07aa420aaa54a5d587,0,0.6559024008689872,0.3440975991310128
13113,874280d46bf5cdd593e77398c6d31e0c718c1e7d602ab03bb80bb2596e19b8ff978cb2ca5502ea3d9c4f3f5920157bfaf00d0b92f23b5a881441d425495f906d,1,0.8213206883083731,0.17867931169162687
13118,4d4e0865cd2818b74d4a4d5dec52d36ea6fb2337f3eef6b6d8eb9d42d56f93d26e63de4301d3e20b398762c8a2dfd47d8fc7a35f8435fa8ccedc7ae2d9faed90,1,0.5432002076571187,0.45679979234288126
13124,2aeb8a2da276f5792bb1a98b6f98b9c8e12cc85b4d5dd51371dbcf23085b4013ba1f2e13ccd42408bfe5e0aedb552cbf3e4f41b3b1945b136636239a26df0d54,0,0.31902592929122947,0.6809740707087706
13126,a4aa02101b63da14908ac6357ae6653379325b2e337a5cd1b2e79273ce0f4d04b049ba1db6e613a4b22978d2163cdf2f7c0913d767f92f0f93bbea67d6e1dd76,1,0.9682255470727966,0.03177445292720338
13137,bf9f069f83b1a4f8a3778772634d81e925b295cac7b44983cf4d6c08ee962a6892720b8d568e6fdddcd7862febbbe5a786c856127f8cf7e3759a2b4a2f082ae0,1,0.6781128876145106,0.3218871123854894
13140,d127558500fb322ce89e6f80f13053ac985e4059e39b5f86e6a0aa2c9b867e0d2c2e81e73a2d551f2bb808f96d05f75e77e2598784f04d57cb373194d90dd5f1,1,0.9573746385411459,0.042625361458854094
13154,f80b2a99833dbc09567d125674ecd71296f774bbe359dd3774fcc5e08c072692c52ed6a1188b435b406658695ce699b41ce23ed6173ecdca9c444b3285e234b8,0,0.21513625123597352,0.7848637487640264
13175,184ac1b21ab71986ca4aa6f2b30e065fd2b09d104774a46f4e77783ea45063fc2982390da144feab1b818967aa286b41db00d46f5f21543043e7c2298f5d9e45,1,0.9850805132572862,0.014919486742713817
13197,fa3ddfb5bf3fdaefc042dbcaff230f755da52f37bf50044bec9bed445c552ec7abf512c42c6e1d5be555873c1efa7c973384711121376d5a09a170270970c6cc,1,0.7656848746778647,0.23431512532213528
13204,2d85209a46975912442c7df90d62f95b190d9803cf72beb80223823a4f96a54ff2d7ac16ad8c73854457423a67508d2543c49fb2177a675be07f31139b1cde1f,0,0.812150878651913,0.18784912134808696
13220,1df3fa8cf849d0fb51c214105f55df759a4a93d87cb39426cc35e78ad69637c87659ab488035a440597aff651d3a821bf6b0edcfaac404058c736b5e6f21cbb0,0,0.7074069775290927,0.29259302247090735
13228,1878ae7c412cd526964187a873f260f2776d618ea011f80028e1c778bcc2abe5bc408421161dc79ccd7317c42ce50c564bae32c03f085f666275b7ec0baf7a3c,0,0.29415314979480905,0.7058468502051909
13237,5fa225b91660e2387c960b527fe6e10b1780f3f2e84ea0885c43d89f807d1ab47229a5e7f531642713e5e0b2d9563e2e4235116431b0c7bd17b1a166b348d4b1,1,0.9597450194406942,0.040254980559305764
13238,681d04339d9cab597c3eb8a544aba1d91095636fcf7a48e47ec430fa7490cb4aada6f7e49e8e58f31959d4dd7ac5897db5619da0c732a21dbd2e81223e68a14b,0,0.27710813874695395,0.722891861253046
13248,69a36f96e7b5420d31082265803c1210aba645d812d58af351c43810325885e2c4a34a1334333a290eef67f486805c54230c5300a70350b2b9c7cb971425ed29,1,0.42564306619873343,0.5743569338012666
13256,f93b36ec56ed5c7f40139d0b9392e08319b5d41cc9ff0d3bee6034e862b3f1db6b176745449085e2b1a42172b9874187447cb576b1a6e0ceb0f2c911a8d3aa6c,1,0.9924711851456716,0.007528814854328436
13258,db1186e3f555fefde85900a5936bc3f7066ff0d144a25d6a45320c70be69428f4033b495421ddd23b99c64b61584548125a511f7f35e9d4ff99a3134d1583fa7,0,0.18093984974302404,0.819060150256976
13265,eea71ccc0d3c94bc6cf58446f5fc76bb765894df00bdfe9ba899addee8c00f937da5e4c69b92ec2e3713c041e1a7fab4d09bbf1a925eca46dfb1f6422aa07940,0,0.5925055591261327,0.4074944408738673
13271,ca0365a8eb7e179337b02992f4a93d7c97c4b5a7cb50e406da8a6c17c1572a289eb6111dcfac06459bfc404580dfaeadd3fa715393a6f046c4191877de07872c,1,0.9551273850534925,0.044872614946507516
13275,5bb4666bde3d6b361b68fb9c06c07771c0f3ed1532c8fe47149e2446f8ec68b51bcb24c02f320d675ec2b6ae2b8a9f745f058951f46241f384743072dde4f48e,1,0.9213275239408623,0.07867247605913774
13288,967ac03ee03d88ebe63baa5cd5ead3bbbdaf0505f77ca75cb4cb7795b0b71d133e87707e1d8da17ad17eb4ba2a6aa30f843108f2925d9303fcb4604cae0b28c2,1,0.925285848823568,0.07471415117643199
13289,908b0242a315d6f5730faa08deba8da9c07628f1d46dec6aa17a35bba86ea54e520474471d4882db380bc65ca9ba032197e202ac4c6643824081c89ddf1bfc24,1,0.8810081755663649,0.1189918244336351
13296,f685087202959e5f2863ee6420bf12804ecbf3a47db657513b7b53f672c445f170ae6ee5497cd80d7acacb9e398e03ac60cb4c277b2517cc32eb0f522579082a,0,0.9082140213582259,0.09178597864177407
13298,3d1ed622185e14da8c0c7ab344b98b9496196aa7ea03e4d669c1c537387e49916974e079c5e315a204f508ab8bbe470a223d7bf3defe10514ad7ab9b8418b46e,1,0.2690860816498705,0.7309139183501294
13302,70baf1c1eaaae68a58f3df7ba5a9a3fa29dcc4157875808c313895f034ac2f40e2e2b1bb9b09d32666ff4e3c238e6546d9f04c1f79dc421bda6ad3bd0c64ff8b,1,0.5001922278264802,0.4998077721735198
13304,f91831d42d44156f72c466b57b2f5d31add01f68a57d4e72d0484bc415a44a80398658939c2fae3aab51bc4653374de09453e368d42adee1c68b60564f0ae106,1,0.9782917185898335,0.021708281410166452
13308,3a5b95aa1b855fa509e50ea0dccf864b7e2b971db4d4ca310910689742a92f5f10a3280048a19596c77b5cf74b7830521e930037577fe35c52215eaf8535adda,1,0.9449674881985219,0.05503251180147806
13335,ea89fc85767958683b3e850c4b0c09a9cf230bbca666a2cc793034beda4fe2389130f23fb15ddc26bdfd5a4112e38f7239ad7550f04fb0eafb5c13af16f03af6,1,0.9580955577785915,0.041904442221408544
13341,e39bc4fd3aa69663afc18804e83e05b4b1dde7e2b9158d23afe62b31a69c246e82df4642fff6237e92d0dd250b038aa852a6f89634a9a362c27935b7536df6c6,0,0.25249012401725746,0.7475098759827425
13346,09afe2cbf0b7c11cd5dbf054b364d59f61f30e463ff0befc995c527bfe91c663f684bd4357a4c247fea1fbc4af42bd2abb61e3b7026a38a36233a176d417bdcb,1,0.40401446050529843,0.5959855394947016
13359,7666ccd573c4b1bc6c39b128caf74bda78c8054d79c2b0539600588d808290abd027c0ef1478caddd63ade79ce8d26b7a1bf03cdfdc35c656f956eee77ed442f,1,0.7053561842105601,0.2946438157894399
13360,7e8e329bd62a840e9838790b776fb351523a4304bd4aa36a546a3510e309cbc3597b112489c511666bcc89a907574ab0152255cdc90def3726f33c16a96b8f4e,1,0.9417829152935658,0.05821708470643416
13372,c4368a3e13ae843215407ed4376122214cb576172410f33b40dad7427e4f5f163953d60adf21c31ca5d3f1a5ba5817b76751b86aa4dede3d506746ddb9e112c5,1,0.9698942596769995,0.030105740323000507
13387,41b84d6f4280bd40e95388b5ed2d7d659dfb0ac3dcaa7505a69baf97ea2513a3a880544c35b6ed2d86b4642ca680efdfe3ef7aaf0b42c0106713b9871a1f729c,1,0.5101341769303152,0.48986582306968485
13390,e4732cb87d1b5fd7e2538a0c65edf2a39949ed2d3324e16c747cd3ac617feba867905d47197893973a4b42c06aa80a5dcfb987d354c92090721827b63ca2a990,1,0.9535862085028853,0.046413791497114665
13394,31edaa2263da428ce9aa360a6359436fce787fcfe4560f21d03bcde2d5487059e9c7473cf22ea57a0cddf29b86d6b5f57bbb6dd78491dcb10e8d493b46350ff1,1,0.9064303033144475,0.09356969668555248
13412,41823f7458e2fef146a75030813b39bed97234da8791bb77c661622aac9d362e243ef70001ddcb7a9027ce9236be65f20c2a150a746bbe7cbbda8ed980296232,0,0.9504900432311699,0.04950995676883008
13426,159d198fb08c4049da4b0072fe74456d302762f9df54f2a860df7c4ce53c60fb1b3b7bc33849dba75681efcd3a2ef21bbfca1ee299b8cb802e652f977f1040f5,1,0.9798682182729633,0.02013178172703667
13447,c2112c03e0d0bce2c8bca6fcb5480a35274162fc51b25722651dff8f32a47e02bd18667fcb2c1e50e33c48243ca1d8760b3ba13c42e9df54a4fb01f4ec9368f7,1,0.7445951236959999,0.2554048763040001
13466,0711e5d9f53ee3e807afaf024df10112c246548f5cc1f6ecb53a9be4d813dd6fbfc140e3cf279701bee466db752c390d6e8a29d0f13d0a4f2f3698b220c29eda,1,0.9549800170087961,0.04501998299120391
13473,3c644c8d8a40258cab36637cd124571e219f62982d915cde005449e98401ccde1385a5a73d12c2309c938c73f53f540da948918832bbc44c8c8e3ad22048e3f0,1,0.7416979343140357,0.25830206568596425
13484,4c294a1fc65a80a1e57a2481626f3f7de25f0be69e74680df54160a60b2ce74aebd37825a30559e088ac84498ac06a708c323e43f5a0a9da0c600341ab15919e,1,0.9883647480997544,0.011635251900245613
13489,d9b01cfdb6e38964c410566ad5e0a605c099877e7a9868043bc154ac3c76aa4e54990b68e81f4bd48da2707ff86d27f143659082a1e93096d334959613bf51a2,0,0.7439855862098236,0.2560144137901764
13510,3c23b536aabc015a7738855e73c3102b46782e4d0aa2169b6c539bb28dbd27463d3275f1e324db54017590f1cb15ea3099221a334649cbb1335ec527d8e66bf7,1,0.473547353232093,0.5264526467679069
13516,91d7207fc73957691f1f72ddfa1af028ae7dfa1afe8f3ff438f33d294188f8c7fda3a439a2b3fe94c29932ffaf8e78d8470ea5e06d726d570e665d8de549ff84,0,0.5928063418815686,0.40719365811843145
13531,50ae0b213192ef6631a2e961cc123ff8154d73be39ee36bd900b964411ff2825dd833a28f3461cca428215e3a67814555b8c35b616c1f922a8d69bcb71e917d2,1,0.9532100022948349,0.04678999770516512
13576,25191d2efd6032efa1a61417ee27b9034dc6f7c59b5394974513461cb0e5f3e0f2f5eb30a14146aeb0f2fb333ab60884f3448456e3831a8ba26a4ec447c39a50,1,0.949708407955488,0.050291592044511946
13595,cf3470faf7b71251807927a9781da228d90261a9be321280f6b5dc356ccace7bf2fe132e738a43a33e42e2e0057636bc03bfade86da7e384c0279ab09034c8e5,1,0.9208851790465967,0.07911482095340328
13598,2ff9b44c1e993f58ab9876204f4265db256bd2b2783c1353b81b1c24207c8e14ff7ff71301b011c4f749dde0704ac80ff768fd137fb7e062a2fdd4a3d9ffbf3d,0,0.21831066927596687,0.7816893307240331
13615,4ea41675d43cca0201de59519af47f4d0ba1fb449a2fbd3dacf17fcef1cde3d56621fad7955569d9c940596b5bd2ac32fe60dba308a3d92e7b56bc64db1dcdd2,1,0.7043844739287733,0.29561552607122665
13628,06d35a3a9473ffd1c5b458f83a02c8a2092562786f21aadf3a45a4be0b1946619a66f2131855a73f35892bfcf348a431c8e8e4c0bde89509bf090c3aa32783ed,1,0.7112099429378936,0.28879005706210636
13633,9e81b35ffb162588b2caf3b6e7db27e16d57ee70389c8b83e0b61e0e6abf56d5d864aa29673c39bbcce35b70a1a8587c1f7a99a1604f6fd3cffe007868796be1,1,0.5260391902533,0.47396080974669996
13652,a32ac0b3c3265087bd81e3ede19a09c4215db6e2a5433c928d19b229490e23a2587ed3138e612a7fed0644f61dbc8545c01090c778474bab2bbd721e9a42b00f,1,0.8686511345164116,0.13134886548358837
13654,6233c26b0a4eb1efa9eddbd1cabf4c112dfa40e01b9965b6f1b553dc28fcb0046792ad7442028768312628dba4c92cd7145535652ce94d59e87a6e6c83be7047,1,0.38478761679436224,0.6152123832056378
13670,5e45237f94692bb8a9e647cf9bf5315f946eec5ad1d68696a65702452559f172d96a40998bc73eacc69d9ac2fa10e90e38d30da1a4a8586371da262bcce7fb99,1,0.9869072379514413,0.013092762048558693
13671,980baf50e3e85c1b00f6ae73c80b888f5a70d29bdf38de561535b97066d298354149ab398bad33610f7e513baf9e43cb3bfff6592b2b6625a80fc7b768b27ff9,0,0.8735028763136071,0.12649712368639288
13684,f9d72008434529564617a690b99982a72eef8bdab50da637ba73da3ca8673225d66131e13a5022751a73bddf776f1b78e3e22321f502d7274411988c61a86321,1,0.9625911893433404,0.037408810656659575
13688,34270880c28e2c62b8f993b84dff7ad9612fe0948a722d203b4f75ce985cda06056c0af4571e1c16ef4ca14cb89b5c5572159f2ba630dd3b9cbcd981e144e62e,1,0.9214370438108272,0.07856295618917275
13689,34371c165df05e56e184fd6aea20a81495d640c91a572f09595477c2f20fa6e9b27ca4059ebd4887d7f8311dca4c946b3b860d5e8d86244757fb4082b8ac462d,1,0.9209120250210164,0.07908797497898357
13694,f9ed89a4c1f0aad91d77d78e4d1d4b50ea04fcf5794925ed1a361df688ba51a75733a38e424af7b4de99b6d8a77218f4999964917c3e0c23a25738e82ef42b32,1,0.6758300496488061,0.3241699503511939
13709,f644fa45ffbf4142e8cfce724266e18d865791b5c550fc0037437067bd1bb20ea84ba19bec930e9b3532a93ab4a4a48fb247ba2103fd3a092f93bdfdb1724bbf,1,0.9659952927589298,0.03400470724107019
13711,3e1c04d7c991dacb3947223dbc2a5a44274c2fcf8b5e4ee5a299e1c789efee0c509c6246d04cffe46228dbd925a5136bd7a4b89d89abb9c857dcbeedd25f617f,1,0.7043844739287733,0.29561552607122665
13714,263ee1b1bc480825e7e61c3e5838c8dd66cd97501cc5e03bc77e37935ec155092d0b6a5fd468dba30f9b110ad91d61efa2ada1323dfa55a378cfbfd83d02e65c,1,0.9151313834693087,0.08486861653069133
13729,8a2989a16eedd233f1b454389059960400e2a638bfb8548e804a64afdda0780862299b96f07a6bb99bb90c347c152159ff38e5016ffb4a7eb449f36aa09a24e0,1,0.9165689295526009,0.08343107044739906
13745,620389b5dcec8099bcc20e57196d5e729fba534d42d9783abc89088a729b554bd7892505d93cf262fd7ae0cf502af21d47bbd008a489671b5a807aa89b5e24a0,1,0.61213896766839,0.38786103233160996
13754,da4198c84100d6aefb1d587bebffe2be671123e93d2fa3243593baa5322c616589e3037e8531923c6fa98c5c98d361332e00f01249d0458919af8b32889cd53d,1,0.9536612058733831,0.0463387941266169
13767,c994fba4a43f4494104ef6ada275484bdc59e3cb608639c9307cb0224aedd723eb8896d6e6210f42bca3ab60fda35b9685f493e6bbaf191da4ade34f1640f615,1,0.9391108554716486,0.06088914452835137
13769,c7aba39dee048ff3ae3c03bb861f718b8ab7478e7aeae6c83ca547aebab206ca931bd0e08e584d118f1834a0fa7ca335ea39bce56ccdd9f982e720a6ca698ecd,1,0.9604246107326676,0.039575389267332395
13770,1998aefe858289c7f4d904033cd0d2357054e5e75f9b7ecc333a9a1c5ab2ceadd2120870d1935099e28adde7d57025379cc05d718142059925ef944258dd49e8,1,0.31383786642975975,0.6861621335702403
13776,538a37bc08a223d66a5baee425e53a79ae8a1e71394a2d12bf3b872d3a7f795610162461bdbdfba0f6284de6f91ddda0d79b14830064278bfc2c4e1da2b9d35b,1,0.3342489869357554,0.6657510130642446
13791,c39cc64ee1dca03e3827460adf185c4c2af8d6b6e55f335a8e80fcfdc2528478c20a5120d650668a6712d44963fa5a05b425229aa8f01cbef66772d39612e5a6,1,0.38725396781279575,0.6127460321872042
13801,e9a7678c42141b65af69b49836a7ae6a1c11286c55ed742892e25ec87c58e2671d1d3cacfdc73c7f812770450b7e2fada022db225a5c8c6647db9d721cb2998f,1,0.4265595572132386,0.5734404427867614
13804,34e7127c1d4aa27acbe9dab94014e9a03a662ef788e61935770035d8f7d9288cacc6bb32792f6f66f20f8f9d79a7910972a1dae7f90169665c6c73399e570524,1,0.8663253090936867,0.13367469090631334
13819,c342520fc0fa5cc386a241fd33695c757193567f0817222df11481c949ae73dfd1dc534ba75c0d6e79d8d4f603a910034687cdf4892a682ba0914bd1bd91a1be,0,0.27845646295454957,0.7215435370454504
13826,210d55da0bc9890ccc49cf530190313533d07f0f63332f697e892b8786d993d6768e29b63589a981c3aaf6a997441a6603ecb252e50355082ad2231fc04477e6,0,0.8870455572483532,0.11295444275164679
13828,3a63e16343b3dc78d817a520f0c59de1cf828743ce60174b173e1fcd3c86a605306ab95abf9ed6837720b04f1e1abf057683bfa0c1440ee874f76292b283f0b5,0,0.7628198161579068,0.23718018384209316
13836,c02b55be03c6eafcb52ee98f2e53ff23990db51f90381496b7ec3e878d2c2aefda14408904c19db9ba7806764270b7bb151c4889da7b736a175ab07ef6ced491,1,0.9706914977806385,0.029308502219361543
13847,93ccf86de2bbd01adda11fb66af4cf95b35eb22eb4133eea67411b5480e759e54d8febc0f3ccae8e6992f515e933193193a84a502baab9fcf8f11e200f8ddad9,1,0.973832222142096,0.02616777785790403
13859,a2a8c3367a5556be2795b8d4772b11cbaf0c155e87fdf85abf6f3943329e74dc8e9085397ff44fd5f375df93752891c231bf484016e6f3412b14bba08045c38b,1,0.9310457122028256,0.06895428779717439
13886,777e39873737109c916c70ba1595bc4198bec513baf3a09c237bfaae18c05cea0cb47389235ee44d3a573421c6059d8f17ac76c03ad71da396a6cabae0215d27,1,0.765599166718732,0.23440083328126804
13896,ba4eccb002f4213a91dabff1258993fbb7dbdac4a42f6fb0336d2a8a834185632e572ee3945f7430b267b0d475f64bdd5a476dc04333263daa3c6d7c8675febd,1,0.967138065399788,0.03286193460021203
13902,da41e57aa28d98cee138470cd96bd803cda2368d0ed2e42f53b9f5335cd051a5bd76164ea42ad6a6980c9211f2064a64faf8b646db0b44417a673b9f72642f7f,0,0.7850688136865835,0.21493118631341646
13925,3b45d8014329f304a2108f23671eac751cd7446a023fc89b357988e0f4d5587413e10de4e004cf6938afb6ae4d7704937dd8a3563c2bb3732aff085547d6c728,1,0.8560628365732024,0.14393716342679763
13931,33e12c0bc57e538ac81da22185e73c7d4b16ef007b72cc8273e2303a42804ad1bd6796ab40bc72187d273d7cf90b2f80593ed68cfd4d3a8a7f4b25ac837e3d16,0,0.17615691204095102,0.823843087959049
13939,7718a850a1506246f333d5a44af81506b114bbdddc9159df9211fede033bea6597fd235210652ae07ff0a11f5fe97293a9dbc0c7fa437a0348c80664b9ed14c3,0,0.5817198395174483,0.4182801604825517
13943,fa1687c24145d04e58dc3d071e7e1bc105ceae9c369d755b331fae68894f02b63268f57f69ffc7ce5138f3c7aaa04bdbdce8728b4e0277b478b57657755bffe6,1,0.5234312453257561,0.47656875467424387
13947,7d70d5006c10c139dd7b8a196fe96f812532ca40a9e55f0ee73b53a3d73af0d05ba8229742f1527afd932670cc96c20ec5597522f1e2f194f2c0e53f5267cce3,1,0.8503793730948876,0.14962062690511235
13951,fedf04f8ae6174810d0e3127ba01b1764e244742a111fc835e81ccd17c1351f472a817afffbf930abdebb2955092c0f3fe1f2de4a16929d41056aff1c96f262d,1,0.9526291767729357,0.04737082322706432
13958,5468efb9855d78adcc1dda419bc358a55a91716f66e5a115beeeae25eb06dbb44f4437be16feef7074868703059cd37560ff4c86eae69b25f45d1ff97acd1940,0,0.5497547300656559,0.4502452699343441
13965,38899c5f731484bcaa1adf9877945cd76a28cc411399de32009c11b1471059c0e7618afec98b2f15a6b800b0b71f9ba6d83963bba853c5bd85c411dba49a7e4f,0,0.23197180055428174,0.7680281994457183
13973,9e81f17af538c6a97ef303ce2bcf23c417f5e796042730a22e7c675abc301d2969711b3d164161072ce19fbbb7f4db92ea7d89aff573cc2ceab3db34355f2a01,0,0.9374493483392052,0.06255065166079476
13980,a83cf1274451d6eb446939e253e48e1973ccaff8640f040ed953cea047e1362dc18aed758f33a6c5ce7fc21e9b1ba6a2ed48b3efab56fd0f40ce521175085497,1,0.5873657226402498,0.4126342773597502
13994,1d6091e2752181842042ba35b462e35ead15b2c3fd2822da8278a3a1d0125a377deec0ae8f5f08e6da9530a8993d7d543d7816339ee7facc3196ad1e18db6b78,1,0.6754646531549604,0.3245353468450396
14012,ca730f05df199c68ce5b3236e46aab262b9e78f385d0aa476767d4fffb2ad8d95fd3bf59a032d7a387e0f3b85070dc7c3cd8afa57b5e3e344a7d326c75aad9d5,0,0.45126589086868046,0.5487341091313196
14015,ae1a43e6d4176bdabd259a6c7846abdf6d4126191e8bdaefc07eafb016398f6768a5eaabc0a0dd46d963e66b8cab8220b26686a366d0b261ad8ea5925c955416,0,0.22063315392640206,0.779366846073598
14025,84eb5ff57cc2bd93adb102484cabe11e5a8a6945bb443fdff865b879416cb394477d1d55975262ed9877d46b6dde4a1b19ead3beaf46776da27cfd89459bcf86,1,0.7043844739287733,0.29561552607122665
14042,c3aed0b020a5f6765a9a7ec15281402080301ac56c01a5b984215f9a710f7f3ba50ec609984ff531ada04e15247b9df1c03b6e385cbf5d42d4cd65507e6b1430,0,0.7133644671008679,0.28663553289913213
14059,f6bd9e78b3a32f6d6fcd63243ead16c55369ad8ef65ed62a3e010b1b2d85f6e90a4fed903a72f6451052c3c0f1aea5baee75287500aa9d878693c8fe65230a23,0,0.3428941294863619,0.6571058705136381
14060,433b599478e2fb7320dc60fef28e8eaf91b960a0aee43b445572015977f3e0655d98d819dbed56b0e8f5107f53a79278d597c51cd81bcfaa33f9c0c4c3a9fd80,1,0.9211757999671575,0.07882420003284252
14075,5c7faa050839c1c5fa6dda4cf5a5e3def7a918e21fa51b24cb4059c1529d8da2a69241219281d594d9962cd30e5fc77f95854876071e84fcee583494a63d7bd5,1,0.7021647938376496,0.2978352061623504
14129,fffb23b224fafad73121af8440f0b60aa794d18278f20bf53a98d3ccb61f07c1c0eadcaf6323ce3e22bac6ea9adf505ed2cc2bba44d39e80d602d942b0369def,1,0.9877076994064323,0.012292300593567673
14133,88a866fa57078043b93bf6146c833d5d2b0162f04299277ae3403777613d837e9a6ef0fdf9ef97a89d7092ab9424a2e9171baee44fc2596b845a6687b8839c96,0,0.232690540522343,0.767309459477657
14139,cb8aedeecdba2aecc05d3079cfa46ff4bce40f44863cdc642d464c0e8f611dd4bfbde6c4df7e443181d0f5d6b64f384e308f7fc80eac7238738ed1b2a2c32e75,1,0.981718384118207,0.018281615881793
14207,d64c91495e9a22228d0b64688a9d5dd18db6ff7ec7717cc93b03377d00198280c2cddc5eefc471eeae5553b2eb2f2fffba7de5e0f687c046fabc929c65732eae,1,0.5797164023756893,0.42028359762431067
14211,669b7254dab81f38c091272486c77de22adc428eeb559522f2a8263e6d1d01e29c900bec161b3475ea87100a850e7879e70e34c1f62ff2f7bd82a6265ec9a82f,1,0.9285926552524112,0.07140734474758881
14234,6a788dc59062897b70543271a36a69fa5deba642ab1a8f18407dd93186d279b04791915abb6b0b6ddd1a595f16ac4fddb98a81f22eb2736bad63d57fee84b574,0,0.41887214186708055,0.5811278581329195
14257,28427cbb7179c9447fcee82a8f1e3da95e1d0334835dec333c5c35f62312807d6441851a374524fbed1c24868de4c9b10329d697039067ad91e607fafe1ce073,1,0.9782839032189194,0.02171609678108055
14273,1bfbff1a43dc029299a8f020b6b7ebfb0c01b7f0a44b85e6ad9a2b8be2388b1cd0b734510b24a0d4d1bb60914db687d56fee1d5477531820b60f0de745cf2f44,0,0.3783747442234445,0.6216252557765555
14277,46b32ec3f219ac60750a90197214ad488dc0e9f8c57e83cfae6ae9c50b03f222ddf1c807d9d4933dbc47365b278b009af7c9442075286a76a091d3abd0efd5f2,1,0.9737415831666676,0.02625841683333241
14291,3b08a1f8bf9b0d95f8ce8c6e013f604a620e31145ab60443daacf0af1835747a37cb9ae2bfcb0ebd20b42cb0a9773548c40efbbc52872cf8d57e0385fa2ce1c0,0,0.7484839041747019,0.2515160958252981
14301,31e3307a13aa18cc90d7c5a5daa9d5fdd40b4c85807e806e48f377ad0c4b90963ad7231a55080024ae41a8c841cc9e6ccd73b73cff8a5c26bfeef6f055e0b1c5,1,0.513922991043462,0.48607700895653805
14322,c52d0be4139fb3a5c0cd43bbe6236533788c44741075665df836be9de38c962b92fd998201f2699216a0e089f4cc751479eeca343cbe1bb44bbcdae47ddcc805,1,0.8432002755523178,0.1567997244476822
14340,daedd48cce1fbf91468d52cf480cd790c27b8d66c2bfec3b2f1ad27efb91ad2f3f09461112a0ec8832781f6821ae7083dde9c10f339763901980a861d66fb960,1,0.9190835257581587,0.08091647424184134
14353,ef8e0ba9c2056c3fdcbfaeac431079746118a8eb2aef421b939a679eb6d1d8d19f90c99112e6c394903a9bbc9cbdb7fad8828c64a114f8d8feeb09023ced37bd,0,0.5885311767350978,0.4114688232649022
14392,e2ac62cf4c4df58d8ba00abee3baf0b6ef7574493290ea1a9b056f48e03dd97ed4f301a4ec58b7ce962212f77654568eba4ab2ec27d8fa25fe7dccda0d953a8f,1,0.1674033918081771,0.8325966081918229
14394,7647aa8be1a59177813e5335bb4e36d354e068e930dba950f5339f9055517f0f97513e91715e236376d6fe0495586f6c8df59c57c4703db7c315a45a73221468,0,0.26271376073384844,0.7372862392661516
14396,f9b0555533c27d5e9ae494173b06c0ce804ec15b9069558403a7b14ce53993ab6654b5b253b5dd9bc5aae7a7a20b834830ef35a6ce09c5c6da8e880bc104f154,0,0.23578949874567645,0.7642105012543235
14415,845c86d1c4eeb499b04b02041305d39ba2be7d47ca11e2f040ad57eb7731942837db712c4f0a5c343a2ff3b8acfe6496299fb30e881e27df272006249b847feb,1,0.6614972368833741,0.33850276311662586
14419,ae8cc658aedc2b259b03e218d36dc341a426260fbf6edb2c82aa4465955b16d7b623fdad6c517d70b9a5fa9611d8bb1df09af4964400ef62ba700ae2360130e3,0,0.7233169319834062,0.2766830680165938
14474,015f80e8b73d03b3afb492d9436aa4c4351a806c70c7864f7052abbbddbeb9e9908566bf703cd6a06dc27da98d4edfa22f84e0a60821b7d1126374f64c24e5dc,0,0.9600871809540876,0.03991281904591237
14479,bdc4fe238b6f7f615cf74f1e9b5f38b85db0e012cc2387e7f87d3bfeed42c6ece54e93e7f3531fdaf6db3ee162993c246999098fad9c370ccc9a237c27f939e7,1,0.8413362105257405,0.15866378947425952
14498,72b426023b06d26f7510834f393f266b20757f80289aeae3cefd923bf930884959e1109cb27952c280d2cad1e5fb52008fe3d9eba930ddf9a84165a7640b43f4,1,0.9747956941719449,0.025204305828055107
14500,3589fc0bdc66f23351f9299ecef2770880dcfe704fbcbfefd1f31af601700193d8ea80ddc034b0ff14d7c30c744caea55b104fce45e71c1adaf9b843330403e4,0,0.2468343710378685,0.7531656289621315
14509,40c6c27309904bc82b2a2358a84e30d0715a0f0c89818d202f565b241ea7b70fd4e3667bdbed6d177b1a097c7c49e78a5602100af6fcd09338603194f3b39633,0,0.16104347440987207,0.8389565255901279
14537,41e534f329bba4ab0c2489a69e6aaf8903a0bf351794c2c06e38fc882740f5555ac44fd4b3e6de872f81b7d48664dfd6fc14fac02c92f0affc72b22ae6184d2f,1,0.9906054312638224,0.009394568736177611
14543,57294f2a9e48a9ceb36d700f363e257b630a57a4a625212807656e10d441537dd6f5fa65daeacff3e088312e00b4fa3d9a0347108607c85d2382061ab0e3c7a7,0,0.7179139768010128,0.28208602319898723
14545,e140de111da84797a2d15d88a72b43aa4a2eff54a58e0ad8ee122ec2fad9994e489738087b1bc2c8f08eb9dd5f2fae6a09c2e3efbcc2706fb4ff3cfc4943ddf6,0,0.915168652472609,0.08483134752739097
14555,4282fcba6eb1543911c91949dca8c9da0b96744df4d0331fa9fe07bc1ea6ee0e76064f01ffd0de9597c4b219040718f210e13807a88fef832ffb0d1a4c92d8a2,0,0.6783028827530537,0.3216971172469463
14562,0442d56efea5fcc87cb2e8e36412448341923cd8f3a554e3cb3893c5016523f255836231c5745a48695a4a0a11c591ce4bdc394349699f353f706c2e9fc07ee9,1,0.737582666200818,0.262417333799182
14579,eaf09c6fef79e01339c9e80008780492f4cac4a39dc831af104def23a5132d70c3b8de0e2fff218ea0eaa3f0ea14f138f34474edcd033402a4045812d2ed9a6a,1,0.934886088655576,0.06511391134442401
14584,5cbb394d4f92e588d2367d511eddf3de848b2f8fa0bffd746e93ccdd041cf70d9541324efa659f10c55c77d6bd327c10181e4e058c81caa0c529702eaa206924,1,0.7322492685277704,0.2677507314722296
14589,87d8cc2a4733d41b1b79eba6128741cdff9c5b27c1a89f9a0036bdef715d5c0a5e4f13bb819662dfb965f030d70e804ada9a00dc8728bd25485f9c16c3e17d55,0,0.3656238761679299,0.6343761238320701
14598,0ae1750b6a8a022574ee382b32c8c31218a32e84b785aa7df2e65f94dac31d61007b15220bac8e2a6c566c0de48c6f18dccc9133c8f61979bc23ac4d42e5ce1f,1,0.9734223144823458,0.02657768551765416
14610,8dd77c012e6c644145eef065eedfa5d808a0886a6feeb4ea647acd764ad39dc34e96852731e966d57fa8451ac47ac6f25ef456615904e36eb7d161f690b16acf,0,0.6770203825023032,0.32297961749769677
14618,2e231ef0f296e2fa308d524adaac5405769421541c266ccc01d7ac7394c54b315d380d339c0a334f8937ff1c4a4fa6b1a2b7cdfbb1bd5cbb44ec6f869a9dc713,1,0.960199771935098,0.03980022806490202
14627,ede7d25f2ef3ec139f18abfd0571a0cda4e9111d9293ba629e458b6efd1590775b6a35a45daa3c6c8f927f5e3cfe2221c123a7129c94751b1a31189e2d1f8d2a,0,0.22103797524816576,0.7789620247518343
14654,750c960322b53dda0f76800518641dc3e1012296384d9f65b3b395849ae445f89302c435d83965bb89fb8315d2464b74af7dbf8577d5fe0176411487fcd95ce0,1,0.6890119740226099,0.31098802597739006
14661,0a9670dcc10b33b7f587d3bf14869fcb8cf5c4b6b40df51c2b4a7d2974ea3d9409c68db40a35f40f39186ad2cfc2ccd1a91ee0d16fb87295083759d833a02eb3,1,0.9921121947159952,0.00788780528400479
14664,3e8256ae48dac47b5bc4c2a91bfe6a9dae89fde6ef2a89f848f5de3bebca27909e244eca5f47f014fa440b92a999a9f5f666d8a017cdb2f91653b26fcdc4dd37,1,0.7939393388619234,0.20606066113807664
14677,8320f071884da7ae51a9309c05c21427014883f997e71638227fcdcba7803d74c111caa7a34f34a2dd32a98a86c919ca805e3e6d4d53605c79152e9b51862473,1,0.9700104246826227,0.029989575317377337
14684,bccd6924f32853650a52e1b84e6f26cf2d9c796b9dbe66fb12b17104e6473508359f6f6a082846c2fc652c798748df7d38ccf70f24603a65465ca34a04bcd879,1,0.947244381914257,0.05275561808574303
14693,8f4415c9e80d55123e7d3a9bd5e41ebb518514c335dee9cf632a5d9420f2e727d5143c32afa508b372a49bb6206890844f2290357c56536d581cc7bed6ace05a,1,0.8253186762119562,0.1746813237880438
14700,51d33eadcb95fe5c5dcd4a20c62c7074bb351dd8087b12860d7be40cc9ee15e411b45842a07edd00f6613912530c7a6c727a35797c8a7241778bfd0082d9b28e,0,0.2209266161675795,0.7790733838324205
14710,c2bee3ceabc811a995e04ddc3245eed181f9f049db9a880132207a76b03cf2aee55cae61e06ef7dc846647241491963cff34fb0fc01f98c97e65f82481a293ee,1,0.9317489534232489,0.06825104657675107
14731,ad2c12dc602d459d9ff1825f3bf56e7047f123265896d029051373bfa894be772b0075ca34ae8920bb395f3f121815adc0c94164f2d755be53564d57f67a698d,1,0.9786705677516775,0.02132943224832251
14738,027b2690411dec05cb7e4905242e1e3029c43a90414943869f8e884d28682d4f93911ecb29d04ca867cb31dc91b7bf67fab97c8453a415403b8ded329805d5fd,0,0.2569540344314389,0.7430459655685611
14758,1939206983845c69e2bfae2018303cf5fcb5a4b2fb4190fe472b281cebd12cf20ec0dd7409a7f49fe2eeda8fdbd941cbbcbf624f4cd76b5acbba0d6c2ed4abde,0,0.6921879565345012,0.30781204346549884
14839,5205a89709a79e5932ae1b4fe9c44a8991ae678df11a3ba23c590780f2cdab3bc734a43d83a84eb7db2e493d4d6c3f7ca9ab56442d516d74a188f4893408a937,1,0.6787769315932948,0.3212230684067052
14841,2737ecf07c83a5b96742c4c94f2c19636f546c284311fd5e1cefe8d3577324aca5b590a774142be8376920f18c9f725859e94f0e61b224e7fdc532d1362504b8,1,0.9847657466511794,0.015234253348820559
14854,8d31d6713b1954498c4ca512c3dbc1a3f246ed07e9e9092496545bc0423011924ff8f2fa9876a04e31b7a049efc434118a42e04a4a6bf61b90fae72de403314a,1,0.8590404706761683,0.1409595293238317
14864,c900793afca9574f3018239c716ec787b0b3c814b6c209a06c45533a0c0bf97837ebb6f1ca2e88b30ebeeeb004544e18a8854c1c6158cd896597eec7a2bf6f94,1,0.9154170204187594,0.08458297958124061
14866,96fb584714404e02775bf5824b28c2bc460add843d635603af474412f95db5c95efbafce7a45309055ebed084391fd6c012ca4e1164fc646e0bd2f5ac7348ac8,0,0.31977959293402564,0.6802204070659743
14869,d0f608ac3d7038f270fa83a4acd2ac25cc33ca08f014b54806ff1c3625365d3db8925679a85e85e40e183a625adde52d7b5202a4e438c08b9393ed8f5fe1db1e,1,0.8724150946807223,0.12758490531927769
14874,a5965f218896a3206b406066818c9a883aef9512f3495feab310ae2ec633cae967d68389ce27c2a6f1196d4024b3e3965099f8966e0683bb2c8c7571f28ad09c,0,0.892011617836413,0.10798838216358697
14907,8407672ae7b81c6f21d12876c22d5eceb130b8852b4e33c58ccc38a3d9622b4dbc05513df667d9404ce15038cfbd0e36d1cf8bd684d8d6d097e10aae2473021b,0,0.2121547125325522,0.7878452874674478
14909,e61892d52ad8953907e839629a327c70e8453650f9622081036825bf527db3b5e66a564068eabb82593340881926c96d9e33ecc59c1f5791c3c6660ef0a4f641,1,0.6062839025383054,0.39371609746169456
14914,4ae9c2525009833484183c1bf8e1e4f3ab0b5ed7d1e71a713a9f4f1317ca2427b6c81975968276617e1a9ca5abc62ec64536722cf4e8a198534631b16cf571fb,1,0.5482917721621663,0.4517082278378337
14931,968230c161c4463cb99cc351c464bb5ec7aa8decba63f1d789ee41e62c56f942a52359adb7c24e6bac8ca7da2aaa41f9c6e795096892b0d151d5f5e618e28428,1,0.7536174226677583,0.24638257733224167
14954,8b0188991f8fa8b14b6ef21859e20310efbb42577371992dc021efef47683c5edf26f9abefd1f3cf4a0c14d7af1d16dbd13bbf697951de8a820335996d60801e,0,0.5784538159186714,0.4215461840813286
14971,d3d9d0051f5b09c1ad66b793c551e33057b4f1c353062a7a5c693e129cc9d4bec6fe26c28db3ba2e9eb69430f43d661c310bf58ea87c6b61043918553ac199de,0,0.31051841850656126,0.6894815814934387
15041,94f6f2be028ad9880f30e66e5547c875476dc131f9fc12952aac2c992acd9e9613c039eb0015a488fdb7026a7948a772424432854e71a38e6570d801c42f8e5f,0,0.3546835623028748,0.6453164376971252
15052,a23595f6d7e0658c619d31c7a50dfbc6529b972a8edefce17841aa0851bdb458b4689ac6e053f04c486dd7d4f6f852e8d62acecd0164025b0e64ddd12696cbb9,1,0.9707697555137378,0.029230244486262213
15054,d58cb2c47168833ba6829b0d85bfde40e3d08e9462578b1086d2ea12b1b4d6708feb79aabf54d68f4b98a788ed5cd7ed69786f430ab479ec16497212b8258e2e,1,0.5924886408985843,0.40751135910141567
15125,8bf2c32a5536eb3c03df390cdacf3ca98cc408df5d616513517ff98adf496b4de56c5555288c791f1abdc25cbd96780ec1cae9e66b75e36ef4ee8544d2dfa066,0,0.7465027786899834,0.2534972213100166
15143,a7627dc6930d34354d2b5dca5c9dc7cb8498d4f20aeda224263170bcaffe6468eefddc69b4142873bc5ee63d876dc799094a02416cac0126a3977164b93f16ce,0,0.9162332227553076,0.08376677724469239
15159,0240024e0a3465926bafa73b749f7a2a3589d145765dee1674047aea561164031fc3a5e93cfeaa08eff000316e2ee0d8cf12eb549bf9d34a546bf117c6d0d1b8,1,0.9826511779629623,0.017348822037037692
15175,95f8309d48670b23bf0d26123a1ffa949e061cc3b0a1891827bd6d768ce755685e1e27d6ec4bad91226cfb8c6542c1970d89af85b6ccdfb0751bafe5f403088b,1,0.7934884654502876,0.20651153454971238
15185,3ba56ec592e610e7fa7ec755b938aa71ede9913f55ea9b09f296cdcd60ce80246b3b8a39bde91282da5b470d3080e268e55749c418ab3eff73954bda5940653c,0,0.6216734050005251,0.37832659499947485
15193,fa791e63f4d5563b1cb8f2a10c0ffab478f6f96ec7f39df92be783f3240f39736398dfa2bac340d42a610df914af5a743a3e62d286e355e8079161e4f617c08b,1,0.967443536910543,0.03255646308945703
15199,a068c534ca5a293b499870a24229395589ce04911ea592d17420a273ba4a672b9a53d56db2a10ccc78ed1193f42e17c8c7bdf86bb25f44389f83a3ab22a13b1a,0,0.6810153176506712,0.31898468234932875
15203,fcf59f5ddfc69985105b6d761bf37e47a92e0d47de3f178c6e03cd8a3bcca34744ca2255b8d9002ade08a5040c3bc93ba526c2701b7b98dd2f1259bbac5a2781,1,0.9575153687503357,0.042484631249664284
15225,d87a8366b607bf69c9a88801b4c18d33bd0269a7f2f77be42ef899834996ec8078ff501c99938a65606b754128548fb438f08d95833b70b387ae81cbdfa4f3f7,1,0.9453464180801684,0.054653581919831606
15233,8e2d1362931d2560e7072e27aa4770f184c562efce470dfdd88eb8dab5bd2aa2ba6e78f179122348b11eac092e4319c3be2c56fef38de18037220bb6eb5e69c8,0,0.5784538159186714,0.4215461840813286
15279,e0d66ba64db8f789549a4cbff15f8672b559637f549feda1f409fb48deb6005ddcf2d56d840b2ea9c3ee1422ae5ddfdabe55203722aac545e9d67d0c14d888aa,1,0.14031079933923252,0.8596892006607675
15293,e897a38ad088805f9855c6f53f111d62f39d33f13a95828aac265caee09f2bd64f7aafe7856595ddd307698f8bbbf1bafd3af328263b57e05e5380a1471009ab,0,0.34059876227376396,0.659401237726236
15338,1c45b5a2676545eed061e897e507e7870dfaa54e7e804cc67cd2827bf5dce8418664e1a37da0a5b7d595889ee345673439db0506be8b4539941fcdc80d4292b2,0,0.5113089622023387,0.4886910377976613
15347,c86441c2f5b77bd85932db506b361446c03f0afda8c9c8531c98e1ceb45645282082157e5880fbb460a14f0ab04beddfe894caf03e68e19b3eb899d711b8425f,1,0.9807115997888098,0.01928840021119016
15370,874edb5a3bde9a03b2f6c3660d4274a6c1edff08f6ddfdb6a520a3521769876f0351e51f319e5cf4c6f8362c350ea43ee149c71e63708106127b13bf7929f1c5,1,0.9764874207921136,0.023512579207886408
15374,f577f3cd4c753ae1febba98570a3d49cebea75c2b8d7fab32bf5d03cb8275a14e633ef236df3c9e804c79d3675e7cd7b6789c7577102cd702029a8c17e6685b1,1,0.9654184431400932,0.034581556859906826
15389,0f7d674d26b002e81069c7a9da75086fc803b9184a5a2f031cd86505aea370e814d07bf12ddaba8c91e6a804461437a7d38787e838021804d524e4ac40fc6d46,1,0.9694985202947236,0.03050147970527639
15422,40976609c20ac06dadfc8180b33802c367dff59f642461d2121bddfbac46f6c42371c77a2e832d76ccfd0698e3d297563546f66b844c52cd03962822a066c9d0,0,0.7854679748405099,0.2145320251594901
15464,26455f7e2cdb4fa7ca3479f1f61c171ee7c9b145727206465244c5067aa56778a0629c2c11d7ccee88cf12f0edfd71b28d92c7120afed7ca1505c5bb5caaa534,0,0.9174943726008213,0.08250562739917866
15468,3c111dfbc3798dbf8e96a076af4df3ca3161d17b7a21a94934e852eaea5ed37dea1d86ef7a03c1bc95ca8212c614e643ac617cfaee5e0b4d73712cdc52b5a544,1,0.9633873604003663,0.03661263959963368
15503,392fad21dba7977bf7142d1e27c5aff1208e011f1bc43b41976b65fb8063202963ce3afdf38a1b6855eaf43104782dba9922b72e3b1e505f72e6a61466ba5ab6,1,0.704526299188876,0.295473700811124
15506,2afa258e8685860068c4d7fc076e8980e4e786b83fca7768659a79ad78af022817667e699b70276db7f609134568b31014db2421e3f6e5acd733a0114fbe4006,0,0.661499962819971,0.33850003718002897
15507,26e6aadbcad5d46caa14d575f91d688b7bcfbd558b8fbfc4e94eb6fd629a5dd7754d20cb6f7559cd73ff1c670c4f4c08e82f044b18649bb767ff77c56678c7df,1,0.5317175851908328,0.4682824148091672
15513,a02cf5df6df08c6b1eba5882d1765dc9324fd9054174126499a45953acd0456be14b8dbc7a2864a9093353413560bb124bbf781c210846b74ba3a4aa36ef5c19,1,0.7505048090003155,0.24949519099968454
15531,387257eb1c88ef4003b09b43bc5a7edda02de785f0398017d91ed93ee552bc308316ed0e2ad63864a94b467955cdbbf7509d1052c95a74a223980a5699ace134,1,0.980058040051381,0.019941959948619026
15566,c4ed0fccb1f8023875250c5786fc1462033d61a558854d52e39f3e3191cf37b0b3951c8aa816fbc6d8b3577f309411f02eb133da007fab8ccfa2ca0f5f260eb4,1,0.5052705023375998,0.49472949766240015
15568,adc6e53028bd92e67af6933628ad153752663d810b831a8583925cfad3f5ec6e1c11a6d5433fe6ffa2a92b983fd175c4130bc1e81269d2ac6d3f7f443e3c95d7,1,0.9340188405841404,0.06598115941585958
15569,c0a23d849c8a2e60fba8c2d4981d3779a2d86c595a3ee11d8d9ea8184213101a5b64157c4bb7228f76fc4e077324c06db33777624e9dc7debeeb1c74bd7a77e3,0,0.7938690561227232,0.20613094387727682
15574,37a80a5571fc5201399e01478053797fd25cd4aca59924221c253a16e6ec51cd7b534a7b8cc6fbd9b32e3058e27e7c05b53f8c98f1eb68c08ee853eefb2138a4,1,0.9600415593893379,0.039958440610662116
15575,0483030e85d1da0303dfc94339aa8b90081694c3f600edebfbc8108b0e5b33f1825a6cea155f9aedce17df7d810ee6342086c1923055468c56d2fff236ec9e9a,1,0.3562270194173857,0.6437729805826142
15590,e745d9a148400ed24414ddd8c14872b824a3e98a6f8525d4c6aa562ec5724e2a97495c1542276a81641154758ef1ba3f2a9fff6a819ecfd0d7abf3a39d7b7155,1,0.9613290624747778,0.038670937525222215
15614,ca768c49a4f95614c4fc61038e278cc2dab11665c496b0dc7a890ef758f9b3a30311b2b3b52af92ed3814980d35a436fe4500c4680212bcc3ea5a0d5c7516c45,0,0.3160599595240003,0.6839400404759997
15624,46352de4c5139043bf644588b1d0bcb91cf722d36f896c6c815a34437aa55de4a6fd8baf6c24c0f1478e1d5affcc9df0717458c5e8aa4f59bfe09937d11ffe5b,0,0.9118399401553593,0.0881600598446407
15644,7199657ffd7b4a2114f026a54a8a388756eb2e135c940974dd3ee1c2828774f630f723a2d81f2fe3bab67d4428d53bfce88ecb3e1b87b0afb6c83f9e20952cdf,1,0.5733699778370435,0.42663002216295653
15652,5588fee4d50e298ee282f2b510631228339ae47445cc8cd13acffa4e52a26e0df7b5c09a62179bb7f3d91a3fa890d19a01611ac158317ed4ca8eb09c1c803763,1,0.9835996756691213,0.01640032433087868
15671,dcad167142b8adfd6ab04f97472433dc951d35817e2221b763967580108b46095bec0e8d7988d85eb4d7e4f0dcca9f0cceca30d88341e1afea49933e11fa8923,1,0.9832806322778584,0.016719367722141554
15674,6014c83cbcd1e10082c575f877c6e2397a41d2e8440792aa2aafb5e423c802b4c710f9d4b40a002364cc0ef82cd1a5b7a275f1a4d18116648d6fae91b07709fd,0,0.8757959679846519,0.12420403201534813
15700,bb5c13a2d1539a3da272dae8b2da0ea215440c48596831c230fdbfde2a1938edda6bd3700fa096e00af48fd6816b0dab439dcf802c740a7f5c8a96fbb330d3f6,1,0.577583133006621,0.422416866993379
15703,776729eae24997f6986baa72dab80d18312d1a9b3620a03385748c0a833a060adf3a7bcb48b728fb955833401c687dbb802789b9c3533b0b270367923c972b59,0,0.09862618740120359,0.9013738125987965
15709,47a782f74564633497b27df23149f19ed74ea57d93f3db560396c5bb1f1fadf2d6f1eb51c308073b61adca6c7b7ce053e274321b38cdccdf6ea1d681d66e391e,1,0.5960729862976228,0.40392701370237716
15730,12d98682eb86c239223def6cfd64486a7e9575f19213411e5b8fb91ce00e350638f631a29ced70c4211d0a076f2f28024e67c88c1c4a456a6f9eb948e0ee2886,0,0.9283919781817943,0.07160802181820569
15732,02c8a2234e9455f0e52d9e28d964b21e701bbb1dd96704c4bed0f300f780fc7aa819aa0b4287c302c561bc4bd45c761fd6b40001eda1ffc2201aa54e2af9d1cd,1,0.8946956199616571,0.10530438003834286
15751,97c7018581760926c53546b08e7ec545d35b2a32f4f21953b3867a7de550fa65221b733888bd2b0eee3dd5005c700866fdd498115435cc90f5fce60dac796ba5,1,0.9643158689121084,0.03568413108789159
15759,e1631018e64981bc8b9c90c89fc634dde8477a10979d0a1e8804a5ddb5ae2b6a7122140810e95c215b4c22086432a68ca60cefa5aaa867fb897b62be85bedc91,1,0.953583137238263,0.046416862761736954
15770,3f9557bc7c5b0833212f5a271416ac0795c07f521de25b2b13cf67a21d9316e0e78718b7d75f969ddd2f1756a2408c823d1dd48927c7726b68b8b21afdb3b122,1,0.13046918031428814,0.8695308196857119
15772,dd76848dcd6bfe49b02ba13a91997c00506a8e821b96b22e464e0c66afa17e410e89e8ee8d70f09f2105a602c9b68363cef4449716522a277d25338530120b1a,0,0.4594691359911221,0.540530864008878
15795,1cada9fe9b90daa53ba995b6a105d7ed6eefee5720907ff86aea82981b3ad4da2886f4f3aaf163cbc1e1c04d440800d6c9fc14de0e1ac2e4e5e34fffb0c369c8,0,0.5784538159186714,0.4215461840813286
15810,5a0f3546597b4df301e31b7404bceb349160220b2d3eb52f838c6788f255686833ee37415890f82fe7cc0e87a1654e0bba83ae71dc5e477456e64d24a8ac9b27,1,0.9766880247753008,0.02331197522469919
15828,a53681fd669aa21fb35e77d4a07d6694a9eb2801d7259e1827e13054c54cb4c228d51723658a6d17961e8fb25bf7fcd8b2089e6b64324e0985d223cfe6528863,0,0.11097403671582724,0.8890259632841727
15836,91f865c08b7745b1f396451da885e61bdf0396b4ef44579c85b43d4691aa5f81911d3ab6ff5c203a660c551bce83073a695a9c2a99f412a19432a7079d6696bd,1,0.9491363462497825,0.05086365375021751
15841,b645bf855a20470eaae19bff7a5790f9dbb978f41b307e2c5f1c1d54cf62eb79201f433745ff5eb72a792a3a5f61993c38ba5477b6d1baaf4cc67484c885c13a,1,0.5714221204560946,0.42857787954390536
15858,1a2dc216b1c1743a756282e8082cce50eb85c48fa7289f3218d3706810a8a493f4a02c8558fc78ceb1213c05e49dae73cd13039a97d17718b316845ad2844d33,1,0.6820599041072715,0.31794009589272854
15865,9a0b1efd99c5318cfe8fcf68aa5e0836dc3426d63f32cc3a2cb4d7714711a5b75091f0b8ae504810ee02eadf56d65003643c0cee49af773ff81d78c575a41733,0,0.44905411460768035,0.5509458853923197
15868,fa94bc70b646ca459cbbcab04ee9600b4bf04130b9d52b912f9ca8c54582aae8b827585a41bbe00ceb1397aed02996ad21c0d66d1e2692a7620ce7ad966eadcd,1,0.7034488558228468,0.2965511441771532
15881,2a61b34b06fe1d38e9c7141ea1dbbdf48bc208f47239a0afd0f0c0bd4ffd41166a0ac41d7416c795eda92752f416779150cce54dca12cfd411aa81160d628be6,1,0.5802280864269627,0.41977191357303734
15903,b08c6e70480fc1104fbbc4ade882b3683037932968b5c447a3521b9e40aa6b94ee3cc7115837a72f5b91307c5a15cd9a31126b542466276719b7eb2a6b12acb0,1,0.9802065591244106,0.01979344087558943
15913,a289f618858c65c3511b5b1a978d48c06c0e221e39b2815b78edaff8599e362e2343e94f4d634a4d65d62c38f87ad9e99172cd8c5f6f18e05ef06e5e7828cfb9,0,0.23261616560592943,0.7673838343940705
15929,a2df849528c6607c3160332fbd86472ae5fc9fa070bb3ba15a985bd8b222367147a05e2002f49e61c2ebf6d2a234bdf09ecdb9cb5ad49c0b349f518c199f8b4e,1,0.7043844739287733,0.29561552607122665
15935,44943a36ebc03576085b2bcbc7b4ecda49e259acdd353302933d312721faa9602a8f1a841f0f21a051123dffa0dfbbbb6f15c3235800020f9f97911352c56473,1,0.5924886408985843,0.40751135910141567
15937,7f723cb1b2b4ffc66dab58c431a68a49220157ee4a565641792e0b6163ab89c7410853a145fdd0c8013633292b9c1d20d7242e775d54b0ee5eff5e3a7f4059de,1,0.7793145267059426,0.2206854732940574
15952,482420db3df9025ed1b8ba317b2db945e2bfc27908c441045cdcab13f013bfc28822e2a04df04774077bce68daaa9cb8ff4cd785d493a841b687431431b5281c,0,0.8122344118982114,0.18776558810178856
15955,ade50c05350b0e03e042e38bf2d2a215809ef582bc1115dc58945d306edb52ae299b6e76da5dfbfc003166d4f02d1e09e6ee8c0b96f3bcad18c6e18462e2e525,1,0.9427426447587361,0.05725735524126385
16036,8f65b61d5c49759fdd58765b616ab0a1a824d7c69e5935aa3e30de26e232c6660dcb129cfcf0296097e6adc36a67932d826c01c1be490dde985d8591f284ab76,1,0.8815715647808515,0.11842843521914848
16045,19e1267ad734c1eedf17f58fb58ba847a0c3e594ccb6753178a480cfdd56c271f11d146bc767f9944f9f12f4aa78a2a0b408c1138b835b37d0971d2f0e4808d6,1,0.9804200337080007,0.019579966291999318
16054,78492bd31c336b576eed7ff3d3c8d46ef2c244be09accc2f1d6d8512a49f7343d2df2fbfd3ce5294ee507fc04976564f83fd8bc6d57dba4f515c06d264310aab,1,0.8130601933333593,0.18693980666664067
16070,b0681cdad814e55ee3674ff6bca8dc534802b605c2a81ac68df696fdcc4160b39dab588d7fa6d8b43c6583ffcc8d705bb3d099e9787c80801b45318cc472625d,0,0.45585249255816845,0.5441475074418316
16076,276fb4184167f08015ef23942cfa5e867771c15eee30e59e577ea7d68cd52313c4ab21eb25abf192485f432245417dfdb042ce4a6db4ff12adca9994c842aa68,1,0.89016516024275,0.10983483975724995
16128,c0a69a83ce992c4f352741280e1a8bdf1dbcc190298d22b73dadaf13d0ce8a96949d716cbf8774accb7f8f67b7b027bfaf026c775cdbe5950fb268233da07d2b,1,0.8433411632599721,0.1566588367400279
16159,85226b9cc37e80d608dfc830b269b58cd47b3fd4fc8e29fa5ca35b0a319d026102a8669390b0ee80326d4c53875cda255f05e750616af2665054673f1c0474e2,0,0.3224637219229728,0.6775362780770272
16160,88bae4fbf667dd2c15fc795744ea4d147e7b9f2944a0f7246a405d19e2c133bf676b95abfa58edf80c546651ee598be9316d7341c66ae29392926b777a617106,1,0.41996988232874005,0.5800301176712599
16170,546128a72ab249564fc9ad7de1ddf6beec154bc29e4d9d46cf14b0e843165ae0555f1b8baaf0f2f75e0f8b55c46aa22b1cc02402195a3e78ff2abd6024b0e6a2,1,0.955560559973263,0.044439440026737054
16172,3a6c1abe6af65856f74a823e4e7b4f0d92d4515d21282d25291b3601dc32ef014e25cf806305f83c56ebde6714c92cb2c4bf6229b3f03f7c0345a692dcd7db65,1,0.7670901638426184,0.2329098361573816
16181,f65ee1bb6f9115b681028ccabca6d2db03941c429de732be2cbe55b1c2330bc03c54df191d7586ec44f66482d76e49f0a1556d8dc975cb3c0c2f18614da22027,0,0.8625575783274514,0.1374424216725486
16191,b8490a30fc02d6e714ec2ea219d14986c70808a5a11660b38302b52f8e6421b2009c6dec6a9368f3efaa687433b84729f955c57277b24b8483ed51b47e36fd8a,0,0.16444321823570862,0.8355567817642914
16225,cc55af440a20874ca903aca113b6249848981ae8ece3892e0ea5d155d09d06f6aeda8999f44ff4b6aa2717729d2c7d82cb8900ddc83d257b0c6fc3a76acdc716,1,0.9744517959949635,0.025548204005036546
16237,537ce421413d4ba7fb946b989966cac5adcd529238716ec2dad51208e16c4522328dd23968082b81d7cc5bbc5fd0650e89325376798b5f2955b3a1e0c47a3ed8,0,0.4895118149582131,0.5104881850417868
16254,3ed5e6d6898ae7a477603b08faefa024f1943a2d69e12b272721e5179f76fa2c10844a2fd5c45426c40d13b185c417060f20d6b5075f0f719918b12a9fd80b74,0,0.3830865476831434,0.6169134523168567
16258,bb83278a6a388719850cd268049df4ae6e0a57a6c2ced135b39fe1abd586714530bf78ade80788d7318853e84056aeaa15a62458918dc6eac5d4c2935f9921e1,0,0.6955094835086264,0.3044905164913736
16271,d87f780304e5a7459ec47c674c86386c70bc522d17ee986d0c7eefcdd401d70e1e9174d313310e88d1d4aafc0f52b29224258f6bc1bfa67202928cdd566a911d,0,0.6798121848795368,0.32018781512046324
16286,7d497422bc621a7b0202f98de2c03a84e102127eb36d36686b58b66e95b9c6cafe573a17ababa8dc1abb51e787d40c58d29e4a010390eaf976d20c4431acc872,1,0.7485047753488656,0.2514952246511344
16305,3b81a45aa925e9220c4d351a506b77203bbfb0dd28a077cb2bbfc4b92d1e82857cbe73af64c2d6d53115c77d8d2127478bd8a5e7544c0fde1225aef23648b1ae,1,0.6279629695469836,0.3720370304530164
16312,499a62e266727b93e22af016f9ad04b79a9799971c396e7e69e24e0c1e6947ccc093a2f47856170ccaae41909ba9d345683cdfa173bf478ddfcb180258c54e60,1,0.9107698557734083,0.0892301442265917
16319,7b6f9ab532454cd4ca46790dace55841a4be495a90f73f8098a3c6b97994c61605805d4bcbf0bd8196c65eeedb87252905450858ef0098cef89a80894bce0338,1,0.8670676947845459,0.13293230521545407
16320,07156920a2e722661d2e38b547b99364dadbe4219489912e36c5114ee8c0f049f3c31ffe090242d61c1923347c198759e21881a2fa7358e5c6c3417a620dd950,1,0.9499319736926937,0.050068026307306335
16336,bf0ad97b8061e2dec59a4275667816f792280c293299c6f8575dc2e89e3df0f69700e07dd7940987ef532cb11426ad8efae9ad5eaa899c85fec01b70a1e344db,0,0.17491761683388105,0.8250823831661189
16357,e367bd68af3a62d9493a832600489ff68d59cdcf02da9c56cad84c59b0290cd3a7e74fc6f5cc005cdd51e82643d160ae9a599cd65afe59f372a05e38e0fcac84,0,0.3262262736778436,0.6737737263221564
16371,54d28ea9ff0c90273f3d7940a8b622134c4461343ae035d2c1f801c60ad121c9bcfbab9e14dddf1dbf9c993ce16b4e40d0379ef64845cf204c08aba935bce729,1,0.5801759789603166,0.4198240210396834
16374,b931ac7a1dd2259e23eac07b81d69ba84b63ea2367074de2ceca8e2f49b5a52b7bf6bfc2b914f600b57009d03a3035392b9f01d53520e11266d9a4e49a56875c,0,0.35062542997855206,0.6493745700214479
16398,d279bf7fe082fbac8d4488b346a6e4d67b8c7226757f53220d6b3914ee7269178f8ed886810087457ddaedcf7fe8593672772a93b5656e98916ba7d4a472bd66,1,0.977946716592031,0.02205328340796897
16427,9e99dd25026768b79f2c5357148a661065d9d06483752ce4d2f1ddbacdb2d4a6134371694a10b7aaa99f463dfdaad0285b70c53911f994f6e33b3448542d1326,1,0.5757292266882252,0.42427077331177476
16447,d769538c53504028474beb7b8e2fc474235feadfc3ebf197cb4955700e9ff09ee23e6deea31cbbe444e8c67d2e10846d7d8788018b40a2c2fca76c415833e9f1,1,0.4908726627615362,0.5091273372384638
16451,2ffe9a1728871ab1264e9e9ebed7745bf158af505c7e08dfc8863b994aa66cbe902677a6be7bd055c105c80ba0407a61cde0ac9e021e215ea7ef923082b11f33,1,0.9839326101765028,0.016067389823497202
16453,d7b18564045af6d34c337e010d47d2c8efd2e3719f707fe322d9ac290790c67dda06c1fb61f59ddbc7c27761011c2ce9cde119cb59c2fa3e39b81041689ebbdb,1,0.9677423666629493,0.03225763333705067
16510,75c5d517bc2d78131947b8de55d9155fa854181f7a0aed15d9cea38c3a76fa90d0257061d8278e57900b700db1b8f138f53302fd57211f2348c283cc4336f6bb,0,0.7043844739287733,0.29561552607122665
16517,38e792f97877cab9d452b239da0c594542bce0e69ea40d33cfe6acf2e60369adba0bb6f7e225c4d2ffc5ba7df60c8fcbd3eabf55de0c3032a4c3cbae20f4a9a3,1,0.6305517456702511,0.3694482543297489
16571,d2b031324622f237da79ee3efa57b56df6e42e6935179872b142c4d73af83f01b7f57ff83a851edcfb52159d35b955c0dc7a5ce582610deb0e0318ea978f35d2,1,0.990211926108207,0.009788073891793037
16581,a1fcca98290928229cec8b2da635505a6b6d2bf781561fb9cb437d7496a1d4555472a2d21631734815860944e10055199190bf1a7733cf3a4fa9029ec2073875,1,0.6915996493020454,0.3084003506979546
16583,1043feb67f1ade9a9cb60072b919433fa8d45633c259ede2a75bfa4ab842c3d38b9bb8c009a54dc9ec5f64ad3fb47f73ac36b91788cd886b43f7bd5cc1cbf22f,1,0.9693873351550717,0.030612664844928306
16625,3f3d8d8371497b8eeb4400fec118ba56ef3563ab5ecce294c8b98dd4d74928e38603e3b6572e95f2e36a0fd508feee317f23961e7779a65b88896c91b16274ce,1,0.8970024021065786,0.10299759789342144
16626,a0aeb15b558f2ad8827f9f04581e07893df885944188ecbfbeb204db8e723600cb00186de94c59537f2f50460a93193146c6525008dc18e2331f0c10c645d6a0,1,0.8998346971973064,0.10016530280269365
16641,fa657e33edaa5d71adb22acea418c31c2b7e9f76537ec55d8576c738aa9cb266ec323adcc3f3ac80966558fa51b754c2bfbf9355eb084194908f81c5f9aefb47,1,0.6675092135326826,0.33249078646731745
16652,7e3ffbd9c3e54c963bbd6bcf0591098841b58f455ff8b493d0fffda8444b9ecfab2287edde510f8dcf41e28b66fcc979d4c9e64952a8716064c11e93d9c568b3,1,0.9648704853915201,0.035129514608479906
16656,567ea87dbb8f2b3079a0ad60a7758ec91a1de17a965e85495295aec97179f35567d1ed86b3147f7fc86a42f7c5e465e5ce9148f9879c23f0883c29b96efc1faa,1,0.800656650354274,0.19934334964572598
16666,295771cf4b832acb9a0b17780c119883435bc0d415233746114e6d56e3b91f176d26ca4b9624107e5f6dda5c681177369746e9d2d16574f42eed901703167db9,1,0.6946814841413496,0.30531851585865044
16668,4cc7835d92d712f775583e7a8833fb40a8fc63f73975492d038ec443db27172affd55f938fcd259a409f0a07262af895ad1cd35a05806043304a7dcbc24480fe,1,0.8815701695385307,0.11842983046146927
16682,8ffe45d6971989e304d39fb9a183368c4bfc4aadbb55df5eff4e69da25c3ba40718877209ef152405e47e02b175f0ba52ce246a0dbaad0e577832a87c27abbb4,1,0.9706929393095087,0.02930706069049127
16684,1d1196d75628b3cbed8708ace9bf518dbe4a6eb84dde45b32762576cb4397804929ae4d855be954f4b6cb97f39f2fb6d5f6c1e82d4c87f8eeceea185fa3ac8e4,0,0.3747910415243991,0.6252089584756009
16685,b2f7f034ac2abd9fa90ed9c679d8d33f573eea7a03ba28ef8af4db118113a6ea31bd0e639a967185e636fd39385914e502884a194670677a30f420a66450488e,1,0.8624761965745448,0.13752380342545523
16702,3329867cb02280dd6b948d34f06be8c755046cb864c3d975a4c30b00e01d2d5b3f0d8d83409f790a603d3b99b4e3164c3ad08964a9ec1772c8897627f2be21af,1,0.9946892185098622,0.00531078149013775
16705,93a99a6ecab495c493deaccc0b74694fdf2b163955411d2649cca1b130e33b1c0842b23f3625f7d06acde318f595f8c3e48f6ce675a9124ed3f8c7c8ac7e6415,1,0.9578191104368364,0.04218088956316357
16712,36d7b4f5ec00b57cc287c81f5d2c76a38a1bc4998bb928f6fc000584ad481123fa5b6ffb93f62fa8ee77ef97557d6d62a7adb86a2faac2e7647e8f6da7629f1a,1,0.8454161068501932,0.1545838931498068
16743,36999b9c74a6a54cddbf8e488dadfe30ec93a9863fd32b837fa8d9cf6fc59c770bc2d5cbc16ebc5596c85faab81ae9534b54a6db9baa9081bdcc0936e63e3d35,1,0.7443963501990208,0.25560364980097916
16751,8a57f508dff4cd4e0d7c1f606e4c31613631e307dd1344ad93cd68bdb430fdf5267ed43beb8b67ec9cb19e5e254f4037eab4fb4f8f4232c2d2139c2b4736ba54,0,0.3833213213311951,0.6166786786688049
16760,731fb0502dca706b8f1bf7d941f4f94d8e160a62ec93e5efc27554e022040543a940821e2cb579c12ab0f85ced7e6c53a17e4ce2fec1f40b444b245069705978,1,0.9366725683024272,0.06332743169757282
16764,c463eadd9d01144f992fb86593b8faca07eac589c96763d09f4be60a9e87252b07953cff52f5e96ee06f94c9966f493cd0064560f6ad6d3ff7c88976f83f7ea3,1,0.86762921333459,0.13237078666541002
16781,7985f738cdb8feb7a15afefe19c1690c8a19f7f2d0ccb4779ad9df5b1d8a41a2a062d8abd46b980da4dbccef0439fafb79a4e465b52f411263c04f9af948d737,1,0.8010985896101839,0.19890141038981612
16784,6927222637549bd7685aa1f52b5f7f2e3a9664db07e1a79dab27d1616e6da60037dd3cdac1b1a4c0348755f0762ab17ee42f04551a297ab584f1611567255ee8,0,0.27776066672593436,0.7222393332740656
16792,ac12d527ffb82410c74e48cc5490159db346b3e253e2787e275d33b11fab298c30581bff2aca3af092bf883c1aed672e8e97dc1e77141c0d5328afe9c369f494,1,0.7043844739287733,0.29561552607122665
16829,37b348dc3ee5de606fcc3f93a3d9fc47f1513412908aea22fdedca1606f82497cf2e5069f1d4d00174c80bc70c4e8681c8f1f6d5cff2232133e83b0d2c2eceb4,0,0.2760484858358143,0.7239515141641857
16846,152d249622483fb3fb1b0e5e7b833bd3430d4fc70b2afbf78fb20187e6e82b2c38233612d0adfcdaf6c3d670776d6cac3126557e536a5bc912351d59605e5bd6,1,0.8384134491034714,0.16158655089652862
16910,89454a969ee54a63a25cea371ebaae913d1bb8c5bec6c7f6319f5e8b188e74048f807efccc29247db9515a81881ef6b364daac2f6cba44f726790614f9ed4436,0,0.4554314599361036,0.5445685400638964
16920,2ff454e39a11aae02aefa322ffd3bd9fd0855a963401b041bb60a2b379687c6e6afc6141b5538e5b46639b4ed99f34af019491b0d3d12d01d3a9d6644ce81246,1,0.9481869506392484,0.051813049360751595
16924,74a5bb4d1eeae8c2a477ed0e9d04f2a8187a21337e2a44d83c8ca19743d44ec0032eacde44eb815d21cf1f97ca59dd69d6bca89dbb61dcc9878213dff3e40719,0,0.4488072430900497,0.5511927569099503
16925,a5e51968b9708c25891ae68bd660c815350cd04ff702d977efd13eba06082e47840b4ae568ec7700707acdbbd1e1ee5656e3e31c2323c6aa796cdeef8e11f836,1,0.9576438921543723,0.04235610784562771
16950,0fb8acf6da2a8aa8981e648fe85c40fdd3af7ee9de1d72276a67f9bf6b3b412509f7cf2f80aa2e168800cc46beff3c5336e81a286577506b14f78acfb82ecd0e,1,0.6408560015361818,0.35914399846381817
16952,951897a38524051760c39d4b65533745435ffa313bf0b7f2b007e9ecd883baf5790378a26c77db09bfa86045f3b93d731d8823011755524ead8caa7b5667f88f,0,0.1117245209894462,0.8882754790105538
16976,d6a9293b970e1aae650a11c5fed810a65e7c3ec7cd9418507e6f18466977e1caa41a6a1bac2e051b8fe5c69e3f0a717544958a64ce101175f541e468c79ac3e9,1,0.9645583314704554,0.03544166852954456
16978,0e9b2db9455bfb70911b13cb10cc5bf5a3534769a1b0972345acbb94a36ab78c5b871a96e918918e60e175e16d28a826a0a5ddfa54a74ffb156e2e1b6bee1e11,0,0.6137005288746696,0.38629947112533036
16989,270e1cf8b2144f3369b55bf62201dfb74e718e7a8d5781c84ee1b9edfe09ab0f19ce6ad4fa1cf21468c799e86efa31a5c56cfeefef57fa3e64c02dab01bb1c65,1,0.8389404955731473,0.16105950442685268
17020,69989da966b0b7bc240e0759d9a6657e8e5193d2dd700748d52209dc549fb159a5b3118eaa533b684b917bba5ca4f4a8a37aeca72afac7c701dc981435e6ab0a,1,0.9836121229830367,0.016387877016963315
17029,d7a2442c8a4bae4148f0f5c75e57828b91364a6a582bd40dc94402b48fc2182278b45d732fd6be4be3b518ee76bbcea964f5aaa43f85b618d943327018e5ad77,1,0.9919506819114216,0.00804931808857845
17045,8ad7f9a56fd1fe81029218e335568a4b877daaaaaa35342e5a1a140f1567bfedb51904178bd38326f9dc53a1896560ce5a8fba647a8146a982811a38cb68cb70,0,0.7459474099340048,0.25405259006599523
17050,137de68115a9889b47212d32097d7beb04a7be6f278e41979dfcae58fd4ec54794f707816ec8a40cadaed0e13e94d7f08256985b713a029dc3e8ea030ac64a95,1,0.928984804896092,0.07101519510390797
17056,0172a48076d1233183b5e54e1a81af9aa3ac09cd897cb287b30a96785b9eb6df520d1d88d20f384120eab8676ca3be3c388c928c5a8e126a5ef90a73338c459b,0,0.6842367739299132,0.3157632260700868
17070,2f9fb7396c1e8abad7fd9d2d144b78b8ef664c0d53d388317ce10e65135f862a51cc72666a90149a424611f5bf3fbbe472a1fcf6246cd248bd16176107821848,1,0.9139621462223454,0.0860378537776546
17071,c5b4d2316cfc19fc7ae3f2677281dbe9cac3d415c5e48d7ed7c83bb3befa67a2889042531239f58a959b0712a140919f0d8ceec16a50325fa4adc76bc7b2d9d6,1,0.6895167917447375,0.31048320825526254
17075,2fb95bae66f8b65247613e07a3cdcbb18a0ac0dd63733ea42742821d7a02853e976da1dacbb99de8dbebd8db07581071461890cb13c2450a6168ce375334b262,1,0.9257866898192532,0.07421331018074684
17095,85588ed8ee9a43b1f8b86805c44aebee945d046009c7f0a11cc58886bb8f99db2a7f9a4555cc8d9083bc6628893d09519795f38bbddfa6f01310e81f4c7475ef,1,0.9837784501826403,0.01622154981735968
17096,7261df4e2327867046717b360b76b9cb241d137902387614f4e4b8be11ff7b98896d975b7837a98a23e9b94ed6bc6427695a2089d9df79c7418953f86bea709d,1,0.6395634043031627,0.3604365956968373
17101,165e1d20e781c943260cea1d0046735b6a421f300274da2afa329c26aeda0a0de100a1998f6f999f983f919b94a065f6836a924dc21745b8c32d05674462d52b,1,0.7056277197631279,0.2943722802368721
17118,9bbe1313b23c645c4a6cdc23aaeb4259da32c6585d41e5edbf85bf5b04dc1ead26dea435cefe9980b0dae2e8afe7168477bd249aa3a03d5b9ebd55e73067d101,1,0.9698303303879157,0.030169669612084338
17124,a125f62d3b6981f77c1ac2a15be56955b7db9d196d6d510aea949287b83754a7b2f17d8bcb2586a5e6950aeea82b6f4a8cb25c8fb34d126136a05b23c4f8662f,1,0.5134470791231924,0.48655292087680757
17129,2b3d326c22bc0960d0593674fff7a3a1eceeea7c78bc34162f4f59737777cdfbc39fccfcfd0d65f0fa3088ef1ac7cbff34bcdafb4f3082e5e1426f73576870cd,1,0.8943601600536477,0.10563983994635229
17132,7fc1de16c93bf4568619f1db4e95cda92136b4c0eed1af788c65e1d991002da702aa85a42ac9c8777bd156085f7be328a166254999dba4fd4581130c43eaecee,1,0.8235658664682811,0.17643413353171888
17143,448cc106c55b955f9a9c4153ae68adf414cd55aa538d4dabd04c6ee5f578bfdfbcc41f1a7a8026617929049ce18bbe69758b718c9aa29910e40560cd3b4cd26a,1,0.9476139913386973,0.05238600866130272
17144,e7001c11496eb0ca765df246f86f2221e6a329b5f512c84c2680ffc261ca78208cc9361e3b9b6a1c9656004e247f4e082167c4d63dc6d47e3ec7ad462e7dd702,1,0.740502079149816,0.25949792085018397
17161,700c50879233f46b77535cf0ada012fe6384d6bbf927a21d410442a5e4d355668276ae18d54436d8af73191a5a95af288aa817b1e14c7e1c745e07da532c70e4,1,0.6722315944880829,0.3277684055119171
17177,4224809ca850cad795c5c919653920376c7a454ec9efe29f736566a5335995f917985c1fac5085e35c2e4eb7834af7a29a76aa669032fdc06fe2a9e91af20b46,0,0.25508008420391765,0.7449199157960824
17208,23bf018e48125ef843e8289ace88d54062e6e62316bdee5eaa5c6c638cfe160d836725534ce5e357f3fa9d9c8a8d481e2762468e71c76dc0ade424ba5ff168a6,1,0.6558902064574962,0.3441097935425038
17210,85a30fa65557a21ae8ee23217c5e459cc15605c89c76827bc2bc241dec86c434752e3d9c05e2fdbd1f195062cd65d6965b2ce640930ac8b022458f8cf5d5e041,0,0.571636746996062,0.42836325300393796
17221,17d1a7f4b313aad05d9e58a4f4ecc14f69e173d9a2a2db8d744b1c5b7819947c8d31030624e36a538407a215be442bac8362ebd6490565d97716a3b6bf772795,1,0.9167525283466224,0.08324747165337765
17223,20645453c3f4a416b2dc0e59bff9a178ae04752bed00f7e966143994d749599b2acc79ed3f2e91e6541c7e585027596baedd64d0a467538c537fc947b2011ab2,1,0.970095217144079,0.02990478285592102
17232,a060d304e5a6f4e94233a8bcf29cd2058a2c3019cdd180351155dc95039bce81e77a93fbdd9d638dad47fa2ec7a7f2c7fde3f03d707353f553d454bdb7dd77c5,1,0.7290201959393956,0.2709798040606044
17248,173d5af967ad80509023b3517aade47c0d02e37b1ed491397a5242c2e6e6340f26da27eaddcfc7f71c85835e81054c6573d82d32a9aa5697e6a353c8ba9570a5,0,0.40129829058991734,0.5987017094100826
17273,7ef9f9316a3df6f865442f5beb1abbbd819d5ce3d5d9e99c23be669671d38fb725e77ea06785b35eea3381f86909b76358d4b3d71fc2ac452240a0c3270f6139,1,0.7925143497545568,0.2074856502454432
17286,5c496ee63ace1b9aede06a70912ffb940c8ea476578589af0acd2c19eb68edd89ce0f661044c4f1f81a9e8b5de07020274459c8365cedb63a1fac32d4531b4b1,0,0.14514567357713715,0.8548543264228629
17293,50857aef700c15918bcab55518e83af649ea8a7255a86801f07909fca72fbf5bcd2b3e44e256d89531f43d86cdbfcf89f9292933ca7f22550319351b40ef811e,1,0.5994697302680343,0.4005302697319657
17317,cb2bc4dfe9fb8c56e3eb9bb6c8fd59e941918fdd448ffc08cd8addf76ac2be716791c7fc079944008f7c47ed2906dde7145090ed4645cf2e326b96b260e8dbe5,1,0.9867460996057251,0.013253900394274876
17331,f5588afda109923096fa9fa8b7cbe0a2b8ee24ca487441a17282c07b039ab405977804a8961b76db283ab39a64157930fe880beaaccb0ccc9203f984b33fd0cd,1,0.5916406906298262,0.40835930937017384
17334,b24eaca957f7234a22720c9f729bbfd3fbb2a3102960bcd92923c6d7c595a0cd12d3bae14314cb2bcb8deb83de0037b8a71b6d94328aaa3cca023fbf9f9b9a8f,0,0.15011502286196923,0.8498849771380308
17367,7a881bde80a3b859a59d86744f3e8d002c662a5c87f28de805b315557f3b260b7054b16247fc569de3902f81469d0d25e179621692c834a0539aee29101dd21f,1,0.9596330304084795,0.04036696959152053
17372,0f82c445e66da82cf1056a97bc0af2e949c0515735587210644d852f3fe1532be49afa3bf852185d531dc9508c168f5a5ff113562f89ef5fc9327d7c50309d18,1,0.9578490559880939,0.04215094401190611
17399,8f72d90c78646d516bb67a57419936055219086b65fedc615b10152947a4eaf1609110bd46f04af5e752927f6ba63c21e618f1def1e2df0f6fa8aacee9fcf897,1,0.7243294743224361,0.2756705256775639
17418,20c646e58f689392579ceca32144672749e63c304b468f7a97e424456cf691a1f86379782f088059ee59480ff08d89975882b6dcb33a68baf2d4332fd38dc493,1,0.9348217021881811,0.06517829781181894
17421,2570512df92a539da854202c56a5f1fe89bb4279b36486ea75ccbc3340a39da6e938539c050eaab26729e1f9a15459021ed45747ed5ea054eee82f5ffdf30164,1,0.8292951144651769,0.1707048855348231
17423,a9bdce111a586eab20a1e530de8d944eec894bdc6ee6e6198772f64d86ac1e5b47e132427dd9b625689818ade05eda0a7e45122131942e750b9d51d9bf6a6352,1,0.9353186612253414,0.06468133877465865
17427,03e4f6cf87e695331776ae93f0dfe57f2094e3c42d273bc5a2cf5adc39b1860acdb7d085e43786f424d65c2381b9c8ca5d67087ab871a23b978207f9156436ba,0,0.11123726317578077,0.8887627368242192
17519,9c822e8969e6e3abe6741a54ec2b332e90d4d0dd303285587c1b7a8c6d3659de5f836598cc41c933c3fc8c49c742d20d08f09f54ddb14e23db3dc4349e1c808f,0,0.32429340120856415,0.6757065987914359
17530,3778eb44dcf7f50cdbbec50296c7eded9a9d131a6beb98874c97efda4987d669119d98df499ad8773db90ffbc146edcab5b17d16adbe035f089f08a9ef84641e,1,0.5548136212280366,0.44518637877196343
17556,f8fb918604905633e30692ce231f9901f24aedcfaf274ad90fd9215def620a6937d202e76a5a4aaf958110c2e5d624ac5288f168f26c89fed361a7a653b27366,1,0.9061957012448509,0.09380429875514906
17564,b1dbfe3b03d8df659230b1912fdbb8aae5419b4a4ed71e759cb5821391b174b27072bea85012914b045c681e2539facc6f7aaca7f32bd38fcd10b67038e87f0e,0,0.16151974464257673,0.8384802553574233
17570,28c050572b7423779b20e8552f3436d8842b9ec43ce6fc7bd597b2ce3a0c1fa76af0f760a92ea67e876e24055ed7201d412fd0317869b69a8751a434f78afcf5,1,0.7292267430938975,0.27077325690610254
17601,e69eb9a169af0d9e103d58e9c855e2e89fcf6e3e4f30ce3b6e2e6c8b16493a68ef3db0e6f69d05fb9c6d8184e9da4746c0715ccd510794bb889ae3d402140e7e,0,0.18937357199611432,0.8106264280038857
17622,4f64e75d9b0887a295a69f488c4dc2c8095ae7ecbaa64d10fdd58e1bb19c8fd0ad9ccd7a410582cdefc3a494451ec1baa21f3c892a634c6837ba7a9bbe6661f6,1,0.6752453892667111,0.32475461073328893
17633,0fa9811f7bd120431986419ad378367b99a452640a4fee8a410d87e62a91bbc220b013f675e787d8eefc99f41486501f003e3dae590e081aa456f79ae35e428e,1,0.9308631476139604,0.06913685238603962
17636,97482f81b2d0ed9eb08e56ffb38ef5df09c0cfc90edba525b68a6a88da161965a2969b1f53502d292058868285a8d127e85642fbe7e216d79e40da1ee16b21d2,1,0.8712431093999268,0.12875689060007323
17652,c37a759f70329c299aef16c2f4038f55e4fd997de6ffd3b5ad5caf9761e4c359f3761cbea1bd3b1c954849dcc1d49ed69e9ed7c10fde0563078e2d69d85747d3,0,0.150877937474444,0.849122062525556
17676,7df8176d2e2e63e7696449439b63138a4d0d7be206af5902647d847236f8e2db6d0411ed834153be59d161e2df4d431ded73a1de40b04d7d2d863565ee8b89e5,1,0.8951947938848822,0.10480520611511779
17687,daf0ba3724d38b7fae0c338ef1be532ff225c5027eef55134fa46e62d3c4c3cce519b7d59fbd5cbf51bce90bff7d6b226f0f0f1de4d4ba8f83d9f2769214a660,1,0.9788092944299913,0.021190705570008683
17694,7b9e8a21cd5bd694e03713ba47fa25ab84b9829991308ebb452170e709e8f6458f0a7247373ff87443a7b1d38ff9c5762f63ba0bf770861485c75c9feae694de,1,0.9744443244516845,0.025555675548315504
17695,6d5e92bb20a778f0ed3b6bc3d2b71e91a919e8346d5ab334e9f64649efa5e515f68b5c9b6864d0f2d2a9e72c561add10f6d2e03aeb2c0c5f4f9ab29b4813cd13,1,0.994070485206749,0.0059295147932509895
17697,de0afc3c060123a71aa394eac2e9aa65fb0c6096586760418a282e64f0712729c6ef55dc3808f636f54ecb2de35225ccd0581753a02fd9a676e696062e3ecb5d,0,0.44133833635888325,0.5586616636411168
17705,1a60927594d4718010164e8997a6085360a5955e991770f7dc30cc45a085f8036cb1d6161996b2d856ab2cc9b5e1c47f0d9b2bab734042764b2f543d2779b264,1,0.5903758048332375,0.4096241951667625
17717,e8be8e28615d557443d47c94fc0d3ee2f35a0ea621a04d9c828e5b6a25ddbcbc282442c13bb588ba65a22b5dbf8e26734e0378d5e7d06c7c6368e7c9676dca5b,1,0.9713752013512686,0.028624798648731353
17729,adbe658e9a77ab26a4c7c4e2bbea740b105a4fd713d5938c5bd47c0473dce9eb5a7469855c091bea2b8183ba7fdb02ef5ea48f16267d4b396483a1475428bdf0,1,0.7158785312112207,0.2841214687887793
17767,19cb051341362f10c9ab632e6494dbc828ad0e7d045f904b2dea304038b486985c0f255a01f6d2634a9c1db5f43f6b32148700d5a984be790ded60a726570608,1,0.7468178717866966,0.25318212821330344
17802,7ba446773c0a4ef9e62af11e9793a4a4756ec690e492603d7fc2c8807db352cb2caba87ab7bf77c27e6b662f4d291803843d5dd13fc6c8bfabd69d00fb1a66a3,1,0.9558040461919282,0.04419595380807184
17807,87e18e06be2755a476c28d0e3f697d99316f6faa9006cafca516501c398d1cee286d747ff4ecaaa1557af92641c87e677feb4b917f5dd47957f1ae0a2c9b17be,1,0.7165733468747305,0.2834266531252695
17808,2fcb8ccfc2abdd4b4870ecdf10c052a56ab474fccada941d385f8d97e724bc8378c31b91040085462da50dbd2d02bb544926f01c507fe1a578bd2c1a6ee33266,1,0.9791346435890685,0.020865356410931457
17811,7fc9870cd329ea023a2f796987741f68979e319edb1abdeefd5e5f6793aeec020eb1ebf0171af5e7441bcba119d89bb835b1b3330058f519be8e1585225e2d83,1,0.8965238636579156,0.10347613634208441
17823,c41d36726a7624eb7d88a7b56ae042fb42512ff4ae1b22d737898c9eb3e234918cbd455e1662ae746e0b507b132b256b436db5ad0015ad8ff8098a082759bb23,0,0.6350973925185904,0.36490260748140957
17825,cbd87dd9b725d848c965f36343bb062a43d3c8497f6b55bf05e82ca35a17c331bb6dd968d1d7fc68d2b8fdb6199f67e9ed44ca78ce87ea42c61ead0a8212e60b,1,0.6399464200418968,0.36005357995810316
17833,716b5f4c342f0dd654e3216d0041d2c4367b345679770b9473fd838d3efafb2837333a1fc50b6b92aa025861ed19a7370cf55d2624760ee24c1b85103ca9631e,0,0.5400918244416455,0.4599081755583545
17917,416dc199c5e83506874cc5c36578120e532dfb845f67757a4c680463283c1b1fd9c5f0b853f00e59aeb33e818f057d2424e002d8c8a5651b363da6343b4aff2d,0,0.19583421531013961,0.8041657846898604
17927,5be0b6a48d7ab2666d9cba29d673118d44ae55831eb3fea2f6ddb983986841c94f802130f89edbc5c813adf1abb32658e2c03bc583cfbaa9eb3bf1d28e5fd827,0,0.4560618173484893,0.5439381826515107
17942,55dcdb2763e86283ffdb278fab5a8e79eecac512a1bfcf06f973b48305405316b60c04b2d95fbd98dd721d058b7f8f362c22008354edc425326dfc48f6c45b66,0,0.5993560104987067,0.4006439895012933
17947,9dd37b37a348ca91f7b1b77d96c23bf04ef24ab19202a4063c927186522cf6e4204c3254f106effe0d61544cf61e5c614a7437ae99bb3520ec926ddee6dead46,1,0.8313524294144773,0.1686475705855227
17955,97a6840abfeeeddc1ddc7fa14524ca1dc8a4a70e07ebae0c595e0c418b3a4c543c1a1fee77acc29266919a517fdb3890434e164a73ea6dbdd31b625a45e0d09b,0,0.2855724587197136,0.7144275412802864
17958,cf122a134185b4c1a6a5d2c1dc08081e4bfc16281799269c0bf12470acf1765d8f7a3a346ac9d5bce033fae4b3a838ffec7239f4a7fccdae424a1ed1624d6a91,0,0.3448260523176005,0.6551739476823994
17960,30f624fed587c2306b2a867978d92c13914b19dc56221122026b1df2201d0ad719e270732f417dc80c1e13b39d4ddee9ad2aa41d070ce03a33b43b7608824659,0,0.4675902826174317,0.5324097173825684
17965,cc92b605fa99b3363adf11ccd6fa632c79114b7670941427bb7d415b1c3ab0316b71464c6219cb686c06292219a66531cfa3931b6ee26aa7bd714f02dd02f1eb,0,0.30934323913486206,0.6906567608651379
17967,8c085a025cfb2560a4d472f849181ced5b33a619bcb4c591fc00f843ec5e8c836a431edaa2656f3bf84f91bfb17c57e290502444c645ff75e21cb4090619f2ec,0,0.6457239157749566,0.3542760842250434
17975,c7cc8fb095c98942e01a5f9c2a031aab832de7b43973e1863b5f4fbd24c04edbb58c38f6160d982e2fb45317a7f918cbbb320d83c0e7054c140b2c020cb68eec,1,0.9526672061810508,0.04733279381894917
17989,bbf23eab50b03cdb703dacf916bde8e6e62e28fe2f3b59cb6b02f5db65c98b97e0b2485fdc25bd0c7bbd2c0d52647f5454725bf7f654d064f75ddd22ffddc7a5,1,0.26009334199897116,0.7399066580010288
17993,b0f44ca956146b45f6bd78e91904be07a75c6a8f39fb60ccca6b7b3134c7dabab19075c7b4d39244910bfba9933aa430a1104a63443aa7427cd70d2a1f0262bf,1,0.927098974384411,0.07290102561558898
18010,d1043b5b5c88495a196bea0b210e82caaf33915f8c8dba235edb488717792ecd922ae8c3b294c7182cc6a4470fd37ef19bbe42d118459fddd9dc2fb730b65336,1,0.637617254700177,0.36238274529982295
18049,0cabc9b73d58deb1b03960f6c7a0a8b4f6cb4ba971b9038e0088129dfc3ad7887878969016dc109c5faf5efeee83411a3f1351cdff67ab07ff91658ba6676953,0,0.23208747388362888,0.7679125261163711
18089,0868c78ac2d780abb9adc76168c4507e66bf0266e83371b4c0bfdd104e49963199c8b768fc2e169286d694985896a1c69c67cc4092159ac740c52f8c21690f43,1,0.8981314765406359,0.10186852345936415
18090,a7ceeff0d77011250787291ba146ee953888e7870b0756f180738ea9d45a1c549d40f3739accfefa76c767ac5cc6861927eb39574362805e5051819c6aa6db40,1,0.6720081535876039,0.3279918464123961
18094,835bf0d65650a85450a515ffe22a70369e2ed20906500227a6e27c7283bfa0f325f4d846a75d5cd725f857177b44a21d248296a1b456ffd0b0edf1ac40c24fb9,1,0.9588650779586041,0.041134922041395905
18100,d10ae569aa12b4d40506e7abfead76331cc92388e8945159c197432fc60f997994c385d5d0db782ea3e50cf27ee7e76d98fe2f0ca637a40a62ee3b4f5253b438,1,0.9733868670453872,0.02661313295461276
18113,b7e7ca1a4a41d35baa19ba2e676772c7917bc84f2a31dd4e9714c3ae1a821e57693ea6ccba06c1fb9ef4f2f86acd79caaa998784450c14e8514b6d310bd520f1,1,0.9807184881006327,0.019281511899367332
18115,9aa4dc55e5d7cf0a2304cee2e9d77d2d69299d44d216d4b9e725d808688dafeefb41503b0e4fc0228695bfb51ab7a6c069bbc7d6b375bd1fa4b635b3f2d5e8dc,1,0.3152062865138642,0.6847937134861358
18120,dcc57fa0022a19198aa23d6a3996dde8609327e7bf897ac53b4e52401961409308b3ad2c691a78ac211759f9fc3d2d1cd5060ca24f6cec2f228d4115fc0e83a3,1,0.7930138466443077,0.20698615335569226
18126,ed45cb117d8c377e21248c36109037912310ca9d570318cc1e04afd8dd47eb930875f23ded4caef444450c34cabbc79eb494a5c5956e5eeca58d47485789b0dc,1,0.5080974331511356,0.49190256684886435
18141,6613df2a9bd439fdc82f72c1328e9d6e7899a4d1524cb3304efce41c53d7c098ade0549bc15846cc356824d38113a8435fe8b61399b1e4350ca21b5a9e018d17,0,0.3199644657771524,0.6800355342228477
18146,e1ae8ec1effea837734d4cb5d6a0684718dbe5492ff6daa2a771cf72e34abd4481a61393f9b3ec5343be7511eca03de7efa235e263413a8f08660c696e410b56,0,0.5127470749313532,0.4872529250686468
18184,5e38691747ff26257315173ee6c4333a682ec2904a3e5e6b635e0f1d0d89d8b16228fed49bbdcf88efb7b50fb6e7da6f87e5653f1f078502fb78f99e3c8e68d7,1,0.7226229353450514,0.2773770646549486
18186,4ec6f5fab116dc8c4942b34e2becdc76e0e5afce73a167977b86770d425476c6335bc87bea11a5a04680b28265adb817eee4d5b05f62fbc9926d642b30626bfb,1,0.951343283719859,0.04865671628014101
18192,a517e405fef5aea275f94d6351b6c295fa80307e5433b9328cbda56a430f5d36133bb5dd38d914cbe758a9f95db4385a0c56bfab017ef27605b4e678de5d54f1,1,0.9719312883619209,0.028068711638079114
18195,1cf4145abdd6461d9d3cae5c51432193e2b41b2be29f2b2ae2e37b61fba56435e5011c4e2c7d4036beb5007e15fbe9273f1fa93da6b43a8bdef63f017d828b15,1,0.9739337887495312,0.026066211250468818
18200,17a516501018257c90c6ff96fe0f6540da9b045fe25be05c32cfdb19dc5509b1fc4051b3da2541f0eeef621f09d2a882eebbb2ab63cf062f86ebe6d461066ca5,1,0.8310825495961283,0.16891745040387174
18237,841648f25209b0e09de727550604391f3200262b1408c56304aba096f5bd5e448e6adb090d8f938bb884d25bee24a47b00bb355796c27a06c4b3120124aad130,1,0.9577278307114735,0.04227216928852651
18277,9b8de9bedc616e816cd427546402d3575a3bcd53f79d91c417bea343df5fdc78b634dade6f2f68763f4fc60c5755f045c0c35bec076daec17a3868ed65b46969,1,0.9755796523637432,0.02442034763625678
18279,1c32087e06fcb27ef59f839fdd0d226de05e9834330b7447872a8bb69afb07dc2c58749344abafcfedcaf4a07023a2c8b331385a454c8555e7028a871c7dcfc2,0,0.569861632803993,0.43013836719600695
18308,502f0b8f2019813f7cefe584cf87e8f08ee4b064f123f6bd4ca23914dcf72ac500b5555b9fa48245cdd7f832ff8f34615c25f2fd63b35f43abae0dd8fecc1506,1,0.9507965793374047,0.04920342066259531
18318,3ceac41468d12249e3f2ca844577f71a8e899e910e034e876c1f02ee4677f23faf02615700f433b5e4aef022c4a170d348b40b22803c0bfe64b0ec45836bf3c5,1,0.9223664496225603,0.07763355037743969
18326,9a45afbda33ff81c7c9f607aeeb61e48e3fd330e35b1b57de7479801614b23771f8dec63e7f6475b34deaf7cf79e470b7abadace6bcc3d9834045b352ab65dd8,1,0.9832287351871386,0.016771264812861397
18346,1cd871baa46318100befae586c5c8f93c1d37332f79b2924dc57c92abfb717926d57bb04308456602a5450d09e9a85f87616ef04016a69735edd9fafe2a130e6,0,0.21491135431719874,0.7850886456828012
18358,c8be6d5fe923635e16f11b9ed7f2d8bf79f7c561bb0f88224cbe662938456dba196fe48c09d6536addfebfd401224ad9e52f0e1c0a976b9b5e5fac2946009e60,0,0.4530967775995848,0.5469032224004152
18362,47ff0e30bf4c5a6eba4f6230e2259af8467a4449eb6024a3eb65aa80d405560dad9927eb3e7524369e2ee7fb885a9457b8c4ab4fb079e37fac4ac66b63fc6ad0,1,0.6998029228378863,0.30019707716211375
18411,4d2b8c9f1c38e7475f818f6ea498a3b5d74df2e84ce130ef617350814a8210c8a28fe9edd08d188fe6451af169cb53d3610ccc18657e809e02be084192920aa0,1,0.9782687554100963,0.02173124458990372
18412,6be0dca711d0e20671f48edda3656db32c362ceedac9b6d1134a809c16d102e1385324e74c847487937bc070972332ed1539169a72468812502a915eab96ca9e,0,0.22150381953498072,0.7784961804650192
18481,69108385167c4dde4f4ca71121e0c6c2794d92be49665d31046217ee57008dc6a18fefd23259e814f75f69fa7301301300a8d09fb1a2485f2e942d4743ea8802,1,0.9634966889937424,0.03650331100625759
18484,f38c668bd8b2805fc2f109bdc1566bc3b9722cfaffa95b144b756784497ffdbcf48422a3ace3f90f95240381d898c4edf76a375f998bcaa00423783e5d36e535,1,0.6734483633831032,0.3265516366168968
18491,e7c27862e116ba731dea4b7e866e48d05d022bf950e807bc59513699fca8feef30cc27bc575bc3d7522895d2240910c8b83ee44a30eb4c9e108266f87dafac4d,1,0.9822727075884181,0.017727292411581885
18498,3865b171a41e22af6bd45da86f100bdbb816b6497c1d192b21c0a669d8ed2f162780409bdf0ca4e67dd92b565b8d708bcd01e7e217d019982a1c9291e80c9030,1,0.7838984031623486,0.2161015968376514
18505,c6c6743e672c5a110d441a252bfbbd73c9550c2379e5578913931a10153f6f47653647faf4f602f6a418b36892f3567534820db7f071c0eb6964853b3bbba762,0,0.688330181969947,0.311669818030053
18515,f965017c84ec056b2a1b3599f6bdf3892b9b54fce2cf2eb340a052a806273bccc43793f13a38b4fc87b7c4f0a16724d66a7577a5801c558825d1ab9756f6607a,1,0.8997762167805573,0.1002237832194427
18540,6d917db19d6c57888ea506948a5b3a20fdc002c87adffc186440777adb827257eff395dcf03265d486e1eef7beb57bffb38697ba6aac756361546bd73454ca22,1,0.8952720968285638,0.10472790317143621
18573,b80f9d5086942fc733a6dfe4ba6113a972f11e386f12daeaf14e5ead13bdfb75d0cfa61acaefd609420f518f2d4c91466cbbbebd174360fa0429e2916b67ded7,0,0.532759149512007,0.467240850487993
18586,32c782404a78f34aa6f934fff708248c9ae0e11d4853af88772c307f1382b737e631cd719b1a3c0d1e087c6c4fd843fbeb6f47d59313e15cad4c93377022d7f7,1,0.8710017779242344,0.1289982220757656
18588,fda6648fda136ea72b528b96aea7cb8f26cb13975039484a282c8bf62c1a52dfd6a6a059478b35f8972a9e04b00f88b6985f993a840f35bdfeb5c44eca7d06cd,1,0.9578904038562254,0.04210959614377463
18607,a4e94161bf62d85d26fa4c3e36209be3d79efaf92d55562b952afe30949bc4819ee6001f2ba6a640bc78d8ec1a6007def8d6cf8338ef43d1cc8a8fd13b65dd0e,1,0.4633790742576159,0.5366209257423842
18628,1e893c9340d480291e94204544152120cbd7d835089acb53af6dbaf0a6ea82e8918875e037bd2d4cfb254dc615b6cbb4d6ed2c891aa8d271d333a4c091e92a81,1,0.960764107367492,0.03923589263250804
18632,ea8b6ed88a586f4da8883c06fe7e5983dc5d33fb94272ad6485e142a0551dfeb252da47282983bfe7d8e680f6f3fd8964dc116ddb19f38eab234c87f83ee96a8,0,0.6037671183080455,0.3962328816919545
18647,440198c604286be859033fed67dcefafdda6014debde77240932136ebebb970cff7d904ade87d894761dd46bbb5aec80802e28870aaa456b6c1777b11bb7daac,1,0.9602821308228341,0.03971786917716591
18654,5cf5009f176636449c374d5e609c1b7be00ce78721e3fe4b0ca3838767bf1bc68fcbd264b5a4a9374c52e124c6fdf80918bf0e78c1b2fc1d6c0766252ce8cf42,1,0.9765144467807713,0.02348555321922874
18662,8a78aef33d6b8db39de893d83f7b4528f7a05a933940e186669e152d44cb75deec3c7d5818217c13d717494645dc9edbe1d65718a087d0f016675a5cc5af0ceb,1,0.6775531125479115,0.3224468874520885
18671,8909d913dc7adc7752874c8e096cef7bee02e3926060169006707f0042565bd75829fd45efe9d477ddbbe7008b0cef489fdf1c39a7dd3ec3bba9a920b13b518b,1,0.9240570592380163,0.07594294076198371
18679,f20712d5360e54a785dd4fb495dd2780d32bcc6710e4e1a1decc289caceb2d76c7998a550cc8598336697276b3899a7c7bfb22202c1d72124a8bd7a00ea1fe4e,1,0.9373880897096032,0.06261191029039681
18702,fd05276ae75b8c25ca2c7d42d4dcef0fb48303f9952fc8e3fa0ac2aaa6ebed898d73d5ffe00bbc328163b6ce66e43fa3dbae592c52e5e03fc15ea8ab2375f8b6,1,0.988909213198015,0.011090786801985053
18742,521e71b558b9da7aa9d250f21a63359f239214dfd390017a170d6c71151eb8ff11d5ebae4ba95c0c81e17ff70a0f6ecd46990f24ba886e4a344a2466e0eaccbc,0,0.15061416070099484,0.8493858392990051
18746,599d8d1b5df874a52a99b9c9b7b20f064cf116453493e20227c408fc47ed45c2246c9148997b8e6e0a6a0e0382e63bc58b1ba6d0a3e3db4da734028db583e4f3,0,0.3652433456496173,0.6347566543503826
18751,66b4b32412f80c1d4e86a4582fc5ff1e610496fdd07802d432c66533990f7d7dd26e2a35482b4ba1130306c42fcf5bdcd4909d34dc62c3b3c0a695aaf7a073a9,1,0.9890372386190533,0.01096276138094665
18764,ca27975a589a2d7ea5e60a2453d1cf3f593a9f4215eeac89bc30e88d4ec24fc38998ecdfc5ca38e049b8c3047f8ed2f980acd54990ce0fb7f6cc2537493a5acf,1,0.9212835955448263,0.0787164044551737
18765,60e29f6d33d95f33bd413f6936be6eac90d8b2cdf810c34c8d9fb9cf077ea390cb29b7302a7522bc32b94cc81f2a9f541dca09f6a77bfbbb946f972e666da6f1,1,0.9603646891275756,0.039635310872424445
18767,66d07e9db7aa49417a7ad66c81b788a88165e26927dc9ee49524a46a60f94e79acc1ab68502ba7f832900fdc12f6d7958c660c4a642885e383bafea9a32141c3,0,0.2368440419774883,0.7631559580225117
18791,3678063a4fe567c81eb62785d72a414fe043deb8199a65f0a2217d761dc603d6cfb114e1da649ed2c6e703061612ae9171f1574fa3a5e1c6bae3e6c7a3f5b488,1,0.9841206926036805,0.015879307396319486
18804,d238bb633130e0249a63f2e6f2d65d118228caff869f02ab0966ea2663325cd014669f8e3b0a1c704bd7958d8963158f661bdf94374977e9885ae67fffad2e39,1,0.6880338892408822,0.31196611075911784
18828,e2413ecf2e9e56f2f7beedf4651b6d5f9af31686a6abaca62437c92761064b7668dc567f62a48768a8b550497ca001f803779ff66ff92a38908c13f58d3973d4,0,0.3616837042580654,0.6383162957419346
18833,99c270e64685b32a849998748870b6ff3b746b73a5850ad1633231a6c86cba1d83be87a02f786bf3b2521e7417e488cf746e939327c9b6dc7e2925111c8d2000,1,0.8754405729378708,0.12455942706212919
18840,c21147d05ed37c895fce4f9b84783549a8a3987b77d8f0236d9bd9ff7f29c09ed99f28fefeb88c7c00761d47cf182f556b925d8505e9827d32eda5d06fdac879,1,0.6267357387182553,0.3732642612817447
18861,36adc58e9c6303f726bffb355d072b69f80cbf2650528fa886d79e3ad9f226d24dca4515dcb744192d3dc1774c22382aaedb72a58064e983ebae863efc56773d,1,0.7791361216865239,0.2208638783134761
18880,063ad7afca9f894b229271772007571786d7b67a3fa5ab93c412bcd17244f1fd7aaa3107e905ab409dac906c1be0a91965e27c1c625d5127743c27fc1ae56ed5,0,0.4953072183246322,0.5046927816753678
18900,6cd854d5eee2df6be3df177390442002e86fc3236df9694a87e43b773dd9635d5f3360a032e716a5e6b8c6fdae603504c98d9633e43c7d2d82b299801cbd89ca,1,0.5784538159186714,0.4215461840813286
18919,d74c9282a51d6ee36e5534f1a57a89538b8c911ae1102a2f6397a5468f42cfccb0efbbc0bd22bffec2ba939415c71444f1328c112d391969756b9517f66cc702,1,0.7233169319834062,0.2766830680165938
18928,bca63deced194979e4feed91e416437573155278831a26a2275073163fe943e523b59894505623426100abf49040668b37bd18716c8b8019a19af53dc91b5b16,1,0.9415467787467231,0.0584532212532769
18940,6b58d6ce2bfc1597bf8dfe7ef2d62c913bfe6b312984fc647c2a59a52058e39c102d601a2561d8b1f8c404e65cd6bdc2edab5052efeda95b40d77b174f7d2ed0,1,0.9600944016267138,0.03990559837328622
18952,8a894767573109cc5f7185a44501586c2dc32c40c7850eaf18b326c7fefd0ab706741a78a6a5d148e30d389ca2a18093203953d5711b7e48840cfa88db506d06,1,0.847336712822672,0.15266328717732802
18968,f16256ac896fe098f800179d7b3989d7e9b250af0a39df52789e9d134c2e31bf793d8e3771cc3a3a85016fedfa4184daeea62835faef67a6abfbb3555ecae446,1,0.8572669277029564,0.14273307229704357
18985,4ec4644efd2c6742114518aa629e1caafa2d53101315d2f29f38b1eef67142c08f52e1bfd6165ee208e62dd31b94596237ed1b65d7659e7e4ce73a8da21565b6,0,0.41226357887796233,0.5877364211220377
19006,9d12cde3d721f88f8859d722501a6160874202ba752aa69f5215eb86046a579ecc1ea96e8c935528500ddc4f1c061c8ce36d16dd32f884fb78fc8e450052ee06,0,0.23515991960587815,0.7648400803941219
19009,3c8ad89c7b6c135718555984928b6cf74d317e61386bc9003d70343574b0226d8daf691f1429005ea204daccc6db7d3b5924bf96e0cc04edbd5aec8aecc1321c,1,0.8370919368473307,0.16290806315266926
19012,89438bcf0e98509e89222836de2788aec3bb0b7bf1a7528894ffb0f8c29cdbfdd4d5fbb7c4538b302a1327847d3319ee505a89c7982f8ca23892f55384153279,0,0.43624150372366816,0.5637584962763318
19019,83d570911afb248018b118bf13b0f1cafb49f94ac88cc76682a5d9c1d29ca756bf69abea67cce491cb016ccc6ad67698b1cb5e9e5272e3f4ccf2f3fb5779169e,1,0.8874070382244744,0.11259296177552558
19033,a3afa1ed6e0ff77089ae23d3a7c2c32d741e8c05f725a8b5ec7026f72ee0a01349d5063eec39ed47b4b885983882263a8987f3dc011530abf905db468f50d682,1,0.4538425863420402,0.5461574136579598
19037,b2e9cfa1f13bba43d38e596ac394a327152276c98e5f18879640ff93456dee484aa91fe4421d3e9d0b85c84a93cdba3b611b9f4364a43a3b4feb10e1c21f9df1,1,0.7074069775290927,0.29259302247090735
19052,22e1e6cf37f2034afd24b40f381255bb8b9384c8ad7a84a8f1acf7c6a2e207e7ede7994533c29825cdc9530a6d1db6430842f6b02d6e646a8c14de9d35f79068,1,0.9727415037552928,0.02725849624470722
19068,414337f85d39a89da92d1fb541b0808e996afcc348f0427b1828fc98237b1cf1abf012db6802a1ed690a620822e3eb792928a266b649d5e94db26b43b2edd5ef,0,0.5344531521430633,0.4655468478569367
19091,38ba3266c9ac938cf60ca522c3978fcf5047091934e7588f5f578d9ede203b9aaa6a980a1c562a962b04f1fac02e902449be2b9dc7602e9f0b5bec988ca960b6,0,0.5402431709748664,0.4597568290251336
19106,6ed12f60f5c77faf7610ebc8e0b37f22733357f7b023cf523ed23e58ee661b02a3e746e6c5a7149692a282da4db8c8fc1e86dae165a6a213631a6b243f01c2c0,0,0.21367487574880192,0.786325124251198
19136,5d6a72fe947c45e0076a142078c60696022abeb9ad9c38247f09ef80cdeacb033dcd001e019bc14d3a8bf7d4663ed5cb5cbd667fc2bee8765f8de73ecf43a892,1,0.7645138785587099,0.2354861214412901
19149,b5dcf354927fb2a76644df933fea7c52db23377523f9e1a6dafd7fde727f5b44c16b138c8412290f7cf6dacb61b925b02341cfb6712f5eccf60c70109bd61c98,0,0.2697193610725374,0.7302806389274625
19156,1a6595a3817f2dc75b1f0b535cd3be91aeb39e1a602ade88944d9f773e757ddfd1ecf671f2634555f1c67c6f7ba2c947054d1c4133e3b6b0552952533408358c,1,0.9734737683504432,0.02652623164955681
19182,0b965b1236e1702dcaf12f665c4ff800d405f26fffb67e22a008a9c2e5b6fbaea50a73d2cd5b420504ec7fac6298f4c56b6a7e7280bb2b8b8098156b03a1dc68,1,0.3432824784006459,0.6567175215993541
19187,bec92d1e2c14e59555c0f2c8561853b8160f7883557ae2b2e9ba9eb01d49135670cbb0c9f6d7e416cd498afe133b9ae4d0b8698797692cc8f82d013e6e91d226,1,0.9352269440274826,0.06477305597251737
19202,c15bf68e0d8dff2495f19bd92747f31e9d929626380c07fce166ce8bf73151446bb4fcbc9640115b514d21b6ccbe56166ee2c9d2117495586dd558f3aac4d09b,0,0.22267015449674155,0.7773298455032585
19246,0ebe32112e1f563ce2cb5094e7ccdf51f18ad984e3926a8297dc6d200ad2923dc7dd6fef74b7008cf2b0fa991159bbcdd17fb079ac4d00a2a43edb05e499a7d5,0,0.34571353255223664,0.6542864674477633
19257,7337a81ed58c66b3e28a527ca2c421290f00adfdcee3ffe66bfa4eae55fb962faddcbd74e866addcde9eca47e613fe84ce3ae0ea1346f11e1f4994796249f2e8,1,0.9742427229120499,0.02575727708795006
19264,be4720a91b51a875577afcb7f45cbacd5c77a913554be9c9e517c977f7070be895df63f4a30cfbea25dc20b161743fbd8fed6b3957206c2e9e0fbae075fd9920,1,0.7517704566019527,0.24822954339804726
19281,cc01c427ac586934657bcd10da872ccbfd4e8e3a29a9a2a2cecbcb901a73f7469818361b63f2025234ce2b3e6a4333607e8787add76a330a20f43f2ece45ab94,1,0.7751153812109917,0.22488461878900834
19282,5f07642da2e569971497f5bf68563aa62ef1bf8c1b6b7df84ca454b31fdf96c8ac378eac3d49ddccfa52c42af5db7af31d7a68e6b9423ace2f8a96482f56267b,1,0.9389363798774032,0.06106362012259681
19295,587c18c046323b1694ea693380e711cb1fd4cbf9be01fbe71c0bc6c5531a9d51814aa56ea41a88dececdbd41fc95f30454618b543282c52150b7d330d0422335,1,0.47668546058667394,0.5233145394133261
19305,06771301c56fdc40ddcab4e310f0234593bf78f5ac92d33b9bb734e6a5606a5065fc9394f7ff89fe7209420b413cd3db076294fead87ad184b6d5832f1d2810a,0,0.24516492506575,0.7548350749342501
19314,b9d0a1b857577d5e19c55962096b6dfbb69bc479827e9b56acfadfea50f07fdceaf3dc17ca7dba84a5440fb267e2f0de6a925afca96c5ac447ba00a43f1d17eb,1,0.8935377943594892,0.10646220564051079
19343,69e592b5f2815947bc6017213e18ef4826bb0af0ccaae680a7968632089afa7e3da1ea4be4d875a25fec0f8f59a2b16a256f2f1992c689ae2435e0ac1ed1cc1f,0,0.2692815714149776,0.7307184285850223
19350,cff0bd07853b81eeaa2043a032682c5f39ef515d34d32536c660d428cbac45078afd4c2740973b6680c155cb1ee5d9c62aad335f91178086030ced5477306874,0,0.607281072231146,0.392718927768854
19358,5933a2e255199e5a741a592decffe77df26dfeb6b70e1386e8ebbb4094b1ab1ab453f56dffab8264effe64504c99ae0e383738b2b6827b202a93f8b5fbfc4c20,1,0.8560730016578271,0.14392699834217293
19363,b7c0cba634bd3f28e361cd1f6a8d92b56b40e262ee17ef63afb90946860d9a44948ac2274224fa9abacdb1e75f7aa41bd186e5a13e353655dd6a96ca8b9d3ee1,1,0.9402799791985178,0.0597200208014822
19364,7d1a32809ff06fed74c8e9cefb795c1eedbb0f0a62e4787085d1844761776cbd1531f7351b6b334fb93f73a5d505687dfbb274a1555eb24565d0d1956d61ec42,1,0.6549777704377703,0.3450222295622297
19390,187f1a441ecab9f330acf20848f49e29e85f122309ada4d450c1f3c462d345b84afa0935f282b8dad1a58fd7f8d3d3ca73f83fca2fdead3888334c5d53878892,1,0.8178356092221661,0.18216439077783386
19440,b40cfef61e481ccd5c7875d5ae1ae5ad026dc7f78b5d91e0d8eab0746863a7a9d0ac4193e37db7237ceb73a9fe91149db47e8298541416b34ff00578781c90fb,1,0.3818358727516192,0.6181641272483809
19465,ad90486065f9ec2cd3d39f6983ef84a2b643ddf97becf4629d2155001061529e872403c8bd729ec77020b63364907915f32b473a779881f5387d384bf6c7f1cc,1,0.8532453670924385,0.14675463290756152
19493,e0efd884b4ad646e028a87cf01ead99a218de195f235ff9dd6fe71195b7cc4b395c310c1b935f8ef343e96d5d3c2363717365ff7d1a572a93d1ee9d041dad8f3,1,0.9561072322656935,0.043892767734306504
19515,de94b10d3e1a90e273bd7e04b0fe89db3411f312a3271c4303407ffee01f716130ec3094d37e6aaab78fb9d732747179d93a9ae42881c6a1231271f92adc981b,0,0.4417374450989333,0.5582625549010667
19517,770c2b4ccd60a2696ff9db9708f02c387f8b9f531db39d9378e2f765518ae10209f976bcf06e56b7a84223f2259ef29a227aee9e55e94b9055736986d4ea386a,1,0.9239106292739071,0.0760893707260929
19527,2a0327f39920bdab4da8b522b5d038ce7e96c4c40d9c238f94fe3438ff65693b77cd7f2e13ea232f4e5b7cd2dbb8ab1d4dafa30e8624ad63e7e9b6d0c01271ea,1,0.9677372462025137,0.03226275379748633
19539,3eb335ab015c5f85f17e9ca2e28b7cf9cd23c28be1f6f3e712bafa382435156434dcff321e591c051dc44824159f1fe0fb9c2a82ae75bab922cda4aff7715d6f,1,0.9732011080622492,0.026798891937750757
19541,17adf2cad214c37f3fa4c8bc3388e9b9d305210dc001741896be13ddb12134f2b59f71e3002fb7dd8bcbd618af4818963b9eba348b287918136b26446f4e93e0,1,0.9506028900023001,0.04939710999769986
19544,6e65a93600eb0efb19d527336bf24ca920a764e2772d10b9137a5b84edd2a0f3e79bb0a3e10041e0acf4ea9fae6e800d027c89964792f2e7e03a19c06fa09323,0,0.47028904299224045,0.5297109570077596
19553,2e86913b97bf889d076c832b6ead6ec194d898aa139b2378f9a34700f02cc1fa804ddc06753539d216f7c08c22b764baa2dfa240dc38f60b41c9ea32165c3847,1,0.9558621852491205,0.04413781475087952
19568,7aa7a70f369dfe56c2106d110a3b7237c4529db51b449a14ee12943f3cc2484d72b7661dc9441c9b84206914c7ea549e167c114834ff48c25c45b5f512694b02,0,0.14437054982819242,0.8556294501718076
19574,8e7cdb76d17a0fdfa2d652204e95118e7033222dd730a3084a1c2926d91fa31014b02c07237eca264cac67b1969114e21a5b95d52182cfacf777be9dff8d2174,1,0.6787769315932948,0.3212230684067052
19582,b6d7afa3f4827752a7f78e557f4bbcb8e4d72f738878920449031e58a1d4d4d6c59d0b2136f2881adaec55719eff0acda28e72780f3745d094de1182bdd54338,0,0.49654508335640263,0.5034549166435973
19596,d39305fb5abc3ea4927eccaa096df96c0bde2ae15dc9ba4304c38fe09a4a669b7f3bf975ef21019289475ca3f5f8a0a9571ea586362321d3f439a515ec0e8038,1,0.67761744213674,0.32238255786326
19604,45e186a59fe342f39f924ea594d05b0a5474233039b20ec6a1dcd55ae7e19fa018014e8d79094cdd26f5cb396b7f8e3451254f306489fffd7c65e7c82fca4f09,0,0.15476605470962082,0.8452339452903792
19608,69f6c62005088c1c689ddc9419654810275172daaffeb5a3ce40785b918bb89c7c66c8a5a6b629ea25cb33e18c99a6851b88e596ac36012dade993249b7b17c2,1,0.9098490669249846,0.09015093307501543
19610,4c29a1e42a12c36d5626722d946c595a4449cabdc7786a4dee9a16bcb204af4b09fd6afbb1629731788d21ae582217e5e05fc20489d2ced4a6a622afe1aa9d24,1,0.8543480884922346,0.14565191150776535
19611,16de6eb01a74a77d9b5d0a0f3e4fa1add0d42901dc7ceaa0007fca2a4129e6e9779069ad959b4fe4279edc75045ca646b7c73b9885d04930b8a0361995ac5f4b,1,0.8922533935067435,0.10774660649325651
19612,b8ac18a6b39f1603c7d1d362d82c2ec4e508dd48af596f47ca00094a1f46ed22891c06a4d3ea167951a059ebbd298c178656f7ef97c7d8501f657e3946a6299a,0,0.5411015251128,0.45889847488720004
19619,54840de3a4c2e77c7fa55f6d1f97e84c38d54ed1fc1c761d1bded68f245767d70e266bce5ca33e1391b252ef4460609ce47bbf5d2a93ebaf3d23ce2c86e7c13c,0,0.4352255287166147,0.5647744712833853
19624,cc2cc9b75584090d686616adfd252c6200da70727aa6f0cf1d5e68dee4d3d815b74ce3eeb251d93b7a33dcbab4a2ea5f69b52973885cbc036dc9002ed6cdc08d,1,0.9437666157310173,0.05623338426898272
19630,d3fe822360aa2916f015d549e6d4226641ec1ad6e05ef4dd93d55b6057a718e45c551f21c8104549949bd8efdeca4cc717fde0a0bf11442af8d2958f9ccc4d7f,0,0.5924886408985843,0.40751135910141567
19640,d605721a6f27e55a3579bdc25c0d0d77f5136399e4163b9170ca3b42422e1f1825ae5ca7c92e02498e2d6734c3a9d3e8825a7e00d126e01b8b080eb1cb9825dc,1,0.974364873463449,0.02563512653655098
19651,ed67f745c58adc6b5e91a8b0ad5b69342e76dc846064e3bc487dc7a5ca326232b872dc418926b830b70c2f882e8b2903b2b5ccf6e71564c5c48423d50e8b0f40,0,0.20026804275913446,0.7997319572408655
19655,21c79627817cd32c53914f06c28743dd4fd8d9d788c460a753f5705658a160169e868bfa9a7e0ec1ea66fbd238d9d5c75b3667ea0e73d51183ed904e1acd05f4,0,0.23241149006399353,0.7675885099360065
19656,f54dffd64c969a574205cec902449d45391151323c2f25c5eae9d6073370d498757aa0b78b1386eb639efe24a98e10c0c80afa6ce5a437f72568cfd415d68fff,1,0.8218042701029601,0.1781957298970399
19666,120d2f89e0cfbaacaa0282ce35e561bbd80937ceef71ad664447767be698cc2c2c57af506137bf0c6ff114b411481c54552ab7c081e47eeecb6a1759019ae0db,1,0.5569434875229292,0.4430565124770708
19667,b48e94d37301bebcd41bc2d33fee50880e775cefe590e156aa67ab01b897f5b8ab0e28ed369711f0535b74433bc7e7fb28d4bf4d20c3f508e20b5db2fd308836,1,0.9875792543521765,0.012420745647823472
19683,e3eee88a04fe950698f0d4c40ed355ef572b7270b3d505e1deaa9d9a16c035de9efd776cc57e0cf84520d747921d255bea9c711220644e6ad91ac18b243319a7,1,0.852889661738819,0.14711033826118103
19691,33c33816e55dd1c83f2d5696ccd5ee0c7339c49192f629334340e133aac4ccb943f27ac90b8e28bc4b084a14e50a8e18cbfb487d1f846de7acf8a732efa7d9e9,1,0.5871164294913536,0.41288357050864644
19699,aca81cbdb706e8ab2d1152c92fa694ce1f687d2fe31cb285a536c0ffc536544283ccfa1c9728db576a85f33c8be6cf757c88514509410961fb7f2e7ddf4d5117,0,0.35067022047565544,0.6493297795243446
19704,4887c3a04376bbb3cffaedaf724c001a97582b546babf93568f5f0dc144563671113bc4082a148537e860abb01270fbd6dd35585e3aba28f8ade6bc217121fe0,1,0.6648183182149301,0.3351816817850699
19711,fd23d7afa171d2cf3881315bc699e4d070d6dffc8f2cb3d82e747e08cae60fd56d59f2388e969e67a32a3963a07e360d49caa9b26a0947bc3663301ea691df72,1,0.9195363894917717,0.08046361050822826
19727,38c4cb940f33eecf0d67f64413d68e344021db978b787f9412dc41f49f5bf4505f7bad783808d48955b62cbd38cf0ef05c011bbcaa4a85787c4aafa473b42aa5,1,0.9446276153769588,0.05537238462304117
19755,162538f254a4bb555a66833207be6a0ccc25a61a1f4ea6170fc4afe6645eccd04d4f27e1a532a76100c38f8a7acbacd8f6710c1bc157ef9512623e5d34dab699,0,0.7263413421857736,0.2736586578142264
19794,ed6c3687f2c9ef29cd07b88fdf37245ed5be01a0dfb9e9de60f17f5f34e4199e3c3c55280c648e2d9755b7481b2df023d886eb90238d91cb96bb62477875c0d2,1,0.804726395727004,0.195273604272996
19804,376547f9706524f0529ab18b02e134b98136e5236a2c0d2a7bccd590f32ca4a863901832b371f2556ff474372593729109314ca0440ece0c997471702f06dd9f,0,0.2963979776221507,0.7036020223778493
19817,c1a4c5656faf23eb0575885f30c879f7f167b462b55cbff731834504c891f342d2b2ae652695936606ef538e61d116bcfcbae8b37ca22b1c613238a69a8ae08d,0,0.26988030766598053,0.7301196923340194
19819,e1a62c3e94b02468ff90d8dd0b2c52e684df809226d44a6c47bb981404707777d19368f1d4d9e7caa78ac28973eab316e1680c4f4757de7b47c2723500fb4900,1,0.9457006988743034,0.054299301125696586
19823,85bf14ef91fb8e419d4dde92cc45f5afd10d64203b5a17161da341ddb17becac867e1cdc178808fa6c9a04d68c25b77928bb691bc0c53fb67814f00f3928df0b,1,0.9508098906944911,0.04919010930550893
19827,78492887f9d043b8f156ef3a0f46310de6522ccc4f7131da6ac895c58911955dd1f662d06c24eabcc2c7f79809db04dc6cc5f32b84efa4782db73923309b5b41,1,0.808999415792541,0.19100058420745902
19829,0af8e2dd7dd14fb36b533d7af4daa1ec486a7783da8e43a7f781863f39db58b7fe8639acf19662d4f5dc5ac23ef6a6eabf51f47c3885529d0915345c696e697c,1,0.8634052310505778,0.13659476894942224
19835,027c54ddbf1b8dd179dcdba3bf42ebc9c0a2dc57ae72ae9d2fc6a44af3b164a2af962f0cc46ef363556406fb868c890a51baadd3ffb8b84c2bac549c5b06b2e7,1,0.6263058235860017,0.37369417641399827
19836,2040a0c579c96f7cab4ce2688b495cbfab8b798b8c8519690f77f50107ef1c38d3d6b7f6565d98ef9594ab19aca4ca19b0f60319062c295a88db89458246e87b,0,0.6787769315932948,0.3212230684067052
19845,0f43f4a5a97ba9ebf836efc7dfeee2a147648a697772fab1682d8957bc55eb7473f745c6b4810d2c80bb507a815bd03c9423d34ba0844bfdf0f5a582fe41721a,1,0.9158034768327067,0.08419652316729331
19853,8f2eacb37195bd435a2910813d74d7ff6dc533ecdf3b4670b8314cd5da671e319ebe605bc4cbf51def9520046b1f583f76986476ac88a591e08ff96b80078867,1,0.6238885403015536,0.3761114596984464
19865,31b8306be58907ce421bf40539604f3e8481b5c3eb3636d195251ea632b634456f575bd6897dbfdfd19f47985dae92d5454f0ed09b165dec538052534206c335,1,0.9817867000074776,0.018213299992522414
19878,5ad18a9b5f1ff14f5e78af69043f592b4169a03474e140ed0dcf9f4eed40c829ff60ae21176e60563de4eae5264fbe7d2a97c3530e30b6666c55331304f00620,0,0.3541861036446969,0.6458138963553031
19884,c1e8abe95310c00588a67157b55ce0de118a2b93e94031565ac6ac1b98b28eeae9d7cac0d57851de212e5aefa0446fe2452d7dc51b733630906bbe10724319c9,1,0.5551838158453158,0.44481618415468416
19887,01f7d09abbdd33c5cb970e2e84440d7c31f4665258262063099c967b4c5c599dbb51c0a19efd3fa68f0f0ea6233e552b794b55d72fd7b24ab6aeb12769427ed9,1,0.9694092800308982,0.030590719969101787
19892,66fb2dc2fe94ded4232e2e500a2a17079de3f4c02a6da44bf760b2dad2a0b9310b66921adf1bb830188597fdf5b7a896a93614c4cbc2f21bdd22ac3b7d20e3e7,0,0.3224605644297035,0.6775394355702965
19909,b7979f7557fa4179abfcb3434777916bee4515c2784fd2dec26a5e74528d56e80c6a494d36f19ae66879eb2e20e3078661d4384772eb93658056a1cfe8f226b0,1,0.6961037535768817,0.3038962464231183
19925,fefb6e1df6ac86400716e4522f9a9426ca6c9633641df2e18ea8376a917569be59c569504731502766f5cacddea516b942eccf32118b6775e50ac39033d20325,1,0.9943988208519796,0.005601179148020385
19939,3e4c3237bc9ec8c301d5d452170887ce19a5cbb0107976bd4be6f27ecd14ef8b7a0986730da8769665a97ce2e5bcc0d880243d056c7e78b40616994aba28ffab,0,0.37705264906196867,0.6229473509380313
19941,7d4b0f8ebb980418f94cb885b8c6695b154db953fb656bfbf8e43282f51fc1ca84dad7cc7b74956bf41219fa1146b8d354e54108262c997b68367234a1794373,1,0.9878613220553526,0.012138677944647402
19943,937b97ef1fe80ffb96fb0d07a5435d7ce5294c3d941c5c5aabcef800c97e95415ebcded36542926615f13efd3b7575fa0ac3a0f18ff8b776a7f72ecbcbae65c7,0,0.39121231036458354,0.6087876896354165
19950,e56f9c04ee8e3e33b37befdee13a85777c9243909002f7432f44245d51d4d509ab91462c8b0ebaf89e2c2d9ac5fb4d14fcdfbe67e6ded590654e70eeeafa9208,1,0.7199802902948886,0.28001970970511136
19953,9fbd965ee8131d7d6bcb3eb398a3e4ae36b4c2b313180ef489058dab60cbc79bbbfb3c6e2fd99296b1861aa1c96035c313e9743e8734815a5016b4e3581db732,0,0.5247294997068419,0.4752705002931581
19960,5f014d089e206883d3d2ff8be939a2666b60db51a80700d92669ff362a5dbe820b62ce8fcb2f367a70e591b6427601623c065784fe43e637900bf3b7fd9a2607,0,0.3225969752085477,0.6774030247914523
19972,a406f46ddbb1f0494ca0e4c2d18ced5557dc216f3e8e9505348d7c4629fbf76c9dac67b95efc25992964a347c4224b927bf074443b5ad7efd3b49ec0f83ac917,1,0.9883073040634301,0.011692695936569852
19991,300de17f7ca474abe53f3f81e7f04828c94a8f5334fe99fff602b908b0d27f74f54f6a4579061fbde48f096243f44d6aef6f98ec791396e4349e6100c1aaa177,0,0.7230307263754346,0.27696927362456536
19992,c85c5346f7d83b3f2f85945b32c92876c0de85ce95b178bc16e59de176e3a5cff688a3b5abdcc2d0ddc69ae0090afe91f733669547e9203946564fedef675ef9,0,0.5805407378763857,0.4194592621236143
19999,435786436f56517ddd9366283aa53ac07c9b32d204843571488e70770dc3272d06b8976df9363ae61536a1fa0d1739026bd4079853445489b788466da08b4874,1,0.3734480021484297,0.6265519978515703
20016,727f8cf3769b2003650deb5e5839b6dc0e021754e61813ee972be630d657af6da3bba6c9cecbad52ae06dddc21c72b7c6c798adc28fa73f0133075db6c879db2,1,0.5609292889151842,0.43907071108481577
20021,df82d785e76969d242c12619d1f3a19e652c17c13f2897c9bece5b6384a28f8ec1edd4a72674d3ab937a9aceb28a61fceda2f46bb38d7e3222001288d1e844b3,1,0.9552385619759087,0.04476143802409127
20029,ceb6f8ec13e7430daa4a76b9e86bd606d4226a18a5c9ab37530e3e36a76e5937c7a6fcfa1152638455b62c90b8ed7656ade9a34070700f1a12fb7abe7f91ce5a,1,0.9442294428729031,0.05577055712709689
20041,543ca0796441c4bdd589576894397d46de7857322cf91284ef2065df18b11d7be93c0d8802501aad339f2d1441cbeb9983a229ecf6f14e96f2cff17eb7d0c4d9,1,0.9359901579934973,0.06400984200650273
20048,56d643d1bdea7303f0301748daecddc743f80f0e8890e9706c3c60d196c1e6696f10e822df99f2c4ceabd6eae8515ef8c93ea0eefe823222213a8f0d3a717ed9,0,0.25152340421158353,0.7484765957884165
20055,21211859847fc08743d060f7ba5745ff6ad8a8017a3ea412832d96cc70aa9be03ae4af609efb3eb8c48c5ddb94e588de79b7ed94fdaf76d9941c25400e4542fd,1,0.9666903126412216,0.03330968735877837
20070,462559c8d93ef189e5f1ac8213b8c254a03ddbe79734648566d35314e4048af2ef24c64204bee0fe955617eb4fd6e4b71227e1b0a6a0cde979409e92eb95eee4,1,0.6644711198951281,0.3355288801048719
20071,a531a9fb277432455e2ccf7e01163ee6f4651797e2770c012a906087172ff4dd6bba533308894917c13b19a5b80475e1a6cdd379956d4822629e786be6011ac8,1,0.9680531727607699,0.03194682723923015
20098,cfd6e7b2a3cb12a9a7e7d219c4da3d9408a75069dafcdd281a6b34a72c41078096156a5607e740f91a2e7997b5415f7b537c20ac475d51a89b949510d7a18d23,1,0.9765145229816773,0.02348547701832271
20121,d7bbec937f4250debd2d93ec72419ab0268a81d1ba44816ee365ab72d3cd8ed5e696477e55160d74abde1d40dd5013e417f0b587cfb99ab1156ea556dab55183,1,0.4700486398172231,0.5299513601827769
20135,33dda9ac7db94ab4331ebb0e7cded2d4394b7bae1ee7a68eef688e9a4dbe0297717b735d45e77cd8274eff74b213c6b0b646eac8fd8030181018de393bce2e58,0,0.2618018252542792,0.7381981747457208
20142,4c18c3b4ad240391725ddf7b4c7d12fda6e6fd4c2d5b03b084673af80040422bddb56e1ee2202805eb0fdee1722a6b022d855657b4658e04609005caa0519ec7,1,0.6299539511555527,0.37004604884444725
20183,5477e4144bf936bf46bfe54697b7588d3743f6ed41fcf16d27abd1e2b6a645a0adcaed48c06caac156e24ab22c9fa22075e1319232f6ab094179ce410cad08d4,1,0.965049771176926,0.03495022882307397
20186,ec784e3fa0d6d2e3bf61a765b888dd16d28ff625e0043c247ab12b891d4a84b710adc7b95ce5aae3cff03005716d1764f8e70298487b491f4597868404514158,0,0.33607414291825366,0.6639258570817463
20191,83c6b0926cf40e5068b262b83689a030804386abbad891d918833d4ac3858dcf068affa5d7f9f53da22b5de00edc2e15d8b187d263910a9ab18346b5934b73b4,1,0.8007859264388612,0.19921407356113885
20201,e1326ee4dfd547cc65362bd0ef52521b58d123b3a19d257cd5ccb750ac83ba778f9668b147f1cdedec9d9f9bffe6af3660eeac65b1082bafd6a80681e6f828b1,0,0.38288075368825,0.6171192463117501
20233,2f30418250e9c0bac9f68341a8bae2d95f27d9323684ddad6f35631f781ade1f3360257549c1cd5067f65cdc0d36863041dfc9c72c42f5e3563da2147875f423,0,0.8183592045457907,0.1816407954542093
20239,828f9df614f1c3ea6f772ebfd6702d52d61ea65534e71a3bc1a544dafd78caf614141f80699d270747b93be51f1e17a4a0422a639613739d0ccf15d16f6a3e18,1,0.9779768164774942,0.022023183522505763
20243,a62204551adab0dd16533b2a2c07d1d3da11637a9134fbfe79b356820eaba5120c9d84e003f2f3ffb1db8145ef1435833026aa53188df213e0cfab6669ea7b0f,0,0.2960957311562789,0.7039042688437211
20247,ffb1277d48ed9d6b79da47cc93745947798ae12e5ccef54134dc3d9a4f39ba3621fb60b462e45444b6c4ce930d718aca8ab910625c8ce2f8fb250970e6c44f3b,0,0.24228620773695897,0.757713792263041
20252,336f39a528442eb8c63ee73eb83768b9492fcb8ee451b0f6b43c62a406cb5399f4c54e1ce30e62c4170e390b06018131fdc04217c7eaf9a53db97ca0fa8bbe80,1,0.7205284145606384,0.27947158543936157
20263,ab68013a718f80d12077d1fe66c1862e48fc293d42f089bdcfc91c0439e8c11aaf4989abf8acf23af4178f7241bbd0d0e74331cb3507e0d087882df4d2240cc7,1,0.9833504115293842,0.016649588470615817
20294,1433d84a5bc216756136001119eaf50e6b8ce7d4afbab3181f813babd70184c329b78bea28b5f6526dba9b16f30221815544179fe4813206870aa6a9d53eddef,1,0.6992193761534495,0.30078062384655047
20324,1de727a378fb7eaac152d2cfd95aa41efab74a4468e15d83196c7603df2b4cb68c49d3992c36b20e71d3ab658b952532d1ea0730fdd1e1e3a036481e1a03b7b5,1,0.20405959050742775,0.7959404094925723
20344,89ba3bf07961c7a3367c0ca1293ba3e8ed8a4cb474ea56315189f4361f0548d14e3723374232b2c6c3e043e421773364a7de585669e214f9246596520d053a1c,1,0.8403109201546045,0.1596890798453955
20350,1956289c371e58416d73155040f4c6c2e74054c349e85ad85f58a2c621206815aa6062ac591c338f35a9a198f16188f7baf8140f6e60f32f59299dae5351d9c0,1,0.7892022373161842,0.21079776268381578
20351,074844a661cba9aa60fbb36e809c5bd2cbea9b6d8836e0185fa0e0e9388aa703a2a20c5aaa7408de051cf2ed87ac0c6874583812412656d3914bc9313acb0082,1,0.922920781913021,0.07707921808697904
20362,0184bd0852d7a3d291dc577c846dcd8cd2f6a3e34ee561f9a82765cf9f34e635b50cea7903b81d400a0bda940d4d5987325b02f3a7fd85c20c091d55b814e32c,1,0.9539925698257111,0.04600743017428888
20370,0cb32e7a8c14c780de98548b5c75b61030b05024a0df9049612fa839a43cad824572896f30a2c5f5e407a5c5afe57a02a13f351edcd655f3c1507cecc00d8ca9,1,0.9243403151414405,0.07565968485855945
20379,30968406199dfb37715a8bf7a5648b2ab0103474468cdb53bc3abc097f2da15b6ba6abe0a6eed44189870c3cbb5f30f78ea48a8a3eeb0f78743d08c4beb2f104,0,0.4615741234772511,0.538425876522749
20392,220a4190e38f81e6a57f32f21f9cfeaf8771423e5be1053b09f2903354f26d4f00087dcad941b39eae23ec1a06d84b755c3850d76e508518534a82291fceb6d9,1,0.7233169319834062,0.2766830680165938
20394,231eb9c3d047a228697c84b49befb243b5a08041fa9b8001bf7bb596560f06cfde4833fcf8972cba183599368decdbd7c698b4676958dab42693e848d8d3c46e,0,0.34807879847430395,0.6519212015256961
20397,884d19335627c31d65c84ce9fc67fc31b6946ca16552959ab7d25605fe2ea36da3c2e8fce06d398f94bfb85f0a2f9bfec89b2da600771b53db0a20e8b3111e44,0,0.5784538159186714,0.4215461840813286
20398,1e8f2efeb9a74bc3805c24e3c9423362b5a0646305d08274fc0db6f0d8fe564fc27724ad73ba8a028ab6a166be1f26e7c8cf95cadbc8087592c35fc7a1bc7865,1,0.9630777711513611,0.03692222884863894
20402,be5b8f3d654bf0a6e90d4a31a1c1cf62448eed1fe3854c66430490f832be83fa73caadc69fdf8945b8bec0c2ad35ef9e2aedb9e4793970cc0d17573b169e7a5e,0,0.2802793547562989,0.719720645243701
20405,cf6a59f2cd87a82ee96d4611379e9e1cf486edc1cd8a61e6aff18d6f9eec1fa0d59243039d16b44dcf6d6f9aaebc1b843a05ee5c3abdb6ad90a09853234e3867,1,0.6423846900997556,0.35761530990024437
20409,96ad5efb03c140187488d0622b53fc910889f4484631b5917d589e1840b5e7b835dbee3dfbc0de99593b8ea24ae62036f8b4e74e99ca995e46e2ec5f4608b3ec,1,0.9101009391037811,0.08989906089621891
20431,438ba47ebb8ca04ad2053564b0c9c152afb597a85875d09eb86d48d6248d9f5684f709d1ff12a8c1960dfef7cbf27e3974794efd9db6c358c5b064fac3aaf00c,1,0.8380092901417305,0.16199070985826947
20442,d78e0ffd37bf8f5278198f3062ae42a573e9525ab2fa470087a36e1d705d02ee05e82f0a78b4bfb7d6ba23874882e38c5c8a3b9a003cf84dd8f2166a6be7e21e,0,0.45278599417441784,0.5472140058255821
20462,03a38c696f382da4aa843d75c45cc0b97a8278d2cec9354ba4ebd56a68f696c182b68f801a15ef023e9ed9c6afb64070fdd78d5bcb185176f661cace70ebfde8,0,0.26901515501948176,0.7309848449805183
20481,b3499b3b2ebe0f045dd7bbd25a7124841b4534dc4e3f5686eb298fdaeff0c1bd8d8917663c97eb11d5798de1ebb0a9be7d9570ce217b79ece18df0d501b02226,1,0.773206991373569,0.22679300862643104
20487,dd01e5a8b869e2ca231301111d98a2c4c11ff78e634ef583b0e29929e892152072002f31e0cc6f10680b4d4127cd73e31fd05560daa11e3729ed863d0259cd0a,1,0.9808766396543618,0.01912336034563822
20492,6b3ed8b73c3c07d9464ab31120c60703fdadc074dc05d83262780eb16820cc0b1764b9c02597351d7d049ebc4608aaa4597d6b702dd355a59f0c08c208243c21,1,0.7248946715873408,0.2751053284126592
20499,7bddabcf0e007dc87af2686abbd92d1a890687387ef01812d9e2c3a157a476620def69170bc642b71e5ff225ec8235cab92e2b2e45b3784e00f71b36a00b2615,0,0.5547753260860895,0.4452246739139105
20503,55a7ac107ffbd166c92595511890367c07837cece31c410ddb1b31d623f8b9874d79699ea60b806b47c6cb4ae5816c7289eb07ca9037a0bfe1102a5ce4ec6f88,1,0.9624914458874408,0.037508554112559156
20506,71c1f2cd857d4ee1124d35dcb0aecb56a97b6ad8b3a37ba3fb5ca519c688ad2c3fdf444ced003770c9f2166dd8885c8324072664ab4bc7f373febed77b07b08b,1,0.8949815639142533,0.10501843608574668
20511,60cd1530cd7e701e72ec5a0c507f0fa7b68f2a4a51c2f19c68a58143fa0645bce6ed29ea89346933936c0f57131089726f78b2beef002b05c3dd063841b65f24,0,0.6745652078903172,0.32543479210968285
20530,84aa88573c2f4ccdf56687dca75744a32c5df45f04a427fd165133d5eac9afd7b217af56052803dd0f24f75aa7a31b3f81e951ca6b5a52180c9f51cacb274cab,1,0.7009085340166601,0.2990914659833399
20541,3b3194b388fb606e53d0876e0724e7652209e500c4b38f12c8c08c57456373f29078d929a9efb9648bd035ffaf0835c0b62d31330fa4ae1ef3fa2593e4c0853c,1,0.9792613901103743,0.020738609889625725
20544,cf1617f210d0f4ef3acc5f505207befca281473b497f9bffcd2d71642a32c43bb49a2bcbfd4a37c42bfc5b03d5ef11b5ad98857513d755cb0f0b97984815aa32,1,0.9643788428916727,0.03562115710832725
20552,510032a411c7cc2380b4652477be077ceb1173c48918b4d5c58ae0e5b11cc897311263568b3842635d04e388a4f502eeadf41a91c6971e1c4a7f892fab8ff897,1,0.9879711560004119,0.012028843999588146
20559,070b8bce7d32db848516b8aa776f43e2359f3d15b186bf78bc91d2989783a38f62803fda51140b08f9d49644cf9b21e1fa179c159f14ced0bdcf3cdd3a0e2da8,1,0.9321236952701184,0.0678763047298816
20560,b5bf7f1690ce63daebe233edf7c9ce09ee5c58f9c176eaf72b5f099c1bd0eb4bd8df20ebf1de7a73c7c5d730c5f4019f019a190b91ea265b17e52fde63764b89,1,0.907964422413523,0.09203557758647696
20561,badd41e90cabc5dbe406a3cb3cf71f680901a6f149e0c7720a5824c33deda83415a7238c9afec834e487528af12c58e854c32c50f8fea955428089a9cd28bccd,1,0.9558514004778725,0.04414859952212746
20586,549309a215dba217b0335848cdfca15a1ab32b5522abb35bcc23e6306f3f91b00f7fd7169b8ba37b82941c271f058e808ba148a9f0489d2ee223100e4abe9547,1,0.9521101003815194,0.04788989961848056
20594,2a2ca84a925bab671d0de4c2a29ac28bea00647b1cf84f5f4f6f6d04948d343665eb64b4f2e0fa330411febbce7f8141517a1626b509e0966ab9e0a23f30d784,1,0.9605700948903054,0.039429905109694574
20607,4b6d6a539833cb2b9b550ab8c7d0f0c8883e44ef3923a9635a027c2bf3ee548f8e65d3da363db4c69f0fd85ab84ba512bde60e61d1a4cee108ed8a7672f28c37,1,0.878659207722029,0.12134079227797101
20619,115853415ef3d966a401e0d55cab2d8495b0448c5283f29bee6f91edb50e786b380022ec1ab45352d81ab365c2033bec4b2b8e8a09f71d2e817fe57cc49a120e,1,0.8319017853354235,0.16809821466457653
20651,9c0e5155920494e8ed6389f3147efdbb5883d308ca830a49577bebf1777dc8e17bc835b84fd08302563456b86477901d61f28d2d38777a1e4efe0c81f43c85da,1,0.8931240539568597,0.10687594604314032
20657,535ce91c540f8fadf703a81cd01cad59e661c56b1a493073882c1e1a7f00b860cf34c80523537a295fd243e217fb56389f93a22a58535b58aeef82ace2966726,1,0.8285912285420607,0.1714087714579393
20669,a351c89d121f95ef5538e9716dc05e9b1892b90faff258aa3279e9de8640ca8444ff27d344241f742bf5fdb37967fff5a9f43cc5c9368c5d63e84f86134b131a,1,0.5877120202906005,0.41228797970939945
20681,6a05c18a494971c820edb1809894ad212ec6b5fa7bce672d36dc562a255e0fe8b7b5255e8277fdc6f22290ee8adf38ff8cc7501de9a3091a63911b3ca72482fd,1,0.22323597551293028,0.7767640244870697
20695,87622e59ca319dee74ae5dff032a68751049f9612d4a06505bfc464aff48f84ab57720d8bada2a99286670bb9abf62deff0e6ca7228619cab67d01e498f27189,0,0.49770667895552634,0.5022933210444737
20715,7805f897d7c7a1d7241985ad5bb72716e94af69ce0c83c3d02d7848b39ba5442262ffcabb7a043063680327c5a28979d774d7f30fb72e261f1e12a1f995eac28,0,0.5873880615955916,0.41261193840440835
20716,57f5b4d39eef9448faa46ccd7b9473959d49b6ada15126dce07e438109a37077cba9dbff30a5faaf8bdbd7fee29d035e2e9f02f30e378b1b5bb0bfede6eab9e9,1,0.9892483567529718,0.010751643247028153
20717,d5c1313a59bcffef09896cb84865b43bbec6535c25ae6d7e6843df4e23aa5a695006143acd506c6cf55ee305e4c8ba253efc53f08e59141691e5dbc545523a2d,1,0.7043844739287733,0.29561552607122665
20720,b0206d47b712b86067aac1397fae4c1016cf2bc8a45181bea1a00dbb1c43b1bb93dd801e3ca5089cf12af49c0320059617c61cc88cf2a70ff4a6264f5bb9a307,1,0.9815613954305038,0.018438604569496198
20728,445e9a041f7902e91dceca6dccd8dfe95e07a34dc54b1003a5745c8363de38bbf841e8aec2e2fb32206b1c5e68d14cdf3506608a780788899e524ac2a55d8107,1,0.9485472258598532,0.05145277414014682
20735,2824a81d71bf4d67538bf2c86a79aa3c43af3ba4e7c2cb28c6a00b5b6a12b56087d848b38be0ae5e85c2db617738e60bd8db819a94d0274da389d033d8a832b1,0,0.3845792530126201,0.6154207469873799
20799,9068a18f47f5041ee195152692195fc80af4ef0873181143b353ee520049dc4856de82861dea93ab5f1c2018830ac8a42b84ef6c1bd7cc7da884f77c47c370d8,1,0.7718876096334839,0.2281123903665161
20802,8ac86dc0479ededb8799d4cbce390d9f4ea6010ddff79eac3b9ecddec1c5d1504251cbad2f95f35fdcc069a1ef821ea1ab6d4c36da470e2406345f2d5eb0429e,0,0.6674697963637721,0.3325302036362279
20816,db52af1290ec3cf4f1ba202e2ea3b34b29988153d2707fd79b28127688286b56094353cdec61766bfe7d10d0224dd78b27a2b856f107a5b4f49bc5698a2b9410,0,0.2462787866890796,0.7537212133109203
20831,43551e9fdaa4eb0ed02078a20f79e2ae683d0f7e9aa13d36a48a93b82b5186bf9ecad98612d165bc385e859cd5742fcd2de1d1fc9a3c9041865f79d0d4cc08fc,1,0.9298030244732172,0.07019697552678283
20842,6aef145abd99a67891165bf8264cb54e19085f4ccd426ff1ac934fcd775b30f6c8d31992493cc24547ae0eadce6454d3150a805ab53efea725490f7b056a5183,1,0.7169841462767179,0.2830158537232821
20884,29eaf7546467090868dd9cea030a14d799fc86bbf1b81452301a9a0970f436fb0ede19e3741f4d8cb6ab2691c3ad3b29436c0e924a9b68325129ab6b93444611,0,0.09455203655775456,0.9054479634422454
20909,e63711e458e974854b3456f3dc18cdbd08de93569c1d5ad5a8abe1b486eec5a84ef540ce7783729e21b320465491be607bb9c4a880f48c06701ddc63be9ea29e,0,0.7193219919993936,0.2806780080006064
20910,8b63aa821fe77357a61bcf31f100e06f517ee927ef0b1985dbf29e02f739be7227ce53c506b5eaed5d241671bd6280496240f9bdc8502d8775678a5618eea503,1,0.9394045836018696,0.060595416398130375
20918,25149b37d899f1e1bad4361dc4e80002a42290bc7e76e1d6a3db95c80fe0bd2ff6c010f62a0aa03ad92e69fbfd5530cced4fd3e057fd368765526921cdf758b3,0,0.7418569818145423,0.2581430181854577
20943,74fc7f79c9755213d2bb1de5d5fc9d4be38832eb77687b952ca6791b75f684ef132efd87375a1228e4b936f816a7a90bc0241c66a279f1b3b87d15d5e5c3251a,1,0.9429633591165514,0.05703664088344862
20954,06d0d28712b18500f8f8473146738c0c7459ae3cb2801c125cf4d4597d034e0f595a10eeac7bd51f02a89acce44f712592937a47b74f69cfb9cd40ca890c66d7,1,0.9317222024453384,0.06827779755466157
20989,e5edc5e1e46866c1aa86d048efc1134fab1151e88caa7720e7216c8bb153965e3f4cdbae2b9dd0c6f159aba51f4bfc13779ee412c050b019fa640f7801d61abe,1,0.9535634331958033,0.04643656680419672
20992,219caca2567410d00e442f076144a7878f2bbd4a3b76b4140fea6905a5c3e8c21f267f59d049f119f91ff39fa667826a1971ddc29ded486310875bf1e2cc14b8,1,0.7560066458070415,0.24399335419295853
21006,da9a57e97ca4b602c43f3a7a57cfd99d41de953f15ddd2d09b2a035074f202a1fd221fa6ac610ab5fbeaf6d9d5b2072aaf7d42d680bf50f0bdac2027caecf35d,0,0.32460591614714046,0.6753940838528596
21018,5916caa461f51c6a6f3b8bdd1bb6920f15163752d2182d3df301706404346475a4139ae4db47b05bfd8c9ebcee1140021325b4a3bd9d6b852d926d552bcd4c75,0,0.6096108197153335,0.3903891802846665
21027,7c2c6896bc05ddf79271f70dedb1a6f4e639f7f57af3092ffd0b20e79c22bcc1871c6c8c6a684dcce166fd24645088a7ad8f16fe78a89c3a4dcfd20cd9f50c56,1,0.9626044013918809,0.03739559860811914
21049,e5bb38eea8ab2452529f65042c396d3992b09cdce61589d9151dacc323288495d92db587b9d14bb3df287839bf81707a569798361303f2d43b41ebcd279c55e2,0,0.5100335809953767,0.48996641900462334
21071,56e542d60cb6ca2759ebda97db55151b5f3878e0aad695d9f299dae847806bca051c89ba27aaa59ad6ef860d7a17f7e3498ccf7728b18d846b0af4e0a778a3ed,0,0.7587159648404541,0.24128403515954588
21122,82de066e4058c757143868cabcac41c18bd09d93b8a06b481b93fb0255d30e001b159d250361e3ad89f944b55ce1f4098a1c8fc8632eab2364bb5aac470daf68,1,0.9884658580763541,0.01153414192364588
21124,882f7364e1b5f26d398e4372dfad2884f7db3e7e3a0fe8ef9ac0384fcdc4375da6d82a2f1df548ca29c90bc6a83b8bbac80a36c25492da89725aa5d5c94fb071,1,0.8049699584795416,0.19503004152045844
21132,5a3ed615321c12d44431b3cca6875bb0e65b15348a2534ef98d440f88a94dab99d1f73306e756a7f6ab1171a7c1a5c6b95a3f941660900673355bc7b2a137b76,1,0.5794193368671543,0.4205806631328457
21133,1ba6d47af8982f30f13e13de56737be03264c4e8eefa37ac77ea17febbe60d1d81b5b56f0dbfd4d715a1d9946d6b456e804a0104740f71daa48c9c6209b396df,0,0.2535283850228343,0.7464716149771657
21139,98f1c34f1b5b940d280bdde64223de15b7c4d0be0ee5b2da494cbef6166a215b00bd814f066392a29a30f61b8c3cfcbd9f700e8071f509d725eb2ab2adcc2e9a,1,0.9652111256968794,0.03478887430312061
21149,5547b5fd449f0ed318387e4d101bd1c4450adaffb77c149498aacd42d7456e2ab0974cd162d24937f5d904918aaf08393eb06614da55b1645df68c843b9f722c,1,0.8826008975286519,0.1173991024713481
21158,5e06ab478db02214be14ba47c57f63974a94698f80a91a6cc83bf98870acde4cd59532c3c3e29e830046e839d951da0df06eef86651c06dea78a803a6bdc22cc,1,0.9354640545211641,0.0645359454788359
21161,3d7abe35fb0baeb00cfe4345943697ec3bf1d0f9a88166b8a8da311482bca17c21936c96c963d3438013a2b86f37fd89d90acf3ebc8c4048c588b48adcdeecec,0,0.26527148246530297,0.734728517534697
21187,be853e245c944144b4e5216ecb248d86d029831ea86f8b7477eb8660bb6a14110cfbb2ddf33ef16188d8005a1f958ccac21777c53d8f852f7c42bc261f87ca67,0,0.5187348474794587,0.48126515252054125
21195,79fcb7c4c11dedd6d442167dd87a772fb37420c08da15a4a689c0a4a5253cbf423466acbd96fa1a99f88c3a838f59e818eefca6a1c8afb7bb10a07ab5188a602,1,0.8067733827955245,0.19322661720447554
21216,c0643e6aaaa4a64867e4ca2d773126cb9fc35f763b215fc84136f842a2a9f7a3011cfedc1d59c95f77dbad427b35023079135adac600c0ada7fd5ec64780003f,1,0.982127651642227,0.01787234835777296
21218,2ea2481221285aaa77a45ab989b5daa1f96920e77a4438ccf41780b33d8473214f78b5dc100a3c0ecd3086b09b4cabc5de6d6308e5caa70dbfd720a17d5d26f6,1,0.8211651486044927,0.17883485139550725
21220,daae9bf8dbb92ed3976158f0fc16a8ef03e4cf0468a12ae73cabab34de932ba43b9f9e70cd1a0d507fed59d030b69f69f5c99803d48c8f5bbf2304108b0f5452,1,0.9849908505747487,0.015009149425251334
21227,d96e3a839eef3332e359b9cde37c1cccee0601fa28e1e082b6ce69375a4189e05adbe9ef02d9425ed68387bce3bfc248c31cd57c4f2f7d8cd33f054ca1519f0a,1,0.9579830794771381,0.04201692052286188
21266,65b4598d18d9e3d4f0a806e3efbc95cf0c17485f625508ef1e56083925d8b59ecfe6c54f0136dac5779f505763812dfaa62df1184282994f245a009fb8c9e244,0,0.3839635398149445,0.6160364601850554
21272,300db8936c15b7d5bf9c97a588b89a7c1850d48c356d8059bac3e1d93136a2441a615396b61eb94137fb72ef28d9f63d405c004d62399a25ee89ed09c555342d,1,0.8907311580424528,0.10926884195754716
21274,0b2847bd0ed5c59dbd7c91ab78f61000abbf102df76701284759712995bd62135eb6e814e502f69e1f804441bb5a6ed8d2849e04a5566194bf3d4eb58f4b0bf1,0,0.28442424259874055,0.7155757574012594
21287,48d0a35e1c34d9c65e26903c0247dbd8181def7d8fe2f30f5bd6fe1cb1118d052ae25f4cfb44f1e314708d2b86698e9ccd1998005fe13d5f9471aaaaa38ccfec,0,0.2923248588910827,0.7076751411089173
21297,215a70b162a2e5c669e7483a789b3db28950fbf0e0108b351165cd1ff924d8076890a00adf46bd3879a6b3c1d38ce76bb2509bc6c4fe0792f11e3874f0012f00,1,0.9693156446682013,0.030684355331798696
21304,467d8d071c8e8c224b7646fcdf44a8a2069607fcf24969fd464796ff12a06f0d17a1d09a2d4b4e805fce3486ee3ca8996b4181a15e24b7525dedd45a518cf6fe,1,0.9803014842658516,0.01969851573414838
21341,a89ed150793264b31a57df053119346d3ebf467c47ded5b9b6920012603a933a8d969ee459770862ff42835ffbb2acaf4da622cc31af9969d7f31e4de646e83d,1,0.945720808236973,0.05427919176302698
21361,2ab27bfddc156c46e546359bed74688c427b871afb5c243546a26ad4a0db5305199ee173ae0cd36afa1857fad1e4f5d86c992ccb97a24a5f04701a2302b0b2e0,1,0.9140316794187394,0.08596832058126058
21362,db738154b6ec1600647ff838fb843c032362b1f86b8a9e422808864c9df4882828696c1712d3519656ab1eb3a00c728a047ddb2228f56c1825bbc0301052355e,1,0.7816288809206827,0.21837111907931728
21369,fd0238334614ad8de96d7a908b5bb74f04bfbc8bdad718dc6e43f18907d64ce290b65f34de023e3463b952d6a1fc3c6fd417846536f4bac5a327dd834ccf950f,0,0.4481240383726644,0.5518759616273357
21373,7d97502b7cd1633f369af28e82801913f1b692a66aebd5b34a7485e835f6c81a6b047e6460af021871cf22dd950425ca4bdf2f19362cfb920af22c57cd7bef4d,1,0.9792341232366193,0.02076587676338071
21375,425d7df6064f222dd64be6136304fbc32b1d96eb54befc5e613f1e94d0829b32b58de6e6eaf7b22d7a5327478c7694e814fb094190220efdc28abf168bba9da5,1,0.9739677696750644,0.026032230324935623
21389,3b800386db838b864975bd9f57d21f120ccd848aa2ed92c9b6f44ebb5d25807e9def23a47187476b86ccd810b977e8824b0ba20f868b26b8d2ed50b4dcc328d4,1,0.9107077902821784,0.08929220971782159
21402,2608bf3527f652f206026aa4a314974da774cb8b1393724def490d06425d307865e8b3d83dc64851364a192f4ed1e145c73d314bf3b01213f44cacd483afc5c2,1,0.9631617869463718,0.03683821305362822
21413,b1bbb52dd21a9e9233981941d648fcd2ea4b94665e745c15d29f4438a12d8833a59f71687b9b2233aefcfaa1886b04b8273b206deb21eac6ca0dfe95640bd31f,1,0.9374993572761341,0.0625006427238659
21427,7ffd0d2efd762bdfe1ada65225d549f5c5feb04d52dec3c753e94d45e6f0ecf24269d0d39804f0a6e29db951296b470dcd79603a5eea870ac521ee0ce4b9b62d,1,0.9859020958627718,0.014097904137228223
21435,71e574b4fb8b86eed94df9eff1b9dbe30cef41ad6a480386c7d6501e91ff8f93ee228d646d45064d2db0baedb81076ca45fc90061041963c8fd2dfd5c72debdb,1,0.9455603184993463,0.0544396815006537
21445,de60e674641f78244f58d23151682cd22bf7db3b1473a1ce6914dac85e54a4e8af12272dd66851860fd23ec0158c89dde9dce7197815a8bf010e7c97706f7edd,1,0.9512238614016767,0.048776138598323304
21449,72b0454034976b5a4b79fc99a37e5030967970da8d4dbffa0e1ec13d232d3f5fc2a984b64fb67d2cf1a89779eee010d87a9c9ac5d612908b02cc9d1508052c2e,1,0.7099610344182289,0.2900389655817711
21451,3185218c89d77d0be532f404e36d86030914c1c3716435f4d048108088d3f531af4939c1cc749d4963b20c57e316f8911b3a99f0b94c6199d87bf87bd8c2856f,1,0.9720844940465204,0.02791550595347958
21465,0566b41f0029794bd1f5835910e16a6a47e9744be84a51c267f37001a7bdf61531a23730dedb0af4914d14a1b4e3a75f03e1300804a46469deef479446998a30,0,0.3510297886629383,0.6489702113370617
21475,ed53c3a3a0c7c909875ba79739abbf7ad24ec5afc257c15f7cfec1c992f4bf0c338995c4fa820dd2621292e2bd65a6761a6396d096b8e0cf384233fbba70ce7c,0,0.5842628342696655,0.4157371657303345
21476,257391a80d685bb08529c4af6f65c72e0548fb417772d3b8a09b5f37ec606e68d9a7653ee76ff7e4fa9beeb81a4cc9838f2b76d6223ce4b03ce42ce957269f79,1,0.48766163368952453,0.5123383663104755
21478,b2ff19250862deba18006aefc0598418dbd4944eeedacb28b48f8a53e51f36ee7870787a192a51bbbd55bc753321a008c6e0ad3e1c6bd0d395e77f37bf93617f,0,0.22478929006675424,0.7752107099332457
21485,169ff0f50f592bf1951d950dcd84f62719c601fd73e82b8c754b961ae19c6a35925117d1b19499c4b55964a6fb547dea2f08840abffae6363087cec6f1e19389,1,0.9796397668371803,0.020360233162819652
21488,7c567c0abb6f283b63339ff0c582d7ff348b4856b34da298d19be9f00701b758fe478d9499507b1f1e0079d3248bd2f4440ff9452e9e1bdcafb045e73a0cdf3c,1,0.93148520410983,0.06851479589016995
21489,bf6e98d50e344f5be8089ddff6f64c16670a1d96b11ac794d587926f0d5ecf73bb2fedf114a67e28cdf3999d45d6c4c353c92443f98ee96449c909357ace79f4,1,0.9159100303486347,0.08408996965136528
21504,6a41e6648e8863ed1401059b25251877f8adae1d242c776423ff04b46d8b4432c1eccd80f6c94a133bdecc584ce590c77739fe118d064e55d484eefce0216664,0,0.5851529611714077,0.4148470388285923
21522,e21deabe64e6361b56b0ed76de6fb77f8b68f2b3e7053ea0c5bd3d5ed0d0811873111353f813c28ccba72c95e25958f2e61956f079eb14d9096931289d63cd4f,1,0.969609196061198,0.030390803938802002
21529,4367880e4f0a19f09030b1980ce322d6008b85c37127e6d73d169534aec21fe8b6105e6cf82cbad370b6ecca9524ac4f651b8d9714f0f8a396d46723a055d137,1,0.49418906955631275,0.5058109304436873
21532,13a8449b9806e0488db14ad48bf831d3c5629f03e2e42c59da7cef78f92ad6ae418ebe22ec03736914b24ef23322efe48119c45d0ead7d014d8136df2a63cda6,0,0.3978353216875527,0.6021646783124472
21565,8624970264ca8dec705970d7677cc0fcb45ebc46c4dacc720fcdee695fcc6b084f702d8b1df1f4386197e8126a823cfb53cfbddc55dd0dadcae5320947c0d919,1,0.958030211115092,0.04196978888490799
21589,7bfd3ef3d38f98cf7f89c1c6b293ed00b298a166b2f7de8459598f87c00d727d73a32617dbc38a8ee716f3c5a4b56b216fc7bdd0ab856e70013478d3c7554cf5,1,0.9411461109402801,0.05885388905971989
21599,025396b52b352dc486c4f402917a15472368143d8be4ec8f3687f21ea9a819d09bf3823a14dbfae6de8520a8324a6c441f2f8ed264de66364ab78ad113bd42ee,0,0.2863478609395648,0.7136521390604351
21602,9823c9e71992d126ec5a67db944317d80ff163f0cfe5490a1d7967d8b42dd6a3aa0fb054c06184347dee1d50194ffe4e46dd042dc72ccf0908265c157b6a5ea8,1,0.5896654615655761,0.4103345384344239
21611,25957633c5ec8f52467950b9a8df975a1f3383757113ecd58b3f2a6508a534648cccdf3c851090942ccecd3a248c68efa63f20c1a8233062a13a14349ce98f0e,1,0.6900496291182917,0.3099503708817083
21644,08fb966610a87a4f08dc1d2d35ff6b7867901d224518fd23b35436aa900a37f7a8cb0c3c6a0449ee3fe080dc8c8a8a9e402a34fea06ecd56826c5d29a45a543f,1,0.9714825998281805,0.028517400171819474
21649,ea84d86ce3552c48a1020b6825cbbe550527a6d6d75d3a82cab7820612259d4a20ff86cc04082999aef96ce7d83d0b3fb4c2de90e0a4e17ff3df6b88835ee461,1,0.9054468589785004,0.09455314102149959
21650,966a874e796c92b1e06e2fa71b6188ffd6b6f1e54e56be0ed5e37b16ce7dafdc208d05534ed54d990d21ffb7b52b8b3f534173119c8af4d692f8dea5ef87a70f,0,0.5716736032123614,0.4283263967876386
21672,426eee218af156b6894a6e075bf7c2c7c37bf028d933e6a89adf6901db7e95ec06166bac3abf95e59a4a0709d9b7ca1dbfcb246176638bf2a1945d815f06b3c0,1,0.16949706850968413,0.8305029314903158
21687,9657e25f2bfd35d0054ac8b04c60a9bc104bb3b177729bc11662cd02c35e90b93b2b49d73d80b6ad5f88f10f3cd06063a329550d8e31379e27a167d5808b4c45,1,0.9691909552414729,0.030809044758527082
21707,24ba24af272ad668f1c879f4ebde2e2a501295d40ed93bc51cb0cbad18000c53c6ffc8a5ea911bb47940ea65b68c12ce54439a6d4b46cfc5dc3e88e0807cf35e,1,0.8317253667888328,0.1682746332111672
21725,a2e66fdfb52726497b0908cda255eec18a0dc849c2b4ce62d37c1fda7046688d6444782c5b5d9ccbfd128fd451f6312d6186303e8025a32b235b3ace5ab73ca0,1,0.8943810449437232,0.10561895505627683
21757,fb71cf7377de47f7618912da7d229b97f00dc6dc1574ac90dcdd0c48ff46c641535cba6bad589f7292be68335c5ef9b781ce2694a2900f72329a6f7baecc7583,1,0.8459390046188,0.1540609953812
21767,b27dafa253c2bf1891075d32e63c23023249c8ce1e6d88bbc645c69087131c887c1264d459c2fcc8859305c1a2d6b10a88f7cf118290a22f3e203820a676c9df,1,0.8986679808313407,0.1013320191686593
21772,6f55318310154b93f78f9b79e372efba11d21ce7092d91bb42424683b76c14d019ce22f226d0d247397145e3fffcec24b92f99b7ac1495a4ea348aa3c785b8e5,1,0.8928894996689496,0.1071105003310504
21782,740063873175d79f77386d5f73d8801fd93765d9f0eab53a160a3b0b7afe8f04e989a54a6a6e2b278e417a9e4d6f48ef3ef48a2eed09b1b7d6511b9e565b680d,1,0.9420550765979615,0.057944923402038495
21787,b9390eb6b688cfec5886ef58d7a1e319ab777dbe80f33965b3757765acc649a5f15a1803e19e26b7f1e145fb8f0febf17a2b082c8d162a467ceaff730874bd27,0,0.7619276469322737,0.23807235306772634
21814,07777c71f38c9b66fa345fa2eb115db6adb6bee25a5be7512f910fe8ec38d6071768dc42fa144c782163634f5ec147474995811a2f389208016ee52fd37d674f,1,0.9035873840156561,0.09641261598434392
21851,2305bd194f68e2fe79e6edd36114f1854075bf63c0744b547a858c598bd6eb730fe8a75d4adf327a78a7db1de2573c681e352c3035d425ade68d51702e1620e9,1,0.8239109825513885,0.1760890174486115
21865,a0328cfc1088cf43e553f6617b14bd299efc7815cc90e868bed8086942536d955fca2acb61bb012fcfab4dbed69a457271a8d854424fbdb5e89b488bdf4f2790,1,0.9874607174878074,0.012539282512192607
21868,a8b82b869b2fdf40b65569ff7b74c73acacc7699ba3ef705dfc31efe15e8a96f430bdbd775b898c6b700e8fbb0a4e65079ce9cba9511f05520e668f30907bd91,1,0.6871164590032094,0.3128835409967906
21879,d606135828749da6a35ceb6371384cb7fac4b04245b0b395c70edefde30fea4d447a04d6bcaae0bc1380219583a02d502be66e9df9d2918a8e4383ec438d1546,1,0.8083589402328474,0.19164105976715262
21916,aad4cc6aeb8808df8257cdf0e7094875fcb85d820b536fcc0d93e95fc6151cdaa125d413de12244b713336a5e62ef131438c4d9f2307c860a9410f4d7006131c,1,0.9733685078421822,0.026631492157817793
21931,8a5d82ea3d4ebeb9b573e8e1ef5ab414e5d4d4814e393fb45e402765ea60c8da329b87568f2baf8084747c05661955b244f4cdc6245504db929f41258f85f623,1,0.946941015461186,0.05305898453881397
21967,d5463e28e40272e76b344be860f6bba9f5af06225fa0c5512bb31e074886f043a80a92dfc7763f469cc4cf64426ef7253a55da075a2c5d4302a28a56418a425d,1,0.7287702620746654,0.27122973792533456
21972,e1d60cd6aa2bec068d8c1013ebca0b941b2c25eb38c15181198b23d56d445dbb1095629b8e7dd378c7e8021344c385b5a7152ca70c9d4f430240d27658a9678d,0,0.2693971764623961,0.7306028235376039
21979,d1ddbaba229a84be610cf61e0e71bdf4e6918577aa605a54cf3394b83124fd65041f10385070f7d5bc732e76e32112ce7be3d95877aedb51e870f390520d12a8,1,0.9460631272109186,0.053936872789081436
21988,70f83d62ccd51c98b784f429c27b0d6421045702c0f2dc3f91eb30d3bbbc959be78377f363ce43171862f7e842d04ea9a19b6c1bec10e6347e481d3988b61d82,1,0.7356636268411615,0.2643363731588385
21992,6e0f6d87716952a045c9e072e82f54ca85aa87f93417a6d1021a68ca8364f9933ca3501b15087ca7e8b07beb196e2ad03e2a34271279a433e7c53a9a031ad502,1,0.9264038912315316,0.07359610876846845
22004,4fcf007c67ec141bed993b3124591a44c0f7910936516c525e6496e10bb384ddb269eec01d2a1a496bb62711f049f0202b28fa19c14aa2fa9c14b24a716b037b,1,0.5784538159186714,0.4215461840813286
22024,2c24c08fbc521300a8eba786a18c81859a23f45daea9ff16ec62d7d947ee2d65301b1658d530e763cbfc695d7d8fd614559231fcb0cf5e576b57c29577380b0a,1,0.678318507283103,0.32168149271689706
22027,6b6f4964417657a7075397f841cdfd9fa145435dd43974b741d4e59fbd1ffde0ff55d5ca1798e4ef3acb039bea70d88fcc769d627c3597be7a34d123ce23b88f,1,0.8895227152962811,0.11047728470371887
22033,8a9f143f57885dec49aff7ab175ac836453499b2fa7831235053f3f32db7e6e2bc2edbb75c8c1a9e0c9fd8709419a467426e9f58bbaa551b01005cdbe307d50a,0,0.3000868141624753,0.6999131858375247
22034,e92816d7a391c33a51a7da089fc4fbb3ea9360ccd9bf61d4ba1df029dc6d00dbe8b56121bbb7e071a90753aff25ee9fe6f8ee8aca58fd7bf8a51ffa1fd1a42b3,0,0.25493236268517855,0.7450676373148215
22041,1cc552daec3d825284da15853f7fc0b83de3d1b9e9b41635aa213ef815209b50fe24365dab2cbb7299c6d758ea6f73706bed91da8c5b2384da6c6ac92e2ca0e9,0,0.2708649240940771,0.729135075905923
22047,9c7c696ea0e4211f135a3213479fd3820a805ac97937c88480746792fe357509a0fa78450ccaa59699eda1c21e479f0b49072c8cf4b59a3ec9a8f71c6ad31139,1,0.9914717066359462,0.008528293364053807
22074,1f259b8a7d77ad67ffc6e3f61d8af4b6ebb02dac1cf8fac69fb73877d29940a01eccbd5c4ea8991a3ce4eca62921d95106005399fcc5ce51ca179a61eb31b51f,0,0.17903154339751212,0.8209684566024879
22092,d40a0ab2489f5fc21a4fd682944c001407cce6999549d1207e78f5f64135a1bca3f0155a9060529fde424d405496f40043786f7a19bed9fb6fe8c484bf5941a8,1,0.9690428217719826,0.030957178228017357
22094,68e027af87e89688e01729fa5bb19ef0a595297ab9c802fa4c50039ae939b64a1a3e80a58c596d954b78924622614da2cd9f1f6b03986cd819ec981fc2e8a887,1,0.9101011214689293,0.0898988785310707
22096,dc08cb55bccc339ede73f33754db8b909cd4bbcc70625655c6a5d9fe5d708aad991c7fbab1ab3d4a2487d00d8628ac3a348adb401e511d51676451692d8fbe69,1,0.9455711840164011,0.054428815983598944
22109,3051ffd46e3caa17db861abd5e1c9975dba7235dd7c7a60b4db09e6e9c1c5ab9503555d3a3ee9895f127eaef849df71a6c425044b8915954f6fa9c2762923c8d,0,0.5032835615678448,0.4967164384321552
22113,bfbc2818c70d4150318030208f10f625b0ef586129fba66af7bbbdf05e3c8e7d01d7202d3f4beb60e025fc1da6e3dd2e0dc5f226436d36fec2d58879e2ea281b,1,0.5444820167241403,0.4555179832758597
22114,4e29d794ad765817bce75376c323c223d07b0a8f5aec7e50420d38b8f4e0c8e1e90fd399b77671adfee630ed5384e27ee49b476cdf87e8bfd83a424a83364ac3,0,0.5317672358903089,0.46823276410969106
22117,2eb9bcdee0c727a138c5f51d0a02b11e5e41190b6643db28cdf23c01a6321996a5b8bfea3044c64c95853bacd6444c003a2a2122a704e3a9f67f31d6bfb9aaff,1,0.8981880844156003,0.10181191558439973
22139,79e1bb85226ac7c32db8573bc88b08180b383280b68df603bb3e2ec1bb64ce378798eb8eb3c35289dc9bec04ccc8006b6cbe023ea717b23f7b3c815fe9315490,1,0.32206458796326864,0.6779354120367314
22155,53a9995548fc4ca5f8fb9d3946a4ac33559b6a1a53cc855e2fe0f8645a5e82a503bfcf18e444e0d1c9a79ef8ecc1b084d5426aa0e1a1482e3895e57a4a6d6a78,0,0.8363492708179486,0.16365072918205137
22176,0a51cbeb31a70e2f0bea73e65944281524ab3f6ab66fcf1333394e95abff8d8122d47fe26739e935bd6457e179c715d932bc4da3ad2b0b9504a79dc135095dc5,1,0.7202119201682047,0.2797880798317953
22192,1881a3ad1d280d84a442c8897ba65ed120437cd895864ce3c181bfbfa1f6f54f780a7595be595e448ac5a0a19dc244f4998976323fae49bf6785c1f06327a2dc,1,0.8760374273211733,0.12396257267882671
22203,139d9e0411cfc49305f946f8c7795cc56427c2275819400b728a65ae7c584f6d27ce0a01efc1484c6906eaa1b27402e46428cdac2f1862060ed1b416dc77a151,0,0.25700426503553553,0.7429957349644645
22218,dad66edd329546956e4b0ff38828e01c15888788435430c8adabdce13c7f972c870c966be49c8a065f2bcede0c192fcde6fa427b8e05dc965d375c0ed9657f3d,1,0.9469572954220951,0.05304270457790494
22221,99499cdd6238861595ecd4252f0b5ae261e9ae62f988bbd0f34053e834d77e0b32504f7f106491f18bba9afa2c8f690e7ee073e449ef4513dc3f5a66e3742414,1,0.7781427342834941,0.22185726571650588
22229,15ed04c344a03ca932381904a135e3925e36d54623c3e183d57f6a39a020e247e31503f4181422d125dcc7de9ed8f26bf75b49b4c7e8765ee7fe81e696e7a36c,0,0.5924886408985843,0.40751135910141567
22236,b983a276d7b63b37cd079d128e9611c9e61db6b75a01626e97b1f1691e6796e00c4c64f3c698a47124dacff44917e9aeb6b8644049d38fc920f84485ea1cc1dc,1,0.9899325222528399,0.010067477747160103
22265,4150150d32c661613fb0fd06bf5452bb30aea4aa09050c20858a4a6a10463056e0879c57944db41a39fc3370f4932b2abe5e033c9fa9ef27942ad3bef46b398b,0,0.44905411460768035,0.5509458853923197
22280,ff981dc4c4d9576b83a57c6b898826e91864035ce6dba72bcf4a8265583a47d20a0f5bd8dc3bce642207233c6dc7e222382d3996f8f629c0f0e85bab44f39487,0,0.21593115141740038,0.7840688485825996
22283,44b60403decb1e35fa7b3d377803fd912bfda1a3aa476f9ab6cd1aa1f2f244abb36af480a5184fb3edaa26a0255536948e3474dd8bbd4a5755afaa437c24de14,1,0.7874386252104391,0.21256137478956094
22299,2bb9f9c8ebb7ef168135677876fe4241ee5226e3831d43cebedb85ec4224599630ecb8589cded3b7d0a4bf4a8283044723d6bfea86df9901f3a6c9863aa17676,1,0.9325254799604559,0.06747452003954413
22308,f70220c5f5aeaca040adce5409d2b63a185efc6ccfdfd11a079613cc50c3e0d03d901d55df348524810f1614d6e89728ee7339d75910921ebd07b8688f7447e2,0,0.8100033173123189,0.1899966826876811
22314,de7ad9b1978fc54fcd4a96d18b68a8a054990910ed4cbb026c7a3e93fae2e912b06e6c4607c2fc96392c8090a3a9599f67a591a8837388557b49577dd44f94b9,1,0.9668207074673114,0.03317929253268859
22324,c71250160d2438858f8c7a05c2b6db437738aa4d38f27c5c36b89fe5e38791469e514ef162b06777c340199d75581147dd231a72c1d604c6ed85cd9b90565926,0,0.8366249414559291,0.16337505854407086
22344,19319cb4b3e1391e60cf3d58b4772411a13921934619101edd30223e6c7c08addb255f06f0b5dce8c3692aab7a14db8eb9d076238c88e125fdda5f5bccfea1e3,1,0.9654493402280296,0.03455065977197036
22352,77797f95fc3e80909fbec50a4fdebc5502fccdab12fc70738a9effebb557956bdf80b51d6ec95564dd0f625f5c1322ae0d7844c480e431817ae88bef52048f01,1,0.9423632560926849,0.0576367439073151
22373,a930eb06fdb9baa9b009f235fe0c4f9d2ede5ee79695678f4da3f02975e2bc14af04092a1d60d4a1beaf7758c71de2e7181454a4205133b4fa216233faff1e72,1,0.8926798214891305,0.1073201785108695
22374,c155a9d7f861135d87b7cceb68ff1ccfa11ac77dffe133d6fc0ece49933ca91822694361330abef4cd4399f5e9ac950859e9cbfa784d3deb60a1f7ac110afdf7,1,0.6664974359153675,0.3335025640846325
22388,a3b13043e2f22f93b3f7d582622e5f04407e6e77bd3321ab4fd2ed790695054469e62ba2e422b8fddae8d3bcc5d46e76da91637a007a1eff0dc05764749ad46e,0,0.32611769354552356,0.6738823064544764
22391,dadfca64b05b44ad49e23028ce08d05b96c9e348f8588aee95197b8fe1be66da2e776661d37dfb134ba03e029d483f7097c084cd31f00adef0383a868a5b0264,1,0.9616500358683863,0.038349964131613734
22410,62404076e09be34e2b9508f2b4262f409fa6c20176b129a1ecb53f086b9c347e566020a8b5bc71f720e24d32e4e75174005c984833242f3b57086be1fbf7387d,1,0.3207776395134256,0.6792223604865744
22414,a9a2ad784279332d5c1f2dd893f3a3cd7bf1fc5c27b982e7c595b3d145c104e24da1e46f34456ea2abe934ca506f0aa131cd1e4f6ebd376f75d2cc325b47a99b,1,0.9755256300424393,0.024474369957560693
22435,17051a617ea98874edbf942d49ad9672dcd042fe2e1fe82ef9af22a4f00075540f78b3dd88903914eb0ac06f79a5a8aa1bc3f5d0908ec910de30430e7a764f4d,1,0.9774932081124619,0.022506791887538125
22441,1e1b65a8c0255173617d11805a6345dee367f93c88ea5c171d0142ca80a9843a0cede2c31d01f2d0b38f84d1ffae1cf4615c042c8ee20b7be66426fc3c93b874,0,0.4645489549221852,0.5354510450778148
22446,e1b0b0ddaf69e294d378ec545a4b46a79c627a98f2f79d5b83345d268069cc5e013afa77e8a9ab0fd362fbd437ff46b4265c52c86cda3ebd5c27329be0850dbd,0,0.2675157303410195,0.7324842696589805
22448,b746c56a3b4db0671a1878690ef59d34b821b8f6c29a4984483a9da425902c9411d7c381a2fe691f7bd62d63b241d7ca858f1d9f7822f17d247a4d29f8e0ccce,1,0.9682638945752818,0.031736105424718164
22456,38e27a68ebfec616fba7b8934c0116fbcb719388950569a804e3ef22a4cc8d5bde42d9b350c5f88afccfe35d64cfffe68ca6f72bf9790ebcea72d703307f5e53,1,0.8630220921473126,0.13697790785268738
22458,ab717f8d338fb2d01851f562d99d5e8e302922be767290ddf1e32ca4d4628dc2233953de5469786b0da2c959bde63b52be3b7c16e8b4f59930e1f0be0fef5a45,1,0.98037775586214,0.019622244137859957
22468,ab28c41ae08fe7555da81a2ad4c47436227fd6a9a8afc16bb8b37df3862114fe801b48e39754738ffcecf42e003d762b0e66fac1531460b3c413e43718b4f9a5,1,0.4742992876581471,0.5257007123418529
22479,2a764165f327fbe2896a6bb6f5c389fd8ccc8e9eea9a195cbe0c33c7b25d59536f6fcc0db67bf8e98759e9fdefcf241d13b0e36e4114663abc7f77e7843bbfb1,1,0.6873332445049087,0.31266675549509126
22486,557f5f79961a9550f3989f72b225c19bade55d0fda557eab6f22e49eb43ddaea827c91163e8c6532941da744070b8f098d323b919a0d71368eb39f68354a83e9,0,0.34155402749932195,0.658445972500678
22492,03f57f78d0ddd97568b31bdc2773a837945c457274a33442e80342677797715e0a71dbc0fd239528507775a7fba8bef163bcaf05b1b6a203a51e4df0522cf387,1,0.5924886408985843,0.40751135910141567
22494,720205a33fd6331de7fbcc99aa3bb7bdf668e2c8fd91d7a6ecd2b941fd1082d92f9352a66fcfb2c3d5a8987b213679ca77454da3e1581119f23a516db69f0d0b,0,0.7043844739287733,0.29561552607122665
22496,5bda3fb011b96775c7ead12075f36e56d4cf2a6d9ce91a08e66509e070c3d1e3b838b1ad4d20d7e03d48dd54351e0772fc2ca33ff74e2284373975f7a5c17f5f,1,0.9793570636625171,0.02064293633748293
22512,f1e65d942ba6638cbf90c6a7e932722c6c44c1249a2b6ad420048cee3ca64f5ecbac553fea9559ebe13b764ebf64e3164e5fddea89a06905d5e3ab05485d4657,1,0.9717744243347863,0.028225575665213665
22533,d1c98cf6eb9339276c5a30d257ef8ffd4179ce25d868e2b75fcffcf8977cd1ede72922e555e403c57b001de3bc31520c110d686d0de81e871d2ce5a8927dbcda,1,0.9592736904032464,0.04072630959675361
22540,1dfeb2024eaab447f690e99299a245780b5c1f31e1fc7462abbda0572c3a68d0a55142b0e72fdbc45a19fb342f1fa0536aeb7f1200e8d42765231dfb2bdf023f,1,0.9795633272720284,0.02043667272797156
22556,e705db724aff252fcc58372ccd8feaaac17b375cfa35012f9fba8106ec2e919208dc99b6cb078fdd5330d62067023c3fdff1991323dc6f2d399e6ecf6c6a3d65,0,0.25303084541371984,0.7469691545862802
22564,a1490b56d490f2262453d4bbf302ab10a5078c1dbe76deda1082f42d8ec2539b82a3a4841f1b0f8149ed2de0cc2d685df62995ec634a9bcb3ed3aceb8db1d4d6,1,0.8755273129784732,0.1244726870215268
22591,783728136a58ec3bebf8243e8d09dd67bdb763cafc687d9067424e762eeed6f63dbf8ba34f4c3a2652ec3509b66e89a5a1e01772af512fc91b5b3e96aaa740ef,1,0.7597498747651672,0.2402501252348328
22595,22f500247837b6251048b29f02fe0b4babc90427f7357e6fcec443bcc2268f2b2ad8babdf564e3e57188444ed212348a2b99b5e9f492f97704395fda1505b7eb,1,0.9786284964676931,0.02137150353230688
22605,14076b7a88170e7eab1cf670f4ca8fe7bfb3e2406e2a196387db837c06b4cfcb75b324beb4a4e84129dee263cd90ff58d0ec103adb8a0e3a97accf56227b887d,1,0.7225041832125269,0.27749581678747315
22609,32b0728467f15ce851932b1611b1c97943825547598aa902e3fe78ad7f0e4a8634a931f4dfe66c08db87e259af488999cd8891c12e75c1da1cd6b677a58bebdb,0,0.7233169319834062,0.2766830680165938
22616,5b367c5178fc6f819625645eff13787d34c61541ad7d3fb64e6b11c37c1ff4c10b40a1c32733bf65fae5559065fd3bb74ea3f55b4acc19bc90693f15f9c2c8ad,0,0.5626377362202492,0.43736226377975085
22620,16babdbb9f773a4202b6feceb7e950e4bd3d6853218ee64fba578a4c0410cf00ba3e6dcbbe4b65c94b82c2b2a9a452e51e69574b249277d2d947367125a14357,1,0.98413239746982,0.015867602530180047
22628,66a3c893a5aae8c619434624b4073f45486a2ebe14f1caefb4c4a07f309b880113103282dceb49fe46450d8d281a37ce9674d9186d432b804cdc874ab081820d,0,0.5270519951860717,0.4729480048139283
22637,57574cdbabbfdcd9eca1d105995259e95de88291ef173a12a311bd1c9b0abfd5c568e8124829400a5d2db5b47a3ec2fe4026ba6b300b71f2d494aaf15054075f,1,0.9587169196324414,0.04128308036755857
22641,80d320fc551c0b2dd200b1c6dff602d1be0807165399558f5b1919e9107211baa935b0724a2815a18b39efff76973fb4d5037a09b87e3a4e1fad09c4daa36302,1,0.663134046976595,0.33686595302340505
22645,fab97af08474e68b8e26f601d8d14c776f80228ce5943cc3c19e8871df5e1de2870312feba393fa5a1a3d103140580afbf4b22bc772cac40a68de5450c57fd6e,0,0.2826994861481299,0.7173005138518701
22655,f6acb3f6a6c4cb3b9074269177b63f49141b620d959b57438cc6fadd926a5dda44eebaf3fd68b58ccd4980a4295ac611178d9f5af9317976bac6273a5ff2d35a,0,0.480890581292141,0.519109418707859
22657,daccea5f5131d842ed3bda2517b062ca62649efc4e004b6b85e139c3920344ad241b90d49f08523a3cb8a15d5aefacf77fafb59f5eade15c6320561dadbe9631,1,0.9699123869631814,0.030087613036818617
22666,491ed40da32146987ac893f899e6b8aceff48b5b1ab00fb02ad3f908883c02789d5c74154925afcf3887f6c82eea72a435a207488273d7b72e30e44d5363e729,1,0.9461129205027856,0.053887079497214385
22677,1720e9f0692f73332a5fd5b904b12b71b1678aaa3c0dd265f59d829a366734d0ed12f1ff785f043cb45b5f272af19583d92339efbc831300c9ed36a27bde2be7,1,0.3741267332141047,0.6258732667858953
22678,8d51dec28254b4fc9d9e186c1e537e50132dfe09f993a72b237ffdc9c8b6007e7829591626ca14730fa1f297b80f24d2c4d9cf771c535ed71f56f9d0ebf263c4,1,0.8995080152397212,0.10049198476027876
22681,c3dfc104eac74638a61b58278abb267f85e464583dae5bc0ed3ff4db7d6783db2137f4f04ea16b2c974ad92fd739dde7d5c35689dbd8f2e0e950b8d20b25660c,1,0.7548227653343633,0.24517723466563668
22689,a2ecd3419a8015f800edb9eaf4b0be86f8b988d42ccb54703350d524718ed68e3b43d00a08c114073ec9d3749f31aa9dcf0d3a0145dd1d563d8753899cab60a0,0,0.3196865049065934,0.6803134950934067
22690,6549cb7503ef3c7edaf18f0ecede0daef5e88099ef537427debf9613d0c069a6b9f63a505477eb4b4c878efe01e1c7c182c965617bf060d3c7072fcd4eda1384,1,0.9114628801208915,0.0885371198791085
22693,428afdc186908e633940c1fdf97284514bea22e4c2a38410cb47d47ddaf0d8aeef2c6893acdb61475df1c9797b957135d77c3726e6866d2ff238f8c3e7ade3be,1,0.8513318157984054,0.14866818420159456
22698,95349e59e3609886172999a57b6336ac116d3c6d1455fb0aaca9e96f1233f614f0deff860617d7e3168fbabb0b32dacd8338663238ea6a71bb252f3d7ba93da2,1,0.7043844739287733,0.29561552607122665
22712,9badf0f340bbbfde29f222ebce6d103f9e0a9042dfe996f3c86f3b3953d3c3d16296f601538783aa92a874ce8de7dbb94d53c779a301ef5040dc522b61e91938,0,0.6629473715806761,0.33705262841932393
22714,078bbb4f836984eb505d9a5d4ab058030d4e545000bc298d72e3615f24a51692d7277abe667857581b283d63c4ee818f3c798110e2fb06f3a295d8e655817167,0,0.23180911018274322,0.7681908898172568
22724,ea5c3e187f545893e0f05c6faa0cb85f283704a162f8481ec81aa4f519227dac1397cd02afb7d5f3a51e246133cc09cc7b00f018981f5bc4f65c600c6837a574,1,0.9679366395985358,0.03206336040146418
22734,f24c2913b520f5332e1a11a8d427af3dd2b413c67241af200a94cb002d11b88fc7b129cfe75b8d44fdd64121b02d2efedb697701bf34524f6a41471ca9edadf7,0,0.5440953431723606,0.45590465682763937
22740,1ea8b40057d18f0175684a2c47cc8de98b577e160f85f7f30887f3cfbe978a3c87331ff76b5c4c5dff4502836fa1c5cda730d68225fa74f241ca1b2c8a98c152,1,0.9838463619227023,0.01615363807729775
22743,055b08e3c64539f21b238e1cdf6c3620ef2af6ab4306886a760e381c2f24ffa45e90f2c770aeee1022147cde86bad75a31611695746f224dfb87c0fa6bb81ef3,0,0.1313080501463532,0.8686919498536468
22749,0c37ca3d6e78faaa70a2e6305f3a3ea3abf4ae15b5ecd853c25128ebbd21376b46c0500eb63751c02ccea4474aab103e2dc2bbb0ba44683ea4af4a094edb0cee,0,0.538816514768551,0.46118348523144903
22763,333857a4dfd50653e3a92a7d9373afcfb1e552765db042adbacd988d6e2c6e60b0078c094a57dfca380318f9936f533de44f88cc376aa5cb05bdd19a6ce39766,1,0.7297887561993388,0.2702112438006612
22775,c377baf5482343a9f1846763fd0e931e1ab2213970ef3f6949999b0b98bfb6407833590ca680842318e6febd86f0118572c42fdf2fd52b48a61c573f872d2115,0,0.4268780195981682,0.5731219804018318
22788,e0e06a77a800539ad23bdddaa4cfe20c722f916b8cda7e83803a9f156b175f7f951f3095d206bcedb6f25b30cb7c6415d9bdd0df4c81f45beca8401e7072b6f8,1,0.9781422171905524,0.021857782809447612
22796,4c5c7c826c416f3de897ea5764eba63bb0370bb24f6de3f754fa8fb41a11e0c52b20562d36cd1a2b92f59487d9f49ab4c35bf79f0475aa7e7ac4d1c2b586fc41,1,0.9430552036596033,0.05694479634039673
22802,4efeabb1da319104d2d88fcb77d5cfede19cc354847cdd9191405eae982bd8a65136e0d3ee87f4d28ebe9510fb6ee104458dd6a447402d03459adadf7b1c66ec,1,0.9442604626001123,0.055739537399887684
22814,8e7e535d26cec75206c929b4f38b8ce6cb55f729f8639c23ccc5e0b976f4a4391065f50b2f39acff48c71f45717e21a55a957f23cf298eefd5b428adf02736d2,0,0.3465504245397135,0.6534495754602865
22883,b18bc871456bd82941be27ef1e8031758f5e7c647fa2c8da0bba39e36aff041f47d15b8cad16e0a646dab528b92e4d3a0bb081da9626109d0438d082db103309,1,0.7106746446938887,0.28932535530611125
22896,7b95193621c8b6e22b5865779750c9005ff8b0a432624fbdc901bdacb3f0d28505b5b0e1d8cacf7e1586146d0ef2b5515d72aa8987e152c705bcff5250a59983,1,0.615098654205884,0.38490134579411595
22901,68a227edfeb485b01b43edaeb5dee3e068ec70654cb3b0b1e6f413be27aba3291ef92687401a8452728cd4f1195c05ec656c4309bcd4d8a928fa2efca90d846c,0,0.41907446083887545,0.5809255391611245
22907,0d3647d4925351d087408e50b34458e54b28de23f38d5e9c8f9adb736ef8315e7be42e9f5eabe5632130f6a130f6a68ecfa3978a88863b454f492071bfd983f3,0,0.36380589213630393,0.6361941078636961
22917,1597127776b00159717470e5a6304e9dbd4bb0b7fa8022a89f68ac87845d39893539132d676b45d5809d42dc1fa1fa1d23c91da53b973fd0ccd6cc19da740502,1,0.8580148861942551,0.14198511380574486
22923,8981d46cbcc2e00540cb290d4caf89cda755182f168576fbde5b6649d3df6570aa0b3ec920d53e10163f2dd8b33c23645c5eca84018aa17115364639470b3c77,0,0.31396617806512417,0.6860338219348758
22927,305edb31ab0dbaff7942b1b9032e1b3c5bccb255ee9e25af78d93c2c6fe1b8c93b434920d8e11bdcf65cc451f91f917ed58b9328a03fec97233a6ee20dabc3cf,1,0.8870468783239776,0.11295312167602245
22932,52fa91e81ab6f5c5e4863c591213be338377593da7521120d295147848ef3b76fba9723877db71bcbd35c925225e3c771bcd372c6f9559e2e563ed053960b410,0,0.266960398346801,0.733039601653199
22956,e9b2f97942e1aa2847dd57c722311fa4269f846b5c5b39985c85b79b82837ecd9f87c583235fa98d0ee98cbba94539024f55ba486c30e24e59776ef7b0aacdfe,1,0.5924886408985843,0.40751135910141567
22997,ea69212fdb12889e80bb9db7b2a7a2ee09d4723b6d5f371abde089d760e436afd89fd76c82d186d92c6206772dd59a7e87b3937147553f131e1f5b8e19af4856,1,0.9640123472216208,0.03598765277837923
23007,d1c41070979b148385f1c658b273620600a1d004519f8023dc347ff4e35e9792076673b5cb650ac10c9fc6a360343f161c05a3bf6ea66e465aa37cd3fc193ea7,1,0.9271876902907712,0.0728123097092288
23037,2d0af57939530a1b1d947e6c0bc70c6993bf8e68544e16efb715095453a06eedef2b5889b7a83c47a49d9566c896b36a8d0db3aeafc3b53ffd0bb82aca215933,0,0.24777590492861115,0.7522240950713889
23068,c30e2ac3b29f4d7e15f8a5e79337e380fab9af18e764fc5ed7672e787dd0a2cfe89f8cbb666e41cf9c1b6f90ca1870d935b06ac9c1d8d3f49aab458f58c0e412,0,0.29903124024526184,0.7009687597547382
23080,9f10a66a2a7d10e4497330360779c47a279db0348b506a3623f2bc2eb5f83b30ad5932d217a729020242ae6a13e5bed57ed9f5676d8946be0134aefcbac91aa2,1,0.7776503518521821,0.22234964814781788
23082,d6c8351841892e4555e2c710cb2240c84000bcab274d51cb4c0be0437804650221dd77cfa68a0a5dfcd589e2a17ec0396682913cfc8913984be98c30580dab94,1,0.7396096865419821,0.2603903134580179
23083,2fcf2718e3f6f1b116f2128ac2a26ade3d6c7b092c10bbffbfaedb7f521a9f448598f7e7f0af7052986b5ff08e786e2a58a439cf24e3047ae7a0215eeba54427,0,0.580753818758591,0.419246181241409
23085,0d5102eca70a90a055740131e8718bbc6a6c5ebf258618bb8c9f829c80e34b126ebfbd0a3536e88bff47fd3c1ded4b50e4d02768e19bc954b59086dca839b4e3,1,0.9675851752804456,0.03241482471955437
23102,a30a9d41318c4a6392b86c23de49a01856d3785b719fb5fdeccfa7fddf2de504cd95bfe88e4e8f137e8ac4fbe466332beb04c3cd49adb79dc04c96eeba15483d,1,0.8925195913535451,0.10748040864645492
23110,5ef70e32a78be56355d5f09bed3c961bde4715c54c3d225055d30db457fdfc628e8e9cc3eb7327f0a7776e23c9627bb5cc04d2e9a1a1c79079f7a4b69b6da7d1,1,0.9558663211804463,0.04413367881955366
23118,a00e1924c9e142c63527b4c9c1fe9d364150da778e39355787af85acc8cb18b90bd8832270cef4a29d49db1993617e6470a51807e6bce41f19fb7bfa549c4080,1,0.7230029946419159,0.27699700535808414
23140,116479c3e8fee05aab6d2662e598270e0e39ba1fa69a652b96fdb467fbab733a89f82ea35658eaf27e22fb9587bc8b616acf6a6b544367418d44b26187ef5644,1,0.7609422872038222,0.23905771279617782
23145,3caac2bff21cc1572efd5e51bdc6b50b088160cf3a9508f5d0e079055e7cb723cd36d845842099ed5237bf77846d28a5d1c738e2c572ee87018ecaa26016cb39,0,0.297583765814412,0.702416234185588
23161,3c0f399e4f195371c96f38467e2a8629c2cf9cd7107020885bb296607f7a33fe4ce731fbe2e670fc74f7eafec7e9adc50342322d8833cf818115f91f62d6a998,1,0.993884384151567,0.006115615848433009
23167,8251b5eb9fc1ff7d808c5187aa571a04806e856d2d180f7a629434a5b8c83081845ff370a94cc33b884a2ac36cfbc86e0df44956e6a5dce4fe59691844c4a413,1,0.9708583158645272,0.0291416841354728
23231,acf0ef96b007e344095a3af9b357390124298b378cc06fe90fa675d68587386719ce1625494d64c7fe9e76162965e7e7d1daca7a90c92e921b5d27e057e3e955,0,0.3488465752195622,0.6511534247804378
23237,d0fc9955e0c32e654afcfdd4334466dbc168c41623093f4aed5ae8ecbbb722a843b68d19d46b76a0ee891bd6648bbdff9e67560cb0607f4472bd586df320a8ad,1,0.8788702903368166,0.12112970966318337
23247,80f5a947c2f4e9a194e4735e1430616320ae6c95144022be87dd1f08d4c3b8ded3ce0567c1430810a77c2d1aaf95420dd007c42f2ec104dab7a30efe8ad8d5aa,1,0.27443096675922457,0.7255690332407754
23255,34e6e4ebb32ec72693f1baee78613df17327c17eefaaf9e70ef85b4d2dbf6247b80d5fdfb3f812f62564326cc438f333b0773d4bb943a771495fa3c0c5311251,0,0.705663347741217,0.294336652258783
23260,a40840322c4c25028d6a6d90b3418e993e3cdd1496e5bec857004a7713b52b798e93e7ed8a21e67d2384292b10295c7dd116036f330a81e429c934402be24c60,1,0.5170180658549188,0.48298193414508117
23305,eb3aa3bca8b40aa73c18e341e5b82ff469dc57fa8f3ecd3399efe9426c039efc3e05597f9b0c6007eae0fd43fb00657094e387ae6e775a1ff442afddd6b03b41,1,0.31550642507124393,0.6844935749287561
23316,f7460b48bf7c0629491400f97b3438de8e8b54fc49c3f24563ac2deee03588a1629a08df968f5015e271f23ed16584eeb37d9215b15fccc2634f4d6470af826e,1,0.8459530487399795,0.15404695126002055
23339,2ce576cef9d53d8cb4e9379ca7bcecedc330a987ce53509779825c7d7cee5d26f5618d9b1dbdde44d1c2a48bdad9d845a17d080d01a3b7036216f5da021dde83,1,0.9870190904715039,0.012980909528496065
23353,ff41f26ddf42991fea961e98be3c734cc728d1478fb2839f24602a8d13d039660113c5cb560a711e6acb1c982a9f470502911f4450bb0a284fee183c1b539e48,1,0.5895163587015748,0.4104836412984252
23359,69529929be1755707b862c3e6bb33338e151c5fa918af434f41cd7bd7de698b89db8c5c82526ee2fa8e6f1241ff949fdf4f5708aca94d5dd9b3da9a216d49093,1,0.7517525226748643,0.24824747732513575
23362,5e6a94fd079f3316228515ed5d33af52c99e94ad716ddb8f78f9c9fa1f2775d2096ff60622140f7c02761a0883f4d2a1b162288ef315036cde0740953962663b,1,0.8579096156813207,0.14209038431867926
23364,263b6ddbc8a7497fd755ac99766b845e8726888e0935ca5c230a05d1869f02b83f3b9398a07d4cc910fcf87eebb995e8fd85393db0a3e4d70891e43fbd52a12c,1,0.7045642189915553,0.2954357810084447
23371,8bc7e2a75c1472ff3a77b856f1eaeace74d17f9703488461419460182cbcacb0a3d1b01a68331184780f9c0aaab864f31676e1e0061b61a5e51a9b80cc7ae85d,1,0.5738212935439988,0.4261787064560012
23382,af4791c24e5b8a8d3fbbe41cda5bdb6929e33d66ce56385cc337e84b4782c5943d21487d86a482425f7c254f150e48aec8ce4418c2abb384d1d0a5feef936656,0,0.749511070027868,0.250488929972132
23388,42dfac238ece63dff3a413653f052e5d9ff64ba96e4a37349d33f61055c2957ef22667283362a5b7244fd46237479dd002a95146335c9c5bac271d43ee49ef22,0,0.283120642261325,0.716879357738675
23398,c3af51542c2afca28f0bde35d5aa4cb60841b967de5ba10de7055054df11ba1d6e98e313b8d0ddb68bb2d3edd337aa68c984676af6ef5764c7725ba925db8aaa,0,0.5735920336120732,0.4264079663879268
23412,2d82285c94da8b81d85878612c89c6fa34842932bb3c3f793f779aee289b30d0ca983e893c4d847b8453a620dd6447047d8bae29891ac9e4b4abb5f585c6cba2,1,0.8916181148722186,0.10838188512778135
23416,c9fc4e9f77744a49d6350c50366b6ba2bcebb23d65e6a5247b29e4c17eaf84d9d6c55716c88af46922a7d9cfe5a28401f51f97f6c92e4b7e9b653c89ae6a49dc,1,0.829608590824046,0.17039140917595397
23435,1343120340e2afd4caacbcdf709259b9d4fcecad07e792d4a5a5ea7f2a5bfbeef110e7fb5c1c0ae5defee73b33dbe6b3257841f52d54e6a35dddb53d6bcc0aba,1,0.8422357716944713,0.15776422830552872
23437,7cfe5cd407ae9a78a22fc94cdcbc9d8b1dfe7f8f6489a8469d647fd576ebdddefd8ab568d5d2f748e273ebc49a9dcbd67e616e6ff3dc3f6421ca17f731078740,1,0.8748536846284998,0.12514631537150023
23464,88883fd9f33173dcdf41fba704c0d146e731d888c7f27abef92d01b76e9f57f01f53707a299d39cfd247dc6f9cf267714bbae5e5021d0d8a1b1d8f8c3195bc60,1,0.6342172388165472,0.36578276118345276
23467,b63f69630b6a07481781118b933a9d5e417cde5b87dec1ca0aaf81ce4cdd4cd65cbd23f021fcde5d05831da3576c16f3ceed42511a07712e2e78624d983d73ac,1,0.982049085492831,0.017950914507169013
23471,45e4b7932d98953e11aa7fd4efaf975567816046554d129e1df0ccd38b7bcdd7e46e88be73601e45fc30ef9d61dda5dc2027cb87b1cfd54c92d36206b2323358,1,0.9343841024747189,0.06561589752528107
23474,eb056da7b3c5b6377c27d0ab90a13e67c133779285dcd120e61d81d37ab826713980c018d9f933e98e642db8ace53ddb1cbb4bef267697cf8d2fd6d5a9e9393f,1,0.9785995420124686,0.02140045798753143
23491,1a53e29ca97dac21829612d5b76aa90da34bd1d8459c171852f42aed0f7f0c9730bc411be6981bf4447ac08c8d56eb06acbd4608e6e653cf7a03b79980a51dec,1,0.959934255443498,0.040065744556502025
23503,576ad3878960b5926622a06400f22415cba2b1453447b723107ced3183f33e5bcf7d77e1b0407bb05e565a15986ebe686a681e42e6cefa39c29b1bb6458f8522,0,0.14727519634320377,0.8527248036567963
23507,9df9aa4f72f0967dfca190871639a63442cc69a9d49403a1fc70254e07edfc33bbe963ccd6b95252bc5422050443689a4fdd0f3941b9dbfeeb4198529cbf85d8,1,0.9182650670922369,0.08173493290776312
23509,b05e2b5d4454780d0cdefa6bad7d25a9cdf5f4a1d2aa622c8f63af767eeae21743ecd4832298137b4ce62da8bbccd3cb966270a5f106fd716c27b75b063bbbc2,0,0.5458929483144364,0.45410705168556365
23510,ba94cd397dba7ba0495088ef9eb76e68309b9617d089690699b60be381181d5222c37294970bc203e70c59cbd0f6cd689b54ce4ab67cc023bf56893c9fa0e045,1,0.7373316779227133,0.26266832207728674
23520,205ec1117eca613d6db77c7bfd01f677a5036d95f81717331fa7959b7515360277ed92e9930b7e06c17ab6210bbabcfd0153d9e243ba315ecfad324f2f5ed808,1,0.49618483909119454,0.5038151609088055
23523,3ebce2bd9d4b134fc70109addad4daa83b16da19fe19afbf0bc1f291f399ad93b01e32d99f28c6880049f92be022310a509b71d2e97430f36c63f77413fc1b50,1,0.9566813869840298,0.043318613015970175
23534,572b30c093cd3f2ab302253479022478fc439f29965ddf6c0128190c41893cbf2ca0bf306ec7dae1a170323eac662182e918ee9aa751efea13a24aa73db0d83b,1,0.44886835038684564,0.5511316496131544
23553,98816a8cb30a56001f5b2fc353c204fd64e2d0d55d4ecf55ffa33d008d1ca9d629b67a0f62a7730f38eb1206a015c0e733f52b25b4f1a0415f87f16bb8fd7b8c,1,0.9696131542901362,0.03038684570986383
23562,0526b10b74827f72cd93a4acbc6bc9c28c135c37c107648270701701c370df7777d17c7e0c6edac7a6a8e32f4eaeaf33dfa1d9cb349f3b47c5eb304ac537f7f7,0,0.907269109060472,0.09273089093952802
23567,cd2c0e2ee20594d2882e159d5088f5f9e494d47155d0594927ad9946cca81948a668d8b6c262d9afcabbca7f9b530cc78f6637d80c3e9da0e788100bbf025e83,1,0.5686262452201732,0.43137375477982676
23574,e67c006ae90cb71b3073e4c35bd969c883c498c182b445d05348aeafcd9b3334615122e58925e083be09883fec95502d9204084af12570cb66c93d7da2a785c7,1,0.7770460730956684,0.22295392690433158
23579,0bdc06dcb10b3ce8e58493e08d907d88311ed21b351572d838b39b8d4c78c99f829f9b09a32907bc4e19540ddc8b15eabc386d68bf966606db79faa65ab3c32e,0,0.2909325821050436,0.7090674178949564
23581,98e06eed8592290d68f6f97d9d399f72752760cec22c8c30a9b3dd9941e6d398df8f5eec2accfb1e3ce5a3a36e01f09c9a74c17523c62d8ade705836dced363c,1,0.38499056669052256,0.6150094333094774
23602,0de542c57e19d3b6a7627dca1bff1dfca772ee8b8fbffe3d3386279e5ab93baf6d0326021009b02eac9c10e108b3fe9b8ba205bbd5b808fb1757e88be5967d73,1,0.8850314634130612,0.11496853658693884
23603,192f36c490be4ffbac71edb42598d6983183de4444097026ec71961bfe269d81fc48ba187b3a41c4fe3af38bb8cb9a6b5668d7a937343ffc6995fc838e6965eb,1,0.8381739976939473,0.1618260023060527
23605,e7c647bf44091a3b2487e17c1f7c1f618f61d3d6cf327af368fee7aa05677a6c9c7391924cb7bc6a8062c0424119351656656af501b077837c0a81f3470e502d,0,0.4376619777949403,0.5623380222050597
23611,d0aa3cc88f1e87dceef4623c76873cf11b06d0e479350c2b53e80bc1d29de224f1b4cd12937487650313aa3bb801b094b19b6b2d81a414f0288d5d9f220b4b57,1,0.9489493694037873,0.05105063059621273
23617,87e53e749a30bd2c97ce09263c4ddad9287205669eaad46a065638f5e50c8751090e929cc0383eceb95bda213c9483afa88bcee633ca4d9ffa1dba114ae3e9a4,1,0.9631099734133178,0.03689002658668217
23626,8cac41f40bcfeac963141babae9f23b020610044c8a63cbff6d89a6e3f4f7d4d2ef3edb7dcbcf4f13de8297914004d4dec7ac4b8fdee481651174e35a5736e97,1,0.92051408235303,0.07948591764697
23642,ec0a7ea4ff746c4b446efaf9607339c957e28480e5ccd2c19952cea1233a3ebbd8addebbe52537f80fd83f618fb19e977f698ea684048692d1a42804ed12b563,0,0.6258933207229264,0.37410667927707364
23652,b140acd35343f981ac487538fc07d3022b2bbac793b2650205a4055f089459567249fe140bc4a61273a1ec0d36412dc563ca7af0a52deacc6a3b7e32cab0da4c,1,0.9405697685040728,0.05943023149592719
23657,afcf5364caf27a714536b0db9648451f7769a1e1db32a716900916f37afea824aecd3ea01a154386550b0f43988a6c72bb740a362428622f67e313663a131909,1,0.9485241258262234,0.05147587417377664
23659,d8f84f4bb33174d8c4aaac0a26717640623fcbd572a48920b11af1780cd971397594a5a78fde15c516d008b08ff2449574f2706f04ce2d6e6a404eaa584b1ebf,0,0.34503509254821996,0.65496490745178
23668,3a37c47150a3acda74629a97993f8011bf06a6a5f61cfd378abd812f8c822657c8cdd4d707828dd356b48fbf46b913b1a1beaae3a18deca50afa05ab56a5422a,1,0.6310382782395899,0.3689617217604101
23681,03c94757f792db986b04acf09a7ec2ef92aa78e97f77cd1b2ea297f2f2a0ca4cb9ce8b862d2e27a1d9e5c9e9f2feb93aeb8f95d661e1906648fe7971de0ab691,0,0.3505239237540539,0.6494760762459462
23687,dd1c660b5133438060911ffeb834be61c78e31b7f179d483826e19ae9d40b3e7c4ff3c2e07c785ac396e4937dc6b02c47e3fc6ca31ae0cebc95c5f22f2a1d1aa,1,0.9684586753010712,0.031541324698928785
23690,222fe53ec3f9ba607870037e3e102b5d334cce9a123ac536356617be082a4252e9376fa48f71bab2282db83d620a8bb8b13cced5a891bb14399d0ed721a5e0c0,1,0.8245433915890604,0.17545660841093957
23693,4c421850071477c4c6819cf0e430ba92bc452d9897fbbda8f4ae2cbb9626e60db2317a9d8a60cbcf48d2b8e175d6366fcd5dcf09a94401c70fed20affa988cee,0,0.4560906568886914,0.5439093431113087
23699,a8b4782e55dea045c3ad129bf07e2b4fe73f995941ce410f6cd4c8b412703fde72ed1e1847d5cab7eb6bf54325f5c7701920027a55c0c5113e712d43b883fccf,1,0.9100783053277688,0.08992169467223121
23701,3a9bc09a25e9da169ef2368e398ebac9929642ccae797de6a64cd914d5c31d300ed4182bb2b66c0f61ded63e8c48ab175622a3953a49ce6efd4da8e928f7aa8d,1,0.9562719040786524,0.04372809592134763
23706,23a92ab29336558cade2fac5071da545c249624be457284fef0af36f17d2eca23342c34470474a90702a583a5e94dd8551061ccdfdec0cfbed96ba5515790223,1,0.4590771427992852,0.5409228572007148
23709,da066e4bb22a8599b24ecc6cf5f7199094987a73f2b5d2fd56ca138139266fd5a85204534d6ed7f76df74108399059703abc80d0b1c28e681e290ea3933ab733,1,0.8753749391335438,0.1246250608664562
23735,5dde49c15cf0e36f9622cd32b57555c610dc968bb6d15ceb8cb8f9b07985a0e48ba45f6b8d5ab45b80c84a231157a9155704721102d36ece351507ecf6602b18,0,0.21087966352549145,0.7891203364745085
23742,5c7f04a8659fff13b46f4c6f58d542809ecc0d93761fab20f40a9281460870022d4ff169daafa8b054972c79328ea97c915ef87339e23f288fb9052a4d701b30,1,0.9495119148757912,0.05048808512420877
23762,d5f08a2d3c0ccba8df9b17c74b526e27b529780cd6add585542dad5b9f9a1ff33642d5965cd0622478c040c9fe74a18b4c9382e08927c4382b62cb6ad571f2ff,0,0.3667882382363165,0.6332117617636834
23774,acbc49376f281686ecb8eab7c402c6a85d1c18957e18861f902d47a83fa47fda2b9fdd6ad523182949d64f82a6e00c6fc674b1f8b6fdf55dab0429d124109024,1,0.9560962262587076,0.043903773741292396
23789,75ef7cd95784a9947def37d514399f7dd2695ad47eccd3f438bd8023b67127ac9402c535ad41b14342dbdfd3b9c8f9c45a1831bbd0619b414a7dc69fc63d37f0,1,0.9127040171784307,0.08729598282156925
23791,926c954f6f27cece0e3fb589a7b8ea0aafb67e8b712d55ecae468e9aa80df5931db6ffad878a4d023cd2d150b4d56384adb2f06ac7b85c4e964412fe46ca4b8a,1,0.4647862264207248,0.5352137735792752
23804,80ff82b62e4c19fbbbb8d661f68501afd450f534ce3c7472c6b679c05f5402f32d6d299b5c9cbec2219f834d7218d541067266243a26b2f804f5e7b761ca1fb4,0,0.474486576127243,0.525513423872757
23808,6a51a39f348bf1b1f0b952403a27be6a7a11f423a2a340a1f0ceaaea717f257092c248668938714172ef447457677a7c39eadbbda222c3f8f478421468ad7580,1,0.9494021754955558,0.05059782450444417
23860,82b8ca013a01f99fff14d80ea3229fba0fe1d4eb2b6a6d2c6b7d5db981f039ceca8fd99304483355bb836b37f344765b7c86fed2e01d54bce5f0d890a3fe498a,1,0.7230307263754346,0.27696927362456536
23868,4cafe50120354a7b97def60d32a12f555e40a5555874f63cdce2fe056e25a084e625f5f25dc7ac046586edf684f768e4f022765cb6cbc47ec769a6209dfd4346,1,0.9879641405680066,0.012035859431993368
23874,66267bf559e0fef6772f3dfdcda3148e326d838f35cb43605cbb7a1ed53a96f9aec7884c5d5ef92073f56af75d362f9792b5bd0db91c12a56fcde96d652a9321,1,0.8689705415317875,0.13102945846821246
23890,d71c700b47b26d5747c305f329b6cda380b7852a6834feb55892288d25ea41677f058f3ad88f3d1f31d9e5f3b560ada47c540644f7dac4968f0239c4b7a8ac76,0,0.6765505932339296,0.32344940676607037
23894,c2dbaa1d620daa4a051ca8f2cc4397e9cfa06e7dc20ac2a59cb9f9cf94b50b6f57563eb85be922ca0521a5aaee32662e372e72d5c4a21de29136da5859bff8e4,0,0.5815486302796115,0.41845136972038854
23896,f3e30197311c85d6507bfdb37f5fa936cef74bc2a8b90261aa066114f555c4d531e0bd92b69e28e332b0494e7f10dafef3553ed4d5d2e4d4e567e671920563f5,1,0.9431911467500407,0.056808853249959324
23905,19741328af95c52c55cae2974f94e8cfed1c60e2d46cc1fb02e63eb8060f1a0ee9afa67ed7ad9f7752e94d10d42bda75f42d319cbc24a17aa7146c7a22c91692,1,0.7281511206127037,0.2718488793872963
23925,19d17daf409992c393f5cf7f8191eb5f59511c8dc7556febd5e77b43a972aa60f098520f9bc3ff153e8b7a338b28b7990054cf135fb5aeb0253bb7a4f684928b,1,0.5750765373100702,0.42492346268992975
23933,8cb3e4ca4102b0f70a01cb91f38cebe1cd940f0715aa311d78a69aa185c8c7e10ac2db06e07840423ccf4be7036a131549b29458b9b9659dcfedb7d523ce1782,0,0.22353944950722723,0.7764605504927727
23953,11565014d0f183fd328c382b7784ddefa7e72125eef21525fe57247d65265b91af60f279f53d113264f8157e48f0178c2e1141f62b66189b65ebde2fc80aa34a,1,0.9427394054747076,0.05726059452529242
23962,556a803b6283e5bb12fe8cfbe17b7f782fde468827b2895900d682158f6c2e54fd06d0ff35c923a18f21a291d8ae2e28a0c67d0e172e4bd3fee2bb31638d74c1,0,0.20628492630065,0.79371507369935
23975,24ed825920a5b76454648970b9429355e5228b1912009679c591686256d067eee7f33a678d15cc98c4bdc3bb15e5114b8bf4ec625f5012cefd1e56420ba8cbdc,1,0.9709494085523352,0.029050591447664753
23988,54cfba250cc20b16fa34a556a2224f01fe26f3228fb3705dbe71099394a03b1ae2c9893b97535e8758c65f7eedc01b76a5c7323d27e097f06ce8ca6f8f7596ff,1,0.9070394776602455,0.09296052233975449
24023,ddead79006a648e1153b0592bcf4191d614b98ee04f51fa392974b7666c06b613a9bb671319f488fac7246b68d23391ec52657dfbb12d569b92aa6f788871f3e,1,0.9755348432515573,0.02446515674844274
24027,b8f0cb2b9f4fd66ef1b4263f90fc467f74c07f10967b879d9b3267bdf6679149f271d7dd3f6f859c9c87af38f4938ada6c25d2c77f0e1b380828c0630d5d463e,0,0.1635130920405417,0.8364869079594583
24049,98bf6846f08c9863223563e3cf4111d21707c08e8347c925d4f677445ab77fa10b1b44e504904124630d2fd2e23a5e5c0f3a5469182478123f8e67ed204a90da,1,0.5775226763466662,0.4224773236533338
24059,9d5a7e502263007f2652cae408e3e9aeacc3a12b22ff62f808f212f9eeb98588a73062063e90e5d634204b18b85cd2e4cb27b52a9e611577dea1f997a3809984,1,0.9412643314329493,0.0587356685670507
24066,2806f4cfe6477c89cc693620d3e0622fb32f511f7069be58ee9801c8eb002fa14c19af42c9276169a273eb0718f1abe81b114361783fa84861e3b3dfc2b10507,0,0.3901461682508079,0.6098538317491922
24074,a30b3051a1f2b547ecb7d97b73936505cb5998e5d4c701fb5f92fa22db94ff8e9f5696dc885e0fe839fc126bb5413dbe4aa42526c5c92e5877d9be0a6a531d29,0,0.2546250526338981,0.7453749473661019
