dataset,feature_set,model_name,risk_decile,n,avg_risk_score,avg_proba_repurchase,actual_repurchase_rate,actual_churn_rate,churn_count,churn_capture_rate
overall,content_added,catboost,1,374,0.5714664514705904,0.42853354852940956,0.48128342245989303,0.5187165775401069,194,0.16006600660066006
overall,content_added,catboost,2,373,0.45297226315899003,0.5470277368410099,0.5201072386058981,0.47989276139410186,179,0.1476897689768977
overall,content_added,catboost,3,373,0.398371126080966,0.601628873919034,0.5951742627345844,0.40482573726541554,151,0.12458745874587458
overall,content_added,catboost,4,373,0.3548195923350526,0.6451804076649473,0.6407506702412868,0.35924932975871315,134,0.11056105610561057
overall,content_added,catboost,5,373,0.32273199121137336,0.6772680087886266,0.6675603217158177,0.3324396782841823,124,0.10231023102310231
overall,content_added,catboost,6,373,0.295971947821124,0.7040280521788759,0.7131367292225201,0.2868632707774799,107,0.08828382838283828
overall,content_added,catboost,7,373,0.2669018799519049,0.7330981200480952,0.7426273458445041,0.257372654155496,96,0.07920792079207921
overall,content_added,catboost,8,373,0.2353900169248625,0.7646099830751375,0.774798927613941,0.225201072386059,84,0.06930693069306931
overall,content_added,catboost,9,373,0.20642954507766292,0.7935704549223371,0.7828418230563002,0.21715817694369974,81,0.06683168316831684
overall,content_added,catboost,10,373,0.15903820925988757,0.8409617907401125,0.8337801608579088,0.16621983914209115,62,0.05115511551155116
overall,content_added,dummy,1,374,1.0,0.0,0.6684491978609626,0.3315508021390374,124,0.10231023102310231
overall,content_added,dummy,2,373,1.0,0.0,0.6675603217158177,0.3324396782841823,124,0.10231023102310231
overall,content_added,dummy,3,373,1.0,0.0,0.646112600536193,0.353887399463807,132,0.10891089108910891
overall,content_added,dummy,4,373,0.22788203753351208,0.7721179624664879,0.6916890080428955,0.30831099195710454,115,0.09488448844884488
overall,content_added,dummy,5,373,0.0,1.0,0.7050938337801609,0.2949061662198391,110,0.09075907590759076
overall,content_added,dummy,6,373,0.0,1.0,0.6514745308310992,0.3485254691689008,130,0.10726072607260725
overall,content_added,dummy,7,373,0.0,1.0,0.6970509383378016,0.30294906166219837,113,0.09323432343234324
overall,content_added,dummy,8,373,0.0,1.0,0.7050938337801609,0.2949061662198391,110,0.09075907590759076
overall,content_added,dummy,9,373,0.0,1.0,0.6300268096514745,0.3699731903485255,138,0.11386138613861387
overall,content_added,dummy,10,373,0.0,1.0,0.6890080428954424,0.3109919571045576,116,0.09570957095709572
overall,content_added,extra_trees,1,374,0.7062970141404009,0.29370298585959903,0.446524064171123,0.553475935828877,207,0.1707920792079208
overall,content_added,extra_trees,2,373,0.617766256379584,0.38223374362041596,0.5630026809651475,0.43699731903485256,163,0.13448844884488448
overall,content_added,extra_trees,3,373,0.56415064777416,0.43584935222584,0.5898123324396782,0.4101876675603217,153,0.12623762376237624
overall,content_added,extra_trees,4,373,0.5200416400253253,0.47995835997467473,0.613941018766756,0.38605898123324395,144,0.1188118811881188
overall,content_added,extra_trees,5,373,0.48389859835102994,0.5161014016489701,0.7050938337801609,0.2949061662198391,110,0.09075907590759076
overall,content_added,extra_trees,6,373,0.45175819465354244,0.5482418053464575,0.7131367292225201,0.2868632707774799,107,0.08828382838283828
overall,content_added,extra_trees,7,373,0.42189679977377886,0.5781032002262211,0.7479892761394102,0.2520107238605898,94,0.07755775577557755
overall,content_added,extra_trees,8,373,0.393655089503093,0.606344910496907,0.7426273458445041,0.257372654155496,96,0.07920792079207921
overall,content_added,extra_trees,9,373,0.36183531319465306,0.6381646868053469,0.806970509383378,0.19302949061662197,72,0.0594059405940594
overall,content_added,extra_trees,10,373,0.3000010866797747,0.6999989133202252,0.8230563002680965,0.1769436997319035,66,0.054455445544554455
overall,content_added,gradient_boosting,1,374,0.5719178724681463,0.4280821275318537,0.45454545454545453,0.5454545454545454,204,0.16831683168316833
overall,content_added,gradient_boosting,2,373,0.4612614541693744,0.5387385458306256,0.5442359249329759,0.45576407506702415,170,0.14026402640264027
overall,content_added,gradient_boosting,3,373,0.4009565441143092,0.5990434558856907,0.5924932975871313,0.4075067024128686,152,0.1254125412541254
overall,content_added,gradient_boosting,4,373,0.35401108975852746,0.6459889102414725,0.6514745308310992,0.3485254691689008,130,0.10726072607260725
overall,content_added,gradient_boosting,5,373,0.32109744920701067,0.6789025507929893,0.6675603217158177,0.3324396782841823,124,0.10231023102310231
overall,content_added,gradient_boosting,6,373,0.29086180177094983,0.7091381982290501,0.7184986595174263,0.28150134048257375,105,0.08663366336633663
overall,content_added,gradient_boosting,7,373,0.26180215917093985,0.7381978408290601,0.7479892761394102,0.2520107238605898,94,0.07755775577557755
overall,content_added,gradient_boosting,8,373,0.23726352508147416,0.7627364749185259,0.7855227882037533,0.21447721179624665,80,0.066006600660066
overall,content_added,gradient_boosting,9,373,0.21044680840151067,0.7895531915984894,0.774798927613941,0.225201072386059,84,0.06930693069306931
overall,content_added,gradient_boosting,10,373,0.1642235347660193,0.8357764652339806,0.8150134048257373,0.18498659517426275,69,0.05693069306930693
overall,content_added,hist_gradient_boosting,1,374,0.5536841266227546,0.44631587337724543,0.44919786096256686,0.5508021390374331,206,0.16996699669966997
overall,content_added,hist_gradient_boosting,2,373,0.4528523406833713,0.5471476593166287,0.546916890080429,0.45308310991957107,169,0.13943894389438943
overall,content_added,hist_gradient_boosting,3,373,0.4046140191041718,0.5953859808958282,0.6032171581769437,0.3967828418230563,148,0.12211221122112212
overall,content_added,hist_gradient_boosting,4,373,0.36075567428004074,0.6392443257199593,0.6085790884718498,0.3914209115281501,146,0.12046204620462046
overall,content_added,hist_gradient_boosting,5,373,0.3261810237692043,0.6738189762307957,0.7024128686327078,0.2975871313672922,111,0.09158415841584158
overall,content_added,hist_gradient_boosting,6,373,0.2905918972559231,0.7094081027440768,0.7211796246648794,0.27882037533512066,104,0.0858085808580858
overall,content_added,hist_gradient_boosting,7,373,0.2575993363383369,0.742400663661663,0.7506702412868632,0.24932975871313673,93,0.07673267326732673
overall,content_added,hist_gradient_boosting,8,373,0.2342950266184587,0.7657049733815413,0.7426273458445041,0.257372654155496,96,0.07920792079207921
overall,content_added,hist_gradient_boosting,9,373,0.2152116762332925,0.7847883237667075,0.7855227882037533,0.21447721179624665,80,0.066006600660066
overall,content_added,hist_gradient_boosting,10,373,0.17542167830483024,0.8245783216951698,0.8418230563002681,0.1581769436997319,59,0.04867986798679868
overall,content_added,lightgbm,1,374,0.6135999811965873,0.38640001880341274,0.446524064171123,0.553475935828877,207,0.1707920792079208
overall,content_added,lightgbm,2,373,0.47823185845125743,0.5217681415487425,0.5924932975871313,0.4075067024128686,152,0.1254125412541254
overall,content_added,lightgbm,3,373,0.4114814259685643,0.5885185740314357,0.6246648793565683,0.3753351206434316,140,0.11551155115511551
overall,content_added,lightgbm,4,373,0.3633718017218073,0.6366281982781927,0.6219839142091153,0.3780160857908847,141,0.11633663366336634
overall,content_added,lightgbm,5,373,0.3210700611078755,0.6789299388921245,0.6729222520107239,0.32707774798927614,122,0.10066006600660066
overall,content_added,lightgbm,6,373,0.28156321988788124,0.7184367801121188,0.7024128686327078,0.2975871313672922,111,0.09158415841584158
overall,content_added,lightgbm,7,373,0.2466592637000897,0.7533407362999104,0.7426273458445041,0.257372654155496,96,0.07920792079207921
overall,content_added,lightgbm,8,373,0.21461515202002912,0.785384847979971,0.7721179624664879,0.22788203753351208,85,0.07013201320132013
overall,content_added,lightgbm,9,373,0.17830660229667378,0.8216933977033263,0.7533512064343163,0.24664879356568364,92,0.07590759075907591
overall,content_added,lightgbm,10,373,0.11641579670512603,0.883584203294874,0.8230563002680965,0.1769436997319035,66,0.054455445544554455
overall,content_added,logistic,1,374,0.7412602565755312,0.2587397434244688,0.4679144385026738,0.5320855614973262,199,0.16419141914191418
overall,content_added,logistic,2,373,0.6385731362995437,0.36142686370045635,0.5495978552278821,0.450402144772118,168,0.13861386138613863
overall,content_added,logistic,3,373,0.5830892008439471,0.4169107991560529,0.5924932975871313,0.4075067024128686,152,0.1254125412541254
overall,content_added,logistic,4,373,0.5387871864431053,0.4612128135568947,0.6568364611260054,0.34316353887399464,128,0.10561056105610561
overall,content_added,logistic,5,373,0.5004813764292884,0.4995186235707116,0.6809651474530831,0.3190348525469169,119,0.09818481848184818
overall,content_added,logistic,6,373,0.46720036942611365,0.5327996305738864,0.7131367292225201,0.2868632707774799,107,0.08828382838283828
overall,content_added,logistic,7,373,0.4292163998135072,0.5707836001864928,0.739946380697051,0.26005361930294907,97,0.08003300330033003
overall,content_added,logistic,8,373,0.3893820445750509,0.6106179554249491,0.774798927613941,0.225201072386059,84,0.06930693069306931
overall,content_added,logistic,9,373,0.34624126646217207,0.6537587335378279,0.7640750670241286,0.2359249329758713,88,0.07260726072607261
overall,content_added,logistic,10,373,0.26228452568441163,0.7377154743155884,0.8123324396782842,0.1876675603217158,70,0.057755775577557754
overall,content_added,random_forest,1,374,0.6804127227987954,0.3195872772012045,0.44919786096256686,0.5508021390374331,206,0.16996699669966997
overall,content_added,random_forest,2,373,0.5885818800160778,0.41141811998392225,0.5683646112600537,0.4316353887399464,161,0.13283828382838284
overall,content_added,random_forest,3,373,0.5360578023422569,0.46394219765774314,0.6085790884718498,0.3914209115281501,146,0.12046204620462046
overall,content_added,random_forest,4,373,0.4953893305725127,0.5046106694274872,0.6032171581769437,0.3967828418230563,148,0.12211221122112212
overall,content_added,random_forest,5,373,0.46197676701670903,0.5380232329832909,0.6675603217158177,0.3324396782841823,124,0.10231023102310231
overall,content_added,random_forest,6,373,0.4328814994196337,0.5671185005803663,0.7292225201072386,0.2707774798927614,101,0.08333333333333333
overall,content_added,random_forest,7,373,0.40435131743980357,0.5956486825601964,0.7694369973190348,0.23056300268096513,86,0.07095709570957096
overall,content_added,random_forest,8,373,0.37701475890647157,0.6229852410935284,0.7479892761394102,0.2520107238605898,94,0.07755775577557755
overall,content_added,random_forest,9,373,0.348080477075541,0.651919522924459,0.7855227882037533,0.21447721179624665,80,0.066006600660066
overall,content_added,random_forest,10,373,0.29774647826788386,0.7022535217321161,0.8230563002680965,0.1769436997319035,66,0.054455445544554455
overall,content_added,xgboost,1,374,0.5783398747444153,0.4216601550579071,0.45187165775401067,0.5481283422459893,205,0.16914191419141913
overall,content_added,xgboost,2,373,0.4637383222579956,0.5362616777420044,0.5656836461126006,0.4343163538873995,162,0.13366336633663367
overall,content_added,xgboost,3,373,0.40423473715782166,0.5957652926445007,0.5898123324396782,0.4101876675603217,153,0.12623762376237624
overall,content_added,xgboost,4,373,0.3576605021953583,0.6423395276069641,0.5924932975871313,0.4075067024128686,152,0.1254125412541254
overall,content_added,xgboost,5,373,0.32300087809562683,0.6769991517066956,0.6916890080428955,0.30831099195710454,115,0.09488448844884488
overall,content_added,xgboost,6,373,0.29144755005836487,0.7085524797439575,0.7345844504021448,0.26541554959785524,99,0.08168316831683169
overall,content_added,xgboost,7,373,0.26192399859428406,0.7380759716033936,0.7506702412868632,0.24932975871313673,93,0.07673267326732673
overall,content_added,xgboost,8,373,0.2336021214723587,0.7663978338241577,0.7533512064343163,0.24664879356568364,92,0.07590759075907591
overall,content_added,xgboost,9,373,0.20390155911445618,0.7960984110832214,0.8123324396782842,0.1876675603217158,70,0.057755775577557754
overall,content_added,xgboost,10,373,0.1544152796268463,0.8455847501754761,0.8096514745308311,0.1903485254691689,71,0.05858085808580858
overall,core_reduced,catboost,1,374,0.5705104087422845,0.4294895912577154,0.46524064171123,0.5347593582887701,200,0.16501650165016502
overall,core_reduced,catboost,2,373,0.4618817593495602,0.5381182406504398,0.5335120643431636,0.46648793565683644,174,0.14356435643564355
overall,core_reduced,catboost,3,373,0.40438715064911906,0.5956128493508809,0.5737265415549598,0.4262734584450402,159,0.1311881188118812
overall,core_reduced,catboost,4,373,0.3566148171351083,0.6433851828648918,0.6675603217158177,0.3324396782841823,124,0.10231023102310231
overall,core_reduced,catboost,5,373,0.3202961948596746,0.6797038051403254,0.7050938337801609,0.2949061662198391,110,0.09075907590759076
overall,core_reduced,catboost,6,373,0.2914761543163033,0.7085238456836966,0.67828418230563,0.32171581769436997,120,0.09900990099009901
overall,core_reduced,catboost,7,373,0.26387998949440666,0.7361200105055933,0.7345844504021448,0.26541554959785524,99,0.08168316831683169
overall,core_reduced,catboost,8,373,0.23366148367790704,0.7663385163220929,0.7319034852546917,0.2680965147453083,100,0.08250825082508251
overall,core_reduced,catboost,9,373,0.20376773247411745,0.7962322675258826,0.8310991957104558,0.16890080428954424,63,0.05198019801980198
overall,core_reduced,catboost,10,373,0.15439443714169687,0.8456055628583032,0.8310991957104558,0.16890080428954424,63,0.05198019801980198
overall,core_reduced,dummy,1,374,1.0,0.0,0.6684491978609626,0.3315508021390374,124,0.10231023102310231
overall,core_reduced,dummy,2,373,1.0,0.0,0.6675603217158177,0.3324396782841823,124,0.10231023102310231
overall,core_reduced,dummy,3,373,1.0,0.0,0.646112600536193,0.353887399463807,132,0.10891089108910891
overall,core_reduced,dummy,4,373,0.22788203753351208,0.7721179624664879,0.6916890080428955,0.30831099195710454,115,0.09488448844884488
overall,core_reduced,dummy,5,373,0.0,1.0,0.7050938337801609,0.2949061662198391,110,0.09075907590759076
overall,core_reduced,dummy,6,373,0.0,1.0,0.6514745308310992,0.3485254691689008,130,0.10726072607260725
overall,core_reduced,dummy,7,373,0.0,1.0,0.6970509383378016,0.30294906166219837,113,0.09323432343234324
overall,core_reduced,dummy,8,373,0.0,1.0,0.7050938337801609,0.2949061662198391,110,0.09075907590759076
overall,core_reduced,dummy,9,373,0.0,1.0,0.6300268096514745,0.3699731903485255,138,0.11386138613861387
overall,core_reduced,dummy,10,373,0.0,1.0,0.6890080428954424,0.3109919571045576,116,0.09570957095709572
overall,core_reduced,extra_trees,1,374,0.6877957411675572,0.3122042588324428,0.45989304812834225,0.5401069518716578,202,0.16666666666666666
overall,core_reduced,extra_trees,2,373,0.6151565186969409,0.3848434813030592,0.5495978552278821,0.450402144772118,168,0.13861386138613863
overall,core_reduced,extra_trees,3,373,0.5629057498654031,0.43709425013459685,0.5844504021447721,0.4155495978552279,155,0.12788778877887788
overall,core_reduced,extra_trees,4,373,0.5241729304701047,0.47582706952989523,0.646112600536193,0.353887399463807,132,0.10891089108910891
overall,core_reduced,extra_trees,5,373,0.4915342482664225,0.5084657517335776,0.6890080428954424,0.3109919571045576,116,0.09570957095709572
overall,core_reduced,extra_trees,6,373,0.45943566104289685,0.5405643389571031,0.7372654155495979,0.26273458445040215,98,0.08085808580858085
overall,core_reduced,extra_trees,7,373,0.4283869485729252,0.5716130514270747,0.7292225201072386,0.2707774798927614,101,0.08333333333333333
overall,core_reduced,extra_trees,8,373,0.40161955448868586,0.5983804455113142,0.7184986595174263,0.28150134048257375,105,0.08663366336633663
overall,core_reduced,extra_trees,9,373,0.3730790531291474,0.6269209468708525,0.8016085790884718,0.19839142091152814,74,0.06105610561056106
overall,core_reduced,extra_trees,10,373,0.3213695150206966,0.6786304849793034,0.8364611260053619,0.16353887399463807,61,0.05033003300330033
overall,core_reduced,gradient_boosting,1,374,0.5799947832045174,0.42000521679548264,0.4625668449197861,0.5374331550802139,201,0.16584158415841585
overall,core_reduced,gradient_boosting,2,373,0.4679217888276845,0.5320782111723155,0.5201072386058981,0.47989276139410186,179,0.1476897689768977
overall,core_reduced,gradient_boosting,3,373,0.4019411966608965,0.5980588033391036,0.6193029490616622,0.3806970509383378,142,0.11716171617161716
overall,core_reduced,gradient_boosting,4,373,0.35467755567503034,0.6453224443249697,0.6300268096514745,0.3699731903485255,138,0.11386138613861387
overall,core_reduced,gradient_boosting,5,373,0.3201154851457347,0.6798845148542654,0.67828418230563,0.32171581769436997,120,0.09900990099009901
overall,core_reduced,gradient_boosting,6,373,0.2902135234458477,0.7097864765541524,0.7292225201072386,0.2707774798927614,101,0.08333333333333333
overall,core_reduced,gradient_boosting,7,373,0.2616289308005882,0.7383710691994118,0.7506702412868632,0.24932975871313673,93,0.07673267326732673
overall,core_reduced,gradient_boosting,8,373,0.2339465794561562,0.7660534205438437,0.7345844504021448,0.26541554959785524,99,0.08168316831683169
overall,core_reduced,gradient_boosting,9,373,0.20620185371029126,0.7937981462897088,0.8123324396782842,0.1876675603217158,70,0.057755775577557754
overall,core_reduced,gradient_boosting,10,373,0.1615700404559267,0.8384299595440733,0.8150134048257373,0.18498659517426275,69,0.05693069306930693
overall,core_reduced,hist_gradient_boosting,1,374,0.5540022927676153,0.4459977072323847,0.45187165775401067,0.5481283422459893,205,0.16914191419141913
overall,core_reduced,hist_gradient_boosting,2,373,0.4569262592875844,0.5430737407124155,0.5495978552278821,0.450402144772118,168,0.13861386138613863
overall,core_reduced,hist_gradient_boosting,3,373,0.4041571109946698,0.5958428890053302,0.6032171581769437,0.3967828418230563,148,0.12211221122112212
overall,core_reduced,hist_gradient_boosting,4,373,0.36211977550940533,0.6378802244905947,0.6702412868632708,0.3297587131367292,123,0.10148514851485149
overall,core_reduced,hist_gradient_boosting,5,373,0.32740730467918466,0.6725926953208153,0.6621983914209115,0.3378016085790885,126,0.10396039603960396
overall,core_reduced,hist_gradient_boosting,6,373,0.29430878440501584,0.7056912155949842,0.7050938337801609,0.2949061662198391,110,0.09075907590759076
overall,core_reduced,hist_gradient_boosting,7,373,0.26287108496322964,0.7371289150367704,0.7372654155495979,0.26273458445040215,98,0.08085808580858085
overall,core_reduced,hist_gradient_boosting,8,373,0.23583664156874637,0.7641633584312536,0.7667560321715817,0.23324396782841822,87,0.07178217821782178
overall,core_reduced,hist_gradient_boosting,9,373,0.21054594956158595,0.789454050438414,0.7855227882037533,0.21447721179624665,80,0.066006600660066
overall,core_reduced,hist_gradient_boosting,10,373,0.16675340367955335,0.8332465963204467,0.8203753351206434,0.17962466487935658,67,0.05528052805280528
overall,core_reduced,lightgbm,1,374,0.6169008915128791,0.3830991084871209,0.4385026737967914,0.5614973262032086,210,0.17326732673267325
overall,core_reduced,lightgbm,2,373,0.4831526388123237,0.5168473611876763,0.6246648793565683,0.3753351206434316,140,0.11551155115511551
overall,core_reduced,lightgbm,3,373,0.41345524937559325,0.5865447506244068,0.6032171581769437,0.3967828418230563,148,0.12211221122112212
overall,core_reduced,lightgbm,4,373,0.36373573108452406,0.6362642689154759,0.5978552278820375,0.40214477211796246,150,0.12376237623762376
overall,core_reduced,lightgbm,5,373,0.32192165217037094,0.6780783478296291,0.7158176943699732,0.28418230563002683,106,0.08745874587458746
overall,core_reduced,lightgbm,6,373,0.2849422643554601,0.7150577356445398,0.6890080428954424,0.3109919571045576,116,0.09570957095709572
overall,core_reduced,lightgbm,7,373,0.25228905808676777,0.7477109419132323,0.7265415549597856,0.2734584450402145,102,0.08415841584158416
overall,core_reduced,lightgbm,8,373,0.21649549495170475,0.7835045050482952,0.7533512064343163,0.24664879356568364,92,0.07590759075907591
overall,core_reduced,lightgbm,9,373,0.17853708955033995,0.8214629104496601,0.8096514745308311,0.1903485254691689,71,0.05858085808580858
overall,core_reduced,lightgbm,10,373,0.11596258380216622,0.8840374161978337,0.7935656836461126,0.2064343163538874,77,0.06353135313531354
overall,core_reduced,logistic,1,374,0.7075410903268934,0.2924589096731066,0.4893048128342246,0.5106951871657754,191,0.15759075907590758
overall,core_reduced,logistic,2,373,0.6144459483488764,0.3855540516511236,0.5871313672922251,0.4128686327077748,154,0.12706270627062707
overall,core_reduced,logistic,3,373,0.5634372292050245,0.4365627707949755,0.6005361930294906,0.39946380697050937,149,0.12293729372937294
overall,core_reduced,logistic,4,373,0.5308789202950454,0.4691210797049546,0.6353887399463807,0.3646112600536193,136,0.11221122112211221
overall,core_reduced,logistic,5,373,0.5039096445718046,0.4960903554281954,0.7238605898123325,0.2761394101876676,103,0.08498349834983498
overall,core_reduced,logistic,6,373,0.47427346248248864,0.5257265375175113,0.707774798927614,0.29222520107238603,109,0.08993399339933994
overall,core_reduced,logistic,7,373,0.4434941481948823,0.5565058518051177,0.6809651474530831,0.3190348525469169,119,0.09818481848184818
overall,core_reduced,logistic,8,373,0.4115113717328094,0.5884886282671906,0.7506702412868632,0.24932975871313673,93,0.07673267326732673
overall,core_reduced,logistic,9,373,0.36760056129810725,0.6323994387018927,0.7828418230563002,0.21715817694369974,81,0.06683168316831684
overall,core_reduced,logistic,10,373,0.2951862476298689,0.7048137523701311,0.7935656836461126,0.2064343163538874,77,0.06353135313531354
overall,core_reduced,random_forest,1,374,0.6768113865753935,0.3231886134246064,0.446524064171123,0.553475935828877,207,0.1707920792079208
overall,core_reduced,random_forest,2,373,0.6007322861461368,0.39926771385386317,0.5388739946380697,0.46112600536193027,172,0.1419141914191419
overall,core_reduced,random_forest,3,373,0.5519703457792932,0.4480296542207068,0.6166219839142091,0.38337801608579086,143,0.11798679867986799
overall,core_reduced,random_forest,4,373,0.5136612513861526,0.48633874861384746,0.6246648793565683,0.3753351206434316,140,0.11551155115511551
overall,core_reduced,random_forest,5,373,0.4782735300109864,0.5217264699890136,0.7050938337801609,0.2949061662198391,110,0.09075907590759076
overall,core_reduced,random_forest,6,373,0.44295278685862693,0.5570472131413731,0.7372654155495979,0.26273458445040215,98,0.08085808580858085
overall,core_reduced,random_forest,7,373,0.4120261818782307,0.5879738181217693,0.7024128686327078,0.2975871313672922,111,0.09158415841584158
overall,core_reduced,random_forest,8,373,0.38176578961460333,0.6182342103853966,0.7426273458445041,0.257372654155496,96,0.07920792079207921
overall,core_reduced,random_forest,9,373,0.35068747068351563,0.6493125293164844,0.8123324396782842,0.1876675603217158,70,0.057755775577557754
overall,core_reduced,random_forest,10,373,0.2968024526609473,0.7031975473390527,0.8257372654155496,0.1742627345844504,65,0.05363036303630363
overall,core_reduced,xgboost,1,374,0.584449291229248,0.41555070877075195,0.4625668449197861,0.5374331550802139,201,0.16584158415841585
overall,core_reduced,xgboost,2,373,0.47005873918533325,0.5299412608146667,0.4959785522788204,0.5040214477211796,188,0.1551155115511551
overall,core_reduced,xgboost,3,373,0.403676301240921,0.5963237285614014,0.6219839142091153,0.3780160857908847,141,0.11633663366336634
overall,core_reduced,xgboost,4,373,0.3576565384864807,0.6423434615135193,0.6568364611260054,0.34316353887399464,128,0.10561056105610561
overall,core_reduced,xgboost,5,373,0.3215712308883667,0.6784287691116333,0.6702412868632708,0.3297587131367292,123,0.10148514851485149
overall,core_reduced,xgboost,6,373,0.2898383140563965,0.7101616859436035,0.7453083109919572,0.2546916890080429,95,0.07838283828382839
overall,core_reduced,xgboost,7,373,0.2614021301269531,0.7385978698730469,0.7184986595174263,0.28150134048257375,105,0.08663366336633663
overall,core_reduced,xgboost,8,373,0.23393848538398743,0.7660614848136902,0.739946380697051,0.26005361930294907,97,0.08003300330033003
overall,core_reduced,xgboost,9,373,0.20369845628738403,0.796301543712616,0.8176943699731903,0.18230563002680966,68,0.056105610561056105
overall,core_reduced,xgboost,10,373,0.1539415568113327,0.8460584282875061,0.8230563002680965,0.1769436997319035,66,0.054455445544554455
overall,promotion_plan_focused,catboost,1,374,0.5823644679547092,0.4176355320452908,0.47058823529411764,0.5294117647058824,198,0.16336633663366337
overall,promotion_plan_focused,catboost,2,373,0.4729631563996994,0.5270368436003007,0.4959785522788204,0.5040214477211796,188,0.1551155115511551
overall,promotion_plan_focused,catboost,3,373,0.40583530863007794,0.594164691369922,0.6112600536193029,0.38873994638069703,145,0.11963696369636964
overall,promotion_plan_focused,catboost,4,373,0.3586811518526373,0.6413188481473626,0.6380697050938338,0.36193029490616624,135,0.11138613861386139
overall,promotion_plan_focused,catboost,5,373,0.32396838606723755,0.6760316139327625,0.67828418230563,0.32171581769436997,120,0.09900990099009901
overall,promotion_plan_focused,catboost,6,373,0.29292392377658055,0.7070760762234195,0.7184986595174263,0.28150134048257375,105,0.08663366336633663
overall,promotion_plan_focused,catboost,7,373,0.2595977701085257,0.7404022298914743,0.7587131367292225,0.24128686327077747,90,0.07425742574257425
overall,promotion_plan_focused,catboost,8,373,0.22931081244827223,0.7706891875517278,0.7533512064343163,0.24664879356568364,92,0.07590759075907591
overall,promotion_plan_focused,catboost,9,373,0.19959995231107192,0.8004000476889281,0.8203753351206434,0.17962466487935658,67,0.05528052805280528
overall,promotion_plan_focused,catboost,10,373,0.14979754541928894,0.8502024545807111,0.806970509383378,0.19302949061662197,72,0.0594059405940594
overall,promotion_plan_focused,dummy,1,374,1.0,0.0,0.6684491978609626,0.3315508021390374,124,0.10231023102310231
overall,promotion_plan_focused,dummy,2,373,1.0,0.0,0.6675603217158177,0.3324396782841823,124,0.10231023102310231
overall,promotion_plan_focused,dummy,3,373,1.0,0.0,0.646112600536193,0.353887399463807,132,0.10891089108910891
overall,promotion_plan_focused,dummy,4,373,0.22788203753351208,0.7721179624664879,0.6916890080428955,0.30831099195710454,115,0.09488448844884488
overall,promotion_plan_focused,dummy,5,373,0.0,1.0,0.7050938337801609,0.2949061662198391,110,0.09075907590759076
overall,promotion_plan_focused,dummy,6,373,0.0,1.0,0.6514745308310992,0.3485254691689008,130,0.10726072607260725
overall,promotion_plan_focused,dummy,7,373,0.0,1.0,0.6970509383378016,0.30294906166219837,113,0.09323432343234324
overall,promotion_plan_focused,dummy,8,373,0.0,1.0,0.7050938337801609,0.2949061662198391,110,0.09075907590759076
overall,promotion_plan_focused,dummy,9,373,0.0,1.0,0.6300268096514745,0.3699731903485255,138,0.11386138613861387
overall,promotion_plan_focused,dummy,10,373,0.0,1.0,0.6890080428954424,0.3109919571045576,116,0.09570957095709572
overall,promotion_plan_focused,extra_trees,1,374,0.7117696252322654,0.28823037476773467,0.45989304812834225,0.5401069518716578,202,0.16666666666666666
overall,promotion_plan_focused,extra_trees,2,373,0.6328326666143277,0.36716733338567237,0.5201072386058981,0.47989276139410186,179,0.1476897689768977
overall,promotion_plan_focused,extra_trees,3,373,0.5704505238216787,0.4295494761783213,0.6300268096514745,0.3699731903485255,138,0.11386138613861387
overall,promotion_plan_focused,extra_trees,4,373,0.5245101207928383,0.47548987920716174,0.6702412868632708,0.3297587131367292,123,0.10148514851485149
overall,promotion_plan_focused,extra_trees,5,373,0.4943539245492188,0.5056460754507812,0.6327077747989276,0.3672922252010724,137,0.11303630363036303
overall,promotion_plan_focused,extra_trees,6,373,0.4574976226900391,0.5425023773099609,0.7426273458445041,0.257372654155496,96,0.07920792079207921
overall,promotion_plan_focused,extra_trees,7,373,0.42347774296480595,0.576522257035194,0.7292225201072386,0.2707774798927614,101,0.08333333333333333
overall,promotion_plan_focused,extra_trees,8,373,0.39522126859356693,0.6047787314064331,0.7131367292225201,0.2868632707774799,107,0.08828382838283828
overall,promotion_plan_focused,extra_trees,9,373,0.36569583280989026,0.6343041671901097,0.8123324396782842,0.1876675603217158,70,0.057755775577557754
overall,promotion_plan_focused,extra_trees,10,373,0.312035316387877,0.687964683612123,0.8418230563002681,0.1581769436997319,59,0.04867986798679868
overall,promotion_plan_focused,gradient_boosting,1,374,0.5915887819828154,0.4084112180171846,0.46524064171123,0.5347593582887701,200,0.16501650165016502
overall,promotion_plan_focused,gradient_boosting,2,373,0.4683354292252767,0.5316645707747233,0.4906166219839142,0.5093833780160858,190,0.15676567656765678
overall,promotion_plan_focused,gradient_boosting,3,373,0.3986288098518811,0.6013711901481189,0.6327077747989276,0.3672922252010724,137,0.11303630363036303
overall,promotion_plan_focused,gradient_boosting,4,373,0.3532353391872124,0.6467646608127876,0.6621983914209115,0.3378016085790885,126,0.10396039603960396
overall,promotion_plan_focused,gradient_boosting,5,373,0.32169592634672706,0.6783040736532729,0.6621983914209115,0.3378016085790885,126,0.10396039603960396
overall,promotion_plan_focused,gradient_boosting,6,373,0.29159871368435697,0.7084012863156431,0.710455764075067,0.289544235924933,108,0.0891089108910891
overall,promotion_plan_focused,gradient_boosting,7,373,0.25996884702952827,0.7400311529704717,0.7319034852546917,0.2680965147453083,100,0.08250825082508251
overall,promotion_plan_focused,gradient_boosting,8,373,0.23299399201556,0.7670060079844401,0.7721179624664879,0.22788203753351208,85,0.07013201320132013
overall,promotion_plan_focused,gradient_boosting,9,373,0.20622957577237921,0.7937704242276208,0.8096514745308311,0.1903485254691689,71,0.05858085808580858
overall,promotion_plan_focused,gradient_boosting,10,373,0.1592315021748123,0.8407684978251877,0.8150134048257373,0.18498659517426275,69,0.05693069306930693
overall,promotion_plan_focused,hist_gradient_boosting,1,374,0.5780399019452233,0.4219600980547767,0.4572192513368984,0.5427807486631016,203,0.1674917491749175
overall,promotion_plan_focused,hist_gradient_boosting,2,373,0.4685838518482706,0.5314161481517294,0.5227882037533512,0.4772117962466488,178,0.14686468646864687
overall,promotion_plan_focused,hist_gradient_boosting,3,373,0.40829888805049586,0.5917011119495041,0.6219839142091153,0.3780160857908847,141,0.11633663366336634
overall,promotion_plan_focused,hist_gradient_boosting,4,373,0.3620743887023638,0.6379256112976363,0.6595174262734584,0.34048257372654156,127,0.10478547854785479
overall,promotion_plan_focused,hist_gradient_boosting,5,373,0.3296979506884842,0.6703020493115158,0.6890080428954424,0.3109919571045576,116,0.09570957095709572
overall,promotion_plan_focused,hist_gradient_boosting,6,373,0.2955781965916304,0.7044218034083696,0.6916890080428955,0.30831099195710454,115,0.09488448844884488
overall,promotion_plan_focused,hist_gradient_boosting,7,373,0.2576935318685622,0.7423064681314377,0.7587131367292225,0.24128686327077747,90,0.07425742574257425
overall,promotion_plan_focused,hist_gradient_boosting,8,373,0.2241945676862403,0.7758054323137598,0.7533512064343163,0.24664879356568364,92,0.07590759075907591
overall,promotion_plan_focused,hist_gradient_boosting,9,373,0.19761510685118044,0.8023848931488196,0.7908847184986595,0.20911528150134048,78,0.06435643564356436
overall,promotion_plan_focused,hist_gradient_boosting,10,373,0.1526262633572374,0.8473737366427626,0.806970509383378,0.19302949061662197,72,0.0594059405940594
overall,promotion_plan_focused,lightgbm,1,374,0.6276129633801854,0.37238703661981465,0.44919786096256686,0.5508021390374331,206,0.16996699669966997
overall,promotion_plan_focused,lightgbm,2,373,0.49002777535796016,0.5099722246420398,0.5495978552278821,0.450402144772118,168,0.13861386138613863
overall,promotion_plan_focused,lightgbm,3,373,0.42069746500642363,0.5793025349935763,0.6193029490616622,0.3806970509383378,142,0.11716171617161716
overall,promotion_plan_focused,lightgbm,4,373,0.36918537313252486,0.6308146268674751,0.6273458445040214,0.3726541554959786,139,0.11468646864686469
overall,promotion_plan_focused,lightgbm,5,373,0.32623985484572204,0.673760145154278,0.6541554959785523,0.34584450402144773,129,0.10643564356435643
overall,promotion_plan_focused,lightgbm,6,373,0.28858181667154315,0.7114181833284569,0.7319034852546917,0.2680965147453083,100,0.08250825082508251
overall,promotion_plan_focused,lightgbm,7,373,0.2505420784081831,0.7494579215918169,0.7721179624664879,0.22788203753351208,85,0.07013201320132013
overall,promotion_plan_focused,lightgbm,8,373,0.2139845324256135,0.7860154675743865,0.774798927613941,0.225201072386059,84,0.06930693069306931
overall,promotion_plan_focused,lightgbm,9,373,0.17431369939015826,0.8256863006098418,0.7721179624664879,0.22788203753351208,85,0.07013201320132013
overall,promotion_plan_focused,lightgbm,10,373,0.11130899061636672,0.8886910093836332,0.8016085790884718,0.19839142091152814,74,0.06105610561056106
overall,promotion_plan_focused,logistic,1,374,0.7262028174197473,0.2737971825802527,0.4893048128342246,0.5106951871657754,191,0.15759075907590758
overall,promotion_plan_focused,logistic,2,373,0.6305225803865512,0.3694774196134489,0.5603217158176944,0.43967828418230565,164,0.1353135313531353
overall,promotion_plan_focused,logistic,3,373,0.5688134197949255,0.4311865802050744,0.6166219839142091,0.38337801608579086,143,0.11798679867986799
overall,promotion_plan_focused,logistic,4,373,0.5325982465541411,0.4674017534458589,0.6300268096514745,0.3699731903485255,138,0.11386138613861387
overall,promotion_plan_focused,logistic,5,373,0.5008459212839507,0.49915407871604933,0.6621983914209115,0.3378016085790885,126,0.10396039603960396
overall,promotion_plan_focused,logistic,6,373,0.4677331560446017,0.5322668439553983,0.7131367292225201,0.2868632707774799,107,0.08828382838283828
overall,promotion_plan_focused,logistic,7,373,0.43500525518666316,0.5649947448133368,0.7479892761394102,0.2520107238605898,94,0.07755775577557755
overall,promotion_plan_focused,logistic,8,373,0.4021162933710675,0.5978837066289324,0.7345844504021448,0.26541554959785524,99,0.08168316831683169
overall,promotion_plan_focused,logistic,9,373,0.36368363872991377,0.6363163612700863,0.7801608579088471,0.21983914209115282,82,0.06765676567656766
overall,promotion_plan_focused,logistic,10,373,0.2956500505811318,0.7043499494188682,0.8176943699731903,0.18230563002680966,68,0.056105610561056105
overall,promotion_plan_focused,random_forest,1,374,0.7086445378750302,0.2913554621249697,0.446524064171123,0.553475935828877,207,0.1707920792079208
overall,promotion_plan_focused,random_forest,2,373,0.6256893230627121,0.374310676937288,0.5201072386058981,0.47989276139410186,179,0.1476897689768977
overall,promotion_plan_focused,random_forest,3,373,0.5689240494684734,0.43107595053152653,0.6300268096514745,0.3699731903485255,138,0.11386138613861387
overall,promotion_plan_focused,random_forest,4,373,0.5222076439325426,0.4777923560674574,0.6327077747989276,0.3672922252010724,137,0.11303630363036303
overall,promotion_plan_focused,random_forest,5,373,0.4873978160050292,0.5126021839949708,0.6836461126005362,0.3163538873994638,118,0.09735973597359736
overall,promotion_plan_focused,random_forest,6,373,0.4490150071894766,0.5509849928105234,0.7238605898123325,0.2761394101876676,103,0.08498349834983498
overall,promotion_plan_focused,random_forest,7,373,0.4106752930424158,0.5893247069575842,0.7345844504021448,0.26541554959785524,99,0.08168316831683169
overall,promotion_plan_focused,random_forest,8,373,0.3743392998308004,0.6256607001691996,0.7426273458445041,0.257372654155496,96,0.07920792079207921
overall,promotion_plan_focused,random_forest,9,373,0.3403382895390525,0.6596617104609475,0.8176943699731903,0.18230563002680966,68,0.056105610561056105
overall,promotion_plan_focused,random_forest,10,373,0.288169247125702,0.711830752874298,0.8203753351206434,0.17962466487935658,67,0.05528052805280528
overall,promotion_plan_focused,xgboost,1,374,0.5925508141517639,0.40744921565055847,0.46524064171123,0.5347593582887701,200,0.16501650165016502
overall,promotion_plan_focused,xgboost,2,373,0.47363007068634033,0.5263699293136597,0.4879356568364611,0.5120643431635389,191,0.15759075907590758
overall,promotion_plan_focused,xgboost,3,373,0.401650607585907,0.598349392414093,0.6112600536193029,0.38873994638069703,145,0.11963696369636964
overall,promotion_plan_focused,xgboost,4,373,0.35691359639167786,0.6430864334106445,0.6836461126005362,0.3163538873994638,118,0.09735973597359736
overall,promotion_plan_focused,xgboost,5,373,0.3244645595550537,0.6755354404449463,0.6595174262734584,0.34048257372654156,127,0.10478547854785479
overall,promotion_plan_focused,xgboost,6,373,0.2929805815219879,0.7070193886756897,0.7265415549597856,0.2734584450402145,102,0.08415841584158416
overall,promotion_plan_focused,xgboost,7,373,0.26181939244270325,0.7381806373596191,0.7372654155495979,0.26273458445040215,98,0.08085808580858085
overall,promotion_plan_focused,xgboost,8,373,0.2317316085100174,0.7682684063911438,0.739946380697051,0.26005361930294907,97,0.08003300330033003
overall,promotion_plan_focused,xgboost,9,373,0.20152698457241058,0.798473060131073,0.8230563002680965,0.1769436997319035,66,0.054455445544554455
overall,promotion_plan_focused,xgboost,10,373,0.15193678438663483,0.8480632305145264,0.8176943699731903,0.18230563002680966,68,0.056105610561056105
overall,promotion_reduced_interpretable,catboost,1,374,0.5637501608221643,0.4362498391778357,0.46524064171123,0.5347593582887701,200,0.16501650165016502
overall,promotion_reduced_interpretable,catboost,2,373,0.45599487571808356,0.5440051242819164,0.5415549597855228,0.4584450402144772,171,0.14108910891089108
overall,promotion_reduced_interpretable,catboost,3,373,0.3969913252623291,0.6030086747376708,0.5710455764075067,0.4289544235924933,160,0.132013201320132
overall,promotion_reduced_interpretable,catboost,4,373,0.354130971289501,0.645869028710499,0.6809651474530831,0.3190348525469169,119,0.09818481848184818
overall,promotion_reduced_interpretable,catboost,5,373,0.31997615612814684,0.6800238438718532,0.6863270777479893,0.3136729222520107,117,0.09653465346534654
overall,promotion_reduced_interpretable,catboost,6,373,0.29177450413433337,0.7082254958656666,0.7265415549597856,0.2734584450402145,102,0.08415841584158416
overall,promotion_reduced_interpretable,catboost,7,373,0.2640020474202073,0.7359979525797927,0.707774798927614,0.29222520107238603,109,0.08993399339933994
overall,promotion_reduced_interpretable,catboost,8,373,0.23780283300917582,0.7621971669908242,0.7506702412868632,0.24932975871313673,93,0.07673267326732673
overall,promotion_reduced_interpretable,catboost,9,373,0.2090774233188972,0.7909225766811029,0.8203753351206434,0.17962466487935658,67,0.05528052805280528
overall,promotion_reduced_interpretable,catboost,10,373,0.16172812972678116,0.8382718702732189,0.8016085790884718,0.19839142091152814,74,0.06105610561056106
overall,promotion_reduced_interpretable,dummy,1,374,1.0,0.0,0.6684491978609626,0.3315508021390374,124,0.10231023102310231
overall,promotion_reduced_interpretable,dummy,2,373,1.0,0.0,0.6675603217158177,0.3324396782841823,124,0.10231023102310231
overall,promotion_reduced_interpretable,dummy,3,373,1.0,0.0,0.646112600536193,0.353887399463807,132,0.10891089108910891
overall,promotion_reduced_interpretable,dummy,4,373,0.22788203753351208,0.7721179624664879,0.6916890080428955,0.30831099195710454,115,0.09488448844884488
overall,promotion_reduced_interpretable,dummy,5,373,0.0,1.0,0.7050938337801609,0.2949061662198391,110,0.09075907590759076
overall,promotion_reduced_interpretable,dummy,6,373,0.0,1.0,0.6514745308310992,0.3485254691689008,130,0.10726072607260725
overall,promotion_reduced_interpretable,dummy,7,373,0.0,1.0,0.6970509383378016,0.30294906166219837,113,0.09323432343234324
overall,promotion_reduced_interpretable,dummy,8,373,0.0,1.0,0.7050938337801609,0.2949061662198391,110,0.09075907590759076
overall,promotion_reduced_interpretable,dummy,9,373,0.0,1.0,0.6300268096514745,0.3699731903485255,138,0.11386138613861387
overall,promotion_reduced_interpretable,dummy,10,373,0.0,1.0,0.6890080428954424,0.3109919571045576,116,0.09570957095709572
overall,promotion_reduced_interpretable,extra_trees,1,374,0.6838737487769191,0.31612625122308086,0.44385026737967914,0.5561497326203209,208,0.1716171617161716
overall,promotion_reduced_interpretable,extra_trees,2,373,0.6090902890891811,0.390909710910819,0.5630026809651475,0.43699731903485256,163,0.13448844884488448
overall,promotion_reduced_interpretable,extra_trees,3,373,0.5586344670585848,0.44136553294141523,0.6032171581769437,0.3967828418230563,148,0.12211221122112212
overall,promotion_reduced_interpretable,extra_trees,4,373,0.5185522836919548,0.48144771630804517,0.646112600536193,0.353887399463807,132,0.10891089108910891
overall,promotion_reduced_interpretable,extra_trees,5,373,0.48771066472795427,0.5122893352720457,0.6675603217158177,0.3324396782841823,124,0.10231023102310231
overall,promotion_reduced_interpretable,extra_trees,6,373,0.45737541414394495,0.5426245858560551,0.7265415549597856,0.2734584450402145,102,0.08415841584158416
overall,promotion_reduced_interpretable,extra_trees,7,373,0.42834689085458116,0.5716531091454188,0.7319034852546917,0.2680965147453083,100,0.08250825082508251
overall,promotion_reduced_interpretable,extra_trees,8,373,0.4041897949041695,0.5958102050958305,0.7533512064343163,0.24664879356568364,92,0.07590759075907591
overall,promotion_reduced_interpretable,extra_trees,9,373,0.3771376682917194,0.6228623317082805,0.7828418230563002,0.21715817694369974,81,0.06683168316831684
overall,promotion_reduced_interpretable,extra_trees,10,373,0.32553457631159805,0.6744654236884019,0.8337801608579088,0.16621983914209115,62,0.05115511551155116
overall,promotion_reduced_interpretable,gradient_boosting,1,374,0.5749019178032023,0.42509808219679773,0.4786096256684492,0.5213903743315508,195,0.1608910891089109
overall,promotion_reduced_interpretable,gradient_boosting,2,373,0.46578201765944,0.5342179823405601,0.5067024128686327,0.4932975871313673,184,0.15181518151815182
overall,promotion_reduced_interpretable,gradient_boosting,3,373,0.4027732522517041,0.597226747748296,0.6273458445040214,0.3726541554959786,139,0.11468646864686469
overall,promotion_reduced_interpretable,gradient_boosting,4,373,0.3532319204267195,0.6467680795732804,0.6380697050938338,0.36193029490616624,135,0.11138613861386139
overall,promotion_reduced_interpretable,gradient_boosting,5,373,0.3205197415578542,0.6794802584421459,0.6729222520107239,0.32707774798927614,122,0.10066006600660066
overall,promotion_reduced_interpretable,gradient_boosting,6,373,0.2910703026850522,0.7089296973149479,0.707774798927614,0.29222520107238603,109,0.08993399339933994
overall,promotion_reduced_interpretable,gradient_boosting,7,373,0.26356425506491377,0.7364357449350863,0.7453083109919572,0.2546916890080429,95,0.07838283828382839
overall,promotion_reduced_interpretable,gradient_boosting,8,373,0.23636547661520246,0.7636345233847976,0.7560321715817694,0.24396782841823056,91,0.07508250825082509
overall,promotion_reduced_interpretable,gradient_boosting,9,373,0.20849786876608656,0.7915021312339133,0.8016085790884718,0.19839142091152814,74,0.06105610561056106
overall,promotion_reduced_interpretable,gradient_boosting,10,373,0.1620918084280951,0.8379081915719049,0.8176943699731903,0.18230563002680966,68,0.056105610561056105
overall,promotion_reduced_interpretable,hist_gradient_boosting,1,374,0.5618182361667318,0.4381817638332683,0.4358288770053476,0.5641711229946524,211,0.1740924092409241
overall,promotion_reduced_interpretable,hist_gradient_boosting,2,373,0.46149300549700295,0.538506994502997,0.5281501340482574,0.4718498659517426,176,0.14521452145214522
overall,promotion_reduced_interpretable,hist_gradient_boosting,3,373,0.40343514045267165,0.5965648595473284,0.646112600536193,0.353887399463807,132,0.10891089108910891
overall,promotion_reduced_interpretable,hist_gradient_boosting,4,373,0.35832079550933266,0.6416792044906673,0.6273458445040214,0.3726541554959786,139,0.11468646864686469
overall,promotion_reduced_interpretable,hist_gradient_boosting,5,373,0.3239977404636333,0.6760022595363667,0.6648793565683646,0.3351206434316354,125,0.10313531353135313
overall,promotion_reduced_interpretable,hist_gradient_boosting,6,373,0.29337361499298936,0.7066263850070107,0.7050938337801609,0.2949061662198391,110,0.09075907590759076
overall,promotion_reduced_interpretable,hist_gradient_boosting,7,373,0.2603634921903891,0.7396365078096109,0.7426273458445041,0.257372654155496,96,0.07920792079207921
overall,promotion_reduced_interpretable,hist_gradient_boosting,8,373,0.23282190592760055,0.7671780940723995,0.7721179624664879,0.22788203753351208,85,0.07013201320132013
overall,promotion_reduced_interpretable,hist_gradient_boosting,9,373,0.2096621369441162,0.7903378630558837,0.8096514745308311,0.1903485254691689,71,0.05858085808580858
overall,promotion_reduced_interpretable,hist_gradient_boosting,10,373,0.16707423787096384,0.8329257621290362,0.8203753351206434,0.17962466487935658,67,0.05528052805280528
overall,promotion_reduced_interpretable,lightgbm,1,374,0.6168143406353932,0.38318565936460686,0.47593582887700536,0.5240641711229946,196,0.1617161716171617
overall,promotion_reduced_interpretable,lightgbm,2,373,0.4772915225760886,0.5227084774239114,0.5603217158176944,0.43967828418230565,164,0.1353135313531353
overall,promotion_reduced_interpretable,lightgbm,3,373,0.40617214359887166,0.5938278564011283,0.6380697050938338,0.36193029490616624,135,0.11138613861386139
overall,promotion_reduced_interpretable,lightgbm,4,373,0.35846065966079765,0.6415393403392023,0.6193029490616622,0.3806970509383378,142,0.11716171617161716
overall,promotion_reduced_interpretable,lightgbm,5,373,0.31977217777916805,0.680227822220832,0.6568364611260054,0.34316353887399464,128,0.10561056105610561
overall,promotion_reduced_interpretable,lightgbm,6,373,0.28255737857020524,0.7174426214297948,0.710455764075067,0.289544235924933,108,0.0891089108910891
overall,promotion_reduced_interpretable,lightgbm,7,373,0.2506010097150301,0.7493989902849699,0.7613941018766756,0.2386058981233244,89,0.07343234323432343
overall,promotion_reduced_interpretable,lightgbm,8,373,0.21784053829143069,0.7821594617085693,0.774798927613941,0.225201072386059,84,0.06930693069306931
overall,promotion_reduced_interpretable,lightgbm,9,373,0.1864155486917302,0.8135844513082698,0.7613941018766756,0.2386058981233244,89,0.07343234323432343
overall,promotion_reduced_interpretable,lightgbm,10,373,0.12193437818379811,0.878065621816202,0.7935656836461126,0.2064343163538874,77,0.06353135313531354
overall,promotion_reduced_interpretable,logistic,1,374,0.7082479642890361,0.2917520357109639,0.4786096256684492,0.5213903743315508,195,0.1608910891089109
overall,promotion_reduced_interpretable,logistic,2,373,0.6137145427850492,0.3862854572149508,0.5710455764075067,0.4289544235924933,160,0.132013201320132
overall,promotion_reduced_interpretable,logistic,3,373,0.5652578703586344,0.43474212964136566,0.6112600536193029,0.38873994638069703,145,0.11963696369636964
overall,promotion_reduced_interpretable,logistic,4,373,0.5313155379879294,0.46868446201207054,0.6648793565683646,0.3351206434316354,125,0.10313531353135313
overall,promotion_reduced_interpretable,logistic,5,373,0.5035805935501909,0.49641940644980903,0.7479892761394102,0.2520107238605898,94,0.07755775577557755
overall,promotion_reduced_interpretable,logistic,6,373,0.47283316827119415,0.5271668317288059,0.6675603217158177,0.3324396782841823,124,0.10231023102310231
overall,promotion_reduced_interpretable,logistic,7,373,0.4424904664660335,0.5575095335339665,0.7050938337801609,0.2949061662198391,110,0.09075907590759076
overall,promotion_reduced_interpretable,logistic,8,373,0.409833720069234,0.590166279930766,0.7345844504021448,0.26541554959785524,99,0.08168316831683169
overall,promotion_reduced_interpretable,logistic,9,373,0.36639386522568174,0.6336061347743183,0.774798927613941,0.225201072386059,84,0.06930693069306931
overall,promotion_reduced_interpretable,logistic,10,373,0.29306955424401915,0.706930445755981,0.7962466487935657,0.2037533512064343,76,0.0627062706270627
overall,promotion_reduced_interpretable,random_forest,1,374,0.6654877104975842,0.33451228950241574,0.4385026737967914,0.5614973262032086,210,0.17326732673267325
overall,promotion_reduced_interpretable,random_forest,2,373,0.5871131706875142,0.41288682931248577,0.5817694369973191,0.41823056300268097,156,0.12871287128712872
overall,promotion_reduced_interpretable,random_forest,3,373,0.539394546282774,0.46060545371722605,0.5710455764075067,0.4289544235924933,160,0.132013201320132
overall,promotion_reduced_interpretable,random_forest,4,373,0.5014606311488294,0.4985393688511706,0.6407506702412868,0.35924932975871315,134,0.11056105610561057
overall,promotion_reduced_interpretable,random_forest,5,373,0.47045080210262413,0.5295491978973759,0.6997319034852547,0.3002680965147453,112,0.0924092409240924
overall,promotion_reduced_interpretable,random_forest,6,373,0.4386662884583899,0.56133371154161,0.7184986595174263,0.28150134048257375,105,0.08663366336633663
overall,promotion_reduced_interpretable,random_forest,7,373,0.41126284523186546,0.5887371547681346,0.7506702412868632,0.24932975871313673,93,0.07673267326732673
overall,promotion_reduced_interpretable,random_forest,8,373,0.3837688156409009,0.6162311843590992,0.7533512064343163,0.24664879356568364,92,0.07590759075907591
overall,promotion_reduced_interpretable,random_forest,9,373,0.3546272051364268,0.6453727948635732,0.7962466487935657,0.2037533512064343,76,0.0627062706270627
overall,promotion_reduced_interpretable,random_forest,10,373,0.30454788305413827,0.6954521169458617,0.8016085790884718,0.19839142091152814,74,0.06105610561056106
overall,promotion_reduced_interpretable,xgboost,1,374,0.5747717022895813,0.4252282977104187,0.45187165775401067,0.5481283422459893,205,0.16914191419141913
overall,promotion_reduced_interpretable,xgboost,2,373,0.46721404790878296,0.532785952091217,0.5227882037533512,0.4772117962466488,178,0.14686468646864687
overall,promotion_reduced_interpretable,xgboost,3,373,0.40513545274734497,0.594864547252655,0.6300268096514745,0.3699731903485255,138,0.11386138613861387
overall,promotion_reduced_interpretable,xgboost,4,373,0.35656487941741943,0.6434351205825806,0.6541554959785523,0.34584450402144773,129,0.10643564356435643
overall,promotion_reduced_interpretable,xgboost,5,373,0.3229598104953766,0.677040159702301,0.6568364611260054,0.34316353887399464,128,0.10561056105610561
overall,promotion_reduced_interpretable,xgboost,6,373,0.2913874089717865,0.7086126208305359,0.7238605898123325,0.2761394101876676,103,0.08498349834983498
overall,promotion_reduced_interpretable,xgboost,7,373,0.2629871666431427,0.7370128631591797,0.7131367292225201,0.2868632707774799,107,0.08828382838283828
overall,promotion_reduced_interpretable,xgboost,8,373,0.23497962951660156,0.7650203704833984,0.7667560321715817,0.23324396782841822,87,0.07178217821782178
overall,promotion_reduced_interpretable,xgboost,9,373,0.20512236654758453,0.7948775887489319,0.7855227882037533,0.21447721179624665,80,0.066006600660066
overall,promotion_reduced_interpretable,xgboost,10,373,0.15749117732048035,0.842508852481842,0.8471849865951743,0.15281501340482573,57,0.04702970297029703
overall,tree_candidate,catboost,1,374,0.5782100495195125,0.42178995048048745,0.45187165775401067,0.5481283422459893,205,0.16914191419141913
overall,tree_candidate,catboost,2,373,0.45973504214525274,0.5402649578547473,0.5254691689008043,0.4745308310991957,177,0.14603960396039603
overall,tree_candidate,catboost,3,373,0.3989420351443145,0.6010579648556855,0.6193029490616622,0.3806970509383378,142,0.11716171617161716
overall,tree_candidate,catboost,4,373,0.3562567114461305,0.6437432885538694,0.6327077747989276,0.3672922252010724,137,0.11303630363036303
overall,tree_candidate,catboost,5,373,0.3240157772842146,0.6759842227157854,0.6648793565683646,0.3351206434316354,125,0.10313531353135313
overall,tree_candidate,catboost,6,373,0.29529983822352485,0.7047001617764752,0.7533512064343163,0.24664879356568364,92,0.07590759075907591
overall,tree_candidate,catboost,7,373,0.26453560705815654,0.7354643929418434,0.7131367292225201,0.2868632707774799,107,0.08828382838283828
overall,tree_candidate,catboost,8,373,0.2332360756903767,0.7667639243096234,0.7721179624664879,0.22788203753351208,85,0.07013201320132013
overall,tree_candidate,catboost,9,373,0.20341614867632368,0.7965838513236763,0.8096514745308311,0.1903485254691689,71,0.05858085808580858
overall,tree_candidate,catboost,10,373,0.15546025257304663,0.8445397474269534,0.8096514745308311,0.1903485254691689,71,0.05858085808580858
overall,tree_candidate,dummy,1,374,1.0,0.0,0.6684491978609626,0.3315508021390374,124,0.10231023102310231
overall,tree_candidate,dummy,2,373,1.0,0.0,0.6675603217158177,0.3324396782841823,124,0.10231023102310231
overall,tree_candidate,dummy,3,373,1.0,0.0,0.646112600536193,0.353887399463807,132,0.10891089108910891
overall,tree_candidate,dummy,4,373,0.22788203753351208,0.7721179624664879,0.6916890080428955,0.30831099195710454,115,0.09488448844884488
overall,tree_candidate,dummy,5,373,0.0,1.0,0.7050938337801609,0.2949061662198391,110,0.09075907590759076
overall,tree_candidate,dummy,6,373,0.0,1.0,0.6514745308310992,0.3485254691689008,130,0.10726072607260725
overall,tree_candidate,dummy,7,373,0.0,1.0,0.6970509383378016,0.30294906166219837,113,0.09323432343234324
overall,tree_candidate,dummy,8,373,0.0,1.0,0.7050938337801609,0.2949061662198391,110,0.09075907590759076
overall,tree_candidate,dummy,9,373,0.0,1.0,0.6300268096514745,0.3699731903485255,138,0.11386138613861387
overall,tree_candidate,dummy,10,373,0.0,1.0,0.6890080428954424,0.3109919571045576,116,0.09570957095709572
overall,tree_candidate,extra_trees,1,374,0.7132601169530554,0.2867398830469446,0.446524064171123,0.553475935828877,207,0.1707920792079208
overall,tree_candidate,extra_trees,2,373,0.6241597110207667,0.3758402889792333,0.5576407506702413,0.44235924932975873,165,0.13613861386138615
overall,tree_candidate,extra_trees,3,373,0.57047918624921,0.42952081375079,0.6085790884718498,0.3914209115281501,146,0.12046204620462046
overall,tree_candidate,extra_trees,4,373,0.5251647105761562,0.4748352894238438,0.6085790884718498,0.3914209115281501,146,0.12046204620462046
overall,tree_candidate,extra_trees,5,373,0.48819908252626387,0.5118009174737361,0.7131367292225201,0.2868632707774799,107,0.08828382838283828
overall,tree_candidate,extra_trees,6,373,0.45307630822576805,0.546923691774232,0.6943699731903485,0.30563002680965146,114,0.09405940594059406
overall,tree_candidate,extra_trees,7,373,0.419877895811735,0.580122104188265,0.7560321715817694,0.24396782841823056,91,0.07508250825082509
overall,tree_candidate,extra_trees,8,373,0.38935640788770853,0.6106435921122915,0.7667560321715817,0.23324396782841822,87,0.07178217821782178
overall,tree_candidate,extra_trees,9,373,0.355094484967902,0.644905515032098,0.7721179624664879,0.22788203753351208,85,0.07013201320132013
overall,tree_candidate,extra_trees,10,373,0.28782086054462847,0.7121791394553716,0.8284182305630027,0.17158176943699732,64,0.052805280528052806
overall,tree_candidate,gradient_boosting,1,374,0.5781454845183239,0.4218545154816761,0.45187165775401067,0.5481283422459893,205,0.16914191419141913
overall,tree_candidate,gradient_boosting,2,373,0.46723451929183196,0.532765480708168,0.5361930294906166,0.46380697050938335,173,0.14273927392739275
overall,tree_candidate,gradient_boosting,3,373,0.4038108019311508,0.5961891980688492,0.613941018766756,0.38605898123324395,144,0.1188118811881188
overall,tree_candidate,gradient_boosting,4,373,0.3566626237056476,0.6433373762943524,0.6514745308310992,0.3485254691689008,130,0.10726072607260725
overall,tree_candidate,gradient_boosting,5,373,0.32377066466051163,0.6762293353394883,0.6702412868632708,0.3297587131367292,123,0.10148514851485149
overall,tree_candidate,gradient_boosting,6,373,0.29339863695062346,0.7066013630493766,0.7184986595174263,0.28150134048257375,105,0.08663366336633663
overall,tree_candidate,gradient_boosting,7,373,0.2632372341803366,0.7367627658196634,0.7184986595174263,0.28150134048257375,105,0.08663366336633663
overall,tree_candidate,gradient_boosting,8,373,0.2355319191675981,0.7644680808324019,0.7506702412868632,0.24932975871313673,93,0.07673267326732673
overall,tree_candidate,gradient_boosting,9,373,0.20793507626155683,0.7920649237384432,0.8176943699731903,0.18230563002680966,68,0.056105610561056105
overall,tree_candidate,gradient_boosting,10,373,0.15864049761587284,0.8413595023841272,0.8230563002680965,0.1769436997319035,66,0.054455445544554455
overall,tree_candidate,hist_gradient_boosting,1,374,0.5692225547268296,0.43077744527317036,0.43315508021390375,0.5668449197860963,212,0.17491749174917492
overall,tree_candidate,hist_gradient_boosting,2,373,0.456443943841923,0.543556056158077,0.5924932975871313,0.4075067024128686,152,0.1254125412541254
overall,tree_candidate,hist_gradient_boosting,3,373,0.4041745987736287,0.5958254012263713,0.5871313672922251,0.4128686327077748,154,0.12706270627062707
overall,tree_candidate,hist_gradient_boosting,4,373,0.36037639813709965,0.6396236018629003,0.6353887399463807,0.3646112600536193,136,0.11221122112211221
overall,tree_candidate,hist_gradient_boosting,5,373,0.3265038466999535,0.6734961533000465,0.6621983914209115,0.3378016085790885,126,0.10396039603960396
overall,tree_candidate,hist_gradient_boosting,6,373,0.29227381705496475,0.7077261829450352,0.7158176943699732,0.28418230563002683,106,0.08745874587458746
overall,tree_candidate,hist_gradient_boosting,7,373,0.2603402918706255,0.7396597081293745,0.7479892761394102,0.2520107238605898,94,0.07755775577557755
overall,tree_candidate,hist_gradient_boosting,8,373,0.23219056613830433,0.7678094338616958,0.7613941018766756,0.2386058981233244,89,0.07343234323432343
overall,tree_candidate,hist_gradient_boosting,9,373,0.2066103297907713,0.7933896702092287,0.774798927613941,0.225201072386059,84,0.06930693069306931
overall,tree_candidate,hist_gradient_boosting,10,373,0.1639699458346827,0.8360300541653173,0.8418230563002681,0.1581769436997319,59,0.04867986798679868
overall,tree_candidate,lightgbm,1,374,0.616081968831965,0.38391803116803497,0.47593582887700536,0.5240641711229946,196,0.1617161716171617
overall,tree_candidate,lightgbm,2,373,0.4771517653287051,0.5228482346712948,0.5495978552278821,0.450402144772118,168,0.13861386138613863
overall,tree_candidate,lightgbm,3,373,0.41094998148210654,0.5890500185178935,0.613941018766756,0.38605898123324395,144,0.1188118811881188
overall,tree_candidate,lightgbm,4,373,0.3614268748589128,0.6385731251410872,0.6327077747989276,0.3672922252010724,137,0.11303630363036303
overall,tree_candidate,lightgbm,5,373,0.320688541346065,0.6793114586539349,0.710455764075067,0.289544235924933,108,0.0891089108910891
overall,tree_candidate,lightgbm,6,373,0.2838634923390676,0.7161365076609324,0.6970509383378016,0.30294906166219837,113,0.09323432343234324
overall,tree_candidate,lightgbm,7,373,0.24667904417378755,0.7533209558262124,0.710455764075067,0.289544235924933,108,0.0891089108910891
overall,tree_candidate,lightgbm,8,373,0.21624421588182074,0.7837557841181793,0.7560321715817694,0.24396782841823056,91,0.07508250825082509
overall,tree_candidate,lightgbm,9,373,0.1808531113070487,0.8191468886929514,0.7828418230563002,0.21715817694369974,81,0.06683168316831684
overall,tree_candidate,lightgbm,10,373,0.1150840824293778,0.8849159175706223,0.8230563002680965,0.1769436997319035,66,0.054455445544554455
overall,tree_candidate,logistic,1,374,0.739452025002306,0.26054797499769394,0.4732620320855615,0.5267379679144385,197,0.16254125412541254
overall,tree_candidate,logistic,2,373,0.6377880746994489,0.36221192530055113,0.5281501340482574,0.4718498659517426,176,0.14521452145214522
overall,tree_candidate,logistic,3,373,0.582117047674451,0.41788295232554895,0.5871313672922251,0.4128686327077748,154,0.12706270627062707
overall,tree_candidate,logistic,4,373,0.5396281262814018,0.46037187371859817,0.6729222520107239,0.32707774798927614,122,0.10066006600660066
overall,tree_candidate,logistic,5,373,0.5005601206455911,0.4994398793544089,0.6836461126005362,0.3163538873994638,118,0.09735973597359736
overall,tree_candidate,logistic,6,373,0.46611260190363885,0.5338873980963611,0.710455764075067,0.289544235924933,108,0.0891089108910891
overall,tree_candidate,logistic,7,373,0.43071799717021964,0.5692820028297804,0.7238605898123325,0.2761394101876676,103,0.08498349834983498
overall,tree_candidate,logistic,8,373,0.3926030918342112,0.6073969081657888,0.7694369973190348,0.23056300268096513,86,0.07095709570957096
overall,tree_candidate,logistic,9,373,0.3499749267302893,0.6500250732697107,0.7882037533512064,0.21179624664879357,79,0.06518151815181518
overall,tree_candidate,logistic,10,373,0.26873280298645225,0.7312671970135478,0.8150134048257373,0.18498659517426275,69,0.05693069306930693
overall,tree_candidate,random_forest,1,374,0.6904534926680587,0.3095465073319414,0.44385026737967914,0.5561497326203209,208,0.1716171617161716
overall,tree_candidate,random_forest,2,373,0.5964328602231884,0.4035671397768115,0.5630026809651475,0.43699731903485256,163,0.13448844884488448
overall,tree_candidate,random_forest,3,373,0.5454024076797646,0.4545975923202354,0.6032171581769437,0.3967828418230563,148,0.12211221122112212
overall,tree_candidate,random_forest,4,373,0.5013834161942176,0.49861658380578244,0.6219839142091153,0.3780160857908847,141,0.11633663366336634
overall,tree_candidate,random_forest,5,373,0.4671055658247369,0.532894434175263,0.7024128686327078,0.2975871313672922,111,0.09158415841584158
overall,tree_candidate,random_forest,6,373,0.4357206461168561,0.5642793538831439,0.7265415549597856,0.2734584450402145,102,0.08415841584158416
overall,tree_candidate,random_forest,7,373,0.40417949015781335,0.5958205098421866,0.7238605898123325,0.2761394101876676,103,0.08498349834983498
overall,tree_candidate,random_forest,8,373,0.37383785941567993,0.6261621405843201,0.7265415549597856,0.2734584450402145,102,0.08415841584158416
overall,tree_candidate,random_forest,9,373,0.34231521084109434,0.6576847891589057,0.8203753351206434,0.17962466487935658,67,0.05528052805280528
overall,tree_candidate,random_forest,10,373,0.28663711660325586,0.7133628833967441,0.8203753351206434,0.17962466487935658,67,0.05528052805280528
overall,tree_candidate,xgboost,1,374,0.5856325030326843,0.4143674671649933,0.446524064171123,0.553475935828877,207,0.1707920792079208
overall,tree_candidate,xgboost,2,373,0.469940185546875,0.530059814453125,0.5442359249329759,0.45576407506702415,170,0.14026402640264027
overall,tree_candidate,xgboost,3,373,0.4055659770965576,0.5944340229034424,0.6005361930294906,0.39946380697050937,149,0.12293729372937294
overall,tree_candidate,xgboost,4,373,0.35944700241088867,0.6405529975891113,0.6380697050938338,0.36193029490616624,135,0.11138613861386139
overall,tree_candidate,xgboost,5,373,0.3253684341907501,0.6746315360069275,0.6943699731903485,0.30563002680965146,114,0.09405940594059406
overall,tree_candidate,xgboost,6,373,0.29377782344818115,0.7062221765518188,0.7372654155495979,0.26273458445040215,98,0.08085808580858085
overall,tree_candidate,xgboost,7,373,0.2603060007095337,0.7396939992904663,0.7024128686327078,0.2975871313672922,111,0.09158415841584158
overall,tree_candidate,xgboost,8,373,0.23140639066696167,0.7685936093330383,0.7533512064343163,0.24664879356568364,92,0.07590759075907591
overall,tree_candidate,xgboost,9,373,0.2016930729150772,0.798306941986084,0.7989276139410187,0.20107238605898123,75,0.06188118811881188
overall,tree_candidate,xgboost,10,373,0.15139363706111908,0.8486064076423645,0.8364611260053619,0.16353887399463807,61,0.05033003300330033
overall,without_churn_prevention,catboost,1,374,0.5696168367203023,0.4303831632796977,0.4786096256684492,0.5213903743315508,195,0.1608910891089109
overall,without_churn_prevention,catboost,2,373,0.45494736069979475,0.5450526393002052,0.5388739946380697,0.46112600536193027,172,0.1419141914191419
overall,without_churn_prevention,catboost,3,373,0.3998366246313812,0.6001633753686187,0.5978552278820375,0.40214477211796246,150,0.12376237623762376
overall,without_churn_prevention,catboost,4,373,0.35760218200958044,0.6423978179904195,0.613941018766756,0.38605898123324395,144,0.1188118811881188
overall,without_churn_prevention,catboost,5,373,0.3227836214299434,0.6772163785700567,0.7184986595174263,0.28150134048257375,105,0.08663366336633663
overall,without_churn_prevention,catboost,6,373,0.29274900439798246,0.7072509956020175,0.7024128686327078,0.2975871313672922,111,0.09158415841584158
overall,without_churn_prevention,catboost,7,373,0.26562550169473415,0.7343744983052659,0.7345844504021448,0.26541554959785524,99,0.08168316831683169
overall,without_churn_prevention,catboost,8,373,0.23779354998331936,0.7622064500166806,0.7533512064343163,0.24664879356568364,92,0.07590759075907591
overall,without_churn_prevention,catboost,9,373,0.20739562900510608,0.792604370994894,0.806970509383378,0.19302949061662197,72,0.0594059405940594
overall,without_churn_prevention,catboost,10,373,0.15786883036061414,0.8421311696393858,0.806970509383378,0.19302949061662197,72,0.0594059405940594
overall,without_churn_prevention,dummy,1,374,1.0,0.0,0.6684491978609626,0.3315508021390374,124,0.10231023102310231
overall,without_churn_prevention,dummy,2,373,1.0,0.0,0.6675603217158177,0.3324396782841823,124,0.10231023102310231
overall,without_churn_prevention,dummy,3,373,1.0,0.0,0.646112600536193,0.353887399463807,132,0.10891089108910891
overall,without_churn_prevention,dummy,4,373,0.22788203753351208,0.7721179624664879,0.6916890080428955,0.30831099195710454,115,0.09488448844884488
overall,without_churn_prevention,dummy,5,373,0.0,1.0,0.7050938337801609,0.2949061662198391,110,0.09075907590759076
overall,without_churn_prevention,dummy,6,373,0.0,1.0,0.6514745308310992,0.3485254691689008,130,0.10726072607260725
overall,without_churn_prevention,dummy,7,373,0.0,1.0,0.6970509383378016,0.30294906166219837,113,0.09323432343234324
overall,without_churn_prevention,dummy,8,373,0.0,1.0,0.7050938337801609,0.2949061662198391,110,0.09075907590759076
overall,without_churn_prevention,dummy,9,373,0.0,1.0,0.6300268096514745,0.3699731903485255,138,0.11386138613861387
overall,without_churn_prevention,dummy,10,373,0.0,1.0,0.6890080428954424,0.3109919571045576,116,0.09570957095709572
overall,without_churn_prevention,extra_trees,1,374,0.7102806946199899,0.2897193053800101,0.46524064171123,0.5347593582887701,200,0.16501650165016502
overall,without_churn_prevention,extra_trees,2,373,0.6183206635232825,0.38167933647671753,0.5576407506702413,0.44235924932975873,165,0.13613861386138615
overall,without_churn_prevention,extra_trees,3,373,0.5668225409425146,0.43317745905748534,0.613941018766756,0.38605898123324395,144,0.1188118811881188
overall,without_churn_prevention,extra_trees,4,373,0.5267595716373659,0.47324042836263414,0.6005361930294906,0.39946380697050937,149,0.12293729372937294
overall,without_churn_prevention,extra_trees,5,373,0.49138045365857697,0.508619546341423,0.707774798927614,0.29222520107238603,109,0.08993399339933994
overall,without_churn_prevention,extra_trees,6,373,0.45655305788696615,0.5434469421130338,0.6890080428954424,0.3109919571045576,116,0.09570957095709572
overall,without_churn_prevention,extra_trees,7,373,0.4226338898879705,0.5773661101120294,0.7694369973190348,0.23056300268096513,86,0.07095709570957096
overall,without_churn_prevention,extra_trees,8,373,0.3913493878416956,0.6086506121583044,0.7613941018766756,0.2386058981233244,89,0.07343234323432343
overall,without_churn_prevention,extra_trees,9,373,0.35717197016282853,0.6428280298371715,0.7855227882037533,0.21447721179624665,80,0.066006600660066
overall,without_churn_prevention,extra_trees,10,373,0.28995152508370226,0.7100484749162977,0.8016085790884718,0.19839142091152814,74,0.06105610561056106
overall,without_churn_prevention,gradient_boosting,1,374,0.5678205957925772,0.4321794042074228,0.4732620320855615,0.5267379679144385,197,0.16254125412541254
overall,without_churn_prevention,gradient_boosting,2,373,0.4623052306781586,0.5376947693218413,0.546916890080429,0.45308310991957107,169,0.13943894389438943
overall,without_churn_prevention,gradient_boosting,3,373,0.40265942512007713,0.5973405748799229,0.6058981233243967,0.3941018766756032,147,0.12128712871287128
overall,without_churn_prevention,gradient_boosting,4,373,0.35622457506324406,0.643775424936756,0.6380697050938338,0.36193029490616624,135,0.11138613861386139
overall,without_churn_prevention,gradient_boosting,5,373,0.32256436273599054,0.6774356372640095,0.6997319034852547,0.3002680965147453,112,0.0924092409240924
overall,without_churn_prevention,gradient_boosting,6,373,0.29385673293635634,0.7061432670636436,0.6997319034852547,0.3002680965147453,112,0.0924092409240924
overall,without_churn_prevention,gradient_boosting,7,373,0.2649569239410583,0.7350430760589416,0.7292225201072386,0.2707774798927614,101,0.08333333333333333
overall,without_churn_prevention,gradient_boosting,8,373,0.23799925609807848,0.7620007439019215,0.7265415549597856,0.2734584450402145,102,0.08415841584158416
overall,without_churn_prevention,gradient_boosting,9,373,0.20983242632110968,0.7901675736788903,0.8096514745308311,0.1903485254691689,71,0.05858085808580858
overall,without_churn_prevention,gradient_boosting,10,373,0.16086372020901807,0.8391362797909819,0.8230563002680965,0.1769436997319035,66,0.054455445544554455
overall,without_churn_prevention,hist_gradient_boosting,1,374,0.5516937119871035,0.44830628801289646,0.45187165775401067,0.5481283422459893,205,0.16914191419141913
overall,without_churn_prevention,hist_gradient_boosting,2,373,0.4476976795301068,0.5523023204698931,0.5522788203753352,0.4477211796246649,167,0.1377887788778878
overall,without_churn_prevention,hist_gradient_boosting,3,373,0.3991088216589077,0.6008911783410923,0.6380697050938338,0.36193029490616624,135,0.11138613861386139
overall,without_churn_prevention,hist_gradient_boosting,4,373,0.35874013434870433,0.6412598656512957,0.6353887399463807,0.3646112600536193,136,0.11221122112211221
overall,without_churn_prevention,hist_gradient_boosting,5,373,0.3268502009903627,0.6731497990096372,0.6487935656836461,0.3512064343163539,131,0.10808580858085809
overall,without_churn_prevention,hist_gradient_boosting,6,373,0.29276141097685215,0.7072385890231478,0.739946380697051,0.26005361930294907,97,0.08003300330033003
overall,without_churn_prevention,hist_gradient_boosting,7,373,0.2621693840606246,0.7378306159393754,0.7184986595174263,0.28150134048257375,105,0.08663366336633663
overall,without_churn_prevention,hist_gradient_boosting,8,373,0.2376587984288305,0.7623412015711695,0.7560321715817694,0.24396782841823056,91,0.07508250825082509
overall,without_churn_prevention,hist_gradient_boosting,9,373,0.21382588557874269,0.7861741144212573,0.7882037533512064,0.21179624664879357,79,0.06518151815181518
overall,without_churn_prevention,hist_gradient_boosting,10,373,0.17236305154739057,0.8276369484526095,0.8230563002680965,0.1769436997319035,66,0.054455445544554455
overall,without_churn_prevention,lightgbm,1,374,0.6083490119798205,0.3916509880201795,0.47593582887700536,0.5240641711229946,196,0.1617161716171617
overall,without_churn_prevention,lightgbm,2,373,0.4732772961384107,0.5267227038615893,0.5871313672922251,0.4128686327077748,154,0.12706270627062707
overall,without_churn_prevention,lightgbm,3,373,0.40919954725572416,0.5908004527442758,0.6568364611260054,0.34316353887399464,128,0.10561056105610561
overall,without_churn_prevention,lightgbm,4,373,0.36159409884338356,0.6384059011566164,0.6434316353887399,0.35656836461126007,133,0.10973597359735973
overall,without_churn_prevention,lightgbm,5,373,0.32373192987435956,0.6762680701256405,0.6568364611260054,0.34316353887399464,128,0.10561056105610561
overall,without_churn_prevention,lightgbm,6,373,0.2860293541077566,0.7139706458922433,0.67828418230563,0.32171581769436997,120,0.09900990099009901
overall,without_churn_prevention,lightgbm,7,373,0.25128132639807754,0.7487186736019226,0.7265415549597856,0.2734584450402145,102,0.08415841584158416
overall,without_churn_prevention,lightgbm,8,373,0.2192912204818013,0.7807087795181988,0.7560321715817694,0.24396782841823056,91,0.07508250825082509
overall,without_churn_prevention,lightgbm,9,373,0.1810417742815578,0.8189582257184422,0.7613941018766756,0.2386058981233244,89,0.07343234323432343
overall,without_churn_prevention,lightgbm,10,373,0.1182080729140602,0.8817919270859397,0.8096514745308311,0.1903485254691689,71,0.05858085808580858
overall,without_churn_prevention,logistic,1,374,0.7385200724728479,0.2614799275271521,0.4893048128342246,0.5106951871657754,191,0.15759075907590758
overall,without_churn_prevention,logistic,2,373,0.6362238920031592,0.36377610799684074,0.5415549597855228,0.4584450402144772,171,0.14108910891089108
overall,without_churn_prevention,logistic,3,373,0.5804759393816046,0.4195240606183954,0.5603217158176944,0.43967828418230565,164,0.1353135313531353
overall,without_churn_prevention,logistic,4,373,0.5371680394390459,0.46283196056095405,0.6702412868632708,0.3297587131367292,123,0.10148514851485149
overall,without_churn_prevention,logistic,5,373,0.4998222033822944,0.5001777966177057,0.6970509383378016,0.30294906166219837,113,0.09323432343234324
overall,without_churn_prevention,logistic,6,373,0.4654239043256928,0.5345760956743072,0.6997319034852547,0.3002680965147453,112,0.0924092409240924
overall,without_churn_prevention,logistic,7,373,0.43142223319803225,0.5685777668019678,0.7238605898123325,0.2761394101876676,103,0.08498349834983498
overall,without_churn_prevention,logistic,8,373,0.3944435949354559,0.6055564050645441,0.739946380697051,0.26005361930294907,97,0.08003300330033003
overall,without_churn_prevention,logistic,9,373,0.35101415941689545,0.6489858405831045,0.8096514745308311,0.1903485254691689,71,0.05858085808580858
overall,without_churn_prevention,logistic,10,373,0.2704734349038015,0.7295265650961986,0.8203753351206434,0.17962466487935658,67,0.05528052805280528
overall,without_churn_prevention,random_forest,1,374,0.6901448914082933,0.30985510859170673,0.4679144385026738,0.5320855614973262,199,0.16419141914191418
overall,without_churn_prevention,random_forest,2,373,0.5916092569508302,0.4083907430491697,0.5603217158176944,0.43967828418230565,164,0.1353135313531353
overall,without_churn_prevention,random_forest,3,373,0.5419783077252456,0.4580216922747544,0.6193029490616622,0.3806970509383378,142,0.11716171617161716
overall,without_churn_prevention,random_forest,4,373,0.5031078909930778,0.49689210900692216,0.6058981233243967,0.3941018766756032,147,0.12128712871287128
overall,without_churn_prevention,random_forest,5,373,0.4693395939017438,0.5306604060982562,0.67828418230563,0.32171581769436997,120,0.09900990099009901
overall,without_churn_prevention,random_forest,6,373,0.43764165501533236,0.5623583449846676,0.7345844504021448,0.26541554959785524,99,0.08168316831683169
overall,without_churn_prevention,random_forest,7,373,0.4061757943417308,0.5938242056582692,0.7211796246648794,0.27882037533512066,104,0.0858085808580858
overall,without_churn_prevention,random_forest,8,373,0.37591330622430275,0.6240866937756973,0.7506702412868632,0.24932975871313673,93,0.07673267326732673
overall,without_churn_prevention,random_forest,9,373,0.34430157185049276,0.6556984281495072,0.7935656836461126,0.2064343163538874,77,0.06353135313531354
overall,without_churn_prevention,random_forest,10,373,0.28488888244474037,0.7151111175552596,0.8203753351206434,0.17962466487935658,67,0.05528052805280528
overall,without_churn_prevention,xgboost,1,374,0.5770012140274048,0.4229988157749176,0.4572192513368984,0.5427807486631016,203,0.1674917491749175
overall,without_churn_prevention,xgboost,2,373,0.4654276371002197,0.5345723628997803,0.546916890080429,0.45308310991957107,169,0.13943894389438943
overall,without_churn_prevention,xgboost,3,373,0.40520161390304565,0.5947983860969543,0.6058981233243967,0.3941018766756032,147,0.12128712871287128
overall,without_churn_prevention,xgboost,4,373,0.36070516705513,0.6392948031425476,0.6219839142091153,0.3780160857908847,141,0.11633663366336634
overall,without_churn_prevention,xgboost,5,373,0.3239893615245819,0.6760106682777405,0.7211796246648794,0.27882037533512066,104,0.0858085808580858
overall,without_churn_prevention,xgboost,6,373,0.29272040724754333,0.707279622554779,0.7292225201072386,0.2707774798927614,101,0.08333333333333333
overall,without_churn_prevention,xgboost,7,373,0.26239296793937683,0.7376070022583008,0.6863270777479893,0.3136729222520107,117,0.09653465346534654
overall,without_churn_prevention,xgboost,8,373,0.23532021045684814,0.7646797895431519,0.7265415549597856,0.2734584450402145,102,0.08415841584158416
overall,without_churn_prevention,xgboost,9,373,0.20419925451278687,0.7958007454872131,0.8230563002680965,0.1769436997319035,66,0.054455445544554455
overall,without_churn_prevention,xgboost,10,373,0.1528957635164261,0.8471042513847351,0.8337801608579088,0.16621983914209115,62,0.05115511551155116
promotion_only,content_added,catboost,1,225,0.6106559935379821,0.38934400646201783,0.4222222222222222,0.5777777777777777,130,0.15719467956469166
promotion_only,content_added,catboost,2,225,0.5064972315616078,0.49350276843839225,0.5644444444444444,0.43555555555555553,98,0.1185006045949214
promotion_only,content_added,catboost,3,224,0.4530989728742688,0.5469010271257312,0.4955357142857143,0.5044642857142857,113,0.13663845223700122
promotion_only,content_added,catboost,4,225,0.40808522787922646,0.5919147721207735,0.5955555555555555,0.40444444444444444,91,0.11003627569528417
promotion_only,content_added,catboost,5,224,0.36025442827166154,0.6397455717283386,0.59375,0.40625,91,0.11003627569528417
promotion_only,content_added,catboost,6,225,0.3252780174506274,0.6747219825493727,0.6266666666666667,0.37333333333333335,84,0.10157194679564692
promotion_only,content_added,catboost,7,224,0.29723001003879806,0.702769989961202,0.7098214285714286,0.29017857142857145,65,0.07859733978234583
promotion_only,content_added,catboost,8,225,0.26943825872473015,0.7305617412752697,0.7244444444444444,0.27555555555555555,62,0.07496977025392987
promotion_only,content_added,catboost,9,224,0.2329739927599112,0.7670260072400888,0.7857142857142857,0.21428571428571427,48,0.05804111245465538
promotion_only,content_added,catboost,10,225,0.1791173360497497,0.8208826639502503,0.8,0.2,45,0.05441354292623942
promotion_only,content_added,dummy,1,225,1.0,0.0,0.6488888888888888,0.3511111111111111,79,0.09552599758162031
promotion_only,content_added,dummy,2,225,1.0,0.0,0.64,0.36,81,0.09794437726723096
promotion_only,content_added,dummy,3,224,1.0,0.0,0.5580357142857143,0.4419642857142857,99,0.11970979443772672
promotion_only,content_added,dummy,4,225,0.76,0.24,0.6933333333333334,0.30666666666666664,69,0.08343409915356712
promotion_only,content_added,dummy,5,224,0.0,1.0,0.6294642857142857,0.3705357142857143,83,0.1003627569528416
promotion_only,content_added,dummy,6,225,0.0,1.0,0.64,0.36,81,0.09794437726723096
promotion_only,content_added,dummy,7,224,0.0,1.0,0.6517857142857143,0.3482142857142857,78,0.094316807738815
promotion_only,content_added,dummy,8,225,0.0,1.0,0.6177777777777778,0.38222222222222224,86,0.10399032648125756
promotion_only,content_added,dummy,9,224,0.0,1.0,0.6160714285714286,0.38392857142857145,86,0.10399032648125756
promotion_only,content_added,dummy,10,225,0.0,1.0,0.6222222222222222,0.37777777777777777,85,0.10278113663845223
promotion_only,content_added,extra_trees,1,225,0.6890535013525051,0.31094649864749485,0.39555555555555555,0.6044444444444445,136,0.16444981862152358
promotion_only,content_added,extra_trees,2,225,0.6219722813078522,0.37802771869214774,0.5244444444444445,0.47555555555555556,107,0.1293833131801693
promotion_only,content_added,extra_trees,3,224,0.5720514083977154,0.42794859160228466,0.5446428571428571,0.45535714285714285,102,0.12333736396614269
promotion_only,content_added,extra_trees,4,225,0.5311946218080845,0.4688053781919155,0.5777777777777777,0.4222222222222222,95,0.11487303506650544
promotion_only,content_added,extra_trees,5,224,0.4948308016967814,0.5051691983032186,0.5714285714285714,0.42857142857142855,96,0.11608222490931076
promotion_only,content_added,extra_trees,6,225,0.45472257706871133,0.5452774229312887,0.6222222222222222,0.37777777777777777,85,0.10278113663845223
promotion_only,content_added,extra_trees,7,224,0.41645784374404854,0.5835421562559515,0.7098214285714286,0.29017857142857145,65,0.07859733978234583
promotion_only,content_added,extra_trees,8,225,0.3875153465636842,0.6124846534363159,0.7733333333333333,0.22666666666666666,51,0.06166868198307134
promotion_only,content_added,extra_trees,9,224,0.3616926562762564,0.6383073437237436,0.7633928571428571,0.23660714285714285,53,0.06408706166868199
promotion_only,content_added,extra_trees,10,225,0.31628430821809267,0.6837156917819073,0.8355555555555556,0.16444444444444445,37,0.044740024183796856
promotion_only,content_added,gradient_boosting,1,225,0.6036623776027122,0.39633762239728776,0.40444444444444444,0.5955555555555555,134,0.16203143893591293
promotion_only,content_added,gradient_boosting,2,225,0.5162852909877605,0.48371470901223945,0.5111111111111111,0.4888888888888889,110,0.13301088270858524
promotion_only,content_added,gradient_boosting,3,224,0.4604289337355195,0.5395710662644805,0.5446428571428571,0.45535714285714285,102,0.12333736396614269
promotion_only,content_added,gradient_boosting,4,225,0.4100940350629272,0.5899059649370728,0.5911111111111111,0.4088888888888889,92,0.11124546553808948
promotion_only,content_added,gradient_boosting,5,224,0.36149741028100235,0.6385025897189976,0.6116071428571429,0.38839285714285715,87,0.10519951632406288
promotion_only,content_added,gradient_boosting,6,225,0.32624502612288486,0.6737549738771151,0.6533333333333333,0.3466666666666667,78,0.094316807738815
promotion_only,content_added,gradient_boosting,7,224,0.29712048718926015,0.7028795128107398,0.6875,0.3125,70,0.08464328899637243
promotion_only,content_added,gradient_boosting,8,225,0.26869644562206013,0.7313035543779398,0.7155555555555555,0.28444444444444444,64,0.0773881499395405
promotion_only,content_added,gradient_boosting,9,224,0.2356652473862141,0.7643347526137859,0.8035714285714286,0.19642857142857142,44,0.053204353083434096
promotion_only,content_added,gradient_boosting,10,225,0.18438871378417634,0.8156112862158237,0.7955555555555556,0.20444444444444446,46,0.05562273276904474
promotion_only,content_added,hist_gradient_boosting,1,225,0.6847646636266781,0.31523533637332196,0.48,0.52,117,0.1414752116082225
promotion_only,content_added,hist_gradient_boosting,2,225,0.5529015700863493,0.4470984299136507,0.5466666666666666,0.4533333333333333,102,0.12333736396614269
promotion_only,content_added,hist_gradient_boosting,3,224,0.4756561575327886,0.5243438424672113,0.5669642857142857,0.4330357142857143,97,0.11729141475211609
promotion_only,content_added,hist_gradient_boosting,4,225,0.4129438211798392,0.5870561788201607,0.5866666666666667,0.41333333333333333,93,0.1124546553808948
promotion_only,content_added,hist_gradient_boosting,5,224,0.3621846902409046,0.6378153097590954,0.6160714285714286,0.38392857142857145,86,0.10399032648125756
promotion_only,content_added,hist_gradient_boosting,6,225,0.3130193437496216,0.6869806562503783,0.6133333333333333,0.38666666666666666,87,0.10519951632406288
promotion_only,content_added,hist_gradient_boosting,7,224,0.2719964912217851,0.728003508778215,0.65625,0.34375,77,0.09310761789600967
promotion_only,content_added,hist_gradient_boosting,8,225,0.2322596118088508,0.7677403881911492,0.7244444444444444,0.27555555555555555,62,0.07496977025392987
promotion_only,content_added,hist_gradient_boosting,9,224,0.18077615346448878,0.8192238465355112,0.7544642857142857,0.24553571428571427,55,0.06650544135429262
promotion_only,content_added,hist_gradient_boosting,10,225,0.11406784421302683,0.8859321557869732,0.7733333333333333,0.22666666666666666,51,0.06166868198307134
promotion_only,content_added,lightgbm,1,225,0.6827301166052607,0.3172698833947392,0.49777777777777776,0.5022222222222222,113,0.13663845223700122
promotion_only,content_added,lightgbm,2,225,0.5560237493637645,0.44397625063623547,0.5244444444444445,0.47555555555555556,107,0.1293833131801693
promotion_only,content_added,lightgbm,3,224,0.47280000502302927,0.5271999949769708,0.5446428571428571,0.45535714285714285,102,0.12333736396614269
promotion_only,content_added,lightgbm,4,225,0.4138031831488811,0.5861968168511189,0.5955555555555555,0.40444444444444444,91,0.11003627569528417
promotion_only,content_added,lightgbm,5,224,0.3618434661859772,0.6381565338140228,0.5848214285714286,0.41517857142857145,93,0.1124546553808948
promotion_only,content_added,lightgbm,6,225,0.3199944565322723,0.6800055434677276,0.64,0.36,81,0.09794437726723096
promotion_only,content_added,lightgbm,7,224,0.2783747290224643,0.7216252709775357,0.6696428571428571,0.33035714285714285,74,0.08948004836759371
promotion_only,content_added,lightgbm,8,225,0.2316753198781254,0.7683246801218746,0.7155555555555555,0.28444444444444444,64,0.0773881499395405
promotion_only,content_added,lightgbm,9,224,0.1826550094713739,0.8173449905286262,0.7544642857142857,0.24553571428571427,55,0.06650544135429262
promotion_only,content_added,lightgbm,10,225,0.11848718637066936,0.8815128136293306,0.7911111111111111,0.2088888888888889,47,0.056831922611850064
promotion_only,content_added,logistic,1,225,0.7411357411023998,0.25886425889760023,0.4088888888888889,0.5911111111111111,133,0.1608222490931076
promotion_only,content_added,logistic,2,225,0.6451605939503057,0.35483940604969444,0.5066666666666667,0.49333333333333335,111,0.13422007255139057
promotion_only,content_added,logistic,3,224,0.586609016290798,0.41339098370920213,0.5446428571428571,0.45535714285714285,102,0.12333736396614269
promotion_only,content_added,logistic,4,225,0.5406006161434956,0.45939938385650436,0.5911111111111111,0.4088888888888889,92,0.11124546553808948
promotion_only,content_added,logistic,5,224,0.5015312987729098,0.49846870122709014,0.6116071428571429,0.38839285714285715,87,0.10519951632406288
promotion_only,content_added,logistic,6,225,0.46106116254713286,0.5389388374528671,0.6622222222222223,0.3377777777777778,76,0.09189842805320435
promotion_only,content_added,logistic,7,224,0.4266062717234428,0.5733937282765573,0.6294642857142857,0.3705357142857143,83,0.1003627569528416
promotion_only,content_added,logistic,8,225,0.3865071401628887,0.6134928598371113,0.7066666666666667,0.29333333333333333,66,0.07980652962515115
promotion_only,content_added,logistic,9,224,0.33791593804569003,0.66208406195431,0.8258928571428571,0.17410714285714285,39,0.0471584038694075
promotion_only,content_added,logistic,10,225,0.24925365535627023,0.7507463446437298,0.8311111111111111,0.1688888888888889,38,0.045949214026602174
promotion_only,content_added,random_forest,1,225,0.6760217657666014,0.3239782342333985,0.4222222222222222,0.5777777777777777,130,0.15719467956469166
promotion_only,content_added,random_forest,2,225,0.6003432728634521,0.3996567271365479,0.5066666666666667,0.49333333333333335,111,0.13422007255139057
promotion_only,content_added,random_forest,3,224,0.5512301246006477,0.44876987539935237,0.5625,0.4375,98,0.1185006045949214
promotion_only,content_added,random_forest,4,225,0.5118312341081679,0.48816876589183217,0.5333333333333333,0.4666666666666667,105,0.12696493349455865
promotion_only,content_added,random_forest,5,224,0.4718381613071937,0.5281618386928063,0.6026785714285714,0.39732142857142855,89,0.10761789600967352
promotion_only,content_added,random_forest,6,225,0.4375065195665899,0.5624934804334101,0.6355555555555555,0.36444444444444446,82,0.09915356711003627
promotion_only,content_added,random_forest,7,224,0.40796237937549573,0.5920376206245043,0.6919642857142857,0.3080357142857143,69,0.08343409915356712
promotion_only,content_added,random_forest,8,225,0.3821459800622955,0.6178540199377044,0.7333333333333333,0.26666666666666666,60,0.07255139056831923
promotion_only,content_added,random_forest,9,224,0.35550726357120627,0.6444927364287938,0.7857142857142857,0.21428571428571427,48,0.05804111245465538
promotion_only,content_added,random_forest,10,225,0.30782114809553107,0.692178851904469,0.8444444444444444,0.15555555555555556,35,0.04232164449818621
promotion_only,content_added,xgboost,1,225,0.6232702732086182,0.37672969698905945,0.4177777777777778,0.5822222222222222,131,0.15840386940749698
promotion_only,content_added,xgboost,2,225,0.5275483131408691,0.47245171666145325,0.5422222222222223,0.4577777777777778,103,0.12454655380894801
promotion_only,content_added,xgboost,3,224,0.46635034680366516,0.5336496233940125,0.5267857142857143,0.4732142857142857,106,0.12817412333736397
promotion_only,content_added,xgboost,4,225,0.4165601134300232,0.5834398865699768,0.5822222222222222,0.4177777777777778,94,0.11366384522370013
promotion_only,content_added,xgboost,5,224,0.3662033677101135,0.6337966322898865,0.5982142857142857,0.4017857142857143,90,0.10882708585247884
promotion_only,content_added,xgboost,6,225,0.3273085057735443,0.6726914644241333,0.6933333333333334,0.30666666666666664,69,0.08343409915356712
promotion_only,content_added,xgboost,7,224,0.2972293496131897,0.7027706503868103,0.6339285714285714,0.36607142857142855,82,0.09915356711003627
promotion_only,content_added,xgboost,8,225,0.26502981781959534,0.7349701523780823,0.7288888888888889,0.27111111111111114,61,0.07376058041112454
promotion_only,content_added,xgboost,9,224,0.22805579006671906,0.7719442248344421,0.7991071428571429,0.20089285714285715,45,0.05441354292623942
promotion_only,content_added,xgboost,10,225,0.1761477142572403,0.8238522410392761,0.7955555555555556,0.20444444444444446,46,0.05562273276904474
promotion_only,core_reduced,catboost,1,225,0.6195558294302653,0.38044417056973473,0.4311111111111111,0.5688888888888889,128,0.154776299879081
promotion_only,core_reduced,catboost,2,225,0.5160415561616662,0.4839584438383337,0.5022222222222222,0.49777777777777776,112,0.1354292623941959
promotion_only,core_reduced,catboost,3,224,0.46088217414403587,0.5391178258559641,0.49107142857142855,0.5089285714285714,114,0.13784764207980654
promotion_only,core_reduced,catboost,4,225,0.4146102249743224,0.5853897750256776,0.6177777777777778,0.38222222222222224,86,0.10399032648125756
promotion_only,core_reduced,catboost,5,224,0.36556349579267994,0.6344365042073201,0.6160714285714286,0.38392857142857145,86,0.10399032648125756
promotion_only,core_reduced,catboost,6,225,0.3250126652640179,0.6749873347359822,0.6266666666666667,0.37333333333333335,84,0.10157194679564692
promotion_only,core_reduced,catboost,7,224,0.2907006609130831,0.709299339086917,0.6607142857142857,0.3392857142857143,76,0.09189842805320435
promotion_only,core_reduced,catboost,8,225,0.25938109657771147,0.7406189034222886,0.7466666666666667,0.25333333333333335,57,0.06892382103990327
promotion_only,core_reduced,catboost,9,224,0.22517243977470555,0.7748275602252945,0.7857142857142857,0.21428571428571427,48,0.05804111245465538
promotion_only,core_reduced,catboost,10,225,0.17456566287178757,0.8254343371282125,0.84,0.16,36,0.04353083434099154
promotion_only,core_reduced,dummy,1,225,1.0,0.0,0.6488888888888888,0.3511111111111111,79,0.09552599758162031
promotion_only,core_reduced,dummy,2,225,1.0,0.0,0.64,0.36,81,0.09794437726723096
promotion_only,core_reduced,dummy,3,224,1.0,0.0,0.5580357142857143,0.4419642857142857,99,0.11970979443772672
promotion_only,core_reduced,dummy,4,225,0.76,0.24,0.6933333333333334,0.30666666666666664,69,0.08343409915356712
promotion_only,core_reduced,dummy,5,224,0.0,1.0,0.6294642857142857,0.3705357142857143,83,0.1003627569528416
promotion_only,core_reduced,dummy,6,225,0.0,1.0,0.64,0.36,81,0.09794437726723096
promotion_only,core_reduced,dummy,7,224,0.0,1.0,0.6517857142857143,0.3482142857142857,78,0.094316807738815
promotion_only,core_reduced,dummy,8,225,0.0,1.0,0.6177777777777778,0.38222222222222224,86,0.10399032648125756
promotion_only,core_reduced,dummy,9,224,0.0,1.0,0.6160714285714286,0.38392857142857145,86,0.10399032648125756
promotion_only,core_reduced,dummy,10,225,0.0,1.0,0.6222222222222222,0.37777777777777777,85,0.10278113663845223
promotion_only,core_reduced,extra_trees,1,225,0.6745083575247762,0.3254916424752237,0.4222222222222222,0.5777777777777777,130,0.15719467956469166
promotion_only,core_reduced,extra_trees,2,225,0.6105785420683558,0.3894214579316441,0.49777777777777776,0.5022222222222222,113,0.13663845223700122
promotion_only,core_reduced,extra_trees,3,224,0.5736133492136265,0.4263866507863735,0.5223214285714286,0.47767857142857145,107,0.1293833131801693
promotion_only,core_reduced,extra_trees,4,225,0.5349577558162053,0.4650422441837947,0.5777777777777777,0.4222222222222222,95,0.11487303506650544
promotion_only,core_reduced,extra_trees,5,224,0.5039800889634293,0.49601991103657067,0.6116071428571429,0.38839285714285715,87,0.10519951632406288
promotion_only,core_reduced,extra_trees,6,225,0.4665194362150141,0.5334805637849859,0.6355555555555555,0.36444444444444446,82,0.09915356711003627
promotion_only,core_reduced,extra_trees,7,224,0.4292053368841982,0.5707946631158018,0.7008928571428571,0.29910714285714285,67,0.08101571946795647
promotion_only,core_reduced,extra_trees,8,225,0.3970808917816719,0.6029191082183282,0.7466666666666667,0.25333333333333335,57,0.06892382103990327
promotion_only,core_reduced,extra_trees,9,224,0.36484266271155236,0.6351573372884476,0.7678571428571429,0.23214285714285715,52,0.06287787182587666
promotion_only,core_reduced,extra_trees,10,225,0.3252226968079769,0.6747773031920231,0.8355555555555556,0.16444444444444445,37,0.044740024183796856
promotion_only,core_reduced,gradient_boosting,1,225,0.6196082194069357,0.38039178059306444,0.4088888888888889,0.5911111111111111,133,0.1608222490931076
promotion_only,core_reduced,gradient_boosting,2,225,0.5229409824926482,0.47705901750735186,0.5155555555555555,0.48444444444444446,109,0.13180169286577992
promotion_only,core_reduced,gradient_boosting,3,224,0.46633584920520216,0.5336641507947978,0.5133928571428571,0.48660714285714285,109,0.13180169286577992
promotion_only,core_reduced,gradient_boosting,4,225,0.4156230458901409,0.5843769541098591,0.5911111111111111,0.4088888888888889,92,0.11124546553808948
promotion_only,core_reduced,gradient_boosting,5,224,0.3655819686450972,0.6344180313549028,0.5892857142857143,0.4107142857142857,92,0.11124546553808948
promotion_only,core_reduced,gradient_boosting,6,225,0.3214095444759087,0.6785904555240914,0.6444444444444445,0.35555555555555557,80,0.09673518742442563
promotion_only,core_reduced,gradient_boosting,7,224,0.2891162070467414,0.7108837929532587,0.6830357142857143,0.3169642857142857,71,0.08585247883917775
promotion_only,core_reduced,gradient_boosting,8,225,0.26024310830856895,0.7397568916914311,0.76,0.24,54,0.06529625151148731
promotion_only,core_reduced,gradient_boosting,9,224,0.22767353632158518,0.7723264636784147,0.7946428571428571,0.20535714285714285,46,0.05562273276904474
promotion_only,core_reduced,gradient_boosting,10,225,0.17678772351920155,0.8232122764807985,0.8177777777777778,0.18222222222222223,41,0.049576783555018135
promotion_only,core_reduced,hist_gradient_boosting,1,225,0.6836823511747762,0.31631764882522384,0.4533333333333333,0.5466666666666666,123,0.1487303506650544
promotion_only,core_reduced,hist_gradient_boosting,2,225,0.5474122350435625,0.45258776495643743,0.5244444444444445,0.47555555555555556,107,0.1293833131801693
promotion_only,core_reduced,hist_gradient_boosting,3,224,0.47383358519436614,0.5261664148056339,0.6160714285714286,0.38392857142857145,86,0.10399032648125756
promotion_only,core_reduced,hist_gradient_boosting,4,225,0.4173074919947546,0.5826925080052453,0.48,0.52,117,0.1414752116082225
promotion_only,core_reduced,hist_gradient_boosting,5,224,0.3699349543954072,0.6300650456045929,0.6294642857142857,0.3705357142857143,83,0.1003627569528416
promotion_only,core_reduced,hist_gradient_boosting,6,225,0.32717364629111556,0.6728263537088844,0.6577777777777778,0.3422222222222222,77,0.09310761789600967
promotion_only,core_reduced,hist_gradient_boosting,7,224,0.2767036467796399,0.7232963532203601,0.6607142857142857,0.3392857142857143,76,0.09189842805320435
promotion_only,core_reduced,hist_gradient_boosting,8,225,0.23312601213491305,0.766873987865087,0.7377777777777778,0.26222222222222225,59,0.07134220072551391
promotion_only,core_reduced,hist_gradient_boosting,9,224,0.18734286197860542,0.8126571380213946,0.7366071428571429,0.26339285714285715,59,0.07134220072551391
promotion_only,core_reduced,hist_gradient_boosting,10,225,0.11876105106413407,0.881238948935866,0.8222222222222222,0.17777777777777778,40,0.04836759371221282
promotion_only,core_reduced,lightgbm,1,225,0.6814954919500724,0.3185045080499276,0.4711111111111111,0.5288888888888889,119,0.14389359129383314
promotion_only,core_reduced,lightgbm,2,225,0.546793182236697,0.45320681776330296,0.4888888888888889,0.5111111111111111,115,0.13905683192261184
promotion_only,core_reduced,lightgbm,3,224,0.4718323707582835,0.5281676292417166,0.5223214285714286,0.47767857142857145,107,0.1293833131801693
promotion_only,core_reduced,lightgbm,4,225,0.41478015437627774,0.5852198456237223,0.5955555555555555,0.40444444444444444,91,0.11003627569528417
promotion_only,core_reduced,lightgbm,5,224,0.36797742564096236,0.6320225743590376,0.6160714285714286,0.38392857142857145,86,0.10399032648125756
promotion_only,core_reduced,lightgbm,6,225,0.3223100218763659,0.6776899781236341,0.6488888888888888,0.3511111111111111,79,0.09552599758162031
promotion_only,core_reduced,lightgbm,7,224,0.27503548930542204,0.724964510694578,0.6696428571428571,0.33035714285714285,74,0.08948004836759371
promotion_only,core_reduced,lightgbm,8,225,0.23270866815340308,0.7672913318465969,0.7111111111111111,0.28888888888888886,65,0.07859733978234583
promotion_only,core_reduced,lightgbm,9,224,0.18737085401608944,0.8126291459839106,0.7723214285714286,0.22767857142857142,51,0.06166868198307134
promotion_only,core_reduced,lightgbm,10,225,0.11890267346071313,0.8810973265392869,0.8222222222222222,0.17777777777777778,40,0.04836759371221282
promotion_only,core_reduced,logistic,1,225,0.7125126268488581,0.28748737315114187,0.4177777777777778,0.5822222222222222,131,0.15840386940749698
promotion_only,core_reduced,logistic,2,225,0.6243198586269949,0.3756801413730052,0.5022222222222222,0.49777777777777776,112,0.1354292623941959
promotion_only,core_reduced,logistic,3,224,0.5744562506512375,0.4255437493487625,0.5892857142857143,0.4107142857142857,92,0.11124546553808948
promotion_only,core_reduced,logistic,4,225,0.5269957698198735,0.4730042301801265,0.56,0.44,99,0.11970979443772672
promotion_only,core_reduced,logistic,5,224,0.49805720715353596,0.501942792846464,0.6160714285714286,0.38392857142857145,86,0.10399032648125756
promotion_only,core_reduced,logistic,6,225,0.4703601818612526,0.5296398181387474,0.6133333333333333,0.38666666666666666,87,0.10519951632406288
promotion_only,core_reduced,logistic,7,224,0.4413798055953685,0.5586201944046315,0.6964285714285714,0.30357142857142855,68,0.08222490931076179
promotion_only,core_reduced,logistic,8,225,0.40672271172384,0.5932772882761601,0.72,0.28,63,0.0761789600967352
promotion_only,core_reduced,logistic,9,224,0.3638399705883154,0.6361600294116847,0.8214285714285714,0.17857142857142858,40,0.04836759371221282
promotion_only,core_reduced,logistic,10,225,0.28623398850324344,0.7137660114967566,0.7822222222222223,0.21777777777777776,49,0.0592503022974607
promotion_only,core_reduced,random_forest,1,225,0.6735416103791828,0.32645838962081725,0.41333333333333333,0.5866666666666667,132,0.1596130592503023
promotion_only,core_reduced,random_forest,2,225,0.6047058516078188,0.3952941483921812,0.5288888888888889,0.4711111111111111,106,0.12817412333736397
promotion_only,core_reduced,random_forest,3,224,0.5648659860384522,0.43513401396154777,0.5357142857142857,0.4642857142857143,104,0.12575574365175332
promotion_only,core_reduced,random_forest,4,225,0.5283785593539666,0.4716214406460334,0.56,0.44,99,0.11970979443772672
promotion_only,core_reduced,random_forest,5,224,0.4877837785292614,0.5122162214707385,0.6116071428571429,0.38839285714285715,87,0.10519951632406288
promotion_only,core_reduced,random_forest,6,225,0.44946356339680893,0.5505364366031911,0.6222222222222222,0.37777777777777777,85,0.10278113663845223
promotion_only,core_reduced,random_forest,7,224,0.411455737223596,0.5885442627764039,0.6696428571428571,0.33035714285714285,74,0.08948004836759371
promotion_only,core_reduced,random_forest,8,225,0.3788561488879778,0.6211438511120222,0.7466666666666667,0.25333333333333335,57,0.06892382103990327
promotion_only,core_reduced,random_forest,9,224,0.3502440490519755,0.6497559509480245,0.8080357142857143,0.19196428571428573,43,0.05199516324062878
promotion_only,core_reduced,random_forest,10,225,0.3061363704792316,0.6938636295207684,0.8222222222222222,0.17777777777777778,40,0.04836759371221282
promotion_only,core_reduced,xgboost,1,225,0.6286901235580444,0.37130990624427795,0.43555555555555553,0.5644444444444444,127,0.15356711003627568
promotion_only,core_reduced,xgboost,2,225,0.5261966586112976,0.4738033413887024,0.49333333333333335,0.5066666666666667,114,0.13784764207980654
promotion_only,core_reduced,xgboost,3,224,0.46952155232429504,0.5304784178733826,0.5,0.5,112,0.1354292623941959
promotion_only,core_reduced,xgboost,4,225,0.41786274313926697,0.5821372270584106,0.5911111111111111,0.4088888888888889,92,0.11124546553808948
promotion_only,core_reduced,xgboost,5,224,0.36824527382850647,0.6317547559738159,0.6205357142857143,0.3794642857142857,85,0.10278113663845223
promotion_only,core_reduced,xgboost,6,225,0.324251264333725,0.6757487654685974,0.6355555555555555,0.36444444444444446,82,0.09915356711003627
promotion_only,core_reduced,xgboost,7,224,0.2900170683860779,0.7099829316139221,0.6964285714285714,0.30357142857142855,68,0.08222490931076179
promotion_only,core_reduced,xgboost,8,225,0.2593272626399994,0.740672767162323,0.7244444444444444,0.27555555555555555,62,0.07496977025392987
promotion_only,core_reduced,xgboost,9,224,0.22349002957344055,0.7765099406242371,0.7857142857142857,0.21428571428571427,48,0.05804111245465538
promotion_only,core_reduced,xgboost,10,225,0.17081491649150848,0.8291850686073303,0.8355555555555556,0.16444444444444445,37,0.044740024183796856
promotion_only,promotion_plan_focused,catboost,1,225,0.623809773202868,0.37619022679713204,0.39555555555555555,0.6044444444444445,136,0.16444981862152358
promotion_only,promotion_plan_focused,catboost,2,225,0.5193006867235296,0.4806993132764704,0.5022222222222222,0.49777777777777776,112,0.1354292623941959
promotion_only,promotion_plan_focused,catboost,3,224,0.4656146180845826,0.5343853819154174,0.5446428571428571,0.45535714285714285,102,0.12333736396614269
promotion_only,promotion_plan_focused,catboost,4,225,0.41856040221755486,0.581439597782445,0.5777777777777777,0.4222222222222222,95,0.11487303506650544
promotion_only,promotion_plan_focused,catboost,5,224,0.36789387307842164,0.6321061269215783,0.5982142857142857,0.4017857142857143,90,0.10882708585247884
promotion_only,promotion_plan_focused,catboost,6,225,0.32318118371467053,0.6768188162853295,0.6355555555555555,0.36444444444444446,82,0.09915356711003627
promotion_only,promotion_plan_focused,catboost,7,224,0.2896056970381943,0.7103943029618057,0.6741071428571429,0.32589285714285715,73,0.08827085852478839
promotion_only,promotion_plan_focused,catboost,8,225,0.254223596116073,0.745776403883927,0.7466666666666667,0.25333333333333335,57,0.06892382103990327
promotion_only,promotion_plan_focused,catboost,9,224,0.2168922645257052,0.7831077354742948,0.8080357142857143,0.19196428571428573,43,0.05199516324062878
promotion_only,promotion_plan_focused,catboost,10,225,0.1671929267488936,0.8328070732511064,0.8355555555555556,0.16444444444444445,37,0.044740024183796856
promotion_only,promotion_plan_focused,dummy,1,225,1.0,0.0,0.6488888888888888,0.3511111111111111,79,0.09552599758162031
promotion_only,promotion_plan_focused,dummy,2,225,1.0,0.0,0.64,0.36,81,0.09794437726723096
promotion_only,promotion_plan_focused,dummy,3,224,1.0,0.0,0.5580357142857143,0.4419642857142857,99,0.11970979443772672
promotion_only,promotion_plan_focused,dummy,4,225,0.76,0.24,0.6933333333333334,0.30666666666666664,69,0.08343409915356712
promotion_only,promotion_plan_focused,dummy,5,224,0.0,1.0,0.6294642857142857,0.3705357142857143,83,0.1003627569528416
promotion_only,promotion_plan_focused,dummy,6,225,0.0,1.0,0.64,0.36,81,0.09794437726723096
promotion_only,promotion_plan_focused,dummy,7,224,0.0,1.0,0.6517857142857143,0.3482142857142857,78,0.094316807738815
promotion_only,promotion_plan_focused,dummy,8,225,0.0,1.0,0.6177777777777778,0.38222222222222224,86,0.10399032648125756
promotion_only,promotion_plan_focused,dummy,9,224,0.0,1.0,0.6160714285714286,0.38392857142857145,86,0.10399032648125756
promotion_only,promotion_plan_focused,dummy,10,225,0.0,1.0,0.6222222222222222,0.37777777777777777,85,0.10278113663845223
promotion_only,promotion_plan_focused,extra_trees,1,225,0.6897190716976012,0.31028092830239884,0.4177777777777778,0.5822222222222222,131,0.15840386940749698
promotion_only,promotion_plan_focused,extra_trees,2,225,0.6265237907126642,0.3734762092873358,0.49777777777777776,0.5022222222222222,113,0.13663845223700122
promotion_only,promotion_plan_focused,extra_trees,3,224,0.5856201034386065,0.41437989656139357,0.5267857142857143,0.4732142857142857,106,0.12817412333736397
promotion_only,promotion_plan_focused,extra_trees,4,225,0.5387972151025979,0.4612027848974021,0.5688888888888889,0.4311111111111111,97,0.11729141475211609
promotion_only,promotion_plan_focused,extra_trees,5,224,0.5016367034841244,0.4983632965158757,0.6205357142857143,0.3794642857142857,85,0.10278113663845223
promotion_only,promotion_plan_focused,extra_trees,6,225,0.4637093960097764,0.5362906039902235,0.6355555555555555,0.36444444444444446,82,0.09915356711003627
promotion_only,promotion_plan_focused,extra_trees,7,224,0.4228161850643088,0.5771838149356912,0.7008928571428571,0.29910714285714285,67,0.08101571946795647
promotion_only,promotion_plan_focused,extra_trees,8,225,0.39103005798219503,0.608969942017805,0.76,0.24,54,0.06529625151148731
promotion_only,promotion_plan_focused,extra_trees,9,224,0.3571040954784171,0.642895904521583,0.7767857142857143,0.22321428571428573,50,0.060459492140266025
promotion_only,promotion_plan_focused,extra_trees,10,225,0.31117205731753594,0.6888279426824641,0.8133333333333334,0.18666666666666668,42,0.05078597339782346
promotion_only,promotion_plan_focused,gradient_boosting,1,225,0.6154185569119988,0.38458144308800135,0.38222222222222224,0.6177777777777778,139,0.16807738814993953
promotion_only,promotion_plan_focused,gradient_boosting,2,225,0.5160141615330447,0.4839858384669553,0.5066666666666667,0.49333333333333335,111,0.13422007255139057
promotion_only,promotion_plan_focused,gradient_boosting,3,224,0.4642211499416295,0.5357788500583706,0.5535714285714286,0.44642857142857145,100,0.12091898428053205
promotion_only,promotion_plan_focused,gradient_boosting,4,225,0.41690775543825487,0.5830922445617452,0.5644444444444444,0.43555555555555553,98,0.1185006045949214
promotion_only,promotion_plan_focused,gradient_boosting,5,224,0.3668653028026741,0.633134697197326,0.6339285714285714,0.36607142857142855,82,0.09915356711003627
promotion_only,promotion_plan_focused,gradient_boosting,6,225,0.3231626593082053,0.6768373406917947,0.6177777777777778,0.38222222222222224,86,0.10399032648125756
promotion_only,promotion_plan_focused,gradient_boosting,7,224,0.2933226353433182,0.7066773646566817,0.7276785714285714,0.27232142857142855,61,0.07376058041112454
promotion_only,promotion_plan_focused,gradient_boosting,8,225,0.2587026894720098,0.7412973105279902,0.7466666666666667,0.25333333333333335,57,0.06892382103990327
promotion_only,promotion_plan_focused,gradient_boosting,9,224,0.2252616193145907,0.7747383806854093,0.7723214285714286,0.22767857142857142,51,0.06166868198307134
promotion_only,promotion_plan_focused,gradient_boosting,10,225,0.17269178794282522,0.8273082120571748,0.8133333333333334,0.18666666666666668,42,0.05078597339782346
promotion_only,promotion_plan_focused,hist_gradient_boosting,1,225,0.693500508880948,0.3064994911190519,0.41333333333333333,0.5866666666666667,132,0.1596130592503023
promotion_only,promotion_plan_focused,hist_gradient_boosting,2,225,0.5520416222324609,0.44795837776753905,0.5333333333333333,0.4666666666666667,105,0.12696493349455865
promotion_only,promotion_plan_focused,hist_gradient_boosting,3,224,0.47931260436953865,0.5206873956304613,0.5625,0.4375,98,0.1185006045949214
promotion_only,promotion_plan_focused,hist_gradient_boosting,4,225,0.42133642579262676,0.5786635742073734,0.5688888888888889,0.4311111111111111,97,0.11729141475211609
promotion_only,promotion_plan_focused,hist_gradient_boosting,5,224,0.3684917495906384,0.6315082504093616,0.6160714285714286,0.38392857142857145,86,0.10399032648125756
promotion_only,promotion_plan_focused,hist_gradient_boosting,6,225,0.3181179858561194,0.6818820141438807,0.6666666666666666,0.3333333333333333,75,0.09068923821039904
promotion_only,promotion_plan_focused,hist_gradient_boosting,7,224,0.2785282537908117,0.7214717462091883,0.6919642857142857,0.3080357142857143,69,0.08343409915356712
promotion_only,promotion_plan_focused,hist_gradient_boosting,8,225,0.2308927464605246,0.7691072535394754,0.6933333333333334,0.30666666666666664,69,0.08343409915356712
promotion_only,promotion_plan_focused,hist_gradient_boosting,9,224,0.17921944178421315,0.8207805582157869,0.7946428571428571,0.20535714285714285,46,0.05562273276904474
promotion_only,promotion_plan_focused,hist_gradient_boosting,10,225,0.10671695815378349,0.8932830418462165,0.7777777777777778,0.2222222222222222,50,0.060459492140266025
promotion_only,promotion_plan_focused,lightgbm,1,225,0.6864014872800644,0.31359851271993566,0.4666666666666667,0.5333333333333333,120,0.14510278113663846
promotion_only,promotion_plan_focused,lightgbm,2,225,0.5505522922359983,0.44944770776400167,0.5111111111111111,0.4888888888888889,110,0.13301088270858524
promotion_only,promotion_plan_focused,lightgbm,3,224,0.47810615459759814,0.5218938454024019,0.5446428571428571,0.45535714285714285,102,0.12333736396614269
promotion_only,promotion_plan_focused,lightgbm,4,225,0.42304389225426303,0.5769561077457369,0.6088888888888889,0.39111111111111113,88,0.10640870616686819
promotion_only,promotion_plan_focused,lightgbm,5,224,0.37325403570110893,0.6267459642988911,0.5848214285714286,0.41517857142857145,93,0.1124546553808948
promotion_only,promotion_plan_focused,lightgbm,6,225,0.3233290906283631,0.6766709093716369,0.6622222222222223,0.3377777777777778,76,0.09189842805320435
promotion_only,promotion_plan_focused,lightgbm,7,224,0.28114156484906844,0.7188584351509315,0.6741071428571429,0.32589285714285715,73,0.08827085852478839
promotion_only,promotion_plan_focused,lightgbm,8,225,0.23275759485973216,0.7672424051402679,0.6755555555555556,0.3244444444444444,73,0.08827085852478839
promotion_only,promotion_plan_focused,lightgbm,9,224,0.17957635063815716,0.8204236493618428,0.78125,0.21875,49,0.0592503022974607
promotion_only,promotion_plan_focused,lightgbm,10,225,0.11106054834851527,0.8889394516514848,0.8088888888888889,0.19111111111111112,43,0.05199516324062878
promotion_only,promotion_plan_focused,logistic,1,225,0.7192976874921054,0.28070231250789457,0.4177777777777778,0.5822222222222222,131,0.15840386940749698
promotion_only,promotion_plan_focused,logistic,2,225,0.6347083396878462,0.36529166031215377,0.4888888888888889,0.5111111111111111,115,0.13905683192261184
promotion_only,promotion_plan_focused,logistic,3,224,0.5789111240492536,0.42108887595074634,0.5803571428571429,0.41964285714285715,94,0.11366384522370013
promotion_only,promotion_plan_focused,logistic,4,225,0.5286504258910459,0.47134957410895406,0.52,0.48,108,0.13059250302297462
promotion_only,promotion_plan_focused,logistic,5,224,0.4974109640176409,0.502589035982359,0.6294642857142857,0.3705357142857143,83,0.1003627569528416
promotion_only,promotion_plan_focused,logistic,6,225,0.46722902117565757,0.5327709788243424,0.6666666666666666,0.3333333333333333,75,0.09068923821039904
promotion_only,promotion_plan_focused,logistic,7,224,0.4379457622449367,0.5620542377550632,0.6785714285714286,0.32142857142857145,72,0.08706166868198308
promotion_only,promotion_plan_focused,logistic,8,225,0.40527586438157853,0.5947241356184214,0.7466666666666667,0.25333333333333335,57,0.06892382103990327
promotion_only,promotion_plan_focused,logistic,9,224,0.3616057147016713,0.6383942852983288,0.7946428571428571,0.20535714285714285,46,0.05562273276904474
promotion_only,promotion_plan_focused,logistic,10,225,0.27630961432428036,0.7236903856757195,0.7955555555555556,0.20444444444444446,46,0.05562273276904474
promotion_only,promotion_plan_focused,random_forest,1,225,0.7011621067556036,0.29883789324439636,0.4,0.6,135,0.16324062877871826
promotion_only,promotion_plan_focused,random_forest,2,225,0.6307456577369341,0.3692543422630658,0.5377777777777778,0.4622222222222222,104,0.12575574365175332
promotion_only,promotion_plan_focused,random_forest,3,224,0.5854876318625702,0.4145123681374297,0.53125,0.46875,105,0.12696493349455865
promotion_only,promotion_plan_focused,random_forest,4,225,0.5390575226857737,0.46094247731422633,0.52,0.48,108,0.13059250302297462
promotion_only,promotion_plan_focused,random_forest,5,224,0.49643923207372803,0.5035607679262719,0.6294642857142857,0.3705357142857143,83,0.1003627569528416
promotion_only,promotion_plan_focused,random_forest,6,225,0.4512604604668895,0.5487395395331105,0.68,0.32,72,0.08706166868198308
promotion_only,promotion_plan_focused,random_forest,7,224,0.4096967302224632,0.5903032697775368,0.6696428571428571,0.33035714285714285,74,0.08948004836759371
promotion_only,promotion_plan_focused,random_forest,8,225,0.36896459452028463,0.6310354054797154,0.7377777777777778,0.26222222222222225,59,0.07134220072551391
promotion_only,promotion_plan_focused,random_forest,9,224,0.3321999904972738,0.6678000095027262,0.7857142857142857,0.21428571428571427,48,0.05804111245465538
promotion_only,promotion_plan_focused,random_forest,10,225,0.2768934496023224,0.7231065503976777,0.8266666666666667,0.17333333333333334,39,0.0471584038694075
promotion_only,promotion_plan_focused,xgboost,1,225,0.6293361186981201,0.3706638813018799,0.4,0.6,135,0.16324062877871826
promotion_only,promotion_plan_focused,xgboost,2,225,0.5259650945663452,0.4740349054336548,0.5066666666666667,0.49333333333333335,111,0.13422007255139057
promotion_only,promotion_plan_focused,xgboost,3,224,0.47028017044067383,0.5297198295593262,0.5357142857142857,0.4642857142857143,104,0.12575574365175332
promotion_only,promotion_plan_focused,xgboost,4,225,0.41752949357032776,0.5824704766273499,0.6088888888888889,0.39111111111111113,88,0.10640870616686819
promotion_only,promotion_plan_focused,xgboost,5,224,0.3680706322193146,0.631929337978363,0.5848214285714286,0.41517857142857145,93,0.1124546553808948
promotion_only,promotion_plan_focused,xgboost,6,225,0.32365095615386963,0.6763491034507751,0.6666666666666666,0.3333333333333333,75,0.09068923821039904
promotion_only,promotion_plan_focused,xgboost,7,224,0.2901931703090668,0.7098068594932556,0.6607142857142857,0.3392857142857143,76,0.09189842805320435
promotion_only,promotion_plan_focused,xgboost,8,225,0.255827397108078,0.7441725730895996,0.7555555555555555,0.24444444444444444,55,0.06650544135429262
promotion_only,promotion_plan_focused,xgboost,9,224,0.21966764330863953,0.7803323864936829,0.78125,0.21875,49,0.0592503022974607
promotion_only,promotion_plan_focused,xgboost,10,225,0.16961047053337097,0.8303895592689514,0.8177777777777778,0.18222222222222223,41,0.049576783555018135
promotion_only,promotion_reduced_interpretable,catboost,1,225,0.6147997552448307,0.38520024475516934,0.4222222222222222,0.5777777777777777,130,0.15719467956469166
promotion_only,promotion_reduced_interpretable,catboost,2,225,0.5112060829843461,0.4887939170156539,0.5377777777777778,0.4622222222222222,104,0.12575574365175332
promotion_only,promotion_reduced_interpretable,catboost,3,224,0.4602062659966402,0.5397937340033597,0.5267857142857143,0.4732142857142857,106,0.12817412333736397
promotion_only,promotion_reduced_interpretable,catboost,4,225,0.41183883148282924,0.5881611685171708,0.6,0.4,90,0.10882708585247884
promotion_only,promotion_reduced_interpretable,catboost,5,224,0.362568025097974,0.6374319749020261,0.5803571428571429,0.41964285714285715,94,0.11366384522370013
promotion_only,promotion_reduced_interpretable,catboost,6,225,0.32438414062456467,0.6756158593754354,0.6355555555555555,0.36444444444444446,82,0.09915356711003627
promotion_only,promotion_reduced_interpretable,catboost,7,224,0.2935963000731268,0.7064036999268731,0.7053571428571429,0.29464285714285715,66,0.07980652962515115
promotion_only,promotion_reduced_interpretable,catboost,8,225,0.2664624166563163,0.7335375833436837,0.6933333333333334,0.30666666666666664,69,0.08343409915356712
promotion_only,promotion_reduced_interpretable,catboost,9,224,0.2318670558859081,0.7681329441140919,0.7991071428571429,0.20089285714285715,45,0.05441354292623942
promotion_only,promotion_reduced_interpretable,catboost,10,225,0.17804032161727357,0.8219596783827264,0.8177777777777778,0.18222222222222223,41,0.049576783555018135
promotion_only,promotion_reduced_interpretable,dummy,1,225,1.0,0.0,0.6488888888888888,0.3511111111111111,79,0.09552599758162031
promotion_only,promotion_reduced_interpretable,dummy,2,225,1.0,0.0,0.64,0.36,81,0.09794437726723096
promotion_only,promotion_reduced_interpretable,dummy,3,224,1.0,0.0,0.5580357142857143,0.4419642857142857,99,0.11970979443772672
promotion_only,promotion_reduced_interpretable,dummy,4,225,0.76,0.24,0.6933333333333334,0.30666666666666664,69,0.08343409915356712
promotion_only,promotion_reduced_interpretable,dummy,5,224,0.0,1.0,0.6294642857142857,0.3705357142857143,83,0.1003627569528416
promotion_only,promotion_reduced_interpretable,dummy,6,225,0.0,1.0,0.64,0.36,81,0.09794437726723096
promotion_only,promotion_reduced_interpretable,dummy,7,224,0.0,1.0,0.6517857142857143,0.3482142857142857,78,0.094316807738815
promotion_only,promotion_reduced_interpretable,dummy,8,225,0.0,1.0,0.6177777777777778,0.38222222222222224,86,0.10399032648125756
promotion_only,promotion_reduced_interpretable,dummy,9,224,0.0,1.0,0.6160714285714286,0.38392857142857145,86,0.10399032648125756
promotion_only,promotion_reduced_interpretable,dummy,10,225,0.0,1.0,0.6222222222222222,0.37777777777777777,85,0.10278113663845223
promotion_only,promotion_reduced_interpretable,extra_trees,1,225,0.6726220316075627,0.3273779683924372,0.4222222222222222,0.5777777777777777,130,0.15719467956469166
promotion_only,promotion_reduced_interpretable,extra_trees,2,225,0.6058693691977288,0.3941306308022711,0.5155555555555555,0.48444444444444446,109,0.13180169286577992
promotion_only,promotion_reduced_interpretable,extra_trees,3,224,0.5679842755238609,0.43201572447613906,0.5446428571428571,0.45535714285714285,102,0.12333736396614269
promotion_only,promotion_reduced_interpretable,extra_trees,4,225,0.5332606391539415,0.46673936084605844,0.5422222222222223,0.4577777777777778,103,0.12454655380894801
promotion_only,promotion_reduced_interpretable,extra_trees,5,224,0.5004199337892886,0.49958006621071144,0.6160714285714286,0.38392857142857145,86,0.10399032648125756
promotion_only,promotion_reduced_interpretable,extra_trees,6,225,0.46533119250098914,0.5346688074990108,0.6088888888888889,0.39111111111111113,88,0.10640870616686819
promotion_only,promotion_reduced_interpretable,extra_trees,7,224,0.4312435273193344,0.5687564726806655,0.7053571428571429,0.29464285714285715,66,0.07980652962515115
promotion_only,promotion_reduced_interpretable,extra_trees,8,225,0.3983744944073355,0.6016255055926644,0.7511111111111111,0.24888888888888888,56,0.06771463119709795
promotion_only,promotion_reduced_interpretable,extra_trees,9,224,0.3669135069418477,0.6330864930581522,0.7723214285714286,0.22767857142857142,51,0.06166868198307134
promotion_only,promotion_reduced_interpretable,extra_trees,10,225,0.3290166531032836,0.6709833468967163,0.84,0.16,36,0.04353083434099154
promotion_only,promotion_reduced_interpretable,gradient_boosting,1,225,0.6096461093489584,0.39035389065104165,0.40444444444444444,0.5955555555555555,134,0.16203143893591293
promotion_only,promotion_reduced_interpretable,gradient_boosting,2,225,0.5188982443524152,0.4811017556475848,0.4888888888888889,0.5111111111111111,115,0.13905683192261184
promotion_only,promotion_reduced_interpretable,gradient_boosting,3,224,0.4616760020778606,0.5383239979221395,0.5669642857142857,0.4330357142857143,97,0.11729141475211609
promotion_only,promotion_reduced_interpretable,gradient_boosting,4,225,0.4115811118369486,0.5884188881630513,0.6133333333333333,0.38666666666666666,87,0.10519951632406288
promotion_only,promotion_reduced_interpretable,gradient_boosting,5,224,0.3622472270138405,0.6377527729861595,0.5535714285714286,0.44642857142857145,100,0.12091898428053205
promotion_only,promotion_reduced_interpretable,gradient_boosting,6,225,0.32109511106043215,0.6789048889395679,0.6533333333333333,0.3466666666666667,78,0.094316807738815
promotion_only,promotion_reduced_interpretable,gradient_boosting,7,224,0.2906449652446628,0.7093550347553371,0.6607142857142857,0.3392857142857143,76,0.09189842805320435
promotion_only,promotion_reduced_interpretable,gradient_boosting,8,225,0.26165065079917593,0.7383493492008241,0.7911111111111111,0.2088888888888889,47,0.056831922611850064
promotion_only,promotion_reduced_interpretable,gradient_boosting,9,224,0.2324663577388216,0.7675336422611784,0.78125,0.21875,49,0.0592503022974607
promotion_only,promotion_reduced_interpretable,gradient_boosting,10,225,0.18035965983097055,0.8196403401690294,0.8044444444444444,0.19555555555555557,44,0.053204353083434096
promotion_only,promotion_reduced_interpretable,hist_gradient_boosting,1,225,0.6931502976526538,0.30684970234734615,0.4622222222222222,0.5377777777777778,121,0.14631197097944376
promotion_only,promotion_reduced_interpretable,hist_gradient_boosting,2,225,0.5509523164083368,0.4490476835916632,0.48,0.52,117,0.1414752116082225
promotion_only,promotion_reduced_interpretable,hist_gradient_boosting,3,224,0.4732413088703093,0.5267586911296906,0.59375,0.40625,91,0.11003627569528417
promotion_only,promotion_reduced_interpretable,hist_gradient_boosting,4,225,0.40871804184771954,0.5912819581522805,0.5911111111111111,0.4088888888888889,92,0.11124546553808948
promotion_only,promotion_reduced_interpretable,hist_gradient_boosting,5,224,0.3572855993278462,0.6427144006721538,0.6517857142857143,0.3482142857142857,78,0.094316807738815
promotion_only,promotion_reduced_interpretable,hist_gradient_boosting,6,225,0.3114240053788667,0.6885759946211334,0.6755555555555556,0.3244444444444444,73,0.08827085852478839
promotion_only,promotion_reduced_interpretable,hist_gradient_boosting,7,224,0.27299713707543954,0.7270028629245605,0.6294642857142857,0.3705357142857143,83,0.1003627569528416
promotion_only,promotion_reduced_interpretable,hist_gradient_boosting,8,225,0.22928271543443843,0.7707172845655615,0.6977777777777778,0.3022222222222222,68,0.08222490931076179
promotion_only,promotion_reduced_interpretable,hist_gradient_boosting,9,224,0.18119203767774716,0.8188079623222528,0.6830357142857143,0.3169642857142857,71,0.08585247883917775
promotion_only,promotion_reduced_interpretable,hist_gradient_boosting,10,225,0.11092478072864718,0.8890752192713529,0.8533333333333334,0.14666666666666667,33,0.03990326481257558
promotion_only,promotion_reduced_interpretable,lightgbm,1,225,0.6832694189300789,0.31673058106992125,0.4622222222222222,0.5377777777777778,121,0.14631197097944376
promotion_only,promotion_reduced_interpretable,lightgbm,2,225,0.5466111761396016,0.45338882386039836,0.5288888888888889,0.4711111111111111,106,0.12817412333736397
promotion_only,promotion_reduced_interpretable,lightgbm,3,224,0.4739294645702235,0.5260705354297766,0.5669642857142857,0.4330357142857143,97,0.11729141475211609
promotion_only,promotion_reduced_interpretable,lightgbm,4,225,0.41263176939002455,0.5873682306099755,0.5333333333333333,0.4666666666666667,105,0.12696493349455865
promotion_only,promotion_reduced_interpretable,lightgbm,5,224,0.3599456979906112,0.6400543020093888,0.6339285714285714,0.36607142857142855,82,0.09915356711003627
promotion_only,promotion_reduced_interpretable,lightgbm,6,225,0.313283834459371,0.686716165540629,0.6222222222222222,0.37777777777777777,85,0.10278113663845223
promotion_only,promotion_reduced_interpretable,lightgbm,7,224,0.27442340407061566,0.7255765959293843,0.71875,0.28125,63,0.0761789600967352
promotion_only,promotion_reduced_interpretable,lightgbm,8,225,0.23361183013983142,0.7663881698601687,0.6622222222222223,0.3377777777777778,76,0.09189842805320435
promotion_only,promotion_reduced_interpretable,lightgbm,9,224,0.18546170968087305,0.814538290319127,0.75,0.25,56,0.06771463119709795
promotion_only,promotion_reduced_interpretable,lightgbm,10,225,0.12007555838632984,0.8799244416136701,0.84,0.16,36,0.04353083434099154
promotion_only,promotion_reduced_interpretable,logistic,1,225,0.7132339373639474,0.2867660626360526,0.41333333333333333,0.5866666666666667,132,0.1596130592503023
promotion_only,promotion_reduced_interpretable,logistic,2,225,0.6268577972655769,0.3731422027344232,0.5244444444444445,0.47555555555555556,107,0.1293833131801693
promotion_only,promotion_reduced_interpretable,logistic,3,224,0.5747872053639593,0.4252127946360407,0.5535714285714286,0.44642857142857145,100,0.12091898428053205
promotion_only,promotion_reduced_interpretable,logistic,4,225,0.529191575563074,0.47080842443692605,0.5777777777777777,0.4222222222222222,95,0.11487303506650544
promotion_only,promotion_reduced_interpretable,logistic,5,224,0.49853849251783516,0.5014615074821649,0.625,0.375,84,0.10157194679564692
promotion_only,promotion_reduced_interpretable,logistic,6,225,0.4704521203479392,0.5295478796520608,0.6222222222222222,0.37777777777777777,85,0.10278113663845223
promotion_only,promotion_reduced_interpretable,logistic,7,224,0.4404671613788786,0.5595328386211215,0.6964285714285714,0.30357142857142855,68,0.08222490931076179
promotion_only,promotion_reduced_interpretable,logistic,8,225,0.40661888602335283,0.5933811139766473,0.7066666666666667,0.29333333333333333,66,0.07980652962515115
promotion_only,promotion_reduced_interpretable,logistic,9,224,0.3637466057649525,0.6362533942350475,0.7991071428571429,0.20089285714285715,45,0.05441354292623942
promotion_only,promotion_reduced_interpretable,logistic,10,225,0.2845362284344558,0.7154637715655441,0.8,0.2,45,0.05441354292623942
promotion_only,promotion_reduced_interpretable,random_forest,1,225,0.671465092702965,0.3285349072970351,0.4177777777777778,0.5822222222222222,131,0.15840386940749698
promotion_only,promotion_reduced_interpretable,random_forest,2,225,0.5996240209518552,0.40037597904814487,0.5333333333333333,0.4666666666666667,105,0.12696493349455865
promotion_only,promotion_reduced_interpretable,random_forest,3,224,0.5593053284630514,0.4406946715369487,0.5535714285714286,0.44642857142857145,100,0.12091898428053205
promotion_only,promotion_reduced_interpretable,random_forest,4,225,0.5195648508826592,0.4804351491173407,0.5555555555555556,0.4444444444444444,100,0.12091898428053205
promotion_only,promotion_reduced_interpretable,random_forest,5,224,0.47972443571540674,0.5202755642845933,0.5982142857142857,0.4017857142857143,90,0.10882708585247884
promotion_only,promotion_reduced_interpretable,random_forest,6,225,0.44460033937789156,0.5553996606221084,0.5644444444444444,0.43555555555555553,98,0.1185006045949214
promotion_only,promotion_reduced_interpretable,random_forest,7,224,0.41005799747791727,0.5899420025220827,0.7232142857142857,0.2767857142857143,62,0.07496977025392987
promotion_only,promotion_reduced_interpretable,random_forest,8,225,0.3815851767010653,0.6184148232989347,0.7244444444444444,0.27555555555555555,62,0.07496977025392987
promotion_only,promotion_reduced_interpretable,random_forest,9,224,0.35146343988858725,0.6485365601114127,0.8035714285714286,0.19642857142857142,44,0.053204353083434096
promotion_only,promotion_reduced_interpretable,random_forest,10,225,0.31102085717626926,0.6889791428237307,0.8444444444444444,0.15555555555555556,35,0.04232164449818621
promotion_only,promotion_reduced_interpretable,xgboost,1,225,0.6210192441940308,0.37898075580596924,0.44,0.56,126,0.1523579201934704
promotion_only,promotion_reduced_interpretable,xgboost,2,225,0.5248265266418457,0.4751734733581543,0.4888888888888889,0.5111111111111111,115,0.13905683192261184
promotion_only,promotion_reduced_interpretable,xgboost,3,224,0.46872660517692566,0.5312734246253967,0.5625,0.4375,98,0.1185006045949214
promotion_only,promotion_reduced_interpretable,xgboost,4,225,0.4168015420436859,0.5831984281539917,0.5822222222222222,0.4177777777777778,94,0.11366384522370013
promotion_only,promotion_reduced_interpretable,xgboost,5,224,0.3646681606769562,0.6353318095207214,0.6071428571428571,0.39285714285714285,88,0.10640870616686819
promotion_only,promotion_reduced_interpretable,xgboost,6,225,0.3247070014476776,0.6752930283546448,0.6444444444444445,0.35555555555555557,80,0.09673518742442563
promotion_only,promotion_reduced_interpretable,xgboost,7,224,0.29128724336624146,0.7087126970291138,0.6651785714285714,0.33482142857142855,75,0.09068923821039904
promotion_only,promotion_reduced_interpretable,xgboost,8,225,0.26234179735183716,0.7376582026481628,0.7111111111111111,0.28888888888888886,65,0.07859733978234583
promotion_only,promotion_reduced_interpretable,xgboost,9,224,0.22837015986442566,0.771629810333252,0.7857142857142857,0.21428571428571427,48,0.05804111245465538
promotion_only,promotion_reduced_interpretable,xgboost,10,225,0.17320594191551208,0.8267940878868103,0.8311111111111111,0.1688888888888889,38,0.045949214026602174
promotion_only,tree_candidate,catboost,1,225,0.6102895943732743,0.3897104056267256,0.4088888888888889,0.5911111111111111,133,0.1608222490931076
promotion_only,tree_candidate,catboost,2,225,0.5120436747412026,0.4879563252587974,0.5244444444444445,0.47555555555555556,107,0.1293833131801693
promotion_only,tree_candidate,catboost,3,224,0.4589774743286137,0.5410225256713863,0.5580357142857143,0.4419642857142857,99,0.11970979443772672
promotion_only,tree_candidate,catboost,4,225,0.4112584773679877,0.5887415226320123,0.5511111111111111,0.4488888888888889,101,0.12212817412333736
promotion_only,tree_candidate,catboost,5,224,0.36641015629557644,0.6335898437044235,0.6026785714285714,0.39732142857142855,89,0.10761789600967352
promotion_only,tree_candidate,catboost,6,225,0.32681611999968785,0.6731838800003122,0.6577777777777778,0.3422222222222222,77,0.09310761789600967
promotion_only,tree_candidate,catboost,7,224,0.29334595273740455,0.7066540472625954,0.6875,0.3125,70,0.08464328899637243
promotion_only,tree_candidate,catboost,8,225,0.2653333793063061,0.7346666206936939,0.7111111111111111,0.28888888888888886,65,0.07859733978234583
promotion_only,tree_candidate,catboost,9,224,0.22936971032847733,0.7706302896715227,0.7991071428571429,0.20089285714285715,45,0.05441354292623942
promotion_only,tree_candidate,catboost,10,225,0.17775266610454776,0.8222473338954522,0.8177777777777778,0.18222222222222223,41,0.049576783555018135
promotion_only,tree_candidate,dummy,1,225,1.0,0.0,0.6488888888888888,0.3511111111111111,79,0.09552599758162031
promotion_only,tree_candidate,dummy,2,225,1.0,0.0,0.64,0.36,81,0.09794437726723096
promotion_only,tree_candidate,dummy,3,224,1.0,0.0,0.5580357142857143,0.4419642857142857,99,0.11970979443772672
promotion_only,tree_candidate,dummy,4,225,0.76,0.24,0.6933333333333334,0.30666666666666664,69,0.08343409915356712
promotion_only,tree_candidate,dummy,5,224,0.0,1.0,0.6294642857142857,0.3705357142857143,83,0.1003627569528416
promotion_only,tree_candidate,dummy,6,225,0.0,1.0,0.64,0.36,81,0.09794437726723096
promotion_only,tree_candidate,dummy,7,224,0.0,1.0,0.6517857142857143,0.3482142857142857,78,0.094316807738815
promotion_only,tree_candidate,dummy,8,225,0.0,1.0,0.6177777777777778,0.38222222222222224,86,0.10399032648125756
promotion_only,tree_candidate,dummy,9,224,0.0,1.0,0.6160714285714286,0.38392857142857145,86,0.10399032648125756
promotion_only,tree_candidate,dummy,10,225,0.0,1.0,0.6222222222222222,0.37777777777777777,85,0.10278113663845223
promotion_only,tree_candidate,extra_trees,1,225,0.6918188511762741,0.3081811488237259,0.38222222222222224,0.6177777777777778,139,0.16807738814993953
promotion_only,tree_candidate,extra_trees,2,225,0.6237801647508026,0.37621983524919744,0.5244444444444445,0.47555555555555556,107,0.1293833131801693
promotion_only,tree_candidate,extra_trees,3,224,0.575989127673212,0.424010872326788,0.5669642857142857,0.4330357142857143,97,0.11729141475211609
promotion_only,tree_candidate,extra_trees,4,225,0.5367901733325438,0.46320982666745625,0.56,0.44,99,0.11970979443772672
promotion_only,tree_candidate,extra_trees,5,224,0.49877366458490074,0.5012263354150993,0.5580357142857143,0.4419642857142857,99,0.11970979443772672
promotion_only,tree_candidate,extra_trees,6,225,0.45675012060864295,0.543249879391357,0.6488888888888888,0.3511111111111111,79,0.09552599758162031
promotion_only,tree_candidate,extra_trees,7,224,0.4155252706586988,0.5844747293413012,0.6964285714285714,0.30357142857142855,68,0.08222490931076179
promotion_only,tree_candidate,extra_trees,8,225,0.38527440163548354,0.6147255983645163,0.7955555555555556,0.20444444444444446,46,0.05562273276904474
promotion_only,tree_candidate,extra_trees,9,224,0.359778227081121,0.6402217729188789,0.75,0.25,56,0.06771463119709795
promotion_only,tree_candidate,extra_trees,10,225,0.31386578184535796,0.686134218154642,0.8355555555555556,0.16444444444444445,37,0.044740024183796856
promotion_only,tree_candidate,gradient_boosting,1,225,0.608588552175669,0.391411447824331,0.39555555555555555,0.6044444444444445,136,0.16444981862152358
promotion_only,tree_candidate,gradient_boosting,2,225,0.5179574526477823,0.4820425473522178,0.5111111111111111,0.4888888888888889,110,0.13301088270858524
promotion_only,tree_candidate,gradient_boosting,3,224,0.461613798342106,0.5383862016578941,0.5223214285714286,0.47767857142857145,107,0.1293833131801693
promotion_only,tree_candidate,gradient_boosting,4,225,0.4090301501865037,0.5909698498134963,0.6266666666666667,0.37333333333333335,84,0.10157194679564692
promotion_only,tree_candidate,gradient_boosting,5,224,0.3606553233674222,0.6393446766325779,0.6026785714285714,0.39732142857142855,89,0.10761789600967352
promotion_only,tree_candidate,gradient_boosting,6,225,0.3240283857031255,0.6759716142968746,0.6177777777777778,0.38222222222222224,86,0.10399032648125756
promotion_only,tree_candidate,gradient_boosting,7,224,0.29673281634998927,0.7032671836500107,0.6964285714285714,0.30357142857142855,68,0.08222490931076179
promotion_only,tree_candidate,gradient_boosting,8,225,0.2658009802270978,0.7341990197729023,0.7288888888888889,0.27111111111111114,61,0.07376058041112454
promotion_only,tree_candidate,gradient_boosting,9,224,0.23376859433079497,0.766231405669205,0.7901785714285714,0.20982142857142858,47,0.056831922611850064
promotion_only,tree_candidate,gradient_boosting,10,225,0.18201411086768893,0.8179858891323111,0.8266666666666667,0.17333333333333334,39,0.0471584038694075
promotion_only,tree_candidate,hist_gradient_boosting,1,225,0.6939253253317114,0.30607467466828864,0.4533333333333333,0.5466666666666666,123,0.1487303506650544
promotion_only,tree_candidate,hist_gradient_boosting,2,225,0.5566043681955061,0.44339563180449393,0.5688888888888889,0.4311111111111111,97,0.11729141475211609
promotion_only,tree_candidate,hist_gradient_boosting,3,224,0.4718504192809105,0.5281495807190895,0.5223214285714286,0.47767857142857145,107,0.1293833131801693
promotion_only,tree_candidate,hist_gradient_boosting,4,225,0.40726822719712535,0.5927317728028747,0.6,0.4,90,0.10882708585247884
promotion_only,tree_candidate,hist_gradient_boosting,5,224,0.35706026979690614,0.6429397302030939,0.6026785714285714,0.39732142857142855,89,0.10761789600967352
promotion_only,tree_candidate,hist_gradient_boosting,6,225,0.31062950850910626,0.6893704914908938,0.6577777777777778,0.3422222222222222,77,0.09310761789600967
promotion_only,tree_candidate,hist_gradient_boosting,7,224,0.2680378494938912,0.7319621505061088,0.6205357142857143,0.3794642857142857,85,0.10278113663845223
promotion_only,tree_candidate,hist_gradient_boosting,8,225,0.2265875055225081,0.7734124944774919,0.7422222222222222,0.2577777777777778,58,0.07013301088270858
promotion_only,tree_candidate,hist_gradient_boosting,9,224,0.1799342626827802,0.8200657373172199,0.7276785714285714,0.27232142857142855,61,0.07376058041112454
promotion_only,tree_candidate,hist_gradient_boosting,10,225,0.11073509559735974,0.8892649044026402,0.8222222222222222,0.17777777777777778,40,0.04836759371221282
promotion_only,tree_candidate,lightgbm,1,225,0.6869076431616294,0.3130923568383706,0.4533333333333333,0.5466666666666666,123,0.1487303506650544
promotion_only,tree_candidate,lightgbm,2,225,0.5510455089504693,0.4489544910495307,0.5244444444444445,0.47555555555555556,107,0.1293833131801693
promotion_only,tree_candidate,lightgbm,3,224,0.4735555857757009,0.5264444142242991,0.5580357142857143,0.4419642857142857,99,0.11970979443772672
promotion_only,tree_candidate,lightgbm,4,225,0.4106234686835423,0.5893765313164577,0.5688888888888889,0.4311111111111111,97,0.11729141475211609
promotion_only,tree_candidate,lightgbm,5,224,0.3597496608300279,0.6402503391699721,0.6071428571428571,0.39285714285714285,88,0.10640870616686819
promotion_only,tree_candidate,lightgbm,6,225,0.3121037622620581,0.6878962377379418,0.72,0.28,63,0.0761789600967352
promotion_only,tree_candidate,lightgbm,7,224,0.27060552334725624,0.7293944766527438,0.6205357142857143,0.3794642857142857,85,0.10278113663845223
promotion_only,tree_candidate,lightgbm,8,225,0.23089238682149638,0.7691076131785036,0.7111111111111111,0.28888888888888886,65,0.07859733978234583
promotion_only,tree_candidate,lightgbm,9,224,0.18312665601574113,0.8168733439842589,0.7321428571428571,0.26785714285714285,60,0.07255139056831923
promotion_only,tree_candidate,lightgbm,10,225,0.11938443741925113,0.8806155625807489,0.8222222222222222,0.17777777777777778,40,0.04836759371221282
promotion_only,tree_candidate,logistic,1,225,0.7334292561404697,0.2665707438595302,0.38222222222222224,0.6177777777777778,139,0.16807738814993953
promotion_only,tree_candidate,logistic,2,225,0.6413041992216959,0.358695800778304,0.5422222222222223,0.4577777777777778,103,0.12454655380894801
promotion_only,tree_candidate,logistic,3,224,0.5842996082705609,0.41570039172943896,0.5133928571428571,0.48660714285714285,109,0.13180169286577992
promotion_only,tree_candidate,logistic,4,225,0.5384653665736729,0.461534633426327,0.5644444444444444,0.43555555555555553,98,0.1185006045949214
promotion_only,tree_candidate,logistic,5,224,0.5001253040726881,0.49987469592731193,0.6071428571428571,0.39285714285714285,88,0.10640870616686819
promotion_only,tree_candidate,logistic,6,225,0.4597085395276798,0.5402914604723201,0.6755555555555556,0.3244444444444444,73,0.08827085852478839
promotion_only,tree_candidate,logistic,7,224,0.4274391722063292,0.5725608277936708,0.6696428571428571,0.33035714285714285,74,0.08948004836759371
promotion_only,tree_candidate,logistic,8,225,0.3917320083757397,0.6082679916242604,0.7155555555555555,0.28444444444444444,64,0.0773881499395405
promotion_only,tree_candidate,logistic,9,224,0.34794380593259294,0.6520561940674071,0.8035714285714286,0.19642857142857142,44,0.053204353083434096
promotion_only,tree_candidate,logistic,10,225,0.2578527718556306,0.7421472281443694,0.8444444444444444,0.15555555555555556,35,0.04232164449818621
promotion_only,tree_candidate,random_forest,1,225,0.6805292066223092,0.3194707933776909,0.40444444444444444,0.5955555555555555,134,0.16203143893591293
promotion_only,tree_candidate,random_forest,2,225,0.6057678102060504,0.39423218979394964,0.49777777777777776,0.5022222222222222,113,0.13663845223700122
promotion_only,tree_candidate,random_forest,3,224,0.5590995892725474,0.44090041072745256,0.6160714285714286,0.38392857142857145,86,0.10399032648125756
promotion_only,tree_candidate,random_forest,4,225,0.5198602250549704,0.48013977494502963,0.5244444444444445,0.47555555555555556,107,0.1293833131801693
promotion_only,tree_candidate,random_forest,5,224,0.47797097922082216,0.5220290207791779,0.6026785714285714,0.39732142857142855,89,0.10761789600967352
promotion_only,tree_candidate,random_forest,6,225,0.44135176654625885,0.5586482334537411,0.6177777777777778,0.38222222222222224,86,0.10399032648125756
promotion_only,tree_candidate,random_forest,7,224,0.40832051130933994,0.5916794886906601,0.6785714285714286,0.32142857142857145,72,0.08706166868198308
promotion_only,tree_candidate,random_forest,8,225,0.3793114831389228,0.6206885168610772,0.7377777777777778,0.26222222222222225,59,0.07134220072551391
promotion_only,tree_candidate,random_forest,9,224,0.35104181282307073,0.6489581871769292,0.7857142857142857,0.21428571428571427,48,0.05804111245465538
promotion_only,tree_candidate,random_forest,10,225,0.30396381970531744,0.6960361802946825,0.8533333333333334,0.14666666666666667,33,0.03990326481257558
promotion_only,tree_candidate,xgboost,1,225,0.6235010623931885,0.3764989972114563,0.40444444444444444,0.5955555555555555,134,0.16203143893591293
promotion_only,tree_candidate,xgboost,2,225,0.5248903036117554,0.47510969638824463,0.49333333333333335,0.5066666666666667,114,0.13784764207980654
promotion_only,tree_candidate,xgboost,3,224,0.4669298827648163,0.5330701470375061,0.5758928571428571,0.42410714285714285,95,0.11487303506650544
promotion_only,tree_candidate,xgboost,4,225,0.41678255796432495,0.583217442035675,0.6088888888888889,0.39111111111111113,88,0.10640870616686819
promotion_only,tree_candidate,xgboost,5,224,0.3657969832420349,0.6342030167579651,0.6026785714285714,0.39732142857142855,89,0.10761789600967352
promotion_only,tree_candidate,xgboost,6,225,0.325298011302948,0.6747019290924072,0.6444444444444445,0.35555555555555557,80,0.09673518742442563
promotion_only,tree_candidate,xgboost,7,224,0.2913217842578888,0.7086781859397888,0.65625,0.34375,77,0.09310761789600967
promotion_only,tree_candidate,xgboost,8,225,0.26134246587753296,0.7386575937271118,0.7066666666666667,0.29333333333333333,66,0.07980652962515115
promotion_only,tree_candidate,xgboost,9,224,0.22461046278476715,0.775389552116394,0.7901785714285714,0.20982142857142858,47,0.056831922611850064
promotion_only,tree_candidate,xgboost,10,225,0.1738290637731552,0.8261709213256836,0.8355555555555556,0.16444444444444445,37,0.044740024183796856
promotion_only,without_churn_prevention,catboost,1,225,0.6049973022476466,0.3950026977523534,0.4311111111111111,0.5688888888888889,128,0.154776299879081
promotion_only,without_churn_prevention,catboost,2,225,0.5028298319075657,0.4971701680924343,0.52,0.48,108,0.13059250302297462
promotion_only,without_churn_prevention,catboost,3,224,0.4481767874014933,0.5518232125985068,0.5357142857142857,0.4642857142857143,104,0.12575574365175332
promotion_only,without_churn_prevention,catboost,4,225,0.40633796852464493,0.593662031475355,0.6222222222222222,0.37777777777777777,85,0.10278113663845223
promotion_only,without_churn_prevention,catboost,5,224,0.367436138660476,0.632563861339524,0.625,0.375,84,0.10157194679564692
promotion_only,without_churn_prevention,catboost,6,225,0.32885570154961435,0.6711442984503857,0.6444444444444445,0.35555555555555557,80,0.09673518742442563
promotion_only,without_churn_prevention,catboost,7,224,0.29746722622569405,0.7025327737743059,0.6830357142857143,0.3169642857142857,71,0.08585247883917775
promotion_only,without_churn_prevention,catboost,8,225,0.2706520647981607,0.7293479352018393,0.6933333333333334,0.30666666666666664,69,0.08343409915356712
promotion_only,without_churn_prevention,catboost,9,224,0.24210815675417166,0.7578918432458284,0.7321428571428571,0.26785714285714285,60,0.07255139056831923
promotion_only,without_churn_prevention,catboost,10,225,0.19155029756128486,0.8084497024387152,0.8311111111111111,0.1688888888888889,38,0.045949214026602174
promotion_only,without_churn_prevention,dummy,1,225,1.0,0.0,0.6488888888888888,0.3511111111111111,79,0.09552599758162031
promotion_only,without_churn_prevention,dummy,2,225,1.0,0.0,0.64,0.36,81,0.09794437726723096
promotion_only,without_churn_prevention,dummy,3,224,1.0,0.0,0.5580357142857143,0.4419642857142857,99,0.11970979443772672
promotion_only,without_churn_prevention,dummy,4,225,0.76,0.24,0.6933333333333334,0.30666666666666664,69,0.08343409915356712
promotion_only,without_churn_prevention,dummy,5,224,0.0,1.0,0.6294642857142857,0.3705357142857143,83,0.1003627569528416
promotion_only,without_churn_prevention,dummy,6,225,0.0,1.0,0.64,0.36,81,0.09794437726723096
promotion_only,without_churn_prevention,dummy,7,224,0.0,1.0,0.6517857142857143,0.3482142857142857,78,0.094316807738815
promotion_only,without_churn_prevention,dummy,8,225,0.0,1.0,0.6177777777777778,0.38222222222222224,86,0.10399032648125756
promotion_only,without_churn_prevention,dummy,9,224,0.0,1.0,0.6160714285714286,0.38392857142857145,86,0.10399032648125756
promotion_only,without_churn_prevention,dummy,10,225,0.0,1.0,0.6222222222222222,0.37777777777777777,85,0.10278113663845223
promotion_only,without_churn_prevention,extra_trees,1,225,0.689773448842339,0.31022655115766085,0.4088888888888889,0.5911111111111111,133,0.1608222490931076
promotion_only,without_churn_prevention,extra_trees,2,225,0.6176192726897157,0.3823807273102842,0.5155555555555555,0.48444444444444446,109,0.13180169286577992
promotion_only,without_churn_prevention,extra_trees,3,224,0.5666637126857613,0.4333362873142387,0.5491071428571429,0.45089285714285715,101,0.12212817412333736
promotion_only,without_churn_prevention,extra_trees,4,225,0.5301308982296669,0.4698691017703332,0.6311111111111111,0.3688888888888889,83,0.1003627569528416
promotion_only,without_churn_prevention,extra_trees,5,224,0.4977432204603633,0.5022567795396367,0.5714285714285714,0.42857142857142855,96,0.11608222490931076
promotion_only,without_churn_prevention,extra_trees,6,225,0.46325088938274106,0.5367491106172589,0.6133333333333333,0.38666666666666666,87,0.10519951632406288
promotion_only,without_churn_prevention,extra_trees,7,224,0.4275013890836021,0.5724986109163979,0.6964285714285714,0.30357142857142855,68,0.08222490931076179
promotion_only,without_churn_prevention,extra_trees,8,225,0.3930705855766912,0.6069294144233088,0.7244444444444444,0.27555555555555555,62,0.07496977025392987
promotion_only,without_churn_prevention,extra_trees,9,224,0.362595721201448,0.6374042787985521,0.7633928571428571,0.23660714285714285,53,0.06408706166868199
promotion_only,without_churn_prevention,extra_trees,10,225,0.3156461996355181,0.6843538003644819,0.8444444444444444,0.15555555555555556,35,0.04232164449818621
promotion_only,without_churn_prevention,gradient_boosting,1,225,0.5998477886683716,0.4001522113316285,0.4266666666666667,0.5733333333333334,129,0.15598548972188633
promotion_only,without_churn_prevention,gradient_boosting,2,225,0.5039418613679537,0.4960581386320463,0.5066666666666667,0.49333333333333335,111,0.13422007255139057
promotion_only,without_churn_prevention,gradient_boosting,3,224,0.4531975583922132,0.5468024416077868,0.5267857142857143,0.4732142857142857,106,0.12817412333736397
promotion_only,without_churn_prevention,gradient_boosting,4,225,0.4102450627537165,0.5897549372462835,0.6355555555555555,0.36444444444444446,82,0.09915356711003627
promotion_only,without_churn_prevention,gradient_boosting,5,224,0.3677105615043315,0.6322894384956685,0.6517857142857143,0.3482142857142857,78,0.094316807738815
promotion_only,without_churn_prevention,gradient_boosting,6,225,0.3281597649205975,0.6718402350794025,0.5866666666666667,0.41333333333333333,93,0.1124546553808948
promotion_only,without_churn_prevention,gradient_boosting,7,224,0.2967237995560449,0.7032762004439551,0.7053571428571429,0.29464285714285715,66,0.07980652962515115
promotion_only,without_churn_prevention,gradient_boosting,8,225,0.2710254487421456,0.7289745512578544,0.7244444444444444,0.27555555555555555,62,0.07496977025392987
promotion_only,without_churn_prevention,gradient_boosting,9,224,0.24133144718161395,0.758668552818386,0.7232142857142857,0.2767857142857143,62,0.07496977025392987
promotion_only,without_churn_prevention,gradient_boosting,10,225,0.19570550053251107,0.804294499467489,0.8311111111111111,0.1688888888888889,38,0.045949214026602174
promotion_only,without_churn_prevention,hist_gradient_boosting,1,225,0.6937535434122525,0.30624645658774746,0.5066666666666667,0.49333333333333335,111,0.13422007255139057
promotion_only,without_churn_prevention,hist_gradient_boosting,2,225,0.5483641781460471,0.4516358218539529,0.5155555555555555,0.48444444444444446,109,0.13180169286577992
promotion_only,without_churn_prevention,hist_gradient_boosting,3,224,0.46432788377671746,0.5356721162232826,0.5848214285714286,0.41517857142857145,93,0.1124546553808948
promotion_only,without_churn_prevention,hist_gradient_boosting,4,225,0.4020716239539042,0.5979283760460957,0.5688888888888889,0.4311111111111111,97,0.11729141475211609
promotion_only,without_churn_prevention,hist_gradient_boosting,5,224,0.35416621803909976,0.6458337819609002,0.6205357142857143,0.3794642857142857,85,0.10278113663845223
promotion_only,without_churn_prevention,hist_gradient_boosting,6,225,0.31232172187898316,0.6876782781210168,0.6222222222222222,0.37777777777777777,85,0.10278113663845223
promotion_only,without_churn_prevention,hist_gradient_boosting,7,224,0.27389692248304875,0.7261030775169512,0.7232142857142857,0.2767857142857143,62,0.07496977025392987
promotion_only,without_churn_prevention,hist_gradient_boosting,8,225,0.23676672966757592,0.763233270332424,0.7022222222222222,0.29777777777777775,67,0.08101571946795647
promotion_only,without_churn_prevention,hist_gradient_boosting,9,224,0.19520209251713783,0.8047979074828622,0.6607142857142857,0.3392857142857143,76,0.09189842805320435
promotion_only,without_churn_prevention,hist_gradient_boosting,10,225,0.13301222659566395,0.8669877734043361,0.8133333333333334,0.18666666666666668,42,0.05078597339782346
promotion_only,without_churn_prevention,lightgbm,1,225,0.6879417150203291,0.3120582849796709,0.47555555555555556,0.5244444444444445,118,0.14268440145102781
promotion_only,without_churn_prevention,lightgbm,2,225,0.5417316426290868,0.4582683573709132,0.5511111111111111,0.4488888888888889,101,0.12212817412333736
promotion_only,without_churn_prevention,lightgbm,3,224,0.4675883367650132,0.5324116632349868,0.59375,0.40625,91,0.11003627569528417
promotion_only,without_churn_prevention,lightgbm,4,225,0.4122598614997703,0.5877401385002297,0.5022222222222222,0.49777777777777776,112,0.1354292623941959
promotion_only,without_churn_prevention,lightgbm,5,224,0.36295169879305833,0.6370483012069416,0.6517857142857143,0.3482142857142857,78,0.094316807738815
promotion_only,without_churn_prevention,lightgbm,6,225,0.3179375713541818,0.6820624286458182,0.6977777777777778,0.3022222222222222,68,0.08222490931076179
promotion_only,without_churn_prevention,lightgbm,7,224,0.28039100182444393,0.7196089981755561,0.65625,0.34375,77,0.09310761789600967
promotion_only,without_churn_prevention,lightgbm,8,225,0.24038859857005845,0.7596114014299415,0.68,0.32,72,0.08706166868198308
promotion_only,without_churn_prevention,lightgbm,9,224,0.1956764554820391,0.8043235445179608,0.7008928571428571,0.29910714285714285,67,0.08101571946795647
promotion_only,without_churn_prevention,lightgbm,10,225,0.1328244285776304,0.8671755714223696,0.8088888888888889,0.19111111111111112,43,0.05199516324062878
promotion_only,without_churn_prevention,logistic,1,225,0.7242185797986082,0.27578142020139185,0.4088888888888889,0.5911111111111111,133,0.1608222490931076
promotion_only,without_churn_prevention,logistic,2,225,0.6315436111400973,0.3684563888599028,0.5111111111111111,0.4888888888888889,110,0.13301088270858524
promotion_only,without_churn_prevention,logistic,3,224,0.5772835909197525,0.4227164090802475,0.5535714285714286,0.44642857142857145,100,0.12091898428053205
promotion_only,without_churn_prevention,logistic,4,225,0.5321028371063325,0.4678971628936674,0.5822222222222222,0.4177777777777778,94,0.11366384522370013
promotion_only,without_churn_prevention,logistic,5,224,0.49507835012788853,0.5049216498721114,0.5892857142857143,0.4107142857142857,92,0.11124546553808948
promotion_only,without_churn_prevention,logistic,6,225,0.4596290686188838,0.5403709313811161,0.6711111111111111,0.3288888888888889,74,0.08948004836759371
promotion_only,without_churn_prevention,logistic,7,224,0.4255204565321116,0.5744795434678884,0.6919642857142857,0.3080357142857143,69,0.08343409915356712
promotion_only,without_churn_prevention,logistic,8,225,0.39569729071059895,0.604302709289401,0.6755555555555556,0.3244444444444444,73,0.08827085852478839
promotion_only,without_churn_prevention,logistic,9,224,0.3604044183730926,0.6395955816269074,0.7991071428571429,0.20089285714285715,45,0.05441354292623942
promotion_only,without_churn_prevention,logistic,10,225,0.2977451227288556,0.7022548772711443,0.8355555555555556,0.16444444444444445,37,0.044740024183796856
promotion_only,without_churn_prevention,random_forest,1,225,0.6804954726786702,0.31950452732132983,0.41333333333333333,0.5866666666666667,132,0.1596130592503023
promotion_only,without_churn_prevention,random_forest,2,225,0.6008964531804803,0.39910354681951976,0.5155555555555555,0.48444444444444446,109,0.13180169286577992
promotion_only,without_churn_prevention,random_forest,3,224,0.5539525775188072,0.4460474224811928,0.625,0.375,84,0.10157194679564692
promotion_only,without_churn_prevention,random_forest,4,225,0.5152788938386252,0.48472110616137476,0.5511111111111111,0.4488888888888889,101,0.12212817412333736
promotion_only,without_churn_prevention,random_forest,5,224,0.47927778348393335,0.5207222165160666,0.5669642857142857,0.4330357142857143,97,0.11729141475211609
promotion_only,without_churn_prevention,random_forest,6,225,0.44520676248692415,0.5547932375130759,0.6622222222222223,0.3377777777777778,76,0.09189842805320435
promotion_only,without_churn_prevention,random_forest,7,224,0.4138401457974435,0.5861598542025565,0.6607142857142857,0.3392857142857143,76,0.09189842805320435
promotion_only,without_churn_prevention,random_forest,8,225,0.38265353112399714,0.6173464688760029,0.7244444444444444,0.27555555555555555,62,0.07496977025392987
promotion_only,without_churn_prevention,random_forest,9,224,0.3541775584223244,0.6458224415776755,0.7678571428571429,0.23214285714285715,52,0.06287787182587666
promotion_only,without_churn_prevention,random_forest,10,225,0.30656842096318376,0.6934315790368162,0.8311111111111111,0.1688888888888889,38,0.045949214026602174
promotion_only,without_churn_prevention,xgboost,1,225,0.609664261341095,0.3903357982635498,0.43555555555555553,0.5644444444444444,127,0.15356711003627568
promotion_only,without_churn_prevention,xgboost,2,225,0.5133781433105469,0.48662182688713074,0.48444444444444446,0.5155555555555555,116,0.14026602176541716
promotion_only,without_churn_prevention,xgboost,3,224,0.45852312445640564,0.541476845741272,0.5669642857142857,0.4330357142857143,97,0.11729141475211609
promotion_only,without_churn_prevention,xgboost,4,225,0.4107903838157654,0.5892096757888794,0.6177777777777778,0.38222222222222224,86,0.10399032648125756
promotion_only,without_churn_prevention,xgboost,5,224,0.37057867646217346,0.6294213533401489,0.6383928571428571,0.36160714285714285,81,0.09794437726723096
promotion_only,without_churn_prevention,xgboost,6,225,0.33192887902259827,0.6680710911750793,0.6266666666666667,0.37333333333333335,84,0.10157194679564692
promotion_only,without_churn_prevention,xgboost,7,224,0.296604186296463,0.7033958435058594,0.6919642857142857,0.3080357142857143,69,0.08343409915356712
promotion_only,without_churn_prevention,xgboost,8,225,0.2661269009113312,0.7338730692863464,0.6844444444444444,0.31555555555555553,71,0.08585247883917775
promotion_only,without_churn_prevention,xgboost,9,224,0.2339445799589157,0.7660554051399231,0.7142857142857143,0.2857142857142857,64,0.0773881499395405
promotion_only,without_churn_prevention,xgboost,10,225,0.1851760298013687,0.8148239254951477,0.8577777777777778,0.14222222222222222,32,0.03869407496977025
