membership_row_id,USER_KEY,is_repurchase,target_repurchase,repurchase_score,churn_risk_score,sample_role
2,4ec765db76545c1d6dda9f421590bf9d02f584009f8d92100afeef4594ee72306b661c43d19086f82f85f02bbb5716280f52bb7f0fde823a0656a830a0e6e41f,N,0,0.13529036578931697,0.864709634210683,primary_conservative_holdout_interpretation_sample
4,d2f2278c38ea110d35afb55fa20ccf96d735e1254c1fd40b7d236216701246044bf1e2d6efb1a7b6024230cb6d821e4ad21718d3e20a9695ce38937d843f7414,Y,1,0.8984577916107955,0.10154220838920447,primary_conservative_holdout_interpretation_sample
38,54175736d7329ec748fa16d244827714a36cab9941d37903ac2f898f9a6d71b1cde808b211e884c837cf8ecd3a0b1c927b4e9fcbbd754445d4849340003d20cc,N,0,0.40201166932845145,0.5979883306715486,primary_conservative_holdout_interpretation_sample
54,c494c7c9bdec198be2723c4fd300084e8edb2bb32932731b449106cb4171a41920a05f23e4a92c44d5ecc5adf5f4dd6defa9a8203ea7bdbff8d2a63134fa86bf,N,0,0.6700147184737384,0.3299852815262616,primary_conservative_holdout_interpretation_sample
72,beb0ace233b0f7097c2b10da13120685fe555476e4969f24731e5ec652456d2fecf9f678eb0280b1cb7d25aff62a82a6ab4f7b2df6c0f394613e76a1e6bd8168,Y,1,0.6587115861385398,0.34128841386146025,primary_conservative_holdout_interpretation_sample
123,50ab814f4ed1779d6695a1c25bcbe8de8efae7bceb5bab853acfcd5308e01ca5b89a5a33535abe2884f47913556241456cdd5a7bacdbaa0653bb8aa8f39dda2d,N,0,0.8084402265199827,0.1915597734800173,primary_conservative_holdout_interpretation_sample
126,8c96b989d719017342dc20643075f48ef659bc298b55f8990dc3eb5251b273d134cdbe0f49af96a8d1af05c4737adf9c1b1ffdc06ba69737b99264d4eac11099,Y,1,0.92190067945104,0.07809932054895996,primary_conservative_holdout_interpretation_sample
143,2697fe2a7799a58d07c2001c7e3bd7ef31bbfcd6dc9d6dfafa15b591a97831d685d3bb6ccfc6beff2370173fec9d4d344c5051e3a37f8f0030501efcc318c897,N,0,0.20448388587979666,0.7955161141202034,primary_conservative_holdout_interpretation_sample
145,076f6278c207ac0a9717ca3dbb656fb41975c3b5a98fbd905af6f3caea72017649979cffa7d94bd6f5adb302d5e4abf40f5809ed0b93a58323bc044018b959f6,N,0,0.9794310321231253,0.020568967876874678,primary_conservative_holdout_interpretation_sample
146,489089df04cffa0bdee0ef3d59eb349da5b6bf8b06b5ebdd29045873518a24b3a719ddb22e6e55365dc49b59e8274862abd785a1f83fb679d0b28189bd9b9505,Y,1,0.8929376840482658,0.10706231595173421,primary_conservative_holdout_interpretation_sample
153,d427e1a3b914a272681b982e3c6e2078fe05595913e175148f3b7e49992e988a08a6be88ae4a95153ff2e514a452400bc0ad13777ddccc34751a1948c024efe9,N,0,0.4415707979097351,0.5584292020902649,primary_conservative_holdout_interpretation_sample
161,0e5f2d3c3fd319d6d721106a5fded2d87d8d276e13d9a6c789d7834f3fe26280ab7157997ec3d80ca5972b77edcc8d47e920702f165f189c01c226162e86268a,N,0,0.34535848285359266,0.6546415171464073,primary_conservative_holdout_interpretation_sample
165,e0fc3e22e6562c8fc6cc281e5f9ea381cc2039949d4351ad48734b34cc6a847b0f028cf422503365a1612fe4d1ce1debe605e2ba8b3d5647563cb97ec70e432b,N,0,0.9134192614394698,0.08658073856053017,primary_conservative_holdout_interpretation_sample
170,6f1a8947da0f5a9913f22813ec66d492291eedaaa0c418f04652d44e835d0d88999c30456f142bc6adbfa34f98334dd7f69b7f65b61ea44cfd5f1aba14bd50d9,Y,1,0.9244019804226271,0.07559801957737289,primary_conservative_holdout_interpretation_sample
201,1aa63129628d64f3c8aabb427b62e6f9e11bafef6d0d4b547e87847685831ea4a5422532fd05edc43844b763f2d8d7a4384fe329a3449acc5fdf82e1ca54aa9f,N,0,0.7150496924353572,0.2849503075646428,primary_conservative_holdout_interpretation_sample
205,240d6a32e6241b82ad5b01cb830d856874d6563e97e45006f8d1edc38035ba262ef59eb569e7e17c74b00e257dedbf2133706b893f6fdb8dff3b36b1b6c297a1,Y,1,0.9530772630942608,0.046922736905739226,primary_conservative_holdout_interpretation_sample
218,7779e8eb5539b84ca126d3409df51ce8e2435bf23095b9018852d84248ad10f4470d6bde0d5abffa3c5db833bece40967d7f1bde873bc9c155e03335b1ffbb12,Y,1,0.7282133294631493,0.2717866705368507,primary_conservative_holdout_interpretation_sample
226,ddeae98e77f826e2a521b2ad2e9be5e5412989af30ff7138d364caf4b8f59f06127794126e25d3a217c49dea618d91178530237fa0e0698cdbf9fd0004cdc7d6,Y,1,0.9386086773377808,0.06139132266221925,primary_conservative_holdout_interpretation_sample
257,4d0d027bca1a302a45a03bf0be15bfe6e1e3da0305f921a279bb10618d926ae4a638cb0fd4923ef66c49588547072fb232f2c35a3834495494850cee3c237851,Y,1,0.490810379658613,0.509189620341387,primary_conservative_holdout_interpretation_sample
262,2c4af42e31bf7bd8ab9a6bc435a3c8dd4895ca4bdd2c449dfd2127fac72493723f0c4823e63d037dfe20ddbdcab7946049cdcea45eea78327a65b63eb0c030e1,Y,1,0.760151821521051,0.23984817847894901,primary_conservative_holdout_interpretation_sample
281,1efc80d053b0d267ba7e14c60bbc1cdbbcfafbc41799691020a14106d55872663c39b0ac8fff0b501dc849ed139f916bb74681804146659740dc3e7e564c6b30,Y,1,0.9832215771651308,0.01677842283486919,primary_conservative_holdout_interpretation_sample
286,296cc376f5950c654f1d06a2bf33eef8eaa1df676343b04c9aa11fd654bdcd11f3d08e58bd7fc169617d47ff01bfa2c61c641af74117bde3590c10d654be5708,Y,1,0.5976302281983872,0.4023697718016128,primary_conservative_holdout_interpretation_sample
291,7f5914849f0bd171475c6283afcfefcd8be75edc04e49ae958e5aabf9a6fa8157c5e424268a965d8aa5fa77ac9181c1559317aa8aac8330c0d4b97141bd0c1e7,N,0,0.47060217290901507,0.5293978270909849,primary_conservative_holdout_interpretation_sample
294,039ec6c89a1bc57826bd5275fdb4fa6fc7aa47559d3d0ab34ba3877ec8d7b2357f66ce0aed1974cf2cbfd45de3863cf0dc7e8a39f4c27b2baa642d260f426b80,Y,1,0.9567464285168047,0.04325357148319531,primary_conservative_holdout_interpretation_sample
370,8d8df41c004dec0c45b7e486f55dcd736e9b21ac5c565825d32c1f24da94dff710a106b5afad9f279e4e3cc97196c7d3bbd28538a9eb07b631bb859aa7993b7a,Y,1,0.7683196997498767,0.23168030025012332,primary_conservative_holdout_interpretation_sample
374,5b6312a1e8187773c9e7d11e5dd19ab50c258141ab5b97c4e5f81d0f6fca20897fb444ae04c9c594562f8cf317612f689bf7776ddc922fbc57a7e71b0baaadf6,Y,1,0.7439779777306743,0.2560220222693257,primary_conservative_holdout_interpretation_sample
376,c1d67f0469f61d9cf25647644495e55c00eb05a7ed329f1b62ad74e955f8684d57c7939287e2d12f80674d5d50fdb9c690ccfe594b34d250065a4d6610a8f8ed,Y,1,0.9711889096804612,0.028811090319538768,primary_conservative_holdout_interpretation_sample
377,cce962efcb3c8e18f1d2af2b1dd206cffcbcb1091e026366880b2563474d77a35895d69ba4a31c178d727f1776e5914cbdf04bd66d1fe0451b24a07dbb167577,N,0,0.6762426208911838,0.3237573791088162,primary_conservative_holdout_interpretation_sample
392,29a8b8e980f1be50aee02dbabc26046e2d6eebd109b4a598b4c9eb8a5bc95e642d60bbd48116ac7c24dc50eac384409dc85fb3f7039c8c0514e3d05c72352b22,Y,1,0.9674197448061632,0.03258025519383678,primary_conservative_holdout_interpretation_sample
414,735cee031394b334e39d9ef29aac49398827fc526f7b3296e788d2b0b2781b700e6ae06a64561b8cafbe990c6ef208879fdb5b2d0cbef1ccf3af223ff597d0fb,Y,1,0.7232686868311666,0.27673131316883337,primary_conservative_holdout_interpretation_sample
432,7f9b3d366a77bf22f3530d235e825a3eca3fe16ab0d9082cfe9d4988cc36c6b7ad1554fcd8bdbed7660b83a97ef68ffb42ca5e290f012d346e5411293a456654,Y,1,0.9069946360198693,0.0930053639801307,primary_conservative_holdout_interpretation_sample
456,0258e889a5cbd225842d557c8b31bc13517d5428048dbf094abf655021c33c46029ab8bb142bbfd66b56c5dc3e2bed241aaf04feee60832b2b3a8872aaa43745,N,0,0.8530566429612753,0.14694335703872474,primary_conservative_holdout_interpretation_sample
464,ec1e7d4bb7ee5513606b86b02ce3ad1cd4cf1f128f3c284d6ea45c14fe89af6d0ff86c5bb0f060754c6a334d082a4d2afcb4814b58f51ae9d9507856ad7d5fce,N,0,0.8287604704253941,0.17123952957460586,primary_conservative_holdout_interpretation_sample
468,ab4a934c1c8e4ff77a985fb3cbc23cc99fd1d67ae3689d164d5bd16cf47174325244af28df08fcd0dc66d6935fa573460718f4426b76c41d64e3806166a13c1d,Y,1,0.9534518262953351,0.04654817370466491,primary_conservative_holdout_interpretation_sample
493,01e98562e54a1468c47727e4d3932bab55e5d2ba76b4d3fab69530f54047242f1812287dc007b8e5a491d3de32f87e23621bdd5186a1acbf6493c9d829e708a4,N,0,0.786187376329302,0.21381262367069798,primary_conservative_holdout_interpretation_sample
495,1acb3a28082a1fcb760fe4f991daa1426536d7d45622e03f8cdce4d494521145e2ab7c6ac8f23049e3026f66b4078a27d4c43b1bc3dbe32ecec013a6a6e0fbd5,N,0,0.6661555534864194,0.3338444465135806,primary_conservative_holdout_interpretation_sample
496,c013f952bdd4a52461af2167fe68f0cd8b16b8a6c7c697587f2e450a49bda49b8e2d305a9d2b7fcfceebe2f94eaa430e3a2d0ce33913bce030e355414dd29b4a,Y,1,0.45078775977475816,0.5492122402252418,primary_conservative_holdout_interpretation_sample
504,b483d75060761766d71d6c4039c1d622e9bf01bfbffade66d579e3fa9102e0bcf6e3fe4965bd54dc0e3f0f34f0e98d7a3a9313f0cc1f936386954016d6d2149d,N,0,0.7038972306354311,0.2961027693645689,primary_conservative_holdout_interpretation_sample
515,1b92f273d5eb0a5fdb7a9bb4b833e46066aae226aaf4f32a597b3d68e208db51940eaf4b1eb24105de992cf87323ea5d82fa16580d3402c8b1852bb9fe279a15,Y,1,0.873383277799428,0.12661672220057196,primary_conservative_holdout_interpretation_sample
532,91ff555dad07ea8e35c0b0a2dd11dce4487ae235f24a52bce18a35665f026a869cd0f8fb0940431cd1853ea40b5fefb034b22321ce21ba591727adf5348a857d,Y,1,0.45504883677551977,0.5449511632244802,primary_conservative_holdout_interpretation_sample
535,464af1d0bd1aaf3b634c4a99b534ad9037f8fcb0c1162d251055a275f147dcd965f1dcc266ee77bff908b7f77222909a3404d0d6181c8fee98c5b8b75355e7a0,N,0,0.5099110631617749,0.4900889368382251,primary_conservative_holdout_interpretation_sample
538,3d2dce022af89ad3e2f8c34e25650b4a5780e2656ba844714dff92da99f02374dcab2a35a7d6fdee3e6f7308c29e28e352736c6a7ca460785d67eae064702e81,N,0,0.20037516621840396,0.7996248337815961,primary_conservative_holdout_interpretation_sample
553,92245242f168922ac928fc6f45d26acdba2aab00f088685b95ae3607879090381b430efc1dad5cb10f9745b8515b1d919cf7e7ecbc7141186b0b13e0b8b7dc91,Y,1,0.875602164411329,0.12439783558867101,primary_conservative_holdout_interpretation_sample
559,ac79d7eeba87ec4012b0c54f74988babb3d3498c344b9d83f6f58d1bb7e3c3a57ab11fb3add6f1cb9ec8a30e9e702eeb92d4bf0419b4be29d72ec6670bb87b10,Y,1,0.9785714048536165,0.02142859514638351,primary_conservative_holdout_interpretation_sample
561,5aa96c0fcf04cdd19fb33479a1533e9738e6857ccb7bf85fde63083bf2182dccefcb3569b07f36c2a79e5204a65529722a003564fd403c5840c9ec66fa15dd91,Y,1,0.8416688692897375,0.1583311307102625,primary_conservative_holdout_interpretation_sample
564,f451655ea7b453d5fde4bfd76ce012c792a436c04f0101e32f8903dd80e1222fe6d45766a08c6671471305a8e98522758e2317e6a762b8a287f1c7125f41bd8a,N,0,0.18316251251366517,0.8168374874863349,primary_conservative_holdout_interpretation_sample
579,5785f6f08142a7b87626f96a264431bde43e574f75a184f77024818aea3f821d4e9779ffc63484d896e0d1840ded1537d77b4fde6a3870a1deb2b01706ef4e4b,N,0,0.5192442549350608,0.48075574506493923,primary_conservative_holdout_interpretation_sample
588,19d1c87884f8988261164301d8b6d2996f71bf1963962fb6bc22d235f39c1db741d9f996f65425465823a1c4fc93dec17d5a62922b134d2814e2b5c98cfc2155,N,0,0.28085986012038044,0.7191401398796196,primary_conservative_holdout_interpretation_sample
593,20e81365813f0ac984c292cb37fbede42957c9f20fd94851c4e1d4b9b62bba425435cff1b418b94cfa4cfdd56931d508aed7882d9bbbfc44b38798e221cfc3df,Y,1,0.9872497807312615,0.012750219268738539,primary_conservative_holdout_interpretation_sample
606,b790969e9f042a79109b71dda85cbd9f436297bb522bb58eda37ff64dcfe985710dc369f1a0091fa7bee4c907404121b4c461ace3a1af5a2b66c68be00e8bf30,Y,1,0.799032328140772,0.20096767185922804,primary_conservative_holdout_interpretation_sample
619,c7f8dcebf5fc38674be9df7f78677ac1c795690b54addf0c0331b1a85a073e3f86024c6b47af717b022b79f44cd523525284917b4d998f8a292bc8e60158e246,N,0,0.8375893231587328,0.1624106768412672,primary_conservative_holdout_interpretation_sample
654,419c40cef51e936caebb1e802d4388afd6ad7dbe1b7fb0873e341fef68185d8a4292b65f3f87b6266de9fa13f64bd1ce906f4b725fc5ac40700412d750b07e1b,Y,1,0.31318328646020605,0.686816713539794,primary_conservative_holdout_interpretation_sample
666,a11a96c4b10f61389edf8dd4c4842a6a76f4a8bd1f1e405e27c27647d4b60f0e74bf374d8ddb343ca3e755ae78894cbe19f21fc8eae9523d9a7e9f3037376fb8,N,0,0.717045378902709,0.28295462109729097,primary_conservative_holdout_interpretation_sample
682,d37e3111134a77f6affa07ab17687180b4bb81ffa67927a04e9ddb6b3b601b7dde2f972b6cc495261dc2340843a6a98553c71e66f6b9fe1ccad1c00d46bb2a96,N,0,0.3146831836741314,0.6853168163258686,primary_conservative_holdout_interpretation_sample
686,5b0239344366873bef255f0bf2fec2497c9aa500e32219dcc73d4d979a73c8f9edd8133f8030ea78b93136312683eeec99f531409f67dde3f35e5266357ace48,Y,1,0.9605434448489119,0.039456555151088146,primary_conservative_holdout_interpretation_sample
691,8ae73d1abad5fdcc9cd1cbe4e97da55abab00b4e6e01243cbe889fdb49a8e42b726fe8555efa0a41ae3672d9405fac9028d1182a791d839a3dde5668b39648ab,Y,1,0.9597596718992081,0.04024032810079192,primary_conservative_holdout_interpretation_sample
693,6379d316afee94cccc5c0d05e29a764047ed9c1868a9b84f63b3725b097bd7f7b6b60642a3795f21542b6da11fc5eddd69e68b213d84a45037f164e68310fa51,N,0,0.41650222362592976,0.5834977763740703,primary_conservative_holdout_interpretation_sample
720,bcbb63ad53c9feb2a55dd1f753a6eb098fb9c6969291f31bbc4e468773aadb0a64f6eac37a679b59285a60c4491008f503f36a61dc153cc922aa26e64ccc1aea,Y,1,0.9833249068293815,0.01667509317061855,primary_conservative_holdout_interpretation_sample
747,b7d57f6b470f5023c2f1f6bbb2287b9b28bfa298f668cfecad396e55d6f7a0930884de7b388ad4f1b9e33faa8f8a8fe68079feea47ab5c00453cec616f06626d,Y,1,0.5659934959458958,0.43400650405410424,primary_conservative_holdout_interpretation_sample
763,3234490bb138d74a2e86628e3ba70dd1e401421cb944f0eee219cede9ab54e5127f0eebb6fc662bcfbf73d47028de6cd5bfd534a62b879083d9273ff28eb596c,N,0,0.5651322027419271,0.4348677972580729,primary_conservative_holdout_interpretation_sample
765,f7e1abe5172e1755b0def13d2bf8ebde1bb310fbf2e4d88b2ee4134d5d01a65f32a9771db3db93a27b78e4b34c089da163f95018c301240f3c6f5bd81b7a338e,N,0,0.2361713369647874,0.7638286630352126,primary_conservative_holdout_interpretation_sample
767,7401c5c3e28efefc193c5ec306413e6812af9b1508ea4c533d3ef95f70a091e986b3a050e21b23c84dbb6e722f95fc53a77cb303925fd5ba893283b2a34efa5b,N,0,0.2362341003708385,0.7637658996291615,primary_conservative_holdout_interpretation_sample
774,ba2430249d7901e9b5005a315cac882436e841d824afa1cc30d639ab96ed444de42a3bb1db2caa1d798caa97a28d5413f68854ed5cd155bdcc7f51ce8a7ecad7,N,0,0.2405851053528726,0.7594148946471274,primary_conservative_holdout_interpretation_sample
782,0e87b0be766a664829f23b94eb8252aabc91a4bc374ab2b01343dc6c20dbd19df75ce2ebe45c166059d4bb8e1220ef617e8b2ba16b94120aed8fa810b34352db,Y,1,0.967784120263215,0.03221587973678497,primary_conservative_holdout_interpretation_sample
787,607fca701208ee848ef56de892713da9028135ae3d973561c1b2846478411cb76ad3e7072b4ee5b4a3090b6842b0532a9cf3c74078cb90661d29c3d4ef95fdaf,Y,1,0.9744588519021774,0.025541148097822597,primary_conservative_holdout_interpretation_sample
817,3608662a72e2437226dffcea6fd482cbc9fcbd27728719a97b2bf9cfc23bc1eed49b909cd87f7730144ee2aee46789f35836959d4db49c808f01bc0bc81c0c21,N,0,0.4848277961539343,0.5151722038460658,primary_conservative_holdout_interpretation_sample
825,9cdad589c728321fcb9c92287c85b6cf9862c11742afe66276b571d8762d8561f738b09e1273e0c06b70daa94b86c3c7b4e3055991cdba5aafe4f51d0c04ce96,Y,1,0.9784615683930136,0.02153843160698643,primary_conservative_holdout_interpretation_sample
830,040606f09d876f5870dc0e21a3c8894f1318fcc53366fac9adb34f11a8d4d78d17890f7c5ec2f3d62aec64ce7b3b4fedb7d1e696c90f8ae691f07b28a6a9b7f8,Y,1,0.760151821521051,0.23984817847894901,primary_conservative_holdout_interpretation_sample
837,9e336bfdaff724e54d3c9460fb765af50682c4a61f7249d8a60b49177539182b4d05975fef3904d77c147715e2ac709a7ce4ba396109c4f1534341699ba4ba3a,N,0,0.2850032433859655,0.7149967566140345,primary_conservative_holdout_interpretation_sample
844,fc06a5306d642012c3c6f539b82f7fb67a93c27e5526da31acd08d5ea06990491d4e764310de4d10e5134523ec7bcf2ebd51a275169244e69547312b14572588,Y,1,0.9885273917145757,0.01147260828542429,primary_conservative_holdout_interpretation_sample
859,0a2fe142bcf56e2832e9c212509d03e78837a27df9d73343742e66e3b48193b6fefaabe754adb34f4631f8a0af58dad45fac6d171d9f403d749db7211ac424b5,N,0,0.4379788388737015,0.5620211611262985,primary_conservative_holdout_interpretation_sample
893,dcd0582979965147cf3cca0efe7767401482dfa5d48c6e5011973f9c4b1cad4b14d0b18feb52263718067e120c7f51c36cc23ac0cd51dddb7b317fe48cb088bf,N,0,0.738019913404615,0.26198008659538496,primary_conservative_holdout_interpretation_sample
911,7fd0dcba460ed5ceab4f55177b0e3ac81f42a1f3916e04b5c7cafbc51789f9bf125e7b77e426143db2563e7511fd703d010e9f35e0184e1fe532d9d3d2826d9e,Y,1,0.6850534463488096,0.3149465536511904,primary_conservative_holdout_interpretation_sample
940,7de27474a9033c00f27c5d59d2f0431e8f152295135ee305bb4cfcceaecada9ad70bdc556ae5dd8327147d1e1888cbb87a8b603270926c80be295d8d676ba598,Y,1,0.7230459915657376,0.27695400843426243,primary_conservative_holdout_interpretation_sample
956,de5163447ad3c656e5df68f400b80d0672e42078ae550a7c304e462f36104148a74880717484c83d217a7dd3c632553406fb91f41fb2c7f55bd60ef12ac4fbae,N,0,0.7156896523463262,0.2843103476536738,primary_conservative_holdout_interpretation_sample
972,514fb5b982fc1db5e7e979862ee7969aa8f47346bc83a31944d359cfff369c525a550ea2885b080230bcaaf8c9d7c02028e453ceb46987f13ccfc569e1ba1b8b,N,0,0.45400761364043396,0.545992386359566,primary_conservative_holdout_interpretation_sample
993,b78633d45440e2fb9f2a5c7016ef9444777f39d8f59dfb9eb3f438daa3ae19b936d6fd7960d03a38fe086f356a2571da349ed343ce1a4e5f9ab8a0779916ce15,N,0,0.24769736718701485,0.7523026328129852,primary_conservative_holdout_interpretation_sample
1006,916e9916349d1f38576460288479861dfc0cbca0dc3121e20ed409404b861aa1c04ceeb5c02b749ca5ad280ebcdef1bfdfb80411af6b5e43b08aa634b76c884e,N,0,0.21461732611408202,0.785382673885918,primary_conservative_holdout_interpretation_sample
1010,6eba4716a6a0291284273f367b0a9ba355e5ab2fd0c7038ec32e94e51d8fb9028c3b311d30340f89434f172cd3a3b4d26621139fa0add12f33e2bad4a188439e,Y,1,0.9744084190250919,0.0255915809749081,primary_conservative_holdout_interpretation_sample
1013,0238f2d7add0d45da329ef60dbf3f8e0de0d1f57bd4326afe200969ef0aacda19075b607eefb336b33574f7510ac32891dca9414f35869500807012a4787689f,Y,1,0.6276887573010209,0.3723112426989791,primary_conservative_holdout_interpretation_sample
1020,160622e620db467a60efee87d0360b8a85292a4f339d7d45ff934d70e2af5628780c6577db53b9225d71fd5abc18e8926f5e6e8c29dce98b6c28852f9e57186e,N,0,0.4215210732669963,0.5784789267330037,primary_conservative_holdout_interpretation_sample
1040,a457c3e8673aeabb66257fa74ad802bf360086be12be296ce6ed0e125c394da666114fe4dca3d48eaa80e384d269ebe70a9ba4f637745802ae503cca2db9513f,Y,1,0.9451887972792865,0.05481120272071349,primary_conservative_holdout_interpretation_sample
1042,a314b99db9accc0284a85b54e8aa45fe052408b4af00d7143cd49ba7f135315a5c9a1376cb3a606a32b1b3ebe9100accef5550ce2cfc853278d0ad4c832b9af2,N,0,0.26008760291502286,0.7399123970849771,primary_conservative_holdout_interpretation_sample
1044,81af0c47cc944f31341493baff183ec080524570b83e56c5ebe50c1d1e7f32cab33da84c9f247c1f5e44ba3af55123f03c809d5d4b518c1ab2e0c7f6ae2810d2,Y,1,0.9743481370126414,0.025651862987358554,primary_conservative_holdout_interpretation_sample
1050,0502d1be3332cfc3a97e58e71edd81565cd543bf529c89986847d9505bf00d669fd33eeee98cab7143113b1a539c092394dd8ae4fec5ca4a494af850488f865e,N,0,0.7624054226919644,0.23759457730803557,primary_conservative_holdout_interpretation_sample
1057,739d6860f231a4419c1abcd27df115d3c684d04ca02de044a53ff4b92c28b776446b0e443d9c9663366f31f38cb7570d947d28a89111df916c648628287dcebe,N,0,0.5793461318883989,0.4206538681116011,primary_conservative_holdout_interpretation_sample
1058,a658f2627fd91cdb24b56c47e83e74a2651b631d87ef8c0cbe0cbfb6fc1d7489238aae6c31774318ee43f71ff430e5edf63247801aed43f6dc5c71ee85ea0122,Y,1,0.9771155473926932,0.02288445260730676,primary_conservative_holdout_interpretation_sample
1071,099cb55950e1a03cf9fcbf0be35b3795bb8f2f94450c568fa3a82ce8a4edd0a9fc6b25468716afb2bd059142323ec6210f85fbfe711053f98d25fb3f3235ce06,N,0,0.17280087724851018,0.8271991227514899,primary_conservative_holdout_interpretation_sample
1076,22128c6d2229f1b7e9f8f09e05b5eb97334dc1d51dd369bc18d0f57e29192299b31cb577b98febe39d1504a26acab649817ffc7a03902a61914b9fcf745f2084,N,0,0.7828300061209813,0.2171699938790187,primary_conservative_holdout_interpretation_sample
1103,9080b634b36913a03efb80a7a2378de9ea73b6f2d073ea73a5beff4795d47d1faa79af408e2edcc24390e624b7aa04f99ae454dba7bbd8bda3e5009b82e64d4a,Y,1,0.22325458028266312,0.7767454197173369,primary_conservative_holdout_interpretation_sample
1115,df4dce0675cf9f9070ec81ff4c8e34fe202abe4476665554b5e5dde2239145b51090ffc8d2948db820ed40c0fd154aaa1cf80754842c1ee840d2125d1ee36875,N,0,0.4121575707799735,0.5878424292200265,primary_conservative_holdout_interpretation_sample
1121,c888589ae77253979dd5eda32b18dfd77dd3fccc9bcbc198ec2445fa86f61a9d7daff5341cf0a154792df97d356b6f47824dbc1d81f3261fbbfb7df446b09627,Y,1,0.8696620620884663,0.1303379379115337,primary_conservative_holdout_interpretation_sample
1138,11425b8fdacc0372e6005863417da01fe03ceac9378889c6b065113c52b28f392372ffa979594af98d23f030cdf2cc28e9fc23d637915013f586a6dd2262ca86,N,0,0.6598569991880258,0.34014300081197424,primary_conservative_holdout_interpretation_sample
1148,8a6c3dcc9a665cf7c9287bbde1f66d31354b8a865caf7142c84755a877a93b54a4a38cdc0b92f0d010fe99f3b5481e1bbe027355737db979d32a8404010a4221,Y,1,0.6372732721943325,0.3627267278056675,primary_conservative_holdout_interpretation_sample
1158,a13aa6848e51b5d450254d23d13b3e8287cd6d02fd0508e14655ca97a98422045927bbba64c71f7b60d7afc494168b1f274768fd23f0c25982e4223d0cf0cb7f,N,0,0.3981166275016269,0.6018833724983731,primary_conservative_holdout_interpretation_sample
1160,d501e58686b31c412c8c4cbb7658db7b43c3d14fb86bf2eac078e998afcc3fd599b8afdc3f132e74f52a137caec4aa018c04210671fa9f2628cff072feae7ee1,Y,1,0.9087888224523515,0.09121117754764851,primary_conservative_holdout_interpretation_sample
1190,91c5b412fc34936eca85c9f2ac5867ab86d374432e43ca07204eee8de9900caf42a59f25d25018aa805e7228a23b2b3120a04ae777bd4e33860344c9258e4b93,N,0,0.6029158397532924,0.39708416024670756,primary_conservative_holdout_interpretation_sample
1193,b3272d2adc0cf26de5658f2b60a3a94d060ec283f356dbb5a1658a3b0a93837ed1a34eaa36a5e94819b0f0f729c9d5427ea882cfffb29ad2bf50ece64643499d,Y,1,0.7906760560323052,0.20932394396769483,primary_conservative_holdout_interpretation_sample
1194,5dea8c36ad28466a310c76abaf742ca2f03a5a89cc2dbde1b8c4f6cdf42272d4d29711c8573ef86e3187aaba88a182eda04c7df9d6df35ecf9dcc58ff079da6b,N,0,0.7689185212893664,0.23108147871063356,primary_conservative_holdout_interpretation_sample
1208,30f0c711f9068679d5d0c326fc50af85ad55b20759c25c1a8a386a752e8d33a525b1762af61cae6ef093e75e4fbd9d7b5f5b380f1607e4f2e18f47bf96a84131,Y,1,0.3016576818638138,0.6983423181361862,primary_conservative_holdout_interpretation_sample
1214,4bd8d810690f9448b54f0e92b517193195d5ce24ccffed6d01f8bd20bb5db009a9ea41a25a8fa7a91189fa8b8dd8a6c1c4ee56935e3a7a427cda687a7f8bc7a3,N,0,0.4597807329758059,0.5402192670241941,primary_conservative_holdout_interpretation_sample
1219,1c66eb14307752fe2d4311264f380ffdd24f9efa583570e1cba2746cfc9cbf219e06a5b0fa395dfa733476b90158045df42f27b4b1376b1a397980693e1d9170,Y,1,0.9468695969427178,0.05313040305728223,primary_conservative_holdout_interpretation_sample
1232,706a77d4fe0ccb1d8c23a2c8f4020aa518e006690ee381c1f3cfbf8a0da7045d77b58bbd87ca66f7d241cd180d544fb85e14bc06e9791c1232c5ec6a56632b9c,N,0,0.9251306897305807,0.07486931026941934,primary_conservative_holdout_interpretation_sample
1241,eeb30b1ab2c61535ef9051e2860e7c8cf6b982e0fe44d0354679c94e2d4fd73705d4cc03f257480e52e487463ad8ea294a9c6df1b87336e04d66a8ae20a4dbe4,Y,1,0.37924756895930684,0.6207524310406931,primary_conservative_holdout_interpretation_sample
1242,c02ac0c4658df7438b9d4f600dcf37f789e30181ddff1e4db20979eaf3f848aad3cccdf080bfa49f1f1b655ac9a99bddcd045ce8f5eb7bc626394aa795072f20,Y,1,0.8252526190813544,0.1747473809186456,primary_conservative_holdout_interpretation_sample
1244,03e4a4b5aeaf13a6407f0bf3ffa3e6dc9767a45178fb4db9e36d1256770fdd2e6ed1f8a79b126297775670b6e4db4aa05bf7f630265daae9873288f33505f580,N,0,0.6312375921829867,0.3687624078170133,primary_conservative_holdout_interpretation_sample
1245,80fd4f70438993a7958e844eca16e40d63e6bf16acda68e4c73ee8b68e86fc79c5d2059470d496456b081cd229b1b221208fd6f35b4a76c385eb0d0336926fce,Y,1,0.5800074575404696,0.41999254245953044,primary_conservative_holdout_interpretation_sample
1250,600a9ddf6657b2e9ef65af4c4c2643f64ab4ec407f2f99b85593358d2c6a9246f64bd413ae53daa7f06e78bcfa837cdb38833802ef121b6e4086c7e98217700e,N,0,0.24205763023909632,0.7579423697609037,primary_conservative_holdout_interpretation_sample
1256,5a9ce353e070b20d33b2670c5b56d9ae37d7318d28174453ffd010a2ad6f49a224f1d5265088c3fd0761c5d411fbc8e51a8d22e1b645f1121b3460287f65688f,Y,1,0.9398193034946003,0.0601806965053997,primary_conservative_holdout_interpretation_sample
1259,1e80a020dc5d507680523d802cfb309442afdadb33ed612b63260fd89fc2e5cac06d6cacd7e600ff07c7eeabaef750f40924f4b10a63d7acb748fe0f85333479,Y,1,0.5782740953506491,0.4217259046493509,primary_conservative_holdout_interpretation_sample
1270,acce9100fcf9b1ae7f54670f38420869d6837e023644c0668b4298acabc51fc0827cd29e8096589327ac0057fc00fc1accc47cd7b228e5fef89e88ffb5c1b7e2,Y,1,0.3258682282702539,0.6741317717297461,primary_conservative_holdout_interpretation_sample
1272,3755b9adc700f71ec9653553b3f3d6b6332b0e6f08a8a5df691d01c67e187f774ab6395ebd8f78db130f489474afff2ad926093d8042c87e10da89a7617e3d15,Y,1,0.47017212977168626,0.5298278702283137,primary_conservative_holdout_interpretation_sample
1284,681d02f53130f2a76cb4bfc2583d0b72ac7ea16e171317d1dfbe6ed104d14f3709c570196f401ffe764d4918d09f722ae966e160004a9ce6650b7fa332d826d3,N,0,0.6922640223679811,0.3077359776320189,primary_conservative_holdout_interpretation_sample
1288,8a4a244d78fcd10e70145925db2bcbad838dbdfd9b5853a5238845f2965e05140cd5fc9ba2476fed937cfd618219b6faa8cb35c7dd03c256e81204dfdb969646,N,0,0.9351875845962836,0.0648124154037164,primary_conservative_holdout_interpretation_sample
1291,68daedfcdfbf37b2ce20dfd83256d60a66dbb2a51c8bb5089e0f708a694b64c6e5199e1d221914892c1257a1a0f414339966b34f2bc3da3c5b1fde09eecaaa64,N,0,0.297600486363607,0.702399513636393,primary_conservative_holdout_interpretation_sample
1299,a9296686700c4dd0b515ed36b7bb075c74982678418a187ed39625feb1b33c3132c0b7ed496165b6a50035297f73384d70f115550dab8d6dccc1d00af7853ae5,N,0,0.20083683226713858,0.7991631677328614,primary_conservative_holdout_interpretation_sample
1315,5b631365734f18a8c95bb6d6e69102f2794b1b1c989edaaa7a0d4c6d45161c78bb7dceed9e99276500ea98bafb47151ffb3924038c46dbf0cbe88d27e7b8e941,Y,1,0.9681259542680017,0.03187404573199826,primary_conservative_holdout_interpretation_sample
1321,e5ade615cb3e69f7b57ed19f0fefeb007f8c03d1a0856c428e7959e5b49abeed4e4fb990e8c22ef06f78a740e8a49df32eb843cc2818f834acd34b6fc4bec745,N,0,0.28725109241134933,0.7127489075886506,primary_conservative_holdout_interpretation_sample
1334,10f9d9cc52c5c62c9a66e185cc6ee5f843cc6108715cc52903318951cffe841507e31c3136fefda6ea6f6431fa04d658171e8fce9d32dcf8487b26469ae94313,Y,1,0.2887621951042855,0.7112378048957144,primary_conservative_holdout_interpretation_sample
1354,e5e61e45a1ec299d4a587151dac2b6b9d0acb8b82d103102597276abc14c3e8bf0cb70e0f9861ba33af0e4c095256428a6dea9ac26354fe41d85ea1af3a652f6,Y,1,0.9789415918260328,0.021058408173967202,primary_conservative_holdout_interpretation_sample
1356,4c01f921bfd72af837ca1ef2c454c7ae9bf5cb75a625ab9467141a31150c33e068e28ef233e76ec726c9c44657486080b9349360feaa1da28b1238e17931507f,N,0,0.6661555534864194,0.3338444465135806,primary_conservative_holdout_interpretation_sample
1359,18759ceca4417ddaefd693f217247e271d3670ff8d0e5795a28a2c91a0c053adf8c2f641bb9608a5686f50d8b6f1dfa5f32ae2563e4caf7850862532a595499a,N,0,0.2562365040704507,0.7437634959295494,primary_conservative_holdout_interpretation_sample
1370,acd33055dd137dbb0bf8f3916bcc5e5a922ad85099d237f08f6a5686010e716acd62b2d55df159acade1534c5283ce0b50d28ca941bf7367c1a7b15a72c0a801,N,0,0.8790968190080515,0.12090318099194852,primary_conservative_holdout_interpretation_sample
1404,35fbad843d6a83d4db9d464e516eb9112c476777a7e6df62a80ef0eb5d1ed1a285cfaf2fda74801719f32a88b5934c817366a3d80d9323f372b2124c199f2161,Y,1,0.9705073855936236,0.029492614406376405,primary_conservative_holdout_interpretation_sample
1418,123365c6671977a44d942215e91be6f56818ad47b62ca75d009edc5bc465846e38eba1eb523a1cdbcae5397269e1715f6cf43603b6097a7bd7f29c5cf09e8c91,Y,1,0.7698527981829231,0.23014720181707693,primary_conservative_holdout_interpretation_sample
1431,33c5cd9a57ade84029f83562edb26ad15cee610947ee73d17482f2cfd3657d8aa7b0961c6886142bdbf73d5dad6cb09b231de69a3b723c34b1510e7f56354571,Y,1,0.9793974998417659,0.02060250015823406,primary_conservative_holdout_interpretation_sample
1437,cb7ba0422aa73f1760fd02c0eb59ea8931d10e2668a49204ecc75fd7dcf79868fa1e1be97feb58d762be16f7f841c9a683d545095d50d94e1a828e3f928b8be2,N,0,0.5266533438688513,0.4733466561311487,primary_conservative_holdout_interpretation_sample
1448,59d20e8058f557f5661d0f6d0d64907f9dfe0f5ac11082e2e609ab7b05be018e414b898e180aec7b74372729a7a0345a8ec6c568c3f17290f4a25560ca399623,N,0,0.4808085591359491,0.5191914408640509,primary_conservative_holdout_interpretation_sample
1457,722054385881410d1d90c9ff0114df123469eed6b566629fc1614d11d64d0b50359eb7df7f86667c0f4e4d0bd1f010e7de0b1eff717c2ade9284b635c42e243f,Y,1,0.9285907152328314,0.07140928476716857,primary_conservative_holdout_interpretation_sample
1459,45dc112460f7f686a695f159358c5495599e31bb19bdb090c21b983a1dd8d48e8922bb56b572a9bf4474a4bcec035076b63e3b2255628975a3618091753ade1d,Y,1,0.8364124132946248,0.1635875867053752,primary_conservative_holdout_interpretation_sample
1467,b2ac2eac133638ad0a96df654f769c153e3e69e050bfde6a4810e5297e3b4ddedbca11ee7ef5014b809c177a3ef52789a6f5617b16fc80889fca4b1d0a2c54e3,Y,1,0.9864873042424626,0.01351269575753744,primary_conservative_holdout_interpretation_sample
1469,2382a28bf77cc9106490299a370cc69d0de5dc99996609af3cb774db1a676e408783e6d9f3cf2e2a91229160191800afbb38acccfa5a7f5fb0bfea8612ccf95b,N,0,0.6050870069110484,0.39491299308895156,primary_conservative_holdout_interpretation_sample
1470,d8fc41a2347ccbe3bd98d4f35e0f69982099f1b40093ae735b868f13cc52af534dfb4f04f43fc5bbc2b0a0f6f93344059ffdff9ecd45758d413f222d2ff44e52,N,0,0.34102689883945037,0.6589731011605496,primary_conservative_holdout_interpretation_sample
1497,56596816bfc610d7d1686ebe1f622467089729b90e007c9bf12a672a767785a5c8ca3cde8469d6c9586874887db75d8aaad86894a4730887cb41169f2c5cb0b5,Y,1,0.9853077771519541,0.014692222848045944,primary_conservative_holdout_interpretation_sample
1507,40f1abe962a1da164902798d7a2bf7b97e5e11b332732640f66bf3dd96aa72f89fb53e9fd44bf9ae8128369bee40c6a77959f9e0caa93a2ed551ee749548e37b,N,0,0.2670689420991615,0.7329310579008386,primary_conservative_holdout_interpretation_sample
1508,9445c3c962ee4e4f436ff4a1615f6fda17b7b2b7f189d29cdc3924d857398fa94d92a539aad5c675d51e830f9e534e57b317ec33f0907d591bdf82b46509ce27,N,0,0.21061381912012325,0.7893861808798768,primary_conservative_holdout_interpretation_sample
1528,754f7f22ecf88b47a52509bc2d7b81ad28680c8fffcb8a5dc99d54ad61b6678beba910d64d90d82ffa992e80929132d97836c6fdc55a47b2f3ae42bf72967bc5,N,0,0.5764511205459414,0.4235488794540586,primary_conservative_holdout_interpretation_sample
1532,8e817432cf037182a53dec02669cc0d0894913b84431ff961b4766642f4afc9ca23b9b24e9e835b793c5cd52bf4fefdde97e67ef3af3a37f65d7efb2f277eaae,Y,1,0.9081702099394973,0.09182979006050274,primary_conservative_holdout_interpretation_sample
1539,d96d688b3d3cc719dd28e596b5380580d129fcbdd4ea02aa72d65a8232e3dada62b1ed71b85283499a39fb68e3de9ddf30b4ffca2e3651f893b29f16ddc550cd,N,0,0.6101112803393,0.38988871966070004,primary_conservative_holdout_interpretation_sample
1540,886115f0d58deba2d48d3705f57f2558874cbe4e15fe69f4c63204476805c81531e29d45c2a0f5ea3c36ec3da0bcea651f5bd4c461b5d585a92a26c230f26248,Y,1,0.9490813424033705,0.0509186575966295,primary_conservative_holdout_interpretation_sample
1541,7ac25a2fb45db055945ad20360a64f30c9ca8c8510d1de22e00fb7f3fa0fb30c4a407bc15d0167c4c14a2fb7c687cce5c72eaa5bba0cc3bfc1412214c4d39521,Y,1,0.9830388362357912,0.016961163764208753,primary_conservative_holdout_interpretation_sample
1553,e3ed0ab62d5c2307106ce728debd4f3daf735b9cc75fc715a9c41b96a66f2817177830d2b71756771adbb20d7cc730811993b9b37e81c78b54389ae18bfe78af,N,0,0.24099485825525105,0.759005141744749,primary_conservative_holdout_interpretation_sample
1555,a9d97157d970456276478b135f0c44405467c99acfd22b87ca573aeb1cac3f3bb4b1892c8ea7c130dd940bd5b29b38a3625fb392074860126a756db17b2ae15a,Y,1,0.6719594153725031,0.32804058462749686,primary_conservative_holdout_interpretation_sample
1574,dc0f77b9db3998adae3133806929b34d5bda4061168d3008d6e55a3ea2b22d4ae9e1a5b727992dc167ff8ee2d8086f297ed9e4050ca1e9ca3fc235f1d93f4369,Y,1,0.312167254903475,0.6878327450965249,primary_conservative_holdout_interpretation_sample
1577,3670f4ea9da6087d2373787a2175266adc2816951b7adbccc412ee761a8d354ec36e16acff820ac747955a1fbf43243748db5acd8081f6edd08d76f3d63b9bb2,Y,1,0.8711144283816024,0.12888557161839764,primary_conservative_holdout_interpretation_sample
1579,26d924184c2cf0000cebb53cdcc2ee15fd5bfe2b5c22afdc72f6e41f2f968c4bfce003da555146514106767f66158071f37a5192ad9abcc229a4dd5a8a24de7f,Y,1,0.8194921110781525,0.18050788892184755,primary_conservative_holdout_interpretation_sample
1581,182bedf17a09402e32a903ba838e154661177d871a3c566b1b06b0962b8b1c546bf2ab433ed5ac00ea637d83259d89e1d5726bafc7fa87015cd53131089c0ba5,Y,1,0.5734428013764044,0.42655719862359565,primary_conservative_holdout_interpretation_sample
1588,6e4c0a9be65fa7ae978c37ad8cdf2837eccaa41f30611cbe2fd00663999ff8a9bbc8d50158d0405f6910f48dcf0ea5c076c1440d78003762753fa1c78daae014,N,0,0.2096998667322357,0.7903001332677643,primary_conservative_holdout_interpretation_sample
1604,f79a980a1b08c19938d669fe640c47ad129dfe01be9e6081793bd30dbb80ae8981f12ab0b21f05ac20355f783d8f3d6f89f681f414e2bd9859beb0f8621e1b62,N,0,0.32910690753709776,0.6708930924629022,primary_conservative_holdout_interpretation_sample
1607,fb0a99bc31ff1d35d98d4fbd1997ae9e0980cb99e168fa8677e3f08a50270c5d694cb263880c2ec27365a05c4e70a7860f17dc3788a3e9f6064fd62e47be61dc,N,0,0.7987765711124386,0.2012234288875614,primary_conservative_holdout_interpretation_sample
1613,bb6b95d6094654dbfc45eeb78d7628152f918ce9051ead9c768d7ee33a861fef99cd74318a4901fc59ec6282cc6c5a679e10ad87847ef99e6c7e31601108f37f,Y,1,0.9507560754591514,0.04924392454084858,primary_conservative_holdout_interpretation_sample
1621,f0afacffcbd1408c5cd754bcf426ba105853c0ef5c40dc3460b2150d9fdcb9bd5b425aa6044d8d6be983238108dfeb5882c1ddb5a4a1547de47148378675cd50,N,0,0.5734428013764044,0.42655719862359565,primary_conservative_holdout_interpretation_sample
1623,281d21bb4dd7ceb663f1d32b979b597c2b4e5f297916dcb0a44216924c952acae83b44a84b31168e88487e7a880124a11efa17339567588c85a2c6c2c143495b,Y,1,0.9450118528100523,0.05498814718994771,primary_conservative_holdout_interpretation_sample
1641,bbf061f7c6ab60a98f65beba5ae2906be0f494fe9cf357e873f94483be8aee59dcda630e595ad992f75d283c90dcf11d0a7b5b95a6536479ab8e9af427919904,N,0,0.4350978311533056,0.5649021688466944,primary_conservative_holdout_interpretation_sample
1652,1ec63f4d5f1a22f1115bab332f6661fea33d3b29e7638f9861fb89dd47b9a581ca03860df3d090e594da36811903436fe65521762b9f43292bd9335738c93027,Y,1,0.3353966746798721,0.6646033253201279,primary_conservative_holdout_interpretation_sample
1664,ce9299beec67a68d3b1e479629d9a6cf3c812e3c983a50e7eb6d54325cf8f9112e02b6302a35109c4a4ab676b2a198a778435db81d8ff9a00075227af3b0357b,N,0,0.23761295703780863,0.7623870429621914,primary_conservative_holdout_interpretation_sample
1669,57020b87206d19da50f8675aa0c0343aa60e11ca0afd3d2bb7e3baef5e8b2c7faba8c2542117a811245fe71d2763cb06bf24bf68c007151d2a21d2435ade22f5,Y,1,0.9526376830515325,0.04736231694846749,primary_conservative_holdout_interpretation_sample
1678,86dd8d329266ff508b6e980c5c3b29a182edc1fb7d81ca1419a44cc608e350592983c43667b528a98042c7a3a6c17ba46762b4dacee52bbfdce66828fd4ba4de,N,0,0.36667687791090137,0.6333231220890987,primary_conservative_holdout_interpretation_sample
1684,715fef0b2cd2abf0fa67422de2d95ee3a8d913a1c28f55159f4cd55dd9e1bf8630fb011ff77ff5b6d6bc5e750d55ee1c70795840b85cc8d2c8ac55ae90da291a,Y,1,0.7278462428566049,0.27215375714339507,primary_conservative_holdout_interpretation_sample
1691,ba26933cd9ad75bc2ae63845924c68dc0e867958b4957846fdc555de1e288dd96ad814bee357d3863e945789a2e832174e8ecf7afa4643faebeef7a2746c1dc4,Y,1,0.3411118616731362,0.6588881383268639,primary_conservative_holdout_interpretation_sample
1696,6b1b2530baa97b8fca7bcaf45a5709d37da32d007df43f74d61267d310e79a6f403d6d9bce05272448b907194e81202d6e84bafa57f9bb2bdc87985e8bd10382,Y,1,0.46678980802812514,0.5332101919718748,primary_conservative_holdout_interpretation_sample
1703,d89b8d264f11586cb7eaff79ffb47ccf6ba5f98854319332dc65346c59066f5d3828f59a639cb77c7b641a41965aa52436e5efff43464bac8ab20efecc279e76,N,0,0.5638195423624545,0.43618045763754554,primary_conservative_holdout_interpretation_sample
1705,2497ce04e27a9a423c0e62df7ea15b5294997824127cf6a1d33560d5b4e7536ef73c8c8f38356eb72e1de53e4d26ff6b7746152d867c6155a18dab90b48adacc,N,0,0.711521637453619,0.28847836254638104,primary_conservative_holdout_interpretation_sample
1714,0e939cef80eac79cdb02598c6d77ab75e242662f1ea46c37cfc90c577075f61429c6a55f6f04a68a16bd07d74d1835eeb91ac4ed04bcb6d6a76766a33ea5cc08,N,0,0.7742829795621566,0.22571702043784336,primary_conservative_holdout_interpretation_sample
1741,9acdb5c1e2c868b4f890e368263bf4b01560bf5b3d309c6c28485ede4198edcd907bcf8a36dbdfd0f1e9c8c67fd76b5c9e7e3a1296631fd7b2a03114197c4954,Y,1,0.9718537865143896,0.028146213485610416,primary_conservative_holdout_interpretation_sample
1747,46ea50d498430f220d420f8b21b1944a59c32cf877fdac69e1b04a44baf5806212b6ec3480b0ba25eac8f17db60a7714bc4fa847b2d0bc2c14a9620c72ce7bca,Y,1,0.9713631820003971,0.028636817999602937,primary_conservative_holdout_interpretation_sample
1764,d9ad53dbda74d34cdc2a4e0b2d2ac00e51b0c9b5f6da30f763fdfd62e07b82c9f542bdcd6983a7e82e052548255a2b5700b505b64170a7c5473efbe28def7646,Y,1,0.9642291313955041,0.035770868604495853,primary_conservative_holdout_interpretation_sample
1778,e8ca6f7e1ceec4c191ea42501cf2060952d3002f59ffa2192b299c51e28a26f2140cef79c91b5bf810e04e2cc5c4c26f6605db7db9581673bdd0ec3c82835214,N,0,0.12884446723952203,0.871155532760478,primary_conservative_holdout_interpretation_sample
1791,09503171e33af5e12936812fc922d4a538bc9fbcad493526cfcb00165ec5ce01f33434f39dc5d76d858362fda4cb39abde5220c5a526a89a8bf5df021a186ab5,N,0,0.4422934414053173,0.5577065585946828,primary_conservative_holdout_interpretation_sample
1792,164e51978847e04660c680afe7f88f829d7f25a036bb494b0ab888627952583c4387c4bd1660f7595e39381df4998d8d73a7b91497a06f1562e907dbef3cc1ab,N,0,0.27487899003543764,0.7251210099645624,primary_conservative_holdout_interpretation_sample
1797,8f4cb21df266bc20c3462d3c4158b132f4ca6994f4f62dc1d288764a754c67f146ec47b6801aba4c35d31f2a05545d61f74c66c7443d48b7b383d45a9a99ea32,Y,1,0.8334365215985228,0.16656347840147723,primary_conservative_holdout_interpretation_sample
1810,91b3abab7628dc17a81af088d0682098fa114fda6e184a4c27de26086a29e94072137d0769a28f8ff69083d490d79ae3efaa63a7e3e67d049bffdb5e432ef49f,N,0,0.20382970207114476,0.7961702979288552,primary_conservative_holdout_interpretation_sample
1821,b4b016a8c9ef8182db665c40bc50f65bbc29e00a037de086e0239d97f0ec55111285085a170e04421b03d41fa09a877e55ae6520bb2262071d6ef859f540158b,N,0,0.46959217283969834,0.5304078271603017,primary_conservative_holdout_interpretation_sample
1823,c76d0790812a43a270bdc2417741d11d38a289cbbb18331d9f551f9e4a0e7a8c8975673a5fd0d255d374856408b4fc4c0a9924ef5414d374b28c1e7332313797,Y,1,0.9707368244440647,0.029263175555935272,primary_conservative_holdout_interpretation_sample
1827,57ad051245f2361fd87af801ce1ff079a430493d765937529a94e71b2bf32c0d2ffa2deb1b45c3d3fb07375d934f60c46de36bedf16bdcf53e93f7fafb2d55fe,N,0,0.9681020146800513,0.031897985319948696,primary_conservative_holdout_interpretation_sample
1833,1905c070e0a4037d99ad778818266dd5cc8626c40d509b9d75a53b9abaf2f6283b0cebec500f1223d9bc710805f122324273312895fcbce7fc091d57520407f3,Y,1,0.949559770970972,0.050440229029028005,primary_conservative_holdout_interpretation_sample
1854,847cf5f8f68e053ba9ed67bd77b256e48f6c8f64f1e9cbf9fa49a1c82ddd2c18e25d281ed94a493364bfc461a8c88ff7ea3e7fe597325ccbdf109ae524356915,Y,1,0.8703349610790846,0.1296650389209154,primary_conservative_holdout_interpretation_sample
1878,61c5ff212f036412f3e93e489c4a51da6600272fa575dd246093cd74c84e12a23207db8285ead6424aa6bdc8695520f001dd8939194b89c85e66e762c13336a5,N,0,0.48055825304845234,0.5194417469515477,primary_conservative_holdout_interpretation_sample
1890,6adb66fdf421689e6fd5d0f90ccbbae47c396bbf4bd65c7bbd65b0ee7b4927c4499b34b86216a464450594cbf9389d9c83d643c4fdab4c9df62210a88902f7b8,Y,1,0.9631519351362395,0.036848064863760466,primary_conservative_holdout_interpretation_sample
1905,b80c59bb8f666b792e9b66f8f27576f7ed2801f6f3d7ab010282d01cdca31039cc609fb179f0227ed1a86dd1ee5a53a5e3d1994ee2ac53be256f8ce4b290308a,Y,1,0.541403155308856,0.45859684469114403,primary_conservative_holdout_interpretation_sample
1909,d3dc127474aa58fcf74e977b081d4f4d75da4ad6e73f80b2e0525d4016d2349812b41181ef32bdbd05576d6b384d52f11de8fde3cd345d2d9a78eb03911219a6,N,0,0.4687200517904754,0.5312799482095246,primary_conservative_holdout_interpretation_sample
1921,649ea96334fb7a22ec7d1ca868cd9fa46a9ebd1afda4112d73716e56be6e88c685a929bbe12466da26022bc8f950b5e6c2c8cc37a667c1136e158198af13a910,N,0,0.3124574177156279,0.6875425822843722,primary_conservative_holdout_interpretation_sample
1924,762b531cd367d9e68b78caec228c77eda6a0fc1c5c3c23f93ca98515510f37681d19a86e13b866bc8cbd1eaa30fffc4fe8a5057c779b8c01d31468bb2a954e99,Y,1,0.9788364047951813,0.021163595204818697,primary_conservative_holdout_interpretation_sample
1927,11c8ec6edaba0bb5a0524e11e66e301ea118f34d452c65c09722eadaa70f523c8f5813ff7e95fee9a17824fa8c25ffe18ce66fb41ff30743051f299c89fbd8dd,N,0,0.1887530336865293,0.8112469663134707,primary_conservative_holdout_interpretation_sample
1928,44eda6ee5404e3f95278adb87b1d2ff960217b0bb3c760b559d2210cbf95a5c332771ce4e4548fd9e5f7f82547290a16cdae535cf7b8fe565f13d6731b16f889,N,0,0.632708754345839,0.36729124565416105,primary_conservative_holdout_interpretation_sample
1942,80b693b3b7ffc73370f7f80e3241e64309b7d86d4f6ca92509e7a473788fb505a6993fda67c9c2c76550e0dec88db311eb44f8f4ccf0a503615d0b31577ce366,N,0,0.2387565016447858,0.7612434983552142,primary_conservative_holdout_interpretation_sample
1956,ce6e498a1e5e93c77d8411c81b967def725b4418d63bccf2ad389634fcc694516d87e2336bad15cbd9c2632db9ccb032e7764d454e1e540ac998fde548e5ab27,Y,1,0.5780636496166899,0.4219363503833101,primary_conservative_holdout_interpretation_sample
1962,c66ff3c6a05ff60603891c2d69d093ca58f53811b60e4af3bbe2f4f2fce6ea5972ad4aa3def48aa8086f3c88bfbbb40a1b9b908bb9fda2a81c6fcb9300aa1593,Y,1,0.9652174274757476,0.03478257252425243,primary_conservative_holdout_interpretation_sample
1976,fbc2d4a0f0a7a8c0def521afcf05dcb739588f47fcdb7f673b528c1c8745064af2c83fe112314142ef3bd617348f9d6e3cbdf574c521221a8c1a7ed27d8ec58c,Y,1,0.9446515061559667,0.055348493844033286,primary_conservative_holdout_interpretation_sample
1994,37c6a8904f3cb01081bcd28ef15b22d20ea1246ba782592328bc049ccd14e664ffcdd839d4ea2a442d76de693d934eac09ae19338ce9848c4eea183941096871,Y,1,0.9074287402384436,0.09257125976155645,primary_conservative_holdout_interpretation_sample
2004,0fe9e6bef41299593585fcbcb4b9b534837f356b122b858cc7a8c8a89dfcf490ab07aeeb52260a8be16641eb263d07a2d892144d6af02b6f1121ee5640b84345,Y,1,0.5297899732840965,0.4702100267159035,primary_conservative_holdout_interpretation_sample
2012,287e62be84862d5e3b0126b2a41578e5df3949ef434e88f6ecb776b8616938a8c323b8b7b8b69c59e8243a2dc1847c22f0e9d5e4ffcd0ce9c1872156943fedd5,N,0,0.6546334111726488,0.34536658882735116,primary_conservative_holdout_interpretation_sample
2022,adb986026b0c7f2e2055d943a39b8f287164819d55ae9c3c058d4b080262a76f88ad94af3948fe40e980cd37e4ff733706a7f4ea58f01c5dfbe6dfc6c5a949cb,Y,1,0.9559526575459633,0.04404734245403674,primary_conservative_holdout_interpretation_sample
2036,c1f83f8065b74bf5bc981f8d82763511cc9c859a30469dd13596d9a48cfaca3ffbf86a41c0d75839879f15ad86b54872b21c22d4e715dd1b3130a5d8709d3d3c,Y,1,0.9517647594491909,0.04823524055080908,primary_conservative_holdout_interpretation_sample
2043,224c2c6982f93032d16d5341c13b8135e5db72984066c74a5689df3485d85fb9d051c32f6b45a6fc0d62bc24abfc00219488c9daf32a2c3c5382fa2d247bfb60,N,0,0.31305075568186924,0.6869492443181308,primary_conservative_holdout_interpretation_sample
2062,5c3993cbe0e1b924eb76ac7cca0be03e2b3880232eb5a5b5009841bd90fe37ae5ffa56e4a7539a33f90fc49f946ad0d4db6e0336fcb0b67388dfe616f9c4ec75,Y,1,0.8114292331796166,0.18857076682038343,primary_conservative_holdout_interpretation_sample
2068,4f105179506b723256c55313b7989c25cca354d37d76edc201b98cc274ae0c5a03ce4888edd595b1d4da5b1bcc2c9fa7e56f79747545afd42e0a7dd4e16b9cfb,N,0,0.705016872294749,0.29498312770525104,primary_conservative_holdout_interpretation_sample
2070,dfa61cf1e18fb2baa3be87ca62c9edfa5e9191a0247d0f240e9461e06fc9c505942ec620a509de45e5062a8849a84b8fdc2485358aaaff304cc65a4965ed9d8d,Y,1,0.6705517379608189,0.3294482620391811,primary_conservative_holdout_interpretation_sample
2088,0e764738dc907990e5ece607e57bc24c195700e99f627799506dc75513ec387da605e400184ca5fd9bbfe1ce8d464ae5386a4b337bdec54ecedef48927c00b3b,Y,1,0.927978426575086,0.072021573424914,primary_conservative_holdout_interpretation_sample
2103,ca643fd0f8eab6bd9371252ee10590bff135dc2e92b35373cf1bbb8b31aed4cccc9d02be59c15436ddb6ae08737b97d47b3b2623393c72bb7cdd1b11bc280eb9,Y,1,0.954953675613516,0.04504632438648404,primary_conservative_holdout_interpretation_sample
2107,f71a91cb6096de091ba7f77305914a8442e181707d94b3fe1ebfff1fd0893bf132c1f4001d3dae5b91c908837e999e49c3c6cd20925fd848ef0bb43dd5c2f334,Y,1,0.9249375926105745,0.07506240738942549,primary_conservative_holdout_interpretation_sample
2125,be9c87c384eb0e62af098469b8890692d4ef3d107208ba1921ce00818da688173cc7406aa9caf14de1c51615396edb7c19629da5166e8c29c80335cdd507c9a0,Y,1,0.9303332678905315,0.0696667321094685,primary_conservative_holdout_interpretation_sample
2137,a746cc94734aadd9137182bbad2361c7ed805c1c325483f69bfbb63245f47b84c89c1db6ed9a3eb2113318109b21cb7af47e7b408bb2784379aaa524c7428d01,Y,1,0.7364159800705208,0.2635840199294792,primary_conservative_holdout_interpretation_sample
2194,d24dbdc08ab43d456d7eba84fb3067f729ed14666d30c633d24ebe1aadc90be3455ec5ff8219f771e7205972dfe114afdc556e7c18fc10badbda560ca9bb9d6a,Y,1,0.9416801222021015,0.05831987779789849,primary_conservative_holdout_interpretation_sample
2242,b6eb744e421d89d47d4fb12c1eb9723e86f47c20d79bf98bf00f62ce7076d71c9ab1dcd665c137bf6da0dd9b33246eee9f20660132fab4dd2c525aed18ba3016,N,0,0.17519161722597984,0.8248083827740201,primary_conservative_holdout_interpretation_sample
2255,f9dc534ce92e1cc6f8080574c427d44bf905902edc2b930d7a49d4ff21508d1ee109acd23c5b9fa0e2ec0b1a5873e2c5bf257f0ae0acab6464bfb2442345e390,N,0,0.32945000938573493,0.6705499906142651,primary_conservative_holdout_interpretation_sample
2259,8696b49d43315d29a593a09954fa6a3d8e3fe4d9266c5529c02dd9d48a7c1532cda016bd47d3b41221b39370630f5f0df69c8772b6233eca9c1880c4a1801048,N,0,0.8036527218236461,0.1963472781763539,primary_conservative_holdout_interpretation_sample
2265,878f72be9b9a0ae95587d907ca70fc84e8f4fb4a4ac9475f12bcade842bdf62c0c8a9c61308c6738976c4bd544f4b6818f1885690be62b5c150989ab7a76ba11,N,0,0.49392068750102663,0.5060793124989733,primary_conservative_holdout_interpretation_sample
2267,927e619218de17da1e38bd38be067a03b4ef0284ef0e360076eeeaa30ef48de2aa76f016aa034d1c7c003fbf18ece662132ab16a02bbb7a760efee6a919ef7a8,N,0,0.22775908137915,0.77224091862085,primary_conservative_holdout_interpretation_sample
2271,021fef176c40d23b38ce98c583b3fb8f0e98cd52a4155917d9d3739bf6df94f9bebab4ac7cac859de1525ae221539bda9758ba6ee4008d1f9c5c1402bfc54aed,Y,1,0.9634743008136852,0.036525699186314764,primary_conservative_holdout_interpretation_sample
2282,263c80c4a42c801f80ea02787255e72add574ee137571a5c98af3e1b8c9fcf4a9cca379f07d13c463c3650616211724010e4af5984889222e94d1b51b72d761a,Y,1,0.9364827271757067,0.06351727282429331,primary_conservative_holdout_interpretation_sample
2284,2acf67c16080fb3702d7753033a1c8cb0fe5c6d5259d4f4d67c656046034c543475419d8f1d9b95adac79e35d9a544e9fa15071ecfe10a66734fb9582fda48ad,N,0,0.8049163119617065,0.19508368803829346,primary_conservative_holdout_interpretation_sample
2287,62f82c3d4eeeb4461a26f1ea72485715b3e6081c3b3f04be177adb481d40f8b3450c2100b8c755899dc88127d88131807c3742c53a7410a92f408274e42015ff,Y,1,0.9226931222377254,0.07730687776227463,primary_conservative_holdout_interpretation_sample
2304,e29fcb922e1e33167c694e0d265942a4930118b0546867c37ec2e02bfe20982046e8af683e39dff19d44a1872c3b9d178d79023bed4671d2886e2a70f40f110d,Y,1,0.8157819220625134,0.18421807793748657,primary_conservative_holdout_interpretation_sample
2307,223f229acd19a9a8e3334b87ba854ed487d34d79ff372ed1f6f8eb593abb1d6e5d6dffe31bf866fad473928728783747852187fc4da2002fd55d4f3da3f81b95,N,0,0.48134213205751925,0.5186578679424807,primary_conservative_holdout_interpretation_sample
2317,cd53b31001e1068a70a55d23758a147aa49b6cf5b27af14fd25b91b31c7b333c7bdab98ecb825a751554366762f051a94989a005f80dd35d77fc380fd5a76a1d,Y,1,0.9574962062051277,0.04250379379487235,primary_conservative_holdout_interpretation_sample
2323,bb4cc747eda4a065e380e1d0e6a76956ae6e25e81d5c41a3ef050552ec318c4f059f254b9d3b7136a794f216c36f084f279b383fbad05203e6bf4a7553a935ee,Y,1,0.974224955688001,0.02577504431199895,primary_conservative_holdout_interpretation_sample
2334,96e1de23d1b8bc08f6e41ef25f3c34fb9be927a8a3789a9c2ef6e9c0f5008ae4c533ebc48b1912160f6a640a98325f80f176b38945badc49f99ec775e772c70c,Y,1,0.8513554323473778,0.14864456765262224,primary_conservative_holdout_interpretation_sample
2335,3c7e55e367a8438d7c360e9bdea9cfb0fba84126937eaf21bef41bba9fe9e0070e685e0a6b133f15d2a4d039ed37942c5302582de1b009a5da6d97b2e59b22e4,Y,1,0.5157767702114191,0.4842232297885809,primary_conservative_holdout_interpretation_sample
2342,aee6ed455fa07705171deb8abf9bbc530fc6dea39b0534b1945c183f87c845e2ab6a473c067d900f9641d75156a7c102d3eb89af1661c565a1e4bde3a6cd77d7,N,0,0.23232982258709628,0.7676701774129038,primary_conservative_holdout_interpretation_sample
2389,25460ef16fb604bc757eefcc4381e5e9c44f9ee4da225dccb6e567faad1c9b9ad230478961aff2405413e484eafd535fb0db5c12621f74fcceb0fcd0a693ec2a,N,0,0.8849537604871429,0.11504623951285708,primary_conservative_holdout_interpretation_sample
2399,f9db32f751537e8449f0966fcaa7f15e00b7bde1d4594a4f9c614002a4526c29d6c4989548c616fb51b3accd9d213d9b76b9408e8211d7620072bf52db8e221b,N,0,0.8724266443578708,0.12757335564212924,primary_conservative_holdout_interpretation_sample
2401,94eb7e49f0bc95fea83348196978160a7206dc56c05e4f72a60f819f0d0f5ba5ba5f94176922f9368390540e46d35c6aabb8ce2fcd66b916088ca233f078d7ad,Y,1,0.9539773315463415,0.046022668453658544,primary_conservative_holdout_interpretation_sample
2417,a250b4dc52a7c24a4427e1577630d76d0051063e56d9d22c0a7b345290a6feef9c3e3ce8d030fe3044cb8b0ad3b58e6dd5fcafdcc631a38cde4319719e3e0a38,Y,1,0.42360803861312146,0.5763919613868785,primary_conservative_holdout_interpretation_sample
2427,f516b9cac7b92cefdc349f72b26634d75bcd5ad520299de5d2f795c114b5de7b86ee79631f72b199e2c37d39fe7bfc9b7ed342a476c0ad2a7912e2d548d101c9,N,0,0.5731990196199556,0.42680098038004444,primary_conservative_holdout_interpretation_sample
2444,da9d3981a9225553180e366995c5618e82ca01e5cf4cb2b2dc1d26f36014fd335b1cd1a74b4c3b9ea0b0256b21a61603193867a8143e0639a6b600490166debf,N,0,0.34155723723146697,0.658442762768533,primary_conservative_holdout_interpretation_sample
2462,ac33f17014079e84b8edd3bb22b4114902455a106dde006991efaccd45e7dec78c888e9d6dfb054c6872ebba69f88855a25ab1335b7e4c0b3f28af5a6a3fa087,N,0,0.24698135972977747,0.7530186402702226,primary_conservative_holdout_interpretation_sample
2471,c18e8817f215a487bccf1f0987e6d1e506b48a44c9413dad7bdcb95623a32769f326b113ca07746a5bcaa8d4a5cd74f66cf95c63877a6e462eb4cb8e11e33095,Y,1,0.917137757259361,0.08286224274063902,primary_conservative_holdout_interpretation_sample
2482,38e7bda1585622d437ccd1771a0272f9a4e7a6e6a0dc0f51017b078aa95375f2bf9fabf73ac8fb9e8576221094beb1e6cf8c482ca5c5331cbf7bd522daebdf4a,Y,1,0.9754370202635159,0.024562979736484136,primary_conservative_holdout_interpretation_sample
2483,ba6be3489fcc64c847c85677012819d3fcf633b28d1a4250e1f42fc3b5af4366fca81ee63c4189b946428ab48a8764d97e58290c74c686d3f6733d23e69df63c,N,0,0.35063644182670173,0.6493635581732983,primary_conservative_holdout_interpretation_sample
2509,d1c5f6c0bba51a06ec168164ac95c188904e721b6fa0473df611582cef7a2e8438d26825a4b7c33dd495e29e6cd267fa05dc446ebb771de8d7744e4fef5f838e,Y,1,0.9660243196487486,0.033975680351251425,primary_conservative_holdout_interpretation_sample
2511,df5ceaed705b3bbfcc99346e2b0dc3779160216399510da281c48ea286da597fae1830442476e828c59fd6d1d69ddd3bbf5cba405b0d0b6675a50238e83e79ff,Y,1,0.8381546940561833,0.16184530594381674,primary_conservative_holdout_interpretation_sample
2523,720f6d71689e26d11c2632efd45cc6a40d5a1592e8c9eb4de74446bf653701e6c44b1bd2135d332d526df6ad6f46f92d4e44e7c8c5aa4ff93c5ea639a8f81c6c,N,0,0.2938771897350399,0.7061228102649602,primary_conservative_holdout_interpretation_sample
2537,375267dd45e57abf5b4099486dd3c80ede415c51f9c59da085a562942b9b9860bc331f67cb812a376a9243147bc38654e72f9b3dfbe257d674d5729c7c46cd46,Y,1,0.9854158855250881,0.014584114474911924,primary_conservative_holdout_interpretation_sample
2553,2d194741bd655643334abdf8fb4ab687fde23f65c078cca6ef21e3715a32986b5ad2fffcf6439c1de436563af070d45ae971e81c4ae3cff4a889ceed3a1f63cc,Y,1,0.8525202088719198,0.14747979112808018,primary_conservative_holdout_interpretation_sample
2568,60ba8aeefbe097dadc77865101a669b7c85db9bff383ec9798e9fa7d031fc41dc38d857f76d34c475cb3c9ee2e5326e070a26b36da6d770f835db73ff15b7dba,Y,1,0.7994749332798097,0.20052506672019033,primary_conservative_holdout_interpretation_sample
2579,a8b995c7e8835a933f313b0f5174530f5a4ffa3e1d484f3b44139f4aab0d94344f054cabb04b1b96f4576b8044790779f94e30231357aa8cfffc00c7df696c91,N,0,0.5263122411048025,0.47368775889519754,primary_conservative_holdout_interpretation_sample
2581,d82502a622439b1b8e9ca79e8e0813ba31035622893679dda1f805843a88abd677d57054b548e588c00a16216480291d0c684b80ebd6fc671f408289657be519,N,0,0.16099169097834518,0.8390083090216548,primary_conservative_holdout_interpretation_sample
2598,b6df5cf00a51371565d1ff889a88bd4551032a47f562a8a85995640515975f104da8b20a67141a1c1d04efbac293a0fbda806063bdea5115cc64de8082b1f6b7,Y,1,0.8590829491397763,0.14091705086022366,primary_conservative_holdout_interpretation_sample
2601,039c487113eb7540e4486d0b3f3545232b4dee08e9da15ecbc92a01f371797378be207d5a15dd5518ed7da5e305a637cf14c2cbf582e5d5fd49c084740f82ca4,Y,1,0.9371920845346218,0.06280791546537823,primary_conservative_holdout_interpretation_sample
2605,0cb37a5d3a4098ec97404d264852ed61234b3a3ab384ef17d1ac6b06518fc1fcbc1cfc713693770f614151f4872d3ae8b479a06e8a204291dd7c5a903bc91617,Y,1,0.9589122664204972,0.041087733579502794,primary_conservative_holdout_interpretation_sample
2609,ff796c573ba7ca90b978ce78ea48e1da51cd83283f1ff26ff5d93598f864ee5fb38a93d5c268970e831ed1315b44d28ecec757a40641fe3e9b6bc90f441b9450,Y,1,0.9620989649273187,0.03790103507268128,primary_conservative_holdout_interpretation_sample
2618,f1a0a449757ffb076f4838a54b1e41d21982583993ec5059a65836a6bcec1c3abda0de490a14e816af2e7b81eeec3e8c98135659cea985b1ed683672333db97b,Y,1,0.9005112124581702,0.09948878754182977,primary_conservative_holdout_interpretation_sample
2619,f23138291abf257fa038a74ca2f0dd5d726e7d47d69928237ee68d90d90a6ff9f29bf308753025a0ab589cfa53933313b3c9cb7fe0624b8d83e4bc5579128b88,Y,1,0.9743941569228253,0.025605843077174728,primary_conservative_holdout_interpretation_sample
2675,d5d962d45491642ba50a5bd9a4cb0ce182b13b92cd66e9f12a2676a5188e59cb4f77be3c3d64c8e70a9413ab8f24e3592ecf535264dce9c0e52cc41778fd13fe,N,0,0.1601097088815041,0.8398902911184959,primary_conservative_holdout_interpretation_sample
2715,5915dbdd5dc82b30e889e81d2fe370d9170df308e92a81574bfdd357ae386dd3d4cc4100f53f0a183cabf84a3b8f7cd9b1920bc8a9b4aa8973d5eb81e36bf1a7,N,0,0.23211648197679843,0.7678835180232015,primary_conservative_holdout_interpretation_sample
2726,20dd8ab5d892fbf4c08ce45cde573b04bdcd98296cb6a74a2b0cfefad725be37575522a1842ed1768164fbca7e5cb071d5fb42c1705b866d0fd9e70343cb49a6,N,0,0.3495560445787362,0.6504439554212638,primary_conservative_holdout_interpretation_sample
2733,6009b30af81ff6ea5a1e304c633e72d475abcd31b8aded514d658d21bcaa8c2969cef17d01013c7d3e785e6be03e4dafd73828ed6cf19233805df5bde02cfba1,Y,1,0.9665679560537731,0.0334320439462269,primary_conservative_holdout_interpretation_sample
2752,3a63779956ca0751d67a900690a4119b86f16e93685e9868085b0dc59f66f69893b4014e6fca71ec43aac39d3dff52c13b39fa3410461a20b90f1545822a0fe4,N,0,0.5146905444883934,0.48530945551160665,primary_conservative_holdout_interpretation_sample
2754,d33a94c2ee261d756e3f191f78bb8746e679856511c42f035dfaf7143391a95cb8a7e88a3e34d54786f387ca8bf70270906193bf6f78a891ee8d5effd8e8499e,N,0,0.28923245011646337,0.7107675498835366,primary_conservative_holdout_interpretation_sample
2780,ac0eb2c3b415b31e72ba95bc7325e5eddbd2b72df9cecc77ad156a9fff7d03f66a9b6e18c1650acb9f04eb519b260ba4f71591d618045030bcb1500507745e83,Y,1,0.9009432420342128,0.09905675796578717,primary_conservative_holdout_interpretation_sample
2806,a826cc66b46aa233804a7ba25497cde7c7bfb084458ce8fc6818600bc7d7513439383deee3b66e611364f79b76a83863fca1d3de51ef6a19dd6d55578c5d3d9f,N,0,0.43945902035085427,0.5605409796491457,primary_conservative_holdout_interpretation_sample
2860,c199a4690afafbf8388a8799f6d40463d809aa072e5fd11d791c701efe29b92933e4be675f163617eb3c718e1f3c574f3af048b52c11da941060022261ee49db,N,0,0.5734428013764044,0.42655719862359565,primary_conservative_holdout_interpretation_sample
2874,dca11b032f17fbeb01e8e4c9e6b108fbd21e2597b7e67d979d15a00f9cce624c0c669e3f36810a9fa39a29a08663e94891e4d72587f097d2c5d16e1123d6f9b3,Y,1,0.8059220856852302,0.19407791431476984,primary_conservative_holdout_interpretation_sample
2880,42e6b22f0a4145daf4d4da7e130d6a0eb3ad9a9287171f48a8defaff67bd1af88d1ca0d14bd39253a919236ef5774a15e2c5d76d64787a81fa4e7a652ec808cb,N,0,0.7256601567267466,0.27433984327325345,primary_conservative_holdout_interpretation_sample
2881,8e0190bf8af1b467fec4017a06c3b0038e79f221659811baf78edac6d071996677409d9cbb9eef81d57195ea351b9770e3f62b2e645de0f6c5b470733929bbf3,N,0,0.3756251571101787,0.6243748428898213,primary_conservative_holdout_interpretation_sample
2921,42310f051b8f0eb0f82aa2de43f47c8e1a0f7057c678b66b2d60d9271257a84defcbe9520d1afbc5fef28df1d36e123736dc250665a7b2b1540f0c2fe634037a,Y,1,0.9615003470556988,0.038499652944301244,primary_conservative_holdout_interpretation_sample
2927,55138957a87c61a89339412f5cadc196e8e14f5c958bb9ab0458ce24ec88bbac73eee0b0293a6923244dd06f57b56cd8f114c64315c1cc33f3c9901d3f52e901,Y,1,0.7804855850401314,0.21951441495986856,primary_conservative_holdout_interpretation_sample
2945,6edce2089b3e2a1ba42ade0b9d3be80281b3bd4d230d27f80f28fe28e0a507b7b2c5c061dd844cd0063e70f3b02100ffe059b4087ec0380c0d8d19dae4b92b61,Y,1,0.8589493266319425,0.14105067336805754,primary_conservative_holdout_interpretation_sample
2975,4f53981667665f7ad5c223a07166fb356db056f39f5877d380e0ae32628016e8f916e225adf3ecf427781406c83e46bd49605c4f691939ea6fdaef08ff2722e1,Y,1,0.2234652166637404,0.7765347833362596,primary_conservative_holdout_interpretation_sample
2982,e784905baebccc138d8c011e89253224b918f37bbb8134b60ec928170709fcc55a44e46a68ade206e71c915aa7ddbf9f189589ad71f6f633da6e00a2660a4937,N,0,0.32131524698378733,0.6786847530162127,primary_conservative_holdout_interpretation_sample
2990,5131d3bd05a0fe7bfc8dee6cc46e631d455bda9e78a0aba680f8867f520af9330a7468559e41fcb8ac0996923575cdb96dd3c387a82e38d12a4f13c11a30a64c,Y,1,0.9346673490976284,0.06533265090237161,primary_conservative_holdout_interpretation_sample
2996,b9926ddfbdffbd039080297cf95ddca70a17d0d13e81a8eec92ecc539d9c4cc802405b3cd7c7e5bd8f0c2a785533e8d77a7e67ccc4f6180bccd19a2bdae06186,Y,1,0.9282722164177902,0.07172778358220977,primary_conservative_holdout_interpretation_sample
3007,b8a410f21d4e87aedb7d4d8bc2277877e4034e283862c31a8c297f9da032313a6173e77c4e8458b443de5c5b6ac7a71496714f2472e8389f726e62175d82f371,N,0,0.2504019515267985,0.7495980484732014,primary_conservative_holdout_interpretation_sample
3008,5f83be463fd8715c03387c2ec29b25bd3ca321e46b88ddcf305a80e801890bf12ca5db4f149f96b6b87147b284664e34844a23d5e8a9b7cce2f1fb49c7081af0,Y,1,0.9761614597203304,0.023838540279669584,primary_conservative_holdout_interpretation_sample
3012,3e2113bb0e5e9a98e84d57aa62ad6fdb83a387e5256684b4cd20190d08d7a169575cb80108853ffd0e6e91b0544c2a94e0eab42bfed6bf32721b2d972eb98fb1,N,0,0.3793936964318939,0.6206063035681061,primary_conservative_holdout_interpretation_sample
3021,ac16a4d7feb53549ba1bf1965ef944a69dec3ceeb7d78467febd1f2256890097795a0fb20b98a38eeb0eb37c35dd15b6d6aa7ab120120fc7e265e8fc2af45d3b,N,0,0.7230045052203481,0.2769954947796519,primary_conservative_holdout_interpretation_sample
3024,fe22122309f07e544a6033c08b9e3149f0c0b4327c397cbcdf3e30763f2c795dc3376e8fb0356b7d6d3da51b0b0a355a5e334a052c3b15a15ecaf4b9dd9d8073,N,0,0.39228666567183523,0.6077133343281648,primary_conservative_holdout_interpretation_sample
3028,6f57687d94885e4888e0a4b04a23d22390b98ce71af196364acfc5c868672d3a6c9fd02bd53ffb9405c083928887b1f793b9751ec48b794e8708545310db2af3,N,0,0.17065053332721758,0.8293494666727824,primary_conservative_holdout_interpretation_sample
3050,22261904ff1f8f862bfeddf1354b9bc35e81d48a3edd7b3dcf5d35d24c6444ecbfffc4c2f80386f1ba6425a67c96e34de942e80cb73edbda57ce072990972007,Y,1,0.9261102650675097,0.07388973493249029,primary_conservative_holdout_interpretation_sample
3058,9e62a36c04e8cd7bb942a42b9faf172dbaa117b96458b9e0c0a55320a9a798c9dec2a61a4dac00ba44e93b50519e535ba94dd5f3cf313341a320fda540b096ed,Y,1,0.7347724292087329,0.26522757079126713,primary_conservative_holdout_interpretation_sample
3085,05696eb35c3bbb20d95387b2b22be034c346467a9b8d103eefed98b65ee20c378e4cf292e6c746e191f3c8f7c288effca104b417a513984dea56faefac89927a,N,0,0.7808799306623971,0.21912006933760286,primary_conservative_holdout_interpretation_sample
3086,bc104b1a2dcb711bd66ce1805dbf4bb3b936a58f4636b0b0a378567cb75ad7c7373c828743c113e27b84d9c6df737ddd4b85b318ae08047c97638aec4e6f0a19,Y,1,0.9811109963094696,0.01888900369053037,primary_conservative_holdout_interpretation_sample
3113,ca42d03b8079e548ec2d53f64c25ee74e7e45dbce866d1398d759745eb79a776289255c5f26a470c45e2af0c30d8bd44feda76e37e38fb1b3dda077bb6f81027,Y,1,0.8493090885292809,0.1506909114707191,primary_conservative_holdout_interpretation_sample
3118,cbe5bbdfa6b33a8a0e16fbb6b99b7d603c63366680f82517766c96c0d2f8b50c0a65fbe6f649eb2a6b79cab1ab2cb79d727d192ab7f48cae0c08e892aa4d33da,Y,1,0.8042844013611511,0.1957155986388489,primary_conservative_holdout_interpretation_sample
3120,6f459f6dd3293f9ffb586faf921e79ff3c108a8b71d685339db1b243a3c8f5e325f5d4a48dd1e2da94a742c1e742334ddeb1faf36959b66195ca6b416dc5418a,N,0,0.19940661268019388,0.8005933873198061,primary_conservative_holdout_interpretation_sample
3122,9d839c36c03a3a00877e23729ff99dfe995ff9d5227c2cdabc5f92ec4b8d75e2173602d64a01a5b636eab57b41ecd9f5bec7013c65fa82983eb309f85d977cf5,Y,1,0.965425840132544,0.034574159867456045,primary_conservative_holdout_interpretation_sample
3129,13bd68ab4bc5960e980e8c4a1f5f4e835a16d11ebd0d498da801770eb7ebb05a386ed12563371eba15f7debb7b717c6c1a50e448b69b8018abb2823d8f11757c,Y,1,0.8891265405043183,0.11087345949568173,primary_conservative_holdout_interpretation_sample
3133,1deff36d9358263cc3b75061937ae20b2b7265531000a1c8ddac7fb7b758f156b2fe795f47026a54d8b86e2712cdc65eaf8257e46fb248de8e68025dd88662fb,N,0,0.512101130511705,0.487898869488295,primary_conservative_holdout_interpretation_sample
3141,62f05c16f41da8d5bf9058d50e9e611780ca6f2f08f84cb74d0ff004fa429e99657865074f9a4adaef6128308fda7994dc7bf8e111fd5afbe3a349a085f99f18,Y,1,0.6715171909605858,0.3284828090394142,primary_conservative_holdout_interpretation_sample
3143,ed234416da6aa9ce4effe626fe100006296ff16fd190f1ddc8e99d732755bbd146473a34272286cddda571546b75f52aa056bda6405564a684729c8e391539d9,Y,1,0.726045571310652,0.27395442868934805,primary_conservative_holdout_interpretation_sample
3153,e79f9686d748a240f0519b598e1ee41f65d99706a6ff040ce0f4ccda7568b0b12c320818a4a1df73595b0554d558e6abf75761f87d036290e45b9c9b46c02549,N,0,0.2037701355103114,0.7962298644896886,primary_conservative_holdout_interpretation_sample
3155,b06b26a3d9048180390211f3c499a95378cfe15fda20c51f6b9a5c560e629b10a465fa4f436476c8188ae2dd611256e9c117c9b41f2cd1329038330f41ce1ea9,N,0,0.44947726401270727,0.5505227359872927,primary_conservative_holdout_interpretation_sample
3161,86a45b82d9c4443c8e188b5635d7d5af087db3edc1eb754e5f097b10e02dbea3b7e726baa24045663c1f49c1f2c47f2b016a75b16445180a6790330741bb3a5a,N,0,0.3707105061617535,0.6292894938382465,primary_conservative_holdout_interpretation_sample
3164,fbdad26d2a5aef8186a3a90055a65264b1cb3f49e91823fc1c0c884a5d19e86dd01e25f0b92be9e95a98ffeee88862217742b319aa95c0bb009ece4ef65d61c1,Y,1,0.39098541609053605,0.609014583909464,primary_conservative_holdout_interpretation_sample
3170,fdddbd5bbfaf6e6181dcd17aeaf8d3b91f427775a627333a3d9922ac6208c63c2d58ea592c990ce3fdd436afeb3fc8207f6ba048b0352e1266a049792e93d410,Y,1,0.96280286569204,0.03719713430796001,primary_conservative_holdout_interpretation_sample
3173,5395cdd8bc847ae6cd1880f46b896c043f0429a052a3e962eedcfcf77af3bd5a328462b443f24f9a24f445cd6c5cfd1ec8c83816f8fdd7ec731bb8147d8b46b0,N,0,0.6746798669072359,0.3253201330927641,primary_conservative_holdout_interpretation_sample
3188,3eca08cc58cde24de1a0a86eb4ca463498ce53d6a94755c1530aca0b3d7d0a8cca48bf27bbab1c36a823fcef701cd9b2c4b614c77e75f207565c435d7a6691d1,N,0,0.7794426274479214,0.22055737255207863,primary_conservative_holdout_interpretation_sample
3211,adaa08dcad9d7c69a6ce00d7a20317f7a5231c8dc792c6050ce1c9f221db91ad16f4ff6fad92a85a69c5adb7e820e20a36ca006593643676f1c5d4cc50a17068,N,0,0.3965165308670323,0.6034834691329677,primary_conservative_holdout_interpretation_sample
3213,e6c77cadcaefa4ee769af91a007a906388d1bd676f28f61e4adfc3c98110b228e295b8942712d172480b6a440291a4594a84692423b4dcc177e856bf39f0da17,Y,1,0.914293618882555,0.085706381117445,primary_conservative_holdout_interpretation_sample
3214,8ade606a4389b028e7c8bf52871dd7fdc93dab5996fb9cb75ef0ad35bb190ed6b6ce72fb4a9e679f3fb133b9de0a3454d19784e1c93c9276337bdd3b8018cddf,Y,1,0.96198908507584,0.03801091492415998,primary_conservative_holdout_interpretation_sample
3220,261e3eb36f136a7ddb202055bea8e25f36c84fb8c449d5dbc324a728e94f3efd2fe247e49ee22adbf7748c89b5e416c344cfc7dedb09295542d31ff49fe99c75,N,0,0.5651322027419271,0.4348677972580729,primary_conservative_holdout_interpretation_sample
3222,3929f677737a0f75b385823ef7f7f5aa3654b18d27f6ccc3c4ab59a1a56cc47b0cd44d35d5ad79b3d58dbc45a208b4ee378ae7f5e0991feb678f22a554d3acac,N,0,0.6095714217675848,0.39042857823241517,primary_conservative_holdout_interpretation_sample
3228,e26cd59abe13cb6007888b25e2868d986ce50f1b45930f9c20290b3d2db64d7d9447baad9292931f12ace39f30973013349ea180061b9208b9d59932a0d51e7a,N,0,0.58340696898049,0.41659303101950995,primary_conservative_holdout_interpretation_sample
3246,72f3c073a6d7dfa39fc606991947235f26dabd5cf4fb8e7420eedc797a5130992d85f6a5f46bf0f2936d339a65fdbb067b912270e75c4ca8a17eb9ef5c68b1a0,N,0,0.4289399877281453,0.5710600122718548,primary_conservative_holdout_interpretation_sample
3248,b596ac300304df25b3b2a7f4132c63572086a2ab55c123ac1c7202f3e6a745505156b5f1149e040fd68f35b19ab054c2fe991177db83a10f42e273324ec165e9,Y,1,0.826895287801165,0.17310471219883505,primary_conservative_holdout_interpretation_sample
3258,58fe9d99c7b56f58b5c72418bd555e1745a54fb87dde67e4793add1c6fb62a59c643b798a9d1eb21ca6ba1569212c5c2679f342c449dc9d1339b186eaf5b2223,N,0,0.20359017793929343,0.7964098220607065,primary_conservative_holdout_interpretation_sample
3262,a3892209f775f6a2deae9ae054c9032530e5397bb8b9a2a3480f87e17ab296d0c8a57f94df1604fcb5709ce9cec7eb73dbf06d8260b869f13ee0c598ef38a264,N,0,0.7644408413216289,0.23555915867837107,primary_conservative_holdout_interpretation_sample
3264,39496115cf18f45532648830f9e9a4bb356e15c4b1cba27efa052fd22c65d2e4e37220f289fe5abbf4335c1fbef9065446e91a06144fee3bf090b93c8dac80fa,Y,1,0.47213612576778086,0.5278638742322191,primary_conservative_holdout_interpretation_sample
3266,0c16a9786c0396e9d1c644529017136ffebbc15f163be7bd54e8d36264ff475e50e8fb7a479fb68a89680ea6685cc36a0d415467a16714a70985c235044c0a87,N,0,0.3057610366393076,0.6942389633606925,primary_conservative_holdout_interpretation_sample
3268,4a9c3eac19401e7b72f34ff4b90596b45eb5e51df9f2c444fda0b1560f514e5161798fc28e36c4dfb97e2545309bdf5dc79e6e7a8191f1f575aa5c3ea05c7e9d,Y,1,0.9632439763276546,0.03675602367234543,primary_conservative_holdout_interpretation_sample
3269,712e0a76611a98942b7fda5df6c69308b61b4f324f2308ec9097b6f36f84b32be0f85d10607ea946671d0a166a4b4794a464475f651db08107121440734b93e6,N,0,0.7009962797940539,0.2990037202059461,primary_conservative_holdout_interpretation_sample
3278,590ab39481d25af5773c42b531454a5f0071bb862a7b7c26882fb0d2d6f7fc391aaa3b159226db6428e72644eeebade0e1ca9af78072132677dc90225a2f4c65,Y,1,0.950229797707072,0.049770202292927945,primary_conservative_holdout_interpretation_sample
3288,f993f27c2b2ff0b68d6942e3d6175635f7b4b95ffdda688622037a368c04f2cf5c8b30763f28f6c1a700e52a929886ffb649af191a6d0bf1d6cc5b68fca337f6,N,0,0.5299574758948634,0.4700425241051366,primary_conservative_holdout_interpretation_sample
3290,74761de8713115d77f9203ad78f17cace4df6655b011197bbf11623c676eef46bf27a400eda3ccea4fc0f722994b010f7ec7a1b194c690c04917de059d5cadce,Y,1,0.27294612291081577,0.7270538770891842,primary_conservative_holdout_interpretation_sample
3295,827b7bb0102d61e0bc896cfb5a2be4c5fc68f17f293ee263752766cc2563c10400e26591972a74f6a9f67a532695ea7dd8bbbc363058ad1590f355b474813d9f,N,0,0.3474430004714077,0.6525569995285923,primary_conservative_holdout_interpretation_sample
3316,03b44656a6275e99f5b78926abbe93804277a19912231a80e6787ccf4f1a8bb4a83456aa0edac983e0100383cdcbd0e1ea2d20bf51fb964b494e44483f742532,Y,1,0.6661555534864194,0.3338444465135806,primary_conservative_holdout_interpretation_sample
3322,aa571f9c6dddfa5db659db4dad78c29888f5cafaaeff457ad00df93d776db02339b790752dbf03b81aa071baa5e6d4a5399d157ab498095d784336c3883e6993,N,0,0.43354337661798753,0.5664566233820125,primary_conservative_holdout_interpretation_sample
3328,d99fb0cfa43d6a7c69b6eddc65053795031e73fe641166fa21b55b1c2535989da6b30474c0ca6d34a76d2fa1cfc75cd7fd294584d20106098be958fad8cc4464,N,0,0.6638121052555327,0.3361878947444673,primary_conservative_holdout_interpretation_sample
3329,23cefa68db548737ceee458ed179fbb1e5a86146af2d1fbf080d130e4880afb54f2961b95b370bd94a7b10fd3f4851cb3ce3bc837d4ad4e9aa2d78b386634e2b,Y,1,0.7099382176409311,0.2900617823590689,primary_conservative_holdout_interpretation_sample
3347,48ef958e1a81244f6cb9c6147e4c426d433522c0a5ca706fc9aac7081120e652207b2e717db304dd1db48dd8ad46f05dbb69bc7f7c28ae5bc4c3b8f66c6be6fe,N,0,0.16520581439467197,0.834794185605328,primary_conservative_holdout_interpretation_sample
3357,9fd62eec98197ab0d5188553d9296d38a661f3b6f2f797cfad0f6c41f1096e6e3222d74b0f8b90e81f73be5b6b9dfc117cec3fcb5d6fb8f5f7cf9976e4818cb4,Y,1,0.9793445904618217,0.02065540953817835,primary_conservative_holdout_interpretation_sample
3362,d76e9e7685987770fe9eedd826659104df200367567826efc8cacc0f974df2c442eec1796ff9353ab0e7ba49593a4a77be1faabdd9490e0a4a59d290ff041463,N,0,0.26926387499496085,0.7307361250050391,primary_conservative_holdout_interpretation_sample
3376,0075f9bc6a69f503b2789fd2c6a58393a59469e876620ab3a6749eca0cb0bb66e659198c43b4a6bf1aaf56a2b956bb1682ea519e94c59d5843472aa064863599,Y,1,0.9374670843457751,0.06253291565422492,primary_conservative_holdout_interpretation_sample
3385,484f3640c3899a1c8a907fa32f2fdc41ae2c2d8073523b7e4bb48564a662579c65d3f96a6ae36ec9de9a69e52cf05e5a41918d2d4e526454f61270d21756d9f2,N,0,0.4405685653983552,0.5594314346016448,primary_conservative_holdout_interpretation_sample
3394,9a8525953d107281d610970536f7168775ad6ffe4877cb85d2545bcbd39980fd412c8e23c756ae7f19cd42625bcca44edef37249326061959f1d6ea54fddf2f2,N,0,0.21825151623557668,0.7817484837644233,primary_conservative_holdout_interpretation_sample
3395,87161da717a2d9af037c8fe0999b854d564220b8cd864f7e76865d844b1a1334e8d5b0903cc366f16db0a7be71af918e908e86881e787ea4ce36a228cbbb0d8e,N,0,0.7409096062817148,0.25909039371828524,primary_conservative_holdout_interpretation_sample
3397,833efa00e30e376aa38f6cd381c1e19ae75d881290aed864e24786da5e0cb1d3a579fcbee828c94cd18bc5081dbb3d8191fb2eab6eac9aac260716dfb12cc31b,Y,1,0.6687993175377416,0.3312006824622584,primary_conservative_holdout_interpretation_sample
3408,5cff101fa192b6322247a2ca2ff1948f9896d3dd925eedacd5ec81f59a732da2c628df83d9d05f5e0ab852d9af31041dd21495525d35d08bf88adce6e953367f,Y,1,0.8570948227595938,0.1429051772404062,primary_conservative_holdout_interpretation_sample
3411,ae72b46fd6ad8e124aef95eafbbbc232cd28eb46350eb8de4f2fe0b884d014f566b5751d8a6e8ea4d50c44d57ccc6ed2c4630bb43126b770fd0bcfada7c80a32,N,0,0.7747169129364939,0.22528308706350608,primary_conservative_holdout_interpretation_sample
3429,4eefe45eedcfce295310785b51a12c4385ec93f31acc287a377ec4e814bf1f1bd39e922b5224a74086767834731dacdf931667c7b389fb335c38dbe4de44b12f,N,0,0.22906425149017837,0.7709357485098216,primary_conservative_holdout_interpretation_sample
3431,1921cb0254cc4030f87229c417f2a8fb4d936c5ad08ed4f7295dc3d5e45d643f0b255b4076b7fd5c86dcd3cf12d136b5d2238b18744fe652831318fd0ecb09b4,Y,1,0.96852010503591,0.03147989496408998,primary_conservative_holdout_interpretation_sample
3433,6db0681c5f15dddcd09774174d4c5fcaf0f033093623af73a48cc7c27b01c7398d7426daf29ad96003c1a96c588ff7187c50db1cc565e880e2ef408026b9b0e5,N,0,0.5693715445801295,0.4306284554198705,primary_conservative_holdout_interpretation_sample
3438,3cddd75a616453dae33f269e1ce4c02069a7078b1283a868c9c03d078285675c6c6d22d2c29ca9dff39baed025de2cb7d467e7c05814d208aad598af3b8d8fa3,Y,1,0.8611379070577891,0.13886209294221086,primary_conservative_holdout_interpretation_sample
3448,a0f9245f63c5323ece2f719484a1e09ecfe205cb1189f3ddc1afe80c3f13c77d48b9d064f7f51eafc2d023fd2d2cde8b9a6157222ec89cf771f2165d3d64409b,N,0,0.24076294581149446,0.7592370541885055,primary_conservative_holdout_interpretation_sample
3470,dd017dc33051c2a6c38f53a965c0d7a744f656b8cebca8e67b4b9b907b8c0b6b898d64335590af799a029d2c3f0602a66fc41a8fbccad305c5e9de495d0c73a1,Y,1,0.890429417664832,0.10957058233516803,primary_conservative_holdout_interpretation_sample
3488,568df889b3179b12a28820396cb0458a6c2e25acded6297569dda809cd2b61527ad2ce6b069c4c866c5260b127c7cb832d45ed411b501c4661900b3c252c021c,N,0,0.11522354888553425,0.8847764511144658,primary_conservative_holdout_interpretation_sample
3498,a379e978ae2fefdc3dd38add932491da04396e0232f235a78c5c859380202476b8b8d93b6f9e5ffa998d7e93e2b777d910461721cb83be1eaee028be6c7e5b06,Y,1,0.7780454554077691,0.22195454459223085,primary_conservative_holdout_interpretation_sample
3520,284e85cd3535466b52fb7bda56a22b10d421f6b33c61a0e7fb809242e0b386b700880da54a10c6367abd6ddc6f5d83f1ac10530c0e2109738386381a686a8e92,Y,1,0.8256449096493431,0.17435509035065688,primary_conservative_holdout_interpretation_sample
3529,fd7e11d6272d153de7250aea9d10594f5d520eaaa9ef78c870e90c2edeeef5fe576989defb36f7952dd9c838cc54fbce4bf99aa8afc3b1e118d21127c333022c,N,0,0.6661555534864194,0.3338444465135806,primary_conservative_holdout_interpretation_sample
3535,d97f77e6caf338ead094af9b8d1f154f8cf8d4da76c9ca64c9391ab7af78acf94170d23916c00d3b2a7f4564ba6308ab1dfa1a1e9dc921f6fc270ce47e2db6d7,N,0,0.6106832069786441,0.3893167930213559,primary_conservative_holdout_interpretation_sample
3549,d0473ec05322fd2dcfe0e5d672d36ec263db4ab3e9fddc2a4844fd5da133b0711a14f9be0ee99cfc282ab2e58ab0a135ca772fa74f916cfd73b12e47ff993088,Y,1,0.7104193521089794,0.28958064789102056,primary_conservative_holdout_interpretation_sample
3572,b4863ba4566efd29b2f84f2a1ef2aa088d4047e991fc948a85546933c7fedac4d8764877e69d50aa1447543472eaab3e15fdfb61d72b75c88abb8e8ec10cd995,N,0,0.7507858300750258,0.24921416992497425,primary_conservative_holdout_interpretation_sample
3578,a53002c4fd30f3efee6e2e382eb4a6bcc905406c75abbb5e1dac6637652f13eeb3e3beb1549bee0de9fd77bdb50cf0f250f10a693856793fc609b4177a2ac380,N,0,0.7744020452077219,0.22559795479227807,primary_conservative_holdout_interpretation_sample
3583,4546d6c04c945a7a189b7394e5112732fe9a2025ea33bd91be168e5ccaad5d6c5577f07e2f4800bb92c647a3560fb94bb73b306615011c7b39e2596749a167a8,N,0,0.44579364617171874,0.5542063538282813,primary_conservative_holdout_interpretation_sample
3587,93f8f6d1fd56635189ac5b958593df284d2d9574d05f20b233c8573a5a2700cf9d6f8d6aaf309d2af8c7362e6505e5e89578e325fe3f44cded93d76369cc1d22,Y,1,0.6598569991880258,0.34014300081197424,primary_conservative_holdout_interpretation_sample
3589,3f10863a3054bfd7e9468995596e23644804463a7b3ce7bb6f8a7c859c690898669b096b61021bb2f1fa54fb07d625f6192139c2a03c97db756c495a2e42f419,N,0,0.5964329223080507,0.4035670776919493,primary_conservative_holdout_interpretation_sample
3590,8d373a48b2d7a49083ed26e4bc3ea85d38f58581685ef592e4f75399dd22240bef94559880341f29bc295d579e0b3b754b9dd2fedf299aa7d3098775e2a36144,Y,1,0.9839530481851194,0.016046951814880583,primary_conservative_holdout_interpretation_sample
3629,7f7e96a44c158b288428c37c7985ea1df6e5f40b2e1fbc5c6283c5806aea7d7845f3a96efbd36c8871a1f83784deacd7c8dd7057e26731f74b0e7df0eb5e159c,Y,1,0.19628739492287092,0.803712605077129,primary_conservative_holdout_interpretation_sample
3701,a1ca216f93474e8f631b0df17b6a4f938329cfd8c8ffdc60fc86dbe93f8cec18a5551db68d42b47994ff7ad22462b835c6d2fc14efff5d8586c98fd55efb46b1,N,0,0.8933330007069041,0.10666699929309587,primary_conservative_holdout_interpretation_sample
3706,f2ccde54707333ac0432fe1d9cc49f43648d6926cb91557287b635ce6be4079f83103895d1694ec50a03a6ebae65be2e6f191fe1615df59438fa0bec443431a4,Y,1,0.175932446041268,0.824067553958732,primary_conservative_holdout_interpretation_sample
3707,ba10cc898ed8d7a4fa00c46d149e109d78aa6e10a0ae918b2e3baa219c45c1e496c673acce93f4710147f6ebf59a936a62451e22021e2b7993ffcfedf5ae78b8,Y,1,0.985816209673453,0.014183790326547041,primary_conservative_holdout_interpretation_sample
3710,08f9ec68466ef07cc90414300a54a71ab48995463a2971107a40b09025dfd24ad26ba8de48e95bc967354137659e103542b2d14d6e100b0f4d72c8023e2232ae,N,0,0.2873581973441854,0.7126418026558146,primary_conservative_holdout_interpretation_sample
3713,48d4db8c90f20c21e58c46af20d4bf4e3e422540d951ff11a7ac19a8e3a97015badf73deea3805bfb4a8b941d2998e7420ac6c4401985e23ae7e21329a656e5f,N,0,0.8958667892680888,0.10413321073191117,primary_conservative_holdout_interpretation_sample
3714,7e633d1d274c7ee06995ed2e8d63ccc8e969c3146a10f156d231326ed2c790c5946e7774a39658e517dbb48c987fbf18778e7cd5d0bb50d9b4baf09299f9de3b,N,0,0.8809795269876867,0.11902047301231333,primary_conservative_holdout_interpretation_sample
3727,acbcefd301ecda75cb05124bf0c50fb04e98c7f29367f6670b5d2992730ab9bc7a5f128e34049cc0d568f4a11e7279815794a685a12565d42c571e06f48d3b3e,Y,1,0.6091416817766152,0.3908583182233848,primary_conservative_holdout_interpretation_sample
3728,9b205cb401adfa22b94d55d8aa0fa242e48e6c32a5a290723bfb567ff9e2bd724c7acc706167aedb80293fc6f4444ee3ff440df2a0cca5083217abe1132856a0,Y,1,0.9736586031624362,0.026341396837563757,primary_conservative_holdout_interpretation_sample
3756,ae50e7920116cf117d5e5418814ca4c937cbb3b13b2dd1938b8f07dd7dfa43c7c5fd7e14efecd201ec4419ce841bbcd68d81ef75a8f2a2c621b633803cb86499,N,0,0.2467158958421345,0.7532841041578655,primary_conservative_holdout_interpretation_sample
3760,2ed56534420cdd4b5b1faa282f8898ea72bfed410a06f6a2ff1fb5e4bfd765556ce4cdbe982de3c931e15c8172ce883c722203057afe2747fe306197a8b6817d,N,0,0.44962275749404856,0.5503772425059514,primary_conservative_holdout_interpretation_sample
3765,41d46f78485a4be4e2a4312c78372d9b95057e10d316bea7bce7ec46be79a41b91bfb9551f0b372eccab7b2be7104d417aab24801c9a9c4a2434b861036e7c77,Y,1,0.9225794429926679,0.07742055700733208,primary_conservative_holdout_interpretation_sample
3770,262857ac588360e93fbe90d0de3da36078424970b66d3d318203d79f211fa0931b0fc48d55c0e40993b4786c3d518f9380f6843026f014247d172ed605a94cc1,Y,1,0.9558631813805885,0.044136818619411544,primary_conservative_holdout_interpretation_sample
3781,628e7606a35b0175cdd61f1afcdfb719bed0c5af65d3d6b65c7676daf233500175496982645fc4b20ab593b6023ccc5e51524227a2de44d0049edabf912dcd38,Y,1,0.6419874595766701,0.35801254042332986,primary_conservative_holdout_interpretation_sample
3803,7c9b02959b7134a765f053db071ecdaec231cee5a232f950d97bb346446617c2de72e9ce8066c52e256617a6c5c3ea8d514a4ca4c92f17b0a2ed40371d023891,Y,1,0.6837303527064689,0.31626964729353113,primary_conservative_holdout_interpretation_sample
3816,cad2acfdd5f94cdab28392f6a93562dde16336f359830c4f25d8817ee152633601fbde844b93d98c68d2a5b5b02981bb6103907245a0b741caa2129b8a8a8108,N,0,0.883668298277077,0.11633170172292295,primary_conservative_holdout_interpretation_sample
3836,d5f7d45071073f5411aa9daeeccf2df4ae623cdccaf530bbff7fb50402ff6305ed3e80647918ade9e471ecdff2b0f7f1fb24666e35333cc1698efca07474dd7c,Y,1,0.9416692372330807,0.058330762766919286,primary_conservative_holdout_interpretation_sample
3840,3adbc7a5a82b575d84f214cb6adb39e3360bc7dde08e544ee4d0ba5225f7f5f6bd558ea4e23c142d1262442396dcb95830b14ec1889e1f25b03de03ade9f10ca,Y,1,0.6724138436408764,0.3275861563591236,primary_conservative_holdout_interpretation_sample
3847,6e73fa08c0ee91aad1ab20087739c4546adff1bedfce7e4ea968511c50e926a8e1b6cee139a08e78e0d349655e8588de3c063ac9a11649e8987d85e7560d49ee,Y,1,0.9410419403471412,0.05895805965285883,primary_conservative_holdout_interpretation_sample
3851,a71ba4e9a096c04a6308ef6223d06fe4dac21219a5fa47c19373beb53db648608c3789b1d0d140f6ff10d2b1e469e2a5ef99c08986dac2479cac1e28b0907ea7,N,0,0.640623996539817,0.35937600346018295,primary_conservative_holdout_interpretation_sample
3869,37c17ecffb1b52ef204a345283b3507c0900e9f5bcedcafd9f0c0e6b864845c75be27fa25281c2fba9dd80a6f7ddce1a038cea4b5c8ed4f3b3b1a8468efbd04b,Y,1,0.2839218630176171,0.7160781369823829,primary_conservative_holdout_interpretation_sample
3885,553a1915cea11cda256bfe61b54e77338e5c87caff0afc5ed09293f7a29c8eb5169bf6bff74ad32ba81afc6fac0b240554e888446fd1ede6c9c03483813e2aa4,N,0,0.5268311757472888,0.47316882425271123,primary_conservative_holdout_interpretation_sample
3889,0af40632c74a4a42bf8768c9b97672b23446a33c457b4a023c2663d2b5f7478cc983e4dd7b34b638022f0a780212edf2ce42d06e293609127d936e75b305092c,Y,1,0.6661555534864194,0.3338444465135806,primary_conservative_holdout_interpretation_sample
3911,c48b1b897cfadab714ef513ffc1f1d22328d1a2ca3bbefb6ae21bc0febe33a034a4dbb4eae4ffaeef9cf8c43d35faccec194f3df51581fbb563310f40aefa486,N,0,0.5530570203974302,0.4469429796025698,primary_conservative_holdout_interpretation_sample
3913,92ab5d3caa25ca25bea88e49dc45bced7cf171d1c27d7a16765ea05d85e00e3db6f707755a6978fa62e226d5bfc95a3bd80750e537f109035ccf77b783e91c8a,Y,1,0.9632432159366356,0.036756784063364356,primary_conservative_holdout_interpretation_sample
3914,d6e711b2b0a41e20b8a036fa2d963fd56b52be4414c5585daab0785e54d4428220d502fafa8f3e5727cc37e584edeeeffcaf81e5d405beb672a9d3fcd5881340,N,0,0.3464160855769457,0.6535839144230543,primary_conservative_holdout_interpretation_sample
3922,d39f230e39ca97fc6c18f3250559536a0c359ecced6f119f82f506409f088cc111651550799c9de7a3c5bfd53e7b99204dfc0ba6102cf98204a588933a55a2ee,Y,1,0.9781979230835448,0.021802076916455193,primary_conservative_holdout_interpretation_sample
3935,e33ac09a7356dfa2ed25d692bb4d633b3a2ca0e9f270e6ba359cf6625b8afcc288d49c160d414dbc816a0b342fcab8b33494ea8cac40e6e1f331dd4cc2d6b8af,Y,1,0.20113913947054557,0.7988608605294545,primary_conservative_holdout_interpretation_sample
3963,89dabf78d193523139c776b07d2a6a1b30deb12b7beb62c4c20d17be683d78e19952b1a0da594365df2f060a8d987672cb75197242716f040ffbe4ac805ab97a,Y,1,0.9254844238810926,0.07451557611890736,primary_conservative_holdout_interpretation_sample
3975,acade252531eaf93f0d7fa460fd2752de2c21fab79883029b0d1da03463953f0eb8e1976941dfe98554f93909ffcf2b26e1571b1a46084fd801ce5e097994e0f,Y,1,0.8026058947450475,0.1973941052549525,primary_conservative_holdout_interpretation_sample
3979,81d7a26cbcc692d37a10241be62480db789731a767f5fe15978e693b241df1307a3ca1f850f18b32357e7dd0bc3607b3519d645a33247cad180e1a04696c2ba2,Y,1,0.7855207771608408,0.2144792228391592,primary_conservative_holdout_interpretation_sample
3985,03b3a72e2577fc6e7f1667f857e45e37383f40a1a2253a0d5b80e32b5b320ffd29eb195399b9575ed672efd7fba47d994de28c415da335f976f338fa68a22c65,Y,1,0.7326981034832822,0.26730189651671776,primary_conservative_holdout_interpretation_sample
3988,d77434725b95fbe61c0c4f86edc5cb03fb08cb33fe4278275cfa3a539d7524f994d6eabfb2f850179be6988aa88ac07ac860b96e14569b7960954d460c9adfdf,N,0,0.36780697536574286,0.6321930246342571,primary_conservative_holdout_interpretation_sample
3996,237110b7f4a901bad1f5436dad710bf79e664c0454f48417bf7f4baeb3d17c3574f7121fc5d4e775c5df8d8628530fa4ab91219c8eaa3cf56912c295af7edc69,Y,1,0.9382659022873396,0.06173409771266036,primary_conservative_holdout_interpretation_sample
4011,e551b170142f269cc39acebfaac834b8ce1df3be87cc1f0a1d4c54b2114a9aff36067ff5dbd72d00efb4e9d97e301d5fd92b383d9a770d2bcc37d7ea0d70ffdd,N,0,0.44324435090750247,0.5567556490924975,primary_conservative_holdout_interpretation_sample
4020,45d34488e4c38932be83029b303010507dd85a5d6e33923d5350d6834fb43ae38a5c7e1bc1eacff8c63d7ec575b8c6bdfde93c7719a4b7d32c5b4c7205ae30f7,N,0,0.2645228524372867,0.7354771475627133,primary_conservative_holdout_interpretation_sample
4023,a3f21dbfe2c334e7101248afc0218fdfa402456b538045a0854a8db9267f7a5508dfb97108df000e760b63434f6013e9a99c600f58cc185de2614d7bb04b7b92,Y,1,0.962238252885657,0.03776174711434299,primary_conservative_holdout_interpretation_sample
4027,06f623652a02c9d512281969f2af586cc8630f6e317d66ae984ed8b4aefaddbc6924b6aa97bebb5062df0220e938028b4c7869cb2d24296f9f0fa16e868518b6,Y,1,0.34426347429808174,0.6557365257019183,primary_conservative_holdout_interpretation_sample
4048,6adfd2d987228fb7fe3ca408953ae2745d6cafdaf28e6fc2b76c20bc7856233229cf6e68df5c7fe5a03c6f45b924f42c1706c6c801405f07b1f4c58f8b20b7d6,N,0,0.20035094033405368,0.7996490596659463,primary_conservative_holdout_interpretation_sample
4088,024a701a690a657ad3dd5656f1d41bddac107b385417c8dcb90c5320654f6099f3978efbd030d35ded153b583fc9ecf4c2777eb8e07170069b2f0b8baf777833,N,0,0.2136869151651765,0.7863130848348235,primary_conservative_holdout_interpretation_sample
4090,85f53ea462d7974bea5d9696a76b5789de04389f49bd28b36935ebad3e4a8a37fc24c19db03ad502e8ea57571e68f8fe8075feb3203693f6a93dc2ce330c6bef,Y,1,0.7152126651801922,0.2847873348198078,primary_conservative_holdout_interpretation_sample
4116,6641756dab9247b1a167afb245f383b1301b4c28e5cee7f260fbb9f9d53a664f718f0234462f9985d010b4c77a8c70a1756a73325a054f2ed01dcce420e0ad33,Y,1,0.9561346984242225,0.043865301575777504,primary_conservative_holdout_interpretation_sample
4119,db3894fbd52d6b8c2a0f209ecef56540aa0af293aca67ec04405e1e6fa8a99f67e650e85e1e80086aee3c9a6328f93ff1041e5ba50b6f15a4e399910ad7634e1,Y,1,0.9794179829799933,0.020582017020006727,primary_conservative_holdout_interpretation_sample
4121,d3892e0552f091986a5fc1ef8669bbb9bebe68d6eda0f7cc06d906f7cc4fa7803d73e9abb8c8b158f0cc4ec209af783c37ee23488741e9d5e51bd780bf24c05b,N,0,0.18848133191190597,0.811518668088094,primary_conservative_holdout_interpretation_sample
4175,41030b1b8c549a71e21fbb33b0e0f03ded1912f9355929f6fe7433ceafbffc8ce537361dca52c6bcced6ea60205ace6fec23c00b61ddc855b2ea8b30e172c927,N,0,0.7809728622646281,0.21902713773537186,primary_conservative_holdout_interpretation_sample
4176,b1414c832796cde5fb3b90744f138edf7b4ec5a8d740e1a32765c2a5709c86210e4fe88c048ee4cedfd316de474ecfc0be3994f30dfb7d439d7f4465cdb4ecc2,N,0,0.20530237746257404,0.7946976225374259,primary_conservative_holdout_interpretation_sample
4190,e5301ac5b21cd02813bed53ed4a717ae59a6d3d965f3221db4d28d12dcfe0a7111bcf6df079222abea3d172864d92061f288efb74143471ebbb04ecdfea04006,N,0,0.7635247199607207,0.2364752800392793,primary_conservative_holdout_interpretation_sample
4204,6b43e9e68e17ca7afe3de1796a234fedc3512034ef7f5a9e5fc36756d89aa7a0c53ad2fae739f69ff9fb3e164ee22ab1d366fd2e2ac1085c5076252ad706cca8,N,0,0.36996108915404063,0.6300389108459594,primary_conservative_holdout_interpretation_sample
4214,49333a5d381d5ec1d013f5ef888c59997fb3ce25b1aad637098c6700eed2e76a9c99a2b2e5cc028b08607d8c99ec77f1b4949c7a7e6913b03846e7aaf7fac46e,Y,1,0.9632665216435101,0.03673347835648988,primary_conservative_holdout_interpretation_sample
4223,c28f4427e32e7d4d33cf0b048d331224e09a6806a96100c29a8c26b8c37bb1f99fab3e3dd35ecdb13e1380b2caa19ae49616e70bc24e9f69392d7e1eb446bbf0,N,0,0.6145467933736478,0.3854532066263522,primary_conservative_holdout_interpretation_sample
4232,a28043587478f2df8e1d0487104529875dc1d834fc6cb64449c9370a8d0631587b6baf91c586202f1b893b6a7af735ef2cd59f42dd472626486a76a7f2530a49,Y,1,0.5771072332812841,0.4228927667187159,primary_conservative_holdout_interpretation_sample
4238,b61603c48fd92acc59a58434f1da206905a998f0fbbb73ac603d8fa749a335691d663bf88dbd54bd4ca27c8d098be1fa842276abfbf52e86d323bab734e5d5e5,Y,1,0.6661555534864194,0.3338444465135806,primary_conservative_holdout_interpretation_sample
4243,d107c5a8ffaa1ad628609d90767f794a3207d6d381ef4971abc57450b055267c37200bd3a2517290d189b87964d86fe89df52213668173563dea83ba02af2762,Y,1,0.5247778189004642,0.47522218109953585,primary_conservative_holdout_interpretation_sample
4256,6fdce9f949836e5369f5b564693dac1d921dd3e00657b94590502f95e9cd04be532b209c89f26404007d30e1b7867b3eb9fec5a4c97814cbbae2a53245b9514c,Y,1,0.8644645725926154,0.13553542740738456,primary_conservative_holdout_interpretation_sample
4257,cbcd8d8ef810b91ebb5452cc71ceb5a1b713e34b94536f3fbdf1927f6780aa2f62e2cab126c1bf588f2aa37171a15fa0b4d3686063b5421c842f1f74ea42d950,Y,1,0.7409096062817148,0.25909039371828524,primary_conservative_holdout_interpretation_sample
4260,d57463ed08f2edd951ab40e1723d148c38b8b4000fc4d4e36e94ce4418adca659ddc92c99b4eea5821487e22cac7e6e5b5300e146d8046b4a35dacdd24ce7b43,N,0,0.5783046898483809,0.4216953101516191,primary_conservative_holdout_interpretation_sample
4271,6c47006e28b0a66bc6415987c1cd42ad3e8476e6811a23f78cbffe0bd707cecac9c2c0197c72790341b3b53b9ae766c2c39ef9877fe1349bd2ae769f6f984386,N,0,0.49938341094603017,0.5006165890539698,primary_conservative_holdout_interpretation_sample
4278,59aa071040abdff0a25241ffefc3fd021825f1dc901116f2e7602210e8198256f0ec26cccc6d8aa0e23fe419ca381009b226b057e1185531d080d7d217cb2d53,Y,1,0.9388593906018027,0.06114060939819732,primary_conservative_holdout_interpretation_sample
4279,beb9ecc22bc5946cef0116e3e4ca8187816c7b140ecc3626a3d2db7f49f66dc4d00b9c06401e239becb63a662700bed2a2daf012b378258f8ab14abd485ec015,N,0,0.24007616705780763,0.7599238329421923,primary_conservative_holdout_interpretation_sample
4296,d7cffd6f515775a033c9091eecd256c01b84be48acfa0732b5dcb6c2136f062d0b94c55f324d60b992f07bf4cd6d65e047d4ea34a53d04cf02f32955adbd04fd,N,0,0.5969866053151546,0.4030133946848454,primary_conservative_holdout_interpretation_sample
4305,2cf9b38e4152ea6d5082525fd64c811b9c483f72e2e2930ecc528b5bda062b47d7cafb6dd21b82065c59c6e09de31d2cd49a2f0d8d1be18323f675ba6e163413,N,0,0.8257724907352986,0.17422750926470143,primary_conservative_holdout_interpretation_sample
4311,5056e1852a734e6e076b2bf0fbcb074596b77fd4c5d88e147567f0059db07795298d011b2d834326c7912db8d8ccfcf739c52f545565ff7779c39fee188683ae,Y,1,0.9804832393902547,0.019516760609745276,primary_conservative_holdout_interpretation_sample
4312,88850d2835f26572e6ce993831ba0783b13a830fb0b59d2cf3f562c194b9dce8e0bf8e380202596884bd0b53a80d5ef311d0a599b0c1ad5de2b7c365e5196c8d,Y,1,0.971689999168427,0.02831000083157298,primary_conservative_holdout_interpretation_sample
4321,d91714cf7ac4a5a51258076a14174347816f64d6510fb5caa886a25dbb4082cd786027a6d067dc16fc679260ea521bda9af9b5aa98844cc747a236f63c7e2977,Y,1,0.7697691097712871,0.2302308902287129,primary_conservative_holdout_interpretation_sample
4350,03ef2906851e683af2c9c1713b1d97ae8810763c6b36d570b6a3c575cfc4b5ae40b35802a9ad6706b37522dadb78f39977b5112429bb885970f6b88764a79813,N,0,0.4119719008901276,0.5880280991098724,primary_conservative_holdout_interpretation_sample
4367,af35b7b2d369b96c9cc70d3a721ab98909ff3732e024838ae2110dda75285001d440f038ea977f0d560cc31501210f96eb7263a3d5f20b48ae56346e584b4b0c,Y,1,0.8676303575463221,0.13236964245367788,primary_conservative_holdout_interpretation_sample
4386,590c17a3ab212b34874be0f6543d1de59b72492056083cef940343d467924f9cca44978d147b65456285905a1886827e68fc5355112613370a140ce9b5a68102,N,0,0.543184059289084,0.456815940710916,primary_conservative_holdout_interpretation_sample
4415,d391a06362a189530c9152cfe92877b76c6c6e88fbf40cea6a19d480d49b00af39735ec5f8cc9a236c73584fb27fde6eb7a1f05564e08322d2546a2d1bb04846,Y,1,0.33116778493727117,0.6688322150627288,primary_conservative_holdout_interpretation_sample
4439,9e5894bc271836286448c9fc61b434ec4d8a7b3477ef95256924ac6af156d1fb89ec3d8ea3dcbea1569a829e41c600bcacbbb6d60718c9f586b99a83b84a00a2,N,0,0.9455234399869693,0.054476560013030695,primary_conservative_holdout_interpretation_sample
4479,f14771a8984460097071a97fcd741ae88c3e06fc7476d6b54c1c3f2d3b32868cc18331c1dd5af7af48ce4607cac8a9bb51fd1afda77e89eb981d3512354ecd16,Y,1,0.9471641402643073,0.052835859735692714,primary_conservative_holdout_interpretation_sample
4498,ef445fb186d915a602cd48e35f49db41c7418de73e5d4384c653875b5d12a29691835f90271e55315a753c5b09ddad8ba12e60c111130f7f5d516341dafc1e32,Y,1,0.7170522025053295,0.28294779749467047,primary_conservative_holdout_interpretation_sample
4511,f3dbdd4c0aa6620aaa647e6607093f0b95d8b7967b75472ac5cf52eae4a1dfded4e269828be251ff4a73243c9532c199dcc42101af16ffef557bb242113202ce,Y,1,0.9696666709394091,0.03033332906059094,primary_conservative_holdout_interpretation_sample
4516,c3decf84fcdfecd5990fec3c4a7811bb481614b9aa0a8bd60d502c74f44dca3b778a03c397a9724a63a393bf4899607c4d154ae6c8176a65376c6a9f25fc62be,N,0,0.43220899618380276,0.5677910038161973,primary_conservative_holdout_interpretation_sample
4544,2b0c3653b6ba9463b249c338c2ca3b2681cc4e885a81bef6f04e3335b91df17993446a3ead130750e34335701cd8cc18efbe7ec02feaf203a487d1e17b4a28db,N,0,0.7969101803516095,0.20308981964839046,primary_conservative_holdout_interpretation_sample
4551,bdc4ac664e5b601aad398559cc3df8d72621e488f32301f543e484be3d01c767a4815184a942cd481219fcbddf0d12bd109cf6aff004103682fad25198d62124,N,0,0.8401664002513507,0.1598335997486493,primary_conservative_holdout_interpretation_sample
4556,264e148848a9b9bd91c64e44183a5af9dcbb86f42fb8792706c87a804c6b5ee6ec1ab342e1491801db9a35c2fa590a4c3b0e38c250f1df9f31f1f8ffaff6b6c3,N,0,0.7089712646279756,0.29102873537202445,primary_conservative_holdout_interpretation_sample
4574,b31955bbbb0dac63ae04655d0df0d7846b39da721d5d0ceb8d8a85be9ad72dbacd8c632fd872ef99ba38f73698db4d598bd832a5a58d4e3f5cba5a137979b0d3,N,0,0.8977451716712287,0.10225482832877131,primary_conservative_holdout_interpretation_sample
4576,bcb646bb253213a6c607677c062841a49ad807125addfa671591961a05e9f912d54083632bc8b23b559ca9e528e3dc9b1d0b6b09a0437685aeea7f5f3aebbd99,Y,1,0.9499919680546995,0.05000803194530046,primary_conservative_holdout_interpretation_sample
4577,32f0aee08527b9e8bffc3b6c419111b67526a5520cc72c6a755acccad68d108db9253b82f78d72bd750d74d565c054a147975edbd4d869eef152864c63c30ee8,Y,1,0.9607878690737303,0.03921213092626974,primary_conservative_holdout_interpretation_sample
4596,1e8175fc4a590feb8442989d6a8eddb1c0218f4c59ef8be17eced0f636d77e4fe3e2707d7125005264d5c50baea2f6a0fe9a7ce1f876da2dbf498dc6b5c517a6,Y,1,0.4257622659593907,0.5742377340406093,primary_conservative_holdout_interpretation_sample
4602,e1eb44d4b9f2b7e31118fff181e395646cbcd9bf70792159fb5c0e8af3201ac6b01c72202f730be590c624cd3823218f6b8e7d60274d082c7f1e813d23210235,Y,1,0.725519598798534,0.274480401201466,primary_conservative_holdout_interpretation_sample
4608,23471388d214994ef094e4ea8aa3b3212e7b0e3c91d4d9010e682c9c07c85f33fcdc7049c91000f4ddd7708c2d6afdcb4f8d650d0ef71b26dcdec9d56bfabf17,Y,1,0.736058053762215,0.263941946237785,primary_conservative_holdout_interpretation_sample
4626,f1cc33e60d01f384cdd993a6da2431d392df6fc3d3a7169eb66145d8fe609fd73a4598ab99fd530b4169973cb24d136596ee4856b6f8220f9cbbd6165afb46b2,N,0,0.33669551351893323,0.6633044864810668,primary_conservative_holdout_interpretation_sample
4644,d3918acf8a5c4dcf982c893978b72d954329311d77142e40b97947bc7f8dfb6df2fc71631e449a1a10f25f4843d21764ee46e49a06f23ae6048d28deea40b97e,N,0,0.7415939706620985,0.25840602933790147,primary_conservative_holdout_interpretation_sample
4665,3aa98d8cddaccb34f72bcbfa7096aa78c84fcfa472f7e0596ab9175f42550aa3fca037184ae447c604e3959c3d75e919d6685cf9dc5f05b45a8ff24a537e067e,N,0,0.9054360607808147,0.09456393921918527,primary_conservative_holdout_interpretation_sample
4707,a874388c6acc4e360994ed6a05c71328f3270eabdec0eea82a2d78dfe59dd1096635f7ae3e00d924154752333265a163eb02cfc6423dd02a648977749e1f9dfa,Y,1,0.9355740599594069,0.0644259400405931,primary_conservative_holdout_interpretation_sample
4711,5dc75c1ea369798589a2dd8713be63b4e8e124933118102b991767d9d89bd78a4b01988e7caa2d6cf9b2aeef5b87fc5c6f8db95fc31227962b9e48512071d16a,N,0,0.3134541425551886,0.6865458574448113,primary_conservative_holdout_interpretation_sample
4733,fca8033ddfe712db15335bf8ff4502e5815b7c3db2c53c65242eed058173d456276a13c5c4c4ae3836ccf3a2d1ee299680cc3808a3582a56897715562d96c5ea,Y,1,0.9636397923523918,0.03636020764760817,primary_conservative_holdout_interpretation_sample
4748,6b59373af0c18fb20087bb6ab1be43adf277575541c8a812d70f9d377072b2f1574f710b76ef8aad9808ed7f0b62ed337430ac0bd1f3edb52919ed8774943d93,N,0,0.423197411012451,0.576802588987549,primary_conservative_holdout_interpretation_sample
4773,b2f33fff07ae477e4cb9cc29fa2d65cd59d78ad49c2ecc08437bc7c3ce891ed975fa1d853c4c0a6f42c0f73277624b720d636d7d0def33ffab64cda1cef3abe9,Y,1,0.9839579247950264,0.016042075204973583,primary_conservative_holdout_interpretation_sample
4782,4131d0e303089342894012342b106347424b3bf75410c15741f669fc6e385b2e99c5719f5fca1701118602504b06d0e269850caaee8f0ec2151bd64685116359,N,0,0.7160768204486488,0.28392317955135116,primary_conservative_holdout_interpretation_sample
4784,fba5241ef72e132585055914626c2da3cb2c97aa46a416be1c8b52999b41dbb4ae6501db04ebeb51cb41ff543da1ea225cfe7bc13a0437bd1b1c04f378140409,N,0,0.6742938955353307,0.3257061044646693,primary_conservative_holdout_interpretation_sample
4791,aca69982d1bac7276f9c70fc2410c178b09ecbb44e5dca9876430143915208cf9594a69be626b11d601e656ee313060155b69e618b70480f213160ae8b25e448,Y,1,0.9745388622381631,0.025461137761836894,primary_conservative_holdout_interpretation_sample
4792,1d273a6ddeb629edd67838c9810b90d07373b88654bcb8140326fc2b8dabb420417f1e1afe76e999e58885120acaae4e056ebe5dcea3f52213f557d397b86d13,Y,1,0.8898585486074837,0.1101414513925163,primary_conservative_holdout_interpretation_sample
4804,0a082f8486189f358ce6365074b25c9012ba033371e01d989a514126cd1517d53063b7b75592a18201f07419d525e6d5e34de714a2a1472f2d50a798ef161a02,Y,1,0.47025451409775804,0.5297454859022419,primary_conservative_holdout_interpretation_sample
4806,bbd686fdbe56586cd445afc57c8fcc403dcdda60de44ec721d3e103c22e9cd692d9a5c1989f791598b31b3a957c093eacb40eab308fd17bf45e35c50aef193c1,Y,1,0.7230459915657376,0.27695400843426243,primary_conservative_holdout_interpretation_sample
4823,d6017a1177f264d820dff2f983bc44498ccba503730ac7b0a919700ea822e4543598490a68384374f657b5df31a0b82160e586e68bc3cb34054c9ed3bbf199ed,N,0,0.6661555534864194,0.3338444465135806,primary_conservative_holdout_interpretation_sample
4824,9f054b914e67e21f9234d2268ead346d4be93bd6ea936909be379ae6dce3224353a14a666ff006030853187c0141acff47a863907abd60a9380d53393a61be35,N,0,0.8242350261161113,0.17576497388388868,primary_conservative_holdout_interpretation_sample
4829,bc7c8debe482850285666953b7ef49a4ce9b9304ac9d6cd188363c06652a9e531b91a1177e89fdde2875244dc26f8408d54df7e358448914e2b40db92aed42da,Y,1,0.9170181124693266,0.08298188753067337,primary_conservative_holdout_interpretation_sample
4831,3a52ea63647662dc07345ba6448614c9d1d55f3c7946d3b6ea393337ef62ac20e526e7577bc4cc52ebebf88e391ec8d1d068d5be916cb7f38e328de038b06c3d,N,0,0.887502337300159,0.11249766269984096,primary_conservative_holdout_interpretation_sample
4847,6e7d1c140c8400fe3e8a40f01a4582801e6fb5ebe728b0d052845522b4029cb927ea2776c3d73015db1bd52b8f30b10be8447e2d24cf9856082f21d87fa5b297,N,0,0.23711827946382494,0.7628817205361751,primary_conservative_holdout_interpretation_sample
4868,31b188b43850eb9810883a1173b280e90049d94893a16d547fb5419117ad37b9b3b1504e695ce64f18d1efbc94a76dc48c52c8abda54a073a5f639f0db87e5b9,N,0,0.7802217295818266,0.21977827041817344,primary_conservative_holdout_interpretation_sample
4873,d712cf6afe81f8ee54a32320047dc730b8bc482d229255c661ecb4aa564b2318a168fa2bbccf33eba2815712f0bd40680e001ed0faf304a6ebb41faf7689fdbf,Y,1,0.9667825965562689,0.03321740344373114,primary_conservative_holdout_interpretation_sample
4880,6513fff57e32407ab087206e57186ee4cbde4888a5f79702f9caee7d23d008d30360c95fe000694668cd0c5fd557fb0e1a6d4473abbb18652a717ebf2d5c471e,Y,1,0.9803503344408409,0.019649665559159146,primary_conservative_holdout_interpretation_sample
4887,cee7d9d3e950bb6449cf197897feaa7cd47faab22180379d3123f230ca5969738f2e86fe40941b19bb1b1bd244e357dd408fbeb02e583302d196cf4466d2a894,Y,1,0.8960014267832499,0.1039985732167501,primary_conservative_holdout_interpretation_sample
4895,75f22e754dbf4bbed53927d423b9104141909707becdae8d5b2e01465c173a158d3a26d95ae261f769984742b3a0f982ba4762758c789d8d9ed138dcc0926543,N,0,0.6661555534864194,0.3338444465135806,primary_conservative_holdout_interpretation_sample
4916,cf57edd96907c97c5a1d29a20529a7ec817a60ff7386ccb51785e7f8c01b59a4be37f538d07732eb25dde51fbd70b3590ce47f01ef9c74d5e1085249b231d9fe,Y,1,0.8388377364577421,0.16116226354225793,primary_conservative_holdout_interpretation_sample
4925,1f7f404d95c12ca18b98babb0bd704eb3cefe2ab2b02b96d45397545b2be43052d4e64cd270e48a3c43c75211f576d8979e5d9d8e131c0e8f8444940727c7b72,N,0,0.2319322032659493,0.7680677967340507,primary_conservative_holdout_interpretation_sample
4941,6f5505cdbcac743f512f28d9c1cc57df1b90f425c68ae687dc887ace2fb540eb8c5ddb934098b71d44ad639216123760125a6b63c9a54c95346582e032c50f3a,N,0,0.5453053707624632,0.4546946292375368,primary_conservative_holdout_interpretation_sample
4947,0cd0232f2da909baf007c89de2485ea1933b4d15fb823dbd9ad0bbdf16a6d298f655005522be6476b6a0be747e1f97fe688f0dd082d8ba8bfc5719d1df626cf6,Y,1,0.8925312240232784,0.10746877597672155,primary_conservative_holdout_interpretation_sample
4951,38163836b8f8c49ae49ae2d511a959b56afd0159d1c85bf0dbfbd725f56e750516bcb49b887c1901c8a6f95c4363e6a7bc1581544434bdca2c91a48d87182282,N,0,0.4791969806270897,0.5208030193729103,primary_conservative_holdout_interpretation_sample
4991,97bc8caa5f0d5da5eb3e16bddc9a7f46e24931eafb518e1ff4bbaf3f984e139f5325d50751c412b40a6cd4d3938d6513517dc3a27c75559dca55560e41e48349,N,0,0.25961301703424916,0.7403869829657508,primary_conservative_holdout_interpretation_sample
5005,dbaa06ff0dba786cbec524dd19293aaf2b85afb7114ee37e4a2ff586ae715139e1f84a4db513f9542ce09eaf8cc13109c26c0cfecfb33a6bb91151881daa9698,N,0,0.9804967769424767,0.019503223057523278,primary_conservative_holdout_interpretation_sample
5008,3078bf032b60b5cf0b2b2b5e2f77dcb582b13f2afd8d9f825437af5ef1a09940778608a99c1cac4fb5bcd6013a0919143a553800324c712bc6aa1ebc122e1f40,Y,1,0.932155348531392,0.06784465146860796,primary_conservative_holdout_interpretation_sample
5025,e263cb3fff77d0dd2d44dce936b4650601b7b67cfa86c4177a26731f37d0adc5e77fa569dba7a4d9278d3673c0e263660456b3de4f32d241ccef04303533e461,N,0,0.2955322821672693,0.7044677178327308,primary_conservative_holdout_interpretation_sample
5044,7d56a8047478c1859016642abe69f3e18f4147d4a7f8fbd1bfe0973c01d69d1d43b4e07b313b6ea55168c356e55bc72de1bb005ada417a561cedfdf99daac83e,Y,1,0.8736702384766862,0.12632976152331377,primary_conservative_holdout_interpretation_sample
5052,037082e2407cc1e1650bff21e39433c5955145db85ad7c26ef0aac9c75532bb39f443ae9685a9a47cf7d1280ffc265b2c0ecc9c145912843a8da36d577c13134,N,0,0.7278807072841637,0.27211929271583635,primary_conservative_holdout_interpretation_sample
5060,8fdde843e1a3fd999ff056e8c2368c0660bd1c0e5522051f90d3a2bcbc895272d08fa304cbb680a1134e307a78287251847d87f2aeac54242802213cc80b91d1,Y,1,0.7323494428689404,0.26765055713105956,primary_conservative_holdout_interpretation_sample
5080,e6c49f5c9ef940ac409a8303cb33111758c2ebfe574a6d431de9afd085b7567b443fd4e18397bf57c638cb6af1948e7ea4e4e08839d0eed395527e7904fa7319,N,0,0.41526937895111005,0.58473062104889,primary_conservative_holdout_interpretation_sample
5103,acd79627014377c50c2ca6c5beccf8bc483f6b8e88b9025bf1660011afe819489d050849117677fb0b3f7606f136d9503e8286276a8388abe1c8b143e8618ece,N,0,0.3450204798217179,0.6549795201782821,primary_conservative_holdout_interpretation_sample
5109,11e7c93d3178363faafb817d7b2470b14a9de744c30a0b8a35458250df5d8ff83f452d86def5a25808474d97d40b53009f7d9983d2aa7f2f127abbbf0c8ef01a,Y,1,0.9446833938784748,0.055316606121525225,primary_conservative_holdout_interpretation_sample
5115,3a74008b4d97f70adc9c73fdb51ab260388c1ef9b06adb15de398db536a3499b4ac5441ab90f5973f0ff7b6aa2a97d05ae872154d5391e7508c8e571249fc3ea,N,0,0.3246911630379001,0.6753088369620999,primary_conservative_holdout_interpretation_sample
5116,c193419ebdd887fa0b3cc3f91a63132d9487eb82c1f576cba2c94fd2a3e23ea7c13028cf1cffbbad0fee23816e5882031594fe825a96f3689c625266205354bf,N,0,0.6948759025490654,0.3051240974509346,primary_conservative_holdout_interpretation_sample
5127,9e286d6e939b34a80640a45cb7d7333218c27cb89352aa5db3f2ff63115683acf82c54b9de87d3ec4b741b3fd20f71c222689e07b18ac6c4606d9f5bc4314258,Y,1,0.9260034839866019,0.07399651601339807,primary_conservative_holdout_interpretation_sample
5150,86624eef75e46951fe1cbd6bdf56de83f4a98609d78fe30ba85bfde327094d97af30003a67082c3630450309336838ce0349f61615e7dc8a3d020834fa5933d0,Y,1,0.6877861040662244,0.3122138959337756,primary_conservative_holdout_interpretation_sample
5151,fa4a337f9d62f4bc09c22a9dd4a7d36450b64d1292c14862d95cf0832f49469939215967b5f067e1656041d7e5d3ab45e7296cc64b585a3f7ab4f95181908922,N,0,0.5004924485365103,0.4995075514634897,primary_conservative_holdout_interpretation_sample
5160,6b9644d39b3f30a50089443e22a71f4eac342918653b4ebba55aa311159cb4632dc1c295cf71b12ff38da464656bd10b41f5d25c269f1588d171fa2ea7729a00,Y,1,0.943905738092249,0.05609426190775102,primary_conservative_holdout_interpretation_sample
5191,16de6c697a301e87c74d9dcd8fd3662089543b8d7bc6027ae9a1b4f44dd61bfeec22221ea09d50c4bbd3d6dab4cd23054f8352df058b3f56b70f492dd7d5f975,N,0,0.3658910241966088,0.6341089758033912,primary_conservative_holdout_interpretation_sample
5196,0ef2f4516ec446b44c9f9b1087b10179827143b0ddd0be1a82b4b830f4ff94b992d6e2aab6dee98a34232a888256cbd15b0f71205477c728149d8ba10c2a7493,N,0,0.46857257113922385,0.5314274288607761,primary_conservative_holdout_interpretation_sample
5198,6630673dab6c2eb02fac313a2a6ca4312ab8bfe9dce714b523e0738b3cfe304aee8704ca8162424ca4227e5f10a7c6aab65cf8f65af59a4a84e5849e2753a61f,N,0,0.6983006307177334,0.3016993692822666,primary_conservative_holdout_interpretation_sample
5206,86c6db11e4c6e8f1ba312d11ccf3f52a5c054f0dafe2c862c4e318f17593b809dd8a2c85d9bf8c0f53615c01acb62e4d15b2027a59017ed58f43dbeff3e0d6f9,Y,1,0.9484029688592398,0.0515970311407602,primary_conservative_holdout_interpretation_sample
5210,bd16a6dcd2774a287b266778dd88921df01b0bca8ac39caa6d8c4f128121241bdc3fcc467773b28972139987b9b18f24518acfe440832301973a84004fa85c6b,N,0,0.17946139628642546,0.8205386037135746,primary_conservative_holdout_interpretation_sample
5226,655a71adfffe60c9ff9bf039c9a930c6265210ec3cd09f98070efb942272dca5323066e17737a97c81cf055e0c23849c7145108f8c1252ebeea18be2c2b9e446,N,0,0.3017809893227853,0.6982190106772147,primary_conservative_holdout_interpretation_sample
5234,b39d5a471a6d23da4b23b127b9859624ce2be3f8d042b92bc9625b49e73d2eb554285dcf1edce419faa080f09a1877893c556a778d10f2bc446a055a0ca6057a,Y,1,0.6661555534864194,0.3338444465135806,primary_conservative_holdout_interpretation_sample
5269,5d95dde3bd0a07da7ff117d60fd1286e05975d9ad0b0747b1872ae480669c598004fcedccd6e50030119e006f5c52302a5a566543477ab5dbbc00a49aca1e4d6,N,0,0.7591423008467364,0.2408576991532636,primary_conservative_holdout_interpretation_sample
5271,87e57398f62221ad5922ad04e96887dd8373702c7045e77fe2229662f085e5628706553a6205a64d98579adaa6210a5f1e05edc85f278353a2bc1d6d54be252b,N,0,0.29855830946200446,0.7014416905379955,primary_conservative_holdout_interpretation_sample
5280,4a0d1120f8e67cc29000e7f0406a3a0c7a4557d104a146bf969b69e97494ed3834eedf886c5de62f21ab3c4bd70d6c49afb807ddd89c20f67e9fb1b1624f940b,N,0,0.4825865478240228,0.5174134521759772,primary_conservative_holdout_interpretation_sample
5282,f89499e2b362ecaf9fc08fcbc67e530aa4482a95aef403a8abfc4088991a9c056a96a8707f95f05ad4e998d4b9f77ff74858fc34f5f47735ff976373119d2d28,Y,1,0.936250999216598,0.06374900078340195,primary_conservative_holdout_interpretation_sample
5287,f182d596c1fd80a7be3d0dff41ba4419b77d848a2cd077bc0a0b0ad1fa80aa92fd46875bd44bf11de3b52330a8b229b2e0168137d512b95cf3b2db2b4a75317f,Y,1,0.978035272648717,0.021964727351282964,primary_conservative_holdout_interpretation_sample
5302,70df7e67bb8b6d65049fec87d76d164bf7717e3174ac6c3128854e3d790a530381776a8cf7586ff9993adfd825c189ee1f7fd2330c4d9ec5955e1075c67d6f55,N,0,0.5744983191829398,0.4255016808170602,primary_conservative_holdout_interpretation_sample
5309,7fdc1a20b3f286aabb1edfb677a3aed4fb41dc56d4ef5bc6ae8a3a54e00c0dcca334042dd80cb16645183576a84d5d702b95fde10b9730ea6176d2a8dfcda048,Y,1,0.9818491741845627,0.018150825815437255,primary_conservative_holdout_interpretation_sample
5337,a59017008be5ff8350a97cd7bd6799fb7e7e0a645c9cfb769625a79856f08372cdaeb4af92a170585ce67752eebe2047121f5d742f64dfd259e44ca2ffedc09a,Y,1,0.9604711906810799,0.03952880931892011,primary_conservative_holdout_interpretation_sample
5339,cc6cb230f1829e09d0717e2e90b353cf76e76251e19dd1b1a45c5587b3a37c04e64870c65d64cfc70a9df747aee032a53adb1e83d0e6576ffd81e7acf2d4a472,N,0,0.25118235275102624,0.7488176472489738,primary_conservative_holdout_interpretation_sample
5349,b28303de54c5b8a6001b9b173957544907e7b63cf7afecde15b45b6bfc43ad041ac7a2886950f08b15799f2e8ea9d50d7cf21fc408c8c7059cc093d095fd1031,Y,1,0.7831262266280266,0.21687377337197344,primary_conservative_holdout_interpretation_sample
5352,273631ef12b29b18632119e0e6afc1813a32ffc8fd6025ca805ada017f0223070e1bf29a92e73c04a04a5be7326cd015d42981bc317c7b28ff5358a589afdffa,Y,1,0.9736435513724759,0.026356448627524065,primary_conservative_holdout_interpretation_sample
5377,b623d99a5b83f238ad2e53cd447d654eaaaf2f7cddeeff8101f12f363a45253aaf7b80f2fc4495cf6dd94438a5d13ffc85bd52f95cdaedade8555ed0352a483d,Y,1,0.6621011174270466,0.3378988825729534,primary_conservative_holdout_interpretation_sample
5384,83fae67ee8f9a6fe27498093438ffdd769f20491b4a05f54dee018628a6acd4a0930e77357cd6b61281a993c70d4b486843bc2f91eab54fd36fa5d1a1a6ef2d2,N,0,0.1882589734629232,0.8117410265370768,primary_conservative_holdout_interpretation_sample
5426,4eb8ffa265a1425b6791ab615ce7aa7157bda810d6198f888a76f8887795fab6637121750b1771f4d968459af802b0424a0dcd7680f948e6d94d7d7e9ca4574c,Y,1,0.909267313012642,0.09073268698735804,primary_conservative_holdout_interpretation_sample
5433,99a9aedbb18ec12887205d5063e47205089400915f5713429c2df3717cc54a6fceda1a91f66ed3384009ab52d9715b46eac5b80d2d26d0136ecf88fd6c51fdd5,N,0,0.3255667975807423,0.6744332024192576,primary_conservative_holdout_interpretation_sample
5463,437b7a1e73ba5faef1ef80aad73669063734cbbd4a51fdffb52bb3429051544c685725dc6d8f924922498ccef1bb41bdce40a58c80319f157701971fe190718f,N,0,0.5665273579287201,0.4334726420712799,primary_conservative_holdout_interpretation_sample
5474,f4d61dff32e491d4cbcde39172188e95d4d3a7752a1d0694e3eb5c408b0032fef241738207c464d4e393358d1987bd280199f31fb61b14783b129f6a7b7a5098,N,0,0.6316636561428067,0.36833634385719327,primary_conservative_holdout_interpretation_sample
5477,a6de5112d1a04309f6db9bb8c09ee1897295a7b1d92c7da1888cd829f9166f9cc49fbeebe9febdc549ce4fe791e56144191bbd8316c702546b7913360c290346,N,0,0.32911427330820536,0.6708857266917947,primary_conservative_holdout_interpretation_sample
5480,28c0e18d43767a4cc1df75db5f990cad576034a704a26bc76eb6f059ae02f9c944be7ae3c65d0094f0808c1d632189eae81a2c28ab0571f1b6e4e6e2216711fb,N,0,0.7150496924353572,0.2849503075646428,primary_conservative_holdout_interpretation_sample
5483,cbe770873f324de1bd60a48b23b56e2b35d0c54c9bb94c12616f90ced98bf3e1759cf3f80a816525456e58a02564947a9989e2bde61cf8d665f8dcb5d425b3aa,Y,1,0.9678748984433498,0.03212510155665016,primary_conservative_holdout_interpretation_sample
5489,10374b0e63193d2e9ea138b1bb47c585536cd87845a0aa3e10c0f1e8651586b0fedf998951ce78691e9d14ac852fc26930f6aa6e375b30051a500de4e088ed34,N,0,0.5850493382926356,0.4149506617073644,primary_conservative_holdout_interpretation_sample
5511,205e96400aaefbe5d2d06ce5b63af9a48cdc9cd47b470e0472aaf2f6c3a71e675cb19a797e6fcb3e307ce311209ee09b488bd0eadd90433ff02af55b7db88837,Y,1,0.9595342349022621,0.040465765097737916,primary_conservative_holdout_interpretation_sample
5512,e31a1715c2b44e8fa8482c8b5a5d0ea4849c02691106ee21fa73f7b5bad0e81f20465b3405fb9148f2376236a17905d62fbceb5302273c365988baefcd79a047,N,0,0.7722308387143109,0.22776916128568914,primary_conservative_holdout_interpretation_sample
5515,2256806afdad708dca9c4ef7d567fcca5ba57605929f8a6c710d86fcb4be80e1c0adde1093da0b26e03f2bc068a4515af642774b18f43e9fc875c605c12c035d,Y,1,0.7978675645172094,0.20213243548279058,primary_conservative_holdout_interpretation_sample
5518,134217fceec03eefd021998d82e78c8b7319ef9769377ef418ec391d1af5688da74f8aff9e2b02148036df60df96c9efec64d9dd3443b067ba17d52fdd2f947a,N,0,0.2487518884492233,0.7512481115507768,primary_conservative_holdout_interpretation_sample
5520,2debf18459e9177b59751367284ed9e11881c3c2ef4264bce3eb714ea64fc16d310e3fa6acdb802e001909b55835d37fa4d79b57c8cb9bdb76d9b2660238e398,N,0,0.23092254575863333,0.7690774542413666,primary_conservative_holdout_interpretation_sample
5530,d2dfe5033f31b84dad8ba8dbf9dbc8ddbf7e20a6645dc38bc85bb88b6ab8d53fc7bac44601ab6cdb0247fc82c4537ec08ef52b018b7f5ece00fd58a2f7136cc6,Y,1,0.9457423210359092,0.05425767896409084,primary_conservative_holdout_interpretation_sample
5533,ffec342a65a5a8e3bb43d171e6c87030868b73f5f8c44e1a56993cb01ed97913eec6fb5d8465896376e2ae5c4b10515d9c09ffcab94405d2ea5bfec0357e5472,Y,1,0.6543098023175428,0.34569019768245723,primary_conservative_holdout_interpretation_sample
5558,a049ee2527abe499844290055d6bc93b528dd7fe854b03cc2ca67c10fcef82946e339e28d472adcf083509324ea70cbe80d31bf0668c723d990cc8131d5a3b3a,N,0,0.796937773022593,0.20306222697740695,primary_conservative_holdout_interpretation_sample
5572,ceef39802c4348729e6381e72493570130487c2ffada6046b28b4e9212b6ae8715c8069895ba5525369afe076783eb6fd032ac085c34b97eecbc4d878cf212f1,N,0,0.2637815172951671,0.7362184827048329,primary_conservative_holdout_interpretation_sample
5573,538eb816c6ff81a3b4ac03ca7b66346f1bc635d1976dbbf7034ba86be3e54f9679becfccd2d6deebc2809b34a1f7438b5433156e73ea4a17853f5242a44ebe56,Y,1,0.9294851200758847,0.07051487992411531,primary_conservative_holdout_interpretation_sample
5597,576365b48c44445a0400371c7010949eb3a9379524926ea9277e30347187646d2ab91fcd73c817ffe400203777a833c6b0901283799c3ecb8527eb37ea1c8539,Y,1,0.8785441216471963,0.12145587835280369,primary_conservative_holdout_interpretation_sample
5620,ddbf3617b0af7986df6013a2822c454d20c36e4e02c83df2ed9cbe233b805b2784fe2cbe429168b0ffe37a9bfeeee67aef0e6699134eb86f6c1ca941b4324a9b,Y,1,0.9534150383403981,0.04658496165960191,primary_conservative_holdout_interpretation_sample
5622,91b8dc77e446e6f01f7d07c03f84f1c37a538560d81f0b6ca2f648d99c1955e21b880940f3dd09f43d9eaad8553d1982960c460070d5f676166717fa2001ed12,N,0,0.7711431256565621,0.22885687434343793,primary_conservative_holdout_interpretation_sample
5631,5ba024d0edff98057d3b74c21b579ac34069fbaba0c8efceaa42b2f15ab04870fdfdec6a1a61ee2b410f103f28cd83ef6114ea0f86ab034bf39c1e6b43d3b9f8,Y,1,0.5507854954110185,0.4492145045889815,primary_conservative_holdout_interpretation_sample
5633,8eb872e5ffbeca7a118fc66047131b44d684e225ee7e7b669309cd373eacf8cbf966c8ba91fe86b68b97dde139ce159938494bc10a7e8a50eb5b5f664d1bd41a,Y,1,0.3370839259803904,0.6629160740196096,primary_conservative_holdout_interpretation_sample
5638,d30b62ff5dbf96412adcbced82d37635cd497ac3eff21ec1a34e5a1151ad3c0b09556146db3cf7c5ba355902e43eda7fa5c4c3fd05d469c25dcbe829639dbe82,Y,1,0.9541254988771826,0.045874501122817435,primary_conservative_holdout_interpretation_sample
5651,3c8df86b33e88a14d5c18b6b1e8a1ee89a0f135f5d28cd7768c39be5618343246dbeb10f44ddb1f950c1b547229b192be8a3e2be3fddf67d960a536ff1735500,Y,1,0.850930307377676,0.14906969262232395,primary_conservative_holdout_interpretation_sample
5663,f099f2a1b373f17992af25933beb1e9c141beda8f55d70ec56ced4b5dc207ffbd8106ee040c2576959b212a627a8f44e2a231dc138bca8e970e72a6204a2f751,Y,1,0.9343199498699476,0.0656800501300524,primary_conservative_holdout_interpretation_sample
5670,336cd3c4ef16505902aa2d2777d78c461bc5f0caf75c4962501a2de30be9763d2560500137f970c0d91195c7341a4692ec44e95109c8d37cc679aa8d8f7aa816,N,0,0.6661555534864194,0.3338444465135806,primary_conservative_holdout_interpretation_sample
5672,b2823d88f5f55a32974e766a376f445c07ea53f4850b61ec6fdf6dc9896030c586589d73fbee286b10b84d73942f0b94a4b565bbf6498cbe18b69e89d4aa00dd,N,0,0.7134905997254727,0.2865094002745273,primary_conservative_holdout_interpretation_sample
5679,c94d43f4717a6087bccebff3173b707131035b26180298680e534a3e6830b0af07d27bf525e473d0dd076c83fd5672b2fc18f992fa465926f1dd80510d6996c9,Y,1,0.7150496924353572,0.2849503075646428,primary_conservative_holdout_interpretation_sample
5683,04c25565fb7d45e930a0760e30591da89e07fa025fa0db5d3a57c6bac8dd9894da0b0d7db42ea284154baf0d5d8d72dd2b3230141ea6128059322110deabb5fc,Y,1,0.9814087300487183,0.018591269951281686,primary_conservative_holdout_interpretation_sample
5684,e345aec62aebc89a73ab2ad4ca015eb664a2ec7f857f5de6bb4720d4a4e36f55a71c6d05d107b13667fdcb83bc401dfe2818c24d56ca5811b1246d6f11bac23b,Y,1,0.9104621386657925,0.08953786133420749,primary_conservative_holdout_interpretation_sample
5696,e5edb059905b2eff02b1b845bd6b132a03f8de70e37f0edbd02205500c1ee7dc1cd71e96923c3f5312ff5df0a9f21422cbb7ee0293b266d6065ce98649e2f9b3,N,0,0.8991478862580697,0.10085211374193026,primary_conservative_holdout_interpretation_sample
5698,d3925e82dd4dd95a70c2066b988392685c5b5be9e10b4bfc3d0ae516b1f7b936be646702b1424f632c50b77512c1f1fe88823adb1b31b20f573ad5533b3ae20a,N,0,0.2962858125866326,0.7037141874133674,primary_conservative_holdout_interpretation_sample
5711,12349c29e4e8a32fefc51885cf6a305e36cb08d291b8607278b31b9b2183e4a01d38f3c362761ef6af39d95653ca34b8c6d8085b7fecb6c82c04203214468677,Y,1,0.9063139404870729,0.09368605951292708,primary_conservative_holdout_interpretation_sample
5715,0f73a46da43c709e9686b63d4c072deb7d3e5b5602ad901bf905c23a7640ef0d7bab45bc67fd464e07a7af1ab1626cb324905d53940650bcbe5d92c8b88eeea1,N,0,0.22787455534257609,0.7721254446574239,primary_conservative_holdout_interpretation_sample
5722,a68e63ec58bc92aa1b379039624fb4e5ed14935e56d03f083f3d2941051d43891b116fb63eb15759e015ff2856b6b22c834d0062d3f63433258423facfdb5d5d,Y,1,0.9504152143828691,0.049584785617130867,primary_conservative_holdout_interpretation_sample
5765,e3748523cc97c4b3741234a1ea2c23893f13f3a79670f0d0119949ea8cab640cc193ebab57d79f6c148c888205ace04f965f997bac2e5635e92fc87b9e093370,Y,1,0.5651322027419271,0.4348677972580729,primary_conservative_holdout_interpretation_sample
5775,41b6a2b066a422e490a922d0e57d65ee39de4aa1c6a071e9f283ea33013a31af541ba5bc74845a5e1c97ea29e0e325dc4797aee5dacbf86008c06f8d63d6bc81,N,0,0.8849886225183005,0.11501137748169954,primary_conservative_holdout_interpretation_sample
5781,fef93a491f9a55291a7a9c51ff5f912a2145ada29d102bfe71743221cab58671ef911043b4b9f4ba05fc20fc96ab8b81bad0c12ece3de587efe8817e78a7371d,Y,1,0.954078801255154,0.045921198744846015,primary_conservative_holdout_interpretation_sample
5808,0b83fb7e3b380b76006d9e9ed0c62fc35c71c173d4b365ca16f21283111bbdf69ad3be9a61ff44efd5b15eac9e0d00124bec6361d49821e39b958ca6ec81bec2,Y,1,0.5902606936280853,0.4097393063719147,primary_conservative_holdout_interpretation_sample
5809,75fb5051316e232d825fbe38f5060e02cd3e37b3afe420c073f4d3ec0017710945f8395711bb00d1f4522499d15a158cdea4fa247d05ed4590487d36b772893a,N,0,0.4989833282586126,0.5010166717413874,primary_conservative_holdout_interpretation_sample
5837,0258fd467c5765400d487d203f7c77afb597120daa9b1ede96e6a06122e89ea3120f1c5b6932ce435b954aab5da1999305ab7de84225bd741ee334c26ff1ce33,Y,1,0.7297198632273745,0.2702801367726255,primary_conservative_holdout_interpretation_sample
5839,8b990117a915483b520fc3ddf98deec99edbd63c97ad2b13ba2e60d815cd2970528ba7ef008cb06d377b54f3fc44bf664228a5730e2b5f0ce5b26e3d13dc0455,N,0,0.7413386648560103,0.2586613351439897,primary_conservative_holdout_interpretation_sample
5841,21f7c16d2600101c8861227a26db0cf16582015429042ed8317edbbfabaa007c619d8c9e561b5bb9561adc640e87fac6ebdb9b43f8c7dedab578d32100418647,N,0,0.3353451844662933,0.6646548155337066,primary_conservative_holdout_interpretation_sample
5844,376ecbca6d70099e82dd5f72db9e5578b149e5f53d47340d87aec354ce75c3784821cd92beb1165c9181fd29f8e36976752512632828e4766e7b9bd149e76629,N,0,0.751757313366854,0.24824268663314597,primary_conservative_holdout_interpretation_sample
5850,6d84715d6eea3fc4a02c7785aa4c1faa08ab84bc83802426945cc6d282aad1008b8f887b8674a65ca8047358dcbec1669c43c9aaee10eaf930d6b2bc4a33e6cf,Y,1,0.9724467093801668,0.02755329061983325,primary_conservative_holdout_interpretation_sample
5857,4a8c9683cd117f69b74b827011dea376d279e2d9324633d12a4a94ce201dcbc8ea6239def2a6fea5d9787c1eb361c3831066ae4e1e22ad409544e021994b4849,Y,1,0.3705727968984501,0.62942720310155,primary_conservative_holdout_interpretation_sample
5873,91014dbedad7cbbc273d7a00cf0207cf26b068b2120a98e23e6270299a20e9091cc6898f5d9ed4328c1aa15631a38635d0af89829438a3c285a1bb91d5450763,Y,1,0.9777688972258491,0.022231102774150857,primary_conservative_holdout_interpretation_sample
5907,03cf2919c29ef1465b466172f208665628cf9683f2dba4617b7ce3370f6bf844eb0382543f94feb026ba6c3df31b8b303f280b2e1c60c7f46f3c1544eb9443ec,Y,1,0.9718815936626382,0.028118406337361845,primary_conservative_holdout_interpretation_sample
5914,5a5ef3db4004039993bea83df2918494dd11b0da8e0c239d5a800b30f053760902eef976f998ad6780704bb58abd6708575da26fa4c195a7bdd2f95c21580903,N,0,0.7384508037802957,0.2615491962197043,primary_conservative_holdout_interpretation_sample
5921,7f1f8700ad04cb44cf2640112069798811b10a86077f4b2c0de2bf2f94d407c97af911162e9099ddb33cacd02c7a5007a8b38e54362ce2bf8bf4c80b9611c1d3,N,0,0.6179887823129147,0.38201121768708535,primary_conservative_holdout_interpretation_sample
5925,738cab18b0eed7fa4dc5e185e1e26fa2a68f42024d13e42cb8dfe425913962989926df85798e651161c0108e074cc5b5282239a9a05d5245c7a09bf922902b5c,N,0,0.9635683998808205,0.03643160011917945,primary_conservative_holdout_interpretation_sample
5928,690aef20d019f21840c72881a257bed019594c7bfd4c733038c670be30b2a934b12d2fbbb467077b9178f4641df8b0d8a4ea57faef499ee5f17b0ce12a50ff4a,N,0,0.6277378789384669,0.3722621210615331,primary_conservative_holdout_interpretation_sample
5940,a522bc5166fe53424b8f569059f1c03fd3e7642cf1d5b086fb8a8e40ba77ed122978264214e8b5a9a663b53586522e0e3be13b8ad91eaa0df95d88af48e17656,N,0,0.685694517911351,0.31430548208864895,primary_conservative_holdout_interpretation_sample
5957,1d4ffe906f0f1e7374cdcd24b88ab4fd65ae8a7437255e39a9f7f5af29643e25324031a39820af98d7002c4e44913935f4915889d9eed4170dc097db925abe16,N,0,0.40742755085667876,0.5925724491433213,primary_conservative_holdout_interpretation_sample
5967,77b7ea1d5adc745f6d27cf6d5117a3bf00ac07c1e4e35d5c36ef7fec2e4115819eec56f0c9ce62d6908784fcea70cdaf59f8473f9d1699fc87ba80a5f5fa9768,N,0,0.7515035312981991,0.24849646870180087,primary_conservative_holdout_interpretation_sample
5970,24660a7edb64950cc6e3a62013c27d1fb4d0a9bc8cfd308aa66c76d51c6790af51dabfa91cb4cad61c97e3ab0416974bd84f6d9c5bc5aa8cbe6b51580b6cb292,Y,1,0.9858478638792413,0.014152136120758718,primary_conservative_holdout_interpretation_sample
5988,70cd84c6b0b939e123ec329c97693943059c73208adda75a30ce5944eaf086208646b8a6887f7657e8360e07ab44f38fb740ffa60cd6eaab75954cb656df4e39,Y,1,0.9316123497131903,0.06838765028680971,primary_conservative_holdout_interpretation_sample
5997,3a3b54d5fdf552be8394dc163aba9d796f51d244fba22d57c3e2ed580c502a45b5a7b687c6ca4dda1d475e0677b42b916fcdedbe8a9c510fc14b1bb44f6983a6,N,0,0.9128011193861209,0.08719888061387915,primary_conservative_holdout_interpretation_sample
6002,6b9f5aba1665c040bb65a4fcbe26b8e66dcd804201d500a6244e24af23ff170703b81f46619f814a5bb9d86936dfd987a0fd484fa4da05be21ee3d9ce67f9258,N,0,0.2896601175856406,0.7103398824143594,primary_conservative_holdout_interpretation_sample
6006,d5d1acf7e9e951bdea1911ca5461bf3f75d5e84470ec3bcf87bf4b07a303e2ae4aa6a4bb06c68bdeb47e6a186a1e9cae6d8822982fc367fb93528f9e4181467a,Y,1,0.9652663992826904,0.034733600717309576,primary_conservative_holdout_interpretation_sample
6030,8cd3e04f212b149caad8b6e50772a3759ecdd4c91d4cfe52791955d1bd80dd641efae17422639ab6cbd8028153f27937e994146d939cf7f3a79873a1455e9c09,Y,1,0.9464031202593958,0.05359687974060423,primary_conservative_holdout_interpretation_sample
6046,a1e345401050262a102caf424ab4320c58d8564db0c896973c6fc9dc3ce7f445ffa9a919bce47dd0d8281bf3af631d61bb999c3b140dff7871f6d012e0da7c68,Y,1,0.9812640718404668,0.018735928159533177,primary_conservative_holdout_interpretation_sample
6050,92a3e05fb7084125425419385c11d97d5223bb48c9196ba5817fe338439837593858494dffa37644498e99e58953cb9ac069a915c4f0303bd083a7a65c0d69db,N,0,0.21702198902757738,0.7829780109724226,primary_conservative_holdout_interpretation_sample
6054,dca30a491b4e8c708b1c55a4b5b5a6f9d4026c63b1b021e1cf3ecfea1d6afb60e959ec844ff2646b0771f94c61ec397c95a3dd36bc3284730b0ada205d240f5f,Y,1,0.5525221710061677,0.44747782899383226,primary_conservative_holdout_interpretation_sample
6075,5c85b908d1a6c9cc46bd912c449a1a2c86dc3f88e4b7971c9d98b5e853e8541b94a5954f30dc5973c2849054bbbd7579a8f821e0f3f485feaf7e6f2996bddb7c,Y,1,0.8709447511846655,0.12905524881533448,primary_conservative_holdout_interpretation_sample
6088,6f159fbe53cee96b1b4e2ed918ba2bb4534d6d65e068f2ef1f75250c9edad9ff35ac92324aef6f0cbf8b6601f79b1111fdd1b92bb61685e738203d3995ae9fc9,Y,1,0.29246595459822805,0.707534045401772,primary_conservative_holdout_interpretation_sample
6113,ec1059d48adfb20bf8906d82e2fe45ef3b4c28b5b39eac89ec636f0b2c8552a00cbfa0cf17d2bf38b252a83e84736325f7b03037311579cb9f5957a6e13192c0,N,0,0.39832889139451444,0.6016711086054856,primary_conservative_holdout_interpretation_sample
6123,da5da73252fdf3bbae1f0fe4f20a025e818ce999f6fd634cd9afbb51c5063f182afa40b7229168e0c2beb891625cad994262c1a7c030b725c3b24ce4c8371d32,N,0,0.23574175301298458,0.7642582469870154,primary_conservative_holdout_interpretation_sample
6139,7e5f307ec456545664e1a54d3d4962945171622adf4a80291c8be76bb29b651966beb51e9d41227f09a84c2769e70e6fd3c4af7bc27a2a46f777fb2a130592e5,N,0,0.4379918862511052,0.5620081137488948,primary_conservative_holdout_interpretation_sample
6144,a68f8673a810521fefedfc77e05a48097e9fb0653c8ee23416c42964fb19ea9bb58935c69043151e4c75dc44b6ea8bd06867df5e196254025122af6f9777903c,N,0,0.30184977551769687,0.6981502244823031,primary_conservative_holdout_interpretation_sample
6154,a622799a44054508019c8e40b6308a41203f868eca41a49f209a08f0830dd2f75c197d2338171e6651b97bf2ed13729cf86c2ea98c753a77f5e079054c93c365,N,0,0.26566215480764405,0.7343378451923559,primary_conservative_holdout_interpretation_sample
6155,b8f13ba438e22ae8045d03b3c5d77aa0e3d235a7c03343ec2d352cb74fe8b033ac2e59a48f3efd64985d2965451fe85bdeb995d02538c22b92666cd38f3ea707,Y,1,0.7439779777306743,0.2560220222693257,primary_conservative_holdout_interpretation_sample
6161,ed480fafdc34c5656811f39b7442d7973dfd561f72139d706b17b4976f2c587907bdda14cbe03daa3b81cba6ddedcd9e826ed37c2bcd7462afbf8cd809fb13b6,Y,1,0.918006068466721,0.08199393153327905,primary_conservative_holdout_interpretation_sample
6163,407b0b8a42102a139b77487a79ebd5a2d30d18cc88c8504b73e685bbbc0b437ab5def18849c828b0a6b6533ef9ac5f619eda52e665991d9429d682de7c639aab,N,0,0.5181638951648918,0.4818361048351082,primary_conservative_holdout_interpretation_sample
6169,f34ff6ffc61e68ef037056836bea6975b7e1edefdc607c079354b39be94f03c2628c5d78015ec0616f13a142bfadb86cc2c5f1124ebdc8eb781076c0dee9fa4e,N,0,0.5594041203896551,0.44059587961034485,primary_conservative_holdout_interpretation_sample
6194,25316fa34cdbaccde916809b47850f96ee908f59eec5181b4cfd6831165f1dfcd05108cdf5a57e295f9412323180d7a455a5a3f2526c3f2a36ec0cf865f06b51,N,0,0.5706958063466766,0.4293041936533234,primary_conservative_holdout_interpretation_sample
6196,6c88204cc4cf750f68ddf8c9c0311428c534b23081f9ecd80619a73cdf12859fd170905c46a49829ce9dfed61b49edc9676ecf526c3020f92deefc7c56e94429,N,0,0.9094174114584642,0.09058258854153578,primary_conservative_holdout_interpretation_sample
6201,60b7ef5548d41e23365ad751721114c23b7f4bdf22a91e305a8652df28c39152102b6a87259f9a36db041d9aeb9b993abec8976e0c317bf4f3e9eba928ab8f38,Y,1,0.5791443360810812,0.4208556639189188,primary_conservative_holdout_interpretation_sample
6203,b1909675293dac735a01bb30009103903f30df31e7165c5ebf59d59e6576028d855b56eb9cb90ea9222686abaafdfd9b8abf031df5609a6534d5ff3d15077cf1,N,0,0.7183484269064176,0.28165157309358235,primary_conservative_holdout_interpretation_sample
6213,fa6f410a8b123d076e0cc8746075200cc184f6e72ea9c6a1e9dbd51c51fda7190b5505765b4525428863f943439c7a7e2946487ed9c5edfc786b5b529e6649fd,N,0,0.4515227902598386,0.5484772097401613,primary_conservative_holdout_interpretation_sample
6217,d524615ce169ffe367bc58c2953bd0b0f5a6104955f54dbb1ad1bdff5e765cab58173d60ac5221bfb18b6f1cc9ee9c7a896f121956deed73f9eb82d74ffe12ca,N,0,0.6599739220019748,0.3400260779980252,primary_conservative_holdout_interpretation_sample
6218,cd55d69786cba61dae9b4b1d60bb6e9d00fa69fca4ebfd5d49dcb6ac435221e7551c66e8610cb6a396852aae989b165837ef746041d0422b1b7613a495d04fde,Y,1,0.9627223780184625,0.0372776219815375,primary_conservative_holdout_interpretation_sample
6224,42a3fb05c34ae94f2a14207440621cabf9dc75e949b45f604608cc34ac50ea2a459b1019de375a0a8c86a6bdf434310caedcfae3b510357caf044f3fb1c86d52,N,0,0.6746798669072359,0.3253201330927641,primary_conservative_holdout_interpretation_sample
6227,8689afb0ce65845366dd378e4710fd7ff591e4850d6119b5da6e17edc90d101b7d6403568dad587c3953ce6978495568c2dc12b8afcc36ebbff5d29d8758061a,N,0,0.7904094114667095,0.2095905885332905,primary_conservative_holdout_interpretation_sample
6252,bc07ea949ff7bb8d380556bfe85e9f84c3c562eb540de6a7593c27a17c01e3972d238ea3c46d3d21ddb890b515ed94cb7274ea218d25453a0af7ccffb60a06f9,Y,1,0.9620366588945983,0.03796334110540167,primary_conservative_holdout_interpretation_sample
6261,ccf95b8332f1d0d7e7a62944c537865db61a1462473392e9c878c0a917aff1b73c667b4bd05dd3b83f5151103b1ed10406ec35061384d15a4ccab8b985d256aa,N,0,0.42440638901124034,0.5755936109887596,primary_conservative_holdout_interpretation_sample
6275,987799ebf4c4fab31bb43fe57c9a043bf084c69eed5a715eeec284e5b829e7fa5cec01503b98d0d5723b5129419e71ce6af8a7b04fc15677ecbe235f3a658773,N,0,0.4792173311404994,0.5207826688595005,primary_conservative_holdout_interpretation_sample
6288,5cd9003ae098eb3c151a2012c20c8596a912197943b723e711972094ec0b83ef31c69d863eea57443cec0d5b18e1ff326d13a5041e2a6d35e1cbf08980ec72e3,Y,1,0.3162608164922959,0.683739183507704,primary_conservative_holdout_interpretation_sample
6289,8017bd1e0e71becffbff362a53bd0c81418d571dcd13d8599153d78b382a4939269609ea443ec17d6ca581d236d33794518d58b8c8e0869fb4afd1534b6d2458,N,0,0.3030208669122615,0.6969791330877385,primary_conservative_holdout_interpretation_sample
6326,d1c4fc9749efc3b20da4176d2b495e5c0bf4d7697ddd11c357e5f7fc2d989f4b95520a006b1b066875f1aff0440a08847a19fa07dfd2e6fb744ac916ae91f263,Y,1,0.8788147628123144,0.12118523718768559,primary_conservative_holdout_interpretation_sample
6336,beb135da87cda7f37d496bf91672a4158a02086edcb22560d161ece7d746af4814f21dfe2f15d22f6a338899764baa33caa1fda05c804d6abcc3cbb10f7f737d,N,0,0.23458546402094285,0.7654145359790572,primary_conservative_holdout_interpretation_sample
6358,627324076fc0b5a148585b0e9a40927d504ebb873aee435e2c3c10b45a0bd8a1242934b578cc6bea6f2764559f246fbc296388c6b7fd73a2e2ed2ee2210d2d17,Y,1,0.6264115032356468,0.37358849676435324,primary_conservative_holdout_interpretation_sample
6362,e25764e8fd306855fca355c90a9c443a5d7c8fd7fdf9616270571ca86da46cc89b68bf2ff9a9f4a4955819441a08e7ed00d4e7f86be5e498b49c7784f613cdbe,Y,1,0.9386880435887377,0.0613119564112623,primary_conservative_holdout_interpretation_sample
6371,4b3a6b1c8da75b25b06d3675084a03b410ac2cfd9112c63a4410e64af3a515475a345475bf2ec0adf78ab5e84ea9a3709ff0482fc82a2acb925f934a0bb20d26,N,0,0.2636850828694244,0.7363149171305756,primary_conservative_holdout_interpretation_sample
6375,285c902a810669ff0e979944fc64aede2894bbc618083ebbba7900df55884a187c590a98a8cc5cfc7294f630ef8c61406e1a65344d3c1b84600df86b3bd1b716,N,0,0.7018431535373635,0.2981568464626365,primary_conservative_holdout_interpretation_sample
6381,2f732468efc886762018ecec39b1881d5e78074a0b63596e0561d9d698bf206954c4b5f7636d2d6b46d81b5a90da1e7d38cdb58833e83bafa6b2c22504976f83,N,0,0.22978804613772916,0.7702119538622708,primary_conservative_holdout_interpretation_sample
6394,f08ba1de7a1bad05a25b6379fbde38f94ee9653c18f05b19375faf3c9988ab31667cc67d8cdf3109a136505d89beb6c408fd9896405132c07cf4fd7a744bea77,N,0,0.18658957161096346,0.8134104283890365,primary_conservative_holdout_interpretation_sample
6397,a84d57eb9fc235cbd53a94be186c4867b725a6e23ee028e552e4ac37a27403d8ae5e9bc35c6d24b82992ca2606cd2e47ae3d831a287667b0ca18e786153e7b66,Y,1,0.9672330676161882,0.032766932383811787,primary_conservative_holdout_interpretation_sample
6440,16e17376b087c81ddb0a03847becbbedbc9ea90edad44482edf221373403641823315c65e85dce07d0025ed0f0063c421cb9a8326b76cfd8974215541cf1d797,Y,1,0.6119574562436081,0.3880425437563919,primary_conservative_holdout_interpretation_sample
6441,5c3c0d216a36aac6888dcfc26a761066dd4e3e038a5dbac2edede4c4d8bc697d772cea2690279d3b69c9d2d5385a093f7cdc0906caeb560a55ec5246899aa75b,N,0,0.7350212748450683,0.2649787251549317,primary_conservative_holdout_interpretation_sample
6443,b90de532ef153e450a3a0adc7f426d48cdbd70c0295036d3bddab75e0fe12e5151f60194be69721e4b899add946362cba342431e4f572d7376e463d98502426d,N,0,0.6364824496568011,0.3635175503431989,primary_conservative_holdout_interpretation_sample
6444,12570e90c38ca913d4a429addaa7008ccb1c93d152fec434d1a2876aca69179a292a77e70bb5aa1e2e2ca5c0ed25c26c1dcecad481e4dcef88db2542ff88354b,N,0,0.26094346291398046,0.7390565370860196,primary_conservative_holdout_interpretation_sample
6456,28c87e5fc6fc9bc2f731421defd1e227b2f2f780c70dd2e30373ef349e4da66c36a568c579b87fd85e99d70ca11c55caa74879e9d136b6c0cadb1bd33a1115a8,N,0,0.44933580643738125,0.5506641935626188,primary_conservative_holdout_interpretation_sample
6479,805901ee31a1afe9f005c2cfeb262324838350910f7898e10a91254e1afc7877fa08f59f72ddb30b648f3abf0e74c101ee60637de2ae1b145bef397fd93710b9,Y,1,0.8634474350713447,0.1365525649286553,primary_conservative_holdout_interpretation_sample
6480,0e55490cad14e0977a069f7c8cc419d7b37b05e2ced50a349c8895fad73635658329900822601e5da576a79053e446a7dc760451b450f875b9793c6b4e1da786,Y,1,0.927217668428182,0.07278233157181802,primary_conservative_holdout_interpretation_sample
6487,8f4070438e1bb72eb7433e52e4d6dd02fc755f5617323e2dae2bb3be84164601ce9ec9c8d6fa865e1aece973a9831aef4854f33fd6f339a07e804875f24155dd,Y,1,0.7931300213404705,0.2068699786595295,primary_conservative_holdout_interpretation_sample
6507,ed299808dd196615d072853736ac7a7dceca5e619f086df4da48b7bb23c8a28770602a5dacc84efa2b42157e7197f189b12c15d92130b3c78b28d0f7dbd9ab9b,N,0,0.6598569991880258,0.34014300081197424,primary_conservative_holdout_interpretation_sample
6513,8f8ceb71a562d73d3d8a7aa817bc41218c12f5329f6502c4d20ab724079c3f4738bfa8f5fd5fa1c015034e58130be57bd6d52d2f6f76d0823f1aea87b80cd537,Y,1,0.28531570867257483,0.7146842913274252,primary_conservative_holdout_interpretation_sample
6543,8a36a64b4e6e906d4989754f3e1c533a0a43421551a8e251235031c7ca5b823cbce247e86adff85ef37739a17e484672f25d5866b0716a0b937cb1e27cc0908f,N,0,0.5734428013764044,0.42655719862359565,primary_conservative_holdout_interpretation_sample
6550,fa90e25713e2fb32ccfe744ad7895eeaae52f996cd9b35cc5f223710abac98eba594fd5af50f05eb460a7971d95158accf0c22882a2808b590302011199f3137,Y,1,0.9373777837140281,0.06262221628597187,primary_conservative_holdout_interpretation_sample
6552,5cb9661715856650d17ea2266f5686fea81affe93b03f4c8ac3d48a99c73c08d5269718cd8bcd4e87068668888eee82dcf7780b51974b4e47ce45f20b9622419,N,0,0.5177676900666663,0.48223230993333366,primary_conservative_holdout_interpretation_sample
6563,350979b6e0d1d5ec3b3ce3afd661392bfe74c619c50a7da0fd9dba80d72333d99ee625a1d3e276c82ece133dc4c3a611645092267e86668498a4f911da1e758f,Y,1,0.9220453846526974,0.07795461534730264,primary_conservative_holdout_interpretation_sample
6568,78f9f86a3ff5812ce1ee1bbfa64a1b1bc16b5d5c195c66efd3e4ba1502310fa02b8a6067a1a5076b34d19143cd3dd4bbfa749b553328342f4c28b6690af4c486,Y,1,0.9046653600198856,0.09533463998011438,primary_conservative_holdout_interpretation_sample
6587,a54baa5bf75ea9c9afcd01d0cda066926b9c3aaedc81d8193acc9f34d23c39686d637e82b7e69187895b9230324d0d2e5c5146cbdfa31fa86d7b50bcef25a013,Y,1,0.7292440129960273,0.27075598700397274,primary_conservative_holdout_interpretation_sample
6615,84aa7cb67a0c14a7a65b3d9e8f2209626c3f49daa837799f0b04b2b76ae6e62a2e9843b7b5b3e43a7abeb974bdea18f58291f47c6157a417359897c1e47e172f,N,0,0.23477711481616237,0.7652228851838376,primary_conservative_holdout_interpretation_sample
6620,2c26113af04815469213bd518b0cb3f8ac7c439bc86ce32981f854b35de5871ef4f17ec2866b40eeeb5ed2db28061c2796939082092c7175d1ee1d63a2ed242f,Y,1,0.9426845278025413,0.057315472197458694,primary_conservative_holdout_interpretation_sample
6634,a1a436c0d8ad697a512c43343052b1659904bf9b409e007bdeb88f8b0fdc0125c5127a18b9438abab0ea98f63e4f15785c1f206d7db5163c63b34fdc54792ccc,N,0,0.8263976338621483,0.17360236613785174,primary_conservative_holdout_interpretation_sample
6642,8fcf423c1e14572b66cb44b56f6ff6aab2182465eef4f896dfa240fd0a68b1a6cf6e460d1f4b647fd74bde41cadfbc6b9df9ee1b9ff33622a352a3d1b5bdab17,Y,1,0.7848555594070785,0.21514444059292148,primary_conservative_holdout_interpretation_sample
6654,99b77ebcbce287fef80d5ca6a05f07ab0958391809176bb533dfaa64875ed416f7f4587a7b26bc7fa5f81e12c6c75fc2837246e03cd7418cc8fc4eaf968add73,Y,1,0.9778226439682054,0.022177356031794604,primary_conservative_holdout_interpretation_sample
6655,f684036c54961fd7a5647560690ed1f2d1e2b585233c997058e00d63e2a136065beb9e51fab474b382c6f1e24df24f4cdbc2aa62bbc26fa48f9def0d9b343772,N,0,0.7001719203958103,0.29982807960418967,primary_conservative_holdout_interpretation_sample
6675,a5039defb6f43af1cbb6854ca6174b87230f6ece266a4bf5cf35d14825800c3a99ac5e98610a93c1641a5a57c3761e9da54886326a59fc032b94e6e5295ce061,N,0,0.850423745469201,0.14957625453079904,primary_conservative_holdout_interpretation_sample
6688,fbd52e2fe1f4b0ae58adcb31e21916dee3b8f7db4675ad14444eb6cd0a39bd25f9e8629a80ffa6f78274a90e46b29ad39a563fae3974eb83c87a026906ad5605,N,0,0.3818500243668458,0.6181499756331542,primary_conservative_holdout_interpretation_sample
6694,6630673dab6c2eb02fac313a2a6ca4312ab8bfe9dce714b523e0738b3cfe304aee8704ca8162424ca4227e5f10a7c6aab65cf8f65af59a4a84e5849e2753a61f,Y,1,0.6917652498177039,0.30823475018229607,primary_conservative_holdout_interpretation_sample
6710,8f574e00ed7e0ff062f21a896b3c28b1342128c331eb2f91ac7d38168964b077aa405078b17ed7903dfcf705b9b171c5f4dc3bdc58d2092cdd88a955671b37ce,N,0,0.5456078468477585,0.45439215315224146,primary_conservative_holdout_interpretation_sample
6738,931de0c29000158e6e46b0554b44bc74ea8ae6d5ad2f04b750d7cdc505b679c5b1c0910225dc629fe0a5f40ab36e2b17edc2b7ca4c92fddc99b69ccf4ec03c02,Y,1,0.975494406833077,0.024505593166923023,primary_conservative_holdout_interpretation_sample
6749,4950907803ed806994f5fd091a4786d2b2282badf8bd96ee2f0da4b59969065fc0917018f755991f985b636245f0e5fb0817915a0e4ff1f717760d76bfb20abe,Y,1,0.9141001555227759,0.0858998444772241,primary_conservative_holdout_interpretation_sample
6764,2e7c538a7a8b93d1312553e88f1426ff53d1e43ccb6967b3515ea5c479287544cfe755f1d76b4c0b4c3b617cfe1036fc73bc6f151e76c89f8bdedef946a52dfc,Y,1,0.9695295469221047,0.03047045307789531,primary_conservative_holdout_interpretation_sample
6805,16005b28d9402fef9dba7f41f370166fd065be56fd19f483da951b7946c37b3a8b1edd28bcf466bbf11b3f4e7db389698e534cb333520e774559ca89fdbdf5a5,N,0,0.39976074564675607,0.600239254353244,primary_conservative_holdout_interpretation_sample
6812,a1a52dd8a04d4aa7c3a3906802e95c170c18a01915ca2840713dbc760a68c3ab409854d177ff26931ec03aab62ca0eab6e779ac9a56cf754a3ff984468f909f5,N,0,0.5417829908423121,0.4582170091576879,primary_conservative_holdout_interpretation_sample
6816,96c1d050a118ccc5a7b06cc44f9b025782c183125cb5555e0b715fa394b52d004f23be286ea9d7555d5a883d59cd484558b41f30b4f1a7a429fee2d81660dcad,Y,1,0.9616425967791573,0.03835740322084269,primary_conservative_holdout_interpretation_sample
6823,d61057a752e8107f5c069341eae8f5bcf100c7b41cb5d23d3bebb387d0b194e1820525ed2f9cfdffa266aed27d0925c9502e08c60b697b4bbfe779fe30662721,Y,1,0.9479256396441557,0.05207436035584434,primary_conservative_holdout_interpretation_sample
6855,75f9e50c2639088e93301361ea33fe6e32e8e6842823982c83fb1c318aebc42782e1b279d277be10b694ba6c68feb93ecf04f983ad0f4293cdfa8b8d093a564c,N,0,0.9329326983127386,0.06706730168726138,primary_conservative_holdout_interpretation_sample
6862,409976adb382d1dca97b8386660a5c861a0e21b81ead8801f793e863ee73116a5d6f051e5309a0646d3a6ef83ec8202ec0327656b286094e7964a6ebac964914,N,0,0.608853500496601,0.39114649950339897,primary_conservative_holdout_interpretation_sample
6889,c53d0eed3ce84e93a127a6ad5fa6c0314f6f6f6e4f9086ae615002ddfc3d23c810d1155fe6fc0c8fb73ebf06e25ac11bbffb308de19ef0c83350854c409eb236,N,0,0.2191751737628789,0.7808248262371211,primary_conservative_holdout_interpretation_sample
6897,b6e8ec41bd39bf8c1ac5c98fc833dd04a079850b7ac09700360474066c1ad46a4c9781b81986eb3ab6a17035b0636e1c0537e8816ec439037525a551198ade81,Y,1,0.7197024105032402,0.28029758949675976,primary_conservative_holdout_interpretation_sample
6898,7a973ce025f6a5ac311b958c87ad0b58787f8f14c20055a8dd7aba9abf9a55e56d6552279e9f255e59eba2d50bcdb476754ad38415bb39c8f3e2f0e750cdbb01,N,0,0.16477352598700976,0.8352264740129902,primary_conservative_holdout_interpretation_sample
6902,9046ce0961ef5f6b062637f719d773f00e164620d85188585f3ba291ab75a12500b20cf4ba7b33f35a0fb716bd3c06d95e330e0bd516a324f1dc53700c37066b,N,0,0.5910281110877965,0.4089718889122035,primary_conservative_holdout_interpretation_sample
6906,0ee85598c2b8c598353e0bb7e598c851322fd3adfe3addb5b7832394ef3174b32e09845b4b9f6ce9712bdcb63cf29cd2b3f3a4407162a23c6926ba1e451c9a35,N,0,0.2182076256848742,0.7817923743151258,primary_conservative_holdout_interpretation_sample
6924,a140f3a01ac7f524275fb8edf0fa92e10a72e3a4abf0c46696c61a9ee27f1c9b0797ff295daef7580cb5d3c038083643f2c85621c2fe5d4f7a538ba755d1d1e8,N,0,0.40834275219667576,0.5916572478033242,primary_conservative_holdout_interpretation_sample
6930,23bc0627b9977938b33494f6f2a1045b77adcef3deb63a1d8a33c7fd55338e470996a62fb8dd6e36b79e3cbf978b6396840a89e8358d81bfcbfc5edbe22ea427,Y,1,0.9546391490766263,0.04536085092337372,primary_conservative_holdout_interpretation_sample
6935,1a395b7a17fbbdbf205b7ce71f2985e0e9e986352342f74b3fbf65610176c5877e47f5af1210b7cef29a14d648f4b8cc5bcc75c8bd408795374cb58100a9838e,N,0,0.31725160904854666,0.6827483909514533,primary_conservative_holdout_interpretation_sample
6947,95bc88740e47a0318fc7f7b5e223db6655df1dabf4602dc2d99a325e98fa53cfc881520434c8cb4fa53ebe0ace41ce3878517ec2c76035057fb1f7d092c19a09,N,0,0.5462520538497908,0.4537479461502092,primary_conservative_holdout_interpretation_sample
6970,295a10d5298d0cd2818b6e3a4a5e0a4efdc0db907bc628a3207945a2cee8e3bfeea67cd4875119aeb4f371ec09bb4eab919908eac2216f77aaf0c673621949e9,Y,1,0.9382908029325969,0.06170919706740308,primary_conservative_holdout_interpretation_sample
6978,be05be54e94f4bf66b0a6392c26e87473b681e86469a235d98f2bf151bf74a0b36e5e7006373b679eb762a0f1b07a2fe3d520d7ec7d46380459d7486445972af,Y,1,0.9788522431739961,0.021147756826003894,primary_conservative_holdout_interpretation_sample
6980,e0d8802053a9f052f3a943e70b7e575c0356ba2b191b01eba857653c0a915e5a758d5df7937f98288fe3898fe321823cb16a5b7c2214b05881013bae771502ad,Y,1,0.4195074238228147,0.5804925761771853,primary_conservative_holdout_interpretation_sample
6993,0b69ffa373c6ad5689da895df012a9e033234c91945229e529f7b7f1082e2f92857d4d520c987880a26ac38ea559bd0c8514bd72489e8f2a14e956878ae735fa,N,0,0.18199402292494465,0.8180059770750554,primary_conservative_holdout_interpretation_sample
7001,2fff07fcf73a0cf28481add2b11e8a1afd780bea340132e85dd32fa1e9fc8d967dd99f57b87b59cb7ce23fc45b754500d69969dd387cf2f65bbcedb811a49901,N,0,0.17627386269508022,0.8237261373049198,primary_conservative_holdout_interpretation_sample
7018,83f80bc627d7cb37204de4098d54688238f52531062e8a8b5cc594f3c567a3422549b16c3c5b8c3efb991881bdbb7b9018bbd0f0e598f06bb24e36c0db881b18,Y,1,0.26547274353893907,0.734527256461061,primary_conservative_holdout_interpretation_sample
7022,7a6ef8af6b987dee81c796f5a7c31691bc5ce6623cf003d4449213f879399caec9d71cbf15321f2006808a86f703154156c67a97d65ad65b35a7de41777380e5,Y,1,0.9751920666341317,0.024807933365868284,primary_conservative_holdout_interpretation_sample
7026,59b16e14be717933218d6ce2eea001b36d310521d130db3cefffbf111064d4f91b34e0682c530d79e491705d128e34b1c6a6cc4f487f1713ba9e20669ae43014,N,0,0.4078019642934873,0.5921980357065126,primary_conservative_holdout_interpretation_sample
7028,b44b8ec0c82c1b5df6c61bbdd50e086f3e73c05a9f8e45cd156ab44e6e3082d4f74b4ccac2a652371392f82facc00f17436750a553f70e2351f293e297d8c123,N,0,0.47281526424074694,0.5271847357592531,primary_conservative_holdout_interpretation_sample
7031,2519376d4591dc1199306205b48c8207f3bf0da03a2ef01cd91c9df9e686421d4ce8368047726281156ee2b9db09577ef0b4122021a8aa3470e19724456bdfe0,N,0,0.6098422151483344,0.39015778485166563,primary_conservative_holdout_interpretation_sample
7075,d6446c63e126e145ec14f1b34cd55373fa278a1be4158487105564ab2650061775a3ee4312e342605f0984c171dcfc1d2b13adb10f52440c62d2ff5cb30970f0,Y,1,0.5456530793564073,0.4543469206435927,primary_conservative_holdout_interpretation_sample
7088,8cba184c0f81ebafa53cac4d94900e4b83f16e431dc47b566f51d0fb1629ac0d1c7e2ab1e4a90ea231e28e755d2932e8fba9753a57c96ad55f960c2a1d1ee96f,N,0,0.36731064816457976,0.6326893518354202,primary_conservative_holdout_interpretation_sample
7099,d0396af04e5f0201e22bb449df1630ef4cfc31de746d6e0e89cbab737064f02d8e8b4d2bffdfa7a6fea39ca0f8563b39a1000365160b3112a8db5c84dba8357a,N,0,0.6988155931699201,0.30118440683007985,primary_conservative_holdout_interpretation_sample
7103,7a769a7fc183f0b4a2f076a06438661d8ad3cf0faeb31c187d38209f30fc652318c0042408fbe540ff67d605e6de17183d09ca53137cb0cde51397e2ebc22358,N,0,0.268626893555984,0.731373106444016,primary_conservative_holdout_interpretation_sample
7116,8b2a2a9d53db55751e2aea179def2052562065fdff263464b1bb21db54031da49943a8751dea8d27c8bef03ef30200b83c5d4cce3d017f2a9dbd77508a4cb352,N,0,0.4950086689706404,0.5049913310293597,primary_conservative_holdout_interpretation_sample
7117,51267041b1dfcf7e4769a4223837747fea340815801eb6dc4c3f241c177aa4de7b2236e62e400feae439736b19fc08f1b06cdce2117329ebfa755915fe6f5d46,N,0,0.46677266077130314,0.5332273392286968,primary_conservative_holdout_interpretation_sample
7122,a051c3d4a37d9c376e221010b012f05bd2593546f8ff116aec0df7cf41cf803b078a1d32a82fc1ff500d3be8be4c3e8cbf09960317448560d28c1ab34d6779c5,Y,1,0.9334722836101319,0.0665277163898681,primary_conservative_holdout_interpretation_sample
7128,b0903fd772714b6bda2d08f3d1061070cc6ce6d404893114e7489911d7a0818491d447698bf6bbb886e3379e02c734de912243324ba175a4c839c9dd954b0a5e,N,0,0.16675155302684824,0.8332484469731518,primary_conservative_holdout_interpretation_sample
7130,f32c224c896187ec8070f8325177d8ae397ee42898e94fb6c4e6c4e94dba3bc79d4fa86eec11c1d614781ba511a1c16a36ed3c411de042e8d7d06b5bd4a8b1db,Y,1,0.9859946669464927,0.014005333053507263,primary_conservative_holdout_interpretation_sample
7154,b6d33296dde59b7aa7647613f8dee48877456e2da552685849f4196993b2b70a4046ca8e26fe059ebba6ef4dd76d0256eea0a4cca265c26405b276a71c627c46,N,0,0.42687874214807797,0.573121257851922,primary_conservative_holdout_interpretation_sample
7156,7a34821e494778c726c05fe69edbdbbb5399cfc56a359b73477ecb63d1e28d1f310db315a3c3372a8f48234b42cd97528f510791593ccc736b7b3b1e0d82ca75,Y,1,0.5651322027419271,0.4348677972580729,primary_conservative_holdout_interpretation_sample
7163,b02734a6381ed12ecfe2fd88b5eaee745f09f5250b6d584f50c39bbedca35fe9dda22f59393e59bf587b3b04ac888da88fa124b09cca5cc229f0a5006e57d00a,Y,1,0.7217236544580635,0.2782763455419365,primary_conservative_holdout_interpretation_sample
7174,c82aabf1c03b604ef622d218640ec67d3f0921dd0f4e8fd4fa62dea8f504b03db5d24717dd2d6b7f54e4e44664f86cf32fa4ed1bd21fd52a654f0bd26375f7ed,Y,1,0.9527292116403648,0.04727078835963516,primary_conservative_holdout_interpretation_sample
7192,cc1d0d34a75be60403cc85b72e0e21af5d4df7ea4db2167f4979fbb40964220aeae768fe574e90b8412e331caf6396b5b64e6cc3ec707657205da4d154c4fbb4,N,0,0.802715221965088,0.19728477803491196,primary_conservative_holdout_interpretation_sample
7199,c70a0f299dc8161dc194c864b88a459fd46c032a8d346010ba6500536c381cc6143f14bb43c69a83f0287e56455552220ab149f7449067b495695c50badde924,Y,1,0.7212830409927583,0.2787169590072417,primary_conservative_holdout_interpretation_sample
7200,aa0daad5103f21a98fcf1b3ab2d86d299883f5697706dd97cce4235c33cdda1d8b6a5ff8eac90f845f627195eff8e89b877a19f05e3c003843eac72efb454e35,N,0,0.33862258127766076,0.6613774187223392,primary_conservative_holdout_interpretation_sample
7208,82da8999c44784cd27b74cce4a53049de798675a250eed36e80760e7f79a45b8faf440e7dd3cd7e2f145e5be209cfe0f09bd336f6019e18745e679a24f062d9d,N,0,0.2658466083158796,0.7341533916841204,primary_conservative_holdout_interpretation_sample
7219,1c1c69903440636f7f7c4c47a5be05a98e69eb00704e4dd4f0dd53342f9d39d85280e07dde411618f65bce17a1f6d57fd4c9b396608ca0c23312ce2ab38dff30,N,0,0.4431902293955451,0.5568097706044549,primary_conservative_holdout_interpretation_sample
7230,867463abbd933c2c5c74a975c359ece764f01da1d86f0475fe314ebb94cc9039ffba4c0251cc66be4a7972d4cc3ea5a2fe3a95408c638dc5a47d0e669c0ad854,Y,1,0.49780147477497405,0.502198525225026,primary_conservative_holdout_interpretation_sample
7243,8ffc199c0627a0ab2aafa08599e5830bda29d7a3e8f3ab4a75a5c790a36fc6526bb47a442291af623d1c2bc069a748bed502f6509f15984c18186e5ba38c4304,N,0,0.6843062364009119,0.3156937635990881,primary_conservative_holdout_interpretation_sample
7247,af5f26ab14c5b40f69040db8bbd029e05516203d22cda6ea2588f796f285f9d95a62a8c3710cc1f043b9bacc38c44072c8949003de59d76b1b758864025b4703,N,0,0.5651322027419271,0.4348677972580729,primary_conservative_holdout_interpretation_sample
7263,f724946c99ca419c939cdce534da031d606882372d3df550bea01429a6ad8a4f5c7347f3c8a876bd36a74648ca2cb37c9e25e82a06d6ac71900f9014b397fa47,Y,1,0.7693639750600607,0.2306360249399393,primary_conservative_holdout_interpretation_sample
7269,4a57f01a2ce6c59e7eb2c6c69a084d517a60ed197cc437e490e1b8dfa523854ed317a24e993fbb39338c9c7928c5c80e069bbb2ff05970a65571bf08b192b65f,Y,1,0.6197214472598216,0.3802785527401784,primary_conservative_holdout_interpretation_sample
7286,40d6203026e0bb6a0515924a92cee54eb50ca3e8b041c7da9fe91c2acdcfe9015013fc870e915e0c7895ae3ed9059f3033920a27e5d2cb7ab821559e8dd70cd6,Y,1,0.9648152583506022,0.03518474164939778,primary_conservative_holdout_interpretation_sample
7302,94d658911fd1d6dc50f7c62635b83a1dee8124beccafa383cba2fcd5d778db9bf475e192930b9bf35a7fa5d1bdc9b495de51cde697d4c110097b04ecbbd2f33e,Y,1,0.9147224313566522,0.08527756864334779,primary_conservative_holdout_interpretation_sample
7311,8f55f4b2b1f09bedda4a6414107f6a2e21541511282cd158a4f7796dff1f4786f46b65200662a518e2db99e31f5792a3bd728136c9a305c43382b2d4d44d867e,N,0,0.5982823687917322,0.40171763120826776,primary_conservative_holdout_interpretation_sample
7324,f5927613fa3830c12472901b667db9524714fc16cae9c58a623b81696f4aced0337c9a66f04c537720a1e31b60a461dc8ebb71fef3570bae0f5ff82ba08d7c47,N,0,0.3573869192737916,0.6426130807262084,primary_conservative_holdout_interpretation_sample
7333,a7b5554f30d5ccc5b752c7a56b29c96507ac1f7c59dc022b73f633db01b69b3a4def55143020001a369b5df2783b1669b14cb1e2ba4f179a8fabb1ad06482acf,N,0,0.7429111769499495,0.25708882305005054,primary_conservative_holdout_interpretation_sample
7352,6acbfb8cee254cf133c15949e98e9529e004510eb0f276ca43e60bdf3e06b75ab99f2323b810938de4df1a6be7959adbdb7b4eccce60cd96826362aa2ee8e2d5,Y,1,0.9717682984186727,0.028231701581327262,primary_conservative_holdout_interpretation_sample
7365,c238df5d9d253efcd79d43a5fe0a736335d590fce8eadb856b8f2ba07fc344ea1c102652b2684c4ef8ec76daf58324030e72dfc2f25136ce5816c6e88f87cf3e,N,0,0.1538033259669037,0.8461966740330963,primary_conservative_holdout_interpretation_sample
7379,d1b300c90d03df62cf73bcd276ce4748fba77e0472c3aba7a7f15881dfe1aafff03e5ff0c0ff067fab768ba4c4c3a33561e417979bec5d9cdd83d2f6f7e2f19e,Y,1,0.9834032694257118,0.016596730574288232,primary_conservative_holdout_interpretation_sample
7393,746e5f0360260242fe03db8b35ab70da8d883b09dbe1c5c6cf33ddf40515af5949ec5102eac9fa55d7de434b674416ac169941601c147a995ef27c84585fbaaa,N,0,0.193105269964986,0.806894730035014,primary_conservative_holdout_interpretation_sample
7396,c84563c9344a7dffbfb17300a76b15605d14dac78f21c46de324e4e1546b4c5d51d8deabf1a4f0967c30cedc6cc4907dcbea1dfbaac238294d399aedeffdbb4e,Y,1,0.9813650901284952,0.018634909871504846,primary_conservative_holdout_interpretation_sample
7418,cf322035e48563942702814bcebb2cf516abb991c0d2b170220b05ccfbce648406780fbcd9ce33b6c22851f6b609b9a3dd2e0e008c11db8682e42bf496e604b6,Y,1,0.5818119027743935,0.41818809722560646,primary_conservative_holdout_interpretation_sample
7420,95b18be43cf314d84f88d3b9aee091d761607a9edd1807bf3c35e9b2657dc5f30d5ccc4466e2c270ae8cba0dcf7c5c172617499d4d6db3291ababc1fa695cb7b,Y,1,0.9815997086797555,0.018400291320244455,primary_conservative_holdout_interpretation_sample
7432,0391f1ef36d753a9353fa2ebb4d73091af5b3c04803aec62a82d0b8c6e63a10436b5f1e947ba3b82f4423cbe7d234ef43996588be821a6affbc5edb7dabd9611,N,0,0.8845485388205131,0.1154514611794869,primary_conservative_holdout_interpretation_sample
7439,8c5987aa42f1af75816ea938edab321b98f4093a5181579a9d59f53b2ab2c6c061b26901f98d5771ba8de184c7d9fc47ff2134ea2e3c6f831959590e14a1fbbb,Y,1,0.945942573098484,0.05405742690151605,primary_conservative_holdout_interpretation_sample
7464,53a3ac8cee1b51a7686ed47bc27c4733f248a455f5fa17499e69837c08543bd381af21e972fbca0b3ce6aeb28539d6c02ccfc3792f343151bc92825a590909b9,N,0,0.9194410375097777,0.08055896249022232,primary_conservative_holdout_interpretation_sample
7465,d749a9f509f2f6a209ce96f91966f4339c8243e67d15c57e18ce2c90ec3c692169cf9eb3085d5cf7de171a0257f59ac1e13c018008dd7843e001e02a05172def,Y,1,0.8771821199194273,0.1228178800805727,primary_conservative_holdout_interpretation_sample
7479,83cc8e21f1aff0f4d8dd32561e8a4ccc5507b15376f40b7384c4a37ab7fde3ca4489576afeb700dfb65549e1fe2d3c172ad34ad5ca966f82c9cd6e6f500d7a99,Y,1,0.7319457150026951,0.2680542849973049,primary_conservative_holdout_interpretation_sample
7490,9fc2d43a2f519759bde6af3613cc6a9b1b21df433c897b1f59985ed31cde6fd70129a9593415916e65dc9e7ba11997a0f3965b7228b38191945647a937a37e5d,Y,1,0.20562717116271867,0.7943728288372813,primary_conservative_holdout_interpretation_sample
7491,b1b0b45686e384448279bf5c7a8d433822f97d81fdefe9ab52c8443858c75716c080c1268a9919754bbe508ab8b4b793b4d93734f58b404c209122abd517398c,N,0,0.25732578780391285,0.7426742121960872,primary_conservative_holdout_interpretation_sample
7492,39a06ebac2b8fb966b498f4b9c97a983ad6b952d1c5774651c34d227ceb97273a7c03f0cbc3ecaaa5960b4ed1cffd3dfb850cbf34dcacde53df967e309c08d52,Y,1,0.9642309165242807,0.03576908347571928,primary_conservative_holdout_interpretation_sample
7494,a68b45afc9b8a9bcb6ca156a73a92d58307f3f15f03f06dc9adcb1901747d8dd9f49aebfcf4a2b5a0682653e35a9847765cd0c91a363bdba0142bc17f36eaa02,N,0,0.3019284599309956,0.6980715400690044,primary_conservative_holdout_interpretation_sample
7504,1497942c61c2dedd3d790b5c9612a992b6af7bd6ca63f7f6f2291dd8a52aeef821789e7f247303509668f1224b7099c25442388d465f0b8af607fd1386635acc,Y,1,0.7070491151511741,0.2929508848488259,primary_conservative_holdout_interpretation_sample
7510,ca65061f47dc311109ac0eda7e040375adf3e990c32ff835e430e0374fd9665a14f1f6f08604ce7e00bcd601b7319a2dcdc44508c4f330052c06fa44af65dffc,Y,1,0.3218374088943616,0.6781625911056384,primary_conservative_holdout_interpretation_sample
7515,4d98671458e649906e1b44548dccc66f36b0e4bfd34f693fbf2d9da0eded4e9bd1775a765e393ccbdc28b7ce3e161a7a75073da802a05bc7031eaab32271670e,N,0,0.6896784299530869,0.3103215700469131,primary_conservative_holdout_interpretation_sample
7534,791d438f9b8cf22931db3cbd8210cc838e79b4f37b2c9ad35605e6ce1966183d0bb1117192415e2929f986fd7474169ec9fc999c7cc3e4f19f632bb45d2b210d,Y,1,0.38539038688171734,0.6146096131182827,primary_conservative_holdout_interpretation_sample
7538,81ac0bebbdbed7a91304de56627c2bf929fe136de55ad13ad9ad9fce13401d97640c187262011fec715925445bade66e30a229a4605d7c209f1aad9738f6cbbe,Y,1,0.9260118974993566,0.07398810250064336,primary_conservative_holdout_interpretation_sample
7556,dc862f485e2a5f714f564b6eb90f3f487c74bcaea461bded6bea7b7bd5fa6f61d343fa9a67dc8cd3a710bd86135b686914143be2979783a50a5ea247bc2cffb2,Y,1,0.49295766133055796,0.507042338669442,primary_conservative_holdout_interpretation_sample
7560,04b9e6c1763030f3a2991c5c2b8275fc0c8247f004a37b4bd793408540e7e7a65a3f5c90d2a991e28b4928bd2adf529684b03e5256f6cf0dfa5d3e5e14a00353,Y,1,0.2600296669504473,0.7399703330495526,primary_conservative_holdout_interpretation_sample
7569,6d0967ba0de8743108a061186354589334fec0ef0521f1507209c8240649dc1dc8683cb44a4d4f636a0cd31fdfa7aa6363206e56cb4e1674e5881ac3f575062e,N,0,0.3686249145686832,0.6313750854313168,primary_conservative_holdout_interpretation_sample
7573,81c85f9f7f3606026052261f383669d1313c7beea07c008f56c01f2e2a32db805839d4e39423c66ddd418d1d70251017520dec9c000e6f6a5fe5bc9869411ce6,N,0,0.30184800502232306,0.6981519949776769,primary_conservative_holdout_interpretation_sample
7591,37b3f552905456193bd4f5084789deb6f4b8d6418c210588debc7cd7cea062988284599a95b7208ff499efb2a26ad1e0e5dc1c05dafa7a796222dcb89ede0982,Y,1,0.9797050111431285,0.020294988856871532,primary_conservative_holdout_interpretation_sample
7612,b4610a35e1d197b4fc39e37123014c16a5a68dc5f5d0d1f00086f53b62bf6e31963d248f5dfd77ad4905b8db9d7b8a49c67a280332302383a803332687d45076,N,0,0.5920369025927408,0.4079630974072592,primary_conservative_holdout_interpretation_sample
7633,2aa06a5589a910f6b177ddff565fed340b7e3923c96e52bf204c4379c275a775baff0886c51b2f36a28d0b369cff226db441921d1d32d86c6a61f2c737263afe,Y,1,0.9656466462255326,0.034353353774467354,primary_conservative_holdout_interpretation_sample
7637,a3ef273f105dfa77d3c4414d39328d1cfb5c373ba32fdd4f435db7737374971a728ea55fce020d7c23f57925de77bc180d1959fc9237c3616e720875647b9cd0,N,0,0.328406162025644,0.671593837974356,primary_conservative_holdout_interpretation_sample
7646,58463ebd896595b4cd67a0c36ba7e1fcf0daf6d2ee5c008e5450fb160b0132065c8f904242af3036e9edb47476fa302ee87bb379b967bcb8eb113931d23efa6a,N,0,0.5581107913212473,0.4418892086787527,primary_conservative_holdout_interpretation_sample
7662,2ea4c64b6c458f3796db4db9f6e93f07d0cfb94494a10ddd54151c976b75c48e221dfccfb522ec1a123dc002ece773d44c8a34daad66855ae5df20b0890b4d1b,N,0,0.6517172536103025,0.3482827463896975,primary_conservative_holdout_interpretation_sample
7671,196db91bcbab89fde258d0108d5d5a0ae692e735870467ae2adb99ce4771a574028e074326589665cf925c0ba3911563927e9a2d3b96c953f4cf912a11677cfc,N,0,0.16349175254153508,0.8365082474584649,primary_conservative_holdout_interpretation_sample
7674,03166e43208e16d5e8e26ab875ba481d94598f101d25b83ce9862c800f597e7a6b268b77bbcfee1ceac75bcec52ab65b192ff14370c09a5833082e1a579518ab,Y,1,0.3106102411928498,0.6893897588071503,primary_conservative_holdout_interpretation_sample
7678,6e061bb948363405f84b27bd9927e225912864ec30e9d2ed48b2700939d7f19bd95036a144dc682e9a3df1da73101391681ae4bc34cb3a96c2993bc2be6e46cd,N,0,0.6974277627276196,0.30257223727238036,primary_conservative_holdout_interpretation_sample
7683,85cc5b983f66319eb150a1dd526b472288614f032b9a32e4a64dca8aab8bca050e3e8edb7a9b845b0232db174a11ca37877d309aea0ec0cc4779be9cd4547a21,Y,1,0.9588983426933438,0.04110165730665616,primary_conservative_holdout_interpretation_sample
7709,5317e6eed5807e6f2aa938292f6a3dcd9710a121679efe73f43d406d9d8ecf489142729ccb882c790ce685e7b2d1e212b3f5b083b04a1b38ac32a0aabebf891e,Y,1,0.9893825534282153,0.01061744657178465,primary_conservative_holdout_interpretation_sample
7728,cdc89acd6e93bc22b6f05cc5b360cc63207eeb64d09aa195de17a53dbb62cb6da62e5c4cb2f0b930e462dbecbad70df809faf8aeaf4fa0974d411696031c4764,N,0,0.7282407154620013,0.2717592845379987,primary_conservative_holdout_interpretation_sample
7732,3941b7d19315dede188feea858b97993caa4e0ce23e1cabc64c220658f41d09dce0ee07ae55419a1d5b4b11cdf1968205b9aa3068eb43a2e3eeeece1255e6541,Y,1,0.6235934769153072,0.3764065230846928,primary_conservative_holdout_interpretation_sample
7742,0fbf4cdeab2d18f725c217346686c51d9d50df371bc576f4e66b65d8353cf5e09989e9db0ce238ecc1df0f124b7fb7e91118a872d46ed7ace17ab7ad31cf1bf7,Y,1,0.9883003692994078,0.011699630700592212,primary_conservative_holdout_interpretation_sample
7748,0c77682c10c0a67114a96acd7b8140ef9c0c9cf66ad91664c6896b99a25cebac3e112c37a7f8464fd3b90ca9b25fd82d80dadc607dea53dd20e801a8477d290a,Y,1,0.9431921534994758,0.05680784650052417,primary_conservative_holdout_interpretation_sample
7758,b046f5e83d673a1f00991e2cab4a6a34109221d7899e49bae991cc68cecae5f2b2025afa95f2cd052c1f0723c14699970db12d2f72767dddec1da381db91ae21,N,0,0.17946139628642546,0.8205386037135746,primary_conservative_holdout_interpretation_sample
7765,5c3eafdd1fceda7339c412e5c3065be1064e1fb8b79dbdc3f0ed3a6006599fcb74599aebc8ab83966b4eecb1f9742ae6d56c214472a04a6564bac7924c162656,Y,1,0.5680512524140411,0.4319487475859589,primary_conservative_holdout_interpretation_sample
7768,b9c0f30605b0acc0002d7ce8b0447df4cd0c2db5830bcf37e46319762a4df7ab00157987000164515780351380725f99cbae09d4ecd6ec35e6796eaafd0fcc1e,N,0,0.6760619900152045,0.3239380099847955,primary_conservative_holdout_interpretation_sample
7773,4eb372778745a2fb26d08b17154d2563cb2cd962aba350d3a022894611a8c28d7de1d89d8e5a7011f398bf4ff62b226adcf82953a887aa23c9339df74adca177,Y,1,0.9400195768030578,0.05998042319694219,primary_conservative_holdout_interpretation_sample
7795,8d148876093b313be688b7cba66cad734357f76c9ae4d08bdb1d650a051d911bb68b4d7d7b014f2d76be657da8473ebccca10bd39b369e238947f28a193f469c,Y,1,0.6661555534864194,0.3338444465135806,primary_conservative_holdout_interpretation_sample
7807,5f4e7526f0fb3e831d36347d71a9764aa4b22a2ca9c8cfac4c334674614b7cf458c7f7df3ed265e5fe30194eada440949819e7edc281b4e5107feaf7f4959b1c,Y,1,0.9891733709587153,0.01082662904128473,primary_conservative_holdout_interpretation_sample
7809,c0b5361830ac5de7f13727818c88f14f0204b475d6361adb4a98a20a998bae8a804153cf8cb9946fa459c2db78b74842d97b647c2f8bcbf68aa1c5da8fc02826,N,0,0.5330674457420307,0.4669325542579693,primary_conservative_holdout_interpretation_sample
7819,f6167801253affe3c55d782023a8c25305ded5f4e1d4425ad633108e5c15458498d4381f03c959730b1442c6925bdc36033c1f897cec94655a7ddaacd46e3955,Y,1,0.71272854421742,0.28727145578257995,primary_conservative_holdout_interpretation_sample
7821,c125991fbe3d99c0249207d9be8cee20b2eb8d816ad6d1f509b7ea3592acddaf7f06368d14c7538b9591efa2d45d164dc80482a30332eba610db2523965cfcb0,N,0,0.7501542787292426,0.24984572127075744,primary_conservative_holdout_interpretation_sample
7853,f083c02a9dca8a296dafe124902f5101d0db548afae01f25c2abbecaf61af5de6643e4ea11e9d27ecd56095d759714acf4a52d58de13606b6c78f26a2a0ac166,Y,1,0.7648665358193857,0.23513346418061432,primary_conservative_holdout_interpretation_sample
7870,aa132a8ebd3c96e5d8cff0f977d3288a348680d7624fec9a9863f8dddd6d34ee5516516023e75969436f3725c00b1c166c68def5c7cab49d887b09cfe55b41f8,N,0,0.2781130871220425,0.7218869128779575,primary_conservative_holdout_interpretation_sample
7893,5a0b01af54daa684b8078ba9a2efb63328b74501da6cc3edac6b738d75efea9a370fd414f104a5739656f3c6e02f9941d9f7c4f6036883ceb49e86a01bb2151b,Y,1,0.9288881590462544,0.07111184095374556,primary_conservative_holdout_interpretation_sample
7911,a732de8071cedf0b75792abd96fbd18981ed778ae61564b29e6060ec7b57099113f35aeafb9a820fa2862bdbe70892515c3309feb8e27443c321b295534acf55,N,0,0.5391297114731006,0.4608702885268994,primary_conservative_holdout_interpretation_sample
7925,a9361ca7fea1a8d8a037dbfe9cdc8984eb6598749fa00395e4f370ba0b7cae2cde87b6ed35a7bc71086093eb3d05149518290cb90cb4d4a3d018c73ffbcf5381,Y,1,0.8173336034875626,0.18266639651243743,primary_conservative_holdout_interpretation_sample
7932,e44107453964b02c979e303670f96d195f17e7d9483b470609a65c824308bec49dcf41dd4960be716621342a3d0aae4880266a7f8dd5a5df3058aa4e87caa963,Y,1,0.9731183769066,0.02688162309340003,primary_conservative_holdout_interpretation_sample
7933,1041bede9a9e50f9110994194406e2c8b395f57230abe68923e89cc577e6852df585e46fa9e5dd548a0985c095ab1eb82eeacb93d85105c94555e3d184c6bfe6,Y,1,0.9469157753063296,0.05308422469367036,primary_conservative_holdout_interpretation_sample
7936,1aa6eb86731e946398b34edebcc5d847f2c2433c073d02da2b85fd223d41b63d8e7cbc0f9d4c645cb40c54974b979eb9ae3c488487e8d7cc18ad9410c99e453c,Y,1,0.7560971520798336,0.24390284792016637,primary_conservative_holdout_interpretation_sample
7956,7e184b42ba71ee7c0e8ca45249bc23c8fe215200d0f88648a160b7861c1e2000ea5b0872ef335c7acab0c0d6fce47d9d552acec88f548e4875c5768d6b3b7913,N,0,0.5202876773062669,0.4797123226937331,primary_conservative_holdout_interpretation_sample
7958,52eaf8aca8f7ed972f9f2d26470455278d5c9a2943156dada51e1fb8fef0ce62cdc618808a370454943c4f386cb0d6d756048e80ec7cb77f70b3b1e9c7343730,Y,1,0.8358146351540264,0.16418536484597357,primary_conservative_holdout_interpretation_sample
8024,9faf51c1d0736cf93a8d67d378b4043476261f28ab57cb5bd1dcfa8ceee9a5981d67c0e5c637a42b48de8877b8768d19bb7fe1452cbc5c4b749eabf33e9b9d9f,Y,1,0.9116422313391724,0.08835776866082756,primary_conservative_holdout_interpretation_sample
8041,6cbb1bd216cb50a4d899ba83fd7a8cc7016598a2876f02629b0ca118e08c37dc56b0af13ab5ab4d55ea67352032ab62e5c29ccf0c856746b6fa2abe0a9d3cee1,N,0,0.5295177355912278,0.47048226440877217,primary_conservative_holdout_interpretation_sample
8068,172f9b8130cc85f62958676d8f0f859e09805d26e0779c9e97b7bf13f1af6f936a853633557433a8ca7fa48b330d4a382dabc8797808c175bce405d43e3d4c6d,N,0,0.3565381310765402,0.6434618689234598,primary_conservative_holdout_interpretation_sample
8094,125c931677f10785c69451ae7bf1c328a2f317caed4694f62ee79095d849f649edab3fbf0bd3bea7c2568799b29e12a9a0aa7da7075b2289ee3516c1f9b168ca,N,0,0.4754337007954463,0.5245662992045537,primary_conservative_holdout_interpretation_sample
8111,dd959a68c0028fac8174c474bbb94213ac16f6042f8c9c42c1455f68cb3dde3534a2d871943fda312960287be6ee1221b0f2b33b1d6fb1953d86d42369cb36ca,N,0,0.785598652390011,0.21440134760998897,primary_conservative_holdout_interpretation_sample
8117,fc4742a0c30041b9e52ce5e1c0570550ca5d2cb830ee324026b4ea5ef3ec4f69d2d24d4095babef86c439969715fef031eadb0c7b3a2e0caa2a5ef045fd22f80,N,0,0.4700207240627003,0.5299792759372997,primary_conservative_holdout_interpretation_sample
8123,cb4e02bfefd49f94bbf490c8bc459a31776f138adcd3ea5a3c5f703ac71d1892598deb8194288ffd63a005f5261b9155f2cf13a9530096f72836990ae85a7b00,N,0,0.334947154836325,0.665052845163675,primary_conservative_holdout_interpretation_sample
8130,6ddaaa47fdef682ba56f5edf5b508daadcc4f53203cf336a09bc0e4268398ef2912c9b59192a1217b47e2e4e81324668963976e7a517481d17fcc54a35ed2430,Y,1,0.8887503872780372,0.11124961272196277,primary_conservative_holdout_interpretation_sample
8137,5a2c533e71e6ad577dc3a843fb8b4fb2b84c3ae16121d9ad8f5c9c0757e0775744d62c15f7a43b971527e1ca0faef01e034859fa7dae9b21b848ad9e23737519,Y,1,0.2054212496169628,0.7945787503830373,primary_conservative_holdout_interpretation_sample
8148,30d5b477d13b3eacbbf0b12daec925759cc0eb2917c71ed2cfe4c5991bf3664e5a83cc4475fc75e3bfb0b19d40daa69160165441f3797a675d7c591298664efe,Y,1,0.9585182970248909,0.041481702975109114,primary_conservative_holdout_interpretation_sample
8155,fdf7e86daaa0329e359c72dc53b2d5bf915a44a2f81d15c3dcf3653d196026c40afc5ddc78a776de8cbfe8f7300fe18ae725c6640c2051156f302ca03f72faae,N,0,0.2234752814604029,0.7765247185395971,primary_conservative_holdout_interpretation_sample
8171,e37da41e468d92726cab5d7920c7cc66339ad59597697a4e95635767d2ddc7290105f79bb1c26eb1b257061e9cd800405e9332b0e3914eb5a092e015339e48ae,Y,1,0.26650913856448355,0.7334908614355165,primary_conservative_holdout_interpretation_sample
8199,23de5e68a4b7551b47c592c4ff7e865d54ed742a25c41812b57361128bb3cc341cde88304d940f5ed52cffdd5c85e5f009d8b1ff3ecab413051dcec7b8b87977,N,0,0.6459005181261229,0.3540994818738771,primary_conservative_holdout_interpretation_sample
8222,9f436d64ff459e41d4aacd7a354ebdc6baf656bc849e1921f4300f7d11208886812d25661be774d0559a2c716f6d56231ba0253fc359fc9543b3d8db2de0fef7,N,0,0.9287640119870623,0.07123598801293773,primary_conservative_holdout_interpretation_sample
8237,8018901f912f9e5570103c9fb9199655b993ce1cbc77522c744565f87503fb2b22e08f6d8ee778a20ca9012060b07d72f1be9343a42d2136ef0513de103ce48d,Y,1,0.9082732342153529,0.09172676578464711,primary_conservative_holdout_interpretation_sample
8239,e1d4e88da77d2c8cfef17c54bd4168cedd90d3d25709d07d6e65dc83052bc8729b732694fd9e8ac47814e9d876adfc1e4dcbbd2132fc6c731577b1638874fb85,Y,1,0.9349769008967449,0.0650230991032551,primary_conservative_holdout_interpretation_sample
8259,72f82c6601de06a2eaf47b68349b3ee936a3af5ea416bf85cd30e325baa1c4526e0fdf92ef0783e431285b56878b1674b9290ff725301b06c4e0c30326bb6db2,N,0,0.5371120667721098,0.46288793322789024,primary_conservative_holdout_interpretation_sample
8270,509f74de78c1985dd03a12727d591b11214053ff3f67abb181933764c6490a8666541bb0166587ba3271199fe4cd885368aea48eb48b679141a74e4ec4e248c3,Y,1,0.8079126797446224,0.19208732025537756,primary_conservative_holdout_interpretation_sample
8276,c68bbaae2e055d29583c92976f0b1c46591a262a2a5e1fa7a8a4b1e9afbc4a71f235fbff0a1dd92bf6f0247858a9857d4333291e1849b2ab2b1fd5612dbfbef6,N,0,0.29416079398851774,0.7058392060114822,primary_conservative_holdout_interpretation_sample
8281,3016ae5a4ff48485342e099c5f5964f9efc54e85f41138c05aee6812155551998fdec2e46db9cd3c3b85ed3b321b7ee71def257550b5c8d14796c504850b074a,Y,1,0.8915115756422125,0.1084884243577875,primary_conservative_holdout_interpretation_sample
8313,c2104a2871aa97a71eb70820dfae8c54f0b9a834a4d63aa75c26acc713e3c22c89e36f5b37f84570d596f19a6b8846e0ead56ef24fb8fdf0e35801d052a54f2f,Y,1,0.969285836913954,0.03071416308604602,primary_conservative_holdout_interpretation_sample
8335,7fccfd021e725f0c9cad493c109e2bdf0c38994920dae5f150ecdc4ca646ce1e0090a4afd33f5779f5a953b2a645ece2cdb85b8308897f96c3289a98aa15e407,N,0,0.33203267738881725,0.6679673226111827,primary_conservative_holdout_interpretation_sample
8340,302265db9b190a94dbe7201ae621b2ea50286a40325c3f4f54540fbc0cf9c66ab911e2513bbbb893fac3f47e613300c4dc471e4de832efa441f68b6ebad71ccf,Y,1,0.9744211724793228,0.025578827520677194,primary_conservative_holdout_interpretation_sample
8341,a059ff9a0bba52007ce846c2a6ace5d64dde6a4548c4bb1bb95693fd33e8cf7891b72785c5464e58fe57cc831de28199abfc603f5efae16ec238eb331e0757ea,N,0,0.1735065345339417,0.8264934654660583,primary_conservative_holdout_interpretation_sample
8357,dfd0246404f42d3dd3ee7879441f67d8a75d14c6e49251a31a5c9ad6f5234c476704e44831489588f0467977126620ce13021af897826a2d725d1487fc0b45c7,Y,1,0.9663665171793675,0.0336334828206325,primary_conservative_holdout_interpretation_sample
8370,11e325b92764510b7e3166dd9d5e7de702b81ae0314a3112a00e3717894b9bda938318310c18d9e8cca13186d8f7c7ef6a1303407f900b80fe3525d0b79f741e,N,0,0.6864168578004877,0.31358314219951233,primary_conservative_holdout_interpretation_sample
8383,aed05292577eb5aa64827ae103206a1c7f442a6bfb6252ea10e69bcda223d9fae180268bf34ba73c8e32d007d996e52e9f55c1687acbbabdf44859807191e049,N,0,0.22506564675933094,0.7749343532406691,primary_conservative_holdout_interpretation_sample
8399,b6705f491dac91c7b36571b64604af37a9300ce05dc6c59c2aba8ec9bb2ca9f2be91d944c2534f0cb55c558bfe2d21715a0bbedc33b67a29ab1c62933363e2c6,Y,1,0.6746798669072359,0.3253201330927641,primary_conservative_holdout_interpretation_sample
8404,f21f59bf5689b8e1d6bfc2ea22f382d8be3d6108a7834ad1d627e50d22b56aa32f1f4c0abc37b12b8bd0592ce3b53c9ee89eeffaa398afdb785600370f34589e,N,0,0.5155432446904008,0.4844567553095992,primary_conservative_holdout_interpretation_sample
8408,8c0087d8c4b3bf5d40947472e34515ed4f2342c9f89cafb1ae3d196a51fcbd6d0754b53f5c837cae567493a2876c0f4a9b9695e7fae521c76f5e419c87a6abed,Y,1,0.5651322027419271,0.4348677972580729,primary_conservative_holdout_interpretation_sample
8444,e0725c3dfdb59bfd338b6531b65003ee82774885caeafb8a6572d0a199f575d01046cd11914ad7b5fc01f4d95d01d774b9e984ae67baa574a5d392abba632f8c,Y,1,0.5734428013764044,0.42655719862359565,primary_conservative_holdout_interpretation_sample
8451,ee937d36c07056d721df533d6f814a8a8afbaf0c1f5292cdd6cf1de24a104ffea085d8bff80c84fad77c7485753bb5ae4e83b3bb6d58f9009ea5057e8455f6ab,Y,1,0.9790448638706021,0.020955136129397922,primary_conservative_holdout_interpretation_sample
8452,b0778209c1bda7dc05d9efd2f271ce8afc7bc2982d54127b65470676d3b0245603e211bd97c56eff2584b4734e56173fd7c3312014b708310fcd47c55c644455,N,0,0.795152529196104,0.20484747080389598,primary_conservative_holdout_interpretation_sample
8459,6b1c5435c7abf503d93ff5473104675e958491810a0b955e973e07a4f6f631a328904482273d7f657439d84cb113da723778991843bda175b234bdf64da9be83,N,0,0.7274506251094045,0.2725493748905955,primary_conservative_holdout_interpretation_sample
8460,47d4303d04a35730ad53025b74c4684bb31772adb220fbd5862438d0777e3c5a0a4dd1df0314d459cb269e2f324a216fbe74450e1bd4f662b3d9437f1d839a25,N,0,0.7184520041832302,0.2815479958167698,primary_conservative_holdout_interpretation_sample
8495,a87e7638d98116d95e3ebc9ad2b3f1f4a0fe0607e191e451ea1f9d031cf9c0b1dcf7fc8f5eaff29d24196d933af5a6477f09024f204c2c32d867a5bff8c67ea6,N,0,0.5341766404515647,0.46582335954843535,primary_conservative_holdout_interpretation_sample
8496,e63151c54279f8795f0d003c28069cedb515bb025e48680b0d5663689b711dce44607ab2500b443ef40441033990e21d11c842e10a12de0d0f34c35b8598226f,N,0,0.32159761894810307,0.6784023810518969,primary_conservative_holdout_interpretation_sample
8505,faa529001481873e36ebcb4bfda713e32ffc4b1400817ccd339f30e0631003765deba55ee4f4681ca72e6358346d4a6cc55e098036d52c0583bc05e59102962d,Y,1,0.9607112725520545,0.03928872744794554,primary_conservative_holdout_interpretation_sample
8508,1564f75a1c70d62677ad03369c6e9bc0140854d3837697b6ee4958e256802515f1954450172b6d24ea1e4115c3446a1a4500a941804b78afc64ec614f0787ac0,Y,1,0.7206005029558928,0.27939949704410716,primary_conservative_holdout_interpretation_sample
8525,d80a475c0d4867980984b1cd3b1a16355b78fcd2001a9f304865b615adc5c1be8d9e3681128ace62696e171c44f75db240ce26a2ef995798389583cb6ddb8732,Y,1,0.19256165573536183,0.8074383442646382,primary_conservative_holdout_interpretation_sample
8533,cb8b2295e577077c1f21a9fb2b7da835074a32be68ea690c6c2bbb147373de7bdaa0e6533fea83cd43c5c9e8c79c6fe904f08af9fb451a0a2e0e7ddd64ec74e1,Y,1,0.5655367734165573,0.4344632265834427,primary_conservative_holdout_interpretation_sample
8538,fcf396bd79e811faf0d31e38d147c137511efdfe2491573cc57f9b19fa7808c2dc8e08abd3d63372324bac2cf8ee15e5d20bbea0f42e8651c2d798992c5968eb,N,0,0.705016872294749,0.29498312770525104,primary_conservative_holdout_interpretation_sample
8542,a1db06ffcd56bb181fbf013fb02e75bd993adaefdb97df338e7d4912883fae6a21d3fbfcf41dff42d298d9b04aaf5264bd3de10e998d9223ef700620ffa340c4,N,0,0.2875523963117413,0.7124476036882588,primary_conservative_holdout_interpretation_sample
8551,ea4308947ae99b930b210a562006c84fc4b961be05c8967e685a1a4d3bc1ca5b5f4817d736b9681991b8a269f2cb02478e6a45c2cd482dc9985e8fe500255dbf,N,0,0.8454870192052685,0.15451298079473152,primary_conservative_holdout_interpretation_sample
8562,b51ebdb0525fad187f2cfbce39882af2894d3e48bc59dec5dd9c25122014b9aea78a79e7f9f9d867998523e163889f5cd807c8321d3e8bc9387c0a624677aa10,N,0,0.451552820732159,0.5484471792678409,primary_conservative_holdout_interpretation_sample
8569,4f88d1a4764da52fff7759f370627df0e6139b3c2b8569329042de3ee664cd728ae0ddb9995b2f4d3a7ab4fb970e8bec94a40a21e0268b16060a1323c774a2e7,Y,1,0.7150496924353572,0.2849503075646428,primary_conservative_holdout_interpretation_sample
8574,81cac2faba1d68a1e40c757bd1e84c090aec8381c5e90987a34f3ab56713f7de7d8af5405c47c9bf4c801327e77119a78f9d05c0ecc3061d742ca7cbab781cf1,Y,1,0.8979522694225588,0.10204773057744121,primary_conservative_holdout_interpretation_sample
8578,909074858f325f2b9e25513093278f122cceb74839f3ff1db4f099598835903edcbb77dc734cebf31135706bf8c5ebb5a205f9e4cac616a20abc9f56fef1a63e,Y,1,0.7198816487626472,0.28011835123735285,primary_conservative_holdout_interpretation_sample
8583,012f8b25608953a92664ce7a323294a3c9f6b9980730eb22b10153a39aa5e7f3fb23977fefdba9f1c7d703d7359cf857e0fc3d9ee91790c33f4195957be52366,N,0,0.9387160610547419,0.061283938945258076,primary_conservative_holdout_interpretation_sample
8605,569de63284f889d0f055e684a2fe4de4c0abc81a10490c3db9c7cb9eaf5c3cd20e27ffca75d7ae67f08b9d0de5399813993f60d5b6d3391273d420ebeaf73071,Y,1,0.8755573255621923,0.12444267443780765,primary_conservative_holdout_interpretation_sample
8608,796bb0728c14fa664d208b5b342ef64a82b32e35722cd1764cb749aba6524c17af8193993c70d325ee4391e9c03b80486176c9da0fb81056cbb1ac60542d0aa7,Y,1,0.3408934933702489,0.6591065066297511,primary_conservative_holdout_interpretation_sample
8640,b5bc39594ac32e68f8b20ae7d0fce084f61c2cd52f6fe3bb9de18eb51efa2417f60901eea3f92dd8b2a90f8c193a50bb79986e9b0e8818be42056cd308168561,Y,1,0.9485648085663754,0.05143519143362463,primary_conservative_holdout_interpretation_sample
8683,c6294eab3d06ee44197eedfa505e99d4dd07b7b8d3037f485449bca30be725fa6c24b7881fbf687d63810381136633a7e80f2f4e62029234aba32f9e8e22b63d,N,0,0.7150845860202961,0.2849154139797039,primary_conservative_holdout_interpretation_sample
8686,5d0137f80b213f727cc1437cf5de42f63f8e29d59d33f4fa990ccf677b85584768c7fcb869d4fee19fa438310865ffd21b10246e946072d90643c3fa903d85c9,N,0,0.8534096604696769,0.14659033953032308,primary_conservative_holdout_interpretation_sample
8689,ea53918b6b3bba7761f7dca9d47144360c0cacb12d1395cfa9b755d6d5548a4beefdf6a50d61808c8b8ebcacc6a87e7705d34f28bd717bd675ed130959fdb5eb,N,0,0.24692759743204198,0.753072402567958,primary_conservative_holdout_interpretation_sample
8710,0585fe722f9650ad70b4de799cda8c35ae995b01fabde9343222de26a7b6a60e0aca31a82757937e7d44cbd82079093e90ae2464af73ffe9a5ff7b12943b32c7,N,0,0.41559504154626803,0.584404958453732,primary_conservative_holdout_interpretation_sample
8722,7abd70718adb6bb74585604dc5de13b2a59c5e1f36f17a1217e2cfa8a3b2df220853976bec139f124e38320d2039ba8504550b2acf2939bea042870d57c396fb,Y,1,0.95771848520838,0.04228151479162001,primary_conservative_holdout_interpretation_sample
8725,9d0567d45f70f4770e9959fab3dee2a583dfaf58f550fde3f158b7c8cb1806160e41e071aa668747af36710ffbb977f6e69c6451a895973ca8ed571396dc876b,Y,1,0.9223120060597187,0.07768799394028125,primary_conservative_holdout_interpretation_sample
8734,ddc29620fe0b28aa065344229f005b969ec854cbb0e9b9124aa12813f10ab4d2bd697602821cf64a621ec9f716df7224130f3b4547db072e888ea2c6dbc61687,Y,1,0.6224349696396996,0.3775650303603004,primary_conservative_holdout_interpretation_sample
8756,7077ec026ab3ef013de4d0b738d15d6e7536d7bd0f37c1dea1d0e33d6dd34abea0034303f4fa1006cc7ced153a5b5cb1b1600b581b094d9dd33bb93c263ce07f,Y,1,0.9724324887258698,0.027567511274130152,primary_conservative_holdout_interpretation_sample
8763,aceff150d70ba36784860679fec39a9c76b19afa3e6dd2e6bee1a196484a305b546e6a18c48436d1b2f153f488f57af5a16541a42f07098a8dc86482e0f2df67,N,0,0.48588746897962043,0.5141125310203796,primary_conservative_holdout_interpretation_sample
8773,61b63a6fbd722a86f28527863905c0d69186006008cb3401f7dc3fe08a81c0e056f4d4e45ae50b5d51b50e744c3f6e1f77b980ce33fef567616e5227aaedbd22,N,0,0.2873581973441854,0.7126418026558146,primary_conservative_holdout_interpretation_sample
8776,a82d23c0116af0b2bab9e914d9a8721265245945a858b2c90fd56ef4f0da2ecdbedaff71a5b576c27a5870678f6b6405f90988bdaa5961a88018d138d43b5948,Y,1,0.921949791549326,0.07805020845067401,primary_conservative_holdout_interpretation_sample
8787,8f5d8a903132cff07ffcc50aff14854b977f8c8beba9189ca61ef3a6e1e2ec2d50ffa755ff9e5fde59778535b23584e2844fba29d6d9695482ba4b066d7f8c14,Y,1,0.7740692690381569,0.22593073096184313,primary_conservative_holdout_interpretation_sample
8818,34817945d29a0d7feed511fd098c12e4f90060e940e580f6fac0d0b8b35ff183aea82ba71962327180d920cddb68cab1697ca3e0dddd6cd7646b8eddd8eee1d6,N,0,0.932388693626728,0.06761130637327195,primary_conservative_holdout_interpretation_sample
8829,7ed7c50d491ab5f639a642167eb5e5605e706b302aa7172e2d067b12c59b9bddfaa39c63803184e7572a808e4c4898bf367bd703dc2733af5c5c1d65f9e735eb,Y,1,0.9744315038678426,0.025568496132157392,primary_conservative_holdout_interpretation_sample
8830,fbd3d4429dc00f25fb0047ccc1d9eaa2e04cb7523534b971f1d069cd1da5fb3bcacc35498bfaa8745ed727b56f7e52ee2eb4ad3b38903bce4f685cf5c124fff8,Y,1,0.9760712421456212,0.023928757854378757,primary_conservative_holdout_interpretation_sample
8831,f8451299d5e9fbb017530d5ad989812647ec0957f7fd6ef801967e0f02e2ad068eea7fa2e93b2f9ea1e7892b79d822a87e42b321c6d9cb983b23130485d3f740,Y,1,0.9303351892207403,0.06966481077925968,primary_conservative_holdout_interpretation_sample
8841,130275d7177dc5b57ca9f349371a4ba3ee95749a2428f7c56f9f0e456689bc8912c7670c79f59aaa62c9a87e4600b55ca7d4c04653325e30795d5d6faa96ae10,N,0,0.7540194232458026,0.24598057675419738,primary_conservative_holdout_interpretation_sample
8854,97d3d1a8010cdd3ff3a44116cc452fc2bacc1da433a44be8e93508d3e602aaa0a3a7aac93dcd516c1e872df02f84340b0858e051d72b59abb6ec8e8b5702426b,Y,1,0.9352946168074615,0.06470538319253849,primary_conservative_holdout_interpretation_sample
8882,76cbc3e5148671fb526d1ce33b7c7bbdc055ac3b59389a8ad15ac009001f25ba3f0d1900115c6ff09c5d13f2c5e1a036c4bb97bdb94edd22565b5d60ef776335,N,0,0.3320885535772248,0.6679114464227752,primary_conservative_holdout_interpretation_sample
8894,b1b7691d5d71a6af127fee3ad5ac106eb7079f9a39e914dac60d1de46f9277594fdd99f687bc2b78cbce6b7a20d8ec23c916a847ebe7d3dc00c83595bf63a2b9,Y,1,0.9004947712540258,0.09950522874597423,primary_conservative_holdout_interpretation_sample
8908,a71bf3a99748807888ba7e6cca0df5650b96dc179992df2dc738edc3203c6554d9010a97d36dafd0c86f2ea56d272a2193745e91bbfed9746f1e86028a037090,Y,1,0.9828755846638257,0.01712441533617426,primary_conservative_holdout_interpretation_sample
8920,cb254cf3b01ed436d3f999cda7bf6f9d93cb9297cebaf5cb79ae6d62a677d517b981c4cc6c043e1b75f3247561f8d884934527425a62405f0953b30d1526dd43,Y,1,0.2392204913458786,0.7607795086541214,primary_conservative_holdout_interpretation_sample
8957,1e3a350773a3cf9a9a918fff46ad469b1002089a5b764237fc82c5abffd44b170383dd0a1f1beffd61c6cff1e71e61f63d1eecd13ed44280daefc4cc76802d98,Y,1,0.9079065745982599,0.09209342540174015,primary_conservative_holdout_interpretation_sample
8971,5043c54a300bce602ba16e1d7ec753bb3b35fc97ef3fdb71debcd030040bb929272969d15d98dd72bc2d7ae81ff57401505493a0190ddc7a478827d219b0760d,Y,1,0.6283421154129787,0.3716578845870213,primary_conservative_holdout_interpretation_sample
8972,2ec58f9345f5e8a38fae31556f33907cc29c265b440020470f32ce5bd627652deb61ec16e8126b2d9c2210662d559c1a33e40eb51caf6f0ea4ab5ff17587b5b3,N,0,0.7854099821525832,0.21459001784741683,primary_conservative_holdout_interpretation_sample
8973,20e21ffbaaee5a91fa0bc6b7aa1b4e1bbc98607c2a1ba2876b02966fcac96c109c72c0750291cd3d7d2e800e9f543d9e64aca5e43ceac738b66429964baa271a,N,0,0.3236015925776655,0.6763984074223345,primary_conservative_holdout_interpretation_sample
8992,564e3a35b2a9ec60d70829a68fa37b163ca209e39a8769794821555527918fb326e5ce4bea04551b064cf00056408b6bae99c29539a51300a973d1f28e28463a,Y,1,0.8667191856702153,0.13328081432978467,primary_conservative_holdout_interpretation_sample
9002,576661a00b7147ca4aa847f431b9047ca0d0c87d72f447e90e27d7a9f155603670dabce327b2327873c042478f3ef336e37859d4306bce9c869bcd5aad32ccc4,N,0,0.6352218580312424,0.3647781419687576,primary_conservative_holdout_interpretation_sample
9055,da55589111f41ce16ce24f75266c4517cae93d86c9d4510121ffbe30150960e8f9f75d542ef9897c9d89ffe9c81a4b8938215a3e36e93df662bce523b653ba21,Y,1,0.9502079440995924,0.049792055900407584,primary_conservative_holdout_interpretation_sample
9066,4a2d473a7831ef8f3e62a59409752622984fe55439dcc37bbdc1e957a782aa38dbe6e0629d5c8462ba210b011af365b530c93bacd8d706420f0eb8f1b99bdd0e,N,0,0.2215721281816357,0.7784278718183643,primary_conservative_holdout_interpretation_sample
9076,176c0f3c90b1ae0effac7243bea818a80e2546970414fd1b0be91d579971616ef4cdd420a7f6edc95f4f9162d8ec67a918e129ff915702025a358a7440c2c066,Y,1,0.961830581290532,0.038169418709467995,primary_conservative_holdout_interpretation_sample
9087,5a34201a4c93dff35f941e27165b437af2ef4f68a7bcfb6a0f03a64d73db1640618dd464a4598bc112a6cb6f5acbeafee7427628fe9bf82beb1fe388d01c399d,N,0,0.45970950944426,0.54029049055574,primary_conservative_holdout_interpretation_sample
9092,2a646d53750eb85759cd2237a4d3762806013404ac65a473379e0b268a172364c684e76b8cbb3ba85c44f5edbf54f7915d3657264be039d0ed567be528de995f,Y,1,0.9822031551699019,0.017796844830098135,primary_conservative_holdout_interpretation_sample
9108,512f5667722ad1f9d9d2b9d43db3918308a37fdb60f06f8cb34cc6f3659de843b302aecca2ff4fa52ec363872337a67d622fab90627d9ba2f9602a2059b6e31e,N,0,0.30299484400198523,0.6970051559980148,primary_conservative_holdout_interpretation_sample
9109,6421c4a2eb0195b4bb90119b5920cd80751084d1ffdce3e46dc4edde15f53221998ba62c04b6cd3efc9a217fb177faa9fe9c66bda12b3e7405ee2896575729db,Y,1,0.7252663978337743,0.27473360216622567,primary_conservative_holdout_interpretation_sample
9112,3c74106bcb86f3c6202c33ac7fb9c2fb9fa2594d430d1daa21d31b5725f58398ad9484e4c32725085fba969427aaed0b3efa5a233d781d89d1e35ae1b0ace519,Y,1,0.9753229844288626,0.02467701557113744,primary_conservative_holdout_interpretation_sample
9129,35ebd48ea324d4764ca34929daf8e57fe1e19013e46d349e95f59fbdbbb87e3bede496490ba924d0253b2162a4494ee1d9ba1db9677b521f45cd8a8d8176a7c3,N,0,0.898244047188385,0.10175595281161498,primary_conservative_holdout_interpretation_sample
9156,e8ee6f27de638c8fba533d62bc61679c5aeaecdfb20753e212303174b6329ab8d7fd438d921c49e622a15912e5ec7b48ae8c83c528cbf11c2cd73e037c6bc070,Y,1,0.6238880382632421,0.37611196173675787,primary_conservative_holdout_interpretation_sample
9194,4a830cc0374b805f8f384aad3b88636f482e141badc530b417131608d4478ed2f8bc1e732ed973996507b32f884aaa6ac5ec911aef2574313a985d81c31536e9,Y,1,0.9339461624924276,0.06605383750757243,primary_conservative_holdout_interpretation_sample
9204,df706a1b86961dca829b5693a5fa59b4a30b7d2c22d254124602992bd805b32891367ea0a8fb62277db71e517af8927142c6c26a9e1ffd5d7a9c3072384fcaae,N,0,0.8516754519248337,0.14832454807516626,primary_conservative_holdout_interpretation_sample
9231,3b4ec7807b27584edf4d2408e5aad2f89464e934cc4741f8b229abea292569db5f98fcedb4c867f875cf5854db4febc54912d829d12cc9452f6292efee2f443d,Y,1,0.6076682391571457,0.39233176084285426,primary_conservative_holdout_interpretation_sample
9248,17385c6f33daece61f2a99957c7b8c3cff3f168ca6b6717fbe13a7b3660412628569a1a5235779daac83bf73848990b49ea9624e63f702be568a593a903283b8,Y,1,0.7191689286656591,0.28083107133434093,primary_conservative_holdout_interpretation_sample
9262,ffaae4e02e36204da72b0fe06524b01ca8ed31c0e596861449ef97bf17950f87f2ba799728abc74d7436616f8478193c2fe6c904c11b72422bc848483eb2b5b5,N,0,0.7882913612440093,0.21170863875599066,primary_conservative_holdout_interpretation_sample
9263,66c2d40b6e83973a80c2bf2b1172beb5d7399bd4f2361f957d03dcc87b1f1cfb9d044b8fa9bd23f2c29a2616c032d26f6c42b0c607f502cb989843e2efd07337,N,0,0.3729903619209786,0.6270096380790213,primary_conservative_holdout_interpretation_sample
9269,b09f21adc0e498e96f541ba90ae8fab7a9c0d02b771d3f6aae2908de4c475eccbc4b0846b55897d09e6207755c06154caee8292fa131c716e7ecd0f66c42e68a,Y,1,0.9790928113579425,0.02090718864205754,primary_conservative_holdout_interpretation_sample
9302,3b3a86b54ca9bae4b8c56dd2bd878bda05a410c7c3883e494c5959e12a4f18b56203b2dc8044182d90e6b7d932c53dcb61ec97cd6a5fcccb24975502b5655a1a,Y,1,0.9484858267436302,0.051514173256369755,primary_conservative_holdout_interpretation_sample
9303,a56eaa00e4b0633e2e13542fae3891b1c6b2412954bec25e50656f34ffe4fd3ab2f67b11b50a6b47d61ddc54a75d705ed4f015bc7902d0bf8c1a272efcf71d3d,N,0,0.7338830180572625,0.2661169819427375,primary_conservative_holdout_interpretation_sample
9308,19d533606423ed7fe26183b87c21c6f5161efaadbf0211c209309a5cd919d8612dd9e992186bc4b524ccde8d21e4f710ba784f82b3eaa0cdc3e68b1ae4c4083e,Y,1,0.9816727769974951,0.01832722300250489,primary_conservative_holdout_interpretation_sample
9313,ff0888450bd7f135e97ae6b22fad85abe7955ca365bc630c5bc2c169bd5241edd8075121636e32f0e6e67280c3cd09075b9cc7d24a820f394d75406e04cd3703,N,0,0.5915527414586503,0.40844725854134967,primary_conservative_holdout_interpretation_sample
9326,b43d5688d87f0c0fdf839f54198a910252da0b2b1b66ff79cb49c1dce4efb14966bcab9ce783dfd31b8c11ebb527ab565cc0eba69c32d7532f088973dddbfa21,N,0,0.826328120087332,0.17367187991266797,primary_conservative_holdout_interpretation_sample
9333,76733e7dd943389924e85b323c4b796e51b60f31dc6e3b81ae30e4c29d20e6121703f6550d30cb6180e3d7877e1f7319a5690a5f0bde1c502eaafa597096f986,N,0,0.26786965416987796,0.732130345830122,primary_conservative_holdout_interpretation_sample
9335,57c16c77cdaa357032b0134f090924af53a70cc4f656fa461b17468444892371904bb34309adbbc5d07ddd9bd55e12029202bdf2de0acc10c0fdb76072e0585b,Y,1,0.9237185409540388,0.07628145904596118,primary_conservative_holdout_interpretation_sample
9348,05109ea48cfb9873958c6d30ab766dd5cfcc8e87b8552a5611ba844ea402055eddcc11bcd409677dadbd75c4edc7bd96c0c0ab7a700b2cd400846d9ffc930c07,Y,1,0.5013054061036408,0.4986945938963592,primary_conservative_holdout_interpretation_sample
9349,860a9a622b4025cea1f1cf9ce3e01a2de066f829d6a7c17043ba6f4ac92c96509ef3d7266d1d1e15868c157e36fbf762aa24a271e477d5999c9ff67045661f05,Y,1,0.8117634723521114,0.18823652764788856,primary_conservative_holdout_interpretation_sample
9361,5e1fec432b9287a7cd963155a36a39cf65804dc6665ba40420f25073fe63f9b4fe7b1c86fa7a72fccc60d82c0980de601e9df48f76e4359c45e2d21f3935cc76,N,0,0.33757202813400616,0.6624279718659938,primary_conservative_holdout_interpretation_sample
9364,a47247668aefb27a52e4f3fa828d0e60eaa66a2ac9f3db466e0d4297bed1e4363efbe07d53efb22b32fa6fbc8fb1b2a34fcc9f917bb59be0106f6a7ea874e4a2,Y,1,0.8629913772025639,0.13700862279743609,primary_conservative_holdout_interpretation_sample
9368,45264c333091c3898cae1269a68f3f6a7a090a8ac8bf83036f1e2f47f20efd861a242fae7c89ad8ac2357e46e5916b13f2d68b67c54a1d8bcb244c65b6002d0b,N,0,0.8636828448532586,0.13631715514674136,primary_conservative_holdout_interpretation_sample
9391,82040b53366c572f465668b21a9cfc709b5050d8a441c0048ad408ada1f21fa15ad866dfa0e5667d9bb9f2a571f9fba4545932671283139f7974ae169ec83bb2,Y,1,0.9777604584293349,0.0222395415706651,primary_conservative_holdout_interpretation_sample
9401,d1fb5f689c0f1bb96c256763a76022c8e78c174d5c47de8bade47784342006bb17d4e1d8e0514c0149e30042f3d63e8d75ef53c3790d28749d4532f14b9005f0,N,0,0.412284235332167,0.587715764667833,primary_conservative_holdout_interpretation_sample
9402,61284ef544fd2e74796e528d7e7af8cee1c2ab5f54e167a0da6aba61bf1b0a7e5883187e54a685071500b43c1b45b32fc8e0a39e832e6b72f7111cf3d4672b2b,N,0,0.9825455816360101,0.017454418363989865,primary_conservative_holdout_interpretation_sample
9412,0d71e19a7e76f149b765075c2526557db15d866f65c0f8d36d81e635a1e75dcdd21eb58c35af952a262a483469424fb7ea0e5d0575191a6eeaf745c332ee4642,N,0,0.33104797603151404,0.668952023968486,primary_conservative_holdout_interpretation_sample
9446,6e79ac58c48a7f3c9f92dc3c48ec4f5fcccce1e0693048654b71fc2a4b42aa0133550ed27df7b62c48be7978525e9bc5f30675f1308037f0fd376d3f149a4082,Y,1,0.6076010501846425,0.3923989498153575,primary_conservative_holdout_interpretation_sample
9456,c03a1364e6e93272e328b212b8544786b7e1ae6ee3df8a18bb61e54f6d56d01e6e93b5246379ae3a974d2eb9cc235df43602ca28f356726c4e488e83953cf405,N,0,0.2306292056409133,0.7693707943590867,primary_conservative_holdout_interpretation_sample
9466,2a1322aaa65fd17a8fec5086d619081efdf436a7b1d26638239d75a26b09140d1e9ae26d37b748428eab93ec7cdd31a667c813ccb4c146f4bab20a595dfc242b,Y,1,0.4457084142884209,0.5542915857115791,primary_conservative_holdout_interpretation_sample
9467,30c54505b5c0b14beb87ced73641eaf536e97d13f2482a2055a82b68528f5015a057f21abf6cd4bd8eb3d56b68641cf3ee5c4306bb3ea191601d339d2903ed0a,Y,1,0.7125675373095667,0.2874324626904333,primary_conservative_holdout_interpretation_sample
9472,08fdc2ae8dcd54362add3e5808a03758f1047459f4c5c4cf4a8046bb61d4595b8ded6cdc2a75a2d7cb6133a25545b1036cc8f0d2e23d52e33b585721ef52f91a,N,0,0.7984354425705456,0.20156455742945445,primary_conservative_holdout_interpretation_sample
9476,67c63c57998bf841c95b631e7ca0e2aa934df903e4f7ea4799265fc2cb6ce1c5dd4ead2c6cd406f41521600cf2ffbe1ddb4f0539698c245c9cc17c8c782d6445,N,0,0.4852719085830142,0.5147280914169858,primary_conservative_holdout_interpretation_sample
9501,557b573e1ffbb88cde5283fc1a6c03e51f4d2ab8e5722e8050664edd2dc2164a0e63a282a3fe245225ee8d5c5619aac5421e67e2aa4eed45e0b7e45665dedd34,Y,1,0.603516720095909,0.39648327990409105,primary_conservative_holdout_interpretation_sample
9539,a2b93e305736a76f848d790205b5307753db2ef29e27e3ecc0005b02a1fff7731720c1f84ea009cc01c4ae6382937665d5b1d5b225e298c9cae166c105743b4e,Y,1,0.9432913437069061,0.05670865629309385,primary_conservative_holdout_interpretation_sample
9552,48816ef08b98a76ef09bf248c34a0ba14518709a1d1fb9bcb523d93cfeeb8d72b43954db8d7fb63da18f4932fc2fbcb8e755bcb40fc4fe1f9e3ea2c5dadea6c7,N,0,0.520612251590442,0.479387748409558,primary_conservative_holdout_interpretation_sample
9568,f462943de63d95c00e522cbd35acfe694f7be87596bc816776d8446c1e260cf2011c132c43607868407ff556f915e2fdd0d5550c41593c23f353ee68b83385da,N,0,0.7996597392326388,0.20034026076736122,primary_conservative_holdout_interpretation_sample
9577,1f6f1fe18dec522447e7997da699547ea3b2001b511e3030275997b8faa9e137cb6c7dbc813f85aa4a0a596ac58adc960fba176ab6f42fd8b70dc2f48c90ef78,N,0,0.9497970733171535,0.05020292668284654,primary_conservative_holdout_interpretation_sample
9584,dfc80f68f912cd19dc5f10c6e2d40b8d0df2cf5c83b1a563ebda7e0a46bb3b00af0e295dc556c1e203933f333796ebae13f0dceb0e6f7e047927a4076215d2e4,N,0,0.1996568672199341,0.8003431327800659,primary_conservative_holdout_interpretation_sample
9589,4f849a3340e65057ccd4ad416f5142a1b1bdedfe54f5cab33eb36eafc1ba3267867194f76981ab8e3caee473c3273fd0b6e8442755798d24254dc0d1805784d7,N,0,0.13334318257833125,0.8666568174216688,primary_conservative_holdout_interpretation_sample
9591,d0c64704d4ebf98f4e2e5827de8fa0d1823540730206908b2193cf23bfb0f59116d79937ac5a07a62e8f62784ffa0b459d101a6c4836e171b452948e837f049a,Y,1,0.8581456700984678,0.14185432990153224,primary_conservative_holdout_interpretation_sample
9604,9aeca11a643ced145ca460b1fd0111e7ede5d861ae9da72b6634a26e7bfb8f34ad269558a1e6874abf769a4912622597f2470e07bb2106a196727ceca55ab41e,Y,1,0.9373911023003758,0.06260889769962419,primary_conservative_holdout_interpretation_sample
9614,ee80856135ea2b70a0cdaaeb7c3fe859bb92798e66547a6036f36210691ba5d2d2350ff54eacc3a9828702ad8142f19bb7e1ca30ed6366825f665d44b03c2584,N,0,0.9183987570621521,0.08160124293784787,primary_conservative_holdout_interpretation_sample
9617,d90a5fe72bc9d0ec611360ef959bfef74f22e75700d89523142dcffef175d0ee6ac4b27e5d498a3aa69e12f8204c0e9b6b876c8400709d1222fd61c5725138bb,N,0,0.24728726192238998,0.75271273807761,primary_conservative_holdout_interpretation_sample
9619,9646b2a8bd5e64d374ed489b8e51735e754e26d34e4c02b021401ee31f7d84b46f2113ed0b4f54b88f1f541ddfdfc95f7e1e0415c32238656e0a5313fbefbd51,Y,1,0.8752551403630427,0.12474485963695725,primary_conservative_holdout_interpretation_sample
9621,68ff00a73740b4c8ed576b8e7ccbfc0adfc3cde60353e3589d69074464e566ce7c2a270d25a163b84f17816b074667d37af86a65f55322a4ffaad41172c51958,Y,1,0.7362689293502274,0.26373107064977264,primary_conservative_holdout_interpretation_sample
9637,a1444699302b826c0ae7d8670066062a5ff00551860eb542375b6ee653449f012f64b00ad5e83f4038b06351363d0ff90a064119bb54a07e6600fdb5ffae8c3c,N,0,0.22966180766367117,0.7703381923363288,primary_conservative_holdout_interpretation_sample
9655,5f3fedcb860c8a87dd1f487aa3092f27acb343fa80c9f868a4501f0d420d02cc1b7f6bda952e4e0be030b8a0d4973e64d864c853bb97fb7021ff933aadf05e3b,Y,1,0.6925926386078686,0.30740736139213143,primary_conservative_holdout_interpretation_sample
9669,540c5bfbe27997d0c8998e885b63c9e6cb3ac8af9e3d5a59416158529b5b02b5fe240e7085f6ee3784892e10ddff86fd0fac2cac9368267a32a2204df0472a66,N,0,0.7528971632260975,0.24710283677390255,primary_conservative_holdout_interpretation_sample
9690,f13c0f5996e612a247a907d48a16e6325bbe98612521608802b222cfd46933246a3f6cac103e932a20545f2af9aa33aa0af2e311a0d9fb674ad3a327f04a1c80,Y,1,0.6121893505137797,0.38781064948622035,primary_conservative_holdout_interpretation_sample
9695,85ecf336e8151407726324d684c4968b85d5a769d6b34e6973dcb6937c9eb1e21ef5e5e868f03db91e4b5052c83b885cab891e91e444b212c3e90e1f1c40187a,Y,1,0.9239594482229156,0.07604055177708435,primary_conservative_holdout_interpretation_sample
9710,19c05babff112850b36cca0095270f8374ae7d8252e85948555fbc619c03de871a573e549cd09b65633bdae1f7f3c10aeef8b3574fe5cf459798c2705013cd87,N,0,0.3037341653619337,0.6962658346380663,primary_conservative_holdout_interpretation_sample
9742,f08940de7627417b2f5c1dbc3516aeb71f46e9d435c04fb0524f539852c9adb1131cebdb682e0296a400d14f49dae42538bdb21111b8f3a998cd4555035729e7,Y,1,0.8015661846206917,0.19843381537930826,primary_conservative_holdout_interpretation_sample
9760,672be36d899acee32e72ae4571f6afe0709a70cb44665f56b6fa6d5991363209c091c8e5383a2445e499444de955d7e734561708a76ffa826e66e199e869319d,Y,1,0.7217236544580635,0.2782763455419365,primary_conservative_holdout_interpretation_sample
9788,573e57c0539e5a796ca14de048b3f66982606a9caa90ab85083d743091eb791e04fa95727f44036f19f14ad84507b5dbc8a1a8cb6d5a39158bc7600255f48ee6,N,0,0.6203418953456037,0.3796581046543963,primary_conservative_holdout_interpretation_sample
9789,71b1e762c069f5bf0ac6712d5b7e960008c430b6fb481ba68c7a739f8441c33c040284abe3459a06eab0d989ce19037df43377b1bc509413c97cba92b0e06295,Y,1,0.9747268540514578,0.02527314594854224,primary_conservative_holdout_interpretation_sample
9794,255758fc9b28ef15971272cac9943d37dce3887494e4a9444de1380e16227dbb952a70c144f70aae3aca800ee8a7d6383affcb0b57f22e9044cea0d3598d2852,N,0,0.8090429732927394,0.19095702670726056,primary_conservative_holdout_interpretation_sample
9798,e560af11e8591e0319f405049ca0a4ec7dd5c151d22d76604023c6571d785a2ec05ae85373816af52c4dd285a45c0d0ba522715cac5502be22ab9062722cc343,Y,1,0.6661555534864194,0.3338444465135806,primary_conservative_holdout_interpretation_sample
9799,05c858f95e4f9f5c2fdb1116bb1ff5312c94d2628b53285d63bc25b07f64a992c7af473906172713a411264c108c8733a1b2e963e1922371f8d4461f3a777154,Y,1,0.9725362190041781,0.027463780995821918,primary_conservative_holdout_interpretation_sample
9810,53f8131de700dcd9b46701b287dae486cccd0c1599436b50d5580022963c27a4198147a948e36144c6fb94091157a59a56b89abfd11db4f5cea2bf08cea44ee7,Y,1,0.46470444222996865,0.5352955577700313,primary_conservative_holdout_interpretation_sample
9811,ae9662b55ab62217cc887424991909648afc5bbf216c484383aac0c37f642ef218438464838c3af0f336c8275a5f367083dca86cf97ef4d9f964317bbf136349,Y,1,0.25124467131593536,0.7487553286840647,primary_conservative_holdout_interpretation_sample
9814,b21f5221b24dd4027f03fd78c61c6f5215bf84498e9517190576fdb3c8a3cdf9e25078dca5c2fae579af6d9f4335f0198f6c18d2a1308870dadfcd7dc75a7360,Y,1,0.32454317559505536,0.6754568244049446,primary_conservative_holdout_interpretation_sample
9820,d73d6b505187e72ab3a33cac99c1862e21d1f66e7ee2a4289b93422ed891c1175fce93f5b35f78d92de8f2c454a171604b7d53725989784c58781837cce9f3aa,Y,1,0.8917026887187693,0.10829731128123066,primary_conservative_holdout_interpretation_sample
9821,6b78d4e98a834f8f18658f0bbfa08edf5e64d9b85e433d3b3c7049e9222c13e76f8e34ab5ed439b6a7ebbaf20b0db2b61e2dd84afad743e8c191d10d44613d75,N,0,0.4241644830980039,0.5758355169019961,primary_conservative_holdout_interpretation_sample
9835,92d4c5a9c52b5a6efc781290341c246ecdb47e394e6b56d05f5ee1099bf3f6e0d7442d5a3c9808c460d89d00c7d12c7b663d580e5ed1971b4dc01888e88f8c43,Y,1,0.956101292681545,0.04389870731845502,primary_conservative_holdout_interpretation_sample
9844,eeff6d737d6ede510536077f1ae3288b6cba421986a559c6051cb35652f7cf588c83336a0018f219fedf3a148b51111e2cbb4a1b70f31219c3074b5209a01b96,N,0,0.6661555534864194,0.3338444465135806,primary_conservative_holdout_interpretation_sample
9850,4c02dd1eb5180716ff9fbc310b15299e7c041371397c988c0e6f5e6a4d6e969c34b595b7f1e6aca4648350218b0eab5938dd5ffa5674772ddcf9aaf254bee560,N,0,0.830209710097147,0.16979028990285305,primary_conservative_holdout_interpretation_sample
9855,db24c8536ad1e657595ee982472adae074e79b5c27ab1ff04d2b74e33db9982c03054cebda692e7d9f286fabe4b8f16a93b0b96320cae7282790ed2fd634720a,N,0,0.5734428013764044,0.42655719862359565,primary_conservative_holdout_interpretation_sample
9858,d6ff295bbfed83b7f08031896ec04facf7d0b8c2d0bf2dd5bd22e0afe39179bcb35ed913b5d141fe2d0b907293f6099b8736926c3300c9d72d7ea8bac5b9cbb2,N,0,0.3022245166694774,0.6977754833305225,primary_conservative_holdout_interpretation_sample
9871,cd391b4e866c29ed2f5dfc75fcd835b6ea21aaae6bf66295e8e0b4fa3ed9ed9c3b4d72133e7508dff3821efa1de716211a446b9090c1672939cb72a3507e1fad,Y,1,0.9547801157110637,0.04521988428893631,primary_conservative_holdout_interpretation_sample
9891,781cac979ef5de25fd97d8abe48075e4947bbb4d5c7d03c748e2bc1655aef31287402f7f6886e06186843723e62c85db790d49b71b19bb1cd0e63e2839182c89,N,0,0.8312889833849348,0.16871101661506516,primary_conservative_holdout_interpretation_sample
9913,7a165d6ecd37e82ec81b50c9b831233b7a5ea48f839a48e8270c034257be98be619372c9c61879646d9eb910532ac8c521ef85e309d577635002706b27a7003b,N,0,0.27396290371232823,0.7260370962876718,primary_conservative_holdout_interpretation_sample
9946,bdfbe85d0ec93523cfeef48153c406ab0f4a2355787ec3401a5332dc5354b6df9c2a47f1c09152df7961641e8bebbc38c63c9728f9df472be9d335e9cc9e5d8f,N,0,0.47500940573054384,0.5249905942694562,primary_conservative_holdout_interpretation_sample
9949,41ff1b7d92894629111683c7c94dbfba7dace848315e32c4910a3103dd738739c364b8eb4a57a58fcf4f1d677c25120ca69d77b6499bf0d62956b9997d0b2d3d,Y,1,0.9664906881812384,0.0335093118187616,primary_conservative_holdout_interpretation_sample
9958,4373f396f2386fc357c204f57c53cfe7ebd0ec2928e4b3ad4cf6edde75414227148111d34168b629c09c6ed0a40de99b5d3a2f218ed0fc811bf44c2e2a48f2f1,Y,1,0.5040200407529238,0.49597995924707616,primary_conservative_holdout_interpretation_sample
9979,0da7d14d67de4b66ce794d21b5ebdd708729324cd320db087c4c876424a32b2e2fc90a55bbd4aef9842614dd9d02e3f680ec8dffb01dc244870c5e5b0cc87303,N,0,0.3117471925502095,0.6882528074497904,primary_conservative_holdout_interpretation_sample
9982,20a2147c06bcb0f81d417b4e1f63139539676615f908ecae02bd110f4e578f7af783c47bfcda2e963db3710ec367a893090f6b5197081a0ab03ea992f86e0414,Y,1,0.9551568810923454,0.04484311890765458,primary_conservative_holdout_interpretation_sample
9994,4e6494bf38330d5126d612b91a39c2234a5fcad8d09d8ae8dd1df5782bb456bda0594ea12b49f09e8eef491c4515a77699b4ab10695597acd96add88f6d5c6d0,Y,1,0.9192356020925823,0.08076439790741774,primary_conservative_holdout_interpretation_sample
9997,3a68f2e7c34cf02726e0cedef41becf1c6e33ff872ec125462060a627ce3f608754a9c347ddfa3cf0076acfa878360c234888a73b780110e808dcc197041d60a,Y,1,0.9544950184308167,0.045504981569183256,primary_conservative_holdout_interpretation_sample
10000,99653693c92e0b0ded0aacf66ecece5b2a157a8f629d2b1c1ce94da9d61226d6886f2be38297473df3c86beec2a38e4f87eae0898317cd48caf1f1d8ef601fcd,Y,1,0.9552492227239341,0.04475077727606591,primary_conservative_holdout_interpretation_sample
10015,f66ad17d727afba4820bb737a2b4cf33851caea9ad51963bed90e91f98b50a41c6a6316a6f3c7834cc6b2f2688e69895b05c289527cc0a7002a7d3a311f2e32b,N,0,0.6512994392558417,0.34870056074415834,primary_conservative_holdout_interpretation_sample
10030,effcc7456813b00fcde1c5272c08e6d4be639decde29c9cb2d12bece014fabbe6509c696f55492977fe4505f82f87e080c0a2ec7f1e46d46f7ef5c054d8bb024,Y,1,0.8965067737077849,0.10349322629221513,primary_conservative_holdout_interpretation_sample
10036,fafff6ba6636c4eacf22383fce3913e7e2a79327823de44c172a4ba0f932748238e56142e4d994046b46b4287975beb99354501dc9e4b98d0e5e18ea7aefd7c3,N,0,0.4543698298005572,0.5456301701994428,primary_conservative_holdout_interpretation_sample
10038,ecb3fc6727a74dba55415beed87ee99a49caa18175bab943bc8e50e6632687057cfb7aea8d7e6885b8e49ec7f125814bbcef61df3211705123bd63fabd6da0d0,Y,1,0.7514436114603184,0.24855638853968165,primary_conservative_holdout_interpretation_sample
10057,bacc7d2ea7fbe8b7592d8b0b8fc228dc2e59642ae296f73268fb15bf09e73f2a33357feeee8056f3d10c5867b501dc85b324d0a15becfa3e5ef154754295817e,N,0,0.8242801236029705,0.17571987639702946,primary_conservative_holdout_interpretation_sample
10060,a3057d553eaec37cd4acd9b28a47e72da1a7720eec1a9ce9289a8232b1f6827cfc6a6f5b0431a495a32209a1ec3dcbf56f14a02c8071fbd6ef2ff8e7f4f5a470,Y,1,0.8350848436478752,0.16491515635212484,primary_conservative_holdout_interpretation_sample
10095,d9418ba025760735c519159aa1f8024f256117aa038688dce14f19c914aceb57fd1bf5524a680629726efe0b95d7ee59e7daeca4d28443290efca90f3029a627,Y,1,0.9822450397703656,0.01775496022963441,primary_conservative_holdout_interpretation_sample
10102,fec40d2604da4309beabc8c898368e24a0750e58ca29dd1dde5ad93c6327d6be217e7c3b0fb83657758b3c24fb053939103f5343149eb88a125843a3a446be44,Y,1,0.9793142675646379,0.020685732435362092,primary_conservative_holdout_interpretation_sample
10103,493966fd34d535059c638c2fa1cecde3bc882842ac93b95cb59571f9fffeff88de5c9834ec5da616e6f02925b790d2ab0bb71ea89ad5eade216c9f18f71e3380,Y,1,0.21980171984170874,0.7801982801582913,primary_conservative_holdout_interpretation_sample
10104,9ccb61f8a3fe7e972446fd07412d36f5f43c96097b52151fba6fa23541d6f586a0ae96fbfbed60e90c4abb4c87b33f63f70368c424ad42d2d43a07ab5fcf7b68,N,0,0.29149973935068824,0.7085002606493118,primary_conservative_holdout_interpretation_sample
10115,00a18479f5ec5427b28260a406a1bc972afd1ef1382c76312f14ef75c4b4e0b9acb9d3e75600afd5b6b6c4baf41b65d0c200c32c8138d24ced47d925a5eb1a8f,N,0,0.8380491451714119,0.16195085482858806,primary_conservative_holdout_interpretation_sample
10120,b343eec4ac86e7ae76c3c670ea94032a56580a150ac7ad2e45b93abe3a49df2ac58a0738c652a6108b6d36bc527e509261f1ccafa8904012f7997a0e26bcd309,N,0,0.8643042891812257,0.1356957108187743,primary_conservative_holdout_interpretation_sample
10138,e0904f7c184ba0472148037289c2b5b7a3e5dc688dca7623309f4feec0fa78a365b60d905b395ebbdd13fc711c87dbe1e360738db9c5f64bf09fe6c7d45603d3,Y,1,0.8963348383648027,0.10366516163519734,primary_conservative_holdout_interpretation_sample
10139,4566eff712bc6d978e459689464df8c205a9c90e1629b128c5313df1140e44a0b9bfac8f8c98204deda61e6f10eab4a8e336af9c199f896f3dd661bced75cec9,Y,1,0.973294104575209,0.02670589542479096,primary_conservative_holdout_interpretation_sample
10184,00c9e845fbe2f2b53c14e57c76dc9a683d0df238bb296fef949c85ebd4760333226d4c280e8045bfb0baf00231183fdca8484ec5d2b5b454ad2c860c184af6a7,Y,1,0.9798987709428333,0.020101229057166714,primary_conservative_holdout_interpretation_sample
10186,68c2a780eaca3041d69eed8a8a0f9a63894506d01d922bdfa682601ef9d7c455f2a0a77f5d1fea951fcb0cd97baa572dde6c4bd4fa86b604296e094cc883b11d,N,0,0.2197249333241612,0.7802750666758388,primary_conservative_holdout_interpretation_sample
10191,d15016141433b0083623b63e12151c95c2e180d8b6d40dfc7660c9e2a8fcad5d46079eacbb003a221977eb75fac9fb878fadee17cbfc6582f8650d335526b93d,N,0,0.2210999547859719,0.7789000452140281,primary_conservative_holdout_interpretation_sample
10197,42e704d12b528662574cf16c2251e0a70c794200e13a8037eb678b53bc3464f33a103d5c780e39d60fae2dc498f321460cf38b7f71c2e7e46b4bd3470a151028,N,0,0.28430167044676635,0.7156983295532336,primary_conservative_holdout_interpretation_sample
10200,9de7985847e4cbcb58c9b9890524c30468dc01d10bfd2c9d805d9bdc531741941cfbc33a5cc86e3cade2aee77d0abbb70cedf33be525e8216b589f4ae6536840,Y,1,0.8884889462902122,0.11151105370978776,primary_conservative_holdout_interpretation_sample
10206,343794ae6ce033fd9179043f6ff2e331c1d1eec89f996244eb6502c2fa4d6f4f3d2ade74dceb09fe5666dd32939e8de3a787f2c5c8c0f8c5e4dee4cf04906d7a,N,0,0.36229649303010597,0.637703506969894,primary_conservative_holdout_interpretation_sample
10208,5fe33641bff861d683e7fc3b2822ac21b3c95f092f452177b5916693355270fb8fa51cce9141a419881f8ef1cb5d3193a2069661eaa6347a29e558c0da7e9f8b,Y,1,0.9698994861161937,0.0301005138838063,primary_conservative_holdout_interpretation_sample
10215,deaf9be8617088654065d5c3d23ceb89cf22cb1cb04fecbc8fcc34ab5c99f6b2728ecf1832b23f4935e0e10281548f6de480da3d98617ec707ea2fa827c57a83,N,0,0.30651522423233474,0.6934847757676652,primary_conservative_holdout_interpretation_sample
10221,59aba20ab8ca1b0c1465e42024403d572d24590c1210811337d530daa384f70cf026d9154829218e7fbc1a2cc5435160ade9566d49744d5bc1af29b589ea5bde,Y,1,0.9134992071340985,0.08650079286590151,primary_conservative_holdout_interpretation_sample
10228,52e5c9ca7abe5d6326af6d66f8338dbb2ef7c76fe77b3f9cd0be549fb11244fbcb10dc758be2ecdb9167360ba66f8bbf3e20db41e6228611180d8e90a9d59783,Y,1,0.6589554306002818,0.34104456939971817,primary_conservative_holdout_interpretation_sample
10245,96da1f9ab53989183444e181970d5d3b4a9e0556742bd3db2f3c5b14a94315644006c662f355ae10f0e292e10112da801b12fde40d0a0930b0c1d3498c497970,Y,1,0.9877735879579296,0.012226412042070423,primary_conservative_holdout_interpretation_sample
10277,5913a549449bff1c78b66067b33c92b1eae3c1ace14381c120db8efdd63cfe415da1b8785800dbb975fdac009183fe63da3b3dc0522b1403ef8088ec84c4911f,Y,1,0.9556339672523562,0.044366032747643835,primary_conservative_holdout_interpretation_sample
10288,e6bf5c67f19ce2febecb6bc45bb6369b401164105d6470eb8d89523cee64b19189535bf20515f4995da47f5bfbd6150e5be37c0fce6c9d95ea1da143866d646f,N,0,0.8171947707607204,0.18280522923927955,primary_conservative_holdout_interpretation_sample
10289,5c13d379d27232df95354c89a1d15641e5ee2c4bac11a37eda3342818de0fbdd00a27f5307b5d001442b74fe4d9ab97f18bf32fc9c74034095ef6bf5e20d73fd,Y,1,0.29210382820833486,0.7078961717916652,primary_conservative_holdout_interpretation_sample
10291,076be52dc6ee57b9beeea4c40e0324467a8df8368e32c8971cf2b700780e07878e08b015d5c9f9e401bfc200050f868b41f9bdd2075ed0c08ea179cce2d00906,Y,1,0.7405540445777152,0.25944595542228477,primary_conservative_holdout_interpretation_sample
10306,00b859f8794cc121634489bcc309efbbbb7d5f03194aa4b130753444c9979491f4d42047b93b629a30edb70f31a853f677051e20055e41ef281bccc4bad4ce06,N,0,0.5422922323884398,0.4577077676115602,primary_conservative_holdout_interpretation_sample
10307,9176d1e688d7a2511271df560e90b927e8a30b9967942b9e161a3d0f057ad7ab5099abdad5bce979bfa9936391485964a23332154ceacf08fbdd34ab8c61fde1,Y,1,0.6898866715715065,0.3101133284284935,primary_conservative_holdout_interpretation_sample
10308,9db98ae64da861c71bbcd16e89c0a017050c1281201c68e4b541908b679a9778bb6e3ea653b28008288f481a672836cfa763ee08d1eeebf8c54e1cf924113b01,N,0,0.5052645784521821,0.4947354215478179,primary_conservative_holdout_interpretation_sample
10311,3e8684f99cffbda96644178bbbf085160ece51fe0fa149a71cecabb53f8dd7785e5a5bd420d0c447f3c7bc39247de01aad047f781493dda524daeb38c941741a,Y,1,0.9833478519794974,0.016652148020502633,primary_conservative_holdout_interpretation_sample
10312,675f8e15871d442d046a00f3be3c8cdd30c761d53a08fbc37fbd61272c421811464fc4a04de8b86c7be928ff8ad607735c072f22552106bef02ac2d6bf1ebb0e,N,0,0.27360857005451256,0.7263914299454874,primary_conservative_holdout_interpretation_sample
10335,296ab938f7cda13fab64cfdd1f5a907ded6b8a05359144872d204b1d458f01a2bad001f246b3b7a7eb1846df0907df456296ef169f04e9a5154bf963bec11239,N,0,0.7482478299529864,0.25175217004701356,primary_conservative_holdout_interpretation_sample
10341,a24156eba2ba241cf8b6a3cff5795f8a424a862a5269f0447ba43f34acb532b4c6d80587cb47173218989f20f9f59800ff28944b138118ce65db1130e2021db8,N,0,0.19386585610840876,0.8061341438915912,primary_conservative_holdout_interpretation_sample
10343,b3ed8db4ad08ee53e697975ded9b931444e8e545f652f900c62e15fb18dce2e3ec3518ed855f9df051952d45c1729fcc3dbc28fdf13e67adf8e4af2d91d25dc1,N,0,0.3316807163456839,0.6683192836543161,primary_conservative_holdout_interpretation_sample
10365,0c8c5fa87142b0e006798d2d2aebd27039069c58add11844bf8a2237e9b4573a62f333c1046f0c740bb25764e7fd846ba7c0a6472c82fb86a50fc1e35a2e465f,N,0,0.1553527627857881,0.8446472372142119,primary_conservative_holdout_interpretation_sample
10369,be8e016a527064a10f36510a476bf48c85664b391754748bb3ed0c20fe11e60cde82921c16b439b55781bd5a6e00c3dd21e2be199d0adc3e113cac9926946ef8,Y,1,0.33561954529851085,0.6643804547014891,primary_conservative_holdout_interpretation_sample
10373,6caa04df1710ccc4d785b61f8f39f1d7c47380adc3fd152b45184c8974255143d04f04178bc14eb51c170e0b11af5501c7aed657848c7222d0c0f2770694a02d,N,0,0.2291813656427492,0.7708186343572507,primary_conservative_holdout_interpretation_sample
10388,f5538cb7bbe40e664ca83bfbaff138837c04424f271afd92698516563768fed28774538a0d282627b1c0bc1bcbf81f73e0c7653f5654a7cb7fb569983160ffd4,Y,1,0.9259439189430024,0.07405608105699757,primary_conservative_holdout_interpretation_sample
10389,db6eaf208bfb493a64dce2b486c45fe72a304ad42e965ef21a4bdf3d53f108706b670ed933b02abc443e8ab15fceb48262fa28f1b8ca76cac80cbe98e73f3810,Y,1,0.9774854758229509,0.022514524177049133,primary_conservative_holdout_interpretation_sample
10408,e999f2f455a36e05d4626fa0c39cd8d724ec501a9834139f40c1c86583e02fb0c38d48a81e7a69fb118438a905fef6780172059fbc7887f97d22b09eaeff16ca,Y,1,0.4125127181586985,0.5874872818413015,primary_conservative_holdout_interpretation_sample
10421,bb47a17455459855ffd74c9ebba6f13a5a0d537bc58234514de8ccb9a06a4b99c08a0320477e5f892c70a39d6c4e07653bf3e3911ad2eb72ec1e66d183cbe769,N,0,0.2288390396087473,0.7711609603912527,primary_conservative_holdout_interpretation_sample
10422,ba581519c9a02ac6ada437ec14be0363783eefa218ad1f96e92849202293fcb61253a76bdf8d9e2bc19bf271d6db0578f4d70cab7e614f560fb95c08e9ef6bfd,N,0,0.697414407020626,0.30258559297937404,primary_conservative_holdout_interpretation_sample
10440,9df59c04ed2c29c7f33a66b3eedb20bfe0eca324496331044583f3c30d3cced91ab4896bfb2dd2c19f91b5c0637fa6dfa5f03520f419748091d4bde08d2b4310,Y,1,0.9884304828825038,0.011569517117496209,primary_conservative_holdout_interpretation_sample
10469,bdb83d10177f9965d5c3b7a9e726deb8e297b01fab39e3295a6546027b711f5aff61e74e830188016eff1dc27d4002c2f8f67e60478d5753856302ab18ec15eb,Y,1,0.9670740614399135,0.03292593856008652,primary_conservative_holdout_interpretation_sample
10519,32768af00c53fdbe8394b89eb7aaca58f701491ff873062c3ce55c91d0ffa5e276260c9c0aab76aa2d51f624d191848e634df896c7763f775e7a9efe94294ed2,Y,1,0.9474803132590158,0.05251968674098417,primary_conservative_holdout_interpretation_sample
10538,65e3e6d97d4d29b0f2ff62d28abe073c19cdec5e2c62f62b38f1700b97a1ee97c65fa4beee8c9c1e10a580ccaf57b45dc8cd75bc5f86a3c1a4785c9f86e89533,Y,1,0.9548395266763411,0.04516047332365891,primary_conservative_holdout_interpretation_sample
10539,36f0815da327c935a2c9c995bdb96d2d7bba01c674db2f01facc4a8427512696763a58cb6c799cb32e50fb60c3dab5cdf8178269e7da44eabd9ece99c6b07860,Y,1,0.6830011919602815,0.31699880803971847,primary_conservative_holdout_interpretation_sample
10547,4b265caa019753aacd0cbe275a1bbc173aeb44982bb5cd6498fb3d1f9f0381d7c13b0523358e501f0a6143c0ca5bf070a006f52e8274941a9166b0935dde5288,N,0,0.27929458789687606,0.720705412103124,primary_conservative_holdout_interpretation_sample
10568,0492be952ac8c3986f00d9b1c80224a52c95da268e24e20519ac77bfae92f981904b45597565845114d0e51b9697292f657e567d5cbceb666f6d56136922a912,N,0,0.693795811184352,0.30620418881564804,primary_conservative_holdout_interpretation_sample
10582,69477481d3821becff8fe8e08545d38d26805503d7087acb50394e32d2b4d834dba332dec901587e68cc3bffa0cef55eae10fba07ebebedb3e5df434384ce230,Y,1,0.9664747136820113,0.03352528631798868,primary_conservative_holdout_interpretation_sample
10601,9b36e101380ccc4d9f14ad52dfb3fe8d4d12d4620cddff360a227654cfdbca5afea5b2f947ee03377f470042a97cd039116323fcdd5331d7062b1d97912fafc3,Y,1,0.9147433597151673,0.08525664028483271,primary_conservative_holdout_interpretation_sample
10631,2aa17ea8eccc46cf1dbb6dbf3198cc13f16eb00baffda38ca66972deb09e907a265f5ccd3add57f8e4783df72a40b957458271dfb3c9bc7a4c0f2b0d2c0600a5,N,0,0.3020720801908516,0.6979279198091484,primary_conservative_holdout_interpretation_sample
10634,7e3a38c08a867f5c88369757b2525856f9b68eb7c4ebbde47e06c69823c41eec0414637ffd9d5e1cf842cf89efa199a77f4471f964354d954c9b44e4d981f3d8,N,0,0.6932923126889411,0.3067076873110589,primary_conservative_holdout_interpretation_sample
10649,33592b0fc52a7e14b7a4d4280fdc32fa717dffca0ab8b49a03dcdd6f9145b67d1690d019f0d33e335362c2f4c80ae61204b21fe573d76dd171ce7fab18daf311,N,0,0.8921259387712278,0.10787406122877219,primary_conservative_holdout_interpretation_sample
10651,06788e027e59d7ad3df5bc02f8eda81c8347b3705aa12b7dcb5ecbd4b2392f7587ecdcef75db97b4a20d7969802b264343f3b4f0a7f4ab06146c5c40da3f4924,Y,1,0.9442385140063304,0.05576148599366959,primary_conservative_holdout_interpretation_sample
10658,5310b04039617c1763515fd9cf2e2cc824a3f8cced6d19c60dcfc2172fc28bfa48a2121e9c336b92b47929bcf1b67f208f9a522f88350e7bd21cb5d3649e6555,N,0,0.6892635132269934,0.3107364867730066,primary_conservative_holdout_interpretation_sample
10659,f65032800d90997e65eea8641ac18268139a171339d1bf28a3f3f13e357213de749a4f15fd2b776f26d27dceddb65acf4124b5b6eccdec6b9592ab4e305b10f3,N,0,0.20050990878108443,0.7994900912189156,primary_conservative_holdout_interpretation_sample
10663,6e7f790ac30733c39425bfe26ff7815f3376751dd40e4c4e6cadbf8cb2696fea7d17a8b5776747b0909d99eaa7b22cb9633567515a7ad1af0abcaadeddc4350a,N,0,0.741185234886133,0.25881476511386703,primary_conservative_holdout_interpretation_sample
10674,76e4f0481680e602f04d97f117ccc2984ce01235c5f7721644850a722e72d2e18d543d748758878ef529b8f2520e969a7e7ac8867efaf981d322c2fe830fb093,N,0,0.830072765129561,0.16992723487043904,primary_conservative_holdout_interpretation_sample
10684,98b7e1f11817ac952436ea01a2125db9b494e01989ec1fa8193a0709ad49e37f3b974df3b0a4eecf3114875e22c35ecd091ebfc6528f0581a9889a9cd9c21061,N,0,0.37615632437811064,0.6238436756218894,primary_conservative_holdout_interpretation_sample
10696,9bc1d49146dbb0b865e804d3d571f1593ba389b9cfa5910e5cc0f70be37f5775f99420c237ab26d47c2850ba15722a7d2ed7f4a5e08b71aca8eeb03fef099db1,N,0,0.715907496731924,0.284092503268076,primary_conservative_holdout_interpretation_sample
10718,350ebfa20e3f6932ff5171590c6489d3e8bc548ece8ce217d5a66ea9f6b88ca77da8e819eb1b8237f759b119b23db2dd90a94aab904611094f3e21b7e44c77ba,Y,1,0.6661555534864194,0.3338444465135806,primary_conservative_holdout_interpretation_sample
10758,bc2f48ab4d93895df1dbf6dca33e043f2348433b356c7a44342f2234f23c4bc0e77cf9de64dea47f6020eede1f9359f1dfb60c922693c1aa7b0a7e2ef6957291,Y,1,0.9760736479874943,0.023926352012505703,primary_conservative_holdout_interpretation_sample
10792,95ecf008681d6ccacf1f55abe7924907a5a373c6b286a629328d0dceeac5039544c6861f3aaa9349e2965d7cb92faeae63b0281558cdb4a56e57efb1f20d67ad,Y,1,0.9632679839225066,0.036732016077493435,primary_conservative_holdout_interpretation_sample
10796,f1ad57711cac957d1f211de49f45b8af10fe0b7363db579f8ebecafc3ac634bb434cc3d35331363607697e94b9c275600923e8f4b9c6ff884870198d5dc90d34,Y,1,0.9503597854410282,0.04964021455897183,primary_conservative_holdout_interpretation_sample
10799,ca726e9266d521528f329479462cb8572f7f4e908a0e6d46324ddd2ef57f2b22b2cc7311de5d77d2c6e78ded4ce554c201f7b521d35e849a782c4092c69db10b,N,0,0.40603063284342,0.59396936715658,primary_conservative_holdout_interpretation_sample
10803,e4b1098afdf26ea0a5d942872abb88815380047dd0e17fe0a2da8f36f4248251bb479a9dd6aa870bf9edb53593bd6551ba4a25f365e4b1781b14923fdd86ed12,N,0,0.6820041201721333,0.3179958798278667,primary_conservative_holdout_interpretation_sample
10826,01b51b1b219163121236d1cdb6d56a752b6b4b1e0c7fa27ac2bd2b147d02fe991eeda54ad32dca50ac69d714c99f85511346d24d1783a372cdaecf2760198f75,N,0,0.48659118018871994,0.5134088198112801,primary_conservative_holdout_interpretation_sample
10827,676a5e98d2ec43a14eaa72b4c01e366368a701e0d641d4b444456102a3692ee5af7325e2ff4cfcb64aec513f70319d75cf653cd92fa06dddbb7d2724dd8b7573,Y,1,0.9534558946111052,0.04654410538889475,primary_conservative_holdout_interpretation_sample
10846,ff9660e0defaf9548d130cab00a65c573833581c6a7fd218ba80789abc93746205574e35f1e4d79df39f2759aab913b19fd6cc9af7c9716e8d4c2f6621d81e59,N,0,0.4185687586437667,0.5814312413562333,primary_conservative_holdout_interpretation_sample
10869,201f52561f316d8e244b87b93f7763b6fdf043f9bfc4ab995544025c7692d1dbf84c48727613183983094eab697bef16137678a4ce225ddd939750b8126fb8a0,Y,1,0.5916065359704648,0.40839346402953525,primary_conservative_holdout_interpretation_sample
10887,5625d19b35f2f293c1e6822d071b2f7de5cbc90ce37daae2f8cdb5a8abad185b861dee6812febad1a58094492449826320a5d1d0975a03d074b2927d8999ced6,N,0,0.6399647045969614,0.3600352954030386,primary_conservative_holdout_interpretation_sample
10894,9b500be18f654b1b1ca570450c02f878817551b37b5d47d11c0b8e18c25ac3aecc0315b3bfedb5ebd4fb5d24beaf93e1092296bdce9acbc2a9cac2015139333e,N,0,0.5428925702864692,0.4571074297135308,primary_conservative_holdout_interpretation_sample
10910,d9e5c96334c11e2256f05df8187fdfebca921819ecdd9f82585649fedc5290b4e37efaeb88cddb377a0f7bc3cf61a44d28579631b5dd39a284decb2a49a063ae,Y,1,0.9329246064317647,0.06707539356823533,primary_conservative_holdout_interpretation_sample
10913,e1d872bcbbb140a53e03eaebfce8b3c193532387fce67caff0da93db1002336471210dd138f420e3bec06a6d22f0b8cf52bde208ae671b111c50284c45c7dac3,N,0,0.6051100323011341,0.39488996769886586,primary_conservative_holdout_interpretation_sample
10916,de644d168a0402feff7d7c81e33219897dc248364b14112eb3deaf63e109157c2311727a3587c78d056f71d165b09f18d25bbb4c6e4c58d20125c08812ebf0aa,Y,1,0.9047040130595821,0.09529598694041785,primary_conservative_holdout_interpretation_sample
10919,91a5020e03f02af899fe5b925b23a67d5f604d20a76ee759ee3aec1032704fed006fbbac2bd196ac83184293d3a901216640cdcaf71ccdc714a77ff3c31fad61,N,0,0.9370456936124305,0.06295430638756949,primary_conservative_holdout_interpretation_sample
10932,c1aa38dfd60336e49b81e6d1b75993a6fffbf6a9bbfed10854b4e5d2a8faca00aa0b0713f014b6022902ea9c25c65d55b44acc06bb45b8c2e2af7b92b2925ac1,N,0,0.3155576967467304,0.6844423032532696,primary_conservative_holdout_interpretation_sample
10937,9a211d614ccce4f6fdf19f7a89eaa9f1fee3ad1a1b4ac16d3a4ab7122fb8d8a8442c7b42a2d5c95f47d2b6095fa0c5a2f50fe0b3265dff818b09e9ce2f354262,Y,1,0.6640014676488007,0.33599853235119925,primary_conservative_holdout_interpretation_sample
10941,9451cfd792d62e5b753b26b1cacc5e9defd5f193d51bc2528de1a1c1ed2dde1d75839f83d38d1eed583400b76fe55f6fb3ffc8d84a248aab644252c64299a619,Y,1,0.7662699130215452,0.23373008697845477,primary_conservative_holdout_interpretation_sample
10977,eb378be20e001865f8badd491ba31a7d918bdcab4b56517f9fc78d74c8889b01592ffc637ffcf2a0ca35037e0c938800d0296bccaf038d689545ed57872d2a6a,Y,1,0.9824598553504422,0.017540144649557776,primary_conservative_holdout_interpretation_sample
10986,f794173cd37f859b59579835413847a789fe7000ba14d28a2c65201ef9eb6a0e115a40bec64559d4c0e0b00e06af0558f9e64a70b7546050f3f022091433488f,Y,1,0.6468949047036059,0.3531050952963941,primary_conservative_holdout_interpretation_sample
10988,23488d2180c7b85b22aeb697ed93990c2ec38354ac8128e8a125a87b53bf46154fde311df13d106a894594e8841743a4edea745c5ed3d633ab6c092c94a2bdd1,Y,1,0.9885000161576266,0.011499983842373385,primary_conservative_holdout_interpretation_sample
11031,57cfc792787489a32e7195d128f8508b1f1d8fbb062e1774af226a270cb7d6a067c7090759c6600d966783ff4d208140fa62d67d4ca724f503479353b304c476,Y,1,0.9146478331130967,0.08535216688690328,primary_conservative_holdout_interpretation_sample
11035,dbd0545cc2d383be0c0f5d01e9b58f8a88148058e8be0866265dc1ea123c7e56881c7884e1a63f6b111ecb14ca98a0c2f9019d8b7148f3c63a861e2c394f7f21,N,0,0.7275525432556739,0.27244745674432613,primary_conservative_holdout_interpretation_sample
11041,53f54f5f3d18fdaae511c8f12f362412e356a05028ecb8962edfc25de8608bdc14c83909de31a806dc199bf4584a1d51a582764df9d3648ba30eff781330439b,Y,1,0.6371368647534358,0.3628631352465642,primary_conservative_holdout_interpretation_sample
11049,071ec5ba8772fdc46237953650595387f54614498a91dfa0c54910d8ee5ae132b597edd13780693a9e46ac7c20009f07af9cf95382fa015812f64fb6fc0fcd86,N,0,0.6661555534864194,0.3338444465135806,primary_conservative_holdout_interpretation_sample
11058,77384d1815815188d2326972318086e48777214c0978986c023bd31cf22932a3ccad07ff8a8196ad50052776073a0fdbdd59dd03b3b3e5c822d40b9a57d9534d,Y,1,0.970726326208998,0.029273673791001986,primary_conservative_holdout_interpretation_sample
11062,9a4d18d3aedc8a2be7f7948464a46f38182c3fd71a6728efe0d781be88deac2b178d5045124cf95c507986e8b1dc47d4c60d20dc664ea066a459d5b1c4c28ae0,Y,1,0.760151821521051,0.23984817847894901,primary_conservative_holdout_interpretation_sample
11063,42234a88080de464c227c8c563cca15c660137af2b22b9052ffc4e94e0bafd8282d7b9a5cf0806a07954abdaf100658e1da37b6503e46047693e119088963d42,Y,1,0.9797883139075352,0.02021168609246482,primary_conservative_holdout_interpretation_sample
11067,46316bf8ff60cc896ce8775bba5e3933a30f9101258f94a4e900d42108e5a20001088104e6b1c063660ea674464f33ac83892ba0c459f422a9adbdb4134cca04,Y,1,0.21253864822460722,0.7874613517753928,primary_conservative_holdout_interpretation_sample
11075,33961702186baa748ae7d7a5fa678961b85e9f2122b842c6db33456e899614c59460bf939c51672019e6b6cd5b54d6c5120674ae99f74ffe686e711436f328a0,N,0,0.8991357323453558,0.10086426765464418,primary_conservative_holdout_interpretation_sample
11077,5f62d5966d905e69060bf08263eb7bbe854a538100c41c86a48fb3ff6137614d89b6f56532ced2c444e5746decc56b5131fa882401f1536e6db10217db41c2d5,N,0,0.39890579792724407,0.6010942020727559,primary_conservative_holdout_interpretation_sample
11083,3452029ff5de6051fe05ae2db82f0726ce47f0d5d68ba0ffde2bcd3edad9222917cf292f6cf17efd719eeeed21883adef3f7806161b9564c39cd845b5c5555a1,Y,1,0.8535842519973004,0.14641574800269963,primary_conservative_holdout_interpretation_sample
11095,8cad65ef7ea460d6b7635d70fcb036bb90d2f94466759deb1df2434edaec7737a4b7b30fdec0cfac09261bac1fa5a804fb90d05ba2b27a79d19540c1f758fd93,Y,1,0.9764757833798876,0.023524216620112393,primary_conservative_holdout_interpretation_sample
11149,b728a414dffd7b00c1200375cce1eac9aaa1cb3aeee209281d3711c0e8767554c3c1e15aadf7b7085c06a7c02f4168ce427f6de3ae856cc6b2bf61c9cb3c09a0,N,0,0.16830085606953604,0.831699143930464,primary_conservative_holdout_interpretation_sample
11166,55ab40204e2237455ba73c05119a7be3304d6850ccbdfa0617a6f1cd9c526ddc3d924ced15651e0244ce8fa73dbcc7db06d3e43ed95f89fceb3725ac833d8b89,N,0,0.5164752199399902,0.48352478006000976,primary_conservative_holdout_interpretation_sample
11232,9034f00bc41e8c234cc9c2a281c478e4f328314ce88d431d65bf621dbc62a906708842351fb3758952a48e0b7b2f12334a3279aa62b758b14ca18af50d98be7b,N,0,0.4481118962945781,0.551888103705422,primary_conservative_holdout_interpretation_sample
11246,00bb4d643668cc2aa9803fc488739051eb7b1891c766e12904998a4eeedcaba8c6d034aca69b5e89436a0a33b7c9a8d273b37871da88e48c61e18d4f18f87a0f,Y,1,0.9657627456318418,0.034237254368158165,primary_conservative_holdout_interpretation_sample
11257,2728e867e413711b59804eb3e817a025cea774c1c40ca9170341b68d32a3509e588ce249419d43926107e0077b1be5e7e0a1a864df3148c0bcaada23b1a99d9b,Y,1,0.845111945060725,0.15488805493927504,primary_conservative_holdout_interpretation_sample
11259,1c7987dedec35795e76cd38d920bb982b6102ce45b084cbc295b8fe223b3afebdb9ce0cdb2d7581accab527efa148894d3b0865ffb95e1f83b73563cde1b81c9,N,0,0.15496786763870385,0.8450321323612962,primary_conservative_holdout_interpretation_sample
11276,49d30625cc8becbe8ae3e41ba5406d0e2cba7247b74569228e9352fb4f31d27a224eb00cb212d4554ec0e4c802ecf81685dd5f20e2c2ffb8414d05dd8cd9072f,N,0,0.4501444500493864,0.5498555499506136,primary_conservative_holdout_interpretation_sample
11287,b531555d9765131e4cf967e928627d2a2c3f841e925d25a50866c134d969863514da1288a1786c8d8051a0f788bef2d46b186d5b57a0d7d184d941e45664a260,Y,1,0.9520586610151971,0.047941338984802906,primary_conservative_holdout_interpretation_sample
11300,b78d41ffe6921e3270fa47d708edd273321fac81889ffc77be5865b90904bd32f16b92205465932884d880a867b4493d5a74d349ff85afc8a0519066701b9a07,Y,1,0.8953389204033374,0.1046610795966626,primary_conservative_holdout_interpretation_sample
11301,a624fc6e936e32666a150115dcfda9701e2e3a0df6b63e3a7b9bea1f8ec7533ddc8c4ff274548fbc2d33be8d2933f4932c7e23a7bcb20b4672b530a4398feee0,Y,1,0.864933978530347,0.13506602146965296,primary_conservative_holdout_interpretation_sample
11302,bc97d25362a8573cd0e5c64eed3591e1757578010bb4d5bb8188180b2b6725fc3b85337bc7bb5ff3c8aa031e08a4948310d002fd41c671b70ecd1e045bb035e0,N,0,0.24275098197759978,0.7572490180224002,primary_conservative_holdout_interpretation_sample
11305,9de8c391a90e1df0bed574f21b7a0931e1b99197637a50ccc50e5421b66030d81e6d2d62b507d992d020362b3c82d874d114970e8d3db26a7451d442f1d987d0,Y,1,0.5833780865620035,0.4166219134379965,primary_conservative_holdout_interpretation_sample
11333,95ed07c7a5fdbbb8c5f4d100e198402759606b09fa59fd2a8e3875542dee48fa628ea442ee719ad1c707403e494da7e356bab15cb1eedb2bc4b60957f58acad7,N,0,0.2817544825377451,0.7182455174622548,primary_conservative_holdout_interpretation_sample
11348,a05622e80240b8c691952ba0940de0bc1af88fb70c445174a6e97a82854b45879b1cae6c6c0623fe908c42e15013fc2eb931294d082fcbd47f4d95b0a9100636,Y,1,0.9396093604659207,0.060390639534079305,primary_conservative_holdout_interpretation_sample
11360,c0e52911bae2ddb40c13634a1b9c4c907cd5bda4dfe43a82f2f1b300834f22090b2f56c40359a71e8a9d0507a385c065a954fd4da84102dcb49db60da286776c,Y,1,0.9690707318185182,0.030929268181481784,primary_conservative_holdout_interpretation_sample
11382,0d474d164a6a4a2788b03ac8be0710a9ea0aa5f61f460d5e7def54dc9f9d4caf1a5439436ead638ee1f2a672b746d8832a69582a102ff4e9a0cda884286f003d,Y,1,0.9625865658477183,0.03741343415228171,primary_conservative_holdout_interpretation_sample
11393,8b3dcd72aa172cc737076046a923f8e76eb3c243611e84573731f483e007b095d52a04939e967d35e7a9175408b3dfac73ffc145e6f44b413b53442630fe375d,Y,1,0.23474233935625918,0.7652576606437408,primary_conservative_holdout_interpretation_sample
11407,45f9ccad145133a482e84404c100c1bc875d16cd32550b079d67bf00187d24b75c005251fa2a7b5ac7c68094fa36649ef6665602460fa604f834013f9b26c977,N,0,0.24199726346500525,0.7580027365349947,primary_conservative_holdout_interpretation_sample
11410,2c61a1c88cfe408945960b0de75009fb3fd6a1a3ec765acfd98225ee109de3275b351899c7870c5ee1c9cfacfe10938e3a96e117150d5ec2995afaae919b3735,Y,1,0.7265578461536831,0.27344215384631687,primary_conservative_holdout_interpretation_sample
11416,7ecc6fa0175ce211c20e60d88d8873f59022142d369957d07ea635e6b67749b95e57db0e64c0f8f7b2d2689436fad61074f61ecefd63db2bb792e2e58108318e,N,0,0.5329861637982829,0.4670138362017171,primary_conservative_holdout_interpretation_sample
11417,03abe52794ab31cbc3a1e8f8ae815bfdc6e94313bd84b928a78b07f3c73960ae25bdc06f3da8e98c174ec651b60d51d2ca57a264d4f078e39b00b52ad7ffb723,N,0,0.23940610995977737,0.7605938900402226,primary_conservative_holdout_interpretation_sample
11420,ceca0a01a12cc2a00391009607da9301272fa6e8bf8a4db66ad892d9cf62d03c159554e4d57fcd2cca0e2f4d08719cfe3dfbd1e3b8a5d9148e66f88c476efa0f,N,0,0.30462551174701585,0.6953744882529842,primary_conservative_holdout_interpretation_sample
11446,af20164650e887d1c907698cf9f1e4e19e49e0217969e9d538d4d12034101e220f9c345924004a30cbb611625c8edef1eba9d5a70df332eb069a38f11698cbc4,N,0,0.6661555534864194,0.3338444465135806,primary_conservative_holdout_interpretation_sample
11458,623c452aa76dbe2acb90e8215360291abcf9afd1f70728e558b475a4723138aced59f510ef38df57a97343200150011015df75f4188062f44d033f6d9604875e,N,0,0.6742305392013034,0.3257694607986966,primary_conservative_holdout_interpretation_sample
11460,f1e667ad6019685f1786e8464b9f6e40b8faac467fa0c4c3dd909e8c8e734b6bc52e34b146a4dbe52ef156c05187d4dfeb1589ea113937a3c87e85fafaa6f680,N,0,0.7029175559286646,0.29708244407133544,primary_conservative_holdout_interpretation_sample
11464,dbe2d4cc8763e93e57d082608f33cb1c5e94514e83cc0cf09ddb6f18a616ff687a1424d005414be3ed7cbbc119494e05a92ebc54c59c8aaf6bfdcb38098c6d80,N,0,0.7687959439261868,0.23120405607381322,primary_conservative_holdout_interpretation_sample
11471,bf6ab0f3e8201d4c4c8331c3bc733e83b94d1553bee17dd3b97a8b714b3cf88b660a6626a5eedd793fd4b9a4a3e2605c701008ee2a1edaa2ff41eeabda5dd6c4,N,0,0.4968573188410072,0.5031426811589927,primary_conservative_holdout_interpretation_sample
11486,9475fcad52e6a3bc5d0a16e1146ffc4a3d56eb860de1af9823831c90d1691c9c88088d743bbe0505f4a898bd34d2c4a73bb084613e3b55d12eecf4a845b30231,N,0,0.29022061157376555,0.7097793884262344,primary_conservative_holdout_interpretation_sample
11493,0258fd467c5765400d487d203f7c77afb597120daa9b1ede96e6a06122e89ea3120f1c5b6932ce435b954aab5da1999305ab7de84225bd741ee334c26ff1ce33,Y,1,0.7450679283140695,0.25493207168593046,primary_conservative_holdout_interpretation_sample
11500,bdc16e8efa1439355a082f8429c201f51b994fdee23ce26cf176bbd198df891bc5e26ed5b05a17903f4b71db54ae0b8dc83eff3260c4cca3055d30b4dc4ebfab,N,0,0.5328900319298825,0.4671099680701175,primary_conservative_holdout_interpretation_sample
11511,3dfad8975a9f1b618a1f5cc64e67ac7ce13abfc05cbe6e46b34414ee5c39749688cd47951f87f540cd05142f3f4df22ee0448ff051462364bc9f8a32ebd5009a,N,0,0.5176422133684779,0.48235778663152207,primary_conservative_holdout_interpretation_sample
11518,828d0fb5c1c1881f79472f56e2223523e1a161b91a8faf442d651dcf57f7581b4ae6f669b2437ce20d4a873ce1dfd898112fa11d2c24649f149afd4adddb4cba,N,0,0.38261957174314426,0.6173804282568558,primary_conservative_holdout_interpretation_sample
11528,12b5fd71f69d6f4a3591f385b22f364e421c298b7df479a487941fbc9f2c1b058dde49e72bf094821b3a7eae9b30eac03f79bfbc45225dde1a157c27f5422981,N,0,0.3770176063320242,0.6229823936679758,primary_conservative_holdout_interpretation_sample
11534,f9e7f6565b2228c17141d08567be77db982e732799f14a37be705169e94b7a7c50337763be9cb602b591b50b419b1030a95a5a5f08e11b4f596681d3b028b456,N,0,0.605878993055526,0.39412100694447405,primary_conservative_holdout_interpretation_sample
11540,75893e87955da3b6d01d194df8a3c9828f105d804fe9cd2e55c99ffb27e8ce4300c10229cbfa2e7f30a274908111f7fa984bdd522cb2a29eeed05b0a1a280552,Y,1,0.7150496924353572,0.2849503075646428,primary_conservative_holdout_interpretation_sample
11562,120716161e44a23c90fd4d4353b32fb9a8558d09fce0018e7dd0eb9f9efae7b022473fef55da62d357ae5b563e76af59e123e488f330794a48d6057699d4e063,Y,1,0.9342147275110371,0.06578527248896293,primary_conservative_holdout_interpretation_sample
11568,6163e3776c4429fa2d91454219169ced505e4d585a801ed8ad4642b59d8e5c7d40497435d848a7199d99cad8f8378e2f5d308f6126f5aa0f1762366678e9a2dc,Y,1,0.9385525602503435,0.061447439749656496,primary_conservative_holdout_interpretation_sample
11596,452db347361cef9a24ac826e50a03d7e78970bb1101e51a58993cc08a6abb3ceff4a10e403cf0b837e7666a7acb03a9d55779fb5952b080a6dc323ff7e0b34b3,N,0,0.6528066179217445,0.34719338207825545,primary_conservative_holdout_interpretation_sample
11607,570ec7d5682062ccd9fc4c020cb0e88fcd4857de57f0f5028f3cbef2979b4b441ba2342e148e05a41d2b2d97f55adc082cfbc5625d6281106bf9727740d0084b,Y,1,0.816546745134804,0.18345325486519604,primary_conservative_holdout_interpretation_sample
11611,a5b82c0be9d9542bd95ae6ef0eda4d2cc1e92a069ccdaacae05c9fb1bec0d4ccd380a34c1826e5caea27837e9f7545999062c9a902468fab048fd71ff470aa44,N,0,0.3241692268657349,0.6758307731342651,primary_conservative_holdout_interpretation_sample
11613,10b4782ee7559227693dd4c5f00124592a8343b89cafb04a65ba2a0cac723c1761e986df94a45504eaf4a270d8e4620ca98c8c822b747f7b2a562c860157466f,N,0,0.1608196972444922,0.8391803027555078,primary_conservative_holdout_interpretation_sample
11630,5a8b5d6762e893a7e67bb9be79de6b3404944d9ce7fa9afff7a646741c2c55aa8f9f1078e0a64198d535058af762a7daf0bb017b7c85e1edd82729e60d7b259a,Y,1,0.9196416264836799,0.08035837351632014,primary_conservative_holdout_interpretation_sample
11661,1d1a67609b594c8530b3e95dc339be69a1e65d309df839beed3ca029e95e11ade24a4696f5eb53b86568388970412e71c9a74ebe655d0262e44f2543645072a7,N,0,0.7042199709896817,0.2957800290103183,primary_conservative_holdout_interpretation_sample
11662,faa97c25695f27a66ad253c42e0e3ed750a850e3c6e29d7412bae40832dc0e6a0c4f4b25db1259ecd777b271b98c565cb204b43c3c379156d0d562e931007819,N,0,0.2409090356802474,0.7590909643197525,primary_conservative_holdout_interpretation_sample
11668,e0118a56bd0ee037cf8bc7880e4e348febf5e565dfccc719ddb6efc06c629c08e0f217295dd379cda3d909cbe5cf386f763aafe6cf7d36904e90d543067a76e6,Y,1,0.9112057785070736,0.08879422149292637,primary_conservative_holdout_interpretation_sample
11669,7490a362ef14083ead904e785791d0220483ee58c7477376632e59dd6894bfa4865cd53a102803feb4232b19a2e50b1d9c940d5713d9797e645accffa96c21d5,Y,1,0.8999623445751391,0.10003765542486087,primary_conservative_holdout_interpretation_sample
11678,397215b905c28e70e9461217bc9d9daae8510ca20c1004fd6b0c381b19fe07c396793edd92ce794b3073acc8983660e08397365abcebe46f8a29d1a7a44f87ed,N,0,0.2076293955854139,0.7923706044145861,primary_conservative_holdout_interpretation_sample
11734,62aa7f664b295f1bc3765fe740c2e4ae2ce1306ad335b341d3319360d23ed7334fe3db32d210d0e4cbe7653bf9a176fb71c268c9f5d9f2ce6c6fe5988442f2b7,Y,1,0.9670032611845415,0.032996738815458504,primary_conservative_holdout_interpretation_sample
11766,d9c046599927ea0fea1e20057abc7f11018d4e267dfb66885878b46b8f3dfa416b79a06a3ae0c92756880b661434296b20d0ba19a1f8b376c7b7ee8d6e7f0c1a,N,0,0.23443697444962594,0.765563025550374,primary_conservative_holdout_interpretation_sample
11792,2ed185adb1fc10d7aaeca820853ed18669ab2c1d039ed7c5088053869b78e9ef9c5059583cb9ef9626406ab0c7f16bb765f4955337d17a79b115a26926029633,Y,1,0.9342265650553853,0.06577343494461474,primary_conservative_holdout_interpretation_sample
11797,f61c8334600c571f770d28ee0a5eb458c1e23319c22a0e1aef2b02a3b50b48b1ba2b51919e73b1c92115be9c4de4c60699f5e2428b677e0f7fa9c2facec03634,Y,1,0.49383110193931207,0.506168898060688,primary_conservative_holdout_interpretation_sample
11802,6a555bbd9a425c0b8f18e35e574c4da42564d6b936720e3257de9c36805edc1cd4e0bf7dafc72d564f9176efef3ff805374615f966ad49e3a7719b277483a7fb,Y,1,0.901016791178258,0.09898320882174205,primary_conservative_holdout_interpretation_sample
11815,be30f8dc36f1919a0028342e24a2b13150a2dd5d409575477d9d997c6d976ee20126ffd024af50462fd6dbdfeafae70d8b6a94810f1bb2cad7e0c74167a360bb,Y,1,0.9500090698912655,0.049990930108734455,primary_conservative_holdout_interpretation_sample
11816,02c166742858c110828fbadb8a60b06dbd3c791683342f37d46cf6284b6876825c327041e161ff133120d7f6ee7e9b25aeadc7f56274152f737b0f2781033b1d,Y,1,0.9533524493960193,0.046647550603980736,primary_conservative_holdout_interpretation_sample
11817,106dfbb521df329a1a698ad369c676a6b342be6538c3218a40178a922c7748fdfaed01f9e5332320e7a6f247308020694d46d778cea701d08973cfe00cec4e6d,N,0,0.4634414880583327,0.5365585119416674,primary_conservative_holdout_interpretation_sample
11820,837d22c10f4bd8c063cc51aa8f596afc8a942f87b1f52bb4593819fc7aa8c4f9af043f006975b49fae15dbebb7d0d1919f395163c67c17e4eef5af01e0d7ce44,Y,1,0.6661555534864194,0.3338444465135806,primary_conservative_holdout_interpretation_sample
11833,6ccf37b6c006ab6cc17e52dcdf72954724a5946b3d3c837b93bd503cb9b133f91281cdd247e7c7a627a5827fd2243909119efabf60d30b1897c1b05fcb5671ed,N,0,0.4607686236162735,0.5392313763837264,primary_conservative_holdout_interpretation_sample
11843,785863a84e8988bfa2050d69969997130e5629b90fd8c63cdaa6bdae2da17f0d6f158f9a82f20173fe97108700bd733c7f046788d99b84611efaa12884a63259,N,0,0.38281263688384515,0.6171873631161549,primary_conservative_holdout_interpretation_sample
11853,c4bf126d8d7d2cdc2091522429fa7174dc045f8dd4bf830958348ba35aef416f40865638d3139fd48eff74b54d8bcdcf6639ca64825d0af99aa96b6c735f3bcd,N,0,0.3631178021241885,0.6368821978758115,primary_conservative_holdout_interpretation_sample
11865,ac9027baad9f6d677e343d40cae4834f2f475751bf4a55692dd0c77481b0005605960257d8d53e7effa0569d8f297452012b46a85140ffb6ef797ca52ea32e86,N,0,0.6347206273570858,0.3652793726429142,primary_conservative_holdout_interpretation_sample
11866,7c85388bbff32a36df8de4c137fbfefa1a0b3059ca2add3aa36cb56599f699948036997e941bcb400f9e54d56b076938a9729cac7c9930c6cf9c5509af2bfc09,Y,1,0.5651322027419271,0.4348677972580729,primary_conservative_holdout_interpretation_sample
11867,d29065208d8af0614791a3c33ef96909c07cb21daf4d4010ee82050ce2264eaa5dfa40b9a35e78874e5f7895c6671bf4987d09470c739c1bc6dd7a4f96078f5b,Y,1,0.8517488624308812,0.14825113756911878,primary_conservative_holdout_interpretation_sample
11876,38da09d100db339a74b92ce57a51a5f7f2e7b1b1dff6764e55519f1b84155491453b5f566c55e796815041c04a5cb07ffbb83381c6fe2588195785a49fffaf68,Y,1,0.9535453122203854,0.04645468777961459,primary_conservative_holdout_interpretation_sample
11880,e3daf0e0758bdad0fb457b6842324cc26bf62d6e158a69cc591fd7974bf96b11999b64708a329b7569126c30de5eacf600b16f42852f7b58a15235d9b2392fc4,N,0,0.2657993497536582,0.7342006502463418,primary_conservative_holdout_interpretation_sample
11882,62302014857b2625ff40dae55a765128929fa36670895a3342726e485ed22654aeaaefdcb472b949732d7b97096dcc91faaff1be4fbb5d9b4e55a69bad5c45f7,N,0,0.3533618172779511,0.6466381827220489,primary_conservative_holdout_interpretation_sample
11886,073bbbf67436dc2cf147ee2e1c0b95567705fc665e1c8205c32c734e263337a2cbc1ef29a049d79f0de4353a0c58bd411ce5e9bfab62203d19fbdd80a5356c99,Y,1,0.9698281585888664,0.030171841411133604,primary_conservative_holdout_interpretation_sample
11897,3c71e0f043cdcf489772b295c5bccd8e2fce0867a6b316744370282baa0d42515df9200816cbfb5492f5192d1262da272daa6adbf2466db3130fbe7e8f5cf093,N,0,0.16143101006052657,0.8385689899394735,primary_conservative_holdout_interpretation_sample
11903,52aa3bc42130da9308a7a48fbedd3b509362433f78d1b9d00594281837dd0282780470188575c14f7945db46c570f5f63c4b8f74e6f4e9a2a8212aaf416b9f72,N,0,0.8852003892394189,0.1147996107605811,primary_conservative_holdout_interpretation_sample
11912,273ce9909c6c18069b3cab31e6f8ee701861558e6e9aa3ce3bb97a01337c1b479f875522eb40f26938ecaa2bbe271ee5215645d2702cd2b48c7d9c59532c34e3,Y,1,0.2452558706551584,0.7547441293448416,primary_conservative_holdout_interpretation_sample
11926,1f053e9fa3751080dbaee0d39ecca87211a1946c9b368c4468e9b9b2a147e50d95101ba224513d5554e7a3f11c008d8d409fbbc0d77bcc33c2538948ec1e6d15,Y,1,0.9255501061563157,0.07444989384368428,primary_conservative_holdout_interpretation_sample
11941,8a9db9940887e4cce6e4ba6b218c4c68a967a3f79e056e0460043adb6a0ddcec7edfe0b8e4b240f00347cf7d8e05e0efe297d5a460e695dc8086f84a7045bc8e,Y,1,0.7930411405657039,0.20695885943429615,primary_conservative_holdout_interpretation_sample
11943,2d33d515cf2a08bc46c6d211a9efe3aebbabc39b2a1fce1a0a0e39a655280a29e4228f7a2533fd5d93250bef2fc914f4f3dcb30e13e06dff29c3d4c7ccf97671,Y,1,0.9676448752728621,0.03235512472713786,primary_conservative_holdout_interpretation_sample
11961,ee10099f4c10ea43ffdfe9157a91daa865d6db254d67771a9d6510d440c6eb798d1360495b7f007eb20cd29ad1119686dcfdcb01c7c3465cc61ac29f4f372306,Y,1,0.6661555534864194,0.3338444465135806,primary_conservative_holdout_interpretation_sample
11970,df460d8c49f1e2946d5ba159c02e8f16adb170d732ddf11086f1cee3b7c61b1f791595a05dbc06d1ceddd53f02d26fa01e78192130555c1c2c059065316a2335,N,0,0.6661555534864194,0.3338444465135806,primary_conservative_holdout_interpretation_sample
11983,f80678773c652aa2d4e0dc16ae74e827734f97add0bd03319e36f7afac2df292aa23848bc8cfbeb20cd1a2fa15850153b553960fdf4f471a68450c80f71f4e8a,N,0,0.4309101080550707,0.5690898919449293,primary_conservative_holdout_interpretation_sample
11992,00670ae6011962977e8d8d32fcfffb1c880d80f551caf90cf3ab3710490b4d01155334440f2cd51cffbefbbcd15d02e0ed8af564969adbcb81677c58371e0897,Y,1,0.845153061309488,0.15484693869051203,primary_conservative_holdout_interpretation_sample
12003,b21a0ef250e8c8463dff014918ce0d2296b44ed38b6a5cbbe77820fc82c72e8752ada9407f9e6729216b27b298af01e7bdddbebfd86af9932e13317157f53622,Y,1,0.9715487941465853,0.02845120585341465,primary_conservative_holdout_interpretation_sample
12043,4794e56d487ab6e411c7cdaabece037bafed57a252b29c12bbbeab34c2ddcd566369d55e91eb9da445ed8c78d3d9f0925b1633d7dfc166d30df98d92cb72f31e,Y,1,0.2279698508757018,0.7720301491242982,primary_conservative_holdout_interpretation_sample
12046,3d5169a4993f4cc6706bb1ac1db5c8d2a225caa85553078d20a337dc4ba78f1e07db99a50c706d73d7b7d2155b8f3d43a83c4bd80d648483dcac55ecc0fe9822,Y,1,0.7862559237984155,0.21374407620158453,primary_conservative_holdout_interpretation_sample
12054,443f775ed5643e0ad91b6a53435e3543a1b1e5795882f67a9f332c6de447a6c7147fffbc8eb4d9dc301f8c9a0cced4ac9e49b5187f8fa44133a08b63d3f0db19,Y,1,0.760151821521051,0.23984817847894901,primary_conservative_holdout_interpretation_sample
12058,c90081dcb449dcbe052878f0219943d1629553c28dd09e23b82962224f939605e0fe049da9859c3fe5d3a58df6ac931a0fc7b8530e7ba68968fb351682bd9da2,N,0,0.9217878702975424,0.07821212970245761,primary_conservative_holdout_interpretation_sample
12078,110ad579268828a0fc0001a69719c0df752a6b382c35f5c2e1ccc8dc5fce6efb0bde60b2d688a3f88d821cc3671ba11bdaaf47afe1aefad5d4e24bb53be19467,N,0,0.9832759179128495,0.016724082087150483,primary_conservative_holdout_interpretation_sample
12111,c4ed81e141e072a2479de16f1f605c7ae736c86dd7decf8e23dc644c80af5b64eca0f4330f63a52c96c45ef695231b8443969e277583e3fca40f4cf70168b959,N,0,0.2934686131880187,0.7065313868119814,primary_conservative_holdout_interpretation_sample
12117,331acabe72f378abb20a5dba1f0bebbee0f637d2e036332a0d5441e4e41e5bfff24942df17bbfa51ec3d16b5b845fa413b4378862c77ecde1eb4335e841e2eae,Y,1,0.9684484384344056,0.031551561565594355,primary_conservative_holdout_interpretation_sample
12119,21dd56726096f8343f87b6fb02c7018e0d663a35a809f6bea4852c825124f86e147d38b1606170a51842ed27db4f348909fd4a45d2860f446ad081fdf7e223bc,Y,1,0.3655164056758004,0.6344835943241995,primary_conservative_holdout_interpretation_sample
12130,af959452ac2183b45112a4b9063b7f177c78e2ac0cba2653980f18b97794b4dfdd4e1cb02e92c1491ef49cbe5ebde00d6faf730ddd967db41fcb0135cea4bdcc,Y,1,0.7230459915657376,0.27695400843426243,primary_conservative_holdout_interpretation_sample
12143,84fd26787ae6a4e02b616ccbc35891cab28f13b1ffd4207b92646e802f451ef641e38b5558abba229fc9bb6b822b6db03f3a1660fdfda8afd14b8d4c59da5968,N,0,0.9567713005712847,0.04322869942871532,primary_conservative_holdout_interpretation_sample
12150,618f5a8db31c320ca97ed154c53669c7a8c9d9fcf8fb32f5f311a353da799434477681ca944dfb758bc44f4e7846426fd5ebea73754bc545d3d678cdfec82e83,Y,1,0.692209221223607,0.30779077877639305,primary_conservative_holdout_interpretation_sample
12151,947e7e9025981036b0adbf41777f96d0458625fcea327040c88493668a871928f999c95b3b4cf9d94760815ff83b1c66ee3157c7a75596bb23eca66bfa49dd66,N,0,0.15748888831170932,0.8425111116882906,primary_conservative_holdout_interpretation_sample
12162,e87964435f0288a24568c437f28a981963a61b0d4f121fd459c4e5b97b5aa703f2ee30175cd8a527ec2d30cdb5fc1a87b3791a6f64e73acf156d44e03d842f87,Y,1,0.6171990219679149,0.3828009780320851,primary_conservative_holdout_interpretation_sample
12173,2571d934f06b4a84ad7a0ec557013a89fed701a741ac49432a815dac9b7d98e6fd29d41bb89a2b44c91b3e83197e3bbd325d0ccfa94fa5f1a0afbd06fd077cd1,N,0,0.531234763339326,0.46876523666067405,primary_conservative_holdout_interpretation_sample
12183,b3eba9ca80a2a7f7bd87ea607d62cdfcc3ecb5f3846d83424a03ddfc7aea57d56e396dc493a35bfc8d88d7def70867a976a2d9eca66e3c01dc461fb8f9fce77f,Y,1,0.9865842569514687,0.013415743048531326,primary_conservative_holdout_interpretation_sample
12191,ccded39f7a85e4a3e70532d3a07480e0fb8ce8ef8195f3ef7a864ea641f5f18923dfdcbc8a01965f602d2d2dd51e9038809dbf9584aa2267c0518d063a574996,N,0,0.22427898627531437,0.7757210137246856,primary_conservative_holdout_interpretation_sample
12192,efb40eebbd65f0c0f2306f2e296a97dc4019ffde98b0db55855feb9095515da0f081cbe629c13c6af8425e9e478cc292b55a76d9e6259c9fe24092b00c273b81,Y,1,0.6918855048864601,0.30811449511353994,primary_conservative_holdout_interpretation_sample
12200,927b9c8db63a3d34ea5fe3cf143664a917f10c96713e7ccf83ecc28bfd8672a9fab236a11faba8b45cf67c0693121772a01aab2e0a1643e7f6de51a402e64c0e,N,0,0.7500843689257072,0.24991563107429282,primary_conservative_holdout_interpretation_sample
12205,e3032bf510e7f6549c2422e12c17691b9529f3532e5769f0114e575a9e49cc09fec2b1fea8eaf3e04a6935350feac016801e9eb7bd6984d06e2dca9eada9b2e8,N,0,0.3617407434044247,0.6382592565955754,primary_conservative_holdout_interpretation_sample
12211,63a209138282b7e5760a4ae7bae2c8b14f0ae77c35992304c7ce480b0df51814c9665a600aa66e57a97dec55e66c1f880c81b5d33f47293b48d22cce56b1cdcd,Y,1,0.7929962127668929,0.20700378723310708,primary_conservative_holdout_interpretation_sample
12216,f6e891eed162b7afe32df09e321176dd9b30430fa25118df34d7589a1692ebf19cb00bc5a7564f2c7fe450a7ddc7dc6706b63c0271fee9ab1ac093674bc19232,N,0,0.4412742300376886,0.5587257699623114,primary_conservative_holdout_interpretation_sample
12222,7f03339534f3ed13ceede7f8803f4d9c2d90be7187eb0a7fbae896d3b0876f31ccd273e0419211271394357f0c1c5c98dd1bd50c264bb49ad65b3df87d31db48,N,0,0.28098464715991495,0.7190153528400851,primary_conservative_holdout_interpretation_sample
12227,34197140d58c4f9ab2eea73bae4c758463a95e695d150150928dcd66a4686d44e00f8381ca54edc4aa990e8b2e031ab078b8ef662d17e22e63312fcc91794507,N,0,0.6408309192842535,0.3591690807157465,primary_conservative_holdout_interpretation_sample
12229,307f9741296764627c921193815b7a1bfbefab3e079eaf3789f4609d471685a2407b46b266c95be63f6612a200bb0da68a32160f86ff2da8bea4ab2701b6d078,N,0,0.7867765262178245,0.21322347378217554,primary_conservative_holdout_interpretation_sample
12236,23e5e09ada3d94a049fe017d0304004ece149ce8fbf562541c59881cc3761c61044c7a89eeb70cfadbe4c73ae612eff269f312088fc9fd02b640a4e20bb2e6e0,Y,1,0.9679228792033636,0.03207712079663638,primary_conservative_holdout_interpretation_sample
12257,3aa2fd9c109b023385518e13f92cd42babd019c66109ca7c93e3e9e74869c933ccf6958f0aefdcd648faa05db84efb605829110aecc6207f448941c355a0f01a,N,0,0.5827382420446428,0.41726175795535725,primary_conservative_holdout_interpretation_sample
12258,778f7312a08996230b8604d2f6b11bad149e28141f30f0c260c949e9c259f7a394368216051be596aa4e55e600c135a915f12a1a5e4580a1a136aa8505ae2a64,Y,1,0.258915419975269,0.741084580024731,primary_conservative_holdout_interpretation_sample
12268,1af2dc2f8b42db19525d22b18aab9cf253cc32ae8d62f815bc7c50b68589fca2ef39ebc6b52830b80fff68398a2ee85ac6bb8288c338063dc9f97a998e47b22f,N,0,0.7124995123924659,0.2875004876075341,primary_conservative_holdout_interpretation_sample
12273,291f33a07a2972c673d66eb70e077da1b4163631af4acc567b6bae770b4c4811d7ce022c5c6665e5a6f4ce5049ef5fe7c113947c6b083d665066897ab49fa1cf,Y,1,0.9718270060376304,0.028172993962369608,primary_conservative_holdout_interpretation_sample
12331,8ed3710af0452892e2bd6a57ef171624a99ed55272551b1af54e16bd61504195334ee603d1921a3a3fb99ca964d2768e8d5585c9faf9e6f9985a65129377a6e2,Y,1,0.6169065732903698,0.3830934267096302,primary_conservative_holdout_interpretation_sample
12339,c2fc2b542033d6386b883f31f5d76943059126af6c5ccb21547af1f3cd52d3f793375bdc1e31bfc81deaead7db99819c5863f6ed6eb04c379ce08b881a8a51e0,N,0,0.1774163645867928,0.8225836354132072,primary_conservative_holdout_interpretation_sample
12340,4335b58bf9eb147985d60a0846968324af8d53dddf475d24806893cdc78ac187a534e48d6e2e35dbd197e18d12942f9c9028912b5a98ccc032135c3b46aa9338,Y,1,0.7960476869263798,0.20395231307362016,primary_conservative_holdout_interpretation_sample
12342,0ba71735c1e962cd72b12e74fcbf78c0b790b009593a47543892ef781f8a7b7d800da281b84b697d2b98a81de5ce4a495a9acf9583f88a6b457246888ef5b879,Y,1,0.8716488189771294,0.12835118102287058,primary_conservative_holdout_interpretation_sample
12353,af43050991855f95393f3602f40768b0e195402014d4243f5c8e2f78b6b97afc505a84b79e927d63c75f2c1fba06ce5754224058d30cd13077852a4de1ffbc4b,Y,1,0.34006744451398707,0.6599325554860129,primary_conservative_holdout_interpretation_sample
12354,df4730a323d77087dca05171aa6521669bdd2a97ad0a27c967fb5e86d3f90877ead7791c9a3a00ce86070d66cf299aa0c7b953da9663e370fe2deb572d84e7b4,N,0,0.3476902451215722,0.6523097548784278,primary_conservative_holdout_interpretation_sample
12355,368471bfd8710428dd6ae7821542f70adc6b908d30fff224fcc8fb4de8f675eac0785a53739d14de7da4129b8b5a10cf4cf30a977c5418f947e4a95ceabeee71,Y,1,0.3719648584893108,0.6280351415106892,primary_conservative_holdout_interpretation_sample
12363,3a6950931e4ef386377f6a03c44d775ffb1869276b38a6ef0f35ec632752dd1b6aad788ea4802ec35e8ea853b40437e18f55542f738857df8e27253cb24995a3,N,0,0.3523022130867926,0.6476977869132075,primary_conservative_holdout_interpretation_sample
12374,09b38b8020a0a6c70d1dbc4060aab3a47d580353ba7ad85f2b24c8cc645527e8be11dd60952c4274a0cec21096c7af0dd201cdb5cd0f19273cd47aec09dd7e4e,Y,1,0.34882453770866206,0.6511754622913379,primary_conservative_holdout_interpretation_sample
12380,4019ad3b0a11deaacce51fb2c162d23b929fb0ef516f5905b7cedecf30557edd1ddc8799ffc00d197ce2db30c8ed77288cbdf7bb8bd2f008df42145b0d553a53,Y,1,0.9188721956766069,0.08112780432339306,primary_conservative_holdout_interpretation_sample
12383,a8af9be6591956e225812f9ccb2e9d9d33bffa8ce860cab67c6a531e746a2990309982ce44e6d7bba8d966c2bb7dcd0fc3fb18918995f0c4589e91fe7c3e0c2d,N,0,0.6593353683332327,0.3406646316667673,primary_conservative_holdout_interpretation_sample
12384,56cfe9399ed89570a2dcc33630fc86ef921f2c84d2c495e5df3ca0656deb495a6e7c98702edb2f17154f8cb0e8ca14031dfa293ab061f03e5aa3b3b71ba8b751,N,0,0.22104775599919307,0.778952244000807,primary_conservative_holdout_interpretation_sample
12427,6cfdf73f1029bad0e328e72a16d2de5ae82315baf2f0f78ca9f118454579c0a2aaa16cb68b2d964cd3c5f98c55fdca30fd58fa15fac175738fd5c8c6d1658aee,Y,1,0.9345024090059435,0.0654975909940565,primary_conservative_holdout_interpretation_sample
12435,1aa63129628d64f3c8aabb427b62e6f9e11bafef6d0d4b547e87847685831ea4a5422532fd05edc43844b763f2d8d7a4384fe329a3449acc5fdf82e1ca54aa9f,N,0,0.3483688671972484,0.6516311328027515,primary_conservative_holdout_interpretation_sample
12444,818729f6c4399ed922584e235ef91cb001240d4974e8f3eacc7331375e973c8da32612b516e161f59f4681008f89993a0f8776c73dc1384094de272cc4ba4a85,N,0,0.4362271269489534,0.5637728730510466,primary_conservative_holdout_interpretation_sample
12449,4df0ceb728dfa6272127fefea2aa9d835b3c294433119a3c3733d4608f7ad33ec0450ca3758fb9b7fe4db71b0075af7c7d574dec1e2977398cd33cebb51f0e5a,Y,1,0.5651322027419271,0.4348677972580729,primary_conservative_holdout_interpretation_sample
12467,0eafbdc6ef0f0bb1193e329cd2d0645916bd3b9fa61201b605a4a954d34285c41ee59fd120540467314e130028bdec95c07d0c8af6ec17a5ad487cbf597c9b6b,N,0,0.669923169498182,0.330076830501818,primary_conservative_holdout_interpretation_sample
12473,c9a9c1811f33c7e5e4791c499484f49a4fade37bccf4db6531e2a7dff1d99c62310859cb45a279aa6566cff4e8940f3f730bee1fb80cab6727cdac9100ea0787,Y,1,0.7486377893154145,0.25136221068458553,primary_conservative_holdout_interpretation_sample
12482,8f5d8a903132cff07ffcc50aff14854b977f8c8beba9189ca61ef3a6e1e2ec2d50ffa755ff9e5fde59778535b23584e2844fba29d6d9695482ba4b066d7f8c14,Y,1,0.282007118137062,0.717992881862938,primary_conservative_holdout_interpretation_sample
12501,bbc87f778f91556ea6b3f9c680b5e828bd48a71fa9d8d1a0c8a47361a9e4507f682616328fdcd8a388ccfb76f9a28d5c409c3f284ffaed63d342116bfe9c5c76,Y,1,0.9749277579053198,0.025072242094680175,primary_conservative_holdout_interpretation_sample
12503,931e1675d31da082cbda4f128243677fea0f8627a25ed6bc43e4fd9f4a606aedcca113621aef543d7bb38e71e4efff3e9df9355edc7fb42d6c2e5026a581e954,N,0,0.5651322027419271,0.4348677972580729,primary_conservative_holdout_interpretation_sample
12533,263db9d7c327474bd51f7e26feedaa728a51a38bde0c8261ed6de6075367c1a3df3d89c8c7d622b54dae4f1ef2b5db65d2ce8c15e5b684ff1f51bf3929fab4c9,N,0,0.5734428013764044,0.42655719862359565,primary_conservative_holdout_interpretation_sample
12565,c2a6eeb5c1400068ea0982d6d2a75d77ec2a6989809d54a36d32e23b63db8d36b4908d1d209a0ad982fb8903611617db113a7e0fa6b6eeece841e4555f16ade6,N,0,0.646659559769222,0.35334044023077804,primary_conservative_holdout_interpretation_sample
12577,376e373be6d91ca431f25927502414833a43acd37dcef163d58b576bdbbbf9e8c7989c5519a9b1c1b97190f742a75d86f72d0e17bd6bc88a5be6d2e7679fb602,Y,1,0.907779804407984,0.092220195592016,primary_conservative_holdout_interpretation_sample
12588,a1b534cd98035c40db0699c2103af595e6c461e3b182ce2e63c5fc768b82b610b25202af9a78314f5d9b2db0e206ba754d0ba420252fa81b8020cba728866100,N,0,0.46987028036130984,0.5301297196386902,primary_conservative_holdout_interpretation_sample
12593,e482d642671c406f7936900af9ccfe517bbd2c93740ab8cdaffd398f8d0f247189d8b71dcf15eb6f22742552a6a9e05d7422fcabaf82cae27cb16be0e08202a3,N,0,0.20511295536356963,0.7948870446364303,primary_conservative_holdout_interpretation_sample
12600,dd85e50f62f949b110cfb1f90f58e5152069651a51dff6e8f8f91ef68b01831397d2c896283a21bdc0651685ccc83f704e3d8aba06b427ce807768cf4e9ff0ea,Y,1,0.9674110445010167,0.03258895549898333,primary_conservative_holdout_interpretation_sample
12641,f06951ff35605cfa7796e238a35482c0593a7dc566ef4900f39cc8251af904d3c22625d56f44c54ca62e150dd2e1923ce626347b08c91b7b288a65e5e85c5535,Y,1,0.3437290886253875,0.6562709113746126,primary_conservative_holdout_interpretation_sample
12645,fd49b4c8a1531a69a6a6abcd093212d1e3e9ada1fc6a98441f209c6a4fc1a2e2d457a938b5036a6a9cbe66ed4518551706905759955870ccf5a0e2846a2cf60e,Y,1,0.9702916934879434,0.02970830651205658,primary_conservative_holdout_interpretation_sample
12647,c60b55b8c31634fc94c882e2f61b702f14515748ebe36834c2781a492dae6395666b514049dbdbeb5797eba79a0bc02e8331bbc852cb3fdad83b68ca6e23a990,N,0,0.4688185769429508,0.5311814230570492,primary_conservative_holdout_interpretation_sample
12650,2f3ad216d4ba5d11694cb309a2ba438a9e38074a02bcbf694d4e1913b29e0100141829314730da43bb91d5f8914f86bd7dafe1a631dc56cd20ec5e1c12c5a712,N,0,0.3900912664642066,0.6099087335357933,primary_conservative_holdout_interpretation_sample
12657,deb8f7c693a60ae836e7c62a7c99c6f781329c49e6fd589be6be6bd7f1e7ca6a52ea7b64b232d9b3659802ab2097fe422d0584a3045ee0d4f3e0d4b4f53435ca,Y,1,0.9809308983212497,0.01906910167875031,primary_conservative_holdout_interpretation_sample
12694,e37da41e468d92726cab5d7920c7cc66339ad59597697a4e95635767d2ddc7290105f79bb1c26eb1b257061e9cd800405e9332b0e3914eb5a092e015339e48ae,Y,1,0.28927525620826144,0.7107247437917386,primary_conservative_holdout_interpretation_sample
12698,6db6cffaeef9ecda71e5c0bf91986a843627d700ee244b984995f072c91cc80bc00fe1a57b6a2c2eba63ffb13521c1f90236ba9ddc8c3cb34ec485a6b2336147,N,0,0.5327559937029018,0.46724400629709817,primary_conservative_holdout_interpretation_sample
12700,99a56d9563a60dc16b8dc1970de5a35883f9698b0a22c0f204f66f550928ac2c7a8dc6f8037027b1ac99c1f7b895486f02a29e4680673a061e369277ce421911,Y,1,0.6958068199834962,0.30419318001650375,primary_conservative_holdout_interpretation_sample
12713,b9ab14f7e77d502c72f94f18ffeedee4af18c04e644dabe93e7014ecb7c5d51409d2966d8a1f0b59e189d0d6fa40f93482f12a73a8299a9daa4cf593e9936904,N,0,0.16200139330670277,0.8379986066932972,primary_conservative_holdout_interpretation_sample
12721,55511912afdb5bed6b3291b1b1249b7b60e38866bee5679fe037708dd9898282256fbae9d76cf5d865de12bdeb25c5cd27ab032d8e28442d532182689968d377,Y,1,0.7409193184026994,0.2590806815973006,primary_conservative_holdout_interpretation_sample
12725,483d57108330c0bb5702e03238546c75ee166a32070a72dc7cdf1e1f238bbe3d728a17fbd4e6df4f8d07396b9db798da1c6fc0dc2a63fba541cff189be1e2790,N,0,0.5257111068114927,0.4742888931885073,primary_conservative_holdout_interpretation_sample
12743,b84b3a952d66ba7053cc0e85a5f3c36f14fedfc1b3e7d91dac6bb0fe56ec08346ab6911b85a900bb6d5e9578be4cad38da76480b0f2b22f7442db0fa80483a0b,N,0,0.5705440436131736,0.42945595638682643,primary_conservative_holdout_interpretation_sample
12747,1a60a2872163611d91d719e2bafca5ac298ed42753e8a0a37dac50df268b80eb54b0607d4ec86c3d7885ae620c7aa8273371a5c2df89ebf46e150af6860f4844,N,0,0.8953837044918347,0.10461629550816531,primary_conservative_holdout_interpretation_sample
12748,9b1931d8337b25c637fec121afd207a3ba97107eefeee821ed52cb031844f11e04e8ad603b2a42965d38444880c53234510ab38fc032d43a89cf893fd66e74c6,N,0,0.5119949667839753,0.48800503321602473,primary_conservative_holdout_interpretation_sample
12750,fdd36f5103d5013bc4fc0660a05e067578a76b2cb66a831e19d015a86e0388527ed59781076e23bf7c324be07a2c65bbb86ffddc659c9469a7267ece7f72b6bf,N,0,0.7836898457074182,0.21631015429258182,primary_conservative_holdout_interpretation_sample
12764,b7edc834868c2b48f6a9665de9df5ae3cf533c2443d56117e497f28601b40b2e9a2dcb65ca3d2add6225eb58ec4e519579bbb241cfa366e3d7e7f4cce3ef11fc,Y,1,0.9213988401214278,0.07860115987857219,primary_conservative_holdout_interpretation_sample
12818,28565cde08f67d5cfdc16f596757805eb4564f079a0fc0fd57008f28abedd26184438ce0cae557d3e127e6de3a3b9c8f0f9a525937b53a9b17a97ee48d390c17,Y,1,0.9353100186669872,0.06468998133301285,primary_conservative_holdout_interpretation_sample
12830,2d5fc646a75647d0b14780ae49dd3c59b87e1d7171df3a684b23f563eeb899558b84ba954ed2e770ae6ef3af1c8081419e5546387a4120b57bed8da75ce5ced9,Y,1,0.9687960622053324,0.03120393779466757,primary_conservative_holdout_interpretation_sample
12870,9ce1486fe4ee9476f67e863669e1e8abf6243cd05e3e5c0586fc3d7625351c07b985374ae3db030a7145d1ad0836de22060e75b5e2cf8540dfb704779afb5e16,N,0,0.6113383592472544,0.38866164075274556,primary_conservative_holdout_interpretation_sample
12871,6b867b354b6100a3b72a6b741388f3186a882e093fe8fe00a57404f1ceb9558797389bafcdf9ff8fb066462124c123eb3a9a4231f58c8de35137927decd67a4f,Y,1,0.7742904032906774,0.22570959670932256,primary_conservative_holdout_interpretation_sample
12881,bd4cee80d2800a3787e41c1c83eac282fa61375acc088290c6aa869ff17431912ce6037b155ea0d273ff8dfeedbf11fa6f80dc8c327f5132059fec757fef41bb,Y,1,0.9439565429175361,0.05604345708246394,primary_conservative_holdout_interpretation_sample
12896,8286bbae43baf17d755d7e2c830b8e84fbf68bd9ff53b8c8d0b17ede18bf97508c71b270ed85aadbcc75d8ae2f826be7602f57c2e0db43c8dd73de352ebe086c,Y,1,0.6622586094328952,0.33774139056710484,primary_conservative_holdout_interpretation_sample
12941,d59050fea77d8c157c490c7d7e1f23fc4009bc75841cd5a35714e2aa5dea0c1b2103de5407bf934d5fe62895259e76b6f30ba0441d9dc5fae8f8a581e999c8fb,Y,1,0.8611630895577693,0.13883691044223068,primary_conservative_holdout_interpretation_sample
12951,c043ddeb7a8ffa5d44bbd893f106fc296caf8c507211954f37f858f3c48e453d8f2f541d213e1325c1b3a13888193ec4b9c788ce6a25e3fa084601ea1bc3be18,N,0,0.3109287898440766,0.6890712101559233,primary_conservative_holdout_interpretation_sample
12962,9e76e6cfa19b3c529396fd2dd0855ae5e420d58398fc18ffb9601513e54677fe773670ef7227d854042c06651de29500e0424fd4226cb4d5c332e1306c868356,N,0,0.7040284452536377,0.2959715547463623,primary_conservative_holdout_interpretation_sample
12968,18eb8c9020d174bb45a3efeddd7b981b72c1159d3b4a42cc21c5c1903611e30902238a2e2ac8b2661ba47c5df654c1957172538ff628a22cb7016d893bc247f4,Y,1,0.9867842713356186,0.013215728664381365,primary_conservative_holdout_interpretation_sample
12974,b37831b3288ffcd77d9630b20b7a7d77dc96a5f7134aeddcd7242f51a9b308fe17b4943ed4e21f4ea535d3c6be993d9578a34aa039efef434c5d0ea479443fd3,N,0,0.2441614005896107,0.7558385994103893,primary_conservative_holdout_interpretation_sample
12984,188c6dfcff4927bf41db27ba8d8147bbfa11a0d2766d4c187b68ce2e42f1c310184bcf6c3e47cb8fae7571e6f2cc9c6f8dbda65b91449d647729b742549a55f3,N,0,0.8366828423507312,0.1633171576492688,primary_conservative_holdout_interpretation_sample
13000,a3d3d8a78e419d5a08ff0e6c9312ed2ec3615c77be5f1a7a4ada3c911918ed462d710ffa3409897b015b316fdcd572fce0030b191ba6dfa434042688da73107d,N,0,0.39149189029848214,0.6085081097015179,primary_conservative_holdout_interpretation_sample
13019,1ee474201071dff149498e27700438c40926583b9efeddae6f9c798d5f37dc6b1619c4b00ed590769f1a58f79444d587db553d2760726610314600f92ff7f0fd,Y,1,0.5734428013764044,0.42655719862359565,primary_conservative_holdout_interpretation_sample
13020,d6fb64c2c26b38c248eb1988d0bed65ec5247877e056771bba6792e3df51d76fbc060df3561127c16b6b6bf53d1a94f8681d941b073bdbcea458bdfc3fcf71f5,N,0,0.18381061724983586,0.8161893827501642,primary_conservative_holdout_interpretation_sample
13036,f95044e18eda421c1586c41bd53aa786a668ddd1e872b523f04366d3a64a4da93bc9cfbeb8e5a5defc0264728f03ba33cd71ffde9710d6e8394f57cd4ae63fa4,N,0,0.6661555534864194,0.3338444465135806,primary_conservative_holdout_interpretation_sample
13054,ed71eb4e8345c5e6e0b992b8205915017938812a5c8a7fded2223405ba5f7c6fb1d3ef9ee9221cd8d474f8f394e7a99c1dbdc6bd4931f0098b978db18a106cc0,N,0,0.657349706569358,0.342650293430642,primary_conservative_holdout_interpretation_sample
13055,13db9b3541995954613152461622bd2a6cf17faa0aa3bbc3585f919a7e89019356eda1b8b956cc153632b5db0a09042f476f46e078536ff85d6ceb2eed0e7e2c,Y,1,0.961727676168224,0.038272323831776034,primary_conservative_holdout_interpretation_sample
13075,47c9d02b3984000b39b617d70c2d0e8785da46f8c531a0639c07e16865536d944c062eefd792c0067f6834f8b1e819c3ec31c981a417b0c4a9e341ba51fc246f,N,0,0.22598746171823827,0.7740125382817618,primary_conservative_holdout_interpretation_sample
13105,79dd3204d8619ce61691bb30e3ae24827e350da02f02ff85a343b6e947d9dc51160453d3cd4432f86256cbf57d3302f86ab0e89895957edc61ab68850401a566,N,0,0.7784560523064429,0.22154394769355712,primary_conservative_holdout_interpretation_sample
13111,afc48cda38e479efe1b0dd8e74d60c668b488932557f7a574d0205f2d72cd54d3a721a5e4faefcc301ddcc820853fc934bfc758acb90693e1c7d8e9be29a27ed,Y,1,0.9247284893555284,0.07527151064447157,primary_conservative_holdout_interpretation_sample
13132,b988cc3c8d1a40ebf5917c33dc5a1bff9dba892484a432249ca21e310bf928649727132e27e0dfc3a55e69efa2d365a2b11b5e16370ea745137f3084a8e8db15,N,0,0.7282407154620013,0.2717592845379987,primary_conservative_holdout_interpretation_sample
13150,fa3b15c754f0c2f8266a586e1aa6555dfabc0f783a60eb99b65e245fedaec9a34292eac9d1c294478728e41691852948680aadf4efa7d556c90c2acd6e2ada0d,N,0,0.5052811685561924,0.49471883144380757,primary_conservative_holdout_interpretation_sample
13159,189c2a182650f4f65768b18df91799cdc2894d242cd77cf4c85a1f75dfbe05c47898cf930973428d441ff055f8d0096a74ee33c9a5befad30f3636d5de90098b,Y,1,0.925568413978147,0.07443158602185296,primary_conservative_holdout_interpretation_sample
13189,aeda3cf75d83fc5bf10f64acdfea452bdf7d76dc413e73319aa07778c243a901d4c991c705413d137d7dfdc11e5945f42bd50468acdf537c18dfa15aeac57f6d,N,0,0.7543280993106354,0.24567190068936462,primary_conservative_holdout_interpretation_sample
13204,2d85209a46975912442c7df90d62f95b190d9803cf72beb80223823a4f96a54ff2d7ac16ad8c73854457423a67508d2543c49fb2177a675be07f31139b1cde1f,N,0,0.7127618463744907,0.2872381536255093,primary_conservative_holdout_interpretation_sample
13232,20a7e6fb9f9743404094839467110c6aa9010a8194a5ea603480751312a5be4328515082a0337aaa324ebe453cf665bc14d0e3edad0ea773e212d4da83c52702,Y,1,0.44887730385896635,0.5511226961410336,primary_conservative_holdout_interpretation_sample
13233,f64539dba6bae287ad3604e342659e0483809ea9a931728b7b740c980498c34491f181e551fa70362cac7c03738f9c1edc4ed3a0a05182682e8cdd84120a18bb,N,0,0.7802237584566071,0.21977624154339293,primary_conservative_holdout_interpretation_sample
13258,db1186e3f555fefde85900a5936bc3f7066ff0d144a25d6a45320c70be69428f4033b495421ddd23b99c64b61584548125a511f7f35e9d4ff99a3134d1583fa7,N,0,0.20400983278608134,0.7959901672139187,primary_conservative_holdout_interpretation_sample
13280,e140de111da84797a2d15d88a72b43aa4a2eff54a58e0ad8ee122ec2fad9994e489738087b1bc2c8f08eb9dd5f2fae6a09c2e3efbcc2706fb4ff3cfc4943ddf6,N,0,0.8515937235420854,0.1484062764579146,primary_conservative_holdout_interpretation_sample
13328,6bc59e36c9c5bd1e130b30851e54bf1eadafa086b141806e661f3f196445754bba0d35ddf334df75e2eb403ecfe3846de2aede51ceeeb9725e7690c976b5068c,Y,1,0.4042325786309682,0.5957674213690318,primary_conservative_holdout_interpretation_sample
13337,7c1b909381a5c48c2a414546e0b14be79f7afcbf311b21895def71ea847ffce1dd566a3df62cc9b4600ba5e7db562c1d99c154ad9dc2b703dd7e492dfb390977,N,0,0.1645249142357563,0.8354750857642437,primary_conservative_holdout_interpretation_sample
13340,aa9e2871d8633905d5211fe279e9d3e2c47f35195314cb87e2a26605b16e4b8fe0dff3d9f3818babf84031ab32e93a8a29c3eed5378b68c3ec048f6ce9b9f2b8,Y,1,0.8071812302241347,0.19281876977586532,primary_conservative_holdout_interpretation_sample
13362,c26591b22b07620ea6bea9dd0f80d56bb5100bfdc2f1679ece211a1a30bac9fc3d6e104bfed67de70c98d77163eb271c064418b74cc6460e80b526e1bad592c7,Y,1,0.9434500490891436,0.05654995091085635,primary_conservative_holdout_interpretation_sample
13363,9900d888a0a568717101942f16d445dcd807ad4aad754341cbd19ece0b7d5bcedf4376d0ba933ea30980d6a8fd24c88b14f03f07ae9d69cfea8433dcddf587c1,Y,1,0.7174793193308613,0.2825206806691387,primary_conservative_holdout_interpretation_sample
13367,a12627c462a69048ae49b3dc1ffafc64b6a9ab49a1ac9b5de5facd7b7677fd4303756784107453f9a13c1dbdeeb9a255197a9514571dacb2aa4acd81e88db577,Y,1,0.9269329342406067,0.07306706575939326,primary_conservative_holdout_interpretation_sample
13371,1c499ef8e837c92660cbf48bc40986bbe07f9872d237c9d884263e2214d0bd3dab434d059441d43e6d51fc0413440e62c3d459225ab9b02f2e6af12cb0b271e1,Y,1,0.9865236162777409,0.013476383722259122,primary_conservative_holdout_interpretation_sample
13397,70803c0e2b8bcf3134ab95a3c4a91bc2a344fce2b1b8ad4c2f30fd168cf54919a8ae1e19721e4c4369494666f7ed5a0bd704136c660b069da821ce84f1db603e,Y,1,0.7282407154620013,0.2717592845379987,primary_conservative_holdout_interpretation_sample
13417,89b9d7dbd71425caa4aea2fff4f90dd9d738fdf016007744d70ff2f8b7d76933968b9b04abfab4155815b50838c24d7ecce38f44e4a6f9f3d8bcc1f143fb8963,Y,1,0.8676028854706387,0.13239711452936131,primary_conservative_holdout_interpretation_sample
13423,70e0af05584aca6acf0348b20318137fe114861c53d2e23f8a6d86bfd095cf941b87b0c4b21d6b6106f5a912538913ea0809d8966b53d29818cbfdefb8069e6e,Y,1,0.8712988045732,0.12870119542680003,primary_conservative_holdout_interpretation_sample
13433,76b8a7044a15370fa20315dae8b3013ede4a18946e0d42b76f5a0ea044d014fa69fadc82d262f842c6f5aa66b603d7c1425ac68a13698aacf15218db3f1eb8c1,Y,1,0.904791602596111,0.09520839740388898,primary_conservative_holdout_interpretation_sample
13438,303ee9c4a43fb72b421e576d47b9991ca3c74d64f55f1f5d1a10506dcf4d40d9c25116307990e28d4f05f581973512dbef4f64069db8b1dad1d60212a9e7237a,Y,1,0.8409981585618227,0.1590018414381773,primary_conservative_holdout_interpretation_sample
13447,c2112c03e0d0bce2c8bca6fcb5480a35274162fc51b25722651dff8f32a47e02bd18667fcb2c1e50e33c48243ca1d8760b3ba13c42e9df54a4fb01f4ec9368f7,Y,1,0.763228379977589,0.23677162002241103,primary_conservative_holdout_interpretation_sample
13449,ef689c2648e7d5e7936dd307089ba2d78febdc5a5a47c84d0cf32e61b38796976e5745b0df93f96a8bb32456a86e04e2b905c21512e198abba123767e5132f4b,N,0,0.6234419003672744,0.3765580996327256,primary_conservative_holdout_interpretation_sample
13455,34538f86366a873909efb1555db624dfaa68ef3b5c5b9007fd5d915e698812bbedd66d2961130d7e83952f053b787cfcffdb642cf11a103c449e7f1b85b9f213,N,0,0.654114371601989,0.34588562839801096,primary_conservative_holdout_interpretation_sample
13466,0711e5d9f53ee3e807afaf024df10112c246548f5cc1f6ecb53a9be4d813dd6fbfc140e3cf279701bee466db752c390d6e8a29d0f13d0a4f2f3698b220c29eda,Y,1,0.9621913991659318,0.03780860083406823,primary_conservative_holdout_interpretation_sample
13481,4d2ed192fd7ad67723e60fcfbd040e02572bcfe55f57708d7bd3d2ab6506c6e0c80748ed0ca3ff32dbdb86e25851a1bee0ca6c63faf3fc27b94a0fcba8783ae4,N,0,0.4534380376824412,0.5465619623175588,primary_conservative_holdout_interpretation_sample
13489,d9b01cfdb6e38964c410566ad5e0a605c099877e7a9868043bc154ac3c76aa4e54990b68e81f4bd48da2707ff86d27f143659082a1e93096d334959613bf51a2,N,0,0.7179980107979176,0.2820019892020824,primary_conservative_holdout_interpretation_sample
13490,1bc708b980a31f723fd1d2834d97c49c826e572c04cf63570b96bee2d32ac7be2c156c4e6212abc4cb522d6a0cac4023bf22840fc8cd44dca3002ce2aff98220,N,0,0.548412368623848,0.451587631376152,primary_conservative_holdout_interpretation_sample
13545,deacc61fd785ed26b99c09848e7988ff516c95911b7674db369d8b16012e93623f775f5df3cc8f40319d561e98babe2a1270fec41bb8dacd1fc9f40e751dda54,N,0,0.705016872294749,0.29498312770525104,primary_conservative_holdout_interpretation_sample
13557,93085c932405bd0e4767efc0189a2e51c90918e86ad5be7d49788033493e62afebb8cb1b4af00af292b489dec140aeba462d989d35d32c85687c3e85db6def4b,Y,1,0.9605665602161328,0.03943343978386715,primary_conservative_holdout_interpretation_sample
13564,d78bc15f80084bc03ae5e1e48ee79feaa65bd1ddaefef5ae05284da1513be9a029afe782d0e97d963437d99c69e3c01764fb08facd1a9e77fb60b7f73969bf76,Y,1,0.9095325966657118,0.09046740333428815,primary_conservative_holdout_interpretation_sample
13577,608b937dc500ca772c3883b6e95978489592df2229acd731841355425c0c0d71a980dcf4c76fb89a391450adc97cfb2db174d63e2bbd4367d476cccae09c7f9f,N,0,0.6032831841856294,0.39671681581437057,primary_conservative_holdout_interpretation_sample
13589,fb1dc05787abdccfcbb18fb7f9676c22e9ee24f938e3d0e73762c9bb35580df16d515933825df82824a960eecb32d3015bb09ad15e00c9ae456305053a85c31c,N,0,0.28100629757153256,0.7189937024284674,primary_conservative_holdout_interpretation_sample
13594,2421f10418d8808d79e7e9777d8a14e584200d313c4d977025bf716452dfe7aad94f7c999ef11f40059c0c39182308baa193b3686f64bfa69288e43ef9610fd4,N,0,0.8905052084143641,0.10949479158563591,primary_conservative_holdout_interpretation_sample
13597,b6c80ebcf3904cb9e8e0712ab9ee8f4e4e33b3e1166c453876b64301b6d6f57895a3dab5277f3a66ab14363aabd2466e658c8edff44e163526ba963dfc8e89a7,Y,1,0.9538076673684743,0.04619233263152567,primary_conservative_holdout_interpretation_sample
13644,ce371833d1450c3398f9964f4a79045e3cd6b5e5930e36971126a12eaa53625fde46210d3ca42557749b5102dc8e61598ba64874d789e33289da1bd23c28c767,N,0,0.5734428013764044,0.42655719862359565,primary_conservative_holdout_interpretation_sample
13672,2b36f2f264a4b69e530e62c5e58d574c6f9178c032fef3a85be6db3c7abaf8024d86c03ba5117fd8010c31998826724777ff1c8ae9912323ae6368ba29c840fc,N,0,0.8911544183434553,0.10884558165654468,primary_conservative_holdout_interpretation_sample
13681,338088435aa2c0703f9ea22726ff682b41e064d3d40dc221a2167e56e909def1295716f8260724459959662e309f157957bce49f9294340ac2429faacccefc19,Y,1,0.8053916408649076,0.19460835913509245,primary_conservative_holdout_interpretation_sample
13684,f9d72008434529564617a690b99982a72eef8bdab50da637ba73da3ca8673225d66131e13a5022751a73bddf776f1b78e3e22321f502d7274411988c61a86321,Y,1,0.9744616956350107,0.025538304364989273,primary_conservative_holdout_interpretation_sample
13692,82ba4d2b589da840573b363ee3bfd196834d42cc7b3b9e8955898e79739613144a5f0626e684121493a1f8591c8895dc922c295361c53a54557c8387f8f88d78,N,0,0.7720858978536826,0.22791410214631735,primary_conservative_holdout_interpretation_sample
13710,4dd12d328b1d4928cc7840460b0b2f2501ff20bbfb460effd3881c765f729bc7da5d6dfca7673c56fe6e8b9c92ccc50bddd008395265bd5f202f5ddd2ad175db,Y,1,0.7452190229656015,0.2547809770343985,primary_conservative_holdout_interpretation_sample
13729,8a2989a16eedd233f1b454389059960400e2a638bfb8548e804a64afdda0780862299b96f07a6bb99bb90c347c152159ff38e5016ffb4a7eb449f36aa09a24e0,Y,1,0.9681921826660351,0.03180781733396487,primary_conservative_holdout_interpretation_sample
13761,25846d80acd43c1c4f0e837921d776cdcff77311f2275ef4987b7d52a611bc81904e40e793e3c7d93948355032a70130f6485007713cee24ffb1e2dacdc4b7bd,N,0,0.19819005179680516,0.8018099482031948,primary_conservative_holdout_interpretation_sample
13778,23160bd2b0991a814eeaac0687a9ad00f453abbda7765b65f49e8fba15ed48e3a8c7299993903db184d2f61e6ef4604d1f1d9641aaa0a93f2d884139153c193b,Y,1,0.9494741232184378,0.05052587678156217,primary_conservative_holdout_interpretation_sample
13791,c39cc64ee1dca03e3827460adf185c4c2af8d6b6e55f335a8e80fcfdc2528478c20a5120d650668a6712d44963fa5a05b425229aa8f01cbef66772d39612e5a6,Y,1,0.42515324833011975,0.5748467516698803,primary_conservative_holdout_interpretation_sample
13807,c4f41d6a1b4bd7959d46e9fab343affe2b9cf3d84219e8fd5708439688479fef554bb928a63f51d1d1d3e3e73290266de1be60f8a4fc45a02a48600c1c81caa6,Y,1,0.2502340622955251,0.749765937704475,primary_conservative_holdout_interpretation_sample
13863,0ceebc9e50bf0215500c433b0fc87ee6c8677d50c6c7a0953b12765b119d02709cf4aa363c8fbe4938fc9b9e0cfc667cbe353d8c8d9bae28ccc75e46bacd156d,N,0,0.8275118916297005,0.1724881083702995,primary_conservative_holdout_interpretation_sample
13874,1af3e7b8ba503557d66aef50bdfa719d35a0ce90b8932800a33e6161ac9a40795e69e8d32f4065e4d92233720f546b705d091336cd37156892ab0e8c16905b97,Y,1,0.9755451017179521,0.024454898282047943,primary_conservative_holdout_interpretation_sample
13877,7d66f9324150f589b5d139ec733170a4cf7f58c70fccff49b621520a5112894eb1896f194fe24bad1e6ec270550cd29b27928a79ddebf5fe6887e8371bac97bb,Y,1,0.985950938172985,0.014049061827015041,primary_conservative_holdout_interpretation_sample
13887,b5866a37d0c094cfa0823a4abc127dea9e478036d5a365a2c65a968dade52a10b1823a077245269c33d422fcb16f070acfe492bb146a0775ca02968bf26617d9,Y,1,0.7642677353816067,0.23573226461839325,primary_conservative_holdout_interpretation_sample
13891,775253b8490ed917945d93796b25b8a42d8a2c54a98878db72b4778613332e8815229792121a2ecc7e4f15f3f883efd20b501681ae7014a66071475f539b2d3a,Y,1,0.4852019047166016,0.5147980952833984,primary_conservative_holdout_interpretation_sample
13895,1d6a38801373aeaacbe368e8d393f6f5d8462d9e9e866d8609c01ed7c481f726f9b996a09b559cc32942e7e18c3aba3a04522841932733010fbc766b6c676d9c,Y,1,0.9700385195748635,0.029961480425136466,primary_conservative_holdout_interpretation_sample
13896,ba4eccb002f4213a91dabff1258993fbb7dbdac4a42f6fb0336d2a8a834185632e572ee3945f7430b267b0d475f64bdd5a476dc04333263daa3c6d7c8675febd,Y,1,0.962734230620041,0.03726576937995896,primary_conservative_holdout_interpretation_sample
13922,aaa953e65d40044f40731c53896479f10a7539e0d39f5329ae7b460685adba6f6c932b8dd759021cd3289d5253828b3a4e02da723e3dd0132c5f0568c48775de,Y,1,0.9637731303483592,0.03622686965164079,primary_conservative_holdout_interpretation_sample
13933,84ceecd15fd2a1eb429dbc267953b4ad5dd624c610f38066e50f72e675324f0b8dadb7566b6d94c21af943d9209740b2abc0a9d038049010416c9cfdf81572b0,Y,1,0.24858612995746435,0.7514138700425357,primary_conservative_holdout_interpretation_sample
13944,85263beff62d7a954a31c59d5e7d4a5f8d3e9e21f08509b92fe12d4654c87de32ee17ece344d1f04c470b3dbddb66b4d1b7842522d43235d689a98cbc003e4ca,Y,1,0.22690168695414054,0.7730983130458595,primary_conservative_holdout_interpretation_sample
13945,cd5541edbc83a4089ac70fd528ba607d301c0194ed761c6a4a31fa39765e4765615f7127a68cf5a084f6bfa1db1a31ecd5c13879c0d15dab68e76ee064eb4ebc,N,0,0.2881909465987577,0.7118090534012422,primary_conservative_holdout_interpretation_sample
13954,7f1b5e19da8535f53ad129e7bffdc1cd46e78297ef5fc992221c4005f121b575c31476bed6b548cc1ee7965f61843e653d981a47ba3196fafb0da495d2464f16,Y,1,0.7326981034832822,0.26730189651671776,primary_conservative_holdout_interpretation_sample
13955,64af21b94dc3e9cd91ee0bb9c55517f975b2567a9038f3e3c4b686ca9b9269772a980c57b2e995d93430e96214a44e5ece59311517af64742fb1058d79012fe9,N,0,0.502060413006091,0.49793958699390894,primary_conservative_holdout_interpretation_sample
13958,5468efb9855d78adcc1dda419bc358a55a91716f66e5a115beeeae25eb06dbb44f4437be16feef7074868703059cd37560ff4c86eae69b25f45d1ff97acd1940,N,0,0.43963266019441205,0.560367339805588,primary_conservative_holdout_interpretation_sample
13964,b8d7729910ee78b599c51ac53c5d2998c129bcfaefe9a9ddfe7fb3482130a131f700391fe219cc7bf4078df1a9d447863919675e8dc0cb4291de3a34957ac9fa,N,0,0.36847742408045575,0.6315225759195442,primary_conservative_holdout_interpretation_sample
13985,59a9833a1597140adf030de6fc939262c14056c7fb8921879475f37bd8b1302684810e04dd195094d9c0dbe26667bd4375fe5860c6a3fa81241d9d8eddfc91e1,N,0,0.30224126243731725,0.6977587375626828,primary_conservative_holdout_interpretation_sample
13990,fc044a8b4f3e3737a1330823fa0829d7a30334fc7976e91ab6ad60c6fe4fdfd9df385d7b09a45ed7b871af4ef769ae50368729c3d8e21eafdeba05ca465aa5cb,Y,1,0.6226243172895586,0.3773756827104414,primary_conservative_holdout_interpretation_sample
13991,ee467c0e8dd444a9d5eb045af6c6bd7a8c23bb15e3e751a8e0571703351fe5ee55efd3cb458374e305630e79c083d4946780b001ee21d7b5e129f69ef8849027,N,0,0.3446907051962667,0.6553092948037333,primary_conservative_holdout_interpretation_sample
13992,2c6af6c6eff9c2b7dd235df732bf34102a9de472a7a2246aeaf0c0472fa787fdb9e7a5b688abd6d8a2fa28a32314c80eb2496203cd1e643d9d534eff204e05a2,N,0,0.7220282067956169,0.27797179320438314,primary_conservative_holdout_interpretation_sample
14000,225f3c140183ed87ce73039e211867481f99fe3613f155e69bd304cd2a4c2ce2dfd9b19edd45035da8c76a329bcb88ab1c6eea2c7d8e3f2534918484a33ce1a4,N,0,0.7799821163808696,0.22001788361913044,primary_conservative_holdout_interpretation_sample
14003,6e5e8796ff7c18893834b636694241648ad67c47c9e1e5fb36c145e4a9cca194b824247d3112786da96063fff81d60f4f0c6500436d84ac737dea177f5734b5c,N,0,0.35979696337102157,0.6402030366289784,primary_conservative_holdout_interpretation_sample
14008,ed622237deca4479a8cbffdaaa04660ff3cc27324973bbe191f609a5081bd50abf89ff10ffa9f0e19af9f1a69ea3ce6f64d46b1b714d16f5e9c2cb54ee408015,N,0,0.2085223404878933,0.7914776595121067,primary_conservative_holdout_interpretation_sample
14009,30b296fcfa81df3ef44c72af0eb3a1d0a073faca544b65e65e072d9d0ea7fc1e5ba32452f95679ae1aa69a59ac074d0e9ab03454203bd20f285395a36a9085b1,N,0,0.3708895730486138,0.6291104269513862,primary_conservative_holdout_interpretation_sample
14022,82acb22b2fcb83c6d716755ac4326ffd9521dcb87ea221bb38458d7920c3a4aef85ff26fa070513751597e7a7cab43df04a6aa9627ca317fae68730d8f514f7d,Y,1,0.9531485114749786,0.04685148852502141,primary_conservative_holdout_interpretation_sample
14058,ec802adeb9aa0c21cbd3b92141fb6badb3556e208638b1c912e28ba5d8c12b66fbcdc527ac81be91aa983922380c36dc03c52a3d8d42293f3b70e2143e58c0b0,Y,1,0.9134291490391392,0.08657085096086081,primary_conservative_holdout_interpretation_sample
14071,253919b4d5b1e3ac554a25a89e6cd6be67fe3be59aa7575eddde1e515fd9dec45b8ad71c204b032c274e1de01b5f9cfb3ca6a101b01884fa23828cbe230845de,N,0,0.25699021313064546,0.7430097868693546,primary_conservative_holdout_interpretation_sample
14087,255cc557528375ca3eca32c2af14adddd56482c5763bc91be7cfdc8cbb147b84d7efc5d71ddfdfe9da546296061b6c58470381209df7c600acff746e7f802364,N,0,0.8110923057910999,0.18890769420890008,primary_conservative_holdout_interpretation_sample
14132,b942ec0da0ea642c74a129f7d5b4f2798dbe10e21dc0c278d7fc71d28e68632b8133bac3b0c651acf106375b32abe4346da033d899e88f75018a39b7cb633a59,N,0,0.39006471973467227,0.6099352802653277,primary_conservative_holdout_interpretation_sample
14147,befcf25005bb3dd3d394808c2ffb8a5a1b5b090739b4a0d414085ce7feadd41815ec65e891dcb59fe540f116a428e0479c2455aebe0a16ac3a1ad4983cfbcd63,Y,1,0.5651322027419271,0.4348677972580729,primary_conservative_holdout_interpretation_sample
14166,567febb0a6d0704a49f51ecb2f9d65bf81e5f88d9cc7b0aecadaa6d6eb576f58c5e0f33db5a0b97cad9a4b3099bf3c0cf17ed213c4229eef33602ad8ff214fbb,Y,1,0.23421907212489088,0.7657809278751091,primary_conservative_holdout_interpretation_sample
14179,8153a206cc14eb12ce2a70b726a4ac6702593d623e9452b760ed058197cdc4567bbb63f35da605451452bbe32fca208887cc5206afa47de6494d703b761abcee,N,0,0.2029315761342368,0.7970684238657633,primary_conservative_holdout_interpretation_sample
14195,848b44ec149a66c01a3e4843d8f7d911e840e91dfc72e3df320c968d562ec88b8377c229e8c5f5511f3d3f46462760872ea37eabb5342bee5c69ec1660a097e1,N,0,0.7348958816262608,0.26510411837373915,primary_conservative_holdout_interpretation_sample
14206,18ec99e19c177ec0b61fe7d89330a1a42615381741c30ab9f74803d5a959dda159d1492087cc219183bed8041d532aa959eb985060ccd9024021ef3092ac56af,N,0,0.13306069900489367,0.8669393009951063,primary_conservative_holdout_interpretation_sample
14210,7dfb777ca770bd518096c8ee40504ea5c796af0000754f5286b0f1764649be5a81df1d175cddd0b76a39d0af077c73dd3e0b76a4bf2efb99928d3e8d052b368c,Y,1,0.9380227329853391,0.061977267014660886,primary_conservative_holdout_interpretation_sample
14216,f71df07f51a3837f6ca1bbe45a6f12c8ba5da0154704caee7f4523686133a534600b14a97d34d60920c843b75de6d06066adda29185cde1e0ac4745cee86f79e,Y,1,0.44596794178146865,0.5540320582185314,primary_conservative_holdout_interpretation_sample
14232,b9c5c738f067521c93b5da9c7ed0646cd0f3f25c973a98006f9cef18b93eb91d7a3cf8245c5f37e3006304dd613dde8efeff14cf315423cc41a040f151b71667,N,0,0.21704478329219848,0.7829552167078015,primary_conservative_holdout_interpretation_sample
14267,66d9b36109670383c767996d0ac936df8bd5cab66a155d66b47e8a65ce84e5abfebf812814fba07371bda59f095605c8a6d3e35d5849b21d85482aaef5138bb4,Y,1,0.9767200373178097,0.023279962682190347,primary_conservative_holdout_interpretation_sample
14270,7ff0e1a4fde53139cae70ef449c3c247045825feca942999081704ff451aee34e8f01a9a25730072140f1fdffb271ec9807c215a8b4ea9b7dc1e7c8731ed3ad5,N,0,0.18633528622045398,0.8136647137795461,primary_conservative_holdout_interpretation_sample
14273,1bfbff1a43dc029299a8f020b6b7ebfb0c01b7f0a44b85e6ad9a2b8be2388b1cd0b734510b24a0d4d1bb60914db687d56fee1d5477531820b60f0de745cf2f44,N,0,0.4608797018645134,0.5391202981354866,primary_conservative_holdout_interpretation_sample
14285,dc091127c1cad8a928fb1a3fd244664c5d442e3867931fd9a2cf2f8b33d9398d9b9d3b27243c68d4013e7d86b421e3368f16571ff4e7ee0b549d4d966948fac6,Y,1,0.9673550619057156,0.03264493809428437,primary_conservative_holdout_interpretation_sample
14302,585073167ef844a2e0144293412f5b64c31e1e513670fc75d56339464240207a2c6af1da6aad9b737992d46b901ef062814d31bdede1b27edefdd78a30fde6af,N,0,0.3946915783827808,0.6053084216172192,primary_conservative_holdout_interpretation_sample
14306,b7cf057e844a3f0079994f1b8696a5fae420228ad79324931cd5662a171cf02665cd0ad355b17dcfc3495367efa4a885b7cdb3d6ebe96110c1290b3ea6293ffb,Y,1,0.4692945801481992,0.5307054198518009,primary_conservative_holdout_interpretation_sample
14307,f676dbf1dba4d1bb812940579e29ceb913b21fbce1641de10366906debe24f18620511adac5b2fc5a5414e97ef1d3171b5c89ba5b44d7b027f4a2cc674531dd0,N,0,0.6746798669072359,0.3253201330927641,primary_conservative_holdout_interpretation_sample
14310,ce401f0a2c40899bbc68fad1232fd92386b288b583bab8b3ed126921d0a1cf5dc1c3cb843e5f857c4fff712f00a53bc58a30f3eba6dd5e8e4fb64ded87a0b5c9,Y,1,0.6661555534864194,0.3338444465135806,primary_conservative_holdout_interpretation_sample
14345,8880aae63d0495a9b11c2fde209a7858a5285d62341948450fbd8f2aeb52a23d640bc71e6269c46b4ccf679b8d4e72d23f47fa3cd6dfd826bb7e1356df6a8e4a,N,0,0.32378208356475535,0.6762179164352446,primary_conservative_holdout_interpretation_sample
14352,df4f86cab2ab19fbf88efaaac9d0159bbada806f395727369719148d8782fdc45424a537702f03544cb7f6cca1df163eb39abee341f6833c7ef072bb73ba3cb7,Y,1,0.9510103526170837,0.048989647382916335,primary_conservative_holdout_interpretation_sample
14370,93bed6afa84a3077a98f87e93a2091da20f7c82cef0b8f69fbe8fb19b1e2f4857ac71dfe082341f6200260baa2bcaf389359b4247bb29029d7f5c7bb7fe7d2df,N,0,0.1781846051662189,0.8218153948337811,primary_conservative_holdout_interpretation_sample
14373,e0f12f297d83d1b673e14998b6155fe53982fc8e623118d6d6709831c6fe9c59caa9ecf9253f726699b80c60861a74cffa29934fef98ed414b06b68b72befcda,Y,1,0.7615855723716861,0.23841442762831389,primary_conservative_holdout_interpretation_sample
14388,c9a9a94e421c34a5d862e178d92a9b14d7d4dbb4f4ab7de8299dea3b87e2d1f2f6faffd959d8b3d9257088d06299129ccd751c214b86bae1a7743d6476984880,N,0,0.9634477805409055,0.03655221945909448,primary_conservative_holdout_interpretation_sample
14442,f651a83bd3a8a8b555064444a0ba4402841a1581d21aa8aa0cbf1f0efaca915662e62d2650336c6240da41b9411c50b6cdf3fb0c5347e4620a5fd095b030138f,N,0,0.5651322027419271,0.4348677972580729,primary_conservative_holdout_interpretation_sample
14452,4fc3b20711b037ed629ebd482f313c18f54c79197c296ae68b86e2fe41f67068ae642a2c8fba00a54be34e18a44aff4043e2f24af6d770a5347cb0b6aa38e1bb,N,0,0.3718248192177272,0.6281751807822729,primary_conservative_holdout_interpretation_sample
14494,7fc4aa0ce1790339f57bedbdcbe029db5207fb98a329a5d3ec9dee84c63370997fb0720b71d88c9863df2dadea7c79933c108ab3264f72d0a46ec4c9f19119d1,N,0,0.1541597503595251,0.8458402496404749,primary_conservative_holdout_interpretation_sample
14503,ff03504726524772dd79bf50b17523eba8bebe64ab9a0b466cae83d44244bf9dbd6c2e0e6889a08b85251f56418ea21e33f6e03a96becd0421dff85594decf28,Y,1,0.8866646630773035,0.11333533692269648,primary_conservative_holdout_interpretation_sample
14506,d3babb39ce2adfdff89df02b1efdf109d11b336759da490319784d31e802c1e97bb9484f26cd1992e3754063ad39abbf703d86b3e208a9f9dba8731d9c4d5c50,Y,1,0.5697073925564453,0.4302926074435547,primary_conservative_holdout_interpretation_sample
14545,e140de111da84797a2d15d88a72b43aa4a2eff54a58e0ad8ee122ec2fad9994e489738087b1bc2c8f08eb9dd5f2fae6a09c2e3efbcc2706fb4ff3cfc4943ddf6,N,0,0.8977159218591958,0.1022840781408042,primary_conservative_holdout_interpretation_sample
14547,2731d3d978274d7aa29794d4609be408c731b9b2fc6ad9bb7df9b8fe3ca09fbb712e56d84e2c5eed8a0077ec556b1d75603159755913971b3fe5564c15245abd,N,0,0.9248988500662637,0.07510114993373629,primary_conservative_holdout_interpretation_sample
14550,7046d933ac1e797df9b9c725ab5f09555230ae09a6e63d22b21eab82bba2b3e7578bcf9bda046c8de5c65411da2067518ab430172a5eaff8f78c60e28f452b6d,Y,1,0.8753221627085412,0.12467783729145876,primary_conservative_holdout_interpretation_sample
14568,6090b21215e268733063dcb9b948f4d0254bf30419e07289be793d127ec23197230c7b5b716a1bd403fddce5e2d6bae27a338d715464cebc25e181bd7140103e,Y,1,0.9434346568411882,0.05656534315881179,primary_conservative_holdout_interpretation_sample
14579,eaf09c6fef79e01339c9e80008780492f4cac4a39dc831af104def23a5132d70c3b8de0e2fff218ea0eaa3f0ea14f138f34474edcd033402a4045812d2ed9a6a,Y,1,0.9191509702067396,0.08084902979326036,primary_conservative_holdout_interpretation_sample
14583,429ce0be2c2eae5195b04cccba2c0f6bdff64029520df6a535bca8442fe2de050e1c7d91d3cbe92f8447b3536da6f116f109b121430d257e98a814aaa2bc03f3,N,0,0.31278077673564636,0.6872192232643537,primary_conservative_holdout_interpretation_sample
14586,e5355d100db593635afc6711aa7087979bea5584ad096522383bdafeec7ecfbb5e079ef82169551d8313291e4ea0d888c68b96798d1a6168167dc57bdd3244f4,N,0,0.383702463575315,0.616297536424685,primary_conservative_holdout_interpretation_sample
14598,0ae1750b6a8a022574ee382b32c8c31218a32e84b785aa7df2e65f94dac31d61007b15220bac8e2a6c566c0de48c6f18dccc9133c8f61979bc23ac4d42e5ce1f,Y,1,0.9473940453865204,0.05260595461347961,primary_conservative_holdout_interpretation_sample
14599,9bfe41cf8d4a1c1bcd4c702399c0aaa1e6ba83eaa3c7699f09e92ba0e066d93cf37486bb53fa4abc5c7dea80527b511ccd4474bb0fc6d3805771007d7ea2b76d,N,0,0.6881447165463347,0.3118552834536653,primary_conservative_holdout_interpretation_sample
14603,72340a06b01c7ebae3853eaf0a83a4c6995eef7a1a0004e2da4d41cbb2d5b5e39c8679de1eceb84cc656b4137ee12702a49b9d869ae2c84a7c88882fc1024ee0,Y,1,0.8675957734604024,0.1324042265395976,primary_conservative_holdout_interpretation_sample
14643,83d0c481417cdebb162539d053ffe6b0bcbb5e13c6cade991001b55459c9c8088103ae7bb7fd8d668debdcfe5eb03689cdcac8f59d6265d476e41b77660c109a,Y,1,0.9057315208705917,0.09426847912940828,primary_conservative_holdout_interpretation_sample
14648,1255d4a2bd019a853b557873d030a4c90d69a1aa2171e57cf150e3906346c8e8e813b4c6738fb0c1d7f2b03a9f88cfe9a495edc9771ed57c2102b39e126bf9ed,N,0,0.663762592809071,0.336237407190929,primary_conservative_holdout_interpretation_sample
14655,363534ca760d6a74c7f20e7230377d6719d7aa6dd7c2177df6c97e74f41065b83073057d1cf1dbb94175b717a9a2a14eec53f8b3cc460491d2d2cd27baf400a5,Y,1,0.9519806578271894,0.048019342172810564,primary_conservative_holdout_interpretation_sample
14663,b5c48736805c484502f3f027e8c5588d19d8f6005a1cb5e7ffadf74429ab204b4c4868f52bddd9d175b31312526122606bc6b6b6b80f7bc2793c8f7121dec63a,N,0,0.24048733806739925,0.7595126619326007,primary_conservative_holdout_interpretation_sample
14664,3e8256ae48dac47b5bc4c2a91bfe6a9dae89fde6ef2a89f848f5de3bebca27909e244eca5f47f014fa440b92a999a9f5f666d8a017cdb2f91653b26fcdc4dd37,Y,1,0.790856037157643,0.20914396284235703,primary_conservative_holdout_interpretation_sample
14669,c840080412d26e1836bdb8c2099e2ee28790193c042c221a62ef7926a454a7598cf9b172ec6428084f22dc69b614c42e55e48f63fd40abef41b3924f7ce4717e,N,0,0.5056598751094964,0.4943401248905036,primary_conservative_holdout_interpretation_sample
14676,3940f551538ad2ab7004740cc00425d231ea9f4003b21fbc19fadf770f7e6146017768530924f1592006d87156b1c8ba1ee4751d8d99efb8c608f560c8b134d2,N,0,0.705016872294749,0.29498312770525104,primary_conservative_holdout_interpretation_sample
14691,e0acba3a3dce389dcd7525c688d0ccaa7ef0a1d486e8593541caa99f118ed2d2c43af1a55ec15d4226f42cba9b963e9cc7634d556f492d3af6d8831cc07b0c46,N,0,0.23924621401204405,0.760753785987956,primary_conservative_holdout_interpretation_sample
14692,5ff072de4f105b09851434ee7aa775c2b0177f34d548cf8fc2a12294058bf928463b2a3c61e7d50e402757077e2633a5c4c5b388d1d13f2d6109d118f3fb12b4,N,0,0.19443816905480046,0.8055618309451995,primary_conservative_holdout_interpretation_sample
14705,544715a2b40cc72e238ff98f83480c92abf505c3787776c242cac414aa08be20c0489e92e2a6425124e35105b65e801a104e9346bc52981ce1466d57029f9914,N,0,0.4989119602377042,0.5010880397622959,primary_conservative_holdout_interpretation_sample
14717,ec8810b68c197be28899201f8a4c9b85612728e070d5863473bfa3fb6d2b63868980a86e824b72ffda8d3cebd95ff367554d29d0f016b69b9afeb4af5acf542d,Y,1,0.9680004701172954,0.0319995298827046,primary_conservative_holdout_interpretation_sample
14724,5a861c0931ea516e4d4deac61442049648c27d84541fa11b15db9094ce8934023e3ff3a6b988e4a72cab43534637e75509c9cd2dc4d980b48c8b04b41e1df893,N,0,0.1645572292686803,0.8354427707313197,primary_conservative_holdout_interpretation_sample
14730,c3ceea3fb7c8c30901c2a19399035ef495bfe1dc12289b58ae522845dc926572c0b761dcecf034e1e0ac3034c44fdcee81c6d1415ca27058d1558d1d2a83d560,Y,1,0.9554393916234628,0.04456060837653719,primary_conservative_holdout_interpretation_sample
14738,027b2690411dec05cb7e4905242e1e3029c43a90414943869f8e884d28682d4f93911ecb29d04ca867cb31dc91b7bf67fab97c8453a415403b8ded329805d5fd,N,0,0.35333796808203793,0.6466620319179621,primary_conservative_holdout_interpretation_sample
14800,885493a366bd57bd11515e41c7b359cdaa3261638e3679bd30fa34f535de7f40f1978972e6bd36bc200c77a9f116d522b64622f8f3790d09e83c42dabf7014f6,N,0,0.7326981034832822,0.26730189651671776,primary_conservative_holdout_interpretation_sample
14805,8c772d90b989eec2cf6a34f817d36be68ebb0dea2a7ec96d5467e195df41b6a82c03c0f4894e540196b22acc2923bcf2b43c3fe6ce5d0571caee2886e1b3e948,N,0,0.9088842233190779,0.09111577668092208,primary_conservative_holdout_interpretation_sample
14838,ece280dda78cafd039025501e20bdcfde80eaba5bef63631c62d8300f253c171123e9de7c7b5f4d8c3c155b9b2920589117723b8760a111849a24edf5d5a06d1,N,0,0.19395471591163282,0.8060452840883672,primary_conservative_holdout_interpretation_sample
14844,0847f836c8471e09ed45c0156a661fffe6f58962867acbede8ae0e0b9527d0fe87b866d0291c503532714af895af83cfa6861c9d84e9ad35b7d21a6db649adb7,Y,1,0.9673642193185571,0.032635780681442905,primary_conservative_holdout_interpretation_sample
14859,6eb114555f503c892d08a73e0fb7479188a8596ae19d353f9db47afa92aa3aa8140860a9c40c579c9857cc2a3ebd9154cd4c0876b7890c8dd2e9d816957b9a46,Y,1,0.9225189113853993,0.07748108861460068,primary_conservative_holdout_interpretation_sample
14861,7ef6b90ef412f7a43bf7aec5826d400e929f52e21cde83d2249b5f78778b259a0447f6f40f16cf72521311d6303cc5b7ade7a1706fd9e2ee0f178a82223145c6,N,0,0.6697433124837725,0.3302566875162275,primary_conservative_holdout_interpretation_sample
14864,c900793afca9574f3018239c716ec787b0b3c814b6c209a06c45533a0c0bf97837ebb6f1ca2e88b30ebeeeb004544e18a8854c1c6158cd896597eec7a2bf6f94,Y,1,0.9344920808621175,0.06550791913788245,primary_conservative_holdout_interpretation_sample
14895,23586885b2f0e8a6ebcd72ee08c987737fa53da8263c11d901f7e8e8c670eaf16aa8966c3087f8dd8e176163abe0bdc206ae139dfe5b738b7c3c29500182bb97,Y,1,0.6746798669072359,0.3253201330927641,primary_conservative_holdout_interpretation_sample
14897,cc12472f8094c69cb5ebb226cf5d2c40f01d2235e641646ee20f4f71c83a432336141e0fc120479317ad5b120e6c4b7255fec67f14917cc42853c54985b00f5a,N,0,0.5651322027419271,0.4348677972580729,primary_conservative_holdout_interpretation_sample
14927,f5714b34635b97cbb1deaeb16e7eec5e2d943c1b5d72d8b57a29cc64b3f3683644aa59d2a0e4e22fb0c73f019d5cb05b3b09a3115544e6cdecb092a199070d40,N,0,0.2866274367392388,0.7133725632607613,primary_conservative_holdout_interpretation_sample
14942,6b0ca0c2bb988feec1a1618e9aaf19f22d072da6a15802250144be3c4b65e5a833a9836af2bc5d023fa0ef77190ccd4291f7bc1c5d8d474e13179dc5ae4d3e45,N,0,0.6185929047580349,0.38140709524196514,primary_conservative_holdout_interpretation_sample
14945,623328b30d975f9a8c153c1c5459cff0c1451e1d34b41792ab02414713cdf313270bf6ef3abe93d0d0b579a769fa755e40aa4b194535eddf13902a1eca065ae7,N,0,0.1986059959767628,0.8013940040232372,primary_conservative_holdout_interpretation_sample
14951,54a818a86c811f219ba965764fb7b64728659dfc44992488f2ab6020109576202aab7022587a8cfd8daaca9005b983bde1f841efe64da0cdef39df064adea6a9,N,0,0.8140403213920947,0.1859596786079053,primary_conservative_holdout_interpretation_sample
14958,e8ef32077199c8dc2aae9a6160af7f85db093ee8168651c023ce1ddd08be5379e0d47c4ca7cbb513891e18d6207bf279eea3b033c16ace5be17f8d7d88043fc7,Y,1,0.5768901119752797,0.42310988802472027,primary_conservative_holdout_interpretation_sample
14970,a02cafeb50356ebeda2e0b6a50849a6fc680f88e749cc126da3833ac79a9cc0be8979f5b141fedca4cc19d23e6704a750258e544ae4880b94e63212ef9b520a4,Y,1,0.24931582598383875,0.7506841740161613,primary_conservative_holdout_interpretation_sample
14985,ffff0d42a9cb0c7ba43546929d3c0dc0b141a2ec00fd5932cae23b84f62b186a5662b8470fe5b73092903af68206de5fa4749b306270dee722b53978a1f19a5e,Y,1,0.8364925790091028,0.1635074209908972,primary_conservative_holdout_interpretation_sample
14989,d382cd39c1466d8db79c53e5638f39a0ccdb4bfcc841ed3730a4c5a02e59a25954ddeb10666a9dff3f5081cf34aec0759ef8315e5632068c8553d2b1911c8325,Y,1,0.24334088113216282,0.7566591188678372,primary_conservative_holdout_interpretation_sample
14991,4c43467574848a96d6388643d445241368f00224982ca14d66859d4ef39cac6cc523a97756f68620c71ba044acf49423c7c2eb14cc084a1d5ea0594f79bf131c,Y,1,0.7795070990783665,0.22049290092163354,primary_conservative_holdout_interpretation_sample
15001,4d4a9c4f3a85d1416d12710afccaedc07df5b7174b80d9e594c92b73689ffffd04974b28944bc1f0d9469c60daf2fbf006a00167fabd52ea53af0fe6598fd47a,Y,1,0.9427981711480592,0.057201828851940806,primary_conservative_holdout_interpretation_sample
15025,d8d81983b518bd01bffd6b2dc87417ee5b1026acbe4ff26dfbeea5558bc7741f885bd0db51a50b66c2ac6a202d0761d1d1850a2905cef039cc76ffe534b23daf,N,0,0.7627437721547862,0.23725622784521383,primary_conservative_holdout_interpretation_sample
15039,b704399542d001e87dfb643dadcdacf1a5f6934db50eda5f5875c5059d5eaa5f7d08b996d8afc4291e99297bb4d4973208624ec2e56877080a499ede57819c66,N,0,0.2606249167921758,0.7393750832078242,primary_conservative_holdout_interpretation_sample
15060,82aafef925572aaeb29c579cc7b5a61682f07e87973c4ff0eab37a408b91c21da292128457dd7909c3a9e779f77653d98db993aa7bf4e79b8f70634e99fb042c,N,0,0.7878272334071242,0.21217276659287576,primary_conservative_holdout_interpretation_sample
15085,90f90a9c083062b1124f4045aa037e127ec5d119b1c9eb303a1feba31669d875ad74a2f4e31096e454ecdfb12718a1239032ab4999802b978f5ba6cf1c029bde,Y,1,0.9865344786488827,0.013465521351117338,primary_conservative_holdout_interpretation_sample
15086,5db21bd1dee55db697c9bea0c95c12ca2c2a906898132b3104292b38980285791e0dafe3eab206c566e75dac0e4721f197feaa96e4fc8b5ae2cb50897730b939,Y,1,0.9773697235115304,0.022630276488469603,primary_conservative_holdout_interpretation_sample
15092,ed1bf363f1114d5d3e44d4d963f21fff1e8b320f2c104344823a7a780776ffcce63a5a6bf6de8069d0a0234d3852cf4616f9ad90d8543ae30b216577ce116646,N,0,0.4745811464307177,0.5254188535692823,primary_conservative_holdout_interpretation_sample
15150,dc60c811d5ff7c1b960de429530fb4ea7833016de35c25a34876fe38a0e6c73600f337fd928e62cadbe2c3fca87d7c32caef06cc2a029e301880f8a5840a7fcb,Y,1,0.9801376748651884,0.019862325134811565,primary_conservative_holdout_interpretation_sample
15181,5f6850d72a7a92af5ea6199205d42477e3d99c2ee31aff62924fa164d50dc5451532bcdff715e5dd07878af0978a54e2d44a4b02543659bef93101ff32d34f35,Y,1,0.705016872294749,0.29498312770525104,primary_conservative_holdout_interpretation_sample
15185,3ba56ec592e610e7fa7ec755b938aa71ede9913f55ea9b09f296cdcd60ce80246b3b8a39bde91282da5b470d3080e268e55749c418ab3eff73954bda5940653c,N,0,0.6281427372723318,0.37185726272766817,primary_conservative_holdout_interpretation_sample
15199,a068c534ca5a293b499870a24229395589ce04911ea592d17420a273ba4a672b9a53d56db2a10ccc78ed1193f42e17c8c7bdf86bb25f44389f83a3ab22a13b1a,N,0,0.6661555534864194,0.3338444465135806,primary_conservative_holdout_interpretation_sample
15201,dc1fe11c0a9ab6032b1c3e7663ba9a7d866530f9a8f221cfac1b8888fcc1b74554df78e3f143a7ce70faa9cd056127a66d66e1f241dcb3bc9136801f853499b3,N,0,0.3276148484480283,0.6723851515519716,primary_conservative_holdout_interpretation_sample
15206,266bf255cad1332c65474bc8c0c8bfd39e03416b81df7068f3a1496c13dddf7b2b957401253a3d640c4129f902a86960010c3b7447f5e4fff5528354d6dedf20,Y,1,0.9767438290574352,0.023256170942564824,primary_conservative_holdout_interpretation_sample
15240,63f129d68ee43a9b50ad78a8c330a47e6becf691a921de91085b046a9b1eb3382ec47025a0139d09bb3cc87aad8e22e4f456731dbcaa886774b5f2de61c2766f,N,0,0.6418402123319936,0.3581597876680064,primary_conservative_holdout_interpretation_sample
15243,6bfc2a0f501325b3053d13180078a6d10846370eed92f2bd433d792147c052b9c246635a3b3cb81fd14de20fb1542643919c4a5e9bac348e573fa3fdbcb2c5a2,Y,1,0.854614385155559,0.145385614844441,primary_conservative_holdout_interpretation_sample
15245,93f26b4e2444e92a5b6a9299fb5830161227a3c49876b46490e28f197c5af3ed9a381ff80a45790b4e6b0bc27735035e1342d0cf7ef8ea3354b1375c591454af,N,0,0.28755755744278666,0.7124424425572133,primary_conservative_holdout_interpretation_sample
15260,c9caa567ce1eb70aaf602729db1b09910add91daae0f1facd4b19ab7c27e358d8ba6d6fcc8a6cec9d50ab3a783977e24a58abed1ab4819711c57051dcdcd42de,N,0,0.6753123605027551,0.3246876394972449,primary_conservative_holdout_interpretation_sample
15262,d3a52bd21b07768d9fe0a08507e70059186b6cd7bf5f9b89031709bb01760cd343ef2b6113f48f34621d068b0f61356863882c748206bc8813c3ab5dc2fbc6c9,Y,1,0.2815317261274546,0.7184682738725454,primary_conservative_holdout_interpretation_sample
15289,8cd890ca71e93c155be5c854179c0ba08414daa1811a793c78a9a79565ead8e4524cbd233176eb4d544f3814816f8bacbc82f2b8df93dd236a2fc4c356efd300,Y,1,0.4739294761580284,0.5260705238419716,primary_conservative_holdout_interpretation_sample
15297,9f6fee977eb968a7c4b4fc0099f22696428a3599a886e4cca38a5317d02de0216512888aae3fc92947f97d528beee39e1eff6be36c76dfddb28bbdb4438e9452,N,0,0.8689600438929559,0.1310399561070441,primary_conservative_holdout_interpretation_sample
15298,871fa53f37fe60df375ca0d9531f028aa70477caf1acee3c2bf2402d0fa4c20df68c767adf0bcabb8bc624012c4ea822fff18971b31cb115fa4af7a636169b69,N,0,0.3237218226653451,0.6762781773346549,primary_conservative_holdout_interpretation_sample
15299,b473a66829f39be93d411789f5083142ca5450c2987b020bd10cd56ed30559ca4f443107641a720a22bc69917d76ff0528f8eb95a745dc85edc6e704bd7cd3dc,N,0,0.3611687649312023,0.6388312350687977,primary_conservative_holdout_interpretation_sample
15300,5794397e755aa3d92786cf7d81b8fc0597d0ba3195e863c3072776c7cb151616d8271924d9313710c8ef6255fd367337f10b0e1e2a6ca298430e057ff8207863,N,0,0.4207106154644101,0.57928938453559,primary_conservative_holdout_interpretation_sample
15305,a1c9b03dad8cf58ada210160e973dad2eb0be7cec0690e08b0fa3b3a0a4d2395163d0f1d8692320c55f1b95c707e6783fda1d61ae652f4052357a2137c6620fe,Y,1,0.9468720177436722,0.053127982256327755,primary_conservative_holdout_interpretation_sample
15335,8fad95012ef11fa2e2210f9d8d87c57438fa539aaccf48215c9e2afa3bd03a9cea2c406592fed297bb39701436709c6e3694a35b4e0a5bbd6930328cf41b528c,N,0,0.16876654425968035,0.8312334557403196,primary_conservative_holdout_interpretation_sample
15347,c86441c2f5b77bd85932db506b361446c03f0afda8c9c8531c98e1ceb45645282082157e5880fbb460a14f0ab04beddfe894caf03e68e19b3eb899d711b8425f,Y,1,0.9809378577125626,0.01906214228743741,primary_conservative_holdout_interpretation_sample
15371,cb79ee60b0b70e70f88cb9baefa146798e6195f9e361597ca6702f4e5b96f4048b86570d8ff8cd3eac0bb2769510a4c57173e30a5516d21c6d40fe0d18d50cd4,N,0,0.518433657348235,0.481566342651765,primary_conservative_holdout_interpretation_sample
15379,befcf3c6c95eb59802866fff784fdccb6c53ec6d4a16f20a455a8f03a71dc907504d5047ad51e11fcb00fbf52c125e0a3e17ebfb2c27d63afaffadb9b3789813,N,0,0.38933382720203835,0.6106661727979616,primary_conservative_holdout_interpretation_sample
15393,c409865f0a459f5ec17e184a595196be3dc0ba32ec50faa311fde13c9ca0f5a24739590a4071b443a38fdaf048f90484cc27b60ba97e5f46a9bf2cd5d7c7a127,Y,1,0.9775202094446209,0.022479790555379076,primary_conservative_holdout_interpretation_sample
15395,d9adcc62ff3912059fce14a61e4bf7d65839b9377a59ff923462b65bfd5ce4cd80e29fb5f169bf7a7253ed86aac6818fbae26d3c778dee41e75a284490548c11,Y,1,0.8502276861669891,0.14977231383301093,primary_conservative_holdout_interpretation_sample
15407,c6df2ba68292a7bf3876e01c07587f9f98ea0a805a7e3dd1aa04ac69cca7d3ca0d6fd040d36610aadb6d099b314f1f76daedf0210ab1c8c82b2ad6475a645f5f,N,0,0.5324391720846331,0.4675608279153669,primary_conservative_holdout_interpretation_sample
15441,77893626880da0346f135910105bab69c2086e8058af87b92cf7bd8029db09b92907f2758e8d2c77b9e8e5e82645cd3c804c72d0abc941b248c73e477be423b4,Y,1,0.6661555534864194,0.3338444465135806,primary_conservative_holdout_interpretation_sample
15467,27c88f0213d016065b3bb27fb1de9dba1a14e63c7610b5800ef3448eaac4cdc0418abc4c5c41048fdafd38c9de51d376048fe24a5efce2a50576c43e77bdff4c,N,0,0.5955769507648049,0.4044230492351951,primary_conservative_holdout_interpretation_sample
15487,23bd9bb8ad690cb734f1b47ba350b5ffacbc4e4772ae38e5128164c9abfd5a452e30e25ee05415126ade63145cbafb8a9b86dbbebaef206110207efd11bb1512,N,0,0.92754744786069,0.07245255213931001,primary_conservative_holdout_interpretation_sample
15500,bd6658236e5eea750a5734f9b13da2d96c363d25b1284a4842c929794ccf3edc33d5f89b2d0bfee6e3b55017d43d27b14bb7deed2940cbcd2c8ddff7695c5928,N,0,0.2730918584585592,0.7269081415414408,primary_conservative_holdout_interpretation_sample
15518,c251c783c6e350377768ce17693d817647cb8e4afaf8be6299aa000f6ed98c77cdbcd8eae667441f5a0f639712ce35889cca5e680251fbb31f696b64092c3847,N,0,0.567778348995751,0.43222165100424903,primary_conservative_holdout_interpretation_sample
15538,1ba68fb83c441c89d8e98e0509b8e9b5b65382e84ee278385f682f7d381399a47afaa928fe2d33b5968af2e2a2ae14b21f4c11502aa373aa0c98b5e511914127,Y,1,0.9328523204690731,0.06714767953092693,primary_conservative_holdout_interpretation_sample
15553,915bcb282c5bf993abd2af287212f86004485fb1c2fc4b5c30f16c1ed8cde86a9b17add7e81e68c30ac0eed63bc8b31acef9f98684321ae1de022662a8507a54,N,0,0.5562455788016503,0.44375442119834974,primary_conservative_holdout_interpretation_sample
15568,adc6e53028bd92e67af6933628ad153752663d810b831a8583925cfad3f5ec6e1c11a6d5433fe6ffa2a92b983fd175c4130bc1e81269d2ac6d3f7f443e3c95d7,Y,1,0.9617673308659667,0.03823266913403334,primary_conservative_holdout_interpretation_sample
15586,462a09eb4df826bfa0ba16a24642b34d2603ea1dcbab98f63678d860a414ffc02a0876d92dbcd4b03592cb0169779848cc4bde35e6ad45885c862602ab58585c,N,0,0.7707970684646295,0.22920293153537052,primary_conservative_holdout_interpretation_sample
15599,9bdaaafd326f4ab757720876688a6c798daaf038c29dbc81180750e1f087bdc357996253cfce786121dee70262d0b4b9b9250860e397c5dbf21cb176dd09fb0e,N,0,0.26018030525591235,0.7398196947440876,primary_conservative_holdout_interpretation_sample
15608,c888589ae77253979dd5eda32b18dfd77dd3fccc9bcbc198ec2445fa86f61a9d7daff5341cf0a154792df97d356b6f47824dbc1d81f3261fbbfb7df446b09627,Y,1,0.8800824336585258,0.11991756634147421,primary_conservative_holdout_interpretation_sample
15618,540aba2a9fce85c9d4b84499b3fe2874328142be05f92e12b38723a0caa37e6c9b1a072850c09f684e5015c426c14a57150ccc2b6016c885fe97800b46af3ed4,N,0,0.26280699625637277,0.7371930037436272,primary_conservative_holdout_interpretation_sample
15619,3d6534814a42820a874ae78f901879da714415854c035fc21944da60b55ebd3c28f539c8e1f116ef55a53ec125cba8283f24df72f83edaac84eb16658bf74bf9,Y,1,0.6260915014060688,0.37390849859393116,primary_conservative_holdout_interpretation_sample
15649,d01444dd168815695718d8b0870e72867804ea56536074e9df9b715ad211975c92f917a3c81098d7710670a0705082deabb6b3643f2d12644a7e3dd81dec00dc,Y,1,0.9029815912317521,0.09701840876824785,primary_conservative_holdout_interpretation_sample
15675,ea678e95dbdca70bdbad4ccca7ede62e6c8441019fe03673cbb6eacd2ed4ecb017b3d4584587c7d5ccbd4e0efd23f9f1f7345cd48e24c7bec544a9974b2c6145,N,0,0.21929440630786057,0.7807055936921394,primary_conservative_holdout_interpretation_sample
15693,299cdf5a604bef6543fb286c4b61bf948f2880ba55c7877113c8f9107772d5a382a33513b8e173ee1af8027cf9ec7028a2b18d8e3fcb9440630ee1630d344271,Y,1,0.5903024769898283,0.4096975230101717,primary_conservative_holdout_interpretation_sample
15695,f9c6e2a2e1a011da8ae306687ada161cb232572fc56ba2638dacd7bbb5191a5659c345f44b366bb7e05cbaa596da284c758a0915e188ae57ff07ba2e27bb35ff,N,0,0.8206685941309976,0.17933140586900242,primary_conservative_holdout_interpretation_sample
15710,e3e7c5ec8f1e1c8819aea040cf3a6af89e0940f411e1c8400844ee7f7b3892470c22e64688381b4fd444e692b450e2237d23357b32c6a182b3ecb53284ed73d2,N,0,0.4377933050071512,0.5622066949928488,primary_conservative_holdout_interpretation_sample
15719,67ef020cdc82095dc55e583799f8104e84faa3815c8f547ae2aaca029c6e4a0a418f79cbd9815e32be36a57cb545d8efc611e556fc702cb082e29055b31eb0bf,Y,1,0.9693239629294921,0.030676037070507922,primary_conservative_holdout_interpretation_sample
15750,2cafc668c76aae8384f07297d2065211a2e6d53a2305ffcb682ce91cf6edc5048de890b278da7d991482ce5b32922cde8dcbf8e47842b7281b6b791e9a3933e6,Y,1,0.7326981034832822,0.26730189651671776,primary_conservative_holdout_interpretation_sample
15758,af17c45ba3624efd4b52a90029466a6bdfddddef98d53252c60141d48250d5647e18ae7dfb319f44a5f9725b5ad168a79a5b8f944d0e39756d2f8ea5f0097e1a,N,0,0.4763170520754683,0.5236829479245317,primary_conservative_holdout_interpretation_sample
15791,4314402ee9c4d348b848f053b7ade822e83f9fe27f7451f2d10214bf60cae06e424b826fdf952843f6c950709cc4b5b32e2e52389efbf14f1ae37b035e6b3fad,Y,1,0.9856018002600971,0.014398199739902862,primary_conservative_holdout_interpretation_sample
15803,f9ad0a0861c2e28bf3577730ac1d6841631d46a644e72d609ee9563d4659115b168eccc00087441a2e15d3b34cf049206e19005033dbdd0a76a883f355c61225,Y,1,0.2906375141142048,0.7093624858857952,primary_conservative_holdout_interpretation_sample
15806,426e63dac0cae624c78b6436dad5005e4e0c44a0dc1a23d203423a01e36e9bf8dc99a83d1436aa2ab066f3a9774829b81d6a9c1bdabfa55b079bec93442f5d07,N,0,0.3249582166934456,0.6750417833065544,primary_conservative_holdout_interpretation_sample
15817,1458bcc33a45d4781ec22d25171c373c2a62220c164cac29ffecf50533dc3a65dcc2dd751a11b496c4e1bda8f715f8806ae134f7c56808d44f4062938c769dbb,N,0,0.3289856888577523,0.6710143111422477,primary_conservative_holdout_interpretation_sample
15845,7980f36881810103c8ff71f1df43cb88fabfdb41294f56fc39165a15a3bfc63983a365fbbc7c551bcd5e163a401dca3e343c6f40d016cba35108c1da6dc4c043,Y,1,0.9206694987745039,0.07933050122549612,primary_conservative_holdout_interpretation_sample
15894,de018edeee14393fbbd06dea14fba1867468e84bed4831699c4d6d650deca7c306e457016c87ec5e77193bd5253f699d4a9ef26ae6a073b753e9858e809d4f7a,N,0,0.48123927111964376,0.5187607288803562,primary_conservative_holdout_interpretation_sample
15895,76ef30f9869a35ed7169b20da4dc81ad4d13ef0af5cee476526739488864134b3b1a7c756ddfa7e6e101f1889a95eb9e9eea945bfb0b26649aac08c721ac59ce,N,0,0.41409526723364054,0.5859047327663595,primary_conservative_holdout_interpretation_sample
15898,690e12255fe8770d84fde724ff792d3d61449070c2a283b76a39d5f2f62c5486547f943e2f2f98ae232d50717eab3ffa4e2deaeb9be6fd9d8e1143f08a36f039,Y,1,0.5651322027419271,0.4348677972580729,primary_conservative_holdout_interpretation_sample
15901,35e1d20d1b45477d9b6fb0590f1d6ca1be7d25269e2ce29d57754e6cf168af597635ca6f22b8c81a281b085c1060e63c8bcbec9c072e982bdd41b4db1d71d3d3,N,0,0.8920738788557009,0.10792612114429911,primary_conservative_holdout_interpretation_sample
15904,502c0efca95d42eca75869a02f889224e1176c2020d02e3332b50824cfe755bca916c967e5ee5ed7560f43906d4eb104b4939eee86596129cb879eb57c54c65c,N,0,0.7947416848219258,0.20525831517807425,primary_conservative_holdout_interpretation_sample
15915,51bc464755eb413a9d21dc90997f88e9625119b15888700c6a6be3ee28a0244cfaa59af2a28d98204ff2d6f0c9aa69e56c8c03155a444bacff7ea284a48d7f75,N,0,0.8356860914286623,0.16431390857133765,primary_conservative_holdout_interpretation_sample
15919,79ba0d3776a02f8f6e9a91a6fe6d708cfd8273bd591fbfd4795c32d680a578d5f24cc2a253fff649d9e851caf5fe0fd263222791b8928418f5a1faa18a994a49,Y,1,0.3875350864335125,0.6124649135664875,primary_conservative_holdout_interpretation_sample
15975,a0a4eef9a6e2f804787e8a788077894ea8abfc22080d53c121ae31802ad53813df832ebe1afcbb2a7f362e55433a1bedd52ddbc327591a966135bdfd538b39d2,N,0,0.7159128859678648,0.28408711403213516,primary_conservative_holdout_interpretation_sample
15993,b11e60ebdbccd92afa7365dff2d12c51e9491c2e44f317f21e019d14db558476075d6f4ae8e65a852921204028c6617c1ffcd69e8a84d9e9c38383a8f000f288,Y,1,0.37567323883513914,0.6243267611648609,primary_conservative_holdout_interpretation_sample
16008,f06951ff35605cfa7796e238a35482c0593a7dc566ef4900f39cc8251af904d3c22625d56f44c54ca62e150dd2e1923ce626347b08c91b7b288a65e5e85c5535,Y,1,0.2665539113245078,0.7334460886754922,primary_conservative_holdout_interpretation_sample
16016,a4795d23b7891e992a19fa7ce31272327f0ec41981557eec00aa4bed01dee8159e81df53ffc62cc2a63d4e2f22d272159587d5d30c81a7d9347a15f7ef4ebae9,N,0,0.16084164106289847,0.8391583589371016,primary_conservative_holdout_interpretation_sample
16033,696af8c4b4de423fb30c79e9b97fbf21b5bac4a77226acf94790c0475d70888cce3982713d0c427f9f36169d824437b6b12bccd87944431402fce3631ff822f9,N,0,0.170311968416825,0.829688031583175,primary_conservative_holdout_interpretation_sample
16040,5b14d5322d801571e42101d4d91642f8f7b52a4fcafc01cf02feed746704c66a2f55e2d0f727c4c479a656e718788d0d3e7b95832e6911bf59b44eb8dcb3d71e,Y,1,0.7631352956919415,0.2368647043080585,primary_conservative_holdout_interpretation_sample
16047,21358ebf340ae9859f59ad40c95604b5337349eaa159f0e1594c4e3ea2520b426931b3c9887f0e033e21f0110354c5a37a91d61a863d6d349d5fc4f886ea7428,Y,1,0.8771675466465004,0.12283245335349957,primary_conservative_holdout_interpretation_sample
16070,b0681cdad814e55ee3674ff6bca8dc534802b605c2a81ac68df696fdcc4160b39dab588d7fa6d8b43c6583ffcc8d705bb3d099e9787c80801b45318cc472625d,N,0,0.552390098493009,0.447609901506991,primary_conservative_holdout_interpretation_sample
16077,c38a345523bafacaa42dc28af99d19749c2df3dc758a95eda20ee9542e1e0578b79c55b5ecf4a0ab8393872400f7e5e352e2daed0dbb7cf02c8f725d54b82798,Y,1,0.5651322027419271,0.4348677972580729,primary_conservative_holdout_interpretation_sample
16129,c8f3757dceddb91e6afd60e8ab61563146452c43b02c01ebc15904353c89949b3702bc05217f5fb19b0262438305cf032685d27566cb8371a0707befbca8c610,Y,1,0.935959964755756,0.06404003524424395,primary_conservative_holdout_interpretation_sample
16136,cde5e8c37586e606a19f9d54af5cee5e7e3c40235cf52b02a4fba5743a88aa4f2816919b3481b08b10f6ffd313484d184d42595ee19acbc2a470634e6e0eb24f,N,0,0.203538657961497,0.7964613420385029,primary_conservative_holdout_interpretation_sample
16141,9fb90a493a4b80842c07f58a2de4746413478684bc5fcfa301038c0781c5eb6231b1d034f57a9ab822a92042d686f4e0a6fe50cd15e2ea9ddaf17c12765869fd,Y,1,0.7564528015385467,0.24354719846145334,primary_conservative_holdout_interpretation_sample
16144,b02ec33c8151eab671e41adcbcd49a0e07dcb01ea6a1c717252b369424bc7127f55c5fac7a8e7ae6b6f98eb678320929599b03ca4f7714f50093ef49bf6d1af8,N,0,0.4054864224547511,0.5945135775452489,primary_conservative_holdout_interpretation_sample
16163,058dc54f2c008831537ac60bae689031bf0eaf5ae035a2f9e6f0f1ca9cda2b8573c59e98faae72a76c75030196e18f3d741c50ba004aa1da5ede4e9b02bff8f0,Y,1,0.975534672195719,0.024465327804281012,primary_conservative_holdout_interpretation_sample
16166,5ed6de118fc91b1454dca290521148591a441f692f709e14337a7b35941f68b23127b4aa2fe7c816370dfc63a382acd4f350c61823ec7e6788ff30f64864be5a,Y,1,0.8762156435052146,0.12378435649478536,primary_conservative_holdout_interpretation_sample
16185,a3eaaf62bf31a0476d572db374045493186e4ae3be73aed5891fbd44b89a23db3cbc2ab273b8769a1f034fbdc1a65e5d2fc92aad4232deae7b5ac76c05a0d322,N,0,0.4123077317431958,0.5876922682568042,primary_conservative_holdout_interpretation_sample
16213,8a0de9e7fe4fa6c517ae3c6ad0c68b1c24964d98ac3332a5b33b39a135e5ce80ea6e46f9195203b3d0bfc5c60afcead4c2c36537f05cf356e101534d5f1751e9,N,0,0.37520791859062175,0.6247920814093783,primary_conservative_holdout_interpretation_sample
16239,9bbb4038193b9c2bb7a2e6f69235b6270af6ad46debc1725eaeddb0bd9c98c0ccb2b03937c8e7734d2a2e1063bdd2d870f39c3a1ee078b32019f28dc0c61a712,N,0,0.26795552068907186,0.7320444793109282,primary_conservative_holdout_interpretation_sample
16241,3e20048f475093d656e91280c24361f726b18e006aecfc161265fddd14809e9a5be5c2c9ebdab500d872c4c26756f3b60eff77747e19806c155eb199e9c97b18,N,0,0.25617091977232076,0.7438290802276792,primary_conservative_holdout_interpretation_sample
16244,266d28d120b5b853db0592dc09cb43acbc4b7c62c690e927f8c4b1f2177af680719d31befbe3802009a43c41e535d9ad56a4711cf90a92baecd7a8f909926793,N,0,0.4151438694302175,0.5848561305697825,primary_conservative_holdout_interpretation_sample
16285,da7cc45d5f206518018e0865d182a7b84505655b211d683cf3f842c7c2cfd4ab67fc3de70fb09825afb156cd3d04f6929f45a057573e031216eccde6a47c82a4,Y,1,0.4623570632730167,0.5376429367269833,primary_conservative_holdout_interpretation_sample
16299,22a287c0785674d7bc2b77a3f67ee73789ad3698556c64f6dfcadd109c680872237fa410c02bd73bdc5516b3dd3f2f77c377dd234ff9866a6b9062dac7b1a815,Y,1,0.880708845272867,0.11929115472713303,primary_conservative_holdout_interpretation_sample
16306,d3d4ce854847d862b2bd8a9be898dc2acc90e3dc661ce2bac5e822a213809a45ec232502e35b479192d8f6b7676778d378c2db38a30403f2acabe0f21848e46b,Y,1,0.9813792673867744,0.01862073261322561,primary_conservative_holdout_interpretation_sample
16331,f855fa8806e856267f6a834e600090f042b272aabc05f12f01aeb4b7fe61cc90d3c0ad0310b3fbefe7c69803b3a5c752b094fd9361156083288fd3d94fd4a416,Y,1,0.48262856577939006,0.5173714342206099,primary_conservative_holdout_interpretation_sample
16333,c21c486a3acbbbda715234b4e548bcdad567d03086c8f0774eca58fb45f3e7ba3f3370859b785a4415d9fafde1db940834b0e0f92ae7008d5267205f8e74f81e,N,0,0.5034649582213253,0.4965350417786747,primary_conservative_holdout_interpretation_sample
16338,24e6e45acf403d1c860cd817b709d213be104c4a6c026f4b6df7a55c8342e98564ac14732cb3cf424b48b43c75e68e52d4af201edfa82d72467e236a6462b86f,N,0,0.5150296039223702,0.4849703960776298,primary_conservative_holdout_interpretation_sample
16350,d4b960d0301f276d076656bbd39633c4ce4cc36c9ceb3b138f1788a828feabf18dde6729a1aaf049648c5e58025b93e0c819b88609668687428ca655ad512696,N,0,0.2201866010204962,0.7798133989795037,primary_conservative_holdout_interpretation_sample
16359,4e28ee6f8448f8b9918e92fdd0a94e6c9953d2751ac3c54dd7fb2b0da3d1e3fc6fdc33bad080c249435c4bb01594c319988bbc3b82406c0d5506b8421bde3f7f,N,0,0.6598569991880258,0.34014300081197424,primary_conservative_holdout_interpretation_sample
16362,dd439463c4bb21d617c973c70296c62f0c40b4b0e7f0aa6b32959ab4261b1c3f1bdc8eb20a34e3051170eadae1403096e61f1c319fed6ed5d47987c32e947e9c,N,0,0.4466294311199582,0.5533705688800419,primary_conservative_holdout_interpretation_sample
16384,049229476c0bf91a16061d05caad217e2b4a381b3ab62711efa02147cfcce2c2584924b5cc0c47ac51c78ca8c554de550085a25dc86ef04bba70e4e3476bff7e,N,0,0.818688041978993,0.18131195802100697,primary_conservative_holdout_interpretation_sample
16388,947afed76ee338208101ae0c020496ead8e762375ec23b919f162e8324ce40b883125c0ee12840eb571914002e0254684c367d7ef1d9bc2312f067fc99acb615,Y,1,0.9741119534313307,0.025888046568669276,primary_conservative_holdout_interpretation_sample
16390,ac4e3d0a0d3d83b1b41cd52d4ab74da4871d80ea7a92be517a192854a99be81455bc221781444411af9449727d37e766cf638e7912b08a30e7570046047a11a4,N,0,0.15153402054820947,0.8484659794517906,primary_conservative_holdout_interpretation_sample
16399,b50b97145a33b6f7429b6d9b6fb8307bd26936b085e32bef826dd351899b98f4b41990ec7f906d432c1a3bd29d63e005da4a68499259b723118d2bb0efc016bb,Y,1,0.944581025701189,0.05541897429881104,primary_conservative_holdout_interpretation_sample
16400,818f0d611a25f3ee9f0d43c679e06a29c6c8828d435d317ff9db1e09318068a1f875d7f3c90f633a2f4fcc96332be3cd115b02fba2c3b7ce0fa57f0ea17ffd1b,Y,1,0.7505603279189808,0.24943967208101925,primary_conservative_holdout_interpretation_sample
16413,75fb00589cdc40b158fad3be00f43a263c5c4044969715030f5a056d1cb2b827cd4d55ba15ae5679ba5143b08ecdce2429e587b9057385114abd9b91126d9c6b,N,0,0.31798009075883105,0.682019909241169,primary_conservative_holdout_interpretation_sample
16415,24779f4e3dd448bb18d784b339cb19c54b33d28f5144283895dec96c48e864d987731195063b177f0eee8fe3a564e37c787b61acd498b2f960a72a1f5cc41038,N,0,0.5045448040790984,0.4954551959209016,primary_conservative_holdout_interpretation_sample
16428,3922a91ec76a6ea3784c51f74893a65bb1ab9e5e7b68dc50176099b39daeeb257a990ef83cda04e03451d9a0dbee719e60b8d945296ebd376c8b31e8ef9b35a4,N,0,0.4642121214842757,0.5357878785157243,primary_conservative_holdout_interpretation_sample
16432,f50d726044257ed90ead8a963c8a2fdb473a6e70c720135d70baae6620b16dab7975ba3b603d2be0441cb0e50523741b199e3bff121087dc403ce8eb71e2882f,Y,1,0.9717867107904526,0.028213289209547354,primary_conservative_holdout_interpretation_sample
16444,d8c1fb2dc7251385dc0480c13f4a116ab7855e733f9970853961620a2be2deb370bcff52286d93f5681704a87a3037f7070aa2b34669f02c3f6788b050f55ec9,N,0,0.22777850665701266,0.7722214933429874,primary_conservative_holdout_interpretation_sample
16449,68cd90f15fa2dfe3dc674aafd2eefcd18eae7a31a9f41f6cadbca1186c90c68b22aa99c7bfd81ab38c27f48d1f3d33440f513bc2b78837586b178dbb266d6021,N,0,0.3513986107704548,0.6486013892295452,primary_conservative_holdout_interpretation_sample
16451,2ffe9a1728871ab1264e9e9ebed7745bf158af505c7e08dfc8863b994aa66cbe902677a6be7bd055c105c80ba0407a61cde0ac9e021e215ea7ef923082b11f33,Y,1,0.9742315001871631,0.02576849981283691,primary_conservative_holdout_interpretation_sample
16454,16bb5166e446d2a0505fb6794f8fab51323ce38eef3c8e67a21194816c6cfed834887a8ee32cdfb2732de8bf7ba22f40a377fa3a79605cd626541e367487f8b3,N,0,0.4834250266916577,0.5165749733083422,primary_conservative_holdout_interpretation_sample
16461,c9f05d088e85fd553153c3dfd9502fa4af234ce9a7eb65738de93739846649ed515891a2673ea0273e4b43bbb838b51e53c661df572fc572998df612dbff8f6d,N,0,0.7794219232361477,0.22057807676385233,primary_conservative_holdout_interpretation_sample
16488,50ea072b64a2b919d81a605fe5976bbbb076a64a4284537b6da935c52cac3d5a0dedd7f6c53dfe15d260cd5649517423757e7a2739b25f37542f993bde1f1eae,Y,1,0.9583635993225441,0.04163640067745589,primary_conservative_holdout_interpretation_sample
16524,bb52d8e022ac47b5e26794e16867126175e53f3f2d92cc6b70948b456ac21adac4fbfbd747863870cbf700d85cac4f8e62a294c655c4615203027fc5b569a733,N,0,0.18602744561325024,0.8139725543867498,primary_conservative_holdout_interpretation_sample
16541,a5fb5657a692e30859ca087ecb258232d4e0af3ca95513d49fce370abe4069cf3f730a5934b332f1522bc5681c421ffb64e11e3552013290dc72199dfc0a831e,N,0,0.5014976964251917,0.4985023035748083,primary_conservative_holdout_interpretation_sample
16542,bafd6d9916e786a2197770c3bef6e08daa7dec83761113980f83c0b2c409af6acb406e0f560f6a1da75e351d0f093bb0d8c473f37c58edb97369f04ae82729a4,Y,1,0.8937319818075588,0.10626801819244125,primary_conservative_holdout_interpretation_sample
16571,d2b031324622f237da79ee3efa57b56df6e42e6935179872b142c4d73af83f01b7f57ff83a851edcfb52159d35b955c0dc7a5ce582610deb0e0318ea978f35d2,Y,1,0.9856598704404883,0.014340129559511694,primary_conservative_holdout_interpretation_sample
16574,b7671c68579a24423426b7446f78d3a864783127c6e3d997b122639bdceddfc91b49d2ab81b3921d9ff76a85cf0c306d7fbfae82654be0ee1e599e8e8876957a,N,0,0.18469132230725266,0.8153086776927474,primary_conservative_holdout_interpretation_sample
16585,0ac9e74046d9e11c9ced169f1691ce5d6cccde9ff07f56291a075004b898ccc244f396495d860fdb05132a75e9607ad206db69c5aa7b1d4252b131f505ed4417,Y,1,0.8262635318571795,0.1737364681428205,primary_conservative_holdout_interpretation_sample
16605,6b133c068cb132cdb622a4c1fbff9891f641acfa90910a85806f5bf5794d85ecd2fc6b9f7bba83bb50715b6d25de36f97ada2d7a4553c58a2ecb988fcc33ace1,Y,1,0.9446690993857058,0.05533090061429424,primary_conservative_holdout_interpretation_sample
16607,bd044d2775c67e6e650ab78af2587f83a2b2adef7e1540c5b333e12209ed35bdce00b19853b8fd527874883e7616c6aaf835a63242d9c42d96d7636cda23f98f,N,0,0.2836014477284109,0.7163985522715891,primary_conservative_holdout_interpretation_sample
16624,91767588dc12d57e3b71f795ad67fd879bb92b7fdf26df41384be21fce7946ce00091b7e469f50f5ee83d69c90e5c26557dc96242116b9d20436afbfaced8654,Y,1,0.48707062340062823,0.5129293765993718,primary_conservative_holdout_interpretation_sample
16660,a1b4121d0d5e21e6a648b669f9317b9a249f307f6925b458fb5d43b432ed2c97b61f7a4749897d3b3c597560632122a04d88d12c04aa0aa1796bc79343e74e33,Y,1,0.3944655567071389,0.6055344432928611,primary_conservative_holdout_interpretation_sample
16666,295771cf4b832acb9a0b17780c119883435bc0d415233746114e6d56e3b91f176d26ca4b9624107e5f6dda5c681177369746e9d2d16574f42eed901703167db9,Y,1,0.5374828864327754,0.4625171135672246,primary_conservative_holdout_interpretation_sample
16675,f294844b1f245676f7660555e8f0ad4ba63793c5f20da65ba010bb3156da17cc286dff201ba5df237586b3f42d25a9578312f2f6c194d37f9c49ad491c86aa3f,Y,1,0.8842193000316202,0.11578069996837981,primary_conservative_holdout_interpretation_sample
16684,1d1196d75628b3cbed8708ace9bf518dbe4a6eb84dde45b32762576cb4397804929ae4d855be954f4b6cb97f39f2fb6d5f6c1e82d4c87f8eeceea185fa3ac8e4,N,0,0.49560218636551606,0.504397813634484,primary_conservative_holdout_interpretation_sample
16687,05763500af5156f80d4fee6ad92312e96e13a2acdc3ec84fc26ec1a3031e999507f191247a5e13dd3ab11f12b7d3c999b1f070fb2a4d3cf69595eaddbbb49b91,N,0,0.21205060787307353,0.7879493921269265,primary_conservative_holdout_interpretation_sample
16696,7d6b2d2b734aabfe0d3e6e32f5d1e9e3afa02eb8f3de7e49d076df3ecc22db0319d586a2c9183ef75df8f6f17aa271317c874c914896e6a1ffaede9bb1ab83bc,Y,1,0.8441727317274775,0.15582726827252247,primary_conservative_holdout_interpretation_sample
16711,2863771e338a4d7d3f86899a146c83a116f244f8f513aaeb3e9c7be5819bb24128c76acc001b3643ff85021880ed7f18f2c1972a4fdae345e997329e49d76f56,N,0,0.40347606468664965,0.5965239353133504,primary_conservative_holdout_interpretation_sample
16713,61cd3a62d9e527ca11b84b0524210d00c673dab7595cf8aec0d8ef7377ac992300c90e91a2a57bc3d89633f71911c3bbde6abeda6433d5af4c997d8b0ae0326d,N,0,0.4763496858356428,0.5236503141643571,primary_conservative_holdout_interpretation_sample
16740,2f0c2b71f6e56a5e06c4193a4df406b4bc13cf005757ddb2ae5f69ca4dd8ca4c366a9f588b285a790cf11062cd040a1c6aa34bb0c2739196ab8d6e7897df2b54,N,0,0.4631629610861148,0.5368370389138852,primary_conservative_holdout_interpretation_sample
16745,69af5f458fc5445ddf46195dac8f2226e99c0c540a9792848926d979297e2a4d4e461ac04e81ddc0fdd7c6b364c92c99817a1168a494c634299cffdea452055c,Y,1,0.24359265773418204,0.756407342265818,primary_conservative_holdout_interpretation_sample
16754,cc66995c17858ba271f4e1769586c2d05c8691b75353241c9d98c769d8ea8943394705a70824a250497a624e571805ba9977529f544a24e4b06d1e315bb9fe66,Y,1,0.6908511935697227,0.3091488064302773,primary_conservative_holdout_interpretation_sample
16775,f8cadaa79fab569e7941ada1fcfb88db2e3a70e524ef7e448f02e952ca389a82dc4e460ff36f5843243a942c01456f551a13c9685ca9abe1088d164bd656405f,N,0,0.3584676712036383,0.6415323287963617,primary_conservative_holdout_interpretation_sample
16781,7985f738cdb8feb7a15afefe19c1690c8a19f7f2d0ccb4779ad9df5b1d8a41a2a062d8abd46b980da4dbccef0439fafb79a4e465b52f411263c04f9af948d737,Y,1,0.7988005783626021,0.2011994216373979,primary_conservative_holdout_interpretation_sample
16809,64417081a00d70d0bcf26c8af0d1fc7b6d7d834ad595236a1fd5f990649cbf0624519746fb4ae9ef20214b3e3b742c05dfb7c58ff7a2240438bf6e4c9b5ed30e,N,0,0.31889314879285047,0.6811068512071495,primary_conservative_holdout_interpretation_sample
16827,af1a08d71c23512d3d09c267015c309ea25f1ff846202f18922ef1aef250ea70bef5e654c4fc92b30e72425ba3146cf6d4da43499c84da49c7f736a03a6793e5,Y,1,0.9774851105276993,0.022514889472300736,primary_conservative_holdout_interpretation_sample
16832,719b6e6170179a86dff610fdfd3a0b0b1ebbdfa4d27f97037238c63ca0fcf34b46fcf50abd651a1035fccb30c3c3db2273d0900eda459812ad1de6de57b7fc2d,Y,1,0.6715240435756572,0.3284759564243428,primary_conservative_holdout_interpretation_sample
16833,eb4d0aa0245b895bbc734b6f2408cbde178c7d7a361c80398271bfb4a5dc0bc9c1c797c02ea343211976a5f8392bff4e902c91b13fabebc6b01b0fdea507d294,N,0,0.33359605839078726,0.6664039416092127,primary_conservative_holdout_interpretation_sample
16882,8edc931d7195d778f5c519d44d7264f4d19c5a55853eac20fb0c2c5a346c138f7ea4a4527bd4e217ad9e573bfddbcfd9599bc83fc5248dc70a76f6198a3ba5e2,Y,1,0.7089191629565709,0.29108083704342913,primary_conservative_holdout_interpretation_sample
16883,3dc5bdb3e03904dba0bc753165646910ad7f14340ea401ef0f52840501f4055f38fc4521355a730d8452574fcd45d5b183a0c8379d0bdbe8363cbbff4a87f5bd,Y,1,0.9735356639622866,0.026464336037713365,primary_conservative_holdout_interpretation_sample
16910,89454a969ee54a63a25cea371ebaae913d1bb8c5bec6c7f6319f5e8b188e74048f807efccc29247db9515a81881ef6b364daac2f6cba44f726790614f9ed4436,N,0,0.429937127414929,0.5700628725850709,primary_conservative_holdout_interpretation_sample
16931,4b440f411a4698f8428cb692edc038067dbf886bff98eb99030bfbefeb69af33320a341a8a0938799a14c659542d0e868b0441641fa10b4b314e0c65de345a59,N,0,0.4552269119795918,0.5447730880204082,primary_conservative_holdout_interpretation_sample
16941,7d5804ad98f5c6c515dad2bfb647ec4012e7fc467542f79d605f9255f08cad7158c32229fd585e6ba1d6101a7c5b32d6e3d5f9b05f234a615179ca7948889982,Y,1,0.343952215505202,0.6560477844947981,primary_conservative_holdout_interpretation_sample
16952,951897a38524051760c39d4b65533745435ffa313bf0b7f2b007e9ecd883baf5790378a26c77db09bfa86045f3b93d731d8823011755524ead8caa7b5667f88f,N,0,0.15861240592117132,0.8413875940788287,primary_conservative_holdout_interpretation_sample
16960,057bfe2933a888f9295947d485fa216f6610f5c13529f2d71634baa4862e7d38291e1d0f68e9aa578e79340e6c9aa7a39b771b82105186537768f67141354c93,N,0,0.2284573205600278,0.7715426794399722,primary_conservative_holdout_interpretation_sample
16979,20b749e1d1db561ebe1eb2b0e06eed4c22c4790cbfe5362b952d367c8ad033b3a37c8a3c1990d291131a166ef26ff1fb24113597c50b0d50d7a186df8dfcb81b,Y,1,0.7213319933998866,0.27866800660011337,primary_conservative_holdout_interpretation_sample
17008,6550177ae4e22af3ecb289cb9a0a74393366d2898106d0544f9c79ce3632a2819a3a9d12b82a131e7cc27c5ab3a11ffa5781f9d851b04575cea993420c0f82a5,N,0,0.441913724330471,0.5580862756695291,primary_conservative_holdout_interpretation_sample
17017,127436126e98746526646f4130d18210ddc2a742a8e7ed961a75580397d3d0bfd8872eb965e282a8b69886c9d032e322f86fe906f29d282ee51eed9d58f6407a,N,0,0.22033888787175707,0.779661112128243,primary_conservative_holdout_interpretation_sample
17041,d09de70c31bb963dd326279e43869b26608698682931c679c60f29bec0acd67efc5cea89d606251b9959e1f0bfc3b2ee25f87fcb5a507df348ffe8382aebb1c1,Y,1,0.8430802830143239,0.15691971698567608,primary_conservative_holdout_interpretation_sample
17046,74bcddb8a911ef5f0a44c16bcf4aadd2c97f862facc570bd0332242816d5377a1fa18a888b1f527a18f73d6c3812b9c3a7df5171c5c3fc384c21d4bff6a3b1c9,Y,1,0.9831636764735225,0.01683632352647746,primary_conservative_holdout_interpretation_sample
17058,e35e0e4f67e100aee5a083177a908f7931bab9791ba8b4edda9f40474fdc75232f9674b0b82a6859e03ee3f24405926fe314fa0f45289fbd3032597858fb0161,Y,1,0.6598569991880258,0.34014300081197424,primary_conservative_holdout_interpretation_sample
17078,3fa418a0e25c168b9873990ad75e5f634a78e153c6fc112d5012584679d56c820963ad1693ed647a04c0f4fa07dc62bfa5027cfe51b0a8f812a8f74d16a006e9,Y,1,0.9029723315841129,0.09702766841588706,primary_conservative_holdout_interpretation_sample
17093,5184c8873ac4134dea041f634d40287a4dfd460529d6556a99bb4c940dd72ecf63dd7bae0efa347a5a5a993e92fb6a381f332f2aa28c7bcc762736eb305b88fa,Y,1,0.9583895091982628,0.04161049080173718,primary_conservative_holdout_interpretation_sample
17127,5bfeedc47c648d516b52fe245ebd470637ba25971c36f87af1101df6247160ccaeaa2b324eb58909345cd5b96c1b80b0e9c7a656e49197f90a80fa321c642e9c,N,0,0.5315055643117549,0.4684944356882451,primary_conservative_holdout_interpretation_sample
17132,7fc1de16c93bf4568619f1db4e95cda92136b4c0eed1af788c65e1d991002da702aa85a42ac9c8777bd156085f7be328a166254999dba4fd4581130c43eaecee,Y,1,0.8082253628615182,0.19177463713848175,primary_conservative_holdout_interpretation_sample
17151,27e44e338f54db8d499260a8d0780260a1b76e99ac1aa32c9a4981b8e6abacbb083be19bdbe14c0a544d248011fd05e52a49ee371008fdf4fd5240ae3b7c7172,Y,1,0.8463662340948491,0.15363376590515088,primary_conservative_holdout_interpretation_sample
17165,b0d247eb98b704e62fac54e1a2049cef3e186522ded42e7bcaac4014a7f8fd889f72813f050c91b8e8822196ca736db4b189d44f4b5db6473608d161eda061e1,N,0,0.2546068092153105,0.7453931907846896,primary_conservative_holdout_interpretation_sample
17171,2602c678c363ffbac687dd5b356898deac63ab8a117e8a47a51ba76e58c179ffb86fedcfd9ba74b330a62b19be5cc54f7cdd6900eb1ec6c6f71e361f8308013c,N,0,0.16250514438671254,0.8374948556132875,primary_conservative_holdout_interpretation_sample
17173,7d67fadd343436b41a8bbbf8390610e3ea5df41ae5345a29c2f0af664fc4d7d876977823cd944200a4264dbe76f92f6cac1cb85df0735cf153c8873a0bc5bfb4,Y,1,0.6335587754947524,0.36644122450524763,primary_conservative_holdout_interpretation_sample
17177,4224809ca850cad795c5c919653920376c7a454ec9efe29f736566a5335995f917985c1fac5085e35c2e4eb7834af7a29a76aa669032fdc06fe2a9e91af20b46,N,0,0.21775522847696366,0.7822447715230363,primary_conservative_holdout_interpretation_sample
17180,886dd2559d73901729b5eb9e0fec85b288f1480dba98f2d27fa642344c994497af5feb633fc6da6bf426f7b9677c10f3bf26cdf012ae12cc8cf8e9bc8fa0c20a,Y,1,0.9477521927668415,0.05224780723315847,primary_conservative_holdout_interpretation_sample
17192,5b1029a9e3a64f99bc6d02ba28d8d20664b6c563586e3d9a530c1e6e0798feb9ead698b8dbd5e44ee80ddead7a317d31674c876b30019ee477a3e2424c7e03cc,Y,1,0.9636920127171263,0.036307987282873655,primary_conservative_holdout_interpretation_sample
17204,757b43e9253dca44df4e29dec62ebc1e55ea7973a64850a59be47e59a70dc4cf0e119c704d1b9e3dfe15c9c105f9067f88a385679740e82180f380b390208cd1,Y,1,0.9296005578626733,0.07039944213732674,primary_conservative_holdout_interpretation_sample
17208,23bf018e48125ef843e8289ace88d54062e6e62316bdee5eaa5c6c638cfe160d836725534ce5e357f3fa9d9c8a8d481e2762468e71c76dc0ade424ba5ff168a6,Y,1,0.7258890589202079,0.27411094107979206,primary_conservative_holdout_interpretation_sample
17209,f3a5f44d4fafd48f3f4c8f8f4e0c8c83a8e9d92c645d750f6ce0c0ee035c555899ff02b5e3df64d624af383237143e770623ccfebe42ca25657a58b7bec56643,N,0,0.6932923126889411,0.3067076873110589,primary_conservative_holdout_interpretation_sample
17221,17d1a7f4b313aad05d9e58a4f4ecc14f69e173d9a2a2db8d744b1c5b7819947c8d31030624e36a538407a215be442bac8362ebd6490565d97716a3b6bf772795,Y,1,0.8469216294685468,0.15307837053145323,primary_conservative_holdout_interpretation_sample
17224,2f4ba33b36ac8a5b5d4aa26828f0e3b7acf6812195134b8707e1848350a8ef2a8ab0d68e94df68a88502c201990e4a57023614c01d1f69f8fc60fbf096bd6fa8,Y,1,0.8654394859283228,0.13456051407167724,primary_conservative_holdout_interpretation_sample
17246,5448fd80993af822db8fe4a4d0045c23775a32bc9df6532f869ea6c907e9b9255cbbd75c42d844f5e78d96a6f2e5054930068b5281efbcbae031c584b828a891,N,0,0.4733208785165712,0.5266791214834288,primary_conservative_holdout_interpretation_sample
17248,173d5af967ad80509023b3517aade47c0d02e37b1ed491397a5242c2e6e6340f26da27eaddcfc7f71c85835e81054c6573d82d32a9aa5697e6a353c8ba9570a5,N,0,0.456752300655062,0.543247699344938,primary_conservative_holdout_interpretation_sample
17258,f2f22d60b3ad8f60fc4f2dc116f9ab06cec9a3934254b128fb8d7dc9f5d0d1e04587b7399d692fc65523e1fbe93a35cb5a26ef30348d713e739b07c5bb676e9d,N,0,0.2817675668460419,0.7182324331539581,primary_conservative_holdout_interpretation_sample
17262,c380e1bcc35d7a667526b5945b6f61a7f3ae9c3ca7fddf64418408746ca282dddea19eb2cec56f2a0f23e1ebd71c3cbd40cb625f579343fe40da6f71f8c85565,Y,1,0.6661555534864194,0.3338444465135806,primary_conservative_holdout_interpretation_sample
17265,da6836b62ca2e75d2ef8a15c7a1783518ab200bff5d6eff62c8fcb0f6e374c5f20f6e1b21941aefa88171905945d18835d1c45b6bb02cf31b78c0915fef9f610,Y,1,0.9561570198009804,0.043842980199019554,primary_conservative_holdout_interpretation_sample
17280,95d240362a9893dd10d6d3feaac8112aa140150eab4fe61f32e03bdbce7b65d21e5d999ecd92841292057363560e5a44b8f11c298bd2e9c2b7d4380eea3838b7,N,0,0.16676602049841877,0.8332339795015813,primary_conservative_holdout_interpretation_sample
17294,269b3b2efbd09f7f0a283c789ba5fee82bbbe44145c089b0da4d0f912b0d37275a008dbbcaf2fa47581f6f519eac3c6909ff6ad5a0d5efb054628d9a8f04d8dc,Y,1,0.8636916591366981,0.1363083408633019,primary_conservative_holdout_interpretation_sample
17317,cb2bc4dfe9fb8c56e3eb9bb6c8fd59e941918fdd448ffc08cd8addf76ac2be716791c7fc079944008f7c47ed2906dde7145090ed4645cf2e326b96b260e8dbe5,Y,1,0.973244817197917,0.026755182802083,primary_conservative_holdout_interpretation_sample
17318,dec2f03e95e45bb302fa426e3f240dc5b848a9f12d9db8cbea5fb9561abc9a3ca75c84a099bc94541e396ecea121350966d8c46198d3208487373921d6041b60,N,0,0.2593280980522331,0.7406719019477669,primary_conservative_holdout_interpretation_sample
17325,4a9b742d5396ad73edf5b9a1204fee15d789d62db2d8f2d4c18586ccf3f98258c5be08f0e85c4313ea2fe66d8d803c03d6ef779e01740432e35b2266d7f04b86,Y,1,0.8015964627978798,0.19840353720212023,primary_conservative_holdout_interpretation_sample
17333,15266e9c88a96b302d27e013a84296da6a9dbf6afe0b9a8b6feaef36d4d36476422d85afc963c97696d8115c7bb5483e96d961e884bf0095d6452723f944079c,Y,1,0.9172119748901242,0.08278802510987582,primary_conservative_holdout_interpretation_sample
17342,401f1676331b077ef778849f0ffcc1cc118ba182d3231c6449473e54b4cc0c935d55fe27e63aa02a42aca78ad2f8650d2ac24244a6d8f83dcd0d4e4ae7650d6e,N,0,0.7390356444657374,0.26096435553426256,primary_conservative_holdout_interpretation_sample
17361,87610e4b4d39f304bf0de4282d588e7010be8cce60f49091bb0e25196d3fd73527711a6b35f90a2db38029339f7a7194f855bbe2cb5a3ce45cf2935ff9726af7,Y,1,0.9411874566652434,0.058812543334756606,primary_conservative_holdout_interpretation_sample
17391,c57b242349208473a017c13a39d02b8b10af962331a1ba3c5a563e245e873826ff769de3f8069cd667cf87925bfd3ed4fa31a32ea2259b15be81388cac6a6872,Y,1,0.9610368306036401,0.03896316939635991,primary_conservative_holdout_interpretation_sample
17413,1d4d15f89d40a3b97d12504f0b0d4fe06c31950cb66d9b8efdb4a128a04150b132ca66779bb980d200c8ce798d4250cdb206099873a8fbc8b1c05c98b72a89e4,Y,1,0.9484729468181116,0.05152705318188844,primary_conservative_holdout_interpretation_sample
17418,20c646e58f689392579ceca32144672749e63c304b468f7a97e424456cf691a1f86379782f088059ee59480ff08d89975882b6dcb33a68baf2d4332fd38dc493,Y,1,0.9395357477914076,0.06046425220859242,primary_conservative_holdout_interpretation_sample
17434,e6379e2a96c4d87b2a9648656e88f8eeddaa0e09bf0fc9c564fcaf180a88954c8d764124fb50d70bd4410c79a1c3df686c488fdb6393dd17b8d18bbfba11f70e,N,0,0.3871724809812392,0.6128275190187609,primary_conservative_holdout_interpretation_sample
17440,2060830850f4814b0dda1180bd94340e81ec1f021ed3793cfa786b0541f09d44cea776cecfa5a40c6948932a76ad09ed041c68e6fc2a75aa35adda6c01e56b96,N,0,0.2735619623311258,0.7264380376688742,primary_conservative_holdout_interpretation_sample
17491,2be9b357ca3a0bd2c070e4ff9a53bc6f84f58cb8bf88f4e748537e9771dcecf84931ffb11cef82c4ef6426d874a1e52ec0efabe518282cb63a91f51b0afccdd1,N,0,0.22928370274354323,0.7707162972564567,primary_conservative_holdout_interpretation_sample
17502,7eed09949040fd08ea66f2a6393be8e1b41ed435aceeb2ee566e0941dc0dc7b2f653e6783c2acfa37974f3af384b3ab1d263380587dad07389dec8facd04ea59,Y,1,0.9042700582002655,0.09572994179973449,primary_conservative_holdout_interpretation_sample
17515,53586f9e4e6688ab29cfdef6b6ae600899a6fe61e63541b1fe638dd198807ca14e6a32fa9bb0a2023a4450d14d634784d831891d4c57ac118c8942ef06b753f3,Y,1,0.9461335252091344,0.05386647479086559,primary_conservative_holdout_interpretation_sample
17529,dbee906a939b2c039f49f293feaab6b435adeb0c13f4b4af8ef14d9f12f4f0b002e6fa5ff055e77d37271bf69dc11a0ac86bd2eeebcae592c9362a47b56f064c,N,0,0.5952829150860383,0.40471708491396174,primary_conservative_holdout_interpretation_sample
17538,f6f49c13016a8b01a1ab52bfc76920048b1556ab21ed7cb8cac17c371b3675071fe8d4a2ad0d35fecc55073a0a167ea814e1ad9437c32ad662d03129a447f3b1,Y,1,0.9783868210768851,0.021613178923114873,primary_conservative_holdout_interpretation_sample
17540,5a3eddbba924a12ddc067fb026e9ed2640eee206287fde7f866feb1f1d781ea9aaf769dbd8c75abcaf07034ea56107b08b75f6b431b8d1218d4257ada61e8541,N,0,0.38770096691187056,0.6122990330881295,primary_conservative_holdout_interpretation_sample
17551,181180f4834f9814b7f6b6e9f8af2fe3d79d8aa9a538107bd7ccc87db4d53c8905e1503d4d7f7c95f60eaf0486fe77b7b1f72a2a122041eafa7d9a2716134234,N,0,0.28370177311321026,0.7162982268867897,primary_conservative_holdout_interpretation_sample
17604,045db9bb9567d5ab96e039610fc5044ebbeda820f2653f8f6581440b95b7865c24e786dd6d0819d00930ee213ec59adeb9343f2370b513156112e419a56986fd,N,0,0.29545802331788673,0.7045419766821133,primary_conservative_holdout_interpretation_sample
17607,c64b89eb5cbafabd2d458503515cd6fec4a581d99ca9a1b51a1a9f0267ee3b2f3b8259ce3723a7ac4abc6d81d1ffa2e49b39ad704042560a1b22ff1ac384f551,Y,1,0.9104256579848985,0.0895743420151015,primary_conservative_holdout_interpretation_sample
17614,b5323105ae7b644888161e14c4ad0525226f7daa0fd63e6b2af52af52cc0bd92e8edd09d0eb9abfaff31ce991aa4268dd4aa36a24c33b4e6d2d306ea26c1fba0,N,0,0.2770158177987027,0.7229841822012972,primary_conservative_holdout_interpretation_sample
17619,a68bfc5a15a3ef75df46237ca79b448537bee15c31b07273ab241e7a3e5ffecab0e58b2c713727db264b540ad10372af3d55329df8f6b472cc0899a4fbee353e,N,0,0.4218619126765958,0.5781380873234042,primary_conservative_holdout_interpretation_sample
17651,d27a624737f931d07e565c766b7cbb36ac60e6468f7550571be8a9c39aaa103c3dad088e6f08f8b23d00dfb74800088f6d9f4062ec32bd89a0700664f8754508,N,0,0.24247728116935732,0.7575227188306427,primary_conservative_holdout_interpretation_sample
17667,3b6d7dfd17eb8751ea7eb6a9dd25244636e1bea7cd9832e1c7b890882d24ec06fffd503e39bf921515f107b7a7334a67b682a4862f5cbd113874ce7ad110ec7b,N,0,0.28320598165627137,0.7167940183437287,primary_conservative_holdout_interpretation_sample
17669,e6fc628de9fa3d6e21faa1dbfddf4ae10a338e7620cb2e3b75f6d09ff14583b5288377a853f3dbd91f4937be07ad7dbf57ca2cb22e84503d3ebb1e8e9fb6fb48,N,0,0.4746000415779842,0.5253999584220158,primary_conservative_holdout_interpretation_sample
17691,80a480e25da7bc3e9f99a48c94bbd1936630c2f1181e7f223bbf7d565fa585de40cdb0976adbdac2018259fe3b5771a26505f62a1a52bf9e10ce48c021be7924,Y,1,0.9624768594795166,0.037523140520483445,primary_conservative_holdout_interpretation_sample
17692,2c7e48b301253abc3007d76ef6734f2b58ae5d9c38bc3c859db6f83994a5f20d2a610925896aed09bd157c6ea64b4a56cfd700c5b66a2d2421a00ec9967371bf,N,0,0.3062364747834931,0.6937635252165069,primary_conservative_holdout_interpretation_sample
17704,054b7ca5250337dde58bbe824992b96fc427fb8ea106117d8c3609d3f4945e09b5bed40db96ca321aeada01dc7ccee4952ac545051a0643e7dc22e84fa878bc9,Y,1,0.9792969397305251,0.020703060269474882,primary_conservative_holdout_interpretation_sample
17707,dcc00c82263b3d08e97478c15c98b96c699fda6ecdcc147e213855447f1692c367693898a5a12f789492cdbf319442a5d6d23b56a45626ee510c0eec222cd8dd,N,0,0.15499349707981236,0.8450065029201876,primary_conservative_holdout_interpretation_sample
17747,eba285e7dc16278a01f4544281a24d0f9c6b7b25583f97583a6c34668b456ef0cc65cbd2c2c3bb45a44e1c26a32dbb592dda2c23dfede4cb164d2d4145ec2e98,N,0,0.4922158466519061,0.5077841533480939,primary_conservative_holdout_interpretation_sample
17761,a70afbd3515c8ccdfd4f686bbc8f65e5b1353f2ba14fb025a896039f0b8bd64e84c452d858dfe5f430e1e625923ba40f85606ffe556b935b1f2b1fa283a10198,Y,1,0.8912722438918858,0.10872775610811425,primary_conservative_holdout_interpretation_sample
17766,091e49f8d105a410a0347638947dab0446c21eb7cb558334db874c9d533153321cda4414499969042b0e11255107276465855405e90c853957a03698b593df7b,N,0,0.2355866206816189,0.7644133793183812,primary_conservative_holdout_interpretation_sample
17787,9492e0f9ed1b1e6c2257166fe15ceef53a15fc1e7737644b77b444c2a8ca2702775870bc6e19a5bc885268467e347163db1c5d4756e07e556a4ccc1f0ca224eb,Y,1,0.9752933548199373,0.024706645180062714,primary_conservative_holdout_interpretation_sample
17792,ff5a4fdd393bb588913008042524b0310927e8f1c7915974dfc9d054021478f1a256dd34f68d15b850a45c94f474b7ae07610a82af16fb6c4034846a11c8a874,N,0,0.47320186307077994,0.5267981369292201,primary_conservative_holdout_interpretation_sample
17802,7ba446773c0a4ef9e62af11e9793a4a4756ec690e492603d7fc2c8807db352cb2caba87ab7bf77c27e6b662f4d291803843d5dd13fc6c8bfabd69d00fb1a66a3,Y,1,0.9723148779305506,0.027685122069449397,primary_conservative_holdout_interpretation_sample
17857,d774f32f764dd6dff9349e1dd142436b9af49490f3370ff6921f33282f507ffb7099b2337b05af3af093d0375e67cc762b7c7a3af80ba357b1ab2bf3229da665,N,0,0.2565941959228985,0.7434058040771014,primary_conservative_holdout_interpretation_sample
17862,266dfe4fd09ce97bf4ad1e31ba0b2a7df4d83880c7c2c8f29e432a04108a3b9b984d49722244bed5703ecfeefe8ab402c61a0d3e90eec1c881c10cff71cc6b5a,N,0,0.307357952817652,0.692642047182348,primary_conservative_holdout_interpretation_sample
17868,3ab98303487adc6f80df2ab045c0853640409071b7578a690f8e4070d9a6236ed5d8114c913b534e054c50fe95a2525bee694955c4a7f41ffbbb8d86c32a201b,Y,1,0.9568876699990462,0.043112330000953825,primary_conservative_holdout_interpretation_sample
17877,d2327dab62ee41082bf6a1ed607f0e036609bc4482356e5b0b335368cd5bb89c05a31e830a7b7968e5489a25ff604ccd4b7a41b0191e563c713da218a13c93d2,N,0,0.5794844365363372,0.4205155634636628,primary_conservative_holdout_interpretation_sample
17886,9970e6be18de288dbee4e7412c05ccefa6087957452a000fa12e714f5d206185bb0bdc2af07b9e9401eb00e07484273c56b71e78de2340b50dcd237ab2aab20b,N,0,0.5988357165530405,0.40116428344695954,primary_conservative_holdout_interpretation_sample
17894,79798115c90e441e45a95103c799715b82ed0dc86cf6c36c174fbe250c3cfcc8937fea03af5152cabf25cdd0a5ea8ca7e2898aafba12abe1e1a9e5e60d2d6df1,N,0,0.5734428013764044,0.42655719862359565,primary_conservative_holdout_interpretation_sample
17896,4eb1af08d4480fc0ca51db0968acb2173b53facc43906fdc274abc3bc242642c7dca1b064e8924d31a20ccf7ba61ec7ed5386d85a3deb7321ecebc2a81609a1a,Y,1,0.895548698883519,0.10445130111648104,primary_conservative_holdout_interpretation_sample
17906,586c2976807aabb90ec24c49413c1f6ae4d450ae831cec3fd39714775fc60d972b2d7309d4198eefd1357460672ba86e3f4d549f79f8b130f7efd34ed2619192,Y,1,0.8587473420375531,0.1412526579624469,primary_conservative_holdout_interpretation_sample
17919,daa62bd333d01d7249e9da9592d08e23d77d04569b8b8f863034751d81e332a016dde2570ba5d3d033208f4230bb5a99a72221811355cecf51e22652da27f716,Y,1,0.9602609605265694,0.039739039473430604,primary_conservative_holdout_interpretation_sample
17931,027931b1979e75fbb42487bd58a004ff8ddaef7c6205aa30706e5f88b704c333cd3e261fa56f6ce7d16e78d50d046fc5ddf53b3b2537d317b83a976cd2dbf1d2,N,0,0.6510016870415387,0.3489983129584613,primary_conservative_holdout_interpretation_sample
17932,6d6e0859738a48123d5478b6b9c90d4a439c63d1616c7b531cc1caaeaa620d5e69b83bf7486a936894c4ec42344cf408c6a6ba482292c1500281a35abd667da1,Y,1,0.9521151178071227,0.04788488219287734,primary_conservative_holdout_interpretation_sample
17950,d71e23ff8050ba12af03d087e6166b14fdb65c6830e7dc365e459ae21879be5cf4e15b5669fd14a4f9f65e1a7223628bcc2001f705e805942d4c145fa52fb4a2,N,0,0.17877399454785461,0.8212260054521454,primary_conservative_holdout_interpretation_sample
17965,cc92b605fa99b3363adf11ccd6fa632c79114b7670941427bb7d415b1c3ab0316b71464c6219cb686c06292219a66531cfa3931b6ee26aa7bd714f02dd02f1eb,N,0,0.26331965572369465,0.7366803442763054,primary_conservative_holdout_interpretation_sample
17968,442e20f472d2b42f6a9f796aa38519eea0cdc097f6bbec21aa5ca31b739ddb32db0ecf1defaa0d403d48fc703dbfb036c04cdb8508a0f2d2f26c75b5bdf9fa9a,Y,1,0.6335132630242238,0.36648673697577616,primary_conservative_holdout_interpretation_sample
17975,c7cc8fb095c98942e01a5f9c2a031aab832de7b43973e1863b5f4fbd24c04edbb58c38f6160d982e2fb45317a7f918cbbb320d83c0e7054c140b2c020cb68eec,Y,1,0.9127264981134121,0.08727350188658789,primary_conservative_holdout_interpretation_sample
18026,fcf15476cdf510bf0cbdc1d8e6c996fa2a645f4dd6118c1d7877bd99b2dce1592fcbd6abd3a259c0b5124129b4055c50e901ed56365ee07ae33abb8421240f75,Y,1,0.9366211890754805,0.06337881092451947,primary_conservative_holdout_interpretation_sample
18071,359378344f3c1035b14c792e7ef3301cf6cb4eab8b8f4572c80b4fde764b000c7b216e0dd6b66915cefbf8f0b244ff595fc2cd0565854c65143f784de70aafe9,N,0,0.23721576102950992,0.7627842389704901,primary_conservative_holdout_interpretation_sample
18077,e5799918468c56002313244ff145258583fa8c710226866ffdaa1cb23b0d4b56268de3adeec42d5a704df6d2be107bfe298fc48f2d3e53df924d5a9fe3d95d8e,Y,1,0.9332591590245316,0.0667408409754684,primary_conservative_holdout_interpretation_sample
18078,f4b7b6621aa745faf11388e144d63fa913e8c0ec5e13fb01bf3c1f0a815617391500e250beee51fca58aba651d73334a803c71f26edb072d960efe6e808b69ce,Y,1,0.5704368225827925,0.4295631774172075,primary_conservative_holdout_interpretation_sample
18087,a1b5947ef69a9dd892903abf4510f9b62084773dbc9e8afedd8a356b7d74dad8990d5c76f59550566dd2f39b22531f375ef686b976c49d7f39c864450a6e6ee1,N,0,0.514450504859984,0.485549495140016,primary_conservative_holdout_interpretation_sample
18088,59bc485dbc016f7a3afa40717ea335470d3091ed7760da42007adeec3fbfc5cfa37912013b2a02b6662948f52227c35e5e16b50ecec72d529de6c3acb0052f4e,N,0,0.45637444310629743,0.5436255568937025,primary_conservative_holdout_interpretation_sample
18099,7e1ed45be0334b5c0e6384c71cbb3533f0e3e95e1b718be332007bd26b72d83dd75dea7eb3fbd10c0076a0259fc50c2c32cce3d582b6a61afff50b7a568e81f1,Y,1,0.9024733974271937,0.09752660257280632,primary_conservative_holdout_interpretation_sample
18104,acc97a41f53f173d792f99e2bba6a77465d1b040907a0f7ee35efbc55e12854899b093a2b5ea9620c33bab664e7543fd3d1e125019368a7601e25b1746b6c4d1,N,0,0.38364016309003907,0.616359836909961,primary_conservative_holdout_interpretation_sample
18105,35b6bdadaa244bd86449670f53af8f853ffe654612b5f8c525adc406e98f7332fe0d6e0a6caac36f43418bf9b540207fea538238e892587897d3178d5118d2d2,Y,1,0.9697379898890357,0.0302620101109643,primary_conservative_holdout_interpretation_sample
18124,c507d233caaef77f7372a531e98f4339e6db5e44f75b72393d7e3f42d96ef1bf1968ce26f14d4f01a0e3d824f914987b1e0684e6301d8a88167ba0a02a0a38e2,Y,1,0.8453921195307736,0.15460788046922636,primary_conservative_holdout_interpretation_sample
18125,59740b6366653f1c7174e3baa788a3d21e108a927c065a192f036f4b9f2194e6e4a2cc2cae8d48682d11fb75eaaa879690e5c7953416b96f5ff71411ffb419b6,N,0,0.715711029710226,0.28428897028977396,primary_conservative_holdout_interpretation_sample
18140,a61520de8aa27cd2dc570b86ca613cec6b08f8f6ccb20890dcd9f005f4d671d9b183e98ff9787c71cc6fcb5f2baa09c3423415cf23f7b52bc23cb9776e20ac1a,Y,1,0.8195990722970209,0.1804009277029791,primary_conservative_holdout_interpretation_sample
18142,1d9bbad12f65364496776d209f14f02ce83c33b627fefe295ab7b892ed349ad984c720298353a3b2bd11edc37596f37d46e04e3b33a6cf15e2d4bb834322d83e,N,0,0.5404834635219101,0.4595165364780899,primary_conservative_holdout_interpretation_sample
18150,d851e811c47c78f9efe46461ee78bd5ebeb97533c8b774761a8fccec47454c121fd36981e96b640b8c2be8a71db1938315e8c98ce74c467aca28a13a72f19885,Y,1,0.8121498548099286,0.18785014519007137,primary_conservative_holdout_interpretation_sample
18151,e9e95bbefc770a49910106df8fd34fd577698d2c370a76b06c019079bab23e8c45f921ee7122c25772fcda90d775846ec4a3a1aa794f1ba2d3ac43951ce3bd0e,Y,1,0.6141916984310636,0.3858083015689364,primary_conservative_holdout_interpretation_sample
18162,e4dc66b7bbe18cf40ef01ee2c7ee18c0ba287a6116e597f69ace366c435a057c6de6deb418d360ab0c72e81752efdb67088eb56b2de3c852abd3a9bcd83aefec,Y,1,0.9775796666192871,0.02242033338071292,primary_conservative_holdout_interpretation_sample
18171,43c84c71456d1c9bf931cb3b4cc74a23325b206900bef40a03e950302b570e3a6196247e2e657b4d42c9232bae521d9d90e3d29ec21c94f3e2060d90b9c016c2,Y,1,0.9029821542435954,0.0970178457564046,primary_conservative_holdout_interpretation_sample
18174,cbd64a3575ceceef5d35c7ad5ba0ef9cd23a84ff3fc2c1a215df72a25efabea6170d4824341b9f1a04d2d481e73f89d17ef29b71ee7cb84e881e91be316ffbd2,Y,1,0.9752514546620886,0.024748545337911376,primary_conservative_holdout_interpretation_sample
18180,ca94acc4320f49038a08ccf70820a88e2a883f7f647571b5943a0c9fc4a5c31acd5c1f4b36a949b3b03d483ffdbf232b83b11eb0ec5fa44745ef7c15a689c8fa,N,0,0.1513292600632741,0.8486707399367259,primary_conservative_holdout_interpretation_sample
18195,1cf4145abdd6461d9d3cae5c51432193e2b41b2be29f2b2ae2e37b61fba56435e5011c4e2c7d4036beb5007e15fbe9273f1fa93da6b43a8bdef63f017d828b15,Y,1,0.9333578227961509,0.06664217720384913,primary_conservative_holdout_interpretation_sample
18214,feb66e5150944ef5c24596be6ee13fc1623c5ef2cdb41ea00780d252c0c0b269c83bf1e3f955ea6f6e149b07784bea29e4b01856f99e6f0d35d2f27c7666c497,N,0,0.7002030069342848,0.29979699306571517,primary_conservative_holdout_interpretation_sample
18215,ed54f83b5238eccd8775b02e2815ab920c4b31adb0e3c02aa309b510b52532c50c7bc37a61151e5b4caa88afc1a0a98ee05a876bc2675665ff803d33c43f8b01,N,0,0.30450789932500927,0.6954921006749908,primary_conservative_holdout_interpretation_sample
18230,edd5e382c5d53e4980d7e373123e30367257b662c1515cd5b3eddf626b4728c39ef1234d65f38eb3015999ceb2ff2d4838ad790f45cbb5cb928166ec04a11345,N,0,0.5540408529584251,0.4459591470415749,primary_conservative_holdout_interpretation_sample
18247,5d2c22224416254916168c2a97c7eeafc2801b0d80d8732739f204a92da50f13ab0ab196acc862712b94676ada9dada98819474c9dfc0bdca16da39c6ec08178,N,0,0.3690902035996776,0.6309097964003224,primary_conservative_holdout_interpretation_sample
18276,43afc8e90e0948d32173727907fde6c270efdd6d5f0f8dcb8168395f3e95c465d8eac79afccec19519f0956f766a2da5689872e1b698e4a03e90ea1056e570c7,Y,1,0.8699802721733567,0.13001972782664328,primary_conservative_holdout_interpretation_sample
18279,1c32087e06fcb27ef59f839fdd0d226de05e9834330b7447872a8bb69afb07dc2c58749344abafcfedcaf4a07023a2c8b331385a454c8555e7028a871c7dcfc2,N,0,0.40510537335143404,0.594894626648566,primary_conservative_holdout_interpretation_sample
18297,a958542b5514d44ba95a112cd89f42c979d17e8c1656eaaa7ada381adebc6a4c9b5b63eb5525b9406cf1b663c9f5bc9003f8585d9d780b4092f0aa3a296d391a,N,0,0.14889264485905096,0.851107355140949,primary_conservative_holdout_interpretation_sample
18299,97fe8f9c9301d02a91283e949ad54e845817ea351aaa7e1490864801430ba95fe19fb3da9820b8edc9b64d6ca507dde8bf0558c0eb08820b4e2e8560bc12ce5d,Y,1,0.9464351167930957,0.053564883206904335,primary_conservative_holdout_interpretation_sample
18301,e1b0a0af42a169e03f35b9e735e771278ed1efc86ef5ff45cb21e58e84c01381a75c38da60480bc0de5465c4113a8c663a5905a5280e781447b5f9d440c96d55,N,0,0.1832317115653793,0.8167682884346207,primary_conservative_holdout_interpretation_sample
18306,0d2a5a4e17a951ba5e16ac099655c6bf55039a800561bc85f731a3f903d5ebbf07f3de594e8db3c50e76035775c1c51357736c917ebabe049332038f293b3728,Y,1,0.8481698834278554,0.15183011657214462,primary_conservative_holdout_interpretation_sample
18309,df97b8b190cf9ab8957b51b35a2d8530dda240050224737306fea87edadbed1c35bf35e5f94320b85b9949f7046c8825b90e710722353df2f38c70302c909413,Y,1,0.7140017206419773,0.2859982793580227,primary_conservative_holdout_interpretation_sample
18310,93d1ee9441e12a30e4c802ccb66b2b92a7fcadf1f9059ff25c93cb4391f3c1aeb352dd68e5ae4205afb412e2ad392fc925ef94cf77c01a92f99bdf03787dc289,Y,1,0.7397285172169173,0.26027148278308265,primary_conservative_holdout_interpretation_sample
18336,a379d564c54f651cb7071c8d73fb0925e0f2aeb79d47c9de6f67da4374950a514710d52188c46967e8a49e4ed93fadc73af58395740fef5916e539db0b9fc215,Y,1,0.957957403297235,0.042042596702765,primary_conservative_holdout_interpretation_sample
18349,e08e5db2e3dcde8dd2ba3b7ce10ac0e75bf8b489e7cad0b0afd3810b0d71cfdf145dcdee56fa815833590efe9307afde3f2fafd1111c1f25b4dc9426869d3769,Y,1,0.9319362969847236,0.06806370301527642,primary_conservative_holdout_interpretation_sample
18377,6dcd8d1ea0540cbeeef3e2216211734bbff7bd72463ee23f5b7678530749bc9717a2c3cd277e2fb1fcfc984e495aa28e8a516e878df8d0bb85d0fc7cf57a7d7c,N,0,0.40086174238196887,0.5991382576180311,primary_conservative_holdout_interpretation_sample
18392,56a3a35379f538433cdffd432a388c2c355597229e4b025a3d60306963af30e3251dc057325432a9c72ec0818537af220238c480981ce7aa96592ca9dbbba7c2,N,0,0.3583092143506483,0.6416907856493517,primary_conservative_holdout_interpretation_sample
18412,6be0dca711d0e20671f48edda3656db32c362ceedac9b6d1134a809c16d102e1385324e74c847487937bc070972332ed1539169a72468812502a915eab96ca9e,N,0,0.2172633949538677,0.7827366050461323,primary_conservative_holdout_interpretation_sample
18413,40dbe1bed237c55aa7acb33a5f4e908600ac9263833a61f83841ea8b3fec997f1cdbd41cdad3ae15906440f45e0c57131e79b21e78380e2f19ecd9d80f068d1d,Y,1,0.9533826668648919,0.046617333135108074,primary_conservative_holdout_interpretation_sample
18417,f55e9400c734c6457ed00d932b706f56ef37ec7a51e47bc04bec49aa2abda710bd51b81fcccb52aa20f3cc5072bb25df7dde542045d33be7aad67a5be8058273,Y,1,0.553234596360545,0.44676540363945505,primary_conservative_holdout_interpretation_sample
18433,33876bfe1c2a8bf6d63e030215678ac80a7c96d160328e4ef046930953eaad27025f61e6c18031b03eed6492f22620e622682c3e1c9f62a7acc3a33c6924e059,Y,1,0.8588591741836605,0.14114082581633947,primary_conservative_holdout_interpretation_sample
18441,62978770e8b516b65a434722a4d648e2c4cfd4b1ae07c77b558d701596854bd03539bfda25c05ac0714df15e034fc7823bae11d75d2d077518ce96c70fea3b16,N,0,0.1848286035301896,0.8151713964698104,primary_conservative_holdout_interpretation_sample
18469,102421ff5d544519b0572360065221b90aa2b9dfad4476a64f0169b7f449264407767b8b92b7535e726c80b2f6cf2c52b539ca58ff17c5ca2725aa5a90224ff8,N,0,0.6743456208391763,0.32565437916082374,primary_conservative_holdout_interpretation_sample
18472,60c84816e8a62419fdbc660d4bb4937963f1272575021ae0d2cc20b9d0caa74a28c1b8a87c6893a9faff00d21260fc8b8cad2317eadfe86eb30677765618dc4b,Y,1,0.7920744513625895,0.20792554863741053,primary_conservative_holdout_interpretation_sample
18479,4d387dcd2880debe588fef98a9f7308d3256e8d4febdcc25872a3c1715daae9eb0e8ce0d51b0892679f530b5af81ad55060d920475f23b6bd7344dd9b56b5431,N,0,0.41342630785001966,0.5865736921499803,primary_conservative_holdout_interpretation_sample
18484,f38c668bd8b2805fc2f109bdc1566bc3b9722cfaffa95b144b756784497ffdbcf48422a3ace3f90f95240381d898c4edf76a375f998bcaa00423783e5d36e535,Y,1,0.5789973296415557,0.4210026703584443,primary_conservative_holdout_interpretation_sample
18497,9540a34ac3a86736ccdf7d47d12117c23ab833cba09361d26de80c89d53472e43b176eb1f62019001ec1b04abf43edb3744accea58be79ac4977181404e954a7,Y,1,0.9675456266647916,0.0324543733352084,primary_conservative_holdout_interpretation_sample
18513,ada0a347cae01e28b04dc37980bec5bb63407dbaba74bc9b79edb883629f570f444dac654dd1700430cc10286ad9d846a59f43bd97e20c221e6e50040d26a4a0,N,0,0.14377177928702178,0.8562282207129782,primary_conservative_holdout_interpretation_sample
18530,f90913eb352d4c4f104970d4e69b8a72aaba91732d6f163c8713a7cd6eaadf93d35fee7995bc008fd989171e9cce467dd780b6c1240665950160df04a2b6d8a0,N,0,0.3099277671891115,0.6900722328108885,primary_conservative_holdout_interpretation_sample
18560,17996ca63ac5bc55fa9b331a94d71205cafff848141a3fe54a69dbd8c5af5fc03141a61bcc4612b945b29ef6f3187c80388282d25d21cd326515c821cff94429,Y,1,0.5734428013764044,0.42655719862359565,primary_conservative_holdout_interpretation_sample
18584,ea0885ada01ccae3ae8dc70e524c8e65f14378fa3519a8df322c8790ea82cd5993e5fb7371d82cd6392464a4486eea36e96bb62de0de454b8389b31a64926ce6,Y,1,0.9371390809350544,0.06286091906494562,primary_conservative_holdout_interpretation_sample
18612,d7860019d2924d59b943f28deaaffa1af3aee18110231fc71264ddd83d5de03835a27d324d30752ed667ae749bd1cb41c623cf2560aa0c1f823d8778ae30c448,N,0,0.3020720801908516,0.6979279198091484,primary_conservative_holdout_interpretation_sample
18628,1e893c9340d480291e94204544152120cbd7d835089acb53af6dbaf0a6ea82e8918875e037bd2d4cfb254dc615b6cbb4d6ed2c891aa8d271d333a4c091e92a81,Y,1,0.9605099537974956,0.0394900462025044,primary_conservative_holdout_interpretation_sample
18652,295af377262879a5071f7c6e42bd0c8074e624f6bf2090f408fcd04a3a9f84d9b8a3ee292537891ec3b618c53d7a0c155869ff98283b3b6f961744b375d46d7d,N,0,0.5942460033702816,0.40575399662971845,primary_conservative_holdout_interpretation_sample
18653,6942827be44c657eceae69a4ff9409b07aba18a71d228f247f6b2878b49dd385fa1f646f3653647afaa62ecbae9a91ddd81a1a94d2a2a45a9d977daf48fd7f5a,Y,1,0.4335336967269394,0.5664663032730606,primary_conservative_holdout_interpretation_sample
18668,16ff4e5b647fd89e10cdd7fb73f0e714ba4774f4c02454419c068b3c3fabdfc19f933c7232ae14a6f965bef8baffa74c07ee0d2110bc10fa07a81022be858519,Y,1,0.9751621582586323,0.024837841741367717,primary_conservative_holdout_interpretation_sample
18689,f1ec4cfa0f7de2f2c4e6d71c1053d7a61789933a9480d9ad408d14260f61978e50f31414477fe97e8c174522c0a422592ad6e4560e99121d41db8870417e8d57,Y,1,0.7409096062817148,0.25909039371828524,primary_conservative_holdout_interpretation_sample
18713,2b1a32f2093150fcc1c42b08dff4095b6571916c13c905fd011cb38e34124f278f6affa6a846879358a3f67a414cf72f32334ebb749bf562882602e831fc38e6,Y,1,0.9808484426621329,0.01915155733786711,primary_conservative_holdout_interpretation_sample
18714,a4993ad9a6089603c5c1153da7a849852dfb22245d7d169294fe18fcb937bec50e8c1be468b15c6d45a5b829561ec0132f951edb8e3e116050b8bb179e8c4d58,N,0,0.531650468397905,0.468349531602095,primary_conservative_holdout_interpretation_sample
18717,04c9874c670e402e37f37851ff4502a7dd0ee3d9331c394b0758f847dd73fb73d12dd2603a4bfd9298f627c99e978d0ae1486f632628c24a8d55b1717b404e98,Y,1,0.84802059657237,0.15197940342763006,primary_conservative_holdout_interpretation_sample
18723,46ae0ddf5f38ba66aebbba560335e1a66962f7078aaf3ab7cd08f36d333fd449afcc293a987a86a7d7150f0d5e48cc731477c886f5521980fb83da7c80517868,Y,1,0.5202158978380719,0.4797841021619281,primary_conservative_holdout_interpretation_sample
18746,599d8d1b5df874a52a99b9c9b7b20f064cf116453493e20227c408fc47ed45c2246c9148997b8e6e0a6a0e0382e63bc58b1ba6d0a3e3db4da734028db583e4f3,N,0,0.22885393124569278,0.7711460687543072,primary_conservative_holdout_interpretation_sample
18748,fd1156355a24a4ecce52a59955271dd13fb2c8b484707d23e9d2fedffd8959c474816cf0054e0c8759b93397330afa9728206606c8bc59e7e770a20797d9c3f4,N,0,0.24547758569211617,0.7545224143078838,primary_conservative_holdout_interpretation_sample
18749,3b12d5cd4cbfb832c88c89d23a997cf075be2b6c43ef3002ff3b5c7161f43becdaeb6966690da82c8f5b9ca8054a3eb4c4da45ab6582ad61ede44e64bd49a4dc,Y,1,0.7566201436713135,0.24337985632868653,primary_conservative_holdout_interpretation_sample
18763,d3d4690f895d225127f32d7775e5942ee9b8376682918bfd5042240166311379e3d47cfb8cd280625cf3ffcb0a8d2b2a26eb8bc27790e9799d27079911b84f39,Y,1,0.8528967608867671,0.14710323911323286,primary_conservative_holdout_interpretation_sample
18768,84612844bba2211a5c0a71cef15d05ea2a5a1c71159ecf1a35d98b7bf1a6e2751872ee01ebe0c9ddcccdf4fea2d6df3b02dd1efa35a0ab3b9246da24ae8949d4,Y,1,0.5040144585392597,0.49598554146074025,primary_conservative_holdout_interpretation_sample
18779,8b5881c715487e938c97b373eb8f7e57f71fe25a0c34c78422df87357a7d92adec356d72530152e34dc11c01516e9427dfbfc4d9755bc2dcac3a36dc5daa23d6,N,0,0.24349894155554186,0.7565010584444581,primary_conservative_holdout_interpretation_sample
18781,b6550f0234ec284d12ce584c36b04e1f27d3336f37cc6331a0cb55ed54641b9c715676683c46202accfcc6c310f76000509ae04511ceb1bda849d6a87788b717,Y,1,0.9607799658599696,0.03922003414003039,primary_conservative_holdout_interpretation_sample
18802,2eac86aba910bef66ea361d1d64171f47669398e66771fba1717df7d8fd1b175c6d085179a424af158d0ff402daa1914449c7ec00fb8afeabd51573f1ca23866,Y,1,0.5033590582921027,0.4966409417078973,primary_conservative_holdout_interpretation_sample
18807,935fab7b487a1f5c6ef11ff693d035e0df54ce586cfc409d5e1c02149945cd743e3bb8468618a67b28c50e58e8591ff9db8aeff866baf43b8561938418b82f95,N,0,0.6211040948281938,0.37889590517180616,primary_conservative_holdout_interpretation_sample
18817,8867e893788840580b8ff1672e85e8ab5d7f80542db4be67293bd6ac8efce378dcdc1461238ce81f4a0fe77c4e45b9f62a8ae3807c8bbcba9e61552e128d24ff,Y,1,0.9507682022352235,0.049231797764776486,primary_conservative_holdout_interpretation_sample
18822,8667a6f0bc5b39b59c156bd71939c6c85492d4beed9a3190abcee6fa6f5663847655b134a436a4cc0aec478638397d1460e627f87de1c0f04ec44c9979bc7a21,Y,1,0.7777574772267459,0.22224252277325407,primary_conservative_holdout_interpretation_sample
18858,3c5d303ee37424375e95239e4ae58aced6703421fc7e4e30df739f6b00d9e6bb1952def7aa3486d613204bf3997f57be05809cd32465708e5b4119c2a5a33de5,Y,1,0.8365764685909284,0.16342353140907162,primary_conservative_holdout_interpretation_sample
18880,063ad7afca9f894b229271772007571786d7b67a3fa5ab93c412bcd17244f1fd7aaa3107e905ab409dac906c1be0a91965e27c1c625d5127743c27fc1ae56ed5,N,0,0.5569058166465841,0.4430941833534159,primary_conservative_holdout_interpretation_sample
18882,f4c53fa722c5a24edb8cfb4f2819123e3b23db3ef7bd31fc3efbeab43fb24f6fedc8817819e14439f02ea0c80a6582c549ee8880ef07f17d45ac7fbfca3fc69f,N,0,0.2505761507231264,0.7494238492768737,primary_conservative_holdout_interpretation_sample
18908,8f6e6dcba8f00ed6ff741835e8b6c987c88ac4751178759592947ae792d3bdf9e85392b0badaf8cb50697983cecef93f6b2dce6d65708aeb9df78c7c3505ed49,Y,1,0.9087640869199626,0.09123591308003742,primary_conservative_holdout_interpretation_sample
18919,d74c9282a51d6ee36e5534f1a57a89538b8c911ae1102a2f6397a5468f42cfccb0efbbc0bd22bffec2ba939415c71444f1328c112d391969756b9517f66cc702,Y,1,0.7278462428566049,0.27215375714339507,primary_conservative_holdout_interpretation_sample
18924,7163f2c4e0d47a13ae9fca67365162ea4d87abb4e4f0978144bf9f4d23a1b388cb336f5e6275280ead6f6b4c63d4399a28eb8da4f5dae13d8abc2b4273cb2f38,N,0,0.28155422025490423,0.7184457797450958,primary_conservative_holdout_interpretation_sample
18930,f46a1a3bea76eee11fac521c1e1e6dcb68296f351c2a168590f50e546b91378a7190d728e1a63026159e2500f6d32cd50c75e1d5904adf2ea73fa55d01cead0d,Y,1,0.705016872294749,0.29498312770525104,primary_conservative_holdout_interpretation_sample
18951,c85e4700367f17fb831691ca660ad3dc2599478b8bd0065a12a2af053e471861746a4ecb3d27078743812ad6747c8d1bb85d42e94764aac1e5c27a4e87032125,Y,1,0.5651322027419271,0.4348677972580729,primary_conservative_holdout_interpretation_sample
18969,9e92c12d17ff84428fb97446bb5f6dc13e18142908201cbf40c52c9aa543840f8a0ebd8d5e57953b994d0056a0f57e64e0fba9a197a486bc4cf25c9d10bf539d,N,0,0.3497072483453333,0.6502927516546667,primary_conservative_holdout_interpretation_sample
18997,f4d22ffb8f982182c87be04c2fea149934049ec19df53d10a466f14a9571e1521a0b6f72d21e9f9362f3b89de272f22af0c8614c280fb1b01b7778160f5f83c0,Y,1,0.8806487034342546,0.11935129656574539,primary_conservative_holdout_interpretation_sample
19006,9d12cde3d721f88f8859d722501a6160874202ba752aa69f5215eb86046a579ecc1ea96e8c935528500ddc4f1c061c8ce36d16dd32f884fb78fc8e450052ee06,N,0,0.22997810674392433,0.7700218932560756,primary_conservative_holdout_interpretation_sample
19020,3226301f54b4ed0b77cfa852a9f5608b79b8a71f24779eebd7b136cb345adea69e361a11397f1f6a2c0a7b0b652b4c28290d82307b42a875c034b44f10d75b96,N,0,0.3268878421538426,0.6731121578461574,primary_conservative_holdout_interpretation_sample
19043,aac7ecd256e22854a388673ff5b45f6baaaf608fcaa1600d5aa4229ea3cc1eb1c7c65df5bfe409e698cc316aadfaf23e498bd8586cf3411b8a239b809bffeb7d,N,0,0.194415927405502,0.805584072594498,primary_conservative_holdout_interpretation_sample
19052,22e1e6cf37f2034afd24b40f381255bb8b9384c8ad7a84a8f1acf7c6a2e207e7ede7994533c29825cdc9530a6d1db6430842f6b02d6e646a8c14de9d35f79068,Y,1,0.9683879586926961,0.031612041307303884,primary_conservative_holdout_interpretation_sample
19074,5edc71333ab88c75be8713e8b71f11c8522c494ba701bac25b74f4d1acb5733409beee135485ddbfeb62c979a30ef8f904e84e072187892ffcfdead195728c47,Y,1,0.6816402808616473,0.3183597191383527,primary_conservative_holdout_interpretation_sample
19080,e193916035ee644d3d8ef895ee630f4b125fa60d451081d898e217f91bcac9b8f373946db706e4936a4f984c11963287ee4f958a4b13efa8210a77c027218efe,N,0,0.4839582339760071,0.5160417660239929,primary_conservative_holdout_interpretation_sample
19106,6ed12f60f5c77faf7610ebc8e0b37f22733357f7b023cf523ed23e58ee661b02a3e746e6c5a7149692a282da4db8c8fc1e86dae165a6a213631a6b243f01c2c0,N,0,0.2855047017576242,0.7144952982423758,primary_conservative_holdout_interpretation_sample
19113,baee2ebda714326f9a3008a3209cd70b8daaa0bc8c0e876bbd90c5269bf58d9257309d3a48ab86e4613602e9ec1989c9eef748233432feb6324a8d573aa0adea,Y,1,0.9869340335822566,0.01306596641774338,primary_conservative_holdout_interpretation_sample
19130,8a236846eff3d7dedbeeebc9000e07f9c12f2a6ce37185c174ba874e8294e968044546751a028cb655ff2402e22c30be6bf03cb6a4898a002aa8eb41d5686b13,N,0,0.4941025675413225,0.5058974324586776,primary_conservative_holdout_interpretation_sample
19159,9560bb2d2b911b078f4296238ca9cc93e01a97d1502857eb412ce332b2a102ed25d50ab53838c115d51eeedb52429a2658c9b26e11f8c3991e002e1ad3cd66b9,Y,1,0.9784952742516078,0.02150472574839224,primary_conservative_holdout_interpretation_sample
19174,24aed4bd7e4abeaaf855d5ec39d946ffffda7896aa87303d5660587d62972fa5e00ccd8cd5767bdad9959d48044a681ff71102b99a7a162f8690211067ae0292,Y,1,0.9603681268329138,0.03963187316708616,primary_conservative_holdout_interpretation_sample
19181,b40f017a5a18a6220d66cd0d097d808990257d0aa31adbc0935b652da601d3bb69c588a442c3a13f8a8d385d4121e59dfb09831433f9ddb84f0b4b723d91730b,Y,1,0.9548256836238336,0.045174316376166423,primary_conservative_holdout_interpretation_sample
19188,507903689bcc92f0c59d67cdb6352009238ff579c706d8156aa0451c16f93130a1f0e72166a773c7236fa732ba0349216f24aa9b602b3100a8914f07c461e3e1,N,0,0.32725815426992805,0.672741845730072,primary_conservative_holdout_interpretation_sample
19198,a69abe23c460cf1dcb7ca02416290f6d9482fe958a13d18fc66242010afef057d3c7372449ec5cb2794374e7de1be86945b7755a8d4fa27a62912fc32c08c1a2,Y,1,0.9540973036660142,0.045902696333985804,primary_conservative_holdout_interpretation_sample
19202,c15bf68e0d8dff2495f19bd92747f31e9d929626380c07fce166ce8bf73151446bb4fcbc9640115b514d21b6ccbe56166ee2c9d2117495586dd558f3aac4d09b,N,0,0.2142725645528016,0.7857274354471984,primary_conservative_holdout_interpretation_sample
19220,b03be4798dd1993675a0dfdb833b72c08569f6aba2766671c7219ca29f2a67dcb9a7a4f62747e33f1b04bc4523416927f348d893b745ac29a2d2021a0530c60f,N,0,0.6388905883208567,0.36110941167914334,primary_conservative_holdout_interpretation_sample
19221,d01d74633689bb6f57a94eaaed44d9829706039fcef4010375b16019059d2c7a1f4297cc201725747376f7fd0266b3bdb010601e2318beb75fc8eb302483c099,Y,1,0.95107855754438,0.04892144245562002,primary_conservative_holdout_interpretation_sample
19227,fb75701898c16926355c478e4d145dbd9e5e0e0c964b73a54f7ab4ce8b92b5d6a3256d813c33d8e15cc9ed12034edbd62246e2185bc32f1b76c84ee28ce631d4,N,0,0.7564528015385467,0.24354719846145334,primary_conservative_holdout_interpretation_sample
19239,479ac46f3aa0c63af879c3269772ae552689a428ae7d604d7913720aa68c474b18e24a9c5c683bd872ea2c35f8aab68f957e44ad2cf3d248a9c8e9d9f4312fc3,N,0,0.7282407154620013,0.2717592845379987,primary_conservative_holdout_interpretation_sample
19240,943c013658580b7f5286143c9be83ab1d3c1203dfc450c54654dc4bb67d5d63a04943834d4d29eb10f4a388b33e4ad30a289c95d42607bff60453bac68001803,N,0,0.5651322027419271,0.4348677972580729,primary_conservative_holdout_interpretation_sample
19255,8bbfd23abe22c7d778b74137ce9be326bd6276d4ad47dc692955ba3e77be32e44d4fc35741b66a5c342c70d6c6a4c9f9c379cdfc427d981b3905d3e8a4d53fae,N,0,0.5101617673122437,0.4898382326877563,primary_conservative_holdout_interpretation_sample
19271,1620fe3e040747a11941d7a83818a592a81844f05eb385f4cf52dfaa1419c536229383f9393b75b00416a3f29b49d8009c263e2fa62d6f2cc7a84c676921f69d,N,0,0.35652756152624376,0.6434724384737562,primary_conservative_holdout_interpretation_sample
19273,d99d15e5a97561fe29c03243ccde28b056cc97c4c7bf03d7854322019253dfd9584366c855637fb9750fa1c12d616402fed206ace6443b09c88f2bab1df06c21,N,0,0.2617763981507021,0.7382236018492979,primary_conservative_holdout_interpretation_sample
19277,58bb868573b614204b338205dc26d98df05a725609a1b8ee342b2684cfc5909da64012ba42c6d09b6f12c976783b6fc1413b9180c48c0ef420c3c3f7ccf96e79,N,0,0.4523757955629327,0.5476242044370673,primary_conservative_holdout_interpretation_sample
19284,1f8241f30b0b19ee9060c45623be89382fe93343bb2f802e63ce5dac233b91ca637eb65a4ba8bd5b1e7aad00c1fbe4d9db232fc113fbf8d6da5cd30fd92c09a1,N,0,0.8024791069319452,0.19752089306805476,primary_conservative_holdout_interpretation_sample
19294,8a7da68f69fd75bbd6709ce923ea90f79b83a9f3c7bdff8ff28fd537407731c1d6f66c9c6bb64096f9e95220deaf8b228e6184e6df34aa1b996843b7751f2520,Y,1,0.854614385155559,0.145385614844441,primary_conservative_holdout_interpretation_sample
19297,9c51aa222a13d146707e9caa819814092db37afa09f1a49dff8622e220d2dc19980420c837537f455ee42fdfe47e25b38e2d497d45d2667fd01df76410d187f6,N,0,0.22515108914049675,0.7748489108595032,primary_conservative_holdout_interpretation_sample
19337,7a67c1b32ddcab21fa39514e6c51221786952f9be9d0044e19cacfec13921b553c1ddac52b8cbc7b8328bce7dba6ba9baa787fb7f3cd2c5caf38a9a73d19124b,N,0,0.23999390804164192,0.7600060919583581,primary_conservative_holdout_interpretation_sample
19355,36a04d634c1c851cd23de0ec804d64cef8cdc100ce69761d3a42c7cfdb31206c7c56c9495d5c7e434c0241428d6d6ad4b002080a067eeced73820ce6b74e2847,Y,1,0.9386654210162216,0.061334578983778365,primary_conservative_holdout_interpretation_sample
19357,59ef94c76b42c8dda54dd55fa721668221445d647129f8bfaacb7b96e68ea9511c01999a4c7b53a85e6f0efe53ef1c641307ace72ba85c7955936bb689804c45,Y,1,0.977854185771912,0.022145814228088034,primary_conservative_holdout_interpretation_sample
19361,f4fbd50ae9511410b96729a16ab451d54b659ca093bcbb927dce239d3b3efdd5ca24c6ac99ac3327c0cb8cea7f413aae9ce6b03f6ce271434a591c29cc0cdfb9,Y,1,0.7818231367638105,0.21817686323618946,primary_conservative_holdout_interpretation_sample
19371,d71d5e0a680833b63747a7d009c266b5d8e7d8a4e1d636c7326f95d8cc7a2d742313916715fd57abd832e7bb1e137357ff0d8d34481fef9116e84121dfaea4b1,Y,1,0.9296273400630456,0.07037265993695441,primary_conservative_holdout_interpretation_sample
19375,c69b7f97ae320ec6b996ec1e845ee2e1d3dca581a622981eb31f793ffc69be963cdda2909cf1971ff3aac324b8c121117be77a186a55dcbbcddfba05eddc41bb,Y,1,0.9454223679583359,0.054577632041664104,primary_conservative_holdout_interpretation_sample
19379,134968d196d04fe70ebbdfd3a99b838b5ce5ea01dcdac08f4a385a7b3b5e9e1ce43cb1b1106a6662592e810b5e8e2be918b3e7b91379b514bb2d64a1b9f271a3,Y,1,0.8272316005785991,0.17276839942140088,primary_conservative_holdout_interpretation_sample
19395,303039b829b77362c9afd26e6a061c8916fd545a99104d28242fe59564f588f061090e4ae5f9595ab4f0eb435c964ca10620efd0df90337c9fcc5e3ca8b899e8,N,0,0.5909695450787733,0.4090304549212267,primary_conservative_holdout_interpretation_sample
19415,3be1efc67fe72d7311a2e4e2d69b032252da192c123eae13502aa607d31ddc4c10fd423df9a3db4404ec7162217991913ca89b1be832f6b4f097dfcfff2d07ca,Y,1,0.8835987591167929,0.11640124088320714,primary_conservative_holdout_interpretation_sample
19427,2425f4b079b54b1205806a2f3502cf26aa0377920a413ad06bb3c81d2642ca17ea9275f17e4d499f98138e82dfa7fe12edb197873e8cde3452c73b6a30985009,Y,1,0.9720124191345948,0.027987580865405204,primary_conservative_holdout_interpretation_sample
19444,ee4a4ffedf4b09ea43d22e8c416cfeac89d927f5776032e918ac2867352c754a9728fc9306da968f9ca935de3725041055c88e411f95b9b6ffcd20361aea5268,Y,1,0.587434975144746,0.41256502485525404,primary_conservative_holdout_interpretation_sample
19458,e2c608b569eed6bba3278b5bfe0bdfa77ff77170632e30ab5f8476337a51e43a412f758e647b38260e4c68a4429ec2bdc574e621d5435568197c5d8f204802c1,Y,1,0.9684149034033611,0.031585096596638884,primary_conservative_holdout_interpretation_sample
19460,c1d4725d11946c9b9db1363dc63110545bbb26290cfc4fdeac95b8d4fe0f53034cc9389967b04ad4c961916d67c3410c9dd3c81bc7c8825ab2c40973bf7caa85,N,0,0.542844371570793,0.457155628429207,primary_conservative_holdout_interpretation_sample
19463,84ea99c3d786b27c8ead940a4e859e70029bb79c06cc36b9fa031b15be55bcaaf5e0e016fca4e5f37459d31f9d7ef65a055ee8519a26a93b6b98fe7a4f3b9496,N,0,0.2790308038512079,0.7209691961487921,primary_conservative_holdout_interpretation_sample
19470,95f9e15e8d254e86487f9cbb25625c7d89227ec1f133d5c8188cf27d1e6a218c429fa315553b6ce15fc2cfc53a9395262edf44d069bbb8b59290c1818315d5c5,Y,1,0.6294136875266905,0.37058631247330953,primary_conservative_holdout_interpretation_sample
19475,ed370be9fff0b3a46f670009239a7d08eec9b73a13ae2fc8d8df47369107dc5b9d7dc02e686e9edb2ce2e908ec2fa58d0812d90cf2e5a3e4514aa20a4528c25e,N,0,0.7701374449756392,0.22986255502436082,primary_conservative_holdout_interpretation_sample
19477,b03e8eaa66d1bb11555ec18f167e029d986154cfa453d0e72ad0c737c8f6fff2934b7237c8668f5ea633da29ecda98e0d115c69e3b6117acc826237f1a84e1d5,N,0,0.18087966054117652,0.8191203394588235,primary_conservative_holdout_interpretation_sample
19486,89d085dcc0c66e00c1dbe170ae752dcb677e1a1efb7c4e171deb0b95feb098be798777af63ac04592d0c61d988cee3081299e4bba72e77ea205ccade14c96fef,Y,1,0.8932832193030557,0.10671678069694435,primary_conservative_holdout_interpretation_sample
19509,e6cdbae9554516e41f82b1ee823ab1394b0d7b2320512200ba34b3d33db31e6d06d74b2b2ed5dabb915157a78b1311760dfa5a925376977071019c83fc1a3989,Y,1,0.8540053338207187,0.14599466617928125,primary_conservative_holdout_interpretation_sample
19514,7a42cd254e8c6e2fe44e3bf80b6a58c202f0b9f3ca676bbcd027d10a6bde8daeb171aec1b69a591fc826150a136f666e95e4391e54102c6dec67a24f2a124306,Y,1,0.9003956461391986,0.09960435386080135,primary_conservative_holdout_interpretation_sample
19525,cd76c03249b437b1042635534b83924e3cd27a8d893b53b8d662aeaeed7e229787046d6ce38c0bd60303d2c8b5228ea99912dc07eaa6c8960e3c8ad67c5200fa,Y,1,0.9345513853098282,0.06544861469017182,primary_conservative_holdout_interpretation_sample
19588,9f79d6e14853adb85179870ae4d4b435456c6b65009d4a507b764b2910601c2f710fe8226bd135d4f50b3cf19219b86a2590415a82f64f12923f3c09176c06f0,N,0,0.28657065448281743,0.7134293455171825,primary_conservative_holdout_interpretation_sample
19618,822fbeb4531e13647b0885f354764338067eb86306af63a88887b99f61f3b0d8ac2040ae64da0bd4bce9f53fdca409b658190b8e127e66d3b5dd5930e3cd414e,N,0,0.34592081877898356,0.6540791812210165,primary_conservative_holdout_interpretation_sample
19623,6ea0b6267f7c9f4c454cc22c589eccdde8a53b66aa361f3b7c5ecf061a20ea247eba44ffcba1a8f1f0449f259b5584dc53d314f512dc3a75a6ccee3eb6fcac10,N,0,0.7740498923358594,0.2259501076641406,primary_conservative_holdout_interpretation_sample
19626,fb5a417b16dc958a442155e5dceb4ce4df3467967e3487c7ab754267ace8d1e385638c04db9f6cee2fd9f1ddf785d629de5ffcf3d23d4eae2d8b2d53a670dc76,Y,1,0.956902109126812,0.04309789087318805,primary_conservative_holdout_interpretation_sample
19630,d3fe822360aa2916f015d549e6d4226641ec1ad6e05ef4dd93d55b6057a718e45c551f21c8104549949bd8efdeca4cc717fde0a0bf11442af8d2958f9ccc4d7f,N,0,0.5651322027419271,0.4348677972580729,primary_conservative_holdout_interpretation_sample
19644,177b97c4b77ed60a61d50f66cb51c218aba4325ee8aa723cdb978af07fd5a99721749b1f2054013b4a29370d3481a61a9d7d03dcd1fda75e0bdb7dc2f30c5cf7,Y,1,0.9767423071231014,0.023257692876898606,primary_conservative_holdout_interpretation_sample
19664,ee3d2d0eacaccd67e33b32ddc46664eb365e2e0635123524a3a1c9cca77587756a594befeda05d12c7fc10c7200f41d7516bd05424e311cc46d8a4296f6a72e2,N,0,0.2245118854783652,0.7754881145216348,primary_conservative_holdout_interpretation_sample
19667,b48e94d37301bebcd41bc2d33fee50880e775cefe590e156aa67ab01b897f5b8ab0e28ed369711f0535b74433bc7e7fb28d4bf4d20c3f508e20b5db2fd308836,Y,1,0.9800912442565162,0.01990875574348383,primary_conservative_holdout_interpretation_sample
19677,22dc2f1de26a94f100631fbf164f5f558dad722f01e530edc6f0b619a3d478f3f6e9e63ab55a042babca528fc343a89614e824784c673b349384b74348a712e1,Y,1,0.9367328208494469,0.06326717915055313,primary_conservative_holdout_interpretation_sample
19680,eaaa2540b9830c80563240a87e0622ce2e3aa718e2e14a87d518fd0305a8c9ef450f92e867bac7cb9ffddbe15abf4692203c55546acf460e306d33f6dcfd1644,N,0,0.3080213807949416,0.6919786192050583,primary_conservative_holdout_interpretation_sample
19685,13738686a94b2dc88d23f746e27531e66f9d09fd7eec9c5222e2f9e9453f57a6549a96d597823e9401597c23a513f38a3a914be97aa96cd4762751efe076be9a,N,0,0.32095060206750997,0.6790493979324901,primary_conservative_holdout_interpretation_sample
19690,6b218dbb24d822e97b666fd0f9933ac2733ff6326767190c6691236b2c3c97ebf4f4d7e118a4df9e8d473c356c2c76a56cce2e342c8c10421afb971f116f9faf,Y,1,0.5734428013764044,0.42655719862359565,primary_conservative_holdout_interpretation_sample
19695,692ea46e0190413f94d156536a5af21a9f8523bac8e446ed52c2e9ba0a4c80941fa61dbb5e02489de9ea92c0d328d359fe90fb28265f3060fc12ff3881d8fb70,Y,1,0.7243448171406541,0.27565518285934587,primary_conservative_holdout_interpretation_sample
19712,9a43f1c85cc89d4f7344b85da34aa91493eaac0ec13cc03cc5d3030755a1015582bb12d6ed4c85f682fc0ba5e81b445f3607293fe357c3ad4daaa6bc646fabf7,N,0,0.39073485549310105,0.609265144506899,primary_conservative_holdout_interpretation_sample
19756,3aee43b2b5084e916eef4456d3e34965490ac97edc675cc6bd4450eb08b84281d69e7fd2c9bb770deeda6ceb4ba15b87d1242656ddd3bb8ddfc7b4373852e59d,N,0,0.6378982626473397,0.36210173735266027,primary_conservative_holdout_interpretation_sample
19757,e2855224de6e656cc42dec933564282be1e0b390a3595746f4e368c1089dc7a7bd7a4cc83a0f39a1fb06314569ee95080174b32d1a419143c9c8d0952f9d3e6d,Y,1,0.7503803917530767,0.2496196082469233,primary_conservative_holdout_interpretation_sample
19759,421953645e0c2127b0602b9b8196daecd4025e8efb77415ead22073ff13594d5c0447bd8fb6bd5cec4e5d4e9dd953f5a3c4583b93780131218f0f0ce72313278,N,0,0.35130884891209063,0.6486911510879094,primary_conservative_holdout_interpretation_sample
19774,94db82c7ab6ffc903924f34f34f9ffd095d70b0db1a1e27879dfad119e0027406ff5ae6538298202efd612b5c8d0322e027aec00772db13d6465e7ce2d8fb471,Y,1,0.8796842033990557,0.12031579660094427,primary_conservative_holdout_interpretation_sample
19778,5240444650cfce6fc0ebc72da09109979dbbc03e0dcc03f147bd13a3cbde7ab351b2c45cc940295efc04c19744f2f29ef61594125c56567a3ad93c834bfd3026,N,0,0.42787131850371896,0.572128681496281,primary_conservative_holdout_interpretation_sample
19849,43ed4eaac668a9d9e8610772c4e662b8993d8be0839a639fe5d96abb03d3176121c52b3d99a5e24554e63bba2de58285af84076f80fb4030d04995c092104837,N,0,0.42225299678517186,0.5777470032148282,primary_conservative_holdout_interpretation_sample
19858,10df84961c49682d41fbdea3711f30ec68b7c9a6f2e0fc2ecebf0968d396f644021321856d394e5508aea8453b1a73ab8f9bff23ff69a49f3210944bd4235db5,Y,1,0.7739217354192386,0.2260782645807614,primary_conservative_holdout_interpretation_sample
19871,c7997b70ad782d7a67a8bee79abd1e80a72392ecc11c8cc2830864c6555fed205d4fcc668cf72522461093d99c2e2f527d21a7c6d460141402b0f33c2d148c49,N,0,0.36457155075636,0.63542844924364,primary_conservative_holdout_interpretation_sample
19886,7b9bb906173fc4e0e8c716b0cadc651836bd41cae9e05929ded64f9fca92859998491c6729d726ab7c79a6229dd91d098649430175a6ddf4604e0e07b553c0c4,Y,1,0.9077944977266637,0.09220550227333635,primary_conservative_holdout_interpretation_sample
19889,bcbd80467a58a0d225729c2976e7ba98e488b9402c24c5d939270c12773de06296b24cd3379b8bbb89700575d67ed39a955accdfd1c52b9163204b394969a084,Y,1,0.9600252219148812,0.039974778085118845,primary_conservative_holdout_interpretation_sample
19900,c5843ed6c8bdb6ef18b937f09c802250d29cce65faabffab0e25a76bb78af01d9f69dc067fea324afc7df49d9c0feb3070d144b1329378139cd93d9aea660800,N,0,0.1333805342122345,0.8666194657877655,primary_conservative_holdout_interpretation_sample
19902,65ed1c97873e2bcd3b1aa853079c8dd2d4e5a82a92bf5cc281cfd58c9780ec46c3aa6ec2200f5faa93a4fd533f439c0333835d9d3ae7478aa28d6818e5c494fd,N,0,0.21410762620321017,0.7858923737967898,primary_conservative_holdout_interpretation_sample
19913,3cedf65650e7855bb4a750209ce51db9cf308db0e97c0c66d1523db3856f2b3ee457a7152dfbced21fb59f7cb408af9c6be0ce1424b9340eee619b75175bc1f5,N,0,0.22764489116329673,0.7723551088367033,primary_conservative_holdout_interpretation_sample
19939,3e4c3237bc9ec8c301d5d452170887ce19a5cbb0107976bd4be6f27ecd14ef8b7a0986730da8769665a97ce2e5bcc0d880243d056c7e78b40616994aba28ffab,N,0,0.22351681028802925,0.7764831897119707,primary_conservative_holdout_interpretation_sample
19944,06d00d2044457de2a7663f90d3729f62103935d58be1759ccd8e05ab0b2be984c1c56260320421522caa911a3c49afb401a1311528f3a5aca0c3529b0bfc1415,N,0,0.6661555534864194,0.3338444465135806,primary_conservative_holdout_interpretation_sample
19953,9fbd965ee8131d7d6bcb3eb398a3e4ae36b4c2b313180ef489058dab60cbc79bbbfb3c6e2fd99296b1861aa1c96035c313e9743e8734815a5016b4e3581db732,N,0,0.37387010697207557,0.6261298930279244,primary_conservative_holdout_interpretation_sample
19967,32eb69e1ad05da611ebb83fb24d2fa5a88f52b40799e44224a86197b58f2469495c003d1eeb8bba4dbb42f2fca711a462c1386b4efa6c332c5eb2f2ac5651c5c,Y,1,0.5868239216682724,0.41317607833172765,primary_conservative_holdout_interpretation_sample
19983,515a66366a6e86972140bfc12078979e062a0865628cb164d024db09579fc1c8147c07bc4f78672b1461b4f171ea50ecca0cb50afdfe279beec9e3d7655bbb36,N,0,0.6947236147500254,0.3052763852499746,primary_conservative_holdout_interpretation_sample
19988,02987b9455e07d9dccf331a441d1e9538ec5ea4b9f7041d434292e0544bf868625994d7f78d1683828cc56039f437623d35ed0a2abcdb7cf4ee16de5dfe56e3d,N,0,0.2583724238220645,0.7416275761779355,primary_conservative_holdout_interpretation_sample
19995,9bae2dfc02e957075c5a600df954629706c082046d1eafb33e3dff58132d4d9fd8a65430bcc714639245b91e56225a6d2a363ed5adf8dcbb553ff6c0a0d22c71,Y,1,0.8437927879157289,0.15620721208427113,primary_conservative_holdout_interpretation_sample
19997,18d4d3c24f93e1750d589bb610525c33997256696d54349174ebe20ce53944ae02f64ff0b3ca99fdd2256100d47f795009b6f55489405a8d1be254d7965989a5,N,0,0.53993758442146,0.46006241557854,primary_conservative_holdout_interpretation_sample
20007,b25ba5c61b6346879ef5f059172b2f4036505ff314afa3b750599179c785893ca94989b283e1cfc88283c7269687309ed3a3fd01677e4d8e9513b8b8988ad6a6,N,0,0.5493619863726528,0.45063801362734723,primary_conservative_holdout_interpretation_sample
20020,64f0ccb0ebbe59c33a865af55098a180e1578d6ef491fce24e60700159f83d0368a4bab825c1ed593ac8e6d2cf98c7f192bd5b06878c07721e8fe447faccd446,N,0,0.27908778312817023,0.7209122168718298,primary_conservative_holdout_interpretation_sample
20026,8c1937936c3559591c6b2c1f2049860dd89844595e7c843b2bd66819e56634942826248d1ffcb019dab386f0caafac295a1b0e3669a31af22835007056bed9e3,N,0,0.657128382180871,0.342871617819129,primary_conservative_holdout_interpretation_sample
20037,97bba286a7950ec006e02057e6df802fabb24f49a51b712fafdbb1209e185d50b84d56e8d7d23cc4196f8bcc48f8294a5f41dd8fb886b374f86fd79453e22932,Y,1,0.7150496924353572,0.2849503075646428,primary_conservative_holdout_interpretation_sample
20049,8ba079eefc106c1d650a979fab78c5398f8cd2d77a369880bc1bfb8287e2f60ede95dfcecf410d33d38bde56b9705e0ae9965e1e67442e98f1cdbf83f246f999,N,0,0.49255891417818726,0.5074410858218128,primary_conservative_holdout_interpretation_sample
20052,3a62b647d3f3ad4e1a951e32c5b0489a95c85804e3ad318561a399428e4f50966dfb80f87aa39567e23ebb6bb4476f420800ca5d6cceb3dfbcecdbd802c42620,Y,1,0.6269725832154045,0.3730274167845955,primary_conservative_holdout_interpretation_sample
20078,5c41659d64b87e405c42b09dbbea718cff5be15f7d6df887f44abbed195ac913ba18a2c2022338eec511dd5363c65ac81411dfb2ff1a453d33f3dc2f7e81c38a,Y,1,0.6661555534864194,0.3338444465135806,primary_conservative_holdout_interpretation_sample
20085,2414a8fd695b49273a9e90b74d6365a970bb8d04ea00cc3e083af8bd82f35f0e6a02cb030a9e583ebf6387257e59f971a31216a47206dae14a396845a4f893b4,Y,1,0.955014193596607,0.044985806403393,primary_conservative_holdout_interpretation_sample
20098,cfd6e7b2a3cb12a9a7e7d219c4da3d9408a75069dafcdd281a6b34a72c41078096156a5607e740f91a2e7997b5415f7b537c20ac475d51a89b949510d7a18d23,Y,1,0.983016412126197,0.016983587873803052,primary_conservative_holdout_interpretation_sample
20099,ddf1d110cdb4e79d1452182f5dc505b078b30133d7dfd099702fd91dcb69d84112cfc9a36e0a7b314d8f07e04780ee339eeab6e308b90a671deb4b271e1ab79e,N,0,0.6592939162247308,0.34070608377526923,primary_conservative_holdout_interpretation_sample
20123,0d96c958ed33ebd0da1996d6903900f441c1ec1888bcd29a7edf434f0f4b94aa1b1e57ea06c92f748eb5cd37572a9d9d062ba2a7a66903356cc7788b23b96e02,N,0,0.31873179352708636,0.6812682064729136,primary_conservative_holdout_interpretation_sample
20157,983499251c32f772ba56221ad3827262cef0c79c8eed373e176f411b6f4fa15ba0db7182932d6c965f972d30766c127eed4eb096ec3434a6cff9c20baec92b6f,Y,1,0.9451824013467068,0.054817598653293165,primary_conservative_holdout_interpretation_sample
20158,d2b85e35ee460700cf73530d39a565cb74c668a2a3f51e89f630e8b67fab6cd8af23aa3728a3152ebcc54db345027f49ab7dd62121a8e2e5f00650b05cbc3c88,Y,1,0.7675551304514981,0.23244486954850185,primary_conservative_holdout_interpretation_sample
20180,530b23c380ecf3a55f6b6c74d026236eef7d7d2e2fe00f10bd83723fe1d5eb571594de9d25edd7e47b8edd7bf6ae88c095b783eaab808f25af6394022b200ebb,Y,1,0.9821611176822492,0.01783888231775077,primary_conservative_holdout_interpretation_sample
20185,9e864fcb53a0962c2a3dbc574b7efc6abd13da27efa595658ec7079b2e4f97e44a15d46228a40eb947f1ec074ffcf5298efbdac0a237b667281becb78b91811b,Y,1,0.8231225447955325,0.17687745520446752,primary_conservative_holdout_interpretation_sample
20229,0157ccbcc7f3ce46443052345c98a8c74ebe9da9b7bac205271cee9f084e07b7369b1a80ce1cad917f0463d277c7064dde5b83c35a1ba4b746a339587de36331,N,0,0.2901305355170604,0.7098694644829395,primary_conservative_holdout_interpretation_sample
20230,cbaaded0986d7e12624c216727ef08671b80707aac7f20e6e4b438f0e581eaf5a95da2d217fa7e3f269aad946e385247e2879d1f4811d53f819159a923d25574,Y,1,0.5651322027419271,0.4348677972580729,primary_conservative_holdout_interpretation_sample
20240,dc8b97899f90725b34f39074f232884e303cc8caddec292b736131a83bea69ad911e7dca548599a87a1075d17fad27513aeb5c1a720ad00d43245cfa93518d17,N,0,0.5326415293697361,0.4673584706302639,primary_conservative_holdout_interpretation_sample
20258,c9c08d50644243f41f329910a16fd913bbb72bde1c12e7e88251e57aecb8d17223cdc9b5342712b02c13d798a7ed087f7ed8c9eb10e84ef4ab4ba1ff8fc0b539,N,0,0.4765846656135084,0.5234153343864916,primary_conservative_holdout_interpretation_sample
20286,976d5a3dd4378330b196f391e51b9f1c5e8fd6171e43f9d19ba652be5d817b948a553b9a66aa28ecc24a5e3013a6557696ee368da1cf06e542c52a102a893ec0,N,0,0.16570166880209386,0.8342983311979062,primary_conservative_holdout_interpretation_sample
20315,29887fb99e8dbbc5ad8a28dde2cb99ddd8d9402d6aa166048643111eedf4422b598af83691a614763993a9e79869412517325754a8fafbe32cb99e1f2716e479,N,0,0.311089386406285,0.6889106135937151,primary_conservative_holdout_interpretation_sample
20316,33c74c6d04e836bd741037a11be0275829afcc6db154ace61d53c9cebb6710e3d5f3c97bd26e7d92d64181b635ae7dd90bba81d43d73b73a28b294b195ef6728,N,0,0.4618101459966927,0.5381898540033073,primary_conservative_holdout_interpretation_sample
20336,b23deddbb679e3a1fb5394ae5da43c0e3dda39f5d3be097eaa2fc0234b1511587f74f80aacb02b2cd4d87d2f63fb194f5ae67fc42a9bcb069b5b3b7cd99ef05b,Y,1,0.9100945163678106,0.08990548363218942,primary_conservative_holdout_interpretation_sample
20358,fcf4016ae6ede897707296b59a302edc3ba6e3c5b0afb13e36ba13d1e5d806e15eaf70c9828a5f25edd3c86d7931bd9459d2823fef5b7956f721886588fb79c2,N,0,0.2773925410794454,0.7226074589205547,primary_conservative_holdout_interpretation_sample
20367,2c9e345625b755ffe2a46ccf4e94b2805706fafd677c22ffdaaed6efc1f8bbae23a3aaceed5f8787853f9b96597e5b2aa6a2406c89f86352c19ac1eb7e36ba8e,N,0,0.42532208659241133,0.5746779134075887,primary_conservative_holdout_interpretation_sample
20375,624b8b678fa1af1974100d1d8ec35e072e5c48971b5f7f1229576b4ab5c4b8342e02b2357b5fe7480ae4446deb5288d841b6ab2e1dc3bf19d97984e0fd5bc6dc,N,0,0.41666978345123606,0.5833302165487639,primary_conservative_holdout_interpretation_sample
20377,a013fed779a37148daf64df26af0c58aacf34a96a33403f0b14eafb14b2a3896ef6077f9267c3fd987b2f66f9911d27209e73db0c5877ffce7cb7411685eb0f4,N,0,0.23665412516057865,0.7633458748394213,primary_conservative_holdout_interpretation_sample
20379,30968406199dfb37715a8bf7a5648b2ab0103474468cdb53bc3abc097f2da15b6ba6abe0a6eed44189870c3cbb5f30f78ea48a8a3eeb0f78743d08c4beb2f104,N,0,0.4997952860006966,0.5002047139993033,primary_conservative_holdout_interpretation_sample
20398,1e8f2efeb9a74bc3805c24e3c9423362b5a0646305d08274fc0db6f0d8fe564fc27724ad73ba8a028ab6a166be1f26e7c8cf95cadbc8087592c35fc7a1bc7865,Y,1,0.9697809789279397,0.030219021072060315,primary_conservative_holdout_interpretation_sample
20417,60e7c350bee5023f54452ba94abfb5bd0a9f3a989fc3c4dd6a1184b031f018809c203061a5ca9d2dd320511c977885024893231a0517e284c2a9fd1bd7238e45,Y,1,0.9851265991701557,0.014873400829844341,primary_conservative_holdout_interpretation_sample
20431,438ba47ebb8ca04ad2053564b0c9c152afb597a85875d09eb86d48d6248d9f5684f709d1ff12a8c1960dfef7cbf27e3974794efd9db6c358c5b064fac3aaf00c,Y,1,0.7817294538242772,0.21827054617572283,primary_conservative_holdout_interpretation_sample
20438,90561846e9397605a8686ed965f9ca8b0b97de40e2b1e73159a64dc92b39c4fc9791a2674ee99c50d0f4dec02cf9efe44d728a48368c2c4704ffa08ae4d0647e,N,0,0.5651322027419271,0.4348677972580729,primary_conservative_holdout_interpretation_sample
20444,a504610ee9978389963fdb6411334f53089a22041f6a703a54fc735e2258895d35157b3bbbad1cd9fb5d0f136974f49b3efca9adc36d4144d81105f028a79335,Y,1,0.8997919022592706,0.10020809774072936,primary_conservative_holdout_interpretation_sample
20450,ed16c2b6341544e5ab4302e384180bc4de50df9dc0594b0d3e463377de5353469a9852b28a4ed3f866802dc276981d654182c30b3bbd8e5e8d78f451d51b295e,N,0,0.24519641373699042,0.7548035862630096,primary_conservative_holdout_interpretation_sample
20499,7bddabcf0e007dc87af2686abbd92d1a890687387ef01812d9e2c3a157a476620def69170bc642b71e5ff225ec8235cab92e2b2e45b3784e00f71b36a00b2615,N,0,0.48947581062897866,0.5105241893710213,primary_conservative_holdout_interpretation_sample
20513,ed66cd2e9ac1c4990723a2e3e3ce50383d079d0f59f96a7cb3e57f24ce2efa2d6189e7b80931403499afa4934fdc11dbf261979104327148f17f8deae0e12c8d,Y,1,0.8408657619534645,0.15913423804653548,primary_conservative_holdout_interpretation_sample
20514,ba4cf48f331b0c6a0730fa1526a32a26e109eba654decd541126ff7b049b92d0ce2a402aa7baa547402660936d400a8df69bef9fc3f9b3668565c82509f3b5fb,Y,1,0.8229139451079139,0.17708605489208606,primary_conservative_holdout_interpretation_sample
20527,479ec2ccef91337f479b3e737ab261bdfb4c60c0709f32513fbfc2cd868a632f616de604ca5143c3c1094c6317e124b2d5a2c06e6f1c0d98c5baf1315624ca95,N,0,0.1882828995226252,0.8117171004773748,primary_conservative_holdout_interpretation_sample
20528,602199f58f8809173d2be9175745d4f7a0cfd901da66a1a87fb8a9c55eb555cc7a892f6c504a976b91ac50c9fda220eb29a64e913146913a7bb6569c6b9710fd,Y,1,0.8963209305851444,0.1036790694148556,primary_conservative_holdout_interpretation_sample
20551,e9b82636fb279ee4449e67c3e7a047ec0741ed7544d0a235e369ac1c626c5cc099ebd42f3b1e4f7c983e4f0b7259718e2611786c8277fc821165fb512a630ede,N,0,0.61986416411106,0.38013583588893995,primary_conservative_holdout_interpretation_sample
20552,510032a411c7cc2380b4652477be077ceb1173c48918b4d5c58ae0e5b11cc897311263568b3842635d04e388a4f502eeadf41a91c6971e1c4a7f892fab8ff897,Y,1,0.9847376877517879,0.015262312248212062,primary_conservative_holdout_interpretation_sample
20602,d9fa8b251cb02b5315d97dba02fb78a25f942c379dc4d145ad16bc6be650e099819204bd9169e3336cb737190dc05c84d632d22f648e1cccf70912034d084b37,Y,1,0.9813364425474572,0.01866355745254278,primary_conservative_holdout_interpretation_sample
20611,82948831ba7a6432e0e8af757b0c07e6eff73eca374537a8d9a0a91315021d2cd9e6ca857076cf69ddfb7922f9b1e8fa5fd7e0f590cddcacb21d0e9a6e65825a,Y,1,0.564924601194506,0.43507539880549395,primary_conservative_holdout_interpretation_sample
20631,5bce8b952e2c289c5a2cf6844567a4f5609f1bf93a47e9be8593df26019cb517b2f9a3809a6a466b0239f1bdaa95cd634fee49c6011930f8850ed71af1358df2,Y,1,0.2992726415366655,0.7007273584633344,primary_conservative_holdout_interpretation_sample
20648,498af0f19c2f7a90b0c8a6b0c1a746167b4387d5bb6123e5fc6de672d1d815e5082fde4d0a6fdd8ef78ffc07eac3b93894c0b36204c8ab7daecf4637c3b55a53,N,0,0.5743643390505099,0.4256356609494901,primary_conservative_holdout_interpretation_sample
20680,f6165ebfa4ff0eb2ba1cf3245f445ead52a76d0fbc0ce349e27ebdf89611a67f5cb9aab9c4927bfba256356a9293aa907a5631617ae0da8851004f286204c41c,Y,1,0.9532137643643082,0.04678623563569184,primary_conservative_holdout_interpretation_sample
20682,a1a085c8eae9d919605f722dd08bb43edc3ea9852139ca02443fe18638c864fc2a3d509f322703a4b5bf4921fea4ae6846eb35c4006d5ef75a21a5aecf580d46,N,0,0.4190346877164296,0.5809653122835704,primary_conservative_holdout_interpretation_sample
20689,8d205fe16c2b7e08cf984c1fc08afb1cdbc4e64b7537224a07b5b7747378155ef9f27ce3645cfee595f261a5501acba7fd22568d29cc715e8ae28645ff804300,N,0,0.7396260513060157,0.26037394869398434,primary_conservative_holdout_interpretation_sample
20728,445e9a041f7902e91dceca6dccd8dfe95e07a34dc54b1003a5745c8363de38bbf841e8aec2e2fb32206b1c5e68d14cdf3506608a780788899e524ac2a55d8107,Y,1,0.9303804691193898,0.06961953088061024,primary_conservative_holdout_interpretation_sample
20733,043ee1aee597ddd21b7123a6e971afbcc3c4db32ef298d10d15bc9390c2a2cbd61f817499e670a01ca5712fbf306f9e2da7ef09d68fcbfda23b19bda690fffab,Y,1,0.8194193965223211,0.1805806034776789,primary_conservative_holdout_interpretation_sample
20748,b7a299d3879c43595e910fd24f0b6d39c8f81fd46e1e236e24c70bd62cd7926018baaca053189cf7a678e96321418bab3cceb91997f9771bc04dd721b3b87f72,N,0,0.4022061021723828,0.5977938978276172,primary_conservative_holdout_interpretation_sample
20749,f04f24ba2c4cb45b1c5ec1d92e4efb1f371b9de40770687416939aaf6152ac4ff57fb3e575bc872226cfd939a933b27d055b72d56319fc2ee445b0cfcdfa8c09,N,0,0.467997087266625,0.532002912733375,primary_conservative_holdout_interpretation_sample
20750,5c6f932ec1b92d4a92bc17147e38790a08477740ddd9386ca9ba5a07bc302b8f090e29a999f10fcc994c93824783b757eb3f05315b257ae201ff0719b18dc6d6,Y,1,0.925710594072245,0.07428940592775501,primary_conservative_holdout_interpretation_sample
20760,8050ff3065d627fd9c8220d7785badcfb09aa4bd050a878ffce15081aec7f4bf12b101c19eed4103f8ac7604e2aae834c7616ee89e967bd66b00e5d38044f24a,Y,1,0.7875722976103124,0.21242770238968756,primary_conservative_holdout_interpretation_sample
20809,0f5f6faba525c06379c77aa6d4778bd4d55d0c87f3b841bf3acd32783f6bd06aaf72cefdacd1e20662f340da82a60e47a0096ed970d6c82220b198efb9304ba8,N,0,0.691410196089303,0.308589803910697,primary_conservative_holdout_interpretation_sample
20819,f94ccb71eeb1459e4e2fa9303bbe0c92885f1ccb0baff41259ef89362f1660ffe3b1cb37081943c541da3d001fc04c7a271968b5e71d976728cfc649560c6161,N,0,0.7801026936001556,0.2198973063998444,primary_conservative_holdout_interpretation_sample
20821,a8af9414eb784cfcbda23a6b5693fcb43e5ae17fe8eb8edcca5446d6b64265bbfd129230549ccad167733d95331a2c326e3aba821d6d27bd0fc71556cbe849e6,Y,1,0.8941637516613687,0.10583624833863126,primary_conservative_holdout_interpretation_sample
20844,4a643806235b5477f7cee0146c45b851bdc82a8402f9e1c26de583502dd11642c82f187a26e171f0237f5a4e3c38b1a3a469a4724452cdc4c9acc91654f24488,N,0,0.29666530808835767,0.7033346919116423,primary_conservative_holdout_interpretation_sample
20855,4eda816c7ef87ac26904c18433e47f1876efdc0dbaf7a031b48aa8447ea23da172c804fff6a5f6bd0c8e255cfe257c58cfea32c506928c1249f6dbf3f3822ccc,Y,1,0.894383795047919,0.10561620495208102,primary_conservative_holdout_interpretation_sample
20859,c98749d0cd5c49d51c7c8ab27be22165d7c5b0d47c622b9a50b1e8e75535c8074a3ee158d39e111428e6991418307254fa03ff6cac2b1cfb8d705c4e1405914f,Y,1,0.976064321688955,0.02393567831104504,primary_conservative_holdout_interpretation_sample
20878,00ec0d56ad0dc556b048a71b256240abb032194b735a42ec6804df3f6b90be81f9aba5368ee1d792279279566ee6797517e7abc725d66b46a3872e32bcf83a5d,N,0,0.3068233493028818,0.6931766506971182,primary_conservative_holdout_interpretation_sample
20884,29eaf7546467090868dd9cea030a14d799fc86bbf1b81452301a9a0970f436fb0ede19e3741f4d8cb6ab2691c3ad3b29436c0e924a9b68325129ab6b93444611,N,0,0.1731919157444863,0.8268080842555137,primary_conservative_holdout_interpretation_sample
20898,225f568ff842ced0be07cf3957cff410b1b687ca019253b42d4e85fc764918b9c21a77521ea13041cef4e558bb720f87faa14822534d4030dac7d57f99eb0f92,Y,1,0.9828026431645095,0.017197356835490507,primary_conservative_holdout_interpretation_sample
20900,3f003ed864ff9c7f2b04877e4106794d4c77392fa0737fa169fbd988e06e0a37ef7ad7eb8fbf91df082393110b9438a709c4603f8632d4306f1434562f51b6de,N,0,0.316867340820939,0.683132659179061,primary_conservative_holdout_interpretation_sample
20909,e63711e458e974854b3456f3dc18cdbd08de93569c1d5ad5a8abe1b486eec5a84ef540ce7783729e21b320465491be607bb9c4a880f48c06701ddc63be9ea29e,N,0,0.7219051145837975,0.27809488541620253,primary_conservative_holdout_interpretation_sample
20918,25149b37d899f1e1bad4361dc4e80002a42290bc7e76e1d6a3db95c80fe0bd2ff6c010f62a0aa03ad92e69fbfd5530cced4fd3e057fd368765526921cdf758b3,N,0,0.6981273780912395,0.3018726219087605,primary_conservative_holdout_interpretation_sample
20929,3d576f9f5373a6509170233cf85852122180cc5410d48357428eba4a5e9c9138c36282bb67d37988c072d4a31963865aa5cc3c1ae87f67e8d8ae26196252d6f3,N,0,0.2606827164380253,0.7393172835619747,primary_conservative_holdout_interpretation_sample
20930,deebf68f4670b7924cb6fae09d46708a8e2420559255240f9cc5e68c16a6e64ecb044ec9466f2a669ebbf15162a4bdb2205ce6dd213b705f015ce764492ff488,N,0,0.4223803580294746,0.5776196419705254,primary_conservative_holdout_interpretation_sample
20944,512b7cd02f2b37da3da05d7f965286f50ecca4c9275a41b92624ebd22f58bc60a7d66e7f8976dc30853b2951cb5ff98f8d5a3e9e3ad73f97606bafeea5d42653,N,0,0.36163684712274624,0.6383631528772538,primary_conservative_holdout_interpretation_sample
20962,a62ec6344bb2bae2ed6c142db8eabea44434e74fb7f6065a0d9c9a0fe3313620ec72242d26bd53d799ee5df7915ddde5508508d37af969750ed0f0ac67ed0ea8,N,0,0.25410479522465385,0.7458952047753462,primary_conservative_holdout_interpretation_sample
20975,b59e3875abc833d991a5987c053f543a1c02018d4b6e9a0eb83f45389110fbfb53bc07292d23ba081e4ecdd50a9b59f1f0cf8dd5c6b9d20fa981d31923d741a5,N,0,0.37679533377907876,0.6232046662209212,primary_conservative_holdout_interpretation_sample
20978,469b0a1bf2ef87d245a3a535b248e8c9a963a97f15f59464403a332f1d728c7ef08d300bedf5439c8907a32710e6100de819227a25c9f8d73f46399df6fe2752,N,0,0.2623520118890081,0.7376479881109919,primary_conservative_holdout_interpretation_sample
20982,21ec6ac854eee8f917234ee9f2c751340228b919121f8c0dfd7c734a57549067964b5a148bb25cc3fdff0336cee709073ecbacd7a3ee3642211129f4e37da36c,N,0,0.23784904317554514,0.7621509568244549,primary_conservative_holdout_interpretation_sample
21006,da9a57e97ca4b602c43f3a7a57cfd99d41de953f15ddd2d09b2a035074f202a1fd221fa6ac610ab5fbeaf6d9d5b2072aaf7d42d680bf50f0bdac2027caecf35d,N,0,0.2649177811334099,0.7350822188665901,primary_conservative_holdout_interpretation_sample
21008,f8621d79a533c1675babf1835b97ca15e7e4ff39723aac415e76904fbf7833282b9fe096e0ae0f8a4246f017a3a48da1d5cc9670c925ad36d2d26b3bdd567d4e,Y,1,0.7698584785999697,0.2301415214000303,primary_conservative_holdout_interpretation_sample
21010,0daea06e094d8d8a8d3268c758c736cebb59a8589646d112c472d8ba20ab7cc30bf059bf521e437157b14ec4729c5c463cebf66f06655882152ff2f81fabb8e7,N,0,0.41156884326135434,0.5884311567386457,primary_conservative_holdout_interpretation_sample
21017,eb3e580b047aeb2a86685c4ee5978d4be63c2c4e86375972ab64ebf0666fba2bd801e10bd71e08c09da5dd9f973f697818259e05d19332fc2bf0b2c73a65a591,Y,1,0.7445499341327476,0.2554500658672524,primary_conservative_holdout_interpretation_sample
21045,32939f6c77b0e74e2bc372ca429a26ef45cd2c2a4f473532284171227456244f40962c52609e77da293f8fef8b69385381a48f0a3b2a2cc960e9a19ae468fe04,Y,1,0.9589122664204972,0.041087733579502794,primary_conservative_holdout_interpretation_sample
21053,e57a3727c021777e06cf9d5d865d0cec6bab606e200a9a080169d2246da7cb04cb98c1a38bfd86b2af2a64652f29ca0d3370f304a60f2b494d8c5b71a9b3523a,Y,1,0.9711717698886052,0.028828230111394793,primary_conservative_holdout_interpretation_sample
21062,934224cf1511e73d796a35963590222ed4b912413b70299f73ee33bed382c0d9df0be81c43563429ef1060a71c57bd6a057dfb505db28ade7b686bada4ea4b8c,Y,1,0.9733363189714608,0.02666368102853922,primary_conservative_holdout_interpretation_sample
21064,1df7b900ffc65199fe21f257870573bd02fa586e059d599719f9a3292d48a7511d86cbaf65b1f328d02cb5ed2079ae10d05053a22926331640e7f6f235a97fd9,N,0,0.1512601897951027,0.8487398102048973,primary_conservative_holdout_interpretation_sample
21088,47f77dcbac68b8353aed8ba90960e869b015c60acc1fb84af443e9e1288874ad7a1ac4c56014d5f109ef821d18ba3ca7f9f97bb4280cc09fc679b30d09f64784,Y,1,0.9575273167554892,0.04247268324451081,primary_conservative_holdout_interpretation_sample
21097,6ab00e0fdf660281be0f30a721edd120a2bc19f6a52ab8fb4ca6cacacd36793c7ade94829d8d161a5b1aa9b98a94674e5c49e041d612babbdacb53b6511249c2,N,0,0.1701301084664876,0.8298698915335124,primary_conservative_holdout_interpretation_sample
21115,6910b3bc6ac1a158d53147166c87bf4b1b6ddb743844464c3c142b05aa1ba5c09c32ddaafa51bed6e63f550b191548d46b820fe7620ed64821b3af80ff23a4bf,N,0,0.29625679324715604,0.703743206752844,primary_conservative_holdout_interpretation_sample
21116,5aa658f8d7388ad5aa416e36bb04d89568e73c29782e595f088fe535e1884a47ab22c1aa027742e829f3098984067e73d7a12cdb4aebe7b1c2dcb7a460ab313c,N,0,0.18737750747292603,0.812622492527074,primary_conservative_holdout_interpretation_sample
21118,3cfcc927d7b1b3ecfc2ea144600fd4add1b29ccc89989b3bb032462e3ecd07b03df202104b6adadfae2e69add5277e22df1fd9d950fd3e6bd9023ebbff6be7a9,N,0,0.22711671191075733,0.7728832880892427,primary_conservative_holdout_interpretation_sample
21137,56b0ac390309394c7705092ba30e49ddf5c9f34d108c47a0aaf15984e13037e8dd4de5030e38de586d91a0407890efbd5851ffd21610b4c23ee1075f6da35fd2,N,0,0.8511241898470612,0.14887581015293883,primary_conservative_holdout_interpretation_sample
21143,d7b295874831b0a076bace0918d29fdb98769f9b5476b8b81e3332ae6d63160542250b83cf34dd2374fb4389e1ecbbece62d8f1bc08f335d8b8f61e8251d6360,Y,1,0.9650901884552274,0.03490981154477257,primary_conservative_holdout_interpretation_sample
21182,b1860f8bbad11120058efd5c1e27eb7dc80c21f84e15d4e6a97dc4b184be6d3bd7d9742a906597d09ee5464cd25d874e66b6c8e9cfdf9c3f0204c3a404e8ff1e,N,0,0.21505556652810132,0.7849444334718987,primary_conservative_holdout_interpretation_sample
21183,fce948224e5e350415b70964d3944cce2a6f065630e10eb78ef052c99f67e62ede5e3b1c4b3b1ac08c6b360e843d24f158970d73d81c77e2393e13ab8b6457e5,Y,1,0.9510192769595919,0.048980723040408125,primary_conservative_holdout_interpretation_sample
21190,8c8c57fadff1bf024e86852a89c0458b7465beed24ea5c73b2d8cf57085cf65291338eecb7080a7c8ed96238cf22b2fdf0d397963af6031e7f64759ea39630de,Y,1,0.5734428013764044,0.42655719862359565,primary_conservative_holdout_interpretation_sample
21194,b1b8c5bb4bb2754be188170c04663b3653e44c542e1ff41208a59ad7e39b361340cb50b0236684a730f6ecaa843138ed7e7ccfb9d433942968ba0710d49c5137,Y,1,0.9780483238520458,0.021951676147954235,primary_conservative_holdout_interpretation_sample
21214,54242af804c4e7beb0e5e484c218b3dea65ea1f135db20605c8ccc0eae58d5bfef0b7e5945ca42eca4420e1f32648bac5f7c7ed89e88bfc3cfd447b47333c994,N,0,0.5734428013764044,0.42655719862359565,primary_conservative_holdout_interpretation_sample
21230,5333b288beb6ff0472ed686f1e3ea47a1acdf09c89ae5885339526f154cf2da3a93ccd042b8ab6ef1d2c18feb8040184baceb7a10ad22eb9bf5f8da21077e77a,Y,1,0.6629318946596326,0.33706810534036735,primary_conservative_holdout_interpretation_sample
21235,a236030928a7c401f073e8c3d617ed3d61c9f1c795403ea98fa2b827916311e18e5d4b8bf768b23e8999d3d001d8ea40ae74729862016db6bc142b2225082d77,Y,1,0.9126977774726639,0.0873022225273361,primary_conservative_holdout_interpretation_sample
21248,a7fe5d91a75dc213ac9c812f055c9018222c74d7443abc79640dcf03dd7ae42ef321f5c8d306e37c9a2a347d36e8f80562a10fecdb16fdb1989055a32538678f,N,0,0.6386618605131266,0.36133813948687343,primary_conservative_holdout_interpretation_sample
21263,12353d0a04fe31bc3cf2884c4f8781d4ad553b464e2bb9bd472f2b5636b81f0fc22105c9bac1c28edfb67bcad49356202b19e52912b3760606c64aa6a2d201e7,Y,1,0.9472033990814872,0.05279660091851279,primary_conservative_holdout_interpretation_sample
21266,65b4598d18d9e3d4f0a806e3efbc95cf0c17485f625508ef1e56083925d8b59ecfe6c54f0136dac5779f505763812dfaa62df1184282994f245a009fb8c9e244,N,0,0.5510240479674905,0.4489759520325095,primary_conservative_holdout_interpretation_sample
21277,23f9cf055e559bd2f2f10e0c5052fa22093b82ae3b7d46d84cd5698c76e61f9df5ad393f214c70708219f652fc2725eb9ad13278d1400924f8ba5f7b54d0ba28,Y,1,0.5987861023761939,0.4012138976238061,primary_conservative_holdout_interpretation_sample
21307,befd3fab0e85c8d0a6ee1a6a73c44fb92a21062235fe85021ef64d9892233af5caa3d9c101baf0440baa3a67b3c8fa15713b51d8b6d2a626c2fcafd359534022,N,0,0.5618227086090439,0.43817729139095607,primary_conservative_holdout_interpretation_sample
21310,d1ef9d0871c68cb2229d3711bf63018306d44c2c30bf7e11607a32de4761241c6ae8c719bbb9b24febd5c2c440ffa98247e45df717922efa61f595346640c9b1,Y,1,0.9437370951340892,0.05626290486591079,primary_conservative_holdout_interpretation_sample
21326,84eb44d73fa0de50828b01c2ef716e1c7d61cfb71ffe97275e38b40505b12b712fb37948d11ac18c81c749e0df46127cc51a23b802f3c67958b8b0b234fa3e16,N,0,0.38971161825981837,0.6102883817401816,primary_conservative_holdout_interpretation_sample
21333,b8968fd0c57365e81e3a7c4864dfe552ae4f1b9391201c462c0f814a0cd422f715f0a6848fca9523b992d35e75762e4314e2c81b63a01f471f0fdb77de52e6b1,Y,1,0.8871562627245944,0.11284373727540564,primary_conservative_holdout_interpretation_sample
21335,1c6a8cfe900bb6782d93f1f151dbbe3549187609740bc7f9d4133a3b7ef9b605ae3456d9f1659fbf545120f1b42e580741b65b5ea15674b846fdd6fc2459f747,Y,1,0.8878133647913344,0.11218663520866556,primary_conservative_holdout_interpretation_sample
21345,2f9dd63f8cfcce0b31fa81e8f8cb84d597acde2cb6f1c3018f344cd015022a1405c64024a0ac8cfea63b7ff7cd920ecbe4620d679841ece94a31ec5415ec8856,N,0,0.24747967042978666,0.7525203295702133,primary_conservative_holdout_interpretation_sample
21353,b89e9585d887b979f4552c4fdb7927a068830a553d75a87ece4aad18416a180e4f80da87f0289cd666dea03ecb6b02920e8398c4370c0eb180e29d9873c095f2,Y,1,0.598908731283818,0.40109126871618195,primary_conservative_holdout_interpretation_sample
21354,9c6b87700aeca1fb9d8ef914b2fc2b21a9df5a9a44029f089c069bea9c5ced753bfbfa59cd237e8d092def272978c6052ffca5c61d573c3a50df9fc939d888c2,Y,1,0.9461221975718719,0.05387780242812812,primary_conservative_holdout_interpretation_sample
21355,f7cec8d26f61049b18f101fd8639dfaca1ebfde79a5b4589b6176ca5e663aa9bbd2d6d5f2e402a36d6fe70af01f123980bfb78bdd9d654edbe31bdf1186aa6d6,N,0,0.7395710465099887,0.2604289534900113,primary_conservative_holdout_interpretation_sample
21379,402cafdbfd754c11654a7c598759765c08c075f4fe52c4576ee9419451f3d44fdaf972c65c9b7bba903a78e444e45808dbd6715f0fe1d5a2bd5449af74feab04,N,0,0.27983414005698865,0.7201658599430114,primary_conservative_holdout_interpretation_sample
21385,0b5141ef2d30d5f15827a1cfcfc067c10c4973320cc813dd77ba40de6d076286917ce310c7c8420c39ef48b5b2f8d709bcd9c409a92850f83cb3a098d72c3c25,N,0,0.3272258983843983,0.6727741016156017,primary_conservative_holdout_interpretation_sample
21405,3a3f1563d881837094be3a32ba59a1c3e13801650e90105b957d1f00274ec8f39e4b581e49bc495916586b80bb51811ffd505a80ed48e69241db0b8070b4e217,Y,1,0.9859709581295338,0.014029041870466163,primary_conservative_holdout_interpretation_sample
21408,df9db0f65e8cf7d7ce6c70b89ff83ecb6e89378e6074e819d11a842ce97f10278d19777ea7caab3450d486eefbc03bce6e0cc025743e44c1ce97bec45e6580f7,Y,1,0.760151821521051,0.23984817847894901,primary_conservative_holdout_interpretation_sample
21456,6ec181efbadb8f6f1402e5d05de141dc35308b55c783aba527aa437eb3f1e1aea38908501f48098f9e3d13cfc0b8d453b932e709bbb5d4b0575a19e89c3d3bed,N,0,0.4195417189746468,0.5804582810253531,primary_conservative_holdout_interpretation_sample
21459,5e3199dfeb882de710b721e56211f04418c237df97b3180348bc5f1b2cda2c7ec7434ea5acaad4535be904f359eff740cf6609f9259801ae8bb3e3bbea10d118,N,0,0.241506802668169,0.758493197331831,primary_conservative_holdout_interpretation_sample
21470,08a5f96771dbeb2ee1e2a7de712266b850a63836bd189ec958cadf203d3d509b0fb5e9332f86ec492ec4a35392ed686df0af8003888960422c63506b714f1bdd,N,0,0.24448682044376555,0.7555131795562344,primary_conservative_holdout_interpretation_sample
21471,dbd342a036498b6f81439b0455350e4bd70ec435c60ad06877a666973c46b056e54333a6c9f5ce8a2ec1efd44cd2d1b65e1e1f6c1694da9cf7aeb4f1fb13a528,N,0,0.26448769902663904,0.735512300973361,primary_conservative_holdout_interpretation_sample
21472,75f3d3085f0306d2c2ea765b6b4152675412edf69a71fc0704abf34457a3e0cf12f4221ff786c844bf4ba867066913bfc0cf305ade1b0c4a6ac324eccb153e7b,N,0,0.5474128107707549,0.4525871892292451,primary_conservative_holdout_interpretation_sample
21475,ed53c3a3a0c7c909875ba79739abbf7ad24ec5afc257c15f7cfec1c992f4bf0c338995c4fa820dd2621292e2bd65a6761a6396d096b8e0cf384233fbba70ce7c,N,0,0.5651322027419271,0.4348677972580729,primary_conservative_holdout_interpretation_sample
21478,b2ff19250862deba18006aefc0598418dbd4944eeedacb28b48f8a53e51f36ee7870787a192a51bbbd55bc753321a008c6e0ad3e1c6bd0d395e77f37bf93617f,N,0,0.3020919592925479,0.697908040707452,primary_conservative_holdout_interpretation_sample
21482,4170880a6e319b31b7093cc8728bde2d25950445b73ecbefac57ff0b1a05bec690c204d9a76714b9314a1b15d647a27f4cd835424806450ed54bef829fa4bf20,N,0,0.8185505103781704,0.1814494896218296,primary_conservative_holdout_interpretation_sample
21488,7c567c0abb6f283b63339ff0c582d7ff348b4856b34da298d19be9f00701b758fe478d9499507b1f1e0079d3248bd2f4440ff9452e9e1bdcafb045e73a0cdf3c,Y,1,0.9157379806166677,0.08426201938333233,primary_conservative_holdout_interpretation_sample
21503,cb7b4c23fe940dd9bf58804c7f5a465631337dca9560eee30c1369548764587b19539ad176c3bd74fbf8412992ecd0c11f2ce6b8a8270add576a46e94c895e6c,N,0,0.3617822745005926,0.6382177254994075,primary_conservative_holdout_interpretation_sample
21550,4f379c50c996146594ac5b3d7f94dcb057f1339d893ca3b7e5e5fdcf7f0a6706ac39967a9ee8dcc940c496b89e93df873ff9a1d1217595279a26b1c7c68fd603,Y,1,0.5246196199692377,0.47538038003076233,primary_conservative_holdout_interpretation_sample
21558,af300e1554fa0cab4a687c1b00573005211b8f14858096d9765221f64e3dbc59d27fa87f777ec4b843e05ab9021469b31127b9ee7db65bb1944dd08f954716e6,N,0,0.6825090102312371,0.3174909897687629,primary_conservative_holdout_interpretation_sample
21560,4ba976246a30083e3586d353c5491e3bbe605bec05130029d22bd65f374d7ff1a36e05f792d19407f30b4f875804bd9e5baaf4918192d16e8d963108092c641c,Y,1,0.950136607632585,0.049863392367414994,primary_conservative_holdout_interpretation_sample
21563,0fd7c11407a033225f78788f826b4b8ed99b85121919b90db3533dd35dc0240ee088942ca3bead9741b37c04d2c94df6901d86d47f00f5a2ea99779c91042e8e,N,0,0.21509475983652426,0.7849052401634757,primary_conservative_holdout_interpretation_sample
21576,578e8123f9908d0c7a3813896c328ad820314a9d536f92fda82115a4ad909412600b5855b064e2db6d95622b942f88ca813cc7949edf48db8b88f79afcb9069b,Y,1,0.7831161576529536,0.21688384234704638,primary_conservative_holdout_interpretation_sample
21580,f4bf08c774e5ff6da90dd8ed3ad9e00ab4c68330b6dd33688e0688c0956a71b91e26c2469c5d1268652f4e8f933f26dfebb550ce0bb16c7c03a76f6bb84b4cc2,Y,1,0.9782853164574468,0.021714683542553237,primary_conservative_holdout_interpretation_sample
21585,3e74e9ec38f3c56f9b7f858c5b1e6dd55de05a9cb2f8a8f58d19da90897c14c0709cbba3e7936f0745f744ef7a43a7e04a281aa2c4a43ae63483572c51fbd41a,Y,1,0.95895978285071,0.04104021714928996,primary_conservative_holdout_interpretation_sample
21606,d9e78302f8031812ad4656ee21bf3db54d3395011b02621ee72103e5012ebd1432ef346e11cfd519da0a3c0191cbefbdb6bf8924a45ab942f4bd30d886fd38b6,N,0,0.5256503168693794,0.47434968313062065,primary_conservative_holdout_interpretation_sample
21616,674e64c3b02d2b6ee3ab08f6e25335d45d3e87067035a0d3214a3ab6919d7df7541d54a689e740ce91531188d6ee185c596b411444986b3e420df8b40f42c2a4,N,0,0.7446570575611274,0.25534294243887257,primary_conservative_holdout_interpretation_sample
21622,63e7d5cb354cfc12fc1976b911b523e249d05c81edd84b79c825ebe7071eb35e5bc170eb24241e6784c4b869122cb6b3a60e6459a6de57428edad3b375647157,Y,1,0.8829310300553762,0.11706896994462379,primary_conservative_holdout_interpretation_sample
21638,82cfcf7a6f59a94bb5e06ab165336c09f4177382173521de0e60db14de5b29aee8d8986a67019b8bd64bcd424ac1a5db0e7ea8e69e97515c2ca0e7af99e0dfbd,N,0,0.6869754499108863,0.3130245500891137,primary_conservative_holdout_interpretation_sample
21640,367b0e503e187cf3d513914ee058dc217b7aaa99616d12d4155eeafa959136d7000af466b4e30b0189785984d771e9f41d4de990faae61d7a88082351be641b3,N,0,0.6580431665981089,0.3419568334018911,primary_conservative_holdout_interpretation_sample
21650,966a874e796c92b1e06e2fa71b6188ffd6b6f1e54e56be0ed5e37b16ce7dafdc208d05534ed54d990d21ffb7b52b8b3f534173119c8af4d692f8dea5ef87a70f,N,0,0.5108798498579868,0.48912015014201315,primary_conservative_holdout_interpretation_sample
21666,f96ba796105dcf2baac26c3368f8063d862416f94375a368402d4e5c65ae09704881e46782a0c5eb4bb7841085b69195bca0693f48d83023b0020a60244ce5a2,Y,1,0.8732512140672771,0.12674878593272287,primary_conservative_holdout_interpretation_sample
21700,449a1536c33a45eac4bc1a3e2c816670c4804a5986997c458e60527b1ef2a6dcca3cb9db14e95059b83c364a440fe5fd17924aedd8d057740104532779b1d156,Y,1,0.8572375102333188,0.14276248976668116,primary_conservative_holdout_interpretation_sample
21703,ca21832dd5865d44cc9858dda900791eed21a957b730859cd251560c9c054ab09af75f1c42912986a39011c5b86c90dba9233a85ab1bf844a15d07b046dfcc6a,Y,1,0.9382857125410299,0.06171428745897012,primary_conservative_holdout_interpretation_sample
21715,a0f7f374b5487e3baded6ca487f17f7ab12a5018dd07959bebce4183b81dcbb65aa0c770d53744157ce31c7218a3d33059873e28448dce6ad6e201ef0afce6e0,Y,1,0.9288979251500866,0.07110207484991338,primary_conservative_holdout_interpretation_sample
21724,6abd578e20f1dd1f0bc1da909907d9e1e09532db3d84415a2b8bc39e79ff97e739797a0d1609201b8341b10ddd863b0453f7f199a31ea532b55a7900a0392b25,Y,1,0.8446111333877859,0.15538886661221407,primary_conservative_holdout_interpretation_sample
21728,05f1b7eae7602ac4eb32457e34f3355c946ad3446141dec2683342432498e8b3bd0e5b272a965114486766e5a517fd750fe8ce85d96c2c51ee7397bd7eed2ae7,Y,1,0.6661555534864194,0.3338444465135806,primary_conservative_holdout_interpretation_sample
21740,d55e68551c9dd6b4449e6e2b66a35a1ba4871b87dc3b32370fc7b9201059923f8af327539754e88a57b89205a2f777dcc8e8416e6ca417df167c4b86b21991b1,Y,1,0.9538760171186809,0.04612398288131914,primary_conservative_holdout_interpretation_sample
21750,80d3139aae6fd1f7dbeda3f3d306ed3169d8bbde73d6ba248eacda5904008ed32a09199a248af6928c0ec6dcd1a0dfd1a3aac2b207d336b01ea59cb75f62a5a4,Y,1,0.951368818959445,0.04863118104055497,primary_conservative_holdout_interpretation_sample
21779,0f41657ce9a8b3c4fdba40caca6ffa84b57fe609aa0b8bd9ae90badc9a897ccd57730f7542fef1935daa2adb08acf3a38fdfb7f8a262b504db3f1da9e6b18833,N,0,0.2498316476883753,0.7501683523116247,primary_conservative_holdout_interpretation_sample
21814,07777c71f38c9b66fa345fa2eb115db6adb6bee25a5be7512f910fe8ec38d6071768dc42fa144c782163634f5ec147474995811a2f389208016ee52fd37d674f,Y,1,0.8294824102232137,0.17051758977678633,primary_conservative_holdout_interpretation_sample
21833,19bc9b89f587d8a6dc3fb01e4358b2161705aefe0d5d94c55be49c329a16f0f239b444926f107a81342124aa2b8fcb986745d0d269f2e1ac98c82174762df4a6,N,0,0.32726952032082496,0.6727304796791751,primary_conservative_holdout_interpretation_sample
21850,4ea9937d9724bb3f046fdf3a331f2f69c0b569be2d9a7ebd9be9fda7ad51a086a5b421560d46fa6be796df57ccc02ec0fb03ea504c5ba2ba3efc34378bf548b5,Y,1,0.45584259765553525,0.5441574023444647,primary_conservative_holdout_interpretation_sample
21897,1b770cf2e83409aca603563ac1ae9d9d09224c936c12fe22dce80585d2913a2fd7927ccb73b7b26ff51c7dec16a159c80e9b1b9a7c963bfc829c9367157085aa,N,0,0.5734428013764044,0.42655719862359565,primary_conservative_holdout_interpretation_sample
21901,f3c42aad234262fcf4cf9d6be85deb06ad067b888ab361d84a0a97cc3829e1497fa9a0db59c02ab7acca1c313c25750b6e421ff90cd9d6f11e31730d40fee7d5,Y,1,0.7443329073203903,0.25566709267960974,primary_conservative_holdout_interpretation_sample
21910,d02b45a89e376b35a1496eec1a8c73bbf429d71345abf7fd4e506da555565e6de05a8e1b81689f30991b39f59d39958e7f3d0c2b4606d980fb3a928239d54da2,N,0,0.7510331173951629,0.24896688260483713,primary_conservative_holdout_interpretation_sample
21948,8ebb3440e88430f2e9518e85000e5142ad763b936267350deb4f8542d936930853932f23d84291496c473a407031c5c2b686c5777c5c46679123cbd09fcf131d,N,0,0.3189741615073847,0.6810258384926153,primary_conservative_holdout_interpretation_sample
21959,618df8887c1ecf949283b0dcf07014f24befb59f28323eea164d771a3ab3097a50ff959404fc5782688eeec68d9cb053cb578bafe574b21af04b5c9c29d5f335,N,0,0.47710872779083946,0.5228912722091605,primary_conservative_holdout_interpretation_sample
21971,1a821bebda3e5737255bad68415288fb71808d591c535926384b1e7ae3811781df650692f3afb3c42654e365ce0e368bf4f8f5dffbda91caaff6e2ac6e359170,Y,1,0.92859444403746,0.07140555596253995,primary_conservative_holdout_interpretation_sample
21975,30481fb50eba10582e5c6104b947e211e54558796ccb9e0d37eafa794fc503ae5c88c861b4a84dfdaa51b8e3ee2b0b0f7d37579081832a5820f84759a871c1ee,N,0,0.7835838472705203,0.21641615272947967,primary_conservative_holdout_interpretation_sample
21989,be9260f371271e7623e20fd723b3add0d3ec843d354c089df45f09dfcef7aa6568cf21418f647114baac31835ec7e276a893c77b16d3680b68e0d7a1a8cfc48e,Y,1,0.9589206840459031,0.04107931595409686,primary_conservative_holdout_interpretation_sample
22002,ed2764d83209ecd742b4ea2ab8de2349bae5b49825b2572ab2e1abb6f15b959699d2c2e3b62fbdb5a9796542bc1906d5d049ff62139e9322ccee61ed5a3fcec9,Y,1,0.9749712871583904,0.02502871284160957,primary_conservative_holdout_interpretation_sample
22006,31d87e315bb8d40391b70ad074b6401ec32e878646cfd1edc73ce83abd099f5a255aa80966ad574b93207d769bc960b9a837c67907d009dc67e64ddf5f61c111,Y,1,0.6537281119498787,0.3462718880501213,primary_conservative_holdout_interpretation_sample
22015,1b47187f0927f3e63b9604f6fe07497d6b23607ba2acc10275704b41b139ce12feb26f98be694822c06e2c781fb5e72a1880057dca80c3b4b88bf4baacb46868,N,0,0.2866348982486417,0.7133651017513583,primary_conservative_holdout_interpretation_sample
22049,868ee517091153eae991105209025c7fca095acb3dd0f607606c19e2465304f1af6fcfb1554df2e64f3948469c70ca5986efef973841df308f681f117a80978b,Y,1,0.889252120701355,0.11074787929864505,primary_conservative_holdout_interpretation_sample
22053,0a70fc89622aee26c284261c8705bc91057a0f78afa68674e72512241c2bcc8ad8235f629cb0aebb1211fa7e5557f1e002050d9a4ff71c3dbcbb0f60dc3591c0,N,0,0.223971425643626,0.776028574356374,primary_conservative_holdout_interpretation_sample
22060,8ec72d21836ba1a8c30e6056167cfb735704965416e424bd35d07f6c2665176f1e76c30d1c5c41d71e3ba5e4b50e758cc7d4e421c126233b35e8a04a867ade04,Y,1,0.38286256153840703,0.617137438461593,primary_conservative_holdout_interpretation_sample
22074,1f259b8a7d77ad67ffc6e3f61d8af4b6ebb02dac1cf8fac69fb73877d29940a01eccbd5c4ea8991a3ce4eca62921d95106005399fcc5ce51ca179a61eb31b51f,N,0,0.27770287953848993,0.7222971204615101,primary_conservative_holdout_interpretation_sample
22079,2b7e67bc196758fccf2b2145895dc710ddd02e0f2342009bb7e33979404d08857a278fa0bd55207e82e7f9edafb82628345c56ae030dda013f4f8ca7fe22217f,Y,1,0.9637856437963066,0.0362143562036934,primary_conservative_holdout_interpretation_sample
22093,1248c1b6b80e6566918a3f6bc4f8ccf64baebbae6fd6baf827df85c6aa29df0be0c54bf9a2fad41a783aa30204a818658ab6ebf24ad8a5f39d63b4896f0e1a1f,Y,1,0.9574587034740097,0.04254129652599026,primary_conservative_holdout_interpretation_sample
22117,2eb9bcdee0c727a138c5f51d0a02b11e5e41190b6643db28cdf23c01a6321996a5b8bfea3044c64c95853bacd6444c003a2a2122a704e3a9f67f31d6bfb9aaff,Y,1,0.9677375641472177,0.03226243585278232,primary_conservative_holdout_interpretation_sample
22121,2a90f68ca008445d4402da4a712ca6b1efeaa4aa94dc800874e8d2234ba2c18bdf97960d1ca6194c84ca00c1f20b2299bb106861d4cb4d82d0559d501c301b57,N,0,0.4848582521422622,0.5151417478577378,primary_conservative_holdout_interpretation_sample
22125,d36d73fbb5983bd3d456d036c4fc786c3ee8453fc872baae592024fff3139b43fb8f8e89e3f0f845dd217000d5c4f6999651abe3d1394d5ba3ad12274aaa42ab,Y,1,0.9202180547888091,0.07978194521119086,primary_conservative_holdout_interpretation_sample
22138,76f7840c585c1103439d796e9e1bc2baa7305cc9a2d824597c188b628249e4a0339c9a826ceebea543801bc9a87c0b889343980a6d2017596a2f60c6cd9f1351,N,0,0.4495203194916266,0.5504796805083734,primary_conservative_holdout_interpretation_sample
22151,37a76f297bbe83b6e17a4b306861b0ea39a655e5393bcf1f2ec317c97cb188e42c73629ff097fd555a35e100ea81fc9415843414dfcaf6669cbdf7a57fe3d6f4,N,0,0.3193817139754973,0.6806182860245027,primary_conservative_holdout_interpretation_sample
22159,1e553b9e750b0f09d1ce6a5198e0f1cd9295aa934e206f24b10e3510d0afe4c1fd7bafde626ceffe0c7357b86eb9f552dbdbdaced3288dc49881b044446da2ec,Y,1,0.8526544884039536,0.14734551159604636,primary_conservative_holdout_interpretation_sample
22163,e0eb3e253c5eb31d60620a45bf07135ae86559765d2813e533f71fac0faa20eb1344980193de02f8aa2c132f5a36778a79c8f9b129456bd2a7e045e419e4724a,N,0,0.3888528117643241,0.6111471882356758,primary_conservative_holdout_interpretation_sample
22167,51c288fccdfa1d5b703f9450bd7970f840f0d15b08609aca50e971ca39c07207ebb0cad8558435b13d7b771bc249910e52563e348c8b7118314344b9892b15f1,N,0,0.24048733806739925,0.7595126619326007,primary_conservative_holdout_interpretation_sample
22182,a31b12fb2f039caeb2d1e8ee4d7cb59034e364871d27b7f7950d001855b258d492957c20d0eac30dba40bdfffec50685be74571f1470e6dc97685cfc136bbd73,N,0,0.2625153405487328,0.7374846594512672,primary_conservative_holdout_interpretation_sample
22186,8ffe123bc144004b6992bb0c3f1ed0e755c5c1c58b2e90c91ab608678a89bdcb67254cf8dcf2225ba58bcaca47893a86e6d20aae06b2d6d45a77eaacc1df7556,Y,1,0.9826183205091037,0.017381679490896307,primary_conservative_holdout_interpretation_sample
22190,1a33d3ace112e35ed54bfde771706bc58e2d7a80eb8724e8d5ec13a14300e6dc4d235b8bb184557c41ac80447ab4eeec74ce88a11dbdac2df5e5b436891f6f62,N,0,0.2505468820137551,0.7494531179862449,primary_conservative_holdout_interpretation_sample
22193,2e0587d3982dbf62ff200e1723a240188d306c549a760ddc1cee37a8e2c645303f1ee04c7699d2b141d92f353a8901fe4d59e43857d485f5080398fcaf094949,Y,1,0.9511251757038718,0.048874824296128216,primary_conservative_holdout_interpretation_sample
22216,0fc528cff3370e467cd5339626a80c035bcd7825d50df20b2a8f152b1398722a5d99983e2fb1c152d118888240c92f44ab011d08273ee3b9bf705d3fa3f31b9d,Y,1,0.9723330050903023,0.027666994909697706,primary_conservative_holdout_interpretation_sample
22226,2dfb7179ca09425d8b13bb248023263a4191fa560c4e76dcae183546dbb450dd46a341a82f3e4692ba20608af1614bf8b26a500f92fea93e67bc4b0d86343d3c,Y,1,0.914905541292596,0.08509445870740395,primary_conservative_holdout_interpretation_sample
22232,84cbc0048bec0f202346138aec838d2753ea8e9db9a1b24661c497394e770a24e96b2aae06db758a72294de96aebe41ea4de779f64743959e51be23f14722792,N,0,0.6480923277856269,0.35190767221437314,primary_conservative_holdout_interpretation_sample
22237,6d8ce07929de81660cd2a0e641b68430e52ab34dd4075fc733f280693df010561db2453e43bd011f6a31e95d5b968a6dcb7050df325815f76c8c9b183a1155c0,N,0,0.31596350857004774,0.6840364914299523,primary_conservative_holdout_interpretation_sample
22255,6a6d7f8af1dd26aad2cd0056fdfc4d2263e0f4df55fa7e0c166d0d7606ffa593185f996adcb0233aae1ecca5c14d810ce50f238cefe1f2d455062919917ad216,N,0,0.2510076945318658,0.7489923054681342,primary_conservative_holdout_interpretation_sample
22257,2823033adfb714e82af5065ebeddee3df7d073643d1f2e82e6278bbd5673f3ce5413d0ba86423050c01ea8a58687afc843be47b6a6b9aad1497ef878aabe8d95,N,0,0.5651322027419271,0.4348677972580729,primary_conservative_holdout_interpretation_sample
22260,02fbfafa65faa5d6f9526f2198e476f6d6bd78c6a62a810826f6384db369b2174da97bc3fde463704c14b74cdd946352f964956daddc347d74035eec28de0e49,Y,1,0.8763633106645458,0.12363668933545424,primary_conservative_holdout_interpretation_sample
22261,2802796ff1b707c085c1d9f18ee390e1d28842ade8fecde19542dca79a497e3fc514151c80684152fd56707e009c65fe5f77c40a4a0b9411ce9eadf198b4fb68,Y,1,0.9620519285998455,0.03794807140015455,primary_conservative_holdout_interpretation_sample
22264,870ea428bee6ac3915787f9c6625532fe641e3122db71e1210c7038fa2647de59d86adba8b0f369dece87b5ae1fc6820dd583482c075dda4c2d8335f3d4f92bd,N,0,0.1576283271311997,0.8423716728688003,primary_conservative_holdout_interpretation_sample
22285,9a3c4e08c836c8c37ef7326093fd643188778c2f75ca8112919484ca5e8b3fd46df63842033855a7c8751858b3b8b70176dcb3f7e6cd75406843d4768a1cedeb,N,0,0.1396364339841194,0.8603635660158806,primary_conservative_holdout_interpretation_sample
22296,1810d6e34ded6d128317674557894a63f1e7299de9bc6f3e25827feeedfa215b8a0b363d53bcfe125d53d64dbbe6fb95253809362e9a40a43f1538f045e771ca,N,0,0.3175058107096321,0.682494189290368,primary_conservative_holdout_interpretation_sample
22298,382347c2e52499c0db919c72bc0f02beb8b1aa991cba4ec62fe62a715fe0c1b3c1b8c12e074f6a5a938d7f94652b2fb1550cb760ecb84990091dca313dd69dde,Y,1,0.9618026003563684,0.03819739964363156,primary_conservative_holdout_interpretation_sample
22301,db336d073cfb9a7912f65f39e91f6bdfdf9adcad0c06cf4c32d96db3e4201bcad4de67ff31081f46a975ceddc14f996b4dc8ebebd823285f96d5433486d16532,Y,1,0.930804517169489,0.06919548283051102,primary_conservative_holdout_interpretation_sample
22321,1b0a1584b71eb15974a900237b339a586598666781d8dcd03cccee800ad3471cd1b7a176579a5f1d8ac98e20cb475afa82f4aa1fbb4bdd649ec671d73045c0d9,N,0,0.9713288550348224,0.028671144965177642,primary_conservative_holdout_interpretation_sample
22326,db9a2e5c1e9f7048fd3ac0cdba2d0018a7c458135966380efbeec27c35e44bef0aa5720755a9ef64a266de6acffce6dfc3c58105acda976b693a7e5d7df0b8b6,Y,1,0.9746855357991321,0.025314464200867914,primary_conservative_holdout_interpretation_sample
22344,19319cb4b3e1391e60cf3d58b4772411a13921934619101edd30223e6c7c08addb255f06f0b5dce8c3692aab7a14db8eb9d076238c88e125fdda5f5bccfea1e3,Y,1,0.9604275755054452,0.03957242449455478,primary_conservative_holdout_interpretation_sample
22347,d1114149f86c726b4ba573f596714c67ad19661c709b16619d696cdda5d28e313c89db409d7be78b48f607cff969e4714725683ea401366c2bbc126a7d137c47,Y,1,0.9721850836424858,0.027814916357514208,primary_conservative_holdout_interpretation_sample
22358,7ee6296e0d791e1e5f75f1c7be2a2b1e6039df5fe65c2097a2f8bd5c1770cb041211b776b2fe9972ca349da56086f86648fb0c93504bac067f1cef70f1cd4d12,N,0,0.2512610456275303,0.7487389543724696,primary_conservative_holdout_interpretation_sample
22372,2a467ff02bbb42d676bfc1525e37e6708543a27b47de365f5f10ca3984e3ad5e75e8795c6437e861db46d20a960932a08c2946f9b6a28cf70b9cd102c6bfa52c,Y,1,0.9359655112089275,0.06403448879107254,primary_conservative_holdout_interpretation_sample
22422,ff5a057be6cf86a240b390baa13d5051d9e67b264c20eb5b2da42c865adeaea3bbe422043408a8a698e4c0c54406df55dedbd769b964eee068e291175b76427c,N,0,0.3553660091862318,0.6446339908137682,primary_conservative_holdout_interpretation_sample
22435,17051a617ea98874edbf942d49ad9672dcd042fe2e1fe82ef9af22a4f00075540f78b3dd88903914eb0ac06f79a5a8aa1bc3f5d0908ec910de30430e7a764f4d,Y,1,0.9642596424671328,0.035740357532867195,primary_conservative_holdout_interpretation_sample
22462,4733d0c917d188b0b9748f26ad857331b504b65910c8360399a46dea8219c8c7bc4ff6ab240b81ddba77c899ba369fc07d0b4d968b6150d98c2c567582c65be4,N,0,0.5635817778493176,0.4364182221506824,primary_conservative_holdout_interpretation_sample
22476,a4f283edd860f065310e69c19561c4f98264ddc53a4d6459b123b4e2299dd86c85c84ca9cc46ce3c42d476bb5d2450d126935cf3980ff22f36b1ad55f5d36b29,N,0,0.5101501450141477,0.4898498549858523,primary_conservative_holdout_interpretation_sample
22508,4e6671ad9f81d925bc2964048ea958eb87d9acf90cc13a697489e2748a77627b6a11661e7053ab78f35a62313c6442b7bff494f759cc6046fd885d6260573294,N,0,0.317247607897738,0.682752392102262,primary_conservative_holdout_interpretation_sample
22521,817c8a098308c02aeb53c87ac5d918b2392a845067600c3245b91f379fae07a9b274fd516de26c669e8c97a3eb05d9db7d429c0ed0f57c0f507353b9f2ffe642,N,0,0.5651322027419271,0.4348677972580729,primary_conservative_holdout_interpretation_sample
22549,a045d30386442301e062643a1edb51edb4631df2f247b2c1b484da70a8cad91e8103af9e8105be869121f5babba1140c36e276bb5bfada17b4fab112d1111c1b,Y,1,0.954142178807828,0.045857821192171966,primary_conservative_holdout_interpretation_sample
22550,0cef942f5bfacaf9998d10dc3329282cd08af09bbda8096ae755873cb8d6dc636643b123f0165134e478b1df8a50eafcac7a6fe8db3f38474a7372c009e00136,Y,1,0.9477252897420693,0.052274710257930734,primary_conservative_holdout_interpretation_sample
22555,244312e47e7f90dd61eef4121c1bebfa7a329e256864c6ab0bb3e797d84a9f5b256db32573039044b83e3ba8644a0d21885fb64c20bb883f62311433c3da4551,N,0,0.4228082398463347,0.5771917601536654,primary_conservative_holdout_interpretation_sample
22574,c8cb1f20eb45b848cc099bb030e0b294aaedc903669b9e85a942dfd268762ffec656c3516f14e7043e6902922c56e39858bbdc661acbce3f36d4eaaba39841c7,Y,1,0.792752021617201,0.20724797838279896,primary_conservative_holdout_interpretation_sample
22582,6717cfe31de6ebf65e8f49a5961a712bdbb6898bd3a3a979def331e1051974d62d6876bddc53ff83863c35b7aa1b5e25faddee05a7a017d0f40c11ab9afceaf3,N,0,0.2910269944498326,0.7089730055501674,primary_conservative_holdout_interpretation_sample
22604,a25949c9b2261174b88871c9e5eea9267b0270127777ef61df57f9c5bed210028497a4017f6cebdb3b459b6f36197c9c200bd27492fc8fd9bb2cefc5d9cfca33,N,0,0.5925206998928659,0.40747930010713407,primary_conservative_holdout_interpretation_sample
22641,80d320fc551c0b2dd200b1c6dff602d1be0807165399558f5b1919e9107211baa935b0724a2815a18b39efff76973fb4d5037a09b87e3a4e1fad09c4daa36302,Y,1,0.6237912784487358,0.37620872155126417,primary_conservative_holdout_interpretation_sample
22655,f6acb3f6a6c4cb3b9074269177b63f49141b620d959b57438cc6fadd926a5dda44eebaf3fd68b58ccd4980a4295ac611178d9f5af9317976bac6273a5ff2d35a,N,0,0.43968598737191833,0.5603140126280817,primary_conservative_holdout_interpretation_sample
22662,46f1fd35e8cae2c2942312686d222dde810740efe95c6a077d220eaf85c28fce49a4c554179bf63ed28874ef07b250e6377b265f08e8651bd3c5c40d55a664cb,Y,1,0.5587125719336229,0.4412874280663771,primary_conservative_holdout_interpretation_sample
22681,c3dfc104eac74638a61b58278abb267f85e464583dae5bc0ed3ff4db7d6783db2137f4f04ea16b2c974ad92fd739dde7d5c35689dbd8f2e0e950b8d20b25660c,Y,1,0.8194573562758378,0.18054264372416218,primary_conservative_holdout_interpretation_sample
22683,ecf39a88530fa661ec398d13576084ff3b4b96d6f92e072e71c0879d3eade9df671e1f8556a2858c453cedc7d532ba872d1420143a55d803eff3b856d9ea3df8,Y,1,0.697414407020626,0.30258559297937404,primary_conservative_holdout_interpretation_sample
22697,97edb5bc3b70f4ac90c5c8bceee9ec92d262c45dfc6d14161cfceebaeb3c03b8e6c0c1b097fca777723fe390974dc89de5950e0c1c9e90a49b2f7db037a37223,N,0,0.2714385962308334,0.7285614037691666,primary_conservative_holdout_interpretation_sample
22714,078bbb4f836984eb505d9a5d4ab058030d4e545000bc298d72e3615f24a51692d7277abe667857581b283d63c4ee818f3c798110e2fb06f3a295d8e655817167,N,0,0.14777166040440332,0.8522283395955967,primary_conservative_holdout_interpretation_sample
22719,af62d6788ec6f82cd4564d2ee7bb1a54ac2a29637cc58c523784d31b080c7237991134cddb6cfd8440e1152f04f81c7b07b5aabff3ae28128d0f4271c90e36f5,N,0,0.5292354044289915,0.47076459557100847,primary_conservative_holdout_interpretation_sample
22746,214ce4ca65509e438e6e84991f5a98a9e9555216ac94f02aad3f0716ac67197fd4c7d9983015ed60e8268d86e5c887483d9e7d83909e2c2db427eaaeb70aac64,Y,1,0.7421384387498016,0.25786156125019843,primary_conservative_holdout_interpretation_sample
22754,9e0b267869edb57baccdf643c8c74b50f18111b5e598b575d09cd36b4ec2c373f9031dc9eea42c5d1639827284c159c07f6ca4a0c0a8efdbd98bb51db82efa6e,N,0,0.44989315982985284,0.5501068401701472,primary_conservative_holdout_interpretation_sample
22790,803d91083d4e8f03336b9eb41da8b501d1dd2bfe10728177d4ae33a81fa8c6ba02a42a1f70afc1aeb86deb37f236794a7013a844e02cc1bae772ad6459c71685,Y,1,0.9360197320182968,0.0639802679817032,primary_conservative_holdout_interpretation_sample
22800,f680d0d510dd67068d436f9ca227cba608bfe8264e7e5e6839080845ee9e543fdfca79238a403146cb9b58ae9c31c045d56e21734bb2086be93f05cbdb476b49,N,0,0.3527334130341809,0.6472665869658192,primary_conservative_holdout_interpretation_sample
22823,19814ecb8f3b88daddfe3085d18ddf77b8fdfee1195628caaeed663b283d7421347a6bab1bd4dbe9a7b9163febd4109deaeb283f4fa854b70b7c2f49a978bca1,Y,1,0.29435918984713233,0.7056408101528677,primary_conservative_holdout_interpretation_sample
22847,257fd7804a1504d0b9c004d33f0f2a398de5e69e4065a692936c9c0cfee9638f44eee25b9905c7d1fbd6bc6c646d341b7b266363f7189531901a0bd7d74b4b42,Y,1,0.7809468260428893,0.21905317395711066,primary_conservative_holdout_interpretation_sample
22859,2ce99193ddaafda1e081510a40ec76f0b3937ee4bec83e6f0d3d1e85963ea3c3d160b7edddf9be0c2b741d1c5a31ca97ccee5938948e4024c8e7f4872a28d40f,Y,1,0.9545765194640248,0.045423480535975225,primary_conservative_holdout_interpretation_sample
22861,ee7cba8f7aeed6a5a70729c873d68b390b167196dbf80728b31446fc168f00bc418ed6083d73508c791efd65f56df221e845337d96f0f29a389c4888990d6700,N,0,0.2997909365088225,0.7002090634911775,primary_conservative_holdout_interpretation_sample
22880,cf8b014005607e6651400e1dc6a5201882f81d5fa1ae50e9fb35e56c378a96ac1f5fa6e375daa185a3c75d41203f1234285ccfdc48eb713791e12b5a53efb07f,N,0,0.4664641986865321,0.5335358013134679,primary_conservative_holdout_interpretation_sample
22883,b18bc871456bd82941be27ef1e8031758f5e7c647fa2c8da0bba39e36aff041f47d15b8cad16e0a646dab528b92e4d3a0bb081da9626109d0438d082db103309,Y,1,0.8730067705519743,0.1269932294480257,primary_conservative_holdout_interpretation_sample
22887,534fa367e09152990bcc1505aaf3188f3f3bc36291386afed3f91d486d32f72b422cc1cfa78ee35d51f0a479afed11cd07290c1e55b8594ccb155eb810476a77,N,0,0.4259352258268937,0.5740647741731063,primary_conservative_holdout_interpretation_sample
22912,6e39ec561d4024b030459616bf3d344f82e68cb98d4deda40447ea3abd0d3e45ec0c73a0370f20f736df9e00fbb5146f35df97b4de4d9caf1e5acbb856edfed4,Y,1,0.9593418408431117,0.04065815915688831,primary_conservative_holdout_interpretation_sample
22915,f9a7c5f0afb675e615cf62f42ac7d38a0549c227c043e24db1a99cf8969ad59df448b6073b6205a8a0dcd39d907ddc0e9211f2f5e6bd50ba4fafa3143fb7dd64,N,0,0.5656093072521422,0.4343906927478578,primary_conservative_holdout_interpretation_sample
22927,305edb31ab0dbaff7942b1b9032e1b3c5bccb255ee9e25af78d93c2c6fe1b8c93b434920d8e11bdcf65cc451f91f917ed58b9328a03fec97233a6ee20dabc3cf,Y,1,0.9289104130667979,0.07108958693320211,primary_conservative_holdout_interpretation_sample
22938,6cd449fe018666fb1f6504e0c39967e05bd6a589f0d87ba1afc2cb6a5ff3845cf0165bd19eaea3f7c39915a5921e17daae3d1a645be75739a551cad694f035a2,N,0,0.3290330564851123,0.6709669435148877,primary_conservative_holdout_interpretation_sample
22957,0472d2e84b66eccc96a9892895c3ddd2061a01b5c934f2214ecec3a5f5048c5e7678a85d7c135c52532116049edaf06d7930a28ed85f655dae6db6fd7a9acad7,N,0,0.5651322027419271,0.4348677972580729,primary_conservative_holdout_interpretation_sample
22959,a7b8e8144c22ea355080e25f55c9c5629f1027b8d1627100dad6542692cb85ab01687f49cad81d12c554788a486f4d73432e5b9fc93bffb83426780115299277,Y,1,0.8333380907094758,0.16666190929052416,primary_conservative_holdout_interpretation_sample
22980,8063ca76b893f2ebf1438bce6a8c52b02d9a0bdfcb72524e078e0fafd2cf07cc56a4e02f5e1815a4a7334d99fb1a2271987a51f89635966989b6a52283c0eaf6,N,0,0.6734528450542976,0.3265471549457024,primary_conservative_holdout_interpretation_sample
22996,94df22e4c5171df6252e30bd5defcbfb6f6bbb4fdd8b02132e7ff2038f6445d08ba142ec98c9d129b90f050a9ee852a319d3a1c38c58e824a055a314e2eb71b3,Y,1,0.8574906654743578,0.14250933452564218,primary_conservative_holdout_interpretation_sample
23008,5a3a0d3f697f81d6f0d8cb9ad01ec944a74d40f6eb91006a084ee1677a2d6ca55f66d3ea75f5c13897746c79b9f4d1f75ad6a9232207e5149de98152502fbc1e,Y,1,0.7278462428566049,0.27215375714339507,primary_conservative_holdout_interpretation_sample
23014,71b02667ed21eb154751ec97b40e9a6a1cc8b41f549a1501c67da8d4fd9aeeaf384c2a7800de896ba275f5fb89045f9a2540c1bca3e1588d2510dd990575710f,Y,1,0.9180319500364802,0.0819680499635198,primary_conservative_holdout_interpretation_sample
23030,3b48a2dfd9a243486241141c7a355a0050fb03f02a8d7f817b21b3d0ce06dfa4ad98e97879f2e4837d101f8056cb9023ebb2589bea4f9c0fc92e6378f91d5f80,N,0,0.6317178577336021,0.3682821422663979,primary_conservative_holdout_interpretation_sample
23048,300cff8e5cad8dcfad4dd0c19be4c283338183c4671cfe14db6704f3d34d0e82b3f940eca31416ce0da419e0ef3c865d4cb9d41bc50f11b6318430c3f32b316f,Y,1,0.7312026795088412,0.2687973204911588,primary_conservative_holdout_interpretation_sample
23052,85f33471e3d2ff8db7c6175522573831d2fb074cc77ccbe951c561e8b89f2f4867d4eda1c4b24e8b9ad11e184faae6e5667de970d875717f155ca01b24464a7b,N,0,0.3695386279582731,0.6304613720417269,primary_conservative_holdout_interpretation_sample
23065,1d756e5d708b195491d2c3fa3db4def9d7c23bf7e20ad366e59b720623c59cc52028d5fad725f75dd57ded95c4c2478fb0bcf51c06b8af94a185e61f1e1238f7,Y,1,0.8819043754671618,0.11809562453283817,primary_conservative_holdout_interpretation_sample
23072,ed798f298a5274acf910a8d2aa96ed7fd792686878885edbb04f3786876f2bf48336940760c42af9f5860e829f823f40f55c316a9aa41ea112b57259cc4020ca,N,0,0.542846542450037,0.45715345754996295,primary_conservative_holdout_interpretation_sample
23090,89adffe9c449f7505e17bc86abaae01fd1e5744128a09249955cdd93377baaf5456af98d45b54fa593dd8b11d1b59eb71b52ddb2d3198f09200e540ddf3c046a,N,0,0.5060489730541117,0.4939510269458883,primary_conservative_holdout_interpretation_sample
23097,18c11997c0b5d03f94c05ff72296be19059d199fafd89132801da40cffac06dc6a7ddc092600ed128a60c9e77c2e54a37c4ebdd1bd250f7573e5447d2ea7dfec,Y,1,0.9387234630248702,0.0612765369751298,primary_conservative_holdout_interpretation_sample
23112,840fc618bed38f039801ee9bb76b5d22c3907d65e5c14214217e148b68aeec190e3072ca99bf5ddb2cf3cb278a61d7b463b6efbc10a638656c8a255848d2b085,N,0,0.3149886294421622,0.6850113705578378,primary_conservative_holdout_interpretation_sample
23115,42df0f110e07011b417009048d134c7c9e03bc19f05bd88f7d69d8d751b1b2c9e3d42ba9c186ad999dc5ada7f8e72a3a643b10d93f02a38cf240d80498dc8070,N,0,0.6338913398656585,0.3661086601343415,primary_conservative_holdout_interpretation_sample
23116,179275ca9d480b717bc4b485d4b531392a39fa61e2a9215fb4b14580c841992214f4e731fb350d482de232bcbbd9b96559e7911bdbf055589aed3c85873689c5,N,0,0.4005653085054486,0.5994346914945514,primary_conservative_holdout_interpretation_sample
23130,0c4a6aeb87e834279ca4ab066e93e8688d55a7538dad59b85e6c7ba47e21b33d5a149fc299f3a6e50f37dc83177bb815237d3e8a360b49c8f56d6e1c1240e1fb,Y,1,0.9652829378811363,0.03471706211886372,primary_conservative_holdout_interpretation_sample
23135,7cb318b434457abe442d943ba53752b5eac04454b5b7de77ff14032a3cbbebf6bf845478af73b4273c180fb9e6c381280df289aa6d3ec8384f616ccd684bfde0,N,0,0.3700608329947698,0.6299391670052302,primary_conservative_holdout_interpretation_sample
23136,c2ddda2464d61e5cbd96c8c07fe7b4cced47f1a738af9df43eb5d0b144930fb5dd08d38c736def63fa4c432156e97cfb41e920159ff202aa06df11c4a9567e15,Y,1,0.8302526250256103,0.16974737497438974,primary_conservative_holdout_interpretation_sample
23145,3caac2bff21cc1572efd5e51bdc6b50b088160cf3a9508f5d0e079055e7cb723cd36d845842099ed5237bf77846d28a5d1c738e2c572ee87018ecaa26016cb39,N,0,0.45828540777873655,0.5417145922212634,primary_conservative_holdout_interpretation_sample
23166,fc81f9395fa995e53a560bd5d35809591efb321e5f25e34247b457bea1d73de58d8d4e2718688221395111bce7dce0c13ce4a390ce1f33c99afd0840c8cb861f,N,0,0.34379109010796455,0.6562089098920354,primary_conservative_holdout_interpretation_sample
23170,751c5667ac264dd29a72ffefff57f3d42ccf8ba822799a9d80f6faec47ff841240a4d553bdb013a0ea3e47ce46841cdf207a74c8b666ee45ccc18b88405543f2,N,0,0.33058807688707215,0.6694119231129279,primary_conservative_holdout_interpretation_sample
23174,4f12813fa0c8551e6cd498ef6d9544038598fb327bc55db81b739040452b99f8b7eefa25552ce06f21bbec56527790ffedcf5f4835f9f57fd869f50d9100713f,Y,1,0.980518740932882,0.01948125906711795,primary_conservative_holdout_interpretation_sample
23182,6b8fd9dd232141d1447cef7f5f5c84e88ed8d05ead873615a9e9d6264e34efbcc79122b053357433020aa9ac6481b2e3eff0706cfecb992fc0fcbe11a66049da,N,0,0.5790817990463346,0.4209182009536654,primary_conservative_holdout_interpretation_sample
23187,e30634a4119b6f2e5753a0f0efe676bb7fcb7cccf4058c11014d566072cb0c767ef41baed5c1786bdb38210bec304337168a61bdfc3410ffeae8dfb824ebd60e,Y,1,0.697414407020626,0.30258559297937404,primary_conservative_holdout_interpretation_sample
23190,f1be914eacb9cf694650974b3796a436da3e4724a024c0bc51d09d52e53162199062364e319b41f0ca0e01eed2cad3c77cca969cc6839a76403501bbc9455a09,Y,1,0.8930801739745231,0.1069198260254769,primary_conservative_holdout_interpretation_sample
23191,bd747fed8a3df167f46f6f7d3b6f4616f4f0078e66ba01b558d30092d05c5e916c070ba7fe455ae66f4572d504d502c045a1564dac32992cdca1611ae6d6f9e5,N,0,0.265986175510757,0.734013824489243,primary_conservative_holdout_interpretation_sample
23202,f0d3d48ed04c1cbf20b3c041c3d25c5ead0c70e48d44997190c629c9338c07ac9ba804843a8b18594782d3512b6ac2d7f2a6a70fcb4397d37f9b7ee509633cf9,Y,1,0.934739642655336,0.06526035734466396,primary_conservative_holdout_interpretation_sample
23212,a41d796a62f5d2d7e12aa1a4c58d84b639041b53c236b073e9b828b9758084fc0d6e8e691b01037e15ea8f5efda64304a8cd87bcd8ef827991dbce179c2b329d,Y,1,0.6728190469857332,0.32718095301426675,primary_conservative_holdout_interpretation_sample
23223,7806e3f8f9916a4820470cb48083fca5b8a1c8a40b21fc33344a21839cc380efe0cb6dc6c5a676ef14591a601eb96aa378c4364b60e8e10d5f93172e2082aaec,Y,1,0.9140240182080316,0.08597598179196841,primary_conservative_holdout_interpretation_sample
23257,94cdbb42b2e20327a9961d24559f77dfb9bc6929a3aeb48a2caa929cc1edf0a299fa2df3fba0221d61e722d612db717c3d65bdad899dc289998cce22b9872700,Y,1,0.9710586689425285,0.028941331057471542,primary_conservative_holdout_interpretation_sample
23267,f5e0d80185e907d5bf58008d4e8c00fb2ba7ded93a134062eddf2c1a7a98a80ad74c961ce9cc83619379adcbd37e611e31eb3b4db1de4f816ad60c0c2449adf4,Y,1,0.7311823971618994,0.26881760283810063,primary_conservative_holdout_interpretation_sample
23268,79a131a071433bbce0464766c87ad36bb2a446a63c6323fdc57ea18ca5dbd1966afbc0a21c9a5ce2c5abe99661c20837e5b0ecfee2f923f4861237805681e3d0,Y,1,0.9774042374733054,0.022595762526694596,primary_conservative_holdout_interpretation_sample
23286,6afbaa8a43f53e3ab1ece2a7e34b68191d9b35abfa4b998d221f984b912f19c37b0568c3bf5fb9c7db39666cb5e7c047de5727bac43651ca735a9a1612ab3111,Y,1,0.9835458046945246,0.016454195305475428,primary_conservative_holdout_interpretation_sample
23287,6e2ab36c738283b98f65eb506519e1ca17f9868d1af3c42fd75eff3f62c30cf514e365cd6c4fc46f5e3e6539829f678727e16550998a9f3c13694f6c9e6361a8,N,0,0.2291499551661727,0.7708500448338274,primary_conservative_holdout_interpretation_sample
23288,86c0921df5794dfea5b4204c7ccc153e29de809b9e321786321c7c2c0ac4a3e374034534dfd088e3c70d5d3c6397f89d5d2eafcee10964e9a2f8e5ec0463675e,Y,1,0.2704011967002337,0.7295988032997662,primary_conservative_holdout_interpretation_sample
23302,7d78ed63c4eb05ff766687c767ce2a7534997c6f0020097424ac7ee0c63f5c1e5fea1ee03feeb224787f0b061ee4a26628442efbac57aa67787d0f5a31faa69b,N,0,0.15436419277296715,0.8456358072270329,primary_conservative_holdout_interpretation_sample
23364,263b6ddbc8a7497fd755ac99766b845e8726888e0935ca5c230a05d1869f02b83f3b9398a07d4cc910fcf87eebb995e8fd85393db0a3e4d70891e43fbd52a12c,Y,1,0.7326981034832822,0.26730189651671776,primary_conservative_holdout_interpretation_sample
23377,8341fb062d95e22aeabb3566f89cdccf3c5e31cef4089d1b4afc37350df9c66cfc56453b2bf50198d980887bc0f55c884f4900f290c28e4f0b6f425d6131ed0a,Y,1,0.8238343725128505,0.17616562748714948,primary_conservative_holdout_interpretation_sample
23396,06e97a748e014d184a991c3d4981c16c9c12f0fc2afc40356124b488c78bd765a76b2a6a45c0c10a62e0d9b979fa62203bc6c4be3a822ab1714757a670047feb,N,0,0.19616735315080258,0.8038326468491974,primary_conservative_holdout_interpretation_sample
23398,c3af51542c2afca28f0bde35d5aa4cb60841b967de5ba10de7055054df11ba1d6e98e313b8d0ddb68bb2d3edd337aa68c984676af6ef5764c7725ba925db8aaa,N,0,0.5651322027419271,0.4348677972580729,primary_conservative_holdout_interpretation_sample
23402,d5d10d9a429b5c2d41692cfe7ef8bcc5ad110b8dc8d413484a9d18de66467df6c57ea4407ce0bd38f68e8c74fb295413a3aa3b595fb679397aca4358060000d7,Y,1,0.9785059693073829,0.021494030692617128,primary_conservative_holdout_interpretation_sample
23424,cc6124e3a233080c4a113a82129549cd9abbd465ba4133ebbe3c2438dc569827362a59e10922746504acb88bbadd5150e5fac4db0c5cc33f65abb38bcf108c06,Y,1,0.9171122176353679,0.08288778236463212,primary_conservative_holdout_interpretation_sample
23427,606c22b2cd0c8a587e836d3748ec511949c73029d07a65e4bd5b98c2546201c523319c019a1de351a18f3189c0e1146da3a7700863f3951a9022ea70fc57f093,N,0,0.16657721499494024,0.8334227850050597,primary_conservative_holdout_interpretation_sample
23457,6f2b18c58ef63f17bdcd24af1106a6f5254eeae9e9983aceafc2e00b1286f0f9316bf77d84df4da99417e10f54e3311cadb6c43ee3b0c15868083d97a7eb0c5c,N,0,0.2500956720007856,0.7499043279992144,primary_conservative_holdout_interpretation_sample
23483,3a748a7e3582ed142db5fd73cfbd9d3fa104176cbb6846d2e0ac060a42506e3144cad3c39d3fa271881c7a35fffb906c12a335fdf044a39cff4e6cf040cb441b,N,0,0.2301109295578675,0.7698890704421325,primary_conservative_holdout_interpretation_sample
23484,f26d896319dda9befe54fbce93bcc24ca17fcf99cdbcba47a79f7ef30499201e7b425eee5d2606f58a74d3b3d86e7f38dbc25ae94dedf1dd49a31e908907d4e4,Y,1,0.9368166200920158,0.06318337990798417,primary_conservative_holdout_interpretation_sample
23497,309f82523a51bbc3a846e3ff198058010f7555817285247bc8442b66aa4d8b83ceca93a305060c7b81fffecdf4720c466d966d0ce05675ef933fc50262b6d28e,Y,1,0.7352186989548657,0.2647813010451343,primary_conservative_holdout_interpretation_sample
23507,9df9aa4f72f0967dfca190871639a63442cc69a9d49403a1fc70254e07edfc33bbe963ccd6b95252bc5422050443689a4fdd0f3941b9dbfeeb4198529cbf85d8,Y,1,0.887208437116725,0.11279156288327497,primary_conservative_holdout_interpretation_sample
23514,5d7cb865b7c52ef29881991bf5acc34df779c3d3d2c37c3ec4e4f712703afb9679937189d9a1277e03b151446806012b6edccd57c494de763f50d93bfdf04873,Y,1,0.6719089394721942,0.3280910605278058,primary_conservative_holdout_interpretation_sample
23542,f7ef6e354a513f32ac570d9026a15013c93245214bc617a706ece6edbfa1e77abc22d55273793ba4d49b39bc99ad97fa51b3193f1a3a76f68919dc5ee7240af5,N,0,0.5941583636217962,0.4058416363782038,primary_conservative_holdout_interpretation_sample
23546,a7479eae93250952ce94329d32d1bd3d0a36d76c2a96d094dbb302ff52f85839005081c43acf3c45a0a7543af2051c76f388f62d67b3450e7c77b8183c320b41,Y,1,0.6110420251610791,0.3889579748389209,primary_conservative_holdout_interpretation_sample
23547,15bdfe5c96d2185d8f9e0ed4690235ce2cd38de8fd39c3fe02e1b4f40dfb5f6bafab799748bce45cfe739b40a631bde11c969a0c94642aa26bce3ffea9fcfc18,Y,1,0.6593391395636738,0.34066086043632615,primary_conservative_holdout_interpretation_sample
23564,38ef370142d9da881363514998115b8cd6831d2884d96c3a1cbe62caad3ac30507b8ed5add5b35dd5327550a1fe752c0e6756f7b41661003c2cac6529638b033,Y,1,0.9669102328869617,0.03308976711303835,primary_conservative_holdout_interpretation_sample
23579,0bdc06dcb10b3ce8e58493e08d907d88311ed21b351572d838b39b8d4c78c99f829f9b09a32907bc4e19540ddc8b15eabc386d68bf966606db79faa65ab3c32e,N,0,0.30407730305458897,0.6959226969454111,primary_conservative_holdout_interpretation_sample
23601,db5eef60fce33af98f21e1dd5422f6364e7c3da68b669bb75edca1d57296bb5869907a26db81fd5dedfe1ea91f51e6a0e6b36ad13353d2fe143c8240d4103882,Y,1,0.8943564329851947,0.10564356701480526,primary_conservative_holdout_interpretation_sample
23612,ec232d20ce718c23d4a253656974ac353f221500e01e1ae8e7db07bb08249f41d53d4e6643e8ae0757564bc93e96247ef98b72fd5a5300b72579b80c8801dd2f,Y,1,0.4009181477778141,0.5990818522221859,primary_conservative_holdout_interpretation_sample
23614,a1e120bef1cf78b801d6e9ec5d64fa3ac5bda7e8d7387d5bb4a7336e860d9e09ddd383fb26c0404d72be7226029c4f6e8262c988b511b45c307a9923ec876e90,N,0,0.23212448148995168,0.7678755185100483,primary_conservative_holdout_interpretation_sample
23618,5ff84c88a96b661423a5d0e0ea4fc4f2120501c9c7a1f6c9b428e30eb7b36a3caf35790f2f6f458f0a8d2e8deea36196b9bb773e80deb1a8ebba9e9b7541f5a5,Y,1,0.985122615231203,0.014877384768796964,primary_conservative_holdout_interpretation_sample
23630,f7463f29c8e99040256d01faa830b04c24827088afb36e2ec253b7d9ff48b93b017eae017e3ef7c8d2e76103a87352802d035a7e67c60e4fb3b801f9e192faa4,N,0,0.7179638985375876,0.2820361014624124,primary_conservative_holdout_interpretation_sample
23665,8614ac54d65af6dfc528d288ab406c5c6b711139396cd6ebc4bbedf4b50fcc01019dcca6e26208f1ac54c1fa85baa8db3f22dd834f78cebc7b8004890d016a26,N,0,0.6063834865233126,0.39361651347668736,primary_conservative_holdout_interpretation_sample
23679,386c23e0643b6bd05b4c7624f77f829aa382bc94c2fc48f7581753b13a74a6545bf67446f3fb8d0a85a143da5ae3d0b13b2f44eedf9edb5101d8ef0f590074bd,Y,1,0.7450166241549253,0.2549833758450747,primary_conservative_holdout_interpretation_sample
23688,be3ce0fd21edfd6eae8285ab07e3a6a6b262a5b066626e0c7600a64ab1228285da26fdf2b1aa34b1008ed3d8c68efd27ba7cba460df4d027e754adce0d63c59d,N,0,0.2687308529152138,0.7312691470847862,primary_conservative_holdout_interpretation_sample
23699,a8b4782e55dea045c3ad129bf07e2b4fe73f995941ce410f6cd4c8b412703fde72ed1e1847d5cab7eb6bf54325f5c7701920027a55c0c5113e712d43b883fccf,Y,1,0.9345369917911801,0.0654630082088199,primary_conservative_holdout_interpretation_sample
23702,2565ecdf788f6acfc9b615487ecae5880bfaea8bd3c51eb44a6aa1cdd255ce97243f0cccf0b67a31e214d9ef67f425f675322884fcc8b5af166274fd129b159b,Y,1,0.8399091271895776,0.16009087281042245,primary_conservative_holdout_interpretation_sample
23707,9f6133963b236b4065db7924aa82afead23ceb12028712fad958c5775160e8b01ccef12c716f201cf271ea2c33953ed5f3b575e229abc24ce2f5b42a4df24059,Y,1,0.6661555534864194,0.3338444465135806,primary_conservative_holdout_interpretation_sample
23711,a79cd68165e52704d10af6fbd99f478ea3b699c288fc9c3c76b131d5ca9ad0fab3ea3f6bbf074cec0d7d95bf056b9932904be8076237846c2c17083f8b19adaa,N,0,0.7053005748778954,0.29469942512210456,primary_conservative_holdout_interpretation_sample
23733,5c2609c0f0405330887bbdd3bf2b9312e0feecc994a410630eaf588e8512e8eb53c8f79db4fd30f3014b3730007f57dcf6b78277333a4ced05a4c2d326199c0d,N,0,0.21712545386183374,0.7828745461381663,primary_conservative_holdout_interpretation_sample
23736,68ea660caff1fd1cea5284139beebdcc4f8a659b31568985582c2d8cf407558315b893d8cc250f41008449bedef253f48c90846810f6ca876571571522656974,N,0,0.6012174789777974,0.3987825210222026,primary_conservative_holdout_interpretation_sample
23778,7099374ce763e39a7bbdfca719744c11d186fe3216ac148caf1035cf202097b1bd6797cf109b67fbfa0b6db6c3d6e807d5a80eefe74c92b596eeb35271bd49d3,Y,1,0.9827411444554814,0.01725885554451856,primary_conservative_holdout_interpretation_sample
23788,62236830764891c87754f3d80eb4ed0c87510f8ffb27e41b8210d111e517a0ee85fb9771a78dbc8f8ac6698c7fb381700a91d7ac29a4b29a3d973cb0744d5848,N,0,0.23579035952304633,0.7642096404769536,primary_conservative_holdout_interpretation_sample
23795,1bb76e0ec624b2fd6c19629c417ab66659096a900f15f9ed20690c58f3c336434c429201f178d187adbd6f5e0de9cced21630dbfdee5306e086309340e4aef53,N,0,0.157934741192177,0.842065258807823,primary_conservative_holdout_interpretation_sample
23839,c6a8411b23793dfe502b77a41c775cdd0d04a304982049004174acf938eca8c3d4f07ed487a5f9e7a7ba6f34823939458f9991d1fe705e462bcb70cca50c7425,N,0,0.18064183847458276,0.8193581615254173,primary_conservative_holdout_interpretation_sample
23862,8ae4dcebd792d95969ee152a473b1b077da0d148b9b3cc76009ad8cbff154d2fa8d042938392c22adb007ff8dca132c4da02d4a01a7dcdab1c0c0b4605912d35,N,0,0.760151821521051,0.23984817847894901,primary_conservative_holdout_interpretation_sample
23889,599e0a1f96b6e49ee4142495b6705ca366ecd7583cf329ac2ff6f646e24e03474f222a853840e0b194515322a9e952d0e9461671f2be54968830369af0731b18,N,0,0.3451863524435741,0.6548136475564259,primary_conservative_holdout_interpretation_sample
23892,f8f3c4538126e88d678fe94deea17fd23c53e53148304dc866a6d8515670039a5d2731b10303c3c81f659a0baa85481f982a9dfbb5b44bd5a28b28bf4ea738e9,N,0,0.4715532481685176,0.5284467518314824,primary_conservative_holdout_interpretation_sample
23899,53ce06a0eb2c9f96ee5683e5fe5c6346c07706f0f45e16d2069bc36807aac2e3c22288ab6469f6e95dad6da54b74be5f9f203b93b5b2ec065617783a5fb1cdf5,Y,1,0.9437851765639633,0.056214823436036676,primary_conservative_holdout_interpretation_sample
23908,d7ffd63f78555df57200ee45dd7f694bafdf90c52edb060aba3546ffadd80670db73313630d9718457fc0217d7a908376a6edf08f12d295085c9acd762ced7f3,N,0,0.5009563372371019,0.49904366276289813,primary_conservative_holdout_interpretation_sample
23966,cc8889e3f65c9d3d142690ddf5d79476ab3675299c0d658ca7c575ab4d704aceec05711287aee94fcadf6c0bfafb73953ce5137e67ccdd92c382ffd05f3b0759,N,0,0.7282407154620013,0.2717592845379987,primary_conservative_holdout_interpretation_sample
23967,488d4d61917484a0d1be739c33fba0edaf03f0e183fc91003583efd93c0f44ff3e443aa05e3b673ee89f0afe66b7a42bf4bd1a80efaa067cfbb3f31692bd5d8b,N,0,0.20329473926222533,0.7967052607377747,primary_conservative_holdout_interpretation_sample
23983,bcf0e22744e7dd098dac6903e6d15b6ad389712c1ef7c04b6254aee7576e380bfcec74380c31ddbdcbf050d1011e2b3496435a9482329ba8824f63f39e90205f,Y,1,0.888769398137194,0.11123060186280598,primary_conservative_holdout_interpretation_sample
24010,212531861e3ae11c9867482cf139f2b0934ebc57fa6536dba87aa68b7d8ec7f647c6bdf62c710d3d92b9115a1fbc96c7cfcb4cb04fddd9c2628a633567ff7b3a,Y,1,0.9846980043075053,0.015301995692494685,primary_conservative_holdout_interpretation_sample
24048,e94582c9a30bf956495befa4c8882ff608a5bf35d7814c88ea2c07147936d81af1bd5e2488b4aa5e0a0ea663975e23a898d95a6f3e8d64ba21fc02df79cd9b30,N,0,0.6008643455608902,0.3991356544391098,primary_conservative_holdout_interpretation_sample
24063,77dc2f08b612ebbcff62245926681b59d0521c166a6e65bc18fc5797d7a0e27a61d3387bc969d8d63dc09d057ad33d1c5ee07629981e9307424ad5c4fa3c7ad3,Y,1,0.9615197046150471,0.0384802953849529,primary_conservative_holdout_interpretation_sample
24073,4821b71511e4f9d623bb7057b6368af0352f74e6cb50428eaa9e8385420c877a421b1a38f840bc1888df372a48765b2b17fcd11c59af5cd0997eeb7e5b1f24a0,N,0,0.3667867207113149,0.6332132792886851,primary_conservative_holdout_interpretation_sample
